seq,times_elapsed_secs,rtt_ms,lost
0,1.00000761449337e-06,0.3564999788068235,0
1,0.012890041980426759,0.18108304357156157,0
2,0.025607749994378537,,1
3,0.13921812502667308,,1
4,0.2519074170268141,0.4362499457783997,0
5,0.2632072920096107,0.3811659989878535,0
6,0.2761347920168191,0.2230409882031381,0
7,0.2885189999942668,0.3066249773837626,0
8,0.30006716697243974,0.2979160053655505,0
9,0.3118494169902988,0.33916602842509747,0
10,0.3247367499861866,0.1812500413507223,0
11,0.33717079198686406,0.257332983892411,0
12,0.3499987079994753,0.2375839976593852,0
13,0.3627994579728693,0.21241704234853387,0
14,0.37558687501586974,0.20416697952896357,0
15,0.38818662497214973,0.23795804008841515,0
16,0.4003336669993587,0.1575410133227706,0
17,0.41064829198876396,0.15054101822897792,0
18,0.42333337501622736,0.1609169994480908,0
19,0.43601558299269527,0.14208402717486024,0
20,0.448677750013303,,1
21,0.562304083025083,,1
22,0.6734774169744924,0.32533303601667285,0
23,0.6863502499763854,0.18991704564541578,0
24,0.6990692079998553,0.15958398580551147,0
25,0.7117494579870254,0.14237500727176666,0
26,0.72443254198879,0.2471249899826944,0
27,0.7374640419729985,0.2993750385940075,0
28,0.7503198750200681,0.16887497622519732,0
29,0.7630595419905148,,1
30,0.8755846249987371,0.3996670129708946,0
31,0.8885499999742024,0.21454202942550182,0
32,0.9009246670175344,0.16329099889844656,0
33,0.9131049580173567,0.20537496311590075,0
34,0.9258412920171395,0.1885409583337605,0
35,0.9385542920208536,0.19925000378862023,0
36,0.9512791670276783,0.19191595492884517,0
37,0.9640059170196764,0.15437498223036528,0
38,0.9766805419931188,0.14349998673424125,0
39,0.9893429580261,0.14695897698402405,0
40,1.0020118330139667,0.15899998834356666,0
41,1.0146914169890806,0.13895798474550247,0
42,1.027356625010725,0.15962496399879456,0
43,1.0400381250074133,0.1532919704914093,0
44,1.0527119580074213,0.14620897127315402,0
45,1.065377291990444,0.1426659873686731,0
46,1.0780426249839365,0.12562499614432454,0
47,1.0906850419705734,0.13512501027435064,0
48,1.1033380000153556,0.13574998592957854,0
49,1.1159908749978058,0.13816700084134936,0
50,1.128641957999207,0.1335840206593275,0
51,1.141293000022415,0.15258300118148327,0
52,1.153962166979909,0.1289580250158906,0
53,1.1666064580203965,0.13224995927885175,0
54,1.1792826249729842,0.22650003666058183,0
55,1.19208599999547,0.2085419837385416,0
56,1.2048336250009015,0.15249999705702066,0
57,1.2175067079951987,0.16591697931289673,0
58,1.2301836250117049,0.11783296940848231,0
59,1.2428205420146696,0.1521660014986992,0
60,1.2554899170063436,0.14387501869350672,0
61,1.2681497079902329,0.13766699703410268,0
62,1.2803641249774955,0.1319580478593707,0
63,1.293019375007134,0.14245801139622927,0
64,1.3056870420114137,0.16141601372510195,0
65,1.3183979170280509,0.15187496319413185,0
66,1.3298987920279615,0.19624998094514012,0
67,1.3426380419987254,0.24295801995322108,0
68,1.3550334579776973,0.18637499306350946,0
69,1.367769957985729,0.13887503882870078,0
70,1.3799131250125356,0.19829196389764547,0
71,1.3915828749886714,0.1971669844351709,0
72,1.404314916988369,0.22475002333521843,0
73,1.414642832998652,0.19166700076311827,0
74,1.4263017500052229,0.18195802113041282,0
75,1.4388342919992283,0.34620799124240875,0
76,1.4517371249967255,0.3507499932311475,0
77,1.4632885419996455,0.462208001408726,0
78,1.476299249974545,0.5750000127591193,0
79,1.487686374981422,0.45608304208144546,0
80,1.5000897080171853,0.19824999617412686,0
81,1.5128195830038749,,1
82,1.626519042009022,0.4841249901801348,0
83,1.6388319170218892,0.2822499955072999,0
84,1.6502885830122977,0.2268339740112424,0
85,1.6630668329889886,0.26383402291685343,0
86,1.6758862499846146,0.24666701210662723,0
87,1.6876740420120768,,1
88,1.8014005420263857,0.5174579564481974,0
89,1.8133268330129795,0.4020420019514859,0
90,1.8263032920076512,0.4799999878741801,0
91,1.839364250015933,0.5667919758707285,0
92,1.8515889170230366,0.5114579689688981,0
93,1.8649564170045778,0.5458329687826335,0
94,1.878116666979622,0.5882910336367786,0
95,1.890994250017684,0.6552079576067626,0
96,1.9029328749747947,0.7624580175615847,0
97,1.916355499997735,0.6896249833516777,0
98,1.9296687919995748,0.7801660103723407,0
99,1.9430708329891786,0.6990419933572412,0
100,1.9545537080266513,,1
101,2.0680827500182204,0.4450419801287353,0
102,2.0799319579964504,0.44537498615682125,0
103,2.0929567079874687,0.441916985437274,0
104,2.1059791250154376,,1
105,2.2198037920170464,0.4890830023214221,0
106,2.2328555830172263,,1
107,2.346435333020054,0.5689169629476964,0
108,2.359590667008888,,1
109,2.472574000013992,0.5441670073196292,0
110,2.484994624974206,0.47254201490432024,0
111,2.498043042025529,0.3352499916218221,0
112,2.5095405830070376,0.31887501245364547,0
113,2.520470999996178,0.33895799424499273,0
114,2.533362250018399,0.3067500074394047,0
115,2.544389458023943,,1
116,2.655768624972552,0.3588750259950757,0
117,2.667262832983397,0.37558400072157383,0
118,2.679348708014004,,1
119,2.790905333007686,0.6199170020408928,0
120,2.802155458019115,0.2644169726409018,0
121,2.813324582995847,0.21120900055393577,0
122,2.8260716249933466,0.18254201859235764,0
123,2.838775207987055,0.14104199362918735,0
124,2.8514347919845022,,1
125,2.9651074999710545,0.5292920395731926,0
126,2.978230667009484,0.3714999766089022,0
127,2.9911734579945914,0.3759590326808393,0
128,3.003815250005573,0.3445419715717435,0
129,3.0167141249985434,0.3792080096900463,0
130,3.0284675830043852,0.34008402144536376,0
131,3.0413587919902056,0.48212503315880895,0
132,3.0538327079848386,0.4629170289263129,0
133,3.0668570830021054,0.3939999733120203,0
134,3.079809207993094,0.3396670217625797,0
135,3.0922653329907916,0.3107920056208968,0
136,3.1042474170099013,0.3334999782964587,0
137,3.117124499985948,0.3177920007146895,0
138,3.1299860419821925,0.3197499900124967,0
139,3.142860667023342,0.3256659838370979,0
140,3.1542463750229217,0.2912499476224184,0
141,3.165029958006926,0.3409999771974981,0
142,3.1779182499740273,0.3435000544413924,0
143,3.1892426250269637,0.43174996972084045,0
144,3.2002125830040313,0.34675002098083496,0
145,3.212065832980443,0.4437090246938169,0
146,3.223617582989391,0.466209021396935,0
147,3.235326708003413,0.2864999696612358,0
148,3.248179208021611,,1
149,3.3620548750041053,0.5288749816827476,0
150,3.3751493750023656,0.3108750097453594,0
151,3.3879964579828084,,1
152,3.501703042013105,,1
153,3.6156015419983305,0.6202500080689788,0
154,3.626408291980624,,1
155,3.7384118330082856,0.651167007163167,0
156,3.751638624991756,0.4374170093797147,0
157,3.764674542006105,0.38416602183133364,0
158,3.777570582984481,0.4266250180080533,0
159,3.7889286249992438,0.4562920075841248,0
160,3.8007507920265198,0.41324994526803493,0
161,3.813740500016138,0.362291990313679,0
162,3.8266600419883616,0.21600001491606236,0
163,3.8381287080119364,0.28966699028387666,0
164,3.8509614170179702,0.2358749625273049,0
165,3.8637415830162354,0.28904195642098784,0
166,3.876568457984831,0.24620903423056006,0
167,3.887675791978836,0.27000001864507794,0
168,3.900502457981929,0.31158403726294637,0
169,3.9133599170017987,0.37237501237541437,0
170,3.926275749981869,,1
171,4.0376812079921365,,1
172,4.149641541996971,0.3060830058529973,0
173,4.162147458002437,0.24525000480934978,0
174,4.174930542008951,0.2810829901136458,0
175,4.187786791997496,0.3489580121822655,0
176,4.200703707989305,,1
177,4.312171624973416,0.4220830160193145,0
178,4.325185000023339,0.22783299209550023,0
179,4.337637291988358,0.13929099077358842,0
180,4.348811291973107,0.19904103828594089,0
181,4.361547583015636,0.19200000679120421,0
182,4.372566999983974,0.26370800333097577,0
183,4.385376041987911,0.2842909889295697,0
184,4.397810916998424,0.24716602638363838,0
185,4.410189250018448,0.26845798129215837,0
186,4.421747250016779,0.5424169939942658,0
187,4.43485416698968,0.3909579827450216,0
188,4.447815958003048,0.4947090055793524,0
189,4.460882166982628,0.46729104360565543,0
190,4.471800541970879,0.3748750314116478,0
191,4.484736624988727,,1
192,4.597806042002048,0.37291599437594414,0
193,4.610122166981455,0.29208301566541195,0
194,4.620471332978923,0.16087503172457218,0
195,4.633180291973986,,1
196,4.746227541996632,0.42708299588412046,0
197,4.758076958009042,0.16908399993553758,0
198,4.76986520801438,0.35087496507912874,0
199,4.78160345798824,0.6165420054458082,0
200,4.794110917020589,0.5200000014156103,0
201,4.807292792014778,0.5553750088438392,0
202,4.819009625003673,0.3344580181874335,0
203,4.8305417919764295,0.24925003526732326,0
204,4.84337662498001,,1
205,4.955008707998786,0.33045897725969553,0
206,4.965678167005535,0.27895800303667784,0
207,4.978487375017721,0.2731669810600579,0
208,4.9912915420136414,0.3108750097453594,0
209,5.003906292025931,0.29033300234004855,0
210,5.016762499988545,,1
211,5.127724541991483,0.24929101346060634,0
212,5.1405108330072835,0.23270898964256048,0
213,5.15355400001863,0.5217079888097942,0
214,5.166315792012028,1.302290998864919,0
215,5.177734167024028,0.2638750011101365,0
216,5.190542833006475,,1
217,5.302833374997135,0.4837500164285302,0
218,5.3147899999748915,0.4531670128926635,0
219,5.32714125001803,0.3017919952981174,0
220,5.337646625004709,,1
221,5.450655292021111,0.4801249597221613,0
222,5.462877625017427,0.468374986667186,0
223,5.474699500016868,0.23987499298527837,0
224,5.486935042019468,0.35683298483490944,0
225,5.499877457972616,0.3896670532412827,0
226,5.511593625007663,0.26950001483783126,0
227,5.524386291974224,0.18487503984943032,0
228,5.53706687502563,0.4136249772273004,0
229,5.550071500008926,0.38845796370878816,0
230,5.5609660419868305,,1
231,5.673984707973432,0.5683750496245921,0
232,5.685011291992851,0.5797499907203019,0
233,5.698160832980648,0.49620901700109243,0
234,5.7106708330102265,0.5962089635431767,0
235,5.721939333016053,,1
236,5.836436167010106,0.46091596595942974,0
237,5.848176541971043,0.2877080114558339,0
238,5.8600907499785535,1.1427500285208225,0
239,5.874186167027801,0.47291599912568927,0
240,5.887213832989801,0.42637501610442996,0
241,5.8980839580181055,0.530291988980025,0
242,5.910060083027929,0.5078339600004256,0
243,5.921087292023003,0.5179159925319254,0
244,5.934174916998018,0.4835000145249069,0
245,5.947237958025653,0.29141694540157914,0
246,5.960085417027585,0.2605409827083349,0
247,5.970909458003007,0.21141697652637959,0
248,5.982325166987721,0.34258299274370074,0
249,5.994412000000011,0.2791670267470181,0
250,6.00625737500377,0.3482080064713955,0
251,6.019165041972883,0.29495800845324993,0
252,6.029891624988522,0.3915420384146273,0
253,6.04287220799597,0.47687499318271875,0
254,6.053929958026856,0.282666995190084,0
255,6.065087832976133,0.2716250019147992,0
256,6.076109417015687,0.4297079867683351,0
257,6.088006625010166,0.33466698369011283,0
258,6.099399707978591,0.16662501730024815,0
259,6.110738750023302,,1
260,6.224464249971788,0.5405000410974026,0
261,6.237159750016872,0.4509169957600534,0
262,6.250268707983196,0.5836249911226332,0
263,6.261706624994986,1.7184580210596323,0
264,6.2760360420215875,,1
265,6.389947874995414,,1
266,6.503744916990399,0.5594579852186143,0
267,6.516920374997426,0.6542920018546283,0
268,6.530175374995451,0.5772080039605498,0
269,6.5433285419712774,0.47816603910177946,0
270,6.555159666982945,0.45900000259280205,0
271,6.568183000024874,0.234166975133121,0
272,6.58096462499816,0.36937498953193426,0
273,6.59273774997564,0.4651250201277435,0
274,6.604620166996028,0.43958297464996576,0
275,6.615982000017539,0.42399996891617775,0
276,6.6289759170031175,0.46754098730161786,0
277,6.64135162497405,0.6782080163247883,0
278,6.6564202919835225,1.1009160079993308,0
279,6.670071791973896,0.2828330034390092,0
280,6.682889792020433,,1
281,6.796555791981518,0.3207499976269901,0
282,6.809425125014968,0.25895796716213226,0
283,6.820803457987495,0.24016702082008123,0
284,6.833581292012241,0.2419580123387277,0
285,6.846361999982037,0.246542040258646,0
286,6.859152082994115,0.25695899967104197,0
287,6.871946625004057,0.1919170026667416,0
288,6.884678042028099,0.19449996761977673,0
289,6.897393791994546,0.17695798305794597,0
290,6.910101958026644,0.2132919616997242,0
291,6.92325766698923,0.5285830120556056,0
292,6.9363565830281,0.5203339969739318,0
293,6.9494622080237605,,1
294,7.063345499977004,0.5117920227348804,0
295,7.075869125023019,0.3155419835820794,0
296,7.089766875025816,0.5071669584140182,0
297,7.102832374977879,0.23395800963044167,0
298,7.115614124981221,0.2573750098235905,0
299,7.128402333008125,0.21416699746623635,0
300,7.141139583021868,0.17179199494421482,0
301,7.153845291992184,0.17791602294892073,0
302,7.16656033298932,0.2203750191256404,0
303,7.17931962502189,0.24629198014736176,0
304,7.192107042006683,0.19187497673556209,0
305,7.203779625007883,0.1866249949671328,0
306,7.216510874975938,0.21237501641735435,0
307,7.229257958009839,0.15237496700137854,0
308,7.241964749991894,0.3523330087773502,0
309,7.254376332974061,0.3256670315749943,0
310,7.2672533330041915,0.3670419682748616,0
311,7.279885291995015,0.524458009749651,0
312,7.292972124996595,0.3986249794252217,0
313,7.304312583000865,0.578042003326118,0
314,7.317448124988005,0.5190420197322965,0
315,7.329834208008833,0.4199590184725821,0
316,7.340705666982103,,1
317,7.45417375001125,4.182250006124377,0
318,7.470508957980201,0.4246670287102461,0
319,7.483510833000764,0.4949169815517962,0
320,7.496328875015024,0.4931669682264328,0
321,7.508889458025806,0.7209169561974704,0
322,7.5209339580032974,,1
323,7.634688500023913,0.6057919817976654,0
324,7.646607999980915,0.7767080096527934,0
325,7.660047708021011,0.36979198921471834,0
326,7.672436291992199,0.3546249936334789,0
327,7.685347541992087,0.2555830287747085,0
328,7.6964772079954855,0.3349590115249157,0
329,7.709366582974326,0.31400000443682075,0
330,7.724213875015266,0.3696249914355576,0
331,7.737156082992442,0.32033398747444153,0
332,7.750037833000533,0.3081670147366822,0
333,7.761009250010829,0.3184580127708614,0
334,7.7738990419893526,0.37995801540091634,0
335,7.786841332970653,0.39595901034772396,0
336,7.799803583009634,0.395249982830137,0
337,7.812766749993898,0.42441702680662274,0
338,7.825754957972094,0.41016703471541405,0
339,7.83715683297487,0.42620900785550475,0
340,7.850143457995728,0.5017920047976077,0
341,7.863351624982897,1.0375000420026481,0
342,7.875596583005972,0.4122090176679194,0
343,7.890640750003513,0.6967079825699329,0
344,7.902922749985009,,1
345,8.016435457975604,,1
346,8.129838874971028,0.5967080360278487,0
347,8.142672542016953,0.41329098166897893,0
348,8.154198458010796,0.43270899914205074,0
349,8.167204874975141,0.5444170092232525,0
350,8.179836000024807,0.42470794869586825,0
351,8.192817708011717,0.4021669737994671,0
352,8.205288500001188,0.3535000141710043,0
353,8.218192750005983,0.38341700565069914,0
354,8.229510042001493,0.390874978620559,0
355,8.242492916993797,,1
356,8.354966333019547,,1
357,8.468723792000674,0.3756249789148569,0
358,8.479824499983806,0.27237500762566924,0
359,8.492631624976639,0.282666995190084,0
360,8.50546154199401,0.2603750326670706,0
361,8.518261749995872,0.2541670110076666,0
362,8.52982079202775,0.20812498405575752,0
363,8.542563499999233,0.2228749799542129,0
364,8.55531504197279,0.17345801461488008,0
365,8.5680145000224,0.21012499928474426,0
366,8.580768458021339,0.4326250054873526,0
367,8.593793582986109,0.5845840205438435,0
368,8.60547658300493,0.6050419760867953,0
369,8.618678250000812,0.49641699297353625,0
370,8.630266416992527,,1
371,8.743321167014074,0.6046660128049552,0
372,8.75675354199484,1.0795830166898668,0
373,8.770515999989584,3.5914999898523092,0
374,8.785210250003729,0.29979198006913066,0
375,8.796487624989823,0.24141703033819795,0
376,8.809265582996886,0.2340420032851398,0
377,8.822027791989967,0.2565000322647393,0
378,8.83480445801979,0.2322089858353138,0
379,8.846474624995608,0.258082989603281,0
380,8.85925362497801,0.14775001909583807,0
381,8.871921541984193,0.14466600259765983,0
382,8.884588583023287,0.22487499518319964,0
383,8.897328957973514,,1
384,9.010922625020612,0.3079579910263419,0
385,9.023763499979395,0.23191701620817184,0
386,9.036523125017993,0.24862500140443444,0
387,9.049420792027377,0.31287496676668525,0
388,9.062154458020814,0.2643339685164392,0
389,9.074954333016649,0.2750419662334025,0
390,9.087746625009459,0.19454199355095625,0
391,9.10046595800668,,1
392,9.213159708015155,0.25929196272045374,0
393,9.22596050001448,0.21291698794811964,0
394,9.236400916997809,0.40012499084696174,0
395,9.248670750006568,0.3939580055885017,0
396,9.261630541994236,0.3233749885112047,0
397,9.274541958002374,0.5213340045884252,0
398,9.287655416992493,0.31337502878159285,0
399,9.300534916983452,0.2620830200612545,0
400,9.31318887497764,0.35437504993751645,0
401,9.324603374989238,0.49483298789709806,0
402,9.337716749985702,0.21691701840609312,0
403,9.350481625006068,0.2104580053128302,0
404,9.363249832997099,0.3100419999100268,0
405,9.373868542024866,0.25587499840185046,0
406,9.386678249982651,0.27250003768131137,0
407,9.398594332975335,0.2685420331545174,0
408,9.415731374989264,6.734082999173552,0
409,9.43501620797906,,1
410,9.548666667018551,0.24645798839628696,0
411,9.561442958016414,0.17162499716505408,0
412,9.573276249982882,1.3252500211820006,0
413,9.587155667017214,0.2870829775929451,0
414,9.599996583012398,0.2132919616997242,0
415,9.61275533301523,0.2588339848443866,0
416,9.623357791977469,0.17579103587195277,0
417,9.636064250022173,0.2318329643458128,0
418,9.648832582985051,0.2012090408243239,0
419,9.6615867500077,0.27070799842476845,0
420,9.67197775002569,,1
421,9.787787250010297,0.33075001556426287,0
422,9.800670250027906,0.23683294421061873,0
423,9.813452625006903,0.24458300322294235,0
424,9.82629137497861,0.21970801753923297,0
425,9.839057500008494,0.23795798188075423,0
426,9.851832291984465,0.2126250183209777,0
427,9.863152583013289,0.17970899352803826,0
428,9.875883792003151,0.23670797236263752,0
429,9.890434083004948,0.5673340056091547,0
430,9.903141083021183,0.17741695046424866,0
431,9.916185208014213,0.7018339820206165,0
432,9.929437750019133,0.21949998335912824,0
433,9.942197208001744,0.194708991330117,0
434,9.95492849999573,0.24429202312603593,0
435,9.967721667024307,0.21641596686095,0
436,9.980489125009626,0.20487501751631498,0
437,9.993303249997552,0.26649999199435115,0
438,10.005890542000998,0.2080830163322389,0
439,10.018633125000633,0.23566698655486107,0
440,10.029822833021171,0.24224998196586967,0
441,10.042653166980017,0.2792910090647638,0
442,10.055473208019976,0.20570895867422223,0
443,10.068229749973398,0.26766699738800526,0
444,10.081016707990784,2.0921670366078615,0
445,10.093519499991089,0.46012498205527663,0
446,10.105343041999731,0.25904097128659487,0
447,10.118144167005084,0.24625001242384315,0
448,10.130928082973696,0.269667012616992,0
449,10.143747749971226,0.2959170378744602,0
450,10.155551208008546,0.15849998453631997,0
451,10.168262124992907,0.30408299062401056,0
452,10.181271333014593,0.2535840030759573,0
453,10.19406995800091,0.3253340255469084,0
454,10.20669075002661,0.4599579842761159,0
455,10.219714833016042,0.2263750066049397,0
456,10.232464124972466,0.2685830113478005,0
457,10.24527479201788,,1
458,10.358941624988802,0.2989170025102794,0
459,10.371773999999277,0.20549999317154288,0
460,10.382948708022013,0.2537919790484011,0
461,10.395738125022035,0.22370798978954554,0
462,10.408476083015557,0.19916699966415763,0
463,10.421189917018637,0.18516596173867583,0
464,10.432309083000291,0.23470900487154722,0
465,10.445055333024357,0.21379196550697088,0
466,10.457790167012718,0.2282499917782843,0
467,10.47053833300015,0.23445900296792388,0
468,10.483288916992024,0.21187501261010766,0
469,10.495485333027318,0.2228749799542129,0
470,10.508238375012297,0.20341697381809354,0
471,10.520971541991457,0.21804100833833218,0
472,10.533719292026944,0.2722499775700271,0
473,10.546518624993041,,1
474,10.663177957991138,3.8546670111827552,0
475,10.679679082997609,0.24075002875179052,0
476,10.69246245798422,0.24379201931878924,0
477,10.705282291979529,0.34200004301965237,0
478,10.718249499972444,0.3220830112695694,0
479,10.731168792000972,0.48466597218066454,0
480,10.74422875000164,0.22954196901991963,0
481,10.756999208009802,0.18049997743219137,0
482,10.76970954198623,0.18400000408291817,0
483,10.782421833020635,0.16299996059387922,0
484,10.79429104202427,0.2289160038344562,0
485,10.80706087499857,0.1967499847523868,0
486,10.819797375006601,,1
487,10.933440208027605,0.3202089574187994,0
488,10.94628862501122,0.14958297833800316,0
489,10.9589657500037,0.1949580037035048,0
490,10.970465457998216,0.16183400293812156,0
491,10.983139167015906,0.13766600750386715,0
492,10.99579650000669,0.20462501561269164,0
493,11.008514292014297,0.2800409565679729,0
494,11.021332458010875,0.25020900648087263,0
495,11.034100957971532,0.26629201602190733,0
496,11.046464707993437,0.26050000451505184,0
497,11.059246041986626,0.7051249849610031,0
498,11.072476874978747,0.25758304400369525,0
499,11.085278249986004,0.40370802162215114,0
500,11.09825991699472,0.5032910266891122,0
501,11.109073167026509,0.6139579927548766,0
502,11.121668833016884,0.6674999604001641,0
503,11.13252470799489,0.6854590028524399,0
504,11.145837458025198,0.6562499911524355,0
505,11.159153332991991,0.695709022693336,0
506,11.171781332988758,0.2477919915691018,0
507,11.184571292018518,0.2365830005146563,0
508,11.197320666979067,0.26408303529024124,0
509,11.210098124982323,0.2632500254549086,0
510,11.221084958000574,0.30866701854392886,0
511,11.233929958019871,0.29145897133275867,0
512,11.246742582996376,0.4634999786503613,0
513,11.259736958018038,,1
514,11.371592750016134,0.3482920001260936,0
515,11.384496874990873,0.28570799622684717,0
516,11.396480792027432,0.2881249529309571,0
517,11.40931333298795,0.3082089824602008,0
518,11.422147166973446,0.2764580422081053,0
519,11.434947791974992,0.25575002655386925,0
520,11.446479332982562,,1
521,11.560181666980498,0.45679102186113596,0
522,11.57103749999078,0.5944580188952386,0
523,11.584226457984187,,1
524,11.696595792018343,0.5366659606806934,0
525,11.708917499985546,0.693832989782095,0
526,11.72101500001736,0.44587498996406794,0
527,11.734047167003155,0.41404098737984896,0
528,11.745514124981128,0.6291670142672956,0
529,11.756319082982372,,1
530,11.870239417010453,0.42041600681841373,0
531,11.88321325002471,0.28745795134454966,0
532,11.894103791972157,,1
533,12.007861291989684,0.3731659962795675,0
534,12.020773291995283,0.1932079903781414,0
535,12.033505457977299,0.1829999964684248,0
536,12.046220124990214,0.16787502681836486,0
537,12.057531874976121,0.19279203843325377,0
538,12.070252374978736,0.2667080261744559,0
539,12.083033500006422,,1
540,12.196664125018287,0.3502079634927213,0
541,12.209579707996454,0.25949999690055847,0
542,12.222393166972324,0.23283303016796708,0
543,12.235168332990725,0.228749995585531,0
544,12.24796404200606,0.2993749803863466,0
545,12.26081108301878,0.24195900186896324,0
546,12.273225000011735,0.19337498815730214,0
547,12.28523287497228,0.2839580411091447,0
548,12.298067750001792,0.266042014118284,0
549,12.310921124997549,0.2102500293403864,0
550,12.322039625025354,0.22200000239536166,0
551,12.334821042022668,0.27141597820445895,0
552,12.3464799579815,,1
553,12.458043041988276,0.7307910127565265,0
554,12.469980750000104,0.27829199098050594,0
555,12.482812582980841,0.29970903415232897,0
556,12.493567291996442,0.40787499165162444,0
557,12.504326166992541,0.5384579999372363,0
558,12.5156414170051,1.1489579919725657,0
559,12.527217332972214,2.3538340465165675,0
560,12.541029083018657,0.28562499210238457,0
561,12.553855624981225,0.25695801014080644,0
562,12.566644291975535,0.2366660046391189,0
563,12.579430542013142,0.3714580088853836,0
564,12.590663791983388,1.2414579978212714,0
565,12.604678249976132,0.8972500218078494,0
566,12.617796166974586,0.6465830374509096,0
567,12.631037458020728,0.5846669664606452,0
568,12.64422266697511,0.7555000483989716,0
569,12.658657875028439,0.9765419526956975,0
570,12.670712666993495,0.29466598061844707,0
571,12.683563542028423,0.3708329750224948,0
572,12.695497791981325,0.24454103549942374,0
573,12.708270583010744,0.21395896328613162,0
574,12.72321154200472,0.4579999949783087,0
575,12.735168082988821,0.42279198532924056,0
576,12.746504208014812,0.6962500046938658,0
577,12.759792542026844,0.6520829629153013,0
578,12.773106208012905,1.0727089829742908,0
579,12.786768542020582,0.5832909955643117,0
580,12.799944124999456,0.683374993968755,0
581,12.812228124996182,0.38774998392909765,0
582,12.824035042023752,,1
583,12.938077332975809,0.6785840378142893,0
584,12.951345374982338,0.6372079951688647,0
585,12.964583082997706,0.6017090054228902,0
586,12.975691292027477,1.4900829992257059,0
587,12.989820000017062,0.3774169599637389,0
588,13.002785291988403,0.2223330084234476,0
589,13.013129666971508,0.20904105622321367,0
590,13.023953875002917,0.24391699116677046,0
591,13.036736625013873,0.21662499057129025,0
592,13.047458041983191,,1
593,13.161226375028491,0.439041992649436,0
594,13.173139333026484,0.3405419993214309,0
595,13.186091708019376,0.34120900090783834,0
596,13.197742416989058,0.31887501245364547,0
597,13.210234624973964,,1
598,13.323179457976948,0.47833402641117573,0
599,13.337056707998272,1.5774170169606805,0
600,13.351317833003122,0.4022499779239297,0
601,13.364292667014524,0.41812501149252057,0
602,13.374966708011925,0.5756249884143472,0
603,13.387645791983232,0.45175000559538603,0
604,13.40089354198426,0.3251250018365681,0
605,13.412332582985982,0.3207499976269901,0
606,13.425232667010278,0.2959580160677433,0
607,13.437479291984346,0.3784160362556577,0
608,13.450577249983326,0.361250014975667,0
609,13.463495042000432,0.3400410059839487,0
610,13.476391916978173,0.26966602308675647,0
611,13.488406000018585,0.29024999821558595,0
612,13.501254667004105,0.31645799754187465,0
613,13.51178095798241,0.4245840245857835,0
614,13.524781958025414,0.3290419699624181,0
615,13.537661708018277,0.2630419912748039,0
616,13.55047466699034,0.29200001154094934,0
617,13.563316292013042,0.3126660012640059,0
618,13.576172291999683,0.20349997794255614,0
619,13.588900082977489,0.24337501963600516,0
620,13.59946337499423,0.29258301947265863,0
621,13.612283291993663,0.24762499378994107,0
622,13.625063250015955,0.26012497255578637,0
623,13.637844167009462,0.24929101346060634,0
624,13.650614208017942,0.26808399707078934,0
625,13.663400000019465,0.250082986894995,0
626,13.676172624982428,0.28308300534263253,0
627,13.6889766670065,0.2412910107523203,0
628,13.701944332977291,1.8149170209653676,0
629,13.716337874997407,0.2198750153183937,0
630,13.729099499993026,0.40083302883431315,0
631,13.742404958000407,0.45612500980496407,0
632,13.753289291984402,0.3778330283239484,0
633,13.765118458017241,0.3754589706659317,0
634,13.778093124972656,0.5065830191597342,0
635,13.790890833013691,0.529874989297241,0
636,13.802787791995797,0.4591250326484442,0
637,13.815810124971904,0.5825000116601586,0
638,13.828415666997898,0.5099159898236394,0
639,13.840286542021204,0.3073329571634531,0
640,13.851671750016976,0.4178329836577177,0
641,13.864681207982358,0.34354202216491103,0
642,13.877581249980722,0.4092919989489019,0
643,13.890565750014503,0.28445798670873046,0
644,13.903391874977387,0.21516700508072972,0
645,13.914081958006136,0.39233401184901595,0
646,13.927033499989193,0.3697079955600202,0
647,13.939214291982353,0.7255410309880972,0
648,13.95287899998948,0.45466702431440353,0
649,13.965902832977008,0.4680840065702796,0
650,13.977996625006199,0.28799998108297586,0
651,13.989430874993559,0.46241702511906624,0
652,14.002479874994606,0.3077500150538981,0
653,14.015328083012719,0.21295901387929916,0
654,14.028083999990486,0.21545798517763615,0
655,14.039522250008304,0.2742920187301934,0
656,14.050577791989781,,1
657,14.16208987502614,0.3367919707670808,0
658,14.173026666976511,0.25933299912139773,0
659,14.18335541698616,0.19508303375914693,0
660,14.196089916978963,0.24341599782928824,0
661,14.209306792006828,0.22624997654929757,0
662,14.22207958297804,0.2637500292621553,0
663,14.23309120797785,0.21641701459884644,0
664,14.24584666697774,0.17095799557864666,0
665,14.258547957986593,0.29200001154094934,0
666,14.269085166975856,0.2323330263607204,0
667,14.281926625000779,,1
668,14.393707457988057,0.21183403441682458,0
669,14.40645950002363,0.18741696840152144,0
670,14.419176916999277,0.1812499831430614,0
671,14.43189520802116,0.313041964545846,0
672,14.443219291977584,0.28483301866799593,0
673,14.456058375013527,,1
674,14.568898624973372,0.2690000110305846,0
675,14.58053395798197,0.7590000168420374,0
676,14.593883041990921,0.31841598683968186,0
677,14.605120124993846,0.22983300732448697,0
678,14.61790737498086,0.27008302276954055,0
679,14.62987470801454,0.21008396288380027,0
680,14.641333666979335,0.18816604278981686,0
681,14.654076499980874,0.22412504767999053,0
682,14.667089249996934,0.9502500179223716,0
683,14.67883420799626,0.2582920133136213,0
684,14.691466416988987,0.2536250394769013,0
685,14.704265291977208,0.34083303762599826,0
686,14.71716258302331,0.19991694716736674,0
687,14.728062917012721,0.22091600112617016,0
688,14.738614208006766,0.22558396449312568,0
689,14.751381208014209,0.18691696459427476,0
690,14.763160542002879,0.2057909732684493,0
691,14.774194833007641,0.18808396998792887,0
692,14.786915167002007,,1
693,14.900560208014213,0.24516700068488717,0
694,14.913169083010871,0.30745897674933076,0
695,14.923697374993935,0.22445799550041556,0
696,14.936470750020817,0.23574999067932367,0
697,14.948699957982171,0.24304201360791922,0
698,14.961495416995604,0.2312079886905849,0
699,14.974269083002582,0.20825001411139965,0
700,14.984842041973025,0.2316250465810299,0
701,14.996270124975126,1.2706250417977571,0
702,15.010231624997687,0.21579198073595762,0
703,15.020741541986354,0.2756250323727727,0
704,15.03362574998755,0.2788330311886966,0
705,15.044781417003833,0.19891600823029876,0
706,15.056912833009847,,1
707,15.170696082990617,0.2631249953992665,0
708,15.183313041983638,0.20591600332409143,0
709,15.196041333023459,,1
710,15.309660958009772,0.29504200210794806,0
711,15.322517582972068,0.3689590375870466,0
712,15.334214792004786,0.34454098204150796,0
713,15.346080916991923,0.3397500258870423,0
714,15.358283457986545,0.490875041577965,0
715,15.37048554199282,0.4617079976014793,0
716,15.383505166973919,0.3935410059057176,0
717,15.395548791973852,0.3744999994523823,0
718,15.407328624976799,0.39112503873184323,0
719,15.420316750009079,0.45662501361221075,0
720,15.430900708015542,0.44170900946483016,0
721,15.443807083007414,,1
722,15.555917833000422,0.5810839938931167,0
723,15.568162582989316,0.4831670084968209,0
724,15.579099083028268,0.39708398981019855,0
725,15.59154904197203,0.45608304208144546,0
726,15.60431487497408,0.45962503645569086,0
727,15.617378416995052,0.6226249970495701,0
728,15.630599417025223,0.563915993552655,0
729,15.642127625003923,0.34904200583696365,0
730,15.655029250017833,0.21537498105317354,0
731,15.667770833009854,0.19866699585691094,0
732,15.680124417005572,,1
733,15.792867792013567,0.3470410010777414,0
734,15.805753708002158,0.2002500114031136,0
735,15.818481250025798,0.20945799769833684,0
736,15.829784750007093,0.21604198263958097,0
737,15.842528291977942,0.23812503786757588,0
738,15.855287791986484,0.20633300300687551,0
739,15.868009666970465,0.19508303375914693,0
740,15.880759708001278,0.2262920024804771,0
741,15.893502874998376,0.26833300944417715,0
742,15.906329457997344,0.21691701840609312,0
743,15.91813554201508,0.31512498389929533,0
744,15.929794624971692,0.36079203709959984,0
745,15.942740708007477,0.49166701501235366,0
746,15.954309125023428,0.4349999944679439,0
747,15.966143833007663,0.17216696869581938,0
748,15.978856166999321,0.2436659997329116,0
749,15.989551041973755,0.27300004148855805,0
750,16.00240333302645,0.18183398060500622,0
751,16.01315633300692,0.18324999837204814,0
752,16.025861374975648,0.14345801901072264,0
753,16.03852454200387,,1
754,16.152157666976564,0.3517080331221223,0
755,16.165137625008356,0.5517500103451312,0
756,16.17825937498128,,1
757,16.291468292009085,0.31604099785909057,0
758,16.30431162501918,0.20762498024851084,0
759,16.317049457982648,0.2701670164242387,0
760,16.329820749990176,0.2960829879157245,0
761,16.342683582974132,,1
762,16.457252457970753,0.6385420565493405,0
763,16.468338791979477,0.5395000334829092,0
764,16.47984337498201,0.6314170313999057,0
765,16.49308437498985,0.4456249880604446,0
766,16.506128625012934,0.6869579665362835,0
767,16.51888837502338,0.4466669633984566,0
768,16.531308125006035,,1
769,16.64504874998238,0.5177920102141798,0
770,16.65821516700089,0.8680410101078451,0
771,16.6717344999779,0.3124580252915621,0
772,16.684589083015453,0.18516700947657228,0
773,16.696473916992545,0.1932079903781414,0
774,16.70919700001832,0.15416700625792146,0
775,16.721868625027128,,1
776,16.835457041976042,0.2115830429829657,0
777,16.846507582988124,0.16774999676272273,0
778,16.859200207982212,0.15445903409272432,0
779,16.871878375008237,0.14416698832064867,0
780,16.884541500010528,0.14345796080306172,0
781,16.896499582973775,0.2981669967994094,0
782,16.908018583024386,0.27016695821657777,0
783,16.920477124978788,,1
784,17.032199874985963,0.5949999904260039,0
785,17.04432149999775,0.4029169795103371,0
786,17.059169707994442,,1
787,17.171099417028017,0.5604579928331077,0
788,17.18424616701668,0.2943329745903611,0
789,17.197086750005838,0.3183750086463988,0
790,17.20996283297427,0.39487500907853246,0
791,17.221536291996017,,1
792,17.337388166983146,1.4042910188436508,0
793,17.351390875002835,0.4069579881615937,0
794,17.362452332978137,0.2596669946797192,0
795,17.375261707988102,0.27537503046914935,0
796,17.387075625010766,0.4219579859636724,0
797,17.400048708019312,0.18987496150657535,0
798,17.412765833025333,0.27887499891221523,0
799,17.425583583011758,0.36816700594499707,0
800,17.43744541698834,1.4170409995131195,0
801,17.451462667027954,0.271082972176373,0
802,17.461792666988913,0.1950410078279674,0
803,17.47458454198204,0.26525004068389535,0
804,17.487387166998815,0.20079099340364337,0
805,17.50011933298083,0.21137500880286098,0
806,17.512864458025433,0.17608399502933025,0
807,17.52558004198363,0.17850002041086555,0
808,17.53828237502603,0.1421249471604824,0
809,17.550951667013578,0.1545000122860074,0
810,17.563621042005252,0.13825000496581197,0
811,17.57628445798764,0.21529203513637185,0
812,17.589022249972913,,1
813,17.702700791996904,0.5324999801814556,0
814,17.71580358297797,0.35070901503786445,0
815,17.72681070800172,0.3262090031057596,0
816,17.737749624997377,0.25283300783485174,0
817,17.750535624974873,0.2929170150309801,0
818,17.763373041991144,0.37712499033659697,0
819,17.773982833023183,0.33833394991233945,0
820,17.786870083014946,0.35512499744072556,0
821,17.79981624998618,0.315624987706542,0
822,17.812696416978724,0.4545410047285259,0
823,17.825363708019722,0.7207919843494892,0
824,17.837159166985657,0.4380830214358866,0
825,17.848606500017922,0.33229199470952153,0
826,17.861490082985256,0.33291702857241035,0
827,17.87437591701746,,1
828,17.988149958022404,0.6491669919341803,0
829,18.00148049998097,0.3554580034688115,0
830,18.014381874992978,0.22354198154062033,0
831,18.027145791973453,0.2862500259652734,0
832,18.03832524997415,0.30391704058274627,0
833,18.05119033297524,0.2660000463947654,0
834,18.06403704197146,0.4022080102004111,0
835,18.077005167026073,0.37037499714642763,0
836,18.0921731669805,0.47975004417821765,0
837,18.103962042019702,0.2673330018296838,0
838,18.11677675001556,0.22479199105873704,0
839,18.12726425001165,0.22862496552988887,0
840,18.138642166974023,0.2525000018067658,0
841,18.151467750023585,0.4564579576253891,0
842,18.164515167009085,0.38774998392909765,0
843,18.175089000025764,0.18458295380696654,0
844,18.18677479197504,0.5297080497257411,0
845,18.198166957998183,0.43062499025836587,0
846,18.211200207995716,0.32475002808496356,0
847,18.221756374987308,0.1800000318326056,0
848,18.23450220801169,0.44395896838977933,0
849,18.247542041994166,0.46608300181105733,0
850,18.26059887500014,0.2827920252457261,0
851,18.27280295797391,0.21483399905264378,0
852,18.28556645801291,0.2970839850604534,0
853,18.298438999976497,0.4058750346302986,0
854,18.311133667011745,0.37120800698176026,0
855,18.324083374987822,0.4331250092945993,0
856,18.336299500020687,0.3214169992133975,0
857,18.34921195800416,0.4977919743396342,0
858,18.362303541973233,0.2965410239994526,0
859,18.37463666702388,0.2764579840004444,0
860,18.386923249985557,0.18158298917114735,0
861,18.398741292010527,0.33000000985339284,0
862,18.410930250014644,0.3696249914355576,0
863,18.42346949997591,0.3201250219717622,0
864,18.43635179201374,0.2353749587200582,0
865,18.44913737499155,0.3757079830393195,0
866,18.462064250023104,0.35745796049013734,0
867,18.474985166976694,0.47458300832659006,0
868,18.487657291989308,0.6542500341311097,0
869,18.50089158298215,0.4852089914493263,0
870,18.513954624999315,0.5658330046571791,0
871,18.527108833019156,0.4794999840669334,0
872,18.53866266697878,0.4377500154078007,0
873,18.551657458010595,0.41433400474488735,0
874,18.56462754198583,0.3845409955829382,0
875,18.577565166982822,0.4463749937713146,0
876,18.589823791990057,0.512208032887429,0
877,18.601690832991153,0.4907500115223229,0
878,18.614742500009015,0.6886670016683638,0
879,18.627990250010043,0.4760829615406692,0
880,18.640638042008504,0.4076249897480011,0
881,18.653648375009652,,1
882,18.76713229197776,0.4943330422975123,0
883,18.77779891702812,0.3971249680034816,0
884,18.789790500013623,0.37116697058081627,0
885,18.80272087501362,0.30745798721909523,0
886,18.815576791996136,0.4040829953737557,0
887,18.82854908297304,0.5087090539745986,0
888,18.84163029200863,0.5453749909065664,0
889,18.854309374990407,0.9321250254288316,0
890,18.86702054197667,0.4796660505235195,0
891,18.880088125006296,,1
892,18.99321212497307,0.8495830115862191,0
893,19.006935167009942,0.4421659978106618,0
894,19.01890604197979,0.2930830232799053,0
895,19.031760332989506,0.36700000055134296,0
896,19.043731625017244,,1
897,19.157514000020456,,1
898,19.27094058302464,,1
899,19.38448204199085,0.5552080110646784,0
900,19.397615832975134,0.34895900171250105,0
901,19.410527916974388,,1
902,19.524323375022504,0.5548750050365925,0
903,19.536311124975327,0.4335420089773834,0
904,19.548017832974438,0.4187090089544654,0
905,19.56103283300763,0.6471250089816749,0
906,19.572057874989696,0.4711250076070428,0
907,19.58509404200595,0.4865829832851887,0
908,19.59591495798668,0.4789590020664036,0
909,19.608945375017356,0.49091700930148363,0
910,19.620646958006546,0.5301249912008643,0
911,19.632559542020317,0.4390829708427191,0
912,19.64556283300044,0.32225000904873013,0
913,19.658467457978986,0.38808403769508004,0
914,19.671435291995294,0.3397500258870423,0
915,19.684357707970776,0.38929202128201723,0
916,19.697333207994234,0.3800839767791331,0
917,19.7102907919907,0.35195803502574563,0
918,19.72320970799774,0.4236670210957527,0
919,19.73520945798373,0.351125025190413,0
920,19.746847666974645,0.34979102201759815,0
921,19.758852124970872,0.45645801583305,0
922,19.771887957991567,0.5334590096026659,0
923,19.785008832986932,0.5834170151501894,0
924,19.798192333022598,0.6162920035421848,0
925,19.811409250018187,0.5833329632878304,0
926,19.824583082983736,0.5495420191437006,0
927,19.837174999993294,0.5847500287927687,0
928,19.84915137500502,0.6103750201873481,0
929,19.861037124996074,0.5755830206908286,0
930,19.87211620801827,0.5917499656789005,0
931,19.88288733299123,0.5560840363614261,0
932,19.896049916977063,0.6031250231899321,0
933,19.90871829201933,0.5318750045262277,0
934,19.920937291986775,0.5714159924536943,0
935,19.932462207973003,0.5870000459253788,0
936,19.944357333006337,0.6090420065447688,0
937,19.95516695798142,0.5606249906122684,0
938,19.96635983302258,0.5134999519214034,0
939,19.97947675001342,0.5666670040227473,0
940,19.992633624991868,0.5687919910997152,0
941,20.005796167009976,0.5698329769074917,0
942,20.018952167010866,0.5289159598760307,0
943,20.03149124997435,0.5136670079082251,0
944,20.04344337497605,0.3802080173045397,0
945,20.055440124997403,0.2681249752640724,0
946,20.068242707988247,0.21283398382365704,0
947,20.08097395801451,,1
948,20.193311333016027,,1
949,20.30483874998754,0.4492920124903321,0
950,20.31786208297126,0.3950840327888727,0
951,20.331040958000813,0.42154197581112385,0
952,20.344040833006147,0.2667499938979745,0
953,20.35671512497356,0.339208054356277,0
954,20.368992167001124,,1
955,20.482783999992535,0.6356670055538416,0
956,20.495911374979187,0.40670804446563125,0
957,20.508949582988862,0.5622919998131692,0
958,20.520525333005935,0.5442089750431478,0
959,20.53365879197372,0.5770410061813891,0
960,20.54492133302847,0.6707919528707862,0
961,20.558174833015073,0.49220898654311895,0
962,20.571279374998994,0.4562920075841248,0
963,20.58347324997885,0.640750047750771,0
964,20.595079332997557,1.2175000156275928,0
965,20.60889358300483,0.297166989184916,0
966,20.621346166997682,,1
967,20.73413304198766,0.3548749955371022,0
968,20.747054292005487,0.5218749865889549,0
969,20.76015929202549,,1
970,20.871422624972183,0.5891250330023468,0
971,20.884633457986638,0.3504999913275242,0
972,20.896311332995538,0.29687501955777407,0
973,20.909182458010036,0.4498749622143805,0
974,20.922145207994618,,1
975,21.03577016701456,0.268207979388535,0
976,21.04861187498318,0.5054580396972597,0
977,21.061725082981866,0.507500022649765,0
978,21.07483791699633,0.46112498966977,0
979,21.087652167014312,0.26183295994997025,0
980,21.09940608299803,0.3231670125387609,0
981,21.112321124994196,0.48920803237706423,0
982,21.12400216702372,,1
983,21.236966416996438,0.4830000107176602,0
984,21.249975042010192,0.635207979939878,0
985,21.263225667004008,0.47041598008945584,0
986,21.273889917007182,0.435040972661227,0
987,21.286905292014126,0.3544159699231386,0
988,21.29981754202163,0.3974579740315676,0
989,21.31277008302277,0.3023339668288827,0
990,21.32561312499456,0.3291250322945416,0
991,21.33856966701569,1.2056659907102585,0
992,21.352613332972396,0.30154205160215497,0
993,21.365429333003704,0.6048340001143515,0
994,21.37638120801421,,1
995,21.490075292007532,0.34208298893645406,0
996,21.50297066697385,0.26358303148299456,0
997,21.515770500001963,0.2547500189393759,0
998,21.528563375002705,0.37058297311887145,0
999,21.54149299999699,0.31879200832918286,0
1000,21.554377333028242,0.3898749710060656,0
1001,21.5673310830025,0.3124999930150807,0
1002,21.580191291985102,0.323957996442914,0
1003,21.59305579197826,0.1984580303542316,0
1004,21.60579833301017,0.33487501787021756,0
1005,21.61869154201122,0.28549996204674244,0
1006,21.62981283297995,0.3067500074394047,0
1007,21.642703957972117,0.42433402268216014,0
1008,21.655675625021104,,1
1009,21.76933270797599,,1
1010,21.88298916700296,0.24383299751207232,0
1011,21.89577795797959,0.32400002237409353,0
1012,21.908653207996394,0.29966700822114944,0
1013,21.921505208010785,0.21224998636171222,0
1014,21.934273999999277,0.34858298022300005,0
1015,21.946487999986857,0.3651670413091779,0
1016,21.959614292019978,0.3328329767100513,0
1017,21.972569332981948,0.45470899203792214,0
1018,21.985604292014614,0.3243749961256981,0
1019,21.99853812501533,0.2941249986179173,0
1020,22.011387666978408,,1
1021,22.12503062497126,0.23083301493898034,0
1022,22.137801708013285,0.27595896972343326,0
1023,22.15062879200559,0.5122909788042307,0
1024,22.163679749995936,0.18350000027567148,0
1025,22.176400542026386,0.23974996292963624,0
1026,22.189020542020444,0.29974995413795114,0
1027,22.200599332980346,0.22816704586148262,0
1028,22.21335487498436,0.1966250129044056,0
1029,22.226076791994274,0.20770798437297344,0
1030,22.23880754201673,0.12670800788328052,0
1031,22.25146383297397,0.1597920199856162,0
1032,22.26415416697273,0.14720804756507277,0
1033,22.276825707987882,,1
1034,22.389837707974948,0.2773750456981361,0
1035,22.402643457986414,0.19912503194063902,0
1036,22.414963125018403,0.21124997874721885,0
1037,22.427700374973938,0.21716702030971646,0
1038,22.44044329202734,0.18162495689466596,0
1039,22.453146832995117,,1
1040,22.566733958024997,0.22229197202250361,0
1041,22.579498292005155,0.21245802054181695,0
1042,22.592235666990746,0.17750001279637218,0
1043,22.604933750000782,0.12133299605920911,0
1044,22.617583582992665,0.16741699073463678,0
1045,22.629819708003197,0.1858340110629797,0
1046,22.642535833001602,0.30729197897017,0
1047,22.654340791981667,0.2553749945946038,0
1048,22.666413167025894,0.3138749743811786,0
1049,22.67749529198045,0.40858302963897586,0
1050,22.688737332995515,0.4545000265352428,0
1051,22.70176695799455,0.37516700103878975,0
1052,22.714502250018995,,1
1053,22.828291166981217,0.34908304223790765,0
1054,22.841204666998237,0.3196659963577986,0
1055,22.85407037497498,0.2050000475719571,0
1056,22.866811166983098,0.30683301156386733,0
1057,22.878820582991466,0.2441250253468752,0
1058,22.89160658302717,0.2791669685393572,0
1059,22.90236545802327,0.19949994748458266,0
1060,22.913156332971994,0.2019170206040144,0
1061,22.925885042001028,,1
1062,23.039090875012334,0.3868750063702464,0
1063,23.05207450001035,0.48466696171090007,0
1064,23.06314545799978,0.571833981666714,0
1065,23.076339167018887,0.5090829799883068,0
1066,23.089254582999274,0.4752089735120535,0
1067,23.102345500024967,0.5031249602325261,0
1068,23.113860208017286,0.36270898999646306,0
1069,23.126787832996342,0.21283398382365704,0
1070,23.137138375022914,0.09991700062528253,0
1071,23.149787832982838,0.19804202020168304,0
1072,23.162530958012212,0.20529195899143815,0
1073,23.175274166977033,0.18929102225229144,0
1074,23.187142833019607,0.21949998335912824,0
1075,23.199907042027917,0.28679094975814223,0
1076,23.212750541977584,0.22141600493341684,0
1077,23.223295375006273,0.22208300651982427,0
1078,23.236091875005513,0.33662497298792005,0
1079,23.248984791978728,0.3857080009765923,0
1080,23.261953292007092,0.39966596523299813,0
1081,23.27397858299082,0.4266669857315719,0
1082,23.284698707982898,0.39829203160479665,0
1083,23.29764929198427,0.4105829866603017,0
1084,23.310612791974563,0.37283304845914245,0
1085,23.321771166985855,0.4024580121040344,0
1086,23.33415154198883,0.4402500344440341,0
1087,23.347174750000704,0.6206670077517629,0
1088,23.360361624974757,0.39120804285630584,0
1089,23.3720869999961,0.5151249933987856,0
1090,23.382991207996383,0.4734169924631715,0
1091,23.39607612497639,0.5226250505074859,0
1092,23.407999166985974,0.26762502966448665,0
1093,23.420808500028215,,1
1094,23.53374362498289,0.40083302883431315,0
1095,23.546480958000757,0.24441699497401714,0
1096,23.55928462499287,0.2292920253239572,0
1097,23.57098366698483,0.3202499938197434,0
1098,23.58386120799696,,1
1099,23.69691125000827,0.5043330020271242,0
1100,23.70948216697434,0.8250410319305956,0
1101,23.722074749995954,0.39083301089704037,0
1102,23.735037832986563,0.2709170221351087,0
1103,23.747490792011376,0.281207961961627,0
1104,23.760330500022974,0.33191696275025606,0
1105,23.770914542023093,0.3685829578898847,0
1106,23.78385187499225,0.42995798867195845,0
1107,23.796848832978867,0.36925001768395305,0
1108,23.809785792022012,0.38120796671137214,0
1109,23.82096145802643,0.4092089948244393,0
1110,23.833489749988075,0.3635419998317957,0
1111,23.843981083016843,0.4121669917367399,0
1112,23.856781999988016,0.4835830186493695,0
1113,23.869429207989015,0.49041700549423695,0
1114,23.88250829197932,0.43541600462049246,0
1115,23.895565250015352,0.4723749589174986,0
1116,23.90864550002152,0.3415420069359243,0
1117,23.920502207998652,0.44833397259935737,0
1118,23.932390708010644,0.8397920173592865,0
1119,23.945796917018015,0.48399996012449265,0
1120,23.95743379200576,0.46929100062698126,0
1121,23.97048741701292,0.3577909665182233,0
1122,23.983422541990876,,1
1123,24.095519791997503,,1
1124,24.206932457978837,0.37145899841561913,0
1125,24.219862541998737,0.23683300241827965,0
1126,24.232638749992475,0.376041978597641,0
1127,24.245567124977242,,1
1128,24.359065041993745,0.26837497716769576,0
1129,24.37186841701623,0.16104098176583648,0
1130,24.384567041997798,0.28141599614173174,0
1131,24.396502582996618,0.2197090070694685,0
1132,24.409251042001415,0.23091601906344295,0
1133,24.422025999985635,0.1959170331247151,0
1134,24.434777749993373,0.2523750299587846,0
1135,24.44647745799739,0.2363339881412685,0
1136,24.459253958018962,0.17754198051989079,0
1137,24.471970250015147,0.21316698985174298,0
1138,24.482898625021335,0.17204199684783816,0
1139,24.4956083750003,0.16420800238847733,0
1140,24.508299125009216,0.14108297182247043,0
1141,24.52096100000199,0.1503750099800527,0
1142,24.53363600000739,0.17591699725016952,0
1143,24.546337875013705,,1
1144,24.659988791972864,0.4820410395041108,0
1145,24.671582375012804,0.27941697044298053,0
1146,24.68379883299349,0.3374170046299696,0
1147,24.696449416980613,0.2976250252686441,0
1148,24.709306916978676,0.20875001791864634,0
1149,24.72152504202677,0.19941595382988453,0
1150,24.734184874978382,0.22554199676960707,0
1151,24.744935958005954,,1
1152,24.858807749988046,0.5937920068390667,0
1153,24.871993832988665,0.2756670000962913,0
1154,24.88483954197727,0.26841601356863976,0
1155,24.89766629197402,0.24695805041119456,0
1156,24.910453999997117,0.1968329888768494,0
1157,24.92318562499713,0.2062080311588943,0
1158,24.93592700001318,0.20020798547193408,0
1159,24.948100458015688,0.22566696861758828,0
1160,24.960868207970634,0.19458401948213577,0
1161,24.97161829198012,0.17437501810491085,0
1162,24.984342832991388,0.24675001623108983,0
1163,24.99713024997618,0.25212502805516124,0
1164,25.009923124976922,0.2191670355387032,0
1165,25.022670208010823,0.17987500177696347,0
1166,25.03538166702492,0.23141596466302872,0
1167,25.04605329199694,,1
1168,25.15976925002178,0.5731249693781137,0
1169,25.17119979200652,0.49179099733009934,0
1170,25.184272999991663,0.2760420320555568,0
1171,25.19709974998841,,1
1172,25.313109916984104,0.2919160178862512,0
1173,25.326101333019324,0.6045419722795486,0
1174,25.337619917001575,1.907541009131819,0
1175,25.351415082986932,0.4117090138606727,0
1176,25.36445862497203,0.2672920236364007,0
1177,25.377283999987412,0.23220799630507827,0
1178,25.39007116702851,0.4142499528825283,0
1179,25.400733207992744,0.35791698610410094,0
1180,25.413781917013694,,1
1181,25.527874999970663,0.8226670324802399,0
1182,25.541266957996413,0.3012919914908707,0
1183,25.55387929198332,0.536833016667515,0
1184,25.56702212500386,0.2490829792805016,0
1185,25.57987720798701,0.3215000033378601,0
1186,25.590438708022702,,1
1187,25.703304875001777,0.38937502540647984,0
1188,25.7162503330037,0.24379201931878924,0
1189,25.729102000012062,0.21716696210205555,0
1190,25.74184916698141,0.19754102686420083,0
1191,25.754577292012982,0.15295797493308783,0
1192,25.767049583024345,0.15066697960719466,0
1193,25.779731041984633,0.17087499145418406,0
1194,25.792425707972143,0.18491700757294893,0
1195,25.80513133300701,0.13637501979246736,0
1196,25.817787042004056,0.14258298324421048,0
1197,25.83044258301379,0.13800000306218863,0
1198,25.843099499994423,0.12358301319181919,0
1199,25.855761207989417,0.20645902259275317,0
1200,25.867637042014394,0.2051249612122774,0
1201,25.879995208000764,0.1770419767126441,0
1202,25.89275458297925,,1
1203,26.006514791981317,0.5691249971278012,0
1204,26.018204124993645,0.34841703018173575,0
1205,26.028823749977164,0.34666701685637236,0
1206,26.041741582972463,0.30574999982491136,0
1207,26.054602708027232,0.24849997134879231,0
1208,26.06589129200438,0.27679099002853036,0
1209,26.07826733298134,0.258459011092782,0
1210,26.090756207995582,0.46541698975488544,0
1211,26.10326966701541,0.6025829934515059,0
1212,26.114750583015848,0.4266249598003924,0
1213,26.12655599997379,,1
1214,26.24032308300957,0.473459018394351,0
1215,26.25337741698604,0.34845800837501884,0
1216,26.266283667006064,0.3600830095820129,0
1217,26.277632749988697,0.33045798772946,0
1218,26.28907258302206,0.3321669646538794,0
1219,26.300673707970418,,1
1220,26.414434082980733,,1
1221,26.52824379201047,0.31045801006257534,0
1222,26.541118792025372,,1
1223,26.654845374985598,0.42987504275515676,0
1224,26.667854583007284,0.36616699071601033,0
1225,26.680784667027183,0.3273329930379987,0
1226,26.69291483302368,0.3547499654814601,0
1227,26.703817958012223,0.313041964545846,0
1228,26.716682375001255,0.29624998569488525,0
1229,26.727796917024534,0.3163329674862325,0
1230,26.740671292005572,0.3029999788850546,0
1231,26.75156095798593,0.274333986453712,0
1232,26.763231458025984,0.2876669750548899,0
1233,26.77606966701569,0.23624999448657036,0
1234,26.788129916996695,0.29020803049206734,0
1235,26.800961999979336,0.2574580139480531,0
1236,26.813226874975953,,1
1237,26.926949249987956,0.5257920129224658,0
1238,26.938757541996893,0.392416026443243,0
1239,26.95171770802699,0.2924169530160725,0
1240,26.964549667027313,0.1944159739650786,0
1241,26.977283583022654,0.17345900414511561,0
1242,26.990011041983962,0.3382909926585853,0
1243,27.002894082979765,0.2745420206338167,0
1244,27.015704667021055,0.2764159580692649,0
1245,27.028515083016828,,1
1246,27.14224854198983,0.5292079877108335,0
1247,27.15435691701714,0.39554096292704344,0
1248,27.167314791993704,0.33412501215934753,0
1249,27.18020666699158,0.49604102969169617,0
1250,27.193255999998655,0.4758330178447068,0
1251,27.206266499997582,0.39195799035951495,0
1252,27.219216624973342,0.3047080244868994,0
1253,27.232077083026525,0.22245896980166435,0
1254,27.244845332985278,0.21116703283041716,0
1255,27.25759679201292,0.2057079691439867,0
1256,27.270341416995507,0.1972910249605775,0
1257,27.28307795798173,0.20937499357387424,0
1258,27.295844417007174,0.24295801995322108,0
1259,27.308642374991905,0.2514169900678098,0
1260,27.320487082994077,0.24091702653095126,0
1261,27.33242774999235,,1
1262,27.44550737499958,0.6981249898672104,0
1263,27.457622000016272,0.27195800794288516,0
1264,27.470471500011627,0.4098750068806112,0
1265,27.48344941699179,0.2103750011883676,0
1266,27.495494332979433,0.1735000405460596,0
1267,27.5082252920256,0.2507079625502229,0
1268,27.520982292015105,0.223665963858366,0
1269,27.531532416993286,,1
1270,27.6452836249955,0.3504999913275242,0
1271,27.656836166977882,,1
1272,27.77033745800145,0.3766249865293503,0
1273,27.783275416994,0.2645410131663084,0
1274,27.796111957984976,0.25462498888373375,0
1275,27.80892329197377,0.2193330437876284,0
1276,27.820918457990047,0.20241702441126108,0
1277,27.83322029199917,0.20337500609457493,0
1278,27.845977791992482,0.24324998958036304,0
1279,27.85877624998102,0.2867919974960387,0
1280,27.870918083004653,0.29087497387081385,0
1281,27.88375391700538,,1
1282,27.995542625023518,0.6339999963529408,0
1283,28.008756374998484,0.5709169781766832,0
1284,28.02054020797368,0.45833404874429107,0
1285,28.0329155420186,0.4777080030180514,0
1286,28.04597575002117,0.38066698471084237,0
1287,28.0574263749877,0.34920801408588886,0
1288,28.069535917020403,0.23370800772681832,0
1289,28.080613958009053,0.21395896328613162,0
1290,28.09337441698881,0.19579101353883743,0
1291,28.106034166994505,0.2786249970085919,0
1292,28.117095625028014,0.22916699526831508,0
1293,28.12920149997808,0.35254203248769045,0
1294,28.14210312499199,0.35512499744072556,0
1295,28.153827667003497,0.2851249882951379,0
1296,28.166657291993033,0.29200001154094934,0
1297,28.179501499980688,0.2698330208659172,0
1298,28.192315874970518,0.27829204918816686,0
1299,28.20513670798391,0.2761250361800194,0
1300,28.21627316699596,0.2209999947808683,0
1301,28.22906833299203,0.23391703143715858,0
1302,28.24184679199243,,1
1303,28.353816666989587,0.36416598595678806,0
1304,28.36676175001776,,1
1305,28.479399500007275,0.5272079724818468,0
1306,28.492496541992296,0.46091602416709065,0
1307,28.50551591697149,0.38520805537700653,0
1308,28.518443208013196,0.3287500003352761,0
1309,28.529910416982602,0.33474998781457543,0
1310,28.54279154201504,0.29975001234561205,0
1311,28.55563145800261,0.2775419852696359,0
1312,28.56718000001274,,1
1313,28.68095816700952,0.5363330128602684,0
1314,28.69240916700801,0.291750009637326,0
1315,28.704357624985278,0.3447500057518482,0
1316,28.717257875017822,0.2824579714797437,0
1317,28.729900208010804,0.2779170172289014,0
1318,28.74272691697115,0.26583304861560464,0
1319,28.755308958003297,0.2476670197211206,0
1320,28.76809837500332,0.24449999909847975,0
1321,28.779408667003736,0.30875002266839147,0
1322,28.79095520800911,0.35358400782570243,0
1323,28.802127124974504,0.2792500308714807,0
1324,28.814244250010233,0.41904201498255134,0
1325,28.826106292020995,,1
1326,28.937183458008803,2.8704999713227153,0
1327,28.952513375028502,1.0329579818062484,0
1328,28.96496987499995,0.8522500284016132,0
1329,28.976510833017528,0.4014589940197766,0
1330,28.989448875014205,0.5476250080391765,0
1331,29.00264124997193,0.6655000033788383,0
1332,29.015992374974303,0.7130420417524874,0
1333,29.028854999982286,0.541499990504235,0
1334,29.039693458005786,0.2616249839775264,0
1335,29.0515597499907,,1
1336,29.16438166698208,0.41125004645437,0
1337,29.176893208001275,,1
1338,29.28877508302685,,1
1339,29.402532125008292,0.5437079817056656,0
1340,29.4156743750209,0.2911670017056167,0
1341,29.428525166993495,0.2519999979995191,0
1342,29.440914582984988,0.4099170328117907,0
1343,29.45445712498622,0.4908330156467855,0
1344,29.46753412502585,0.43233297765254974,0
1345,29.478820041986182,0.3066660137847066,0
1346,29.49171379202744,0.2545409952290356,0
1347,29.504530582984444,0.20591699285432696,0
1348,29.516591333027463,0.2211249666288495,0
1349,29.52881495800102,,1
1350,29.642553167010192,0.49837498227134347,0
1351,29.65381895797327,0.31750003108754754,0
1352,29.66670137498295,0.27983303880319,0
1353,29.679526625026483,0.23908296134322882,0
1354,29.69230683299247,0.21587498486042023,0
1355,29.704360666975845,0.24108303477987647,0
1356,29.717146791983396,0.3054580301977694,0
1357,29.72990029200446,0.2580410218797624,0
1358,29.74272766697686,0.22433302365243435,0
1359,29.754900541971438,0.288125011138618,0
1360,29.766194291994907,0.23283303016796708,0
1361,29.778117167006712,0.22629101295024157,0
1362,29.789502875006292,0.20466698333621025,0
1363,29.799799916974735,0.2353330492042005,0
1364,29.812578417011537,0.21079101134091616,0
1365,29.825329083018005,0.20620896248146892,0
1366,29.837687416991685,0.2111659850925207,0
1367,29.84894916700432,0.21737499628216028,0
1368,29.861704999988433,0.20029203733429313,0
1369,29.87196220800979,0.1912919688038528,0
1370,29.88469479198102,0.185375043656677,0
1371,29.897419916989747,0.24766603019088507,0
1372,29.910278750001453,0.24920800933614373,0
1373,29.922982458025217,0.21124997874721885,0
1374,29.935738582978956,0.20945904543623328,0
1375,29.946018624992575,0.26829203125089407,0
1376,29.958835416997317,0.38958300137892365,0
1377,29.9718221250223,0.3611669526435435,0
1378,29.984736750018783,0.36379200173541903,0
1379,29.996488499979023,0.35450002178549767,0
1380,30.008045958005823,0.3226670087315142,0
1381,30.020507249981165,0.40920800529420376,0
1382,30.033477333025075,,1
1383,30.14658091700403,0.49287499859929085,0
1384,30.15733141702367,0.3050409723073244,0
1385,30.170190416974947,0.21029100753366947,0
1386,30.182962333026808,0.24395895889028907,0
1387,30.19576962501742,0.21795800421386957,0
1388,30.207453750015702,0.2031669719144702,0
1389,30.220196291978937,0.19629101734608412,0
1390,30.23296204197686,0.20100001711398363,0
1391,30.245730291993823,0.1902910298667848,0
1392,30.255997625004966,0.18966698553413153,0
1393,30.26874295802554,0.19529199926182628,0
1394,30.281486625026446,0.3839169512502849,0
1395,30.29443424998317,0.2679580356925726,0
1396,30.30532962497091,0.22966705728322268,0
1397,30.318101458018646,0.2638339647091925,0
1398,30.329341124976054,0.370333029422909,0
1399,30.34097279200796,0.23879099171608686,0
1400,30.351947957999073,0.2079589758068323,0
1401,30.36412758298684,0.2240000176243484,0
1402,30.37689179199515,0.2050829934887588,0
1403,30.388264833018184,0.19879196770489216,0
1404,30.400999167002738,0.18741597887128592,0
1405,30.4137270830106,0.385124993044883,0
1406,30.424634666997008,,1
1407,30.537761332991067,0.5936670349910855,0
1408,30.54989458300406,0.3130420227535069,0
1409,30.56275166699197,0.2810410223901272,0
1410,30.573148207971826,0.2756250323727727,0
1411,30.58598345797509,0.26291701942682266,0
1412,30.59639783302555,0.26416697073727846,0
1413,30.609203958010767,0.2586249611340463,0
1414,30.622008792008273,0.3173750010319054,0
1415,30.634875375020783,,1
1416,30.74656366702402,0.35333295818418264,0
1417,30.759449291974306,0.1627500168979168,0
1418,30.772135708015412,0.14295900473371148,0
1419,30.784800167020876,0.15649996930733323,0
1420,30.79656162497122,0.19700004486367106,0
1421,30.8093069170136,,1
1422,30.922680374991614,0.4223749856464565,0
1423,30.93566712498432,0.3469579969532788,0
1424,30.948586000013165,0.2940829726867378,0
1425,30.96074533299543,0.44354202691465616,0
1426,30.97331887501059,0.4794999840669334,0
1427,30.986363417003304,0.42341597145423293,0
1428,30.999350624973886,0.33258303301408887,0
1429,31.012239124975167,0.32350001856684685,0
1430,31.022675374988467,0.3084579948335886,0
1431,31.035524917009752,0.29341597110033035,0
1432,31.04740074998699,,1
1433,31.160441083018668,0.5092499777674675,0
1434,31.17267262499081,0.3103329800069332,0
1435,31.18553850002354,0.266374961938709,0
1436,31.198358207999263,0.2264169743284583,0
1437,31.2089009580086,0.24483399465680122,0
1438,31.221016541996505,,1
1439,31.333543166983873,0.4431250272318721,0
1440,31.345366500027012,0.37183298263698816,0
1441,31.358305374975316,0.31158304773271084,0
1442,31.37117166700773,0.2610000083222985,0
1443,31.38399808300892,0.24324998958036304,0
1444,31.396819167013746,0.23566599702462554,0
1445,31.407149542006664,0.28962496435269713,0
1446,31.419988957990427,0.24287501582875848,0
1447,31.432780125003774,0.2757500042207539,0
1448,31.44560029200511,0.3024580073542893,0
1449,31.458454333012924,0.27774996124207973,0
1450,31.471098874986637,0.3773749922402203,0
1451,31.482788749970496,0.34137500915676355,0
1452,31.495676624996122,0.29333302518352866,0
1453,31.507510791998357,0.32762502087280154,0
1454,31.52039020799566,0.376791984308511,0
1455,31.53332337498432,0.3244580002501607,0
1456,31.546203333011363,0.33833400812000036,0
1457,31.559098707977682,,1
1458,31.672041916986927,0.5037499940954149,0
1459,31.68511041702004,0.38120796671137214,0
1460,31.698043833021075,0.28449995443224907,0
1461,31.709578083013184,0.3215419710613787,0
1462,31.721552125003655,,1
1463,31.833906167012174,0.3542499616742134,0
1464,31.844694208004512,0.2678749733604491,0
1465,31.85608175001107,0.25337497936561704,0
1466,31.86760925000999,0.3017919952981174,0
1467,31.879265457973816,,1
1468,31.99251966702286,0.46337494859471917,0
1469,32.00382470799377,0.3933749976567924,0
1470,32.01555616699625,0.3959159948863089,0
1471,32.02850766701158,0.33491599606350064,0
1472,32.04139029199723,0.31891599064692855,0
1473,32.05376920802519,0.38808397948741913,0
1474,32.06671337498119,0.2913330099545419,0
1475,32.07722095801728,0.26779196923598647,0
1476,32.08768862497527,0.272250035777688,0
1477,32.100502374989446,0.2721250057220459,0
1478,32.11324441700708,0.34795800456777215,0
1479,32.126136749982834,0.3347080200910568,0
1480,32.139017958019394,0.3232919843867421,0
1481,32.15189279202605,0.27795799542218447,0
1482,32.163265666982625,0.2639160375110805,0
1483,32.175003250013106,0.24087500059977174,0
1484,32.187778750027064,0.3291670000180602,0
1485,32.20065324997995,,1
1486,32.31315433298005,0.5148340133018792,0
1487,32.32624162500724,0.27608301024883986,0
1488,32.337693082983606,0.24662504438310862,0
1489,32.35049554199213,0.21475000539794564,0
1490,32.363257332996,0.19491702551022172,0
1491,32.37600524997106,0.20933302585035563,0
1492,32.38768412498757,0.18312502652406693,0
1493,32.40044358302839,0.19362499006092548,0
1494,32.41321083297953,0.20066701108589768,0
1495,32.425949249998666,0.18604198703542352,0
1496,32.43769774999237,0.18454203382134438,0
1497,32.450434166996274,0.20604097517207265,0
1498,32.461572457978036,,1
1499,32.575329250015784,0.50708296475932,0
1500,32.58769012498669,0.2852919860742986,0
1501,32.60052924999036,0.22679200628772378,0
1502,32.61096374999033,0.2852079924196005,0
1503,32.62217733298894,,1
1504,32.73528487497242,0.556000042706728,0
1505,32.74673908302793,0.3314169589430094,0
1506,32.759640333009884,0.43704197742044926,0
1507,32.771214207983576,0.42133399983868003,0
1508,32.78420799999731,0.4285830073058605,0
1509,32.79656729201088,0.4111250163987279,0
1510,32.8081898749806,0.31708303140476346,0
1511,32.8204812919721,0.32004102831706405,0
1512,32.83336045802571,0.2833339967764914,0
1513,32.84619437501533,0.2020419924519956,0
1514,32.85817066702293,0.21554098930209875,0
1515,32.87092037498951,0.1557079958729446,0
1516,32.88359812501585,0.13470801059156656,0
1517,32.89625220798189,0.14362501678988338,0
1518,32.90891145798378,0.1437499886378646,0
1519,32.92157204198884,0.1337080029770732,0
1520,32.93422491697129,0.15120801981538534,0
1521,32.946890000021085,0.14233298134058714,0
1522,32.95955550001236,0.1521249650977552,0
1523,32.97223483299604,0.1717500272206962,0
1524,32.98496229201555,0.3522500046528876,0
1525,32.995489125023596,0.16633298946544528,0
1526,33.0082147080102,0.1395419822074473,0
1527,33.02049987501232,0.2110829809680581,0
1528,33.033264541998506,0.18820801051333547,0
1529,33.046017625019886,0.20191696239635348,0
1530,33.058768666989636,0.19745802273973823,0
1531,33.0704807920265,,1
1532,33.18420379201416,0.543666013982147,0
1533,33.19657450000523,0.539708009455353,0
1534,33.20969154202612,0.353582960087806,0
1535,33.22261979198083,0.5510000046342611,0
1536,33.235746500024106,0.2817919594235718,0
1537,33.2466038329876,0.478917034342885,0
1538,33.25963366701035,,1
1539,33.37114524998469,0.34254201455041766,0
1540,33.382287207990885,0.3367920289747417,0
1541,33.395171666983515,0.22558303317055106,0
1542,33.407927457999904,0.20479201339185238,0
1543,33.42066129198065,0.18875004025176167,0
1544,33.43096941697877,0.5673750420100987,0
1545,33.44214875000762,,1
1546,33.555315707984846,0.9268750436604023,0
1547,33.569280292023905,1.34712498402223,0
1548,33.58324291702593,,1
1549,33.69549887499306,0.5484999855980277,0
1550,33.7075747079798,0.5378340138122439,0
1551,33.71941750001861,0.6012079538777471,0
1552,33.73265204200288,0.5380829679779708,0
1553,33.745784499973524,0.22445805370807648,0
1554,33.75703945802525,0.5083339638076723,0
1555,33.77012829197338,0.388041022233665,0
1556,33.78276099998038,0.4517080378718674,0
1557,33.79583083302714,0.4729999927803874,0
1558,33.808934708009474,0.41145901195704937,0
1559,33.82070633297553,0.48325001262128353,0
1560,33.83380174997728,0.2887500450015068,0
1561,33.845845000003465,0.20000000949949026,0
1562,33.85692129202653,,1
1563,33.969391332997475,,1
1564,34.087137957976665,0.3670420264825225,0
1565,34.10008837498026,0.543292029760778,0
1566,34.113198291976005,0.3929160302504897,0
1567,34.123851542011835,0.35983300767838955,0
1568,34.13684395799646,1.5506669878959656,0
1569,34.14868733298499,0.5356670008040965,0
1570,34.16186908300733,0.330834009218961,0
1571,34.17239075002726,,1
1572,34.285223666985985,0.2966250176541507,0
1573,34.29653104202589,0.2704159705899656,0
1574,34.30933387501864,0.2566250041127205,0
1575,34.32210783299524,0.19941700156778097,0
1576,34.33485479198862,0.33000000985339284,0
1577,34.34647054201923,0.4670409834943712,0
1578,34.35959812498186,0.4790000384673476,0
1579,34.37203629198484,0.441625015810132,0
1580,34.38332583301235,0.34437497379258275,0
1581,34.39625245798379,0.4082089872099459,0
1582,34.409247917006724,,1
1583,34.52101166697685,0.599374994635582,0
1584,34.534207792021334,0.5233329720795155,0
1585,34.54734166699927,0.4440000047907233,0
1586,34.559356416983064,0.6236250046640635,0
1587,34.570990332984366,0.5114999949000776,0
1588,34.58390137500828,0.41033298475667834,0
1589,34.59688529197592,0.3755000070668757,0
1590,34.60801762499614,0.5962920258753002,0
1591,34.621444042015355,0.34087500534951687,0
1592,34.63266275002388,0.33791695022955537,0
1593,34.645218916994054,0.4615830257534981,0
1594,34.656233332993,0.42808399302884936,0
1595,34.66926187498029,0.4261250142008066,0
1596,34.680003457993735,1.3229590258561075,0
1597,34.69395266700303,0.5852080066688359,0
1598,34.70715295802802,0.309124996419996,0
1599,34.719490416988265,0.3191659925505519,0
1600,34.73239416698925,0.43304101563990116,0
1601,34.745396582991816,0.2817499917000532,0
1602,34.75573179201456,0.24870800552889705,0
1603,34.76677941699745,0.262790999840945,0
1604,34.77865504199872,0.24883297737687826,0
1605,34.79144937498495,0.2763750380836427,0
1606,34.80428600002779,,1
1607,34.918052792025264,,1
1608,35.03191366698593,0.3487910144031048,0
1609,35.04481549997581,0.20845804829150438,0
1610,35.05756404198473,0.1736659905873239,0
1611,35.07025570800761,0.15904201427474618,0
1612,35.08293270802824,0.1615839428268373,0
1613,35.09561462502461,0.1390419784002006,0
1614,35.108282917004544,0.2223330084234476,0
1615,35.12106266699266,,1
1616,35.23455741698854,0.4035410238429904,0
1617,35.24751966702752,0.2568749478086829,0
1618,35.2603165829787,0.217209046240896,0
1619,35.27125495800283,0.24845899315550923,0
1620,35.28408012498403,0.2310420386493206,0
1621,35.296862291987054,0.21733302855864167,0
1622,35.30904791702051,0.2794580068439245,0
1623,35.320325542008504,0.2840409870259464,0
1624,35.33215408300748,0.31095900340005755,0
1625,35.34500400000252,0.2698749885894358,0
1626,35.35784429201158,0.2846659626811743,0
1627,35.37066216702806,0.26233296375721693,0
1628,35.38346245797584,0.26654201792553067,0
1629,35.39627529197605,0.3434999962337315,0
1630,35.40915149997454,,1
1631,35.525430832989514,0.4371670074760914,0
1632,35.53716737497598,0.36283303052186966,0
1633,35.55009049997898,0.36645802902057767,0
1634,35.562997000000905,0.3262920072302222,0
1635,35.57586383301532,0.29141700360924006,0
1636,35.588109707983676,0.2904590219259262,0
1637,35.60019308299525,0.3117920132353902,0
1638,35.613050666986965,0.3613749868236482,0
1639,35.625948791974224,0.2797500346787274,0
1640,35.637584000010975,0.25637500220909715,0
1641,35.65038404200459,0.3344580181874335,0
1642,35.66328970802715,0.3197089536115527,0
1643,35.67481566697825,,1
1644,35.788608916976955,0.36450003972277045,0
1645,35.79931174998637,0.234208011534065,0
1646,35.81211262498982,0.3434999962337315,0
1647,35.824984000006225,0.31987502006813884,0
1648,35.836385582981165,0.23900001542642713,0
1649,35.847021457972005,0.2560840221121907,0
1650,35.85984741698485,0.2377500059083104,0
1651,35.870978542021476,0.23433298338204622,0
1652,35.88213149999501,0.3499999875202775,0
1653,35.893987542018294,0.29870797879993916,0
1654,35.90684291697107,0.26883301325142384,0
1655,35.919664875022136,0.2699169563129544,0
1656,35.93008808302693,0.3386249882169068,0
1657,35.94133779202821,0.31995796598494053,0
1658,35.953904916998,5.96179103013128,0
1659,35.97216808301164,0.4652919596992433,0
1660,35.98521495802561,,1
1661,36.09750445798272,0.41129201417788863,0
1662,36.110479832976125,0.26108400197699666,0
1663,36.12120454199612,0.264582980889827,0
1664,36.13382383302087,0.3381669521331787,0
1665,36.14549600001192,0.34670799504965544,0
1666,36.158384417009074,0.2947910106740892,0
1667,36.17123687500134,,1
1668,36.28431429201737,2.7961659943684936,0
1669,36.30033420800464,0.4706250037997961,0
1670,36.31243762501981,0.5695829750038683,0
1671,36.32560008298606,0.34316699020564556,0
1672,36.336121917003766,0.37525000516325235,0
1673,36.349068916984834,0.307333015371114,0
1674,36.35982612497173,0.3647920093499124,0
1675,36.37227508297656,0.22958399495109916,0
1676,36.385053291975055,0.30975003028288484,0
1677,36.397709292010404,0.4201660049147904,0
1678,36.40868362499168,0.3072079853154719,0
1679,36.42098462500144,0.7762919995002449,0
1680,36.43432208301965,0.26779196923598647,0
1681,36.446347083023284,,1
1682,36.56014741701074,0.49825001042336226,0
1683,36.57163791701896,0.5248329835012555,0
1684,36.58390712499386,0.5064579891040921,0
1685,36.59603600000264,0.4967920249328017,0
1686,36.60702737502288,0.46683294931426644,0
1687,36.61755937500857,0.46558299800381064,0
1688,36.62938729202142,,1
1689,36.74290104198735,,1
1690,36.855352416983806,0.5039580282755196,0
1691,36.86722991702845,,1
1692,36.98120304197073,0.6290830206125975,0
1693,36.993477375013754,0.469457998406142,0
1694,37.004305833019316,0.3099589957855642,0
1695,37.016638041997794,0.4497499903663993,0
1696,37.02774041699013,0.47104101395234466,0
1697,37.039305666985456,1.2974159908480942,0
1698,37.05171995802084,0.5371669540181756,0
1699,37.06419654202182,0.48429099842906,0
1700,37.07605979201617,0.5468750023283064,0
1701,37.089199708017986,0.3820419660769403,0
1702,37.10216925002169,0.832833000458777,0
1703,37.11561724997591,0.44216704554855824,0
1704,37.12864687497495,0.30866701854392886,0
1705,37.14094420801848,0.33199996687471867,0
1706,37.15387625002768,0.41995797073468566,0
1707,37.16472570801852,0.3440839936956763,0
1708,37.177639042027295,0.37470797542482615,0
1709,37.190571666986216,0.3107910160906613,0
1710,37.20302870799787,0.26279198937118053,0
1711,37.21586279198527,0.42891601333394647,0
1712,37.22796941699926,0.44187501771375537,0
1713,37.24100766697666,,1
1714,37.35343291697791,0.542583002243191,0
1715,37.366052541998215,0.3618749906308949,0
1716,37.378837166994344,0.4623330314643681,0
1717,37.39068245800445,0.902708969078958,0
1718,37.40425691701239,0.5191660020500422,0
1719,37.41601541702403,0.5132909864187241,0
1720,37.429124457994476,0.42795902118086815,0
1721,37.44064525002614,0.2133329981006682,0
1722,37.45140916702803,0.17445796402171254,0
1723,37.463144208013546,,1
1724,37.57478704198729,0.538958003744483,0
1725,37.58791104197735,0.4242910072207451,0
1726,37.60090633301297,0.3096669679507613,0
1727,37.61196266702609,0.2926659653894603,0
1728,37.62383504200261,0.2697079908102751,0
1729,37.635566791985184,0.39916601963341236,0
1730,37.64742333302274,0.26995898224413395,0
1731,37.659277667000424,0.280875014141202,0
1732,37.67170416697627,0.4950830480083823,0
1733,37.68421404197579,0.440916046500206,0
1734,37.696382457972504,0.4723340389318764,0
1735,37.7071992920246,,1
1736,37.8184425419895,0.5810000002384186,0
1737,37.83037079201313,0.4855410079471767,0
1738,37.84345341700828,0.44958299258723855,0
1739,37.85649737500353,0.442666991148144,0
1740,37.86958495801082,0.5482920096255839,0
1741,37.88253187498776,,1
1742,37.99646808300167,0.5136670079082251,0
1743,38.007213499979116,0.44999999227002263,0
1744,38.020261832978576,0.43329200707376003,0
1745,38.03246066701831,0.5126659525558352,0
1746,38.04556770797353,0.4383750492706895,0
1747,38.0567388330237,0.33199996687471867,0
1748,38.069648000004236,0.5181250162422657,0
1749,38.081630625005346,0.3260420053265989,0
1750,38.09351695800433,0.315624987706542,0
1751,38.10431466699811,0.2953329822048545,0
1752,38.11716312501812,0.376041978597641,0
1753,38.128908541984856,0.4107910208404064,0
1754,38.1404433749849,0.5397920031100512,0
1755,38.1523067500093,0.2936249948106706,0
1756,38.165188167011365,0.4023329820483923,0
1757,38.17815329198493,0.21416600793600082,0
1758,38.19092333299341,0.2809999859891832,0
1759,38.20271079201484,0.3018329734914005,0
1760,38.213226124993525,0.49404200399294496,0
1761,38.22629479202442,0.2015409991145134,0
1762,38.2375789170037,0.17920800019055605,0
1763,38.24861791700823,0.16066600801423192,0
1764,38.260669542010874,0.17025001579895616,0
1765,38.27253000001656,,1
1766,38.38598808302777,0.5422499962151051,0
1767,38.39778091700282,0.49966596998274326,0
1768,38.41086758300662,0.27604197384789586,0
1769,38.42370591702638,0.3968749660998583,0
1770,38.43669658299768,0.5408339784480631,0
1771,38.44924666697625,0.7917910115793347,0
1772,38.462169541977346,,1
1773,38.57562499999767,0.48408302245661616,0
1774,38.5869619169971,0.34808297641575336,0
1775,38.598242666979786,0.592124997638166,0
1776,38.610774750006385,0.41516701458022,0
1777,38.62379720801255,0.48391701420769095,0
1778,38.636047124979086,0.4919579951092601,0
1779,38.64913995802635,0.5037499940954149,0
1780,38.660169292008504,0.34504098584875464,0
1781,38.670987833000254,0.639208999928087,0
1782,38.68340195802739,,1
1783,38.795100292016286,0.35399995977059007,0
1784,38.808032499975525,,1
1785,38.92095966701163,0.4907500115223229,0
1786,38.93403970799409,0.4264590097591281,0
1787,38.94469483301509,0.36266696406528354,0
1788,38.957316917018034,0.29199995333328843,0
1789,38.96840958297253,,1
1790,39.08217233297182,0.2672090195119381,0
1791,39.09311737498501,0.3397919936105609,0
1792,39.10615154198604,0.34258299274370074,0
1793,39.11859129200457,0.6319159874692559,0
1794,39.13158641697373,0.38841605419293046,0
1795,39.1445426249993,0.29912497848272324,0
1796,39.15534108300926,0.6104590138420463,0
1797,39.16719354200177,0.467624980956316,0
1798,39.18028470798163,0.6308750016614795,0
1799,39.19220404198859,0.4392080008983612,0
1800,39.204350291984156,0.5710000405088067,0
1801,39.21753287501633,,1
1802,39.33046812500106,0.3682919777929783,0
1803,39.343383667001035,0.3588750259950757,0
1804,39.35628562502097,0.23191695800051093,0
1805,39.36904029198922,0.2294160076417029,0
1806,39.381808916979935,0.34616602351889014,0
1807,39.394738083006814,0.27600000612437725,0
1808,39.40519795799628,0.3140839980915189,0
1809,39.41809975000797,0.41045801481232047,0
1810,39.42955987498863,0.4302079905755818,0
1811,39.44495320797432,0.38270902587100863,0
1812,39.45793862501159,0.7405419601127505,0
1813,39.47045562497806,0.7237920071929693,0
1814,39.48490799998399,0.5357080372050405,0
1815,39.49666200001957,0.41516695637255907,0
1816,39.50850020797225,0.3612920409068465,0
1817,39.52035250002518,0.43712498154491186,0
1818,39.533382249996066,0.5187499918974936,0
1819,39.54650325002149,0.31591695733368397,0
1820,39.557706792023964,0.4500409704633057,0
1821,39.570745999983046,1.4671669923700392,0
1822,39.58251658297377,0.41441700886934996,0
1823,39.59556412498932,0.482542032841593,0
1824,39.60693900001934,0.3940419992431998,0
1825,39.61993020802038,0.6160839693620801,0
1826,39.63267812499544,1.5476249973289669,0
1827,39.64684000000125,0.6749170133844018,0
1828,39.658244082995225,0.4837919841520488,0
1829,39.67150733299786,,1
1830,39.785543208010495,,1
1831,39.898963666986674,0.6147910025902092,0
1832,39.910855582973454,0.5152920493856072,0
1833,39.923984249995556,0.526999996509403,0
1834,39.93711883301148,,1
1835,40.050980207975954,0.49270904855802655,0
1836,40.06324758299161,0.5595419788733125,0
1837,40.07510341698071,0.49350003246217966,0
1838,40.088559333002195,0.5776669713668525,0
1839,40.10174958297284,0.5610420485027134,0
1840,40.11266904202057,0.5794159951619804,0
1841,40.12528191698948,0.5743330111727118,0
1842,40.13854579202598,0.5261659971438348,0
1843,40.15169608301949,0.6324590067379177,0
1844,40.16349045798415,0.7947920239530504,0
1845,40.17457916698186,,1
1846,40.28631595801562,0.5558339762501419,0
1847,40.29826516698813,0.6150000263005495,0
1848,40.31156279199058,,1
1849,40.425556666974444,0.45250001130625606,0
1850,40.438667625014205,0.5583330057561398,0
1851,40.4518350000144,0.5267079686746001,0
1852,40.46498829202028,,1
1853,40.57891279197065,0.452833017334342,0
1854,40.589898957987316,,1
1855,40.702029832988046,0.5201250314712524,0
1856,40.71515750000253,0.4326250054873526,0
1857,40.726072999997996,0.5198750295676291,0
1858,40.73712349997368,2.792708051856607,0
1859,40.75195162498858,0.6297500221990049,0
1860,40.76521591702476,0.5582500016316772,0
1861,40.77829216700047,0.5034580244682729,0
1862,40.791101125010755,0.39125001057982445,0
1863,40.80410358298104,0.6328340386971831,0
1864,40.818342333019245,0.7487919647246599,0
1865,40.830746292020194,0.4766249912790954,0
1866,40.84253504197113,0.576250022277236,0
1867,40.85438716702629,0.8852079627104104,0
1868,40.867686124984175,,1
1869,40.98134779202519,0.38062495877966285,0
1870,40.994315167015884,0.394499977119267,0
1871,41.00730208301684,0.3943339688703418,0
1872,41.020321167015936,0.6062909960746765,0
1873,41.034688458021265,,1
1874,41.14863624999998,0.5964169977232814,0
1875,41.16086008300772,0.5130000063218176,0
1876,41.17279658297775,0.4748750361613929,0
1877,41.18590437498642,0.5262080230750144,0
1878,41.19913974998053,0.4493329906836152,0
1879,41.21223362500314,0.5098750116303563,0
1880,41.224579708010424,0.37237501237541437,0
1881,41.236504125001375,0.5758749903179705,0
1882,41.24840641702758,0.6441659643314779,0
1883,41.26167712500319,0.7582500111311674,0
1884,41.27675583300879,0.33483398146927357,0
1885,41.28916187497089,0.35258301068097353,0
1886,41.302127333008684,0.4649590118788183,0
1887,41.315672374970745,0.5622919998131692,0
1888,41.32885691698175,0.5385410040616989,0
1889,41.34135737497127,,1
1890,41.453830583021045,0.6322499830275774,0
1891,41.467237457982264,0.3395840176381171,0
1892,41.48013812501449,0.3654169850051403,0
1893,41.49122454202734,0.3499999875202775,0
1894,41.50172937498428,0.2887920127250254,0
1895,41.512964249996,0.2830000012181699,0
1896,41.525966082990635,0.4134590271860361,0
1897,41.538504166994244,0.8381250081583858,0
1898,41.549849417002406,0.40850002551451325,0
1899,41.56286504201125,0.506750016938895,0
1900,41.5753972500097,0.42454199865460396,0
1901,41.58597633300815,0.5600419826805592,0
1902,41.59907162497984,,1
1903,41.713201667007525,0.4172910121269524,0
1904,41.72556845797226,0.8884590351954103,0
1905,41.739070957992226,0.5442500114440918,0
1906,41.75423050002428,1.5558750019408762,0
1907,41.76655254198704,0.5402910173870623,0
1908,41.778788750001695,0.6312080076895654,0
1909,41.78990379197057,0.7577910437248647,0
1910,41.80104804201983,1.125332957599312,0
1911,41.812389708007686,0.4688340122811496,0
1912,41.825886707985774,0.5032090120948851,0
1913,41.83898054197198,0.3767500165849924,0
1914,41.85102437500609,0.44420798076316714,0
1915,41.86354162497446,0.8766670362092555,0
1916,41.87539895798545,0.29495899798348546,0
1917,41.88830874999985,,1
1918,42.00937766698189,0.44666603207588196,0
1919,42.021134999988135,,1
1920,42.134663707984146,0.3671250306069851,0
1921,42.14761541702319,0.47799997264519334,0
1922,42.1607049999875,,1
1923,42.274735958024394,0.7487089606001973,0
1924,42.28792866697768,0.6226660334505141,0
1925,42.29964912502328,0.5380419897846878,0
1926,42.31219329201849,0.5383329698815942,0
1927,42.325341875024606,0.4296249826438725,0
1928,42.337280875013676,0.5288749816827476,0
1929,42.34915258298861,0.5155840190127492,0
1930,42.36229687498417,0.5339169874787331,0
1931,42.37544595799409,0.4948339774273336,0
1932,42.38689249998424,0.48162502935156226,0
1933,42.399393083003815,0.2972499933093786,0
1934,42.41053758299677,0.43566699605435133,0
1935,42.42358950001653,0.5724579677917063,0
1936,42.43435587501153,0.5435419734567404,0
1937,42.44752270798199,0.46845903852954507,0
1938,42.46016570797656,1.1522920103743672,0
1939,42.47331487498013,0.48400001833215356,0
1940,42.48508891701931,0.6395409582182765,0
1941,42.49838649999583,0.4544170224107802,0
1942,42.50977241701912,0.5815409822389483,0
1943,42.52158925001277,,1
1944,42.635295999993104,0.4504169919528067,0
1945,42.64835095801391,0.41791697731241584,0
1946,42.66136495798128,0.4468749975785613,0
1947,42.67443016701145,0.544374983292073,0
1948,42.68544179201126,0.4664579755626619,0
1949,42.69852604198968,0.4778330330736935,0
1950,42.71214641700499,0.47687499318271875,0
1951,42.725007249973714,0.4743330064229667,0
1952,42.738184041983914,0.5233330302871764,0
1953,42.74923579202732,0.5577079718932509,0
1954,42.76040750002721,0.38241699803620577,0
1955,42.77233608299866,0.453874992672354,0
1956,42.785396291990764,0.4205830045975745,0
1957,42.79616562498268,,1
1958,42.90876474999823,0.37820800207555294,0
1959,42.92171308299294,0.2447500010021031,0
1960,42.932635792007204,0.35445799585431814,0
1961,42.94558012497146,0.3025830374099314,0
1962,42.9576481669792,3.274583024904132,0
1963,42.97110679198522,0.34079101169481874,0
1964,42.98405750002712,0.42162497993558645,0
1965,42.99706108297687,0.29545900179073215,0
1966,43.00992275000317,0.29812497086822987,0
1967,43.020970374986064,0.20941701950505376,0
1968,43.03373287501745,0.3145829541608691,0
1969,43.04661504202522,0.33024995354935527,0
1970,43.05945666698972,0.4790829843841493,0
1971,43.072064041974954,0.36641600308939815,0
1972,43.08331612497568,0.34733302891254425,0
1973,43.09631462499965,0.524125003721565,0
1974,43.10767770797247,1.429709023796022,0
1975,43.120118291990366,0.4879580228589475,0
1976,43.133200916985516,0.49700000090524554,0
1977,43.14630500000203,0.5286670057103038,0
1978,43.15943620802136,0.38283399771898985,0
1979,43.17156279197661,0.2620830200612545,0
1980,43.1826374999946,0.508250028360635,0
1981,43.193262042012066,0.4385409993119538,0
1982,43.20606845797738,0.298250000923872,0
1983,43.21893395797815,0.3760000108741224,0
1984,43.22978604200762,0.322124978993088,0
1985,43.24201666697627,0.5105410236865282,0
1986,43.25400037498912,0.49045798368752,0
1987,43.264745332999155,0.5451670149341226,0
1988,43.27814083301928,0.5237089935690165,0
1989,43.29125354200369,1.8134579877369106,0
1990,43.30540574999759,,1
1991,43.42022241698578,0.48995803808793426,0
1992,43.4328319170163,0.32787496456876397,0
1993,43.44347708299756,0.45529199996963143,0
1994,43.45652958302526,0.570042000617832,0
1995,43.469149707991164,0.4160419921390712,0
1996,43.482268500025384,0.7594579947181046,0
1997,43.495682917011436,0.3013749956153333,0
1998,43.50643970799865,0.2555419923737645,0
1999,43.51925879198825,0.23804098600521684,0
2000,43.53207704197848,0.3167910035699606,0
2001,43.54495854198467,0.29816600726917386,0
2002,43.55765504197916,0.8362079970538616,0
2003,43.5705366670154,0.3151659620925784,0
2004,43.5812922079931,0.47575001372024417,0
2005,43.59435400000075,0.27004198636859655,0
2006,43.60535316698952,0.2194159897044301,0
2007,43.61811250000028,0.2548330230638385,0
2008,43.629492292006034,0.24924997705966234,0
2009,43.642285167006776,0.2312079886905849,0
2010,43.655054832983296,0.30854198848828673,0
2011,43.66791191697121,0.2542500151321292,0
2012,43.679807832988445,0.25616702623665333,0
2013,43.69260991702322,0.21554098930209875,0
2014,43.705359250016045,0.17212500097230077,0
2015,43.718059916980565,0.24795799981802702,0
2016,43.73084754199954,0.22262497805058956,0
2017,43.74362362502143,0.19266695016995072,0
2018,43.755706000025384,0.31520798802375793,0
2019,43.76931887498358,1.4319579931907356,0
2020,43.78333633299917,0.30616699950769544,0
2021,43.79618879198097,0.32008299604058266,0
2022,43.80906545801554,,1
2023,43.920931291999295,1.2470409856177866,0
2024,43.93479666701751,0.4789159866049886,0
2025,43.94788300001528,0.46333298087120056,0
2026,43.95869883301202,0.9100839961320162,0
2027,43.97225508297561,0.5765420501120389,0
2028,43.98542679200182,0.5880409735254943,0
2029,43.99612562498078,0.5688330275006592,0
2030,44.00931100000162,0.4837079904973507,0
2031,44.02022674999898,1.6467079985886812,0
2032,44.03250754199689,2.6208750205114484,0
2033,44.045346207974944,0.6642500520683825,0
2034,44.05863029201282,0.4452909925021231,0
2035,44.06957175000571,0.46675000339746475,0
2036,44.081632416986395,0.7306660409085453,0
2037,44.09287079202477,0.4807909717783332,0
2038,44.10595379199367,0.5237080040387809,0
2039,44.116967333015054,0.5147919873706996,0
2040,44.12787470797775,0.5123750306665897,0
2041,44.140682375000324,0.5241669714450836,0
2042,44.15384191699559,0.5452909972518682,0
2043,44.16472987498855,0.5231249961070716,0
2044,44.17609433300095,0.41924999095499516,0
2045,44.18861058301991,,1
2046,44.302625874988735,0.4503329982981086,0
2047,44.313261749979574,0.3060420276597142,0
2048,44.3251027080114,0.2869169693440199,0
2049,44.336296874971595,0.3207920235581696,0
2050,44.34814562497195,,1
2051,44.46149337501265,,1
2052,44.57480220799334,0.5054170032963157,0
2053,44.58789829199668,0.33679098123684525,0
2054,44.60082854202483,0.5754159647040069,0
2055,44.612770207982976,0.2847500145435333,0
2056,44.625617249985225,0.35304203629493713,0
2057,44.63777620799374,0.356542004738003,0
2058,44.65020216698758,0.32175000524148345,0
2059,44.6627672080067,0.7692499784752727,0
2060,44.676177666988224,0.42704102816060185,0
2061,44.68846333300462,0.48929196782410145,0
2062,44.701563792012166,0.568290997762233,0
2063,44.714753167005256,0.4928329726681113,0
2064,44.72681104199728,0.4888750263489783,0
2065,44.73990300000878,0.4652079660445452,0
2066,44.752975667011924,0.49345800653100014,0
2067,44.76607716700528,0.5147909978404641,0
2068,44.7791936249705,0.449208018835634,0
2069,44.7915290829842,0.6883339956402779,0
2070,44.80480208300287,0.37516700103878975,0
2071,44.81581412500236,,1
2072,44.929666041978635,0.6733330083079636,0
2073,44.94341179198818,0.37120800698176026,0
2074,44.95816195802763,1.2249589781276882,0
2075,44.97182754200185,0.29979099053889513,0
2076,44.98306629201397,0.7000829791650176,0
2077,44.994625042018015,0.3898749710060656,0
2078,45.00793750002049,0.32537500374019146,0
2079,45.020257249998394,0.41099998634308577,0
2080,45.03327800001716,0.37833297392353415,0
2081,45.04590120801004,0.3940419992431998,0
2082,45.058927042002324,0.3797910176217556,0
2083,45.069985750014894,0.4022499779239297,0
2084,45.08135270798812,0.37037499714642763,0
2085,45.09432450000895,0.30104198958724737,0
2086,45.107193125004414,0.3891250235028565,0
2087,45.12016929197125,0.3885410260409117,0
2088,45.131566416996066,0.4095829790458083,0
2089,45.14286120800534,0.2766670077107847,0
2090,45.15445658302633,0.2552919904701412,0
2091,45.16481033299351,0.3695000195875764,0
2092,45.17575116700027,0.3054579719901085,0
2093,45.1888047499815,1.027583028189838,0
2094,45.20344404201023,0.5221659666858613,0
2095,45.21483408298809,,1
2096,45.32867770799203,0.571875018067658,0
2097,45.34069670800818,0.5338339833542705,0
2098,45.353746958018746,0.48887496814131737,0
2099,45.36491775000468,0.4314580000936985,0
2100,45.377944833016954,,1
2101,45.49169583298499,0.3389590419828892,0
2102,45.50287708302494,0.4165419959463179,0
2103,45.51590466697235,0.4807080258615315,0
2104,45.52780637500109,0.4054579767398536,0
2105,45.54081337497337,0.48275000881403685,0
2106,45.552397417020984,0.3820830024778843,0
2107,45.564272208022885,0.40370895294472575,0
2108,45.57728445797693,0.5879590171389282,0
2109,45.589855499973055,0.5511250346899033,0
2110,45.60171174997231,0.4971669986844063,0
2111,45.613486082991585,0.5524589796550572,0
2112,45.62521799997194,0.2815420157276094,0
2113,45.637081041990314,0.4482080112211406,0
2114,45.648938124999404,0.43295801151543856,0
2115,45.66077687498182,0.4759170114994049,0
2116,45.67252958298195,0.3333340282551944,0
2117,45.683481833024416,0.4615839570760727,0
2118,45.69654554198496,0.502375012729317,0
2119,45.7082172500086,0.4889169940724969,0
2120,45.72130808298243,0.4574590129777789,0
2121,45.73484741698485,0.5829579895362258,0
2122,45.747645499999635,0.3097499720752239,0
2123,45.75948766700458,0.45008299639448524,0
2124,45.7725371249835,0.4551670281216502,0
2125,45.78320008300943,0.32225000904873013,0
2126,45.79505812498974,0.35379198379814625,0
2127,45.80695816699881,0.2788329729810357,0
2128,45.818773499981035,0.3528330125845969,0
2129,45.83170912502101,0.3499999875202775,0
2130,45.84436099999584,0.28670800384134054,0
2131,45.8572127079824,0.3304170095361769,0
2132,45.87005583301652,0.3002499579451978,0
2133,45.881571332982276,0.2221670001745224,0
2134,45.89433579199249,0.22070802515372634,0
2135,45.90712770802202,0.24483399465680122,0
2136,45.91990987502504,0.21420797565951943,0
2137,45.9327059580246,0.42449997272342443,0
2138,45.94569295801921,0.24720898363739252,0
2139,45.958480458008125,0.23762497585266829,0
2140,45.971275457995944,0.3227089764550328,0
2141,45.98419741698308,0.27241604402661324,0
2142,45.99591912497999,0.2591669908724725,0
2143,46.00873599998886,0.24470803327858448,0
2144,46.02122670802055,0.3233339521102607,0
2145,46.03411395801231,0.2702919882722199,0
2146,46.04695570800686,0.7159999804571271,0
2147,46.06031841697404,,1
2148,46.178304917004425,6.618332990910858,0
2149,46.19572870800039,0.30620902543887496,0
2150,46.20910804200685,0.4135830095037818,0
2151,46.22847249999177,0.5409169825725257,0
2152,46.24164333299268,0.2819590154103935,0
2153,46.25562391697895,0.530333025380969,0
2154,46.268723500019405,0.25229196762666106,0
2155,46.281477292010095,0.3392499638721347,0
2156,46.2922333329916,0.40137500036507845,0
2157,46.30632687499747,0.2727080136537552,0
2158,46.317869291990064,0.3718750085681677,0
2159,46.330807957972866,0.4295000107958913,0
2160,46.34381691698218,0.3132080310024321,0
2161,46.355439791979734,0.13666599988937378,0
2162,46.36730354197789,0.2501660492271185,0
2163,46.3801092079957,0.26133400388062,0
2164,46.390641500009224,0.2097499673254788,0
2165,46.402441292011645,0.38225000025704503,0
2166,46.41417579201516,0.4593749763444066,0
2167,46.425990624993574,0.38287503411993384,0
2168,46.43779087497387,0.5809580325149,0
2169,46.449599708023015,,1
2170,46.56347458297387,0.45716704335063696,0
2171,46.57558549998794,0.33941701985895634,0
2172,46.587664458027575,,1
2173,46.701303332985844,0.41500001680105925,0
2174,46.71400812501088,0.25579199427738786,0
2175,46.72471887501888,2.4187919916585088,0
2176,46.73725133301923,,1
2177,46.85136537498329,,1
2178,46.9641063750023,0.3582080244086683,0
2179,46.977041458012536,0.33354200422763824,0
2180,46.987924041983206,,1
2181,47.099985375010874,0.7000420009717345,0
2182,47.11216566700023,,1
2183,47.22598237497732,0.44891703873872757,0
2184,47.238264042011,0.23337500169873238,0
2185,47.25107758300146,0.28837501304224133,0
2186,47.26177400001325,0.39941701106727123,0
2187,47.27476558298804,0.39104203460738063,0
2188,47.285974957980216,0.40075002470985055,0
2189,47.29785383300623,0.4294589743949473,0
2190,47.310876375006046,,1
2191,47.42484129202785,0.578374951146543,0
2192,47.437659416988026,0.5333329900167882,0
2193,47.450795333017595,0.41812495328485966,0
2194,47.46297508297721,0.5067090387456119,0
2195,47.476122582971584,0.41616702219471335,0
2196,47.48866387497401,0.43233303586021066,0
2197,47.50052562501514,0.6843329756520689,0
2198,47.51216433302034,0.3507499932311475,0
2199,47.52373237500433,0.35491702146828175,0
2200,47.53668254200602,0.5051660118624568,0
2201,47.54989012499573,0.46687497524544597,0
2202,47.5629764579935,0.29195903334766626,0
2203,47.57583941699704,0.47920801443979144,0
2204,47.58892491698498,0.4498329944908619,0
2205,47.60066870797891,0.45950000640004873,0
2206,47.61373641702812,0.5875829956494272,0
2207,47.62694212497445,0.5191670497879386,0
2208,47.6400709580048,0.5440419772639871,0
2209,47.652036332990974,,1
2210,47.7645482919761,0.5024160491302609,0
2211,47.77765495801577,0.47495897160843015,0
2212,47.788596917001996,0.27787499129772186,0
2213,47.80016958300257,0.4057500045746565,0
2214,47.81316354201408,0.42987498454749584,0
2215,47.82618445798289,,1
2216,47.93831220798893,0.45533402590081096,0
2217,47.95134725002572,,1
2218,48.064467624993995,0.3326250007376075,0
2219,48.0773370420211,0.2578749554231763,0
2220,48.089617541991174,0.31604099785909057,0
2221,48.10249520797515,0.3823340521194041,0
2222,48.115481208020356,0.2537499531172216,0
2223,48.12631183298072,,1
2224,48.240164750022814,0.6075419951230288,0
2225,48.253432207973674,0.4894169978797436,0
2226,48.26461345801363,0.4848749958910048,0
2227,48.27768158301478,0.47845899825915694,0
2228,48.288715332979336,0.5643340409733355,0
2229,48.301862207998056,0.4775840207003057,0
2230,48.31491391698364,0.4848749958910048,0
2231,48.327970375015866,,1
2232,48.439863083011005,0.7760839653201401,0
2233,48.4532452080166,0.6096669821999967,0
2234,48.466438749979716,,1
2235,48.57923174998723,0.5374579923227429,0
2236,48.591011375014205,0.28262496925890446,0
2237,48.603858041984495,0.303708016872406,0
2238,48.61672925000312,0.3846249892376363,0
2239,48.628346666984726,0.45358302304521203,0
2240,48.64120416698279,0.5757079925388098,0
2241,48.654359749983996,0.4042080254293978,0
2242,48.66679175000172,3.0482920119538903,0
2243,48.68361837498378,0.42991701047867537,0
2244,48.696638167020865,0.38004096131771803,0
2245,48.709470207977574,0.3915000124834478,0
2246,48.7225372500252,0.44595799408853054,0
2247,48.733091291971505,0.40558300679549575,0
2248,48.74608062498737,0.3866670303978026,0
2249,48.759063666977454,0.4570410237647593,0
2250,48.77067487500608,0.3298330120742321,0
2251,48.78360641701147,0.3929579979740083,0
2252,48.79658870800631,0.44241698924452066,0
2253,48.80732091702521,0.3364579752087593,0
2254,48.82023366697831,0.35562500124797225,0
2255,48.83318800001871,0.4034999874420464,0
2256,48.84450991702033,0.34212495665997267,0
2257,48.85641954198945,0.2971659996546805,0
2258,48.86845483299112,0.3352499916218221,0
2259,48.880523875006475,0.46137499157339334,0
2260,48.89431233302457,0.38770894752815366,0
2261,48.906434417003766,0.3129999968223274,0
2262,48.91803133301437,0.33366697607561946,0
2263,48.92994758300483,0.48749998677521944,0
2264,48.94310970802326,,1
2265,49.05551924998872,0.3885829937644303,0
2266,49.06848625000566,0.2921670093201101,0
2267,49.08133508299943,0.3218339988961816,0
2268,49.097063999972306,,1
2269,49.21101750002708,0.5450419848784804,0
2270,49.22309149999637,0.47254201490432024,0
2271,49.23617049999302,0.4565829876810312,0
2272,49.249238583026454,0.45966694597154856,0
2273,49.261310249974485,0.8393330499529839,0
2274,49.27451341698179,0.3965410287491977,0
2275,49.2871724999859,0.3325419966131449,0
2276,49.298021624970715,0.3075420390814543,0
2277,49.31091166700935,0.34737499663606286,0
2278,49.323482875013724,0.2571669756434858,0
2279,49.335716417001095,0.32379099866375327,0
2280,49.34734487498645,0.3618749906308949,0
2281,49.36029504198814,0.3986660158261657,0
2282,49.373261916975025,0.24029100313782692,0
2283,49.38608129200293,0.23458298528566957,0
2284,49.3988024580176,0.35674998071044683,0
2285,49.4117391249747,0.35137502709403634,0
2286,49.42400620802073,0.3631250001490116,0
2287,49.43695912498515,0.2683750353753567,0
2288,49.449794417014346,0.47233299119398,0
2289,49.46285487501882,0.2687079831957817,0
2290,49.475684457982425,0.2469590399414301,0
2291,49.48704833298689,,1
2292,49.599801999982446,0.4998330259695649,0
2293,49.61216283298563,0.40833401726558805,0
2294,49.62466441700235,0.3810829948633909,0
2295,49.63763366697822,0.36229100078344345,0
2296,49.650582499976736,0.3934170235879719,0
2297,49.662371332990006,0.4261669819243252,0
2298,49.674035875010304,0.47458300832659006,0
2299,49.68710999999894,0.39670802652835846,0
2300,49.69988979201298,0.390583008993417,0
2301,49.712856207974255,0.34591701114550233,0
2302,49.7239960419829,0.4475410096347332,0
2303,49.73563070798991,0.44941698433831334,0
2304,49.74868716701167,0.3310409956611693,0
2305,49.76087295799516,0.2724590012803674,0
2306,49.77170029201079,0.2782910014502704,0
2307,49.78453841700684,0.3067500074394047,0
2308,49.79734099999769,0.32645801547914743,0
2309,49.80916383297881,0.2999590360559523,0
2310,49.8214186669793,0.2914160140790045,0
2311,49.83350879198406,0.4451250424608588,0
2312,49.844451749988366,0.4112499882467091,0
2313,49.85744904197054,0.3339160466566682,0
2314,49.87034941697493,0.19570800941437483,0
2315,49.88186008302728,0.22245896980166435,0
2316,49.894630249997135,0.2400419907644391,0
2317,49.906718874990474,0.19649998284876347,0
2318,49.91945304197725,0.22087502293288708,0
2319,49.932225416996516,0.33145799534395337,0
2320,49.94447166699683,0.26191602228209376,0
2321,49.95727891701972,0.16216596122831106,0
2322,49.9699768749997,0.23804197553545237,0
2323,49.982410083001014,,1
2324,50.095306708011776,0.3933749976567924,0
2325,50.10743433301104,0.3867499763146043,0
2326,50.12040520802839,,1
2327,50.23427020799136,0.3712089965119958,0
2328,50.247203000006266,0.23258297005668283,0
2329,50.257974624983035,0.4071250441484153,0
2330,50.27097512502223,,1
2331,50.382917875016574,0.43229199945926666,0
2332,50.39593270799378,0.47441700007766485,0
2333,50.40739820798626,0.4219170077703893,0
2334,50.42040474998066,0.29016699409112334,0
2335,50.43326479202369,0.3707499708980322,0
2336,50.44549462501891,0.30441698618233204,0
2337,50.457629874988925,0.3357499954290688,0
2338,50.4705420419923,0.5743749788962305,0
2339,50.483691499975976,0.3854170208796859,0
2340,50.496478917018976,0.512500002514571,0
2341,50.509575042000506,0.5399580113589764,0
2342,50.520995582977775,0.6595420418307185,0
2343,50.5323003330268,0.6198749761097133,0
2344,50.54549579200102,0.5621250020340085,0
2345,50.55863808299182,0.5092500359751284,0
2346,50.57171162497252,0.42158301221206784,0
2347,50.58470349997515,0.4021250060759485,0
2348,50.597683542000595,,1
2349,50.711523542006034,0.6669579888693988,0
2350,50.72479700000258,0.6121249753050506,0
2351,50.737210332998075,1.5532089746557176,0
2352,50.749999332998414,0.49866701010614634,0
2353,50.76308825000888,0.43454201659187675,0
2354,50.77610087499488,0.3926249919459224,0
2355,50.78819350001868,0.4652499919757247,0
2356,50.798740957980044,0.47183403512462974,0
2357,50.80946637497982,0.462958007119596,0
2358,50.82140262500616,1.1010419693775475,0
2359,50.835101958015,0.6619999767281115,0
2360,50.84669862501323,0.4438749747350812,0
2361,50.85974562499905,0.2762500080280006,0
2362,50.87262749997899,0.4764579934999347,0
2363,50.884733207989484,0.41591702029109,0
2364,50.89554733299883,0.6057500140741467,0
2365,50.90874787501525,0.5530419875867665,0
2366,50.925177624973,1.637208042666316,0
2367,50.9395276249852,0.6305419956333935,0
2368,50.95069416699698,0.4445409867912531,0
2369,50.96375175000867,0.4463749937713146,0
2370,50.97625445801532,0.47558400547131896,0
2371,50.98918324999977,0.7454580045305192,0
2372,51.002534582978114,0.49866701010614634,0
2373,51.015644041995984,0.4385830252431333,0
2374,51.02713383297669,0.43629202991724014,0
2375,51.04330433299765,1.1862500105053186,0
2376,51.05581483297283,0.5533340154215693,0
2377,51.06714187498437,0.3821250284090638,0
2378,51.07900641701417,0.45958301052451134,0
2379,51.092054250009824,0.40904199704527855,0
2380,51.10433520801598,0.3522500046528876,0
2381,51.11728220799705,0.3968750243075192,0
2382,51.13027395802783,0.3946249489672482,0
2383,51.14326279197121,0.3676250344142318,0
2384,51.15426308300812,0.36629196256399155,0
2385,51.16720683302265,0.22108398843556643,0
2386,51.17984150000848,,1
2387,51.292661916988436,0.41987502481788397,0
2388,51.30451783299213,0.4199590184725821,0
2389,51.3175452920259,0.45974995009601116,0
2390,51.33028179197572,0.3970410325564444,0
2391,51.34126695798477,0.3144170041196048,0
2392,51.35203620797256,0.28666702564805746,0
2393,51.36488258297322,,1
2394,51.47778262500651,0.30399998649954796,0
2395,51.48963700002059,0.3014579997397959,0
2396,51.500202500028536,0.9448749478906393,0
2397,51.51395508297719,0.44991704635322094,0
2398,51.52701495797373,0.3878340357914567,0
2399,51.54015520797111,0.37816702388226986,0
2400,51.55310816701967,0.29075000202283263,0
2401,51.56596195802558,0.2709169639274478,0
2402,51.578805042023305,0.31887495424598455,0
2403,51.59169562498573,0.33654202707111835,0
2404,51.6043236249825,0.7702920120209455,0
2405,51.61776845797431,,1
2406,51.73168008297216,0.562500033993274,0
2407,51.74298445798922,,1
2408,51.854916375014,0.22654200438410044,0
2409,51.86716099997284,0.32583303982391953,0
2410,51.88006175000919,0.44008297845721245,0
2411,51.89239104202716,0.5150829674676061,0
2412,51.90560145798372,0.42500003473833203,0
2413,51.91862875001971,0.48758299089968204,0
2414,51.92946858302457,0.4045419627800584,0
2415,51.9425030000275,,1
2416,52.055804417002946,0.42562501039355993,0
2417,52.06883129198104,0.5470410105772316,0
2418,52.08194604201708,0.6823329604230821,0
2419,52.09549745800905,0.2811669837683439,0
2420,52.108381666999776,0.5525409942492843,0
2421,52.12082762498176,0.5081249983049929,0
2422,52.133929417002946,0.5396250053308904,0
2423,52.14706612500595,0.2726250095292926,0
2424,52.1583347080159,0.5583339952863753,0
2425,52.17106654198142,0.43479102896526456,0
2426,52.18411195802037,0.5076249944977462,0
2427,52.19682370801456,0.45304198283702135,0
2428,52.2098864170257,0.6534580024890602,0
2429,52.22110874997452,0.4353750264272094,0
2430,52.234136042010505,0.4041659994982183,0
2431,52.24523250001948,0.42533298255875707,0
2432,52.25749766698573,0.5452909972518682,0
2433,52.270539042016026,0.35991601180285215,0
2434,52.28284870798234,11.445167008787394,0
2435,52.309700792015065,0.3178329789079726,0
2436,52.321876292000525,0.2455409849062562,0
2437,52.3346644580015,0.23725000210106373,0
2438,52.34644983301405,,1
2439,52.46017849998316,0.978750002104789,0
2440,52.47329945798265,0.45550003414973617,0
2441,52.48538945801556,0.4646669840440154,0
2442,52.49726245802594,0.6558749591931701,0
2443,52.508893667021766,0.4301249864511192,0
2444,52.52186887501739,,1
2445,52.635648916999344,0.5311659770086408,0
2446,52.649731250014156,0.33020798582583666,0
2447,52.66155750001781,,1
2448,52.7752150829765,0.5541249993257225,0
2449,52.78837416699389,0.3744160057976842,0
2450,52.80133004201343,0.5586249753832817,0
2451,52.814356666989625,0.2993750385940075,0
2452,52.82579924998572,0.31029200181365013,0
2453,52.83867087500403,0.2983749727718532,0
2454,52.85158608300844,0.7469169795513153,0
2455,52.86347829201259,0.34149998100474477,0
2456,52.8761376250186,0.6408329936675727,0
2457,52.88885820802534,0.2799169742502272,0
2458,52.90068291698117,0.5598750431090593,0
2459,52.9125265419716,0.2893330529332161,0
2460,52.923359583015554,0.8972499636001885,0
2461,52.936227082973346,0.3825420280918479,0
2462,52.949198583024554,0.39429200114682317,0
2463,52.962206207972486,0.3708750009536743,0
2464,52.97514624998439,0.3089170204475522,0
2465,52.9879199580173,0.1311670057475567,0
2466,53.00030604202766,0.26741594774648547,0
2467,53.01284799998393,0.378625001758337,0
2468,53.02582070801873,,1
2469,53.13965924998047,0.7587500149384141,0
2470,53.15304454200668,,1
2471,53.26694745797431,0.44875004095956683,0
2472,53.27813354198588,0.38762501208111644,0
2473,53.29109366697958,0.2603330067358911,0
2474,53.30192433297634,0.27754204347729683,0
2475,53.314089542021975,0.33491599606350064,0
2476,53.32698379200883,0.401791010517627,0
2477,53.33978316700086,0.44299999717622995,0
2478,53.35280095797498,0.43637503404170275,0
2479,53.365823167026974,0.503790972288698,0
2480,53.37882375001209,0.40199997602030635,0
2481,53.39131304202601,0.2829579752869904,0
2482,53.40382583299652,0.28187502175569534,0
2483,53.41665195801761,0.3833749797195196,0
2484,53.42713304201607,0.39254099829122424,0
2485,53.438999541976955,0.38412504363805056,0
2486,53.450604791985825,0.2560830325819552,0
2487,53.463427582988515,0.3669590223580599,0
2488,53.474658042017836,0.3330409526824951,0
2489,53.48716379201505,0.2663329942151904,0
2490,53.49997516698204,0.30637503368780017,0
2491,53.512165541993454,0.4509580321609974,0
2492,53.52444733300945,0.3552919952198863,0
2493,53.537165499990806,0.2912500058300793,0
2494,53.548641874978784,0.33950002398341894,0
2495,53.56105433299672,0.3479589940980077,0
2496,53.57209737499943,0.37650001468136907,0
2497,53.58502762502758,0.41274999966844916,0
2498,53.59750737500144,0.5379170179367065,0
2499,53.61063399998238,0.6432500085793436,0
2500,53.62384812498931,0.6656250334344804,0
2501,53.63706941698911,0.5190410302020609,0
2502,53.6494198750006,0.440875010099262,0
2503,53.66029258299386,0.4440000047907233,0
2504,53.67165258299792,0.508208991959691,0
2505,53.68296583299525,0.5494999932125211,0
2506,53.69608695799252,0.4770000232383609,0
2507,53.70940591697581,0.5578750278800726,0
2508,53.72121862502536,0.6949579692445695,0
2509,53.734487832989544,0.5325420061126351,0
2510,53.74636616697535,0.5267500528134406,0
2511,53.75773858302273,0.5886669969186187,0
2512,53.772791041992605,1.1572910007089376,0
2513,53.786532292026095,0.5368329584598541,0
2514,53.79966904199682,0.5868329899385571,0
2515,53.8128323329729,0.4905840032733977,0
2516,53.824357874982525,0.4324170295149088,0
2517,53.83735808299389,1.8093340331688523,0
2518,53.85175625002012,0.5916669615544379,0
2519,53.86425774998497,,1
2520,53.976923707989044,0.45774999307468534,0
2521,53.98867554200115,0.3452500095590949,0
2522,54.00055220798822,0.3327919985167682,0
2523,54.013440583017655,0.3969169920310378,0
2524,54.02606175001711,0.38662500446662307,0
2525,54.03783158300212,0.32049999572336674,0
2526,54.05073616700247,0.3493750118650496,0
2527,54.061422166996635,0.2722910139709711,0
2528,54.074256625026464,0.21674996241927147,0
2529,54.08701712498441,0.18725002883002162,0
2530,54.099747792002745,0.18074997933581471,0
2531,54.112091000017244,0.29379199258983135,0
2532,54.1249307920225,0.2533329534344375,0
2533,54.13704225001857,0.21491700317710638,0
2534,54.149191249976866,0.18795800860971212,0
2535,54.16119662497658,,1
2536,54.27408116700826,0.4646659945137799,0
2537,54.28712104202714,0.5421249661594629,0
2538,54.30024795798818,0.5329999839887023,0
2539,54.3131469169748,0.5798330530524254,0
2540,54.32630695798434,0.4869590047746897,0
2541,54.338557708018925,,1
2542,54.45416879199911,0.4349160008132458,0
2543,54.467165582987946,0.30700000934302807,0
2544,54.47894879197702,0.23016601335257292,0
2545,54.491729750006925,0.22975000320002437,0
2546,54.50430441700155,0.2217079745605588,0
2547,54.517110000015236,0.44049997813999653,0
2548,54.52956599998288,0.6367500172927976,0
2549,54.54277608299162,0.40116702439263463,0
2550,54.55420466698706,1.3600829988718033,0
2551,54.5681577079813,0.6433340022340417,0
2552,54.579883500002325,0.670708017423749,0
2553,54.593149000022095,0.5419999943114817,0
2554,54.60580154199852,,1
2555,54.71966845798306,0.657333992421627,0
2556,54.73290512501262,0.5086669698357582,0
2557,54.745984166976996,0.4475830355659127,0
2558,54.758987249981146,0.4371670074760914,0
2559,54.77198199997656,0.47733302926644683,0
2560,54.78502270800527,0.6374589866027236,0
2561,54.79821554198861,0.4524160176515579,0
2562,54.808899666997604,0.9879579884000123,0
2563,54.820178500027396,0.5927499732933939,0
2564,54.83367341698613,,1
2565,54.94720966700697,0.532458012457937,0
2566,54.959376249986235,0.6156250019557774,0
2567,54.97259729198413,0.7064579986035824,0
2568,54.984131500008516,0.5561250145547092,0
2569,54.99716437497409,,1
2570,55.11100908298977,0.8051249897107482,0
2571,55.12307791697094,0.4094580071978271,0
2572,55.13615962502081,0.39445795118808746,0
2573,55.14711962500587,0.48404198605567217,0
2574,55.160443749977276,0.44958305079489946,0
2575,55.172176000021864,0.5048749735578895,0
2576,55.1852487080032,0.534959021024406,0
2577,55.196369750017766,0.33020798582583666,0
2578,55.209253416978754,,1
2579,55.32316849997733,0.6879169959574938,0
2580,55.33537520800019,0.4712920053862035,0
2581,55.34680645802291,0.6319999811239541,0
2582,55.360025833011605,0.43404201278463006,0
2583,55.37208958301926,0.500958994962275,0
2584,55.384685542027,0.48054096987470984,0
2585,55.39772908302257,0.46616699546575546,0
2586,55.41195858299034,0.5013340269215405,0
2587,55.42501129198354,0.4439160111360252,0
2588,55.43717441702029,0.43254095362499356,0
2589,55.45017987501342,0.4907919792458415,0
2590,55.46216408297187,0.5462090484797955,0
2591,55.47398733301088,0.5188749637454748,0
2592,55.48530254198704,,1
2593,55.59754741698271,0.64354098867625,0
2594,55.609809208021034,0.662042002659291,0
2595,55.62319637497421,1.3438750174827874,0
2596,55.637118124985136,4.384333034977317,0
2597,55.65408083301736,1.719249994494021,0
2598,55.66601649997756,0.33116701524704695,0
2599,55.678843792004045,0.5781659856438637,0
2600,55.69065658299951,0.520791974849999,0
2601,55.705942249973305,0.5958750261925161,0
2602,55.71770091698272,0.21204102085903287,0
2603,55.728536874987185,0.2814999897964299,0
2604,55.74064441700466,0.2680409816093743,0
2605,55.753474041994195,0.2952499780803919,0
2606,55.76512583298609,0.29091699980199337,0
2607,55.777164582978,0.2988339983858168,0
2608,55.78998770797625,,1
2609,55.90377754200017,1.7821249784901738,0
2610,55.917581791989505,0.7457500323653221,0
2611,55.92962783301482,0.6458749994635582,0
2612,55.94146374997217,0.611333001870662,0
2613,55.95259983302094,,1
2614,56.06655104202218,0.7631659973412752,0
2615,56.07971504202578,,1
2616,56.19366758299293,0.7842500344850123,0
2617,56.2070593329845,0.6145419902168214,0
2618,56.219556832977105,0.530292047187686,0
2619,56.23267020797357,0.6777920061722398,0
2620,56.24552733299788,0.715959002263844,0
2621,56.2588524579769,,1
2622,56.37068354198709,2.059541002381593,0
2623,56.384831207979005,0.661291996948421,0
2624,56.39696375001222,0.6619169726036489,0
2625,56.409045375010464,0.41849998524412513,0
2626,56.420732208003756,1.413083984516561,0
2627,56.43246545799775,0.5000419914722443,0
2628,56.44552508299239,0.5230840179137886,0
2629,56.457874791987706,0.49479102017357945,0
2630,56.4706753329956,1.7817500047385693,0
2631,56.4850233750185,0.503457966260612,0
2632,56.49771433300339,0.558874977286905,0
2633,56.50965679198271,0.6623330409638584,0
2634,56.52288545802003,0.27949997456744313,0
2635,56.53571429202566,0.32533297780901194,0
2636,56.54668666701764,0.5908329621888697,0
2637,56.55836083297618,0.7038750336505473,0
2638,56.57181670801947,0.299291976261884,0
2639,56.58466699998826,0.30695798341184855,0
2640,56.5975616669748,0.3676250344142318,0
2641,56.610495499975514,,1
2642,56.72331299999496,0.6002500304020941,0
2643,56.73637308302568,0.4659999976865947,0
2644,56.74761241697706,0.44958305079489946,0
2645,56.76061754202237,0.5177909624762833,0
2646,56.77602391701657,0.7682080031372607,0
2647,56.789282875019126,0.6098749581724405,0
2648,56.8000194170163,,1
2649,56.91430908301845,0.27466699248179793,0
2650,56.9247865829966,,1
2651,57.03875983302714,0.4419999895617366,0
2652,57.05178604199318,0.31220802338793874,0
2653,57.064447208016645,0.7163749542087317,0
2654,57.07787558302516,,1
2655,57.19076483300887,0.34958397736772895,0
2656,57.20163670799229,0.3772919881157577,0
2657,57.21458700002404,0.2805419499054551,0
2658,57.226495250011794,0.36454200744628906,0
2659,57.23813620797591,0.3390420461073518,0
2660,57.25080804200843,0.47091598389670253,0
2661,57.26216954202391,0.35383296199142933,0
2662,57.273998750024475,0.26641698786988854,0
2663,57.2846150000114,0.534249993506819,0
2664,57.297716917004436,0.40091597475111485,0
2665,57.30910012498498,0.2459580427967012,0
2666,57.32096974999877,1.149624993558973,0
2667,57.33400095801335,,1
2668,57.44782387500163,0.522333022672683,0
2669,57.458905250008684,0.4884579684585333,0
2670,57.47025399998529,0.4492499865591526,0
2671,57.4832409999799,0.5357920308597386,0
2672,57.49632937501883,0.5236669676378369,0
2673,57.509424082993064,0.6347500020638108,0
2674,57.52263775002211,0.5544580053538084,0
2675,57.535776083008386,0.41845900705084205,0
2676,57.54878137499327,0.4468330298550427,0
2677,57.560949707985856,0.4782500327564776,0
2678,57.57397391699487,,1
2679,57.686298082990106,0.4217920359224081,0
2680,57.698522292019334,,1
2681,57.81215033301851,0.28254196513444185,0
2682,57.824029041978065,0.266415998339653,0
2683,57.83685283298837,0.3361669951118529,0
2684,57.84973304200685,0.24020799901336432,0
2685,57.862512708001304,0.2280839835293591,0
2686,57.873985500016715,0.25091698626056314,0
2687,57.886779625026975,0.2774999593384564,0
2688,57.897214957978576,0.3000000142492354,0
2689,57.91006449999986,0.3797499812208116,0
2690,57.92151675000787,,1
2691,58.03291349997744,0.4926249966956675,0
2692,58.045518124999944,0.4390829708427191,0
2693,58.05854354199255,0.42695802403613925,0
2694,58.06996491702739,0.41812495328485966,0
2695,58.08294962497894,0.41066703852266073,0
2696,58.09592920797877,,1
2697,58.2095604169881,0.5026250146329403,0
2698,58.22267599997576,0.4134580376558006,0
2699,58.23565658298321,0.41037501068785787,0
2700,58.24863216700032,0.4918749909847975,0
2701,58.25951075000921,1.2021670117974281,0
2702,58.27471454197075,0.4498750204220414,0
2703,58.28767558297841,0.44116703793406487,0
2704,58.30070545797935,0.27066702023148537,0
2705,58.31215541699203,0.33566600177437067,0
2706,58.325066292018164,0.366290973033756,0
2707,58.33771029202035,0.4689159686677158,0
2708,58.350747791992035,0.46279100934043527,0
2709,58.36215966701275,0.30087499180808663,0
2710,58.375043166975956,0.4628750029951334,0
2711,58.387654250022024,0.24191697593778372,0
2712,58.39928670797963,0.3710840246640146,0
2713,58.41222379199462,0.31704100547358394,0
2714,58.4248252499965,0.26825000531971455,0
2715,58.436682374973316,,1
2716,58.55025958298938,0.6008340278640389,0
2717,58.563434041978326,0.44491601875051856,0
2718,58.57600962498691,0.4205420264042914,0
2719,58.58798295800807,0.5431669997051358,0
2720,58.60110283299582,0.45549997594207525,0
2721,58.61413950001588,0.6181249627843499,0
2722,58.62752254202496,,1
2723,58.74111745797563,0.3819999983534217,0
2724,58.753241166996304,,1
2725,58.8678380419733,0.47508301213383675,0
2726,58.88094225001987,0.41037495248019695,0
2727,58.89304295799229,0.441916985437274,0
2728,58.90455120801926,0.3945839707739651,0
2729,58.916747500014026,0.4343329928815365,0
2730,58.92885862500407,0.8562500006519258,0
2731,58.94232104200637,0.3381249844096601,0
2732,58.95430970797315,0.19987503765150905,0
2733,58.96534641698236,0.2941660350188613,0
2734,58.97735395800555,0.3405419993214309,0
2735,58.99025841697585,0.22191600874066353,0
2736,59.00299441698007,0.33358304062858224,0
2737,59.01482899999246,0.27704198146238923,0
2738,59.027315541985445,0.3745410358533263,0
2739,59.03860020800494,0.34324999433010817,0
2740,59.05149512499338,,1
2741,59.16302595799789,0.7519589853473008,0
2742,59.176448291982524,0.5810830043628812,0
2743,59.18766845797654,0.7469590054824948,0
2744,59.199057166988496,0.4387910012155771,0
2745,59.2121062920196,0.48541597789153457,0
2746,59.22398637497099,0.5042920238338411,0
2747,59.237064166984055,0.3216660115867853,0
2748,59.24924670800101,,1
2749,59.363404124975204,0.5602920427918434,0
2750,59.375221249996684,0.3423329908400774,0
2751,59.38730833301088,3.8473749882541597,0
2752,59.40360383299412,,1
2753,59.51711083302507,0.5056249792687595,0
2754,59.53021683299448,0.30154199339449406,0
2755,59.54120270797284,0.2054590149782598,0
2756,59.55373233300634,0.21295901387929916,0
2757,59.56555454200134,0.2414159826003015,0
2758,59.578342582972255,0.2833750331774354,0
2759,59.5906570830266,0.22304197773337364,0
2760,59.60225337499287,0.24804199347272515,0
2761,59.61412866698811,0.2549579949118197,0
2762,59.6269903749926,0.3808329929597676,0
2763,59.63992520800093,0.3356250235810876,0
2764,59.65220175002469,0.2651249524205923,0
2765,59.66412220802158,0.3480419982224703,0
2766,59.67701670801034,0.3231249866075814,0
2767,59.689100124989636,0.3742080298252404,0
2768,59.70204270799877,0.4231249913573265,0
2769,59.715035833010916,0.4609589814208448,0
2770,59.72806612501154,0.45016699004918337,0
2771,59.741076292004436,0.46216597547754645,0
2772,59.75409987499006,0.4962499951943755,0
2773,59.766399541986175,,1
2774,59.88023691700073,0.3673749743029475,0
2775,59.89319729199633,0.435790978372097,0
2776,59.9051360830199,,1
2777,60.01910229201894,0.5191249656490982,0
2778,60.031316666980274,0.39724999805912375,0
2779,60.04429883300327,0.506708980537951,0
2780,60.05730979202781,0.5338749615475535,0
2781,60.06916062498931,,1
2782,60.18068866699468,0.5679579917341471,0
2783,60.19387658301275,0.43399998685345054,0
2784,60.20610299997497,0.37933303974568844,0
2785,60.21802870801184,0.46387501060962677,0
2786,60.23105091700563,0.5233329720795155,0
2787,60.2441236670129,0.4985829582437873,0
2788,60.25524408300407,0.7081250078044832,0
2789,60.26854054199066,0.6363330176100135,0
2790,60.280749708006624,0.4829170065931976,0
2791,60.293822875013575,0.5081669660285115,0
2792,60.30454283300787,0.8531669736839831,0
2793,60.317681332991924,0.41658402187749743,0
2794,60.330673124990426,0.3874170361086726,0
2795,60.34235258301487,0.46716700308024883,0
2796,60.355374499980826,0.37045800127089024,0
2797,60.36829908302752,0.28779194690287113,0
2798,60.380000291974284,0.41383301140740514,0
2799,60.39297429198632,,1
2800,60.50496724998811,0.4615419893525541,0
2801,60.517999749979936,,1
2802,60.63180849998025,0.5413329927250743,0
2803,60.643179667007644,0.6178750190883875,0
2804,60.65786366700195,,1
2805,60.771658000012394,0.4298329586163163,0
2806,60.782306333014276,0.25754200760275126,0
2807,60.79510454199044,0.3609160194173455,0
2808,60.8080249580089,0.46779197873547673,0
2809,60.8210465000011,0.47575001372024417,0
2810,60.83391287497943,,1
2811,60.947739625000395,,1
2812,61.061465792008676,,1
2813,61.175360874971375,0.42508303886279464,0
2814,61.18765216699103,,1
2815,61.301473167026415,0.5212909891270101,0
2816,61.314574374991935,0.49816700629889965,0
2817,61.32766520802397,0.4741669981740415,0
2818,61.340662083006464,0.5395420012064278,0
2819,61.352612417016644,0.41325000347569585,0
2820,61.36559266701806,0.4570829914882779,0
2821,61.378758375009056,0.42524997843429446,0
2822,61.39067395799793,,1
2823,61.50232495798264,0.37299998803064227,0
2824,61.515502833004575,0.4248339682817459,0
2825,61.528504249989055,0.4212920321151614,0
2826,61.540661291975994,0.4950830480083823,0
2827,61.553201792004984,0.2680830075405538,0
2828,61.56450400000904,0.3040420124307275,0
2829,61.57636220799759,0.27312501333653927,0
2830,61.58819558302639,0.21833396749570966,0
2831,61.60006495798007,0.3268750151619315,0
2832,61.61296520801261,0.2535840030759573,0
2833,61.624114291975275,0.21016603568568826,0
2834,61.63686874997802,,1
2835,61.748285082983784,0.5132920341566205,0
2836,61.76137349999044,0.26245799381285906,0
2837,61.77420537499711,0.3608330152928829,0
2838,61.786579167004675,0.38487499114125967,0
2839,61.797450624988414,0.24562503676861525,0
2840,61.809836542000994,0.2507910248823464,0
2841,61.822640000027604,,1
2842,61.9346554169897,0.30654098372906446,0
2843,61.94654358300613,0.45012502232566476,0
2844,61.958056750008836,0.4143330152146518,0
2845,61.97099220799282,0.4100420046597719,0
2846,61.983974542003125,0.3629580023698509,0
2847,61.99694979202468,0.25066599482670426,0
2848,62.00975099997595,,1
2849,62.12297391699394,,1
2850,62.23671541700605,0.34149998100474477,0
2851,62.24964270798955,0.39000000106170774,0
2852,62.26146075001452,0.39129197830334306,0
2853,62.27399604197126,0.3454160178080201,0
2854,62.28692429198418,0.45300001511350274,0
2855,62.29997783299768,0.4693340160883963,0
2856,62.312196833023336,0.30449999030679464,0
2857,62.324060457991436,0.3664590185508132,0
2858,62.33699758298462,0.28829200891777873,0
2859,62.34985375002725,0.5748329567722976,0
2860,62.36216379201505,0.29979099053889513,0
2861,62.375056291988585,0.4998749936930835,0
2862,62.38764824997634,0.3070830134674907,0
2863,62.40053795801941,0.7800419698469341,0
2864,62.41393254202558,0.3263749531470239,0
2865,62.42561066697817,0.2981250290758908,0
2866,62.437672499974724,0.3317079972475767,0
2867,62.44940816698363,0.5097910179756582,0
2868,62.46088404202601,0.2853329642675817,0
2869,62.47329108300619,0.24274998577311635,0
2870,62.48444633302279,0.2519999979995191,0
2871,62.49724462500308,0.26462500682100654,0
2872,62.50814958300907,0.2875420032069087,0
2873,62.52007566700922,,1
2874,62.63225558301201,0.40945899672806263,0
2875,62.64409825002076,0.32133300555869937,0
2876,62.65513962501427,0.27724995743483305,0
2877,62.666256583004724,0.41262496961280704,0
2878,62.67884516698541,0.31712499912828207,0
2879,62.68957941699773,0.3132079727947712,0
2880,62.702458832995035,0.4219170077703893,0
2881,62.7154979169718,0.5233750562183559,0
2882,62.727041416976135,0.4059580387547612,0
2883,62.73765412502689,0.36520796129480004,0
2884,62.74912295799004,,1
2885,62.86217600002419,0.5125829484313726,0
2886,62.87310670799343,0.5875420174561441,0
2887,62.88630091701634,0.46433298848569393,0
2888,62.899354749999475,0.5129579803906381,0
2889,62.91064324998297,0.32483303220942616,0
2890,62.923545541998465,0.36395800998434424,0
2891,62.93649237498175,0.41029200656339526,0
2892,62.94766795798205,0.3078750451095402,0
2893,62.95874733297387,,1
2894,63.07253858301556,0.3289589658379555,0
2895,63.085419167007785,0.27487496845424175,0
2896,63.0965055419947,0.3345829900354147,0
2897,63.10939870798029,0.2938340185210109,0
2898,63.12098175002029,0.29045797418802977,0
2899,63.13387141702697,0.5525409942492843,0
2900,63.144677124975715,0.32770802499726415,0
2901,63.15753633301938,,1
2902,63.27058524999302,0.31450000824406743,0
2903,63.28244191699196,0.3447500057518482,0
2904,63.29292166698724,0.3173750010319054,0
2905,63.30474620801397,,1
2906,63.418816499994136,0.3048329963348806,0
2907,63.430913000018336,0.2472499618306756,0
2908,63.44214391702553,0.6887499475851655,0
2909,63.45541254198179,0.4183330456726253,0
2910,63.46841729199514,0.39300002390518785,0
2911,63.480877749971114,,1
2912,63.59411508298945,0.31395902624353766,0
2913,63.606990583008155,0.3375000087544322,0
2914,63.617833916970994,0.5197080317884684,0
2915,63.631030082993675,0.33129198709502816,0
2916,63.64163916697726,0.5898750387132168,0
2917,63.65431916702073,0.3683749819174409,0
2918,63.667265916999895,0.7056249887682498,0
2919,63.678844666981604,0.30499999411404133,0
2920,63.691704166994896,0.45425002463161945,0
2921,63.7043146250071,0.3285419661551714,0
2922,63.715604041994084,0.44650002382695675,0
2923,63.72639775002608,0.3269169828854501,0
2924,63.738250457972754,0.3665840486064553,0
2925,63.75121625000611,0.6435000104829669,0
2926,63.763236541999504,0.32308301888406277,0
2927,63.77615649998188,0.4510830040089786,0
2928,63.78764808300184,0.25525002274662256,0
2929,63.79898229200626,0.2430829918012023,0
2930,63.8117793329875,0.22933399304747581,0
2931,63.823757332982495,0.21641701459884644,0
2932,63.83455408300506,,1
2933,63.947498707973864,0.5141670117154717,0
2934,63.95861504197819,0.7378750015050173,0
2935,63.97201408300316,0.46316697262227535,0
2936,63.984177667007316,0.50091597950086,0
2937,63.99581641698023,0.411165994592011,0
2938,64.00764904200332,0.32845797250047326,0
2939,64.0204552920186,0.5127079784870148,0
2940,64.03357495798264,,1
2941,64.14751608297229,0.47191703924909234,0
2942,64.16058308299398,0.29687501955777407,0
2943,64.17240649997257,0.3441250300966203,0
2944,64.18531458301004,0.42158400174230337,0
2945,64.19781516701914,0.29691599775105715,0
2946,64.20821800001431,0.43358298717066646,0
2947,64.22129308298463,0.48683403292670846,0
2948,64.23434429202462,0.2753329463303089,0
2949,64.24549029197078,0.3197500482201576,0
2950,64.25731437501963,0.2715419977903366,0
2951,64.27014024998061,0.2222080365754664,0
2952,64.28290237498004,0.22312504006549716,0
2953,64.2954948329716,0.3202500520274043,0
2954,64.30841304198839,0.24691602448001504,0
2955,64.32121462497162,0.2196670393459499,0
2956,64.33398737502284,0.19595795311033726,0
2957,64.34548324998468,0.20700000459328294,0
2958,64.35733662499115,0.3296670038253069,0
2959,64.37021775002358,0.1735829864628613,0
2960,64.3818120000069,0.18012500368058681,0
2961,64.39454933302477,0.3325839643366635,0
2962,64.40736050001578,0.28954196022823453,0
2963,64.42019554198487,0.22295804228633642,0
2964,64.43297433300177,,1
2965,64.54589875001693,0.4767499631270766,0
2966,64.55755033297464,0.3849170170724392,0
2967,64.57050408300711,0.41966699063777924,0
2968,64.58105899998918,0.6231250008568168,0
2969,64.59426070802147,,1
2970,64.70544849999715,0.2845419803634286,0
2971,64.71827862499049,0.2429999876767397,0
2972,64.73059191700304,0.12916600098833442,0
2973,64.74285116698593,0.24095800472423434,0
2974,64.75563945801696,,1
2975,64.86940441699699,0.38729101652279496,0
2976,64.88235083298059,0.23025000700727105,0
2977,64.89514008298283,0.21866703173145652,0
2978,64.9079013330047,0.18308399012312293,0
2979,64.9189000420156,0.19708299078047276,0
2980,64.93074833299033,,1
2981,65.0432294170023,0.5335829919204116,0
2982,65.05633045802824,0.39779196958988905,0
2983,65.06928491697181,0.3303330158814788,0
2984,65.08131504198536,0.3620409988798201,0
2985,65.09422720799921,0.36154198460280895,0
2986,65.10702991700964,0.3852910012938082,0
2987,65.11996174999513,0.4639580147340894,0
2988,65.1330149580026,0.528041971847415,0
2989,65.1461206250242,0.5062079872004688,0
2990,65.15741462499136,0.41983299888670444,0
2991,65.16805841698078,0.48645801143720746,0
2992,65.18110341700958,0.35149999894201756,0
2993,65.1940038750181,0.29095797799527645,0
2994,65.20685133297229,,1
2995,65.31876212498173,0.3500000457279384,0
2996,65.33122262498364,0.1686250325292349,0
2997,65.34239624999464,0.2435420174151659,0
2998,65.35519287502393,0.220416986849159,0
2999,65.36741633299971,0.21362502593547106,0
3000,65.38018433301477,0.19574997713789344,0
3001,65.39130887499778,0.157458009198308,0
3002,65.40399333299138,0.14520902186632156,0
3003,65.41574704198865,0.3376660170033574,0
3004,65.42865008302033,0.374208961147815,0
3005,65.4413317500148,0.30204199720174074,0
3006,65.45353449997492,0.36991701927036047,0
3007,65.46648641698994,0.46370801283046603,0
3008,65.47954695799854,0.33708399860188365,0
3009,65.49065200000769,0.4436669987626374,0
3010,65.50371004198678,0.3025410114787519,0
3011,65.51677779201418,0.5483750137500465,0
3012,65.5300033329986,0.28662499971687794,0
3013,65.54288291698322,0.320332997944206,0
3014,65.5548819170217,,1
3015,65.66712091700174,0.5622499738819897,0
3016,65.67882587498752,0.3315000212751329,0
3017,65.68975162500283,,1
3018,65.80325941700721,0.3519579768180847,0
3019,65.81523141701473,0.3340409602969885,0
3020,65.8273520829971,0.37762499414384365,0
3021,65.83886041701771,0.2418750082142651,0
3022,65.85167279199231,0.35216601099818945,0
3023,65.86447558301734,0.3967919619753957,0
3024,65.87747266702354,0.3942909534089267,0
3025,65.8904484580271,0.37691695615649223,0
3026,65.90341158298543,0.457499991171062,0
3027,65.91646199999377,0.4800829919986427,0
3028,65.92822695797076,0.3064590273424983,0
3029,65.94111420802074,0.4391669644974172,0
3030,65.95386366697494,0.6250000442378223,0
3031,65.96536400000332,0.31412497628480196,0
3032,65.97825070802355,0.38158398820087314,0
3033,65.99122004199307,0.4528749850578606,0
3034,66.00383258302463,0.34549995325505733,0
3035,66.01668325002538,0.4154579946771264,0
3036,66.02849687502021,0.4013329744338989,0
3037,66.04034958302509,0.2710419939830899,0
3038,66.05319900001632,0.2792499726638198,0
3039,66.06604912498733,,1
3040,66.17995491699548,0.5148330237716436,0
3041,66.1930565420189,0.39854098577052355,0
3042,66.20415845798561,0.5431250319816172,0
3043,66.2148248750018,0.520500005222857,0
3044,66.22753099998226,0.3779170219786465,0
3045,66.23922450002283,0.7416249718517065,0
3046,66.25254854199011,0.5074579967185855,0
3047,66.26463425002294,0.5642079631797969,0
3048,66.27783262502635,0.48574997344985604,0
3049,66.29065895802341,,1
3050,66.4043427919969,0.7439160253852606,0
3051,66.41609216702636,0.6361659616231918,0
3052,66.42883583297953,0.6815000087954104,0
3053,66.44209312502062,0.6160829798318446,0
3054,66.45433029200649,0.6608329713344574,0
3055,66.46756720799021,0.532749982085079,0
3056,66.47882137499982,0.4088749992661178,0
3057,66.4896655830089,0.557374965865165,0
3058,66.50282116699964,0.44666597386822104,0
3059,66.51523191697197,0.2829580334946513,0
3060,66.52806770801544,0.2155840047635138,0
3061,66.5408359579742,0.30495901592075825,0
3062,66.5537042079959,0.3444590256549418,0
3063,66.5666162080015,0.30862499261274934,0
3064,66.57897695800057,0.3641669754870236,0
3065,66.59125133301131,0.2728750114329159,0
3066,66.60310266702436,0.28962496435269713,0
3067,66.61597012501443,0.39983296301215887,0
3068,66.62893566698767,,1
3069,66.7427115419996,0.5681660259142518,0
3070,66.75586762500461,0.2536249812692404,0
3071,66.76868083298905,0.3592920256778598,0
3072,66.7816134999739,0.2645830390974879,0
3073,66.79290687502362,5.987957993056625,0
3074,66.81008141697384,0.352958042640239,0
3075,66.82209908298682,0.21466700127348304,0
3076,66.83486958302092,0.247166957706213,0
3077,66.84576749999542,0.22074999287724495,0
3078,66.85813391697593,0.20095804939046502,0
3079,66.87088316702284,0.28695794753730297,0
3080,66.88373687502462,0.37054199492558837,0
3081,66.89668662502663,0.369541987311095,0
3082,66.90962162497453,0.5660000024363399,0
3083,66.92218704201514,0.22012495901435614,0
3084,66.93254887498915,0.35924999974668026,0
3085,66.94548737502191,0.35099999513477087,0
3086,66.95630966697354,0.482875038869679,0
3087,66.96939291700255,0.22433302365243435,0
3088,66.98004341701744,0.2169579965993762,0
3089,66.99281829199754,0.3210409777238965,0
3090,67.00378720799927,0.2227089717052877,0
3091,67.01565895800013,0.20349997794255614,0
3092,67.02724095800659,0.2874999772757292,0
3093,67.04001770797186,0.3000420401804149,0
3094,67.05287520802813,,1
3095,67.16654808301246,0.3747089649550617,0
3096,67.17950362502597,0.44537498615682125,0
3097,67.19025883299764,0.37154200254008174,0
3098,67.20212141697994,0.3625410026870668,0
3099,67.21396579197608,,1
3100,67.32645229197806,0.3542500198818743,0
3101,67.33937766699819,0.36404101410880685,0
3102,67.35232720797649,0.3249170258641243,0
3103,67.3652310000034,0.5450419848784804,0
3104,67.37845454202034,0.364125007763505,0
3105,67.39138133300003,0.2833749749697745,0
3106,67.40421404200606,0.1700409920886159,0
3107,67.41637270798674,0.30041701393201947,0
3108,67.4292277499917,0.2425829879939556,0
3109,67.44084358302644,0.28324994491413236,0
3110,67.45364004198927,0.2631660318002105,0
3111,67.46570083301049,0.31774997478350997,0
3112,67.4785801669932,,1
3113,67.59056024998426,,1
3114,67.70276504202047,0.5190409719944,0
3115,67.71587395801907,0.38333400152623653,0
3116,67.72883141698549,0.5360409850254655,0
3117,67.74196424998809,0.39191701216623187,0
3118,67.75693987502018,0.38891698932275176,0
3119,67.7699186669779,0.34445803612470627,0
3120,67.781031874998,0.3795420052483678,0
3121,67.791529042006,0.3541249898262322,0
3122,67.80416616698494,0.3054580301977694,0
3123,67.81701641698601,0.3316249931231141,0
3124,67.8298979169922,0.3910830128006637,0
3125,67.84108541702153,0.4011659766547382,0
3126,67.85404416697565,,1
3127,67.9671579169808,0.6422080332413316,0
3128,67.9803962080041,0.6774999783374369,0
3129,67.9936494579888,0.5974170053377748,0
3130,68.00603037502151,1.4963749563321471,0
3131,68.0189029580215,0.40612497832626104,0
3132,68.03067800001008,0.5177499842830002,0
3133,68.0437895419891,0.6337910308502614,0
3134,68.05659983301302,0.7406669901683927,0
3135,68.06904445798136,0.5095840315334499,0
3136,68.08015033300035,0.5630839732475579,0
3137,68.09330804197816,0.5545000312849879,0
3138,68.10595833300613,2.685084007680416,0
3139,68.12409116700292,2.024875022470951,0
3140,68.1389724999899,0.5030420143157244,0
3141,68.15204570797505,0.39166701026260853,0
3142,68.16269191697938,0.5077079986222088,0
3143,68.17461441701744,0.5587500054389238,0
3144,68.18774437502725,1.735541969537735,0
3145,68.20205358299427,,1
3146,68.31591666699387,0.5784999812021852,0
3147,68.32907529198565,0.3702500252984464,0
3148,68.34042050002608,0.33237499883398414,0
3149,68.35210850002477,,1
3150,68.46358170802705,0.5177919520065188,0
3151,68.47542304202216,0.3132079727947712,0
3152,68.48786733299494,0.29495899798348546,0
3153,68.50071379198926,0.3624160308390856,0
3154,68.5136321670143,0.3542499616742134,0
3155,68.52655333298026,0.40791701758280396,0
3156,68.53848933300469,0.4355839919298887,0
3157,68.55134454200743,0.660582969430834,0
3158,68.56457820802461,,1
3159,68.6780809580232,0.6095839780755341,0
3160,68.69078225002158,0.49295800272375345,0
3161,68.70190191699658,0.5816660122945905,0
3162,68.71508275001543,0.5376249901019037,0
3163,68.72821349999867,0.4027499817311764,0
3164,68.74077283299994,0.437250011600554,0
3165,68.7537875000271,0.5089169717393816,0
3166,68.76438574999338,0.3904579789377749,0
3167,68.77644745801808,0.4776669666171074,0
3168,68.78954991698265,0.8577500120736659,0
3169,68.80100287497044,0.5884170532226562,0
3170,68.81418574997224,0.49470801604911685,0
3171,68.82536625000648,0.6007499760016799,0
3172,68.83685408299789,0.5399169749580324,0
3173,68.85000137501629,0.6203330121934414,0
3174,68.86321733298246,0.5960839916951954,0
3175,68.87441808299627,0.6841670256108046,0
3176,68.88631766702747,0.5580829456448555,0
3177,68.89827524998691,0.562917033676058,0
3178,68.91143004200421,0.6592909921891987,0
3179,68.9247415830032,0.35129202296957374,0
3180,68.93768033297965,2.6345840306021273,0
3181,68.95289487502305,,1
3182,69.06696675001876,0.5262919585220516,0
3183,69.0789579579723,0.3708750009536743,0
3184,69.09133754199138,0.3422910231165588,0
3185,69.1036805419717,0.4672080394811928,0
3186,69.11440595798194,,1
3187,69.22844949999126,0.7118750363588333,0
3188,69.24177504202817,0.6394999800249934,0
3189,69.2556235420052,0.7242080173455179,0
3190,69.2689338750206,0.4713749513030052,0
3191,69.2820418329793,,1
3192,69.39601720799692,0.6447500200010836,0
3193,69.40685154200764,0.5882499972358346,0
3194,69.42001954198349,0.544707989320159,0
3195,69.43081854202319,0.6174579611979425,0
3196,69.44312533299671,0.5909589817747474,0
3197,69.45573141699424,0.4165000282227993,0
3198,69.4666669999715,0.32650004141032696,0
3199,69.47955620801076,0.22899999748915434,0
3200,69.49261712498264,,1
3201,69.60396304202732,2.0242909668013453,0
3202,69.61750545800896,,1
3203,69.73132883297512,0.3832090296782553,0
3204,69.74429483298445,,1
3205,69.85553804197116,0.5716250161640346,0
3206,69.86868399998639,0.3907920327037573,0
3207,69.88164249999681,0.4885829985141754,0
3208,69.89469441701658,0.4637909587472677,0
3209,69.9066627920256,1.2366659939289093,0
3210,69.91934004198993,,1
3211,70.03319945797557,1.2558750458993018,0
3212,70.04564908298198,0.5008750013075769,0
3213,70.05689516698476,0.4497910267673433,0
3214,70.06845533300657,0.4920000210404396,0
3215,70.07953054201789,0.38649997441098094,0
3216,70.09249933302635,0.5130839999765158,0
3217,70.107388000004,0.6681670201942325,0
3218,70.12061749998247,1.4509580214507878,0
3219,70.13463174999924,0.44691702350974083,0
3220,70.14577300002566,0.5577919655479491,0
3221,70.15888983302284,0.5261669866740704,0
3222,70.17281800002092,0.3638329799287021,0
3223,70.18576345802285,0.40962500497698784,0
3224,70.19877362501575,0.471249979455024,0
3225,70.21201437502168,0.5575830000452697,0
3226,70.22531783301383,,1
3227,70.33940912497928,0.44483301462605596,0
3228,70.35244412499014,0.5989170167595148,0
3229,70.36562804202549,0.4730409709736705,0
3230,70.37822320801206,0.49920898163691163,0
3231,70.39066862501204,0.534999999217689,0
3232,70.4037795829936,0.5203750333748758,0
3233,70.41684399999212,0.39479200495406985,0
3234,70.42978629202116,0.3505829954519868,0
3235,70.4407762499759,0.3227500128559768,0
3236,70.45252699998673,0.7759170257486403,0
3237,70.46587341697887,,1
3238,70.57972516701557,0.5766659742221236,0
3239,70.5928718749783,0.457917049061507,0
3240,70.60395295801573,,1
3241,70.71857274998911,0.7524579996243119,0
3242,70.72995366697432,0.6517080473713577,0
3243,70.7432970419759,0.7376249996013939,0
3244,70.75614729197696,0.6108750239945948,0
3245,70.76752450002823,0.5790419527329504,0
3246,70.77994237502571,0.41154195787385106,0
3247,70.79158399999142,0.5686249933205545,0
3248,70.80355458299164,0.5483750137500465,0
3249,70.81668662501033,,1
3250,70.93047862499952,0.369583023712039,0
3251,70.94344066700432,0.23320800391957164,0
3252,70.95444750000024,0.31308300094679,0
3253,70.96732908301055,0.3097499720752239,0
3254,70.97894320799969,0.25204202393069863,0
3255,70.99024645797908,0.26583403814584017,0
3256,71.0030559580191,,1
3257,71.1166965420125,0.37358299596235156,0
3258,71.12965212500421,0.5826249835081398,0
3259,71.1418129170197,0.45308296103030443,0
3260,71.15349100000458,0.4030829877592623,0
3261,71.16645249997964,0.5398750072345138,0
3262,71.17951441701734,0.5641659954562783,0
3263,71.19150483299745,0.5636250134557486,0
3264,71.2057598750107,0.4499579663388431,0
3265,71.21825320797507,,1
3266,71.33208512497367,0.5361670046113431,0
3267,71.3451904579997,0.38062501698732376,0
3268,71.35602158302208,0.33645896473899484,0
3269,71.36889816698385,0.3178330371156335,0
3270,71.38004766701488,0.8019999950192869,0
3271,71.3934223750257,0.5117919645272195,0
3272,71.40440200001467,0.4972500028088689,0
3273,71.41564454202307,0.43295795330777764,0
3274,71.42697004199727,0.46795798698440194,0
3275,71.43859083298594,0.5529170157387853,0
3276,71.45162108301884,0.8214169647544622,0
3277,71.46439216699218,0.4438750329427421,0
3278,71.47743591701146,0.44608296593651175,0
3279,71.49049104197184,,1
3280,71.60437750001438,0.32349996035918593,0
3281,71.61475954198977,0.20399998174980283,0
3282,71.6275105830282,0.20179199054837227,0
3283,71.6402397499769,0.17862505046650767,0
3284,71.65294366702437,0.21604099310934544,0
3285,71.66568516701227,0.2086659660562873,0
3286,71.67843550001271,3.2821669592522085,0
3287,71.69457729201531,0.6135409930720925,0
3288,71.70743233297253,,1
3289,71.82050725002773,0.5437499494291842,0
3290,71.83490416698623,0.5247500375844538,0
3291,71.84759354201378,0.38724998012185097,0
3292,71.85889029200189,0.36524998722597957,0
3293,71.87211887497688,0.4027920076623559,0
3294,71.88510008301819,0.5989169585518539,0
3295,71.89827845798573,0.4235419910401106,0
3296,71.90880262502469,0.35737495636567473,0
3297,71.92063666699687,0.2922500134445727,0
3298,71.93256137502613,0.2566669718362391,0
3299,71.9442820000113,0.4366249777376652,0
3300,71.95516991702607,0.848083000164479,0
3301,71.96859029197367,0.4372080438770354,0
3302,71.9814000420156,0.33062498550862074,0
3303,71.99431779200677,0.5711250123567879,0
3304,72.0064484999748,0.5091250059194863,0
3305,72.01704958302435,0.4586249706335366,0
3306,72.0301126249833,0.6477920105680823,0
3307,72.0433501250227,0.37566700484603643,0
3308,72.05564224999398,0.4129580338485539,0
3309,72.06867362500634,0.4718750133179128,0
3310,72.08171649998985,0.5576250259764493,0
3311,72.0948523330153,,1
3312,72.20677554199938,0.920457998290658,0
3313,72.22029254201334,0.33541599987074733,0
3314,72.23320854199119,0.3602909855544567,0
3315,72.24614266701974,0.352540984749794,0
3316,72.25906574999681,0.3082919865846634,0
3317,72.27020733297104,0.3082920447923243,0
3318,72.28205354197416,0.25812501553446054,0
3319,72.29371887497837,0.20516704535111785,0
3320,72.30647624999983,0.26837497716769576,0
3321,72.31929962499999,,1
3322,72.43287987500662,0.4087080014869571,0
3323,72.44561658299062,,1
3324,72.5578343750094,,1
3325,72.67112366697984,0.72825001552701,0
3326,72.68244808301097,,1
3327,72.79632324998965,0.5161670269444585,0
3328,72.80942637502449,,1
3329,72.92111200001091,,1
3330,73.03497104201233,0.34208298893645406,0
3331,73.04785554198315,0.24858303368091583,0
3332,73.06064237497048,0.2210830571129918,0
3333,73.07340524997562,0.2496250090189278,0
3334,73.08618566702353,,1
3335,73.19914024998434,0.24170801043510437,0
3336,73.21190891700098,,1
3337,73.3241167080123,0.27550000231713057,0
3338,73.336954917002,0.18262502271682024,0
3339,73.349720624974,0.4729580250568688,0
3340,73.36279891699087,,1
3341,73.4766679580207,0.45883399434387684,0
3342,73.48971745802555,0.9609589469619095,0
3343,73.50332329201046,0.5199579754844308,0
3344,73.51644479198148,0.4812080296687782,0
3345,73.52951954200398,0.3398749977350235,0
3346,73.54242354200687,0.3637499758042395,0
3347,73.55515362502774,0.38591696647927165,0
3348,73.56638366699917,0.5375830223783851,0
3349,73.57895383302821,,1
3350,73.69265824998729,0.3006249899044633,0
3351,73.70552891702391,0.5617080023512244,0
3352,73.71869108302053,0.48970896750688553,0
3353,73.73018087499077,1.7619170248508453,0
3354,73.74349704198539,,1
3355,73.85540816700086,0.5526249879039824,0
3356,73.86664708302123,0.4699589917436242,0
3357,73.87896845798241,0.4033340374007821,0
3358,73.89103795797564,0.32116699730977416,0
3359,73.90395574999275,0.4510420258156955,0
3360,73.91696808300912,0.5572499940171838,0
3361,73.93012266699225,0.6136660231277347,0
3362,73.94334454199998,,1
3363,74.0571532920003,0.5167910130694509,0
3364,74.07025833299849,0.40720897959545255,0
3365,74.08248916699085,0.3095830325037241,0
3366,74.09536166698672,0.3875829861499369,0
3367,74.1083360419725,0.4559580120258033,0
3368,74.1214623330161,0.3498339792713523,0
3369,74.13437708298443,0.27129199588671327,0
3370,74.14547816698905,0.3036250127479434,0
3371,74.15835275000427,0.39416697109118104,0
3372,74.17128050001338,0.268207979388535,0
3373,74.18415666697547,,1
3374,74.29663316701772,0.7162909605540335,0
3375,74.30997050000587,0.6702080136165023,0
3376,74.32400312501704,0.742000003810972,0
3377,74.33733137499075,1.9356249831616879,0
3378,74.35186179197626,0.5063750431872904,0
3379,74.36251791700488,1.054749998729676,0
3380,74.37414404202718,0.5799159989692271,0
3381,74.38727637502598,0.3839169512502849,0
3382,74.40024874999654,0.6496250280179083,0
3383,74.41230262501631,0.48216700088232756,0
3384,74.42539870797191,0.6717500509694219,0
3385,74.43960279197199,0.7220000261440873,0
3386,74.45213133300422,0.5659169983118773,0
3387,74.46328600001289,0.5307919927872717,0
3388,74.47551704198122,0.44070801232010126,0
3389,74.48755354201421,3.697125008329749,0
3390,74.50383437500568,0.4848749958910048,0
3391,74.51528587500798,0.4463329678401351,0
3392,74.52729449997423,0.36045804154127836,0
3393,74.5404927500058,0.38104201667010784,0
3394,74.55344824999338,,1
3395,74.6654746250133,0.8727500098757446,0
3396,74.67740749998484,0.5238330340944231,0
3397,74.69148208299885,0.5927919992245734,0
3398,74.71078208298422,0.5258340388536453,0
3399,74.72201854200102,0.34691597102209926,0
3400,74.73494637501426,0.5157080013304949,0
3401,74.74620970798424,,1
3402,74.8594250829774,,1
3403,74.97189795802115,0.5394999752752483,0
3404,74.98500804201467,1.0845409706234932,0
3405,74.9976729999762,0.6013750098645687,0
3406,75.01083250000374,0.45383296674117446,0
3407,75.023854167026,0.5178749561309814,0
3408,75.03693679202115,0.5212909891270101,0
3409,75.05003579199547,0.5221249884925783,0
3410,75.06313274998683,,1
3411,75.17696662497474,0.7802920299582183,0
3412,75.18941320799058,0.4099170328117907,0
3413,75.20202324999264,0.44495798647403717,0
3414,75.21360737498617,0.45900000259280205,0
3415,75.22663487499813,0.42633299017325044,0
3416,75.23775866697542,1.3333330280147493,0
3417,75.25167058297666,0.5774589953944087,0
3418,75.2638723750133,0.5517079844139516,0
3419,75.27699250000296,,1
3420,75.39077337499475,0.6267499993555248,0
3421,75.40398841700517,0.4921249928884208,0
3422,75.41740249999566,,1
3423,75.53059716697317,,1
3424,75.64136566699017,0.6585409864783287,0
3425,75.65462200000184,0.6966249784454703,0
3426,75.66794399998616,0.6223749951459467,0
3427,75.68217058299342,0.5917089874856174,0
3428,75.6953683749889,0.7696250104345381,0
3429,75.70884908299195,0.6356670055538416,0
3430,75.72112837497843,0.6435000104829669,0
3431,75.73433870798908,0.5003340193070471,0
3432,75.74661795800785,0.42562501039355993,0
3433,75.75793237501057,0.8546669851057231,0
3434,75.77110604202608,0.2733329893089831,0
3435,75.78395179199288,,1
3436,75.89659154199762,0.2625830238685012,0
3437,75.9093963750056,0.183124968316406,0
3438,75.92212283302797,0.2773339510895312,0
3439,75.93271920800908,0.24970900267362595,0
3440,75.94493008300196,0.2684170030988753,0
3441,75.956910583016,0.3517919685691595,0
3442,75.96905741700903,0.3409580094739795,0
3443,75.97994412499247,0.3813750226981938,0
3444,75.99151208298281,0.4342499887570739,0
3445,76.00450275000185,0.39962498703971505,0
3446,76.0175062919734,0.3815000527538359,0
3447,76.03044545801822,,1
3448,76.14354870800162,0.32058398937806487,0
3449,76.15540404198691,0.20654103718698025,0
3450,76.16817179200007,,1
3451,76.2817842499935,0.6280000088736415,0
3452,76.29287837498123,0.7079170318320394,0
3453,76.30616879201261,0.3202909720130265,0
3454,76.31905695801834,0.5883339908905327,0
3455,76.33223645802354,,1
3456,76.44565583299845,0.5860839737579226,0
3457,76.45882729202276,0.4581660032272339,0
3458,76.47119291697163,0.35258301068097353,0
3459,76.48410170798888,,1
3460,76.59793533297488,0.7320840377360582,0
3461,76.60907116701128,0.49883296014741063,0
3462,76.62627037498169,0.8235000423155725,0
3463,76.63821775000542,0.48162497114390135,0
3464,76.64910587499617,0.5076670204289258,0
3465,76.66220000002068,0.31695800134912133,0
3466,76.67411279201042,0.32595801167190075,0
3467,76.68730741698528,0.41795801371335983,0
3468,76.69965500000399,0.5104580195620656,0
3469,76.71142520802096,0.4414999857544899,0
3470,76.72446687502088,0.462166965007782,0
3471,76.73747504199855,0.46145799569785595,0
3472,76.75049687497085,0.41620800038799644,0
3473,76.76328216702677,0.47766597708687186,0
3474,76.77630633302033,0.4313749959692359,0
3475,76.78769025002839,0.44183299178257585,0
3476,76.80070054199314,0.48995797988027334,0
3477,76.81373891700059,,1
3478,76.92706554202596,0.6166659877635539,0
3479,76.94029516697628,0.8679580059833825,0
3480,76.95390887500253,0.5094169755466282,0
3481,76.96623433299828,0.4365839995443821,0
3482,76.97924429201521,0.5632499814964831,0
3483,76.99237791699125,0.457541027572006,0
3484,77.00673854199704,0.39674999425187707,0
3485,77.01972337497864,0.45533303637057543,0
3486,77.03062720800517,0.7086669793352485,0
3487,77.04393849999178,0.44229201739653945,0
3488,77.0564149999991,,1
3489,77.16895029199077,0.621916027739644,0
3490,77.18097541702446,0.6443749880418181,0
3491,77.19238291698275,,1
3492,77.30463799997233,0.5984170129522681,0
3493,77.31780570797855,0.4600000102072954,0
3494,77.32996200001799,0.4657499957829714,0
3495,77.34196450002491,0.46799995470792055,0
3496,77.35395254200557,0.44112501200288534,0
3497,77.36698145797709,0.6624170346185565,0
3498,77.38008550001541,0.4711669753305614,0
3499,77.39202995802043,1.0570839513093233,0
3500,77.40396812499966,0.6031250231899321,0
3501,77.41591216699453,1.293000008445233,0
3502,77.42894895799691,,1
3503,77.54097991698654,0.6145000224933028,0
3504,77.55394324997906,0.23320800391957164,0
3505,77.56636225001421,0.3368749748915434,0
3506,77.57927395799197,0.2523339935578406,0
3507,77.59145125001669,0.28787500923499465,0
3508,77.60393783298787,0.37887500366196036,0
3509,77.61532124999212,0.24295801995322108,0
3510,77.62812900001882,0.3228329587727785,0
3511,77.64102508302312,0.2683339989744127,0
3512,77.65385783300735,0.33587496727705,0
3513,77.66677204199368,0.2644580090418458,0
3514,77.6771730830078,0.5333750159479678,0
3515,77.68816904199775,0.3767500165849924,0
3516,77.69982849998632,0.3605830133892596,0
3517,77.71084700000938,,1
3518,77.82375958299963,0.3231249866075814,0
3519,77.83664991700789,0.18699996871873736,0
3520,77.84746529202675,0.16858294839039445,0
3521,77.85812537500169,0.2699579927138984,0
3522,77.87086916697444,0.5464580026455224,0
3523,77.88382699998328,0.2912080381065607,0
3524,77.89671008300502,0.3137089661322534,0
3525,77.90959695802303,,1
3526,78.02278429199941,0.22662500850856304,0
3527,78.03555874997983,0.21083303727209568,0
3528,78.04830466699786,0.19666599109768867,0
3529,78.06102933298098,0.16870902618393302,0
3530,78.07374687498668,0.24095800472423434,0
3531,78.0852612919989,0.2657499862834811,0
3532,78.09808233298827,0.27579203015193343,0
3533,78.10917679197155,0.49220805522054434,0
3534,78.12223066698061,0.34154101740568876,0
3535,78.13515408302192,0.4229169571772218,0
3536,78.14815249998355,0.33850001636892557,0
3537,78.16105787502602,0.3429579664953053,0
3538,78.17395916697569,0.25704101426526904,0
3539,78.18583766702795,0.30466599855571985,0
3540,78.1967410829966,0.32462499802932143,0
3541,78.20962920802413,0.3154589794576168,0
3542,78.22191183298128,0.3200840437784791,0
3543,78.23246683302568,0.2799169742502272,0
3544,78.24387045798358,,1
3545,78.35746154200751,0.6624580128118396,0
3546,78.37085850001313,1.419499982148409,0
3547,78.38487483299104,0.597959035076201,0
3548,78.39807420800207,0.5479590035974979,0
3549,78.4112070829724,0.5814169999212027,0
3550,78.42452941701049,0.657290976960212,0
3551,78.43756033299724,2.088041976094246,0
3552,78.45233350002673,,1
3553,78.56620512501104,0.5669170059263706,0
3554,78.5793460829882,0.26775000151246786,0
3555,78.59196499997051,0.2942500286735594,0
3556,78.60480641701724,0.2365830005146563,0
3557,78.6175938330125,,1
3558,78.73165120801423,0.5532919894903898,0
3559,78.7424581249943,0.5214579869061708,0
3560,78.75726087501971,0.4059579805471003,0
3561,78.76793308299966,,1
3562,78.88175962498644,0.6630829884670675,0
3563,78.89503654197324,0.4670830094255507,0
3564,78.9075286249863,0.359416997525841,0
3565,78.91856266697869,0.5448750453069806,0
3566,78.93056962499395,1.6365420306101441,0
3567,78.94238433300052,0.4651250201277435,0
3568,78.95416541700251,2.9494580230675638,0
3569,78.96971754200058,0.3971660044044256,0
3570,78.9809732499998,0.544374983292073,0
3571,78.99169724999228,0.5254999850876629,0
3572,79.00344008300453,0.3267090069130063,0
3573,79.01633495802525,0.5350839928723872,0
3574,79.02944912499515,0.4107499844394624,0
3575,79.04184174997499,0.6650420255027711,0
3576,79.05604295799276,0.5595000111497939,0
3577,79.0691848329734,0.5295420414768159,0
3578,79.0809690420283,0.5439999513328075,0
3579,79.09409795800457,0.4817919689230621,0
3580,79.10980045801261,0.6184999947436154,0
3581,79.12368408299517,0.509292003698647,0
3582,79.1359924999997,0.29562501003965735,0
3583,79.14873075002106,0.488624966237694,0
3584,79.16233537497465,0.6633750163018703,0
3585,79.1744373330148,0.3928339574486017,0
3586,79.18741454201518,0.28012500843033195,0
3587,79.2002729580272,0.25987497065216303,0
3588,79.21228737500496,0.3785419976338744,0
3589,79.22522937500617,0.3480419982224703,0
3590,79.23728033300722,0.32724998891353607,0
3591,79.25020670797676,0.3844170132651925,0
3592,79.26315141702071,0.39208296220749617,0
3593,79.27610112499679,0.3595830057747662,0
3594,79.28683154197643,0.3070830134674907,0
3595,79.29818287497619,0.36387500585988164,0
3596,79.31109470798401,0.35258400021120906,0
3597,79.32399354199879,0.3287909785285592,0
3598,79.33687412500149,0.44916698243469,0
3599,79.34988320799312,0.6127090309746563,0
3600,79.36230958299711,1.3954999740235507,0
3601,79.37507891701534,0.6070410017855465,0
3602,79.3899287499953,0.7469999836757779,0
3603,79.40326037502382,0.479582988191396,0
3604,79.41631837497698,0.5829580477438867,0
3605,79.42948033299763,0.5959590198472142,0
3606,79.4414459579857,0.6131250411272049,0
3607,79.45616025000345,1.104000024497509,0
3608,79.46867712499807,0.6032080273143947,0
3609,79.48187112499727,0.667791988234967,0
3610,79.49511866702233,0.5087499739602208,0
3611,79.50827708299039,0.6026250193826854,0
3612,79.52477787499083,0.8730420377105474,0
3613,79.53728241700446,2.5984160020016134,0
3614,79.55246333300602,0.5858339718542993,0
3615,79.5656410420197,,1
3616,79.6777266249992,,1
3617,79.79120887501631,,1
3618,79.90552554198075,0.683374993968755,0
3619,79.91879695799435,,1
3620,80.032623416977,0.5310000269673765,0
3621,80.04573666700162,0.25695801014080644,0
3622,80.05802412499906,0.24016702082008123,0
3623,80.07082295801956,0.24812499759718776,0
3624,80.08363333297893,0.2125840401276946,0
3625,80.09633366699563,0.21179101895540953,0
3626,80.10908920801012,0.18254196038469672,0
3627,80.11997754202457,0.20245800260454416,0
3628,80.13148287497461,0.38237503031268716,0
3629,80.14279487502063,0.2554169623181224,0
3630,80.15317987499293,0.22745801834389567,0
3631,80.1642257500207,0.2625829656608403,0
3632,80.17703716701362,0.2584579633548856,0
3633,80.18761958298273,0.24225004017353058,0
3634,80.200406457996,0.2452090266160667,0
3635,80.21325258299476,,1
3636,80.32555366697488,0.4065830144099891,0
3637,80.33777545799967,0.2746250247582793,0
3638,80.34928512497572,0.21070800721645355,0
3639,80.36204837501282,,1
3640,80.47478279197821,0.33362500835210085,0
3641,80.48727708298247,0.23820903152227402,0
3642,80.50006900000153,0.21725002443417907,0
3643,80.51284562499495,,1
3644,80.62597887497395,0.384792045224458,0
3645,80.63794029201381,0.27312501333653927,0
3646,80.64981879200786,0.15720800729468465,0
3647,80.6625156669761,0.17245800700038671,0
3648,80.67477745801443,0.19670900655910373,0
3649,80.68751741701271,0.18004101002588868,0
3650,80.69830608298071,0.2680420293472707,0
3651,80.70898179197684,0.18900004215538502,0
3652,80.72172487498028,0.26283302577212453,0
3653,80.73262495797826,0.19041704945266247,0
3654,80.7444903330179,0.25937496684491634,0
3655,80.75731154199457,0.28733297949656844,0
3656,80.7701428749715,0.23537501692771912,0
3657,80.78061479202006,0.20312500419095159,0
3658,80.7933564580162,0.21137500880286098,0
3659,80.80437054199865,0.1562500256113708,0
3660,80.81707437499426,0.1870419946499169,0
3661,80.82926166697871,0.1490830327384174,0
3662,80.84195133298635,0.20333402790129185,0
3663,80.85291087499354,0.19049999536946416,0
3664,80.8644481250085,0.19950000569224358,0
3665,80.87719329202082,,1
3666,80.98949395801174,0.3694999613799155,0
3667,81.00244933302747,0.5753749865107238,0
3668,81.01429987500887,0.7788329967297614,0
3669,81.0276649579755,0.4455420421436429,0
3670,81.04071479197592,0.8091659983620048,0
3671,81.05342999997083,0.376833020709455,0
3672,81.0652260829811,0.5297090392559767,0
3673,81.07833737501642,0.36520796129480004,0
3674,81.09079724998446,0.39591704262420535,0
3675,81.10382533300435,0.4860420012846589,0
3676,81.11689254199155,0.41691598016768694,0
3677,81.1289635829744,0.4800840397365391,0
3678,81.14222350000637,0.6717920186929405,0
3679,81.15540225000586,0.39549998473376036,0
3680,81.16666837502271,,1
3681,81.27997012500418,0.6942920153960586,0
3682,81.2927801249898,0.6764170248061419,0
3683,81.30381895799655,0.4888339899480343,0
3684,81.31453895801678,0.7384169730357826,0
3685,81.3260531250271,,1
3686,81.43779166700551,0.41508302092552185,0
3687,81.45042487501632,0.3249169676564634,0
3688,81.46326170797693,0.37795904790982604,0
3689,81.47620299999835,0.27720798971131444,0
3690,81.48727458302164,0.28487498639151454,0
3691,81.49956287501846,0.3599170013330877,0
3692,81.51173887500772,0.3623749944381416,0
3693,81.5240892500151,0.3670419682748616,0
3694,81.53568520798581,0.3718750085681677,0
3695,81.54863866697997,0.4124580300413072,0
3696,81.56038183299825,0.3987500094808638,0
3697,81.57230833300855,0.40945899672806263,0
3698,81.58511779201217,0.47562498366460204,0
3699,81.5963345830096,0.47575001372024417,0
3700,81.6094214579789,0.4557920037768781,0
3701,81.62313500000164,0.33716700272634625,0
3702,81.6346393750282,0.36579195875674486,0
3703,81.64652841701172,,1
3704,81.76045695797075,0.5695000290870667,0
3705,81.77318249997916,0.3867920022457838,0
3706,81.78615016699769,0.3186250105500221,0
3707,81.79902895801933,0.24079199647530913,0
3708,81.81184149999171,0.3888329956680536,0
3709,81.82483770797262,0.29841699870303273,0
3710,81.83579937502509,0.32662495505064726,0
3711,81.8480013749795,0.2809170400723815,0
3712,81.86086058302317,0.3067499492317438,0
3713,81.871832542005,0.2739999908953905,0
3714,81.8846686250181,,1
3715,81.99597479199292,0.38654101081192493,0
3716,82.00743916700594,0.3344999859109521,0
3717,82.02036120800767,0.29862497467547655,0
3718,82.03321662498638,0.42987498454749584,0
3719,82.04643962497357,0.3689580480568111,0
3720,82.05890904198168,0.3702910034917295,0
3721,82.07197341701249,0.4000829649157822,0
3722,82.08438433299307,0.37812499795109034,0
3723,82.09734570799628,0.40554202860221267,0
3724,82.11031441699015,0.37945801159366965,0
3725,82.12174700002652,0.2758329501375556,0
3726,82.1337329170201,0.25466596707701683,0
3727,82.14656987501075,0.6718749646097422,0
3728,82.15805216698209,0.4072909941896796,0
3729,82.17063162499107,1.333374995738268,0
3730,82.1845933329896,0.5260420148260891,0
3731,82.19772379199276,,1
3732,82.3116695000208,0.400707998778671,0
3733,82.3246172919753,0.17070805188268423,0
3734,82.33734487497713,0.2150420332327485,0
3735,82.34972370800097,0.30208402313292027,0
3736,82.3612925420166,0.29804097721353173,0
3737,82.37282662501093,0.3903749748133123,0
3738,82.38466541701928,,1
3739,82.49735174997477,0.342833052854985,0
3740,82.51008874998661,0.29491703025996685,0
3741,82.52109900000505,2.1809579920955002,0
3742,82.53586125001311,0.38350000977516174,0
3743,82.54760579200229,0.3826660104095936,0
3744,82.560609749984,,1
3745,82.67448916699504,0.4166250000707805,0
3746,82.68734454200603,,1
3747,82.80078983301064,0.5308749969117343,0
3748,82.8118349169963,0.5707499803975224,0
3749,82.82499766699038,0.5992500227876008,0
3750,82.83783816697542,0.6239160429686308,0
3751,82.85105058300542,,1
3752,82.9624872499844,0.30995800625532866,0
3753,82.97323004197096,0.2983330050483346,0
3754,82.98421404202236,0.6233329768292606,0
3755,82.99745729198912,0.3631660365499556,0
3756,83.01041162497131,,1
3757,83.12422112497734,0.44587504817172885,0
3758,83.13497070799349,0.43445901246741414,0
3759,83.14798604202224,0.3019159776158631,0
3760,83.15877820801688,0.09433395462110639,0
3761,83.17087758297566,0.3251250018365681,0
3762,83.18375929200556,0.24691596627235413,0
3763,83.19412354199449,0.3862910089083016,0
3764,83.20671574998414,0.5360000068321824,0
3765,83.2199287500116,0.2008749870583415,0
3766,83.23047675000271,0.21779199596494436,0
3767,83.24324045801768,0.1924589741975069,0
3768,83.25531516701449,0.19449996761977673,0
3769,83.26701333298115,0.19712501671165228,0
3770,83.27975400001742,0.19516696920618415,0
3771,83.29078629199648,0.19358302233740687,0
3772,83.30352587497327,0.17366703832522035,0
3773,83.31641812500311,0.18233299488201737,0
3774,83.32915075001074,0.3189580165781081,0
3775,83.34204650000902,0.40249997982755303,0
3776,83.35287358297501,0.23429200518876314,0
3777,83.36565954197431,0.2799580106511712,0
3778,83.37848408299033,0.2965420135296881,0
3779,83.39132333302405,0.2814589533954859,0
3780,83.402401542,0.2988330088555813,0
3781,83.41524687502533,0.30933297239243984,0
3782,83.42810029198881,0.3054580301977694,0
3783,83.43889483297244,0.32125000143423676,0
3784,83.4504657079815,0.351875030901283,0
3785,83.46335883298889,0.40533399442210793,0
3786,83.4758362499997,0.4213749780319631,0
3787,83.48731929197675,0.38362503983080387,0
3788,83.5002572920057,0.4420829936861992,0
3789,83.5130766669754,0.4449580446816981,0
3790,83.52478762500687,0.44704199535772204,0
3791,83.53784545802046,0.40970899863168597,0
3792,83.54958875000011,,1
3793,83.66346045798855,0.5384170217439532,0
3794,83.67658908298472,,1
3795,83.78938004199881,,1
3796,83.9014356249827,0.4098750068806112,0
3797,83.91239062498789,0.2709580003283918,0
3798,83.92521712498274,0.21120801102370024,0
3799,83.9372961249901,0.3902500029653311,0
3800,83.95024891698267,0.2500830451026559,0
3801,83.96107141702669,0.31233299523591995,0
3802,83.9723408750142,0.2851670142263174,0
3803,83.98277587501798,0.19749999046325684,0
3804,83.99552570801461,0.1822090125642717,0
3805,84.00745241699042,0.20729098469018936,0
3806,84.01834112498909,1.2612920254468918,0
3807,84.0297900000005,0.24625001242384315,0
3808,84.04262224998092,,1
3809,84.15613966697128,,1
3810,84.2676971249748,0.4044170491397381,0
3811,84.2795761669986,0.2776660257950425,0
3812,84.29011391702807,0.327582994941622,0
3813,84.30240208300529,0.293541990686208,0
3814,84.31319562497083,0.2645830390974879,0
3815,84.32370033301413,0.26349996915087104,0
3816,84.33532341697719,0.23700000019744039,0
3817,84.34718350000912,0.26058300863951445,0
3818,84.35761854198063,0.5109159974381328,0
3819,84.37061662500491,,1
3820,84.48366874997737,0.27483300073072314,0
3821,84.4964920419734,0.2655000425875187,0
3822,84.50931674998719,0.30399998649954796,0
3823,84.51980983297108,0.31166704138740897,0
3824,84.53269670798909,0.38045900873839855,0
3825,84.5456717920024,0.3881659940816462,0
3826,84.5574660829734,0.3294590278528631,0
3827,84.56993900000816,0.33258297480642796,0
3828,84.58142337499885,0.3220000071451068,0
3829,84.59430704201804,,1
3830,84.7080873749801,0.5812080344185233,0
3831,84.7212903330219,0.4242499708198011,0
3832,84.7318990000058,0.42991701047867537,0
3833,84.742519582971,0.3813750226981938,0
3834,84.75327416701475,0.5996249965392053,0
3835,84.7664627499762,0.4908330156467855,0
3836,84.77738420799142,,1
3837,84.89042733301176,0.41008397238329053,0
3838,84.9029904580093,0.3744169953279197,0
3839,84.9159585830057,0.3979589673690498,0
3840,84.92874170799041,0.3168749972246587,0
3841,84.9414521669969,0.3380000125616789,0
3842,84.95445804198971,0.27825002325698733,0
3843,84.96730737498729,0.3810829948633909,0
3844,84.97981266700663,0.3834579838439822,0
3845,84.99097820802126,0.32424996607005596,0
3846,85.00388845801353,0.3631669678725302,0
3847,85.0168504579924,0.3820420242846012,0
3848,85.02896179200616,0.34316600067541003,0
3849,85.04088291700464,0.26245799381285906,0
3850,85.052913542022,0.49224996473640203,0
3851,85.06602479197318,0.2800410147756338,0
3852,85.07650666701375,0.3436249680817127,0
3853,85.089426541992,0.3488329821266234,0
3854,85.10108133300673,0.3429999924264848,0
3855,85.11390133301029,0.31341699650511146,0
3856,85.12446529197041,0.4301660228520632,0
3857,85.13748479197966,0.377874996047467,0
3858,85.15004504198441,0.3704160335473716,0
3859,85.16299704200355,0.31666597351431847,0
3860,85.17587454197928,0.2983330050483346,0
3861,85.18818683299469,0.3406250034458935,0
3862,85.19964549998986,0.3938330337405205,0
3863,85.21265775000211,0.7234999793581665,0
3864,85.22663950000424,0.5083329742774367,0
3865,85.23936812498141,0.3843330196104944,0
3866,85.2523587080068,0.42112497612833977,0
3867,85.26536554197082,0.4321250016801059,0
3868,85.27753129199846,0.4213749780319631,0
3869,85.2893723329762,0.4537920467555523,0
3870,85.30029320798349,,1
3871,85.41331841697684,0.5092910141684115,0
3872,85.42642508301651,0.47308398643508554,0
3873,85.43730225000763,0.49162498908117414,0
3874,85.44917020801222,0.4479169729165733,0
3875,85.46221399999922,0.4130830056965351,0
3876,85.47523316700244,0.4164999700151384,0
3877,85.48602662497433,0.4307080525904894,0
3878,85.49906554201152,0.37049996899440885,0
3879,85.51189941697521,0.3679160145111382,0
3880,85.52359658299247,0.3826250322163105,0
3881,85.5355320419767,0.39420800749212503,0
3882,85.54640545800794,0.353958981577307,0
3883,85.55922079202719,0.3210409777238965,0
3884,85.57040145801147,0.3053339896723628,0
3885,85.5831640419783,0.40629104478284717,0
3886,85.5961556250113,0.3405419993214309,0
3887,85.60743041697424,0.33779104705899954,0
3888,85.62035987497075,0.37641701055690646,0
3889,85.63113758299733,0.3064170014113188,0
3890,85.64402649999829,0.41966699063777924,0
3891,85.65689704200486,0.6519579910673201,0
3892,85.67014537501382,0.49008300993591547,0
3893,85.68323883297853,0.5169590003788471,0
3894,85.69636662502307,0.4670829512178898,0
3895,85.70944541698555,0.4752500099129975,0
3896,85.72567504202016,0.43779099360108376,0
3897,85.7390057920129,0.5954160005785525,0
3898,85.7515867499751,0.5942080169916153,0
3899,85.76230312499683,0.5015829810872674,0
3900,85.77414100000169,,1
3901,85.88626158301486,0.5569999921135604,0
3902,85.89937574998476,0.5032920162193477,0
3903,85.91254350001691,0.41149999015033245,0
3904,85.92460675002076,0.3798749530687928,0
3905,85.93690954201156,0.4177080118097365,0
3906,85.94991824997123,0.4681670106947422,0
3907,85.96069962502224,0.4189999890513718,0
3908,85.97253324999474,0.3884169855155051,0
3909,85.98549945798004,0.41266699554398656,0
3910,85.99850699998206,0.5184170440770686,0
3911,86.0109407500131,0.4646249581128359,0
3912,86.02377904200694,1.1133329826407135,0
3913,86.03730245801853,2.197416964918375,0
3914,86.05025354202371,,1
3915,86.16413470800035,0.5508339963853359,0
3916,86.17730008298531,0.5891250330023468,0
3917,86.19051279197447,0.42162503814324737,0
3918,86.20259641698794,,1
3919,86.31554629199672,0.5102499853819609,0
3920,86.32865400001174,0.4598330124281347,0
3921,86.33998829202028,0.4297499544918537,0
3922,86.35304608300794,0.41029200656339526,0
3923,86.36605258297641,,1
3924,86.47895383299328,,1
3925,86.59264066698961,0.40495803114026785,0
3926,86.60503016697476,0.24466600734740496,0
3927,86.61781483300729,0.34141697688028216,0
3928,86.63070079201134,0.2687909873202443,0
3929,86.64351995801553,0.3839999553747475,0
3930,86.65447391697671,0.4381660255603492,0
3931,86.66671816702001,0.2661249600350857,0
3932,86.67958037502831,0.4770419909618795,0
3933,86.69266474997858,0.44287502532824874,0
3934,86.70425249997061,0.44041703222319484,0
3935,86.71728537499439,0.39420800749212503,0
3936,86.73025387502275,0.39733300218358636,0
3937,86.74177512497408,0.36325003020465374,0
3938,86.75445433298592,0.3587090177461505,0
3939,86.7673800829798,0.429667008575052,0
3940,86.78028704202734,0.4457079921849072,0
3941,86.79331633297261,0.405042024794966,0
3942,86.80629504198441,0.3987909876741469,0
3943,86.81685508298688,0.3955840365961194,0
3944,86.82931333297165,0.5691250553354621,0
3945,86.84079312498216,0.5095830420032144,0
3946,86.8516069999896,0.5275830044411123,0
3947,86.8647267500055,0.32474996987730265,0
3948,86.87763441697462,0.49358303658664227,0
3949,86.89072883297922,0.6582920323126018,0
3950,86.90395904198522,2.6743750204332173,0
3951,86.91722737497184,,1
3952,87.03048487502383,0.27133297407999635,0
3953,87.04332966700895,,1
3954,87.15611191699281,0.9608329855836928,0
3955,87.16971508297138,0.5186250200495124,0
3956,87.18115108297206,0.42983400635421276,0
3957,87.19418166700052,0.43120799819007516,0
3958,87.20598629198503,0.6255829939618707,0
3959,87.21725666697603,0.5494159995578229,0
3960,87.22857070801547,0.7411669939756393,0
3961,87.24141004198464,0.43908302905038,0
3962,87.25730662501883,0.468666956294328,0
3963,87.2705898329732,0.6987090455368161,0
3964,87.28210908302572,0.5214589764364064,0
3965,87.29526849999093,0.5422920221462846,0
3966,87.30804820801131,,1
3967,87.42340358300135,0.4646250163204968,0
3968,87.43646858300781,0.41787500958889723,0
3969,87.44948812498478,0.49595802556723356,0
3970,87.4625619170256,0.37695799255743623,0
3971,87.47437520802487,0.4015839658677578,0
3972,87.48736475000624,0.38479198701679707,0
3973,87.49991625000257,0.44608302414417267,0
3974,87.5151836249861,0.5390830338001251,0
3975,87.52730279200478,0.49429101636633277,0
3976,87.54041741701076,,1
3977,87.6539650830091,0.7931669824756682,0
3978,87.66528000001563,0.2816669875755906,0
3979,87.67601041699527,0.3570829867385328,0
3980,87.6875730829779,0.5410420126281679,0
3981,87.69847070798278,,1
3982,87.81038862501737,0.549082993529737,0
3983,87.8222047080053,0.44112501200288534,0
3984,87.83395424997434,0.846667040605098,0
3985,87.84751579200383,0.3137500025331974,0
3986,87.85811808297876,0.3034170367754996,0
3987,87.87099999998463,0.5631670355796814,0
3988,87.88357145799091,3.5228750202804804,0
3989,87.89879254199332,0.33795798663049936,0
3990,87.9106977499905,0.35450002178549767,0
3991,87.9236269579851,0.36029203329235315,0
3992,87.93451279198052,0.548041018191725,0
3993,87.94766166701447,0.26762497145682573,0
3994,87.95855883299373,0.47070899745449424,0
3995,87.97003504197346,,1
3996,88.0839040420251,0.5222079926170409,0
3997,88.0968059169827,0.48416602658107877,0
3998,88.10990720801055,0.825249997433275,0
3999,88.12905758299166,0.7982089882716537,0
4000,88.14290199999232,0.9938330040313303,0
4001,88.15726254199399,0.4908749833703041,0
4002,88.17078116699122,,1
4003,88.28595829202095,0.5672499537467957,0
4004,88.29914025001926,0.43462496250867844,0
4005,88.31138508301228,0.16054196748882532,0
4006,88.32409412501147,0.33433298813179135,0
4007,88.33792512497166,0.5159170250408351,0
4008,88.35064979200251,1.8988329684361815,0
4009,88.36534233298153,0.39362499956041574,0
4010,88.37833116698312,0.31829101499170065,0
4011,88.3903940829914,0.4259999841451645,0
4012,88.40341970801819,0.4623339627869427,0
4013,88.41608058300335,,1
4014,88.52896737499395,0.30804198468104005,0
4015,88.54105733300094,0.28179201763123274,0
4016,88.55389629199635,0.21295802434906363,0
4017,88.56670170801226,,1
4018,88.68052975001046,0.493332976475358,0
4019,88.69306208298076,0.40012499084696174,0
4020,88.70608283299953,0.6399169797077775,0
4021,88.71715829201275,,1
4022,88.82982095802436,0.4515839973464608,0
4023,88.84286704199621,0.31179102370515466,0
4024,88.85358499997528,0.9185000089928508,0
4025,88.86532491701655,,1
4026,88.97643354197498,0.2478330279700458,0
4027,88.98691808298463,,1
4028,89.100675707974,0.43000001460313797,0
4029,89.11489662498934,0.283417000900954,0
4030,89.12775566702476,0.42995798867195845,0
4031,89.13876683299895,0.2825839910656214,0
4032,89.14956129202619,0.5394579493440688,0
4033,89.1628058750066,0.42916700476780534,0
4034,89.17354979197262,0.31587504781782627,0
4035,89.1841277499916,,1
4036,89.29563637502724,0.7795419660396874,0
4037,89.30696729198098,0.38162502460181713,0
4038,89.31992908299435,0.4670420312322676,0
4039,89.33300624997355,0.36079203709959984,0
4040,89.34596054197755,0.36354101030156016,0
4041,89.35889654199127,0.3284580307081342,0
4042,89.36963083298178,0.3016670234501362,0
4043,89.38148037501378,,1
4044,89.49534962500911,0.7676249952055514,0
4045,89.50645679200534,0.27070799842476845,0
4046,89.51830375002464,0.3625829704105854,0
4047,89.53125620802166,0.2857089857570827,0
4048,89.5420780829736,0.2203340409323573,0
4049,89.55490549997194,0.30375004280358553,0
4050,89.56581404199824,0.3838330158032477,0
4051,89.5787825830048,0.374958966858685,0
4052,89.5917337500141,0.25337497936561704,0
4053,89.60444120800821,0.25879201712086797,0
4054,89.61523670802126,0.3421669825911522,0
4055,89.62706525000976,0.37700001848861575,0
4056,89.64001841697609,0.22850005188956857,0
4057,89.65077570802532,0.2626249915920198,0
4058,89.66361837502336,0.30204199720174074,0
4059,89.6764460420236,,1
4060,89.79078195797047,0.2947920002043247,0
4061,89.80364108301,0.24987501092255116,0
4062,89.81428887497168,0.24491699878126383,0
4063,89.82709008298116,0.380834040697664,0
4064,89.83936866698787,,1
4065,89.95315754198236,0.400707998778671,0
4066,89.96379458298907,,1
4067,90.07604775001528,0.470499973744154,0
4068,90.08718912501354,0.31691696494817734,0
4069,90.10009416699177,0.23566599702462554,0
4070,90.11289983300958,0.3369170008227229,0
4071,90.12411666702246,0.49774994840845466,0
4072,90.13718133297516,0.407625047955662,0
4073,90.14951850002399,0.2180829760618508,0
4074,90.16229741700226,,1
4075,90.27372200001264,0.7611250039190054,0
4076,90.28713529201923,,1
4077,90.40095770801418,0.48225000500679016,0
4078,90.41405029199086,0.43812498915940523,0
4079,90.42477708298247,0.29275001725181937,0
4080,90.43762462498853,0.2654999843798578,0
4081,90.4504734170041,0.48779096687212586,0
4082,90.46142629202222,1.4699999592266977,0
4083,90.47509158297908,3.0436250381171703,0
4084,90.49071395798819,0.38479198701679707,0
4085,90.50369074998889,0.49329199828207493,0
4086,90.51678649999667,0.49462501192465425,0
4087,90.52972612500889,,1
4088,90.64079445798416,0.4395419964566827,0
4089,90.65382141701411,0.462208001408726,0
4090,90.66639470797963,0.5347920232452452,0
4091,90.67957141698571,0.5796659970656037,0
4092,90.69088966702111,0.5913329659961164,0
4093,90.70395662501687,2.42862495360896,0
4094,90.71907591697527,0.49229100113734603,0
4095,90.7324380420032,1.0873330174945295,0
4096,90.74437166698044,0.30641601188108325,0
4097,90.75826687499648,0.45200000749900937,0
4098,90.77113283297513,1.5135420253500342,0
4099,90.78393566701561,0.45316596515476704,0
4100,90.79700829199282,0.5296660237945616,0
4101,90.81013529200573,0.2916249795816839,0
4102,90.82140016701305,0.22104097297415137,0
4103,90.83418345800601,0.2441669930703938,0
4104,90.84698916698107,0.28983299853280187,0
4105,90.85783366701799,0.2680830075405538,0
4106,90.86950620799325,1.2707089772447944,0
4107,90.88335974997608,0.36270800046622753,0
4108,90.89564679202158,0.7309579523280263,0
4109,90.90897383302217,0.26033399626612663,0
4110,90.92177233297843,0.19712501671165228,0
4111,90.93454187497264,0.38116704672574997,0
4112,90.94749024999328,0.28837501304224133,0
4113,90.96033245802391,0.24516700068488717,0
4114,90.97311416699085,0.19362499006092548,0
4115,90.98586025001714,0.171166961081326,0
4116,90.99859254201874,0.24112500250339508,0
4117,91.01138991699554,0.2608749782666564,0
4118,91.02418995799962,0.2096670214086771,0
4119,91.03696458297782,,1
4120,91.14943541702814,0.5437079817056656,0
4121,91.16075974999694,0.3587920218706131,0
4122,91.17367758299224,0.2649170346558094,0
4123,91.18650529201841,0.38491596933454275,0
4124,91.19945991702843,,1
4125,91.31323804199928,0.399957993067801,0
4126,91.32375350000802,0.2389579894952476,0
4127,91.33563695801422,,1
4128,91.44782854197547,0.3910000086762011,0
4129,91.45888874999946,0.3002079902216792,0
4130,91.47175245801918,0.28562499210238457,0
4131,91.4846233749995,0.30324998078867793,0
4132,91.49672462500166,0.3279169904999435,0
4133,91.50807375001023,0.40491699473932385,0
4134,91.51859258301556,0.3214589669369161,0
4135,91.5312096250127,0.3850829671137035,0
4136,91.54414437501691,0.38120796671137214,0
4137,91.55543304199819,0.3982909838669002,0
4138,91.56839004199719,0.4027499817311764,0
4139,91.58006691699848,0.3179999766871333,0
4140,91.59222874999978,0.41325000347569585,0
4141,91.6052017500042,0.41504198452457786,0
4142,91.61618887499208,0.3631250001490116,0
4143,91.6290992500144,,1
4144,91.74288695800351,0.6691669696010649,0
4145,91.75367862498388,0.4889169940724969,0
4146,91.76673149998533,0.39429200114682317,0
4147,91.77759000001242,0.4227079916745424,0
4148,91.7894001249806,0.5412920145317912,0
4149,91.80064166698139,0.4595410428009927,0
4150,91.81327704200521,0.16158301150426269,0
4151,91.82598074997077,,1
4152,91.93896337499609,1.818832999560982,0
4153,91.95410058298148,0.45962503645569086,0
4154,91.96621570800198,0.4077500198036432,0
4155,91.9780558749917,0.42287498945370317,0
4156,91.99106333300006,0.45645900536328554,0
4157,92.00395262497477,0.35679200664162636,0
4158,92.0168763329857,,1
4159,92.13034700002754,0.7447079988196492,0
4160,92.14178566698683,0.8493750356137753,0
4161,92.15444854198722,0.4457909963093698,0
4162,92.16745637502754,0.34087494714185596,0
4163,92.17973799997708,,1
4164,92.2925537499832,0.45766698895022273,0
4165,92.30506450001849,0.34141697688028216,0
4166,92.31796620797832,0.3030000370927155,0
4167,92.33083450002596,,1
4168,92.44265974999871,0.412292021792382,0
4169,92.4540011669742,0.2584580215625465,0
4170,92.46681220800383,0.28724997537210584,0
4171,92.47769829200115,0.25987497065216303,0
4172,92.48818012501579,0.20929198944941163,0
4173,92.49924391700188,0.2532079815864563,0
4174,92.51204183301888,0.23599999258294702,0
4175,92.52393358299742,0.2863340196199715,0
4176,92.5367625830113,0.30383397825062275,0
4177,92.54715229198337,0.36637502489611506,0
4178,92.55998466699384,0.36337500205263495,0
4179,92.57270591700217,0.44716597767546773,0
4180,92.58522954198997,0.44779101153835654,0
4181,92.5968151250272,0.534582999534905,0
4182,92.60990024998318,0.4022920038551092,0
4183,92.62146079202648,0.4214999498799443,0
4184,92.63443487498444,0.41020801290869713,0
4185,92.64588670799276,0.48845901619642973,0
4186,92.65897691698046,0.37120800698176026,0
4187,92.67062766698655,0.36179099697619677,0
4188,92.68353649997152,0.31091703567653894,0
4189,92.69579949998297,0.3842920414172113,0
4190,92.70683579199249,0.3987079835496843,0
4191,92.71979158301838,0.3809169866144657,0
4192,92.73271966702305,0.3732079640030861,0
4193,92.74563224997837,0.4507920239120722,0
4194,92.75744016701356,0.49183296505361795,0
4195,92.76949829200748,,1
4196,92.88068966701394,0.6907909992150962,0
4197,92.89362124999752,0.5765000241808593,0
4198,92.91120687499642,0.401417026296258,0
4199,92.9240926670027,0.30683301156386733,0
4200,92.93480262497906,0.5207080394029617,0
4201,92.94663625000976,0.3673330065794289,0
4202,92.95855062501505,0.4415420116856694,0
4203,92.97114104201319,0.43366599129512906,0
4204,92.98314691701671,0.41024998063221574,0
4205,92.99510566698154,0.5655830027535558,0
4206,93.00743970798794,0.4219170077703893,0
4207,93.02042537502712,0.24279195349663496,0
4208,93.03329037502408,0.2794579486362636,0
4209,93.04611491697142,,1
4210,93.15757824998582,,1
4211,93.2708780830144,0.7112089660950005,0
4212,93.28431737498613,0.6075419951230288,0
4213,93.29751512501389,0.6393329822458327,0
4214,93.31106191698927,0.3434580285102129,0
4215,93.32397841697093,0.4128750297240913,0
4216,93.33530425000936,0.30099996365606785,0
4217,93.34817104198737,0.30975003028288484,0
4218,93.36108133301605,0.41804200736805797,0
4219,93.37367945798906,0.4015000304207206,0
4220,93.38664250000147,0.37212501047179103,0
4221,93.39749191701412,0.3501249593682587,0
4222,93.40945558302337,0.34841697197407484,0
4223,93.42110891698394,,1
4224,93.53407049999805,0.32483297400176525,0
4225,93.54459291702369,0.19987497944384813,0
4226,93.55587670800742,0.1734999823383987,0
4227,93.56612316699466,0.1634579966776073,0
4228,93.57883399998536,0.2622079919092357,0
4229,93.5916469580261,,1
4230,93.70587583299493,0.7024999940767884,0
4231,93.71917337499326,,1
4232,93.83061466697836,0.796375039499253,0
4233,93.84399287501583,0.4397499724291265,0
4234,93.85539162502391,0.3964169882237911,0
4235,93.86835624999367,0.4220830160193145,0
4236,93.88098379201256,0.5069579929113388,0
4237,93.89405958302086,0.5152919911779463,0
4238,93.90715300000738,,1
4239,94.020766792004,0.7360000163316727,0
4240,94.03413070802344,0.5626249476335943,0
4241,94.04555837501539,0.7116670021787286,0
4242,94.05745566700352,0.32579101389274,0
4243,94.07035833300324,0.31762500293552876,0
4244,94.08324750000611,0.5105420132167637,0
4245,94.09522129199468,0.3932500258088112,0
4246,94.1072165829828,0.6046250346116722,0
4247,94.11906979198102,0.4607079899869859,0
4248,94.1299237079802,0.4543340182863176,0
4249,94.14133587497054,,1
4250,94.25472945801448,,1
4251,94.36978720797924,0.6358750397339463,0
4252,94.3825713749975,0.39766699774190784,0
4253,94.39442741702078,0.417332979850471,0
4254,94.40595333301462,0.43795898091048,0
4255,94.41899583302438,0.5200839950703084,0
4256,94.43200174998492,1.9190830062143505,0
4257,94.4454201249755,0.5137920379638672,0
4258,94.45906283298973,0.8592919912189245,0
4259,94.47259466699325,0.4385000211186707,0
4260,94.48560345801525,0.3852499648928642,0
4261,94.4985844999901,0.5390830338001251,0
4262,94.51172720798058,0.3467090427875519,0
4263,94.52464529202553,0.32016600016504526,0
4264,94.53752104198793,0.11187500786036253,0
4265,94.55016879201867,0.28970796847715974,0
4266,94.56056729197735,0.38362503983080387,0
4267,94.57354212499922,0.4879999905824661,0
4268,94.58528554200893,0.5329159903340042,0
4269,94.5984180420055,0.48049999168142676,0
4270,94.61078458302654,0.29495899798348546,0
4271,94.62393608299317,2.0704169874079525,0
4272,94.63652104197536,0.5701250047422945,0
4273,94.6497064169962,0.4654160002246499,0
4274,94.66231049998896,0.4450830165296793,0
4275,94.67478908301564,0.37558400072157383,0
4276,94.68776608299231,0.5337920156307518,0
4277,94.70094062498538,,1
4278,94.8138637500233,,1
4279,94.92735570797231,0.55704201804474,0
4280,94.94052891700994,0.4904160159640014,0
4281,94.95194704202004,0.47454098239541054,0
4282,94.96503033302724,0.5466250004246831,0
4283,94.97687725001015,0.5452919867821038,0
4284,94.98930741701042,0.3208749694749713,0
4285,95.00220074999379,0.29387499671429396,0
4286,95.01299499999732,0.3344580181874335,0
4287,95.02418299997225,0.41675003012642264,0
4288,95.03719120798633,0.4353339900262654,0
4289,95.05016691697529,0.4879580228589475,0
4290,95.06320554198464,0.695666007231921,0
4291,95.08301062497776,0.5416250205598772,0
4292,95.09614370798226,0.377874996047467,0
4293,95.109105792013,0.4360000020824373,0
4294,95.12224212498404,0.5455000209622085,0
4295,95.13310791697586,0.6030829972587526,0
4296,95.14524924999569,2.305749978404492,0
4297,95.15958704199875,0.3582910285331309,0
4298,95.17183233302785,0.26041700039058924,0
4299,95.18463762500323,0.22491702111437917,0
4300,95.19738924998092,0.23599999258294702,0
4301,95.21016320801573,0.33058400731533766,0
4302,95.22303745802492,0.28487498639151454,0
4303,95.23585762502626,0.2749999985098839,0
4304,95.24660570797278,0.23441703524440527,0
4305,95.25940425001318,0.44004200026392937,0
4306,95.2726058330154,0.4545419942587614,0
4307,95.28565987502225,,1
4308,95.39910562499426,0.605583016294986,0
4309,95.41093766700942,0.40320801781490445,0
4310,95.42168149998179,,1
4311,95.53550624998752,,1
4312,95.64941991702653,0.6683749961666763,0
4313,95.66268291702727,,1
4314,95.77616916701663,0.8188749779947102,0
4315,95.788372082985,,1
4316,95.90281095798127,0.47441700007766485,0
4317,95.91367462498602,0.4692500224336982,0
4318,95.92674541700399,0.4487080150283873,0
4319,95.9391196250217,2.2328749764710665,0
4320,95.9539789580158,0.6034169928170741,0
4321,95.96720745798666,0.24387502344325185,0
4322,95.97894449997693,0.18566701328381896,0
4323,95.99066408298677,0.4665000014938414,0
4324,96.00249195797369,0.25333400117233396,0
4325,96.01429079199443,0.3088749945163727,0
4326,96.02494529198157,0.36033301148563623,0
4327,96.03778737498214,0.2589999930933118,0
4328,96.04848016699543,1.2071250239387155,0
4329,96.0627948329784,0.44062500819563866,0
4330,96.07413575000828,,1
4331,96.18716749997111,0.4676670068874955,0
4332,96.20022783300374,0.4924589884467423,0
4333,96.21328662498854,0.3866670303978026,0
4334,96.22624300001189,0.33249997068196535,0
4335,96.2377126669744,0.4694160306826234,0
4336,96.2507528749993,0.46141701750457287,0
4337,96.26339962502243,0.7757080020383,0
4338,96.27676570799667,0.4759589792229235,0
4339,96.28776237502461,0.2858749940060079,0
4340,96.2992603330058,,1
4341,96.41133991698734,0.5352910375222564,0
4342,96.42412887501996,0.4200830007903278,0
4343,96.43711912498111,0.36637502489611506,0
4344,96.4524517080281,0.553416961338371,0
4345,96.46560212498298,0.5597920389845967,0
4346,96.47875233297236,0.5243340274319053,0
4347,96.4907903749845,0.42500003473833203,0
4348,96.50377266702708,0.44308300130069256,0
4349,96.51553054200485,0.572207965888083,0
4350,96.52766041702125,0.5489159957505763,0
4351,96.53943529201206,0.5441659595817327,0
4352,96.55221716698725,,1
4353,96.66523091698764,0.6719160010106862,0
4354,96.67851133301156,0.8536250097677112,0
4355,96.69216891698306,0.28133299201726913,0
4356,96.70563500002027,,1
4357,96.81959170801565,0.6389169720932841,0
4358,96.83097104198532,,1
4359,96.94488283299142,0.5080000264570117,0
4360,96.95798125001602,0.26770797558128834,0
4361,96.97079145797761,0.2394170151092112,0
4362,96.98223575000884,0.6073329714126885,0
4363,96.99364433297887,0.6034999969415367,0
4364,97.00681062502554,0.6642079679295421,0
4365,97.02005462499801,0.4201250267215073,0
4366,97.03148395800963,0.511416990775615,0
4367,97.04458483302733,0.6079169688746333,0
4368,97.05779558297945,0.5261250189505517,0
4369,97.0706290419912,1.9787080236710608,0
4370,97.08390462497482,,1
4371,97.19662179198349,0.72283303597942,0
4372,97.20862400002079,0.39974995888769627,0
4373,97.2215698750224,0.30091695953160524,0
4374,97.23440466698958,0.3602909855544567,0
4375,97.24563583300915,0.5527089815586805,0
4376,97.25876087497454,0.5180420121178031,0
4377,97.27104550000513,0.3625419922173023,0
4378,97.2828913750127,0.39891700726002455,0
4379,97.29583791701589,0.3428329946473241,0
4380,97.30872575001558,0.24041696451604366,0
4381,97.32151487498777,0.16191700706258416,0
4382,97.3342174999998,0.16341701848432422,0
4383,97.34690316702472,0.16279099509119987,0
4384,97.3595880829962,0.15662499936297536,0
4385,97.37226579198614,0.1741659943945706,0
4386,97.3849915000028,0.299000006634742,0
4387,97.39784129202599,0.32599997939541936,0
4388,97.41071237501455,0.4074170137755573,0
4389,97.42178287502611,0.41212496580556035,0
4390,97.43452312500449,0.4208330065011978,0
4391,97.4474936670158,0.38949999725446105,0
4392,97.46043045801343,0.38662500446662307,0
4393,97.47199874999933,0.4010000266134739,0
4394,97.48495504201856,0.3721249522641301,0
4395,97.49787220801227,0.2999170101247728,0
4396,97.50924162502633,0.3327919985167682,0
4397,97.52118224999867,0.3029999788850546,0
4398,97.53242983302334,0.30874996446073055,0
4399,97.54528612497961,0.3599580377340317,0
4400,97.55692716699559,0.3511660033836961,0
4401,97.56982029200299,0.31604099785909057,0
4402,97.58268370799487,,1
4403,97.69603766698856,0.4029159899801016,0
4404,97.70899012498558,0.4052080330438912,0
4405,97.72194179199869,0.3549579996615648,0
4406,97.73484266700689,0.502375012729317,0
4407,97.74788841698319,0.38966600550338626,0
4408,97.75932416698197,0.3327910089865327,0
4409,97.7710607079789,,1
4410,97.88523366698064,0.5148749914951622,0
4411,97.8983204169781,0.45179104199633,0
4412,97.90956100000767,0.419542018789798,0
4413,97.92255112499697,0.4284169990569353,0
4414,97.93312166701071,,1
4415,98.04663862497546,0.6367500172927976,0
4416,98.05913370801136,0.4680419806391001,0
4417,98.07215208298294,0.3520839964039624,0
4418,98.08505108300596,0.4110839799977839,0
4419,98.09664325002814,,1
4420,98.21029258298222,0.45779201900586486,0
4421,98.22233358299127,0.3908750368282199,0
4422,98.23528691701358,0.20666600903496146,0
4423,98.24803216697183,0.18375000217929482,0
4424,98.26075633300934,0.24929200299084187,0
4425,98.27354929200374,0.20637497073039412,0
4426,98.28629329201067,0.1915409811772406,0
4427,98.2990189580014,0.18920900765806437,0
4428,98.3117457079934,0.2044999855570495,0
4429,98.32223529199837,0.526249990798533,0
4430,98.33592820802005,0.8318339823745191,0
4431,98.34978916699765,0.8538750116713345,0
4432,98.36099458299577,0.4147089784964919,0
4433,98.37400570802856,0.3819589619524777,0
4434,98.38698262500111,,1
4435,98.49985554197337,0.25479099713265896,0
4436,98.51231062499573,0.2668750239536166,0
4437,98.52535004197853,1.1530000483617187,0
4438,98.53830295801163,0.3832089714705944,0
4439,98.55126204201952,0.3552910056896508,0
4440,98.56418400001712,0.22312498185783625,0
4441,98.5752804169897,,1
4442,98.6890526249772,,1
4443,98.80280574999051,0.4205830045975745,0
4444,98.81577983300667,,1
4445,98.92896762501914,0.5757499602623284,0
4446,98.9421196670155,0.40570797864347696,0
4447,98.95365475001745,0.5072919884696603,0
4448,98.96671833301662,0.3726249560713768,0
4449,98.97897083300631,0.32125000143423676,0
4450,98.99076408299152,0.33116701524704695,0
4451,99.00299762497889,0.3035420086234808,0
4452,99.01414691697573,0.37416600389406085,0
4453,99.02570258302148,0.3639589995145798,0
4454,99.03723858302692,0.32699998700991273,0
4455,99.04877979197772,0.3433750243857503,0
4456,99.06051045801723,,1
4457,99.17407133302186,,1
4458,99.28690025000833,0.6889170035719872,0
4459,99.3004034999758,0.6458330317400396,0
4460,99.31288450001739,0.677916978020221,0
4461,99.32614287501201,0.3416669787839055,0
4462,99.33904475002782,0.3683749819174409,0
4463,99.35019670799375,0.39175001438707113,0
4464,99.36231912497897,0.46258303336799145,0
4465,99.3753395419917,,1
4466,99.4891189999762,0.41970802703872323,0
4467,99.50207637500716,0.2138749696314335,0
4468,99.51321474998258,0.2526250318624079,0
4469,99.5260240000207,0.350707967299968,0
4470,99.5389275830239,0.3031249507330358,0
4471,99.55099554202752,0.4579999949783087,0
4472,99.56197008298477,,1
4473,99.67407837498467,0.7683750009164214,0
4474,99.68696279200958,,1
4475,99.79903304198524,0.7384580094367266,0
4476,99.81238299998222,0.5702080088667572,0
4477,99.82410695799626,0.5225419881753623,0
4478,99.83722408302128,0.46974996803328395,0
4479,99.84972524998011,0.4700830322690308,0
4480,99.86275650002062,0.4002919886261225,0
4481,99.87337970797671,0.42733404552564025,0
4482,99.88637374999234,0.38600002881139517,0
4483,99.8993255830137,,1
4484,100.01243229198735,0.7215410005301237,0
4485,100.0258303330047,,1
4486,100.13914937502705,0.3977079759351909,0
4487,100.15213204198517,0.476707995403558,0
4488,100.16521258297144,0.5857920041307807,0
4489,100.17840283300029,0.4050839925184846,0
4490,100.19082154199714,,1
4491,100.30424366699299,1.4883329859003425,0
4492,100.31839962501545,0.5644999910145998,0
4493,100.33152291702572,,1
4494,100.44441950001055,0.6018750136718154,0
4495,100.45759483298752,0.32175000524148345,0
4496,100.47048633301165,0.30204199720174074,0
4497,100.48334795801202,0.3756249789148569,0
4498,100.49560995801585,0.42495899833738804,0
4499,100.50859766697977,0.38954103365540504,0
4500,100.52108662499813,0.4980830126442015,0
4501,100.53413033299148,0.34249998861923814,0
4502,100.54564058297547,0.28354203095659614,0
4503,100.55715691699879,0.4724999889731407,0
4504,100.57019416702678,0.49133296124637127,0
4505,100.58324191701831,,1
4506,100.69702058297116,0.5078750546090305,0
4507,100.70878912502667,0.4169999738223851,0
4508,100.72111824998865,0.4626670270226896,0
4509,100.73420566698769,0.4724580212496221,0
4510,100.74725208297605,0.4046250251121819,0
4511,100.76022287498927,0.4306670161895454,0
4512,100.77321620797738,0.4070000140927732,0
4513,100.78449029201875,0.35933300387114286,0
4514,100.79740550002316,0.37824996979907155,0
4515,100.81033204199048,0.38700003642588854,0
4516,100.82328045798931,0.4027920076623559,0
4517,100.83390220801812,0.4057919722981751,0
4518,100.8466199170216,0.4233329673297703,0
4519,100.85959154198645,0.38487499114125967,0
4520,100.87061724998057,0.36745803663507104,0
4521,100.883529542014,0.4107909626327455,0
4522,100.89649229199858,,1
4523,101.00910450000083,0.4621670232154429,0
4524,101.02106437500333,0.5167920025996864,0
4525,101.0333535419777,0.43358304537832737,0
4526,101.04635179199977,0.6917500286363065,0
4527,101.0596259579761,0.5342090153135359,0
4528,101.07112862501526,,1
4529,101.18500633299118,0.6775000365450978,0
4530,101.19829049997497,0.6346669979393482,0
4531,101.211538249976,0.6110829999670386,0
4532,101.2247484580148,0.5392919993028045,0
4533,101.23788249999052,1.3862919877283275,0
4534,101.25185054197209,0.4912500153295696,0
4535,101.26376733300276,1.202374987769872,0
4536,101.27758395799901,,1
4537,101.39049095800146,0.9176249732263386,0
4538,101.40401658299379,3.1171669834293425,0
4539,101.41773350001313,,1
4540,101.53285504202358,0.5236249999143183,0
4541,101.54599395801779,0.4379999591037631,0
4542,101.55745533300797,0.5308749969117343,0
4543,101.57062299997779,0.4273329977877438,0
4544,101.5849256250076,,1
4545,101.69681104202755,0.7841659826226532,0
4546,101.70909495797241,0.5477920058183372,0
4547,101.72112100000959,0.48512499779462814,0
4548,101.73417433298891,0.5446249851956964,0
4549,101.74728995800251,0.5131670041009784,0
4550,101.76040199998533,0.3025000332854688,0
4551,101.77210404200014,0.4071249859407544,0
4552,101.78488770802505,0.45079196570441127,0
4553,101.7979272499797,0.3838750417344272,0
4554,101.80849808297353,0.41037501068785787,0
4555,101.82020687498152,0.45612500980496407,0
4556,101.83323279197793,0.5403750110417604,0
4557,101.84405908297049,,1
4558,101.95746275002602,0.7008749525994062,0
4559,101.96974345797207,0.35487505374476314,0
4560,101.98267587501323,0.26299996534362435,0
4561,101.99551241699373,0.33008301397785544,0
4562,102.007032583002,0.28416700661182404,0
4563,102.019907333015,0.3913340042345226,0
4564,102.03297987498809,7.3987499927170575,0
4565,102.05297870800132,0.4907919792458415,0
4566,102.0660410419805,,1
4567,102.17788145801751,0.5945419543422759,0
4568,102.19205416698242,0.640000042039901,0
4569,102.20357629202772,0.6918329745531082,0
4570,102.216876416991,0.42158301221206784,0
4571,102.22989179199794,1.3165409909561276,0
4572,102.24195433297427,0.4236250533722341,0
4573,102.25396116700722,1.687415991909802,0
4574,102.2674516250263,0.34258299274370074,0
4575,102.27895995799918,0.5060419789515436,0
4576,102.29851783299819,,1
4577,102.41107829200337,0.5160410073585808,0
4578,102.42479316698154,0.5521250423043966,0
4579,102.43779024999822,0.5827919812873006,0
4580,102.44873800000641,0.2877080114558339,0
4581,102.46053099998971,0.26362499920651317,0
4582,102.47309770801803,,1
4583,102.58711991697783,0.5779160419479012,0
4584,102.59960120799951,,1
4585,102.71270974999061,0.48562500160187483,0
4586,102.72578079201048,0.3649580175988376,0
4587,102.73776795802405,0.26249996153637767,0
4588,102.75058345799334,,1
4589,102.8644645420136,1.9008750095963478,0
4590,102.87895949999802,0.27050002245232463,0
4591,102.89183070801664,,1
4592,103.00564212497557,,1
4593,103.11938912497135,0.40783302392810583,0
4594,103.13237141701393,0.30170800164341927,0
4595,103.14458199997898,,1
4596,103.25762820802629,0.3802089486271143,0
4597,103.26971916697221,0.5248330417089164,0
4598,103.28066712501459,0.386208004783839,0
4599,103.29363299999386,0.3185829846188426,0
4600,103.30598962499062,0.23491698084399104,0
4601,103.31877399998484,0.24200003826990724,0
4602,103.3315644999966,0.18350000027567148,0
4603,103.34269858297193,0.22787501802667975,0
4604,103.35449254198465,0.1623330172151327,0
4605,103.3672208749922,0.19575003534555435,0
4606,103.3799575829762,0.18095900304615498,0
4607,103.39269262499874,0.19595801131799817,0
4608,103.40542237501359,0.19454199355095625,0
4609,103.41815624997253,,1
4610,103.53546133299824,0.3095000283792615,0
4611,103.54833833302837,0.34733396023511887,0
4612,103.56125983298989,0.22087502293288708,0
4613,103.57161887502298,0.11475000064820051,0
4614,103.58331437502056,0.21183298667892814,0
4615,103.59607833297923,0.23954204516485333,0
4616,103.60642004199326,0.27112499810755253,0
4617,103.61733654199634,,1
4618,103.72820487502031,0.30266697285696864,0
4619,103.7410477080266,0.20929198944941163,0
4620,103.75378266698681,0.1722500310279429,0
4621,103.7664755419828,,1
4622,103.87997725000605,0.5339169874787331,0
4623,103.8931048749946,0.5142079899087548,0
4624,103.90593533299398,0.566125032491982,0
4625,103.9190937919775,,1
4626,104.03294454200659,0.6548750097863376,0
4627,104.04619408299914,0.45837502693757415,0
4628,104.0587765420205,0.5722499918192625,0
4629,104.071941333008,0.5172920064069331,0
4630,104.08503666700562,0.5445830174721777,0
4631,104.09715741698164,0.5113750230520964,0
4632,104.11025016702479,0.41329098166897893,0
4633,104.12233887502225,0.24141697213053703,0
4634,104.13512875000015,0.268207979388535,0
4635,104.14794562500902,0.418792013078928,0
4636,104.16092483297689,0.39995904080569744,0
4637,104.17389570799423,0.4057090263813734,0
4638,104.186860833026,2.527083968743682,0
4639,104.20088887499878,0.5662079784087837,0
4640,104.21402399998624,0.3717920044437051,0
4641,104.22682441701181,1.1194580001756549,0
4642,104.24054700002307,0.5915419897064567,0
4643,104.25372400000924,0.5614580004476011,0
4644,104.26687445800053,1.068166980985552,0
4645,104.2799675000133,,1
4646,104.39381354197394,0.680541037581861,0
4647,104.40556666697375,0.5268329987302423,0
4648,104.41849841701332,0.4610829637385905,0
4649,104.43094699998619,,1
4650,104.54480004200013,0.7628329913131893,0
4651,104.55817437497899,0.5419999943114817,0
4652,104.5706496249768,0.5562500446103513,0
4653,104.58225666702492,0.7378329755738378,0
4654,104.59703862498282,1.3972080196253955,0
4655,104.61001591698732,0.7022080244496465,0
4656,104.62330512498738,0.6037920247763395,0
4657,104.63650795799913,0.8684589993208647,0
4658,104.64995887497207,0.5645420169457793,0
4659,104.66298012499465,0.5519170081242919,0
4660,104.67611166700954,0.5633750115521252,0
4661,104.68771804199787,0.5394999752752483,0
4662,104.7008431670256,0.5032499902881682,0
4663,104.71329679200426,0.5917079979553819,0
4664,104.7264468750218,0.3814579686149955,0
4665,104.73771937499987,0.536791980266571,0
4666,104.75083716702648,0.5123749724589288,0
4667,104.76192295801593,,1
4668,104.87576120800804,0.6994999712333083,0
4669,104.88771170802647,0.513208971824497,0
4670,104.90078266698401,0.4342910251580179,0
4671,104.91328099998645,0.3626249963417649,0
4672,104.92618141701678,0.4000829649157822,0
4673,104.93797904200619,0.5789159913547337,0
4674,104.95110837498214,0.512917002197355,0
4675,104.96416320797289,0.4204170545563102,0
4676,104.97658820799552,0.2873340272344649,0
4677,104.98936312500155,0.28370798099786043,0
4678,105.00219249998918,0.3465000190772116,0
4679,105.01509649999207,0.3969999961555004,0
4680,105.02806420798879,0.48858398804441094,0
4681,105.04075454198755,0.42766600381582975,0
4682,105.05158824997488,0.45891699846833944,0
4683,105.0634434579988,0.3770840121433139,0
4684,105.07541195797967,0.5772089934907854,0
4685,105.08861716702813,0.897957943379879,0
4686,105.10208520799642,0.5720420158468187,0
4687,105.11329537502024,0.42204197961837053,0
4688,105.12555137497839,0.40600000647827983,0
4689,105.13988112501102,0.5983329610899091,0
4690,105.15145133301849,0.7434169529005885,0
4691,105.16477741702693,0.4467499675229192,0
4692,105.17714454198722,0.45250001130625606,0
4693,105.18834275001427,0.3720420063473284,0
4694,105.19977908302099,0.34358398988842964,0
4695,105.21268520801095,0.34716696245595813,0
4696,105.22558666701661,0.3154579899273813,0
4697,105.23777875001542,0.3750419709831476,0
4698,105.24993691698182,,1
4699,105.36374000000069,0.7052919827401638,0
4700,105.37559529201826,0.7317499839700758,0
4701,105.38738979201298,2.239166002254933,0
4702,105.40174316702178,0.5470829783007503,0
4703,105.4131209999905,0.4758749855682254,0
4704,105.42623541702051,0.4652499919757247,0
4705,105.4393309999723,0.8762500365264714,0
4706,105.45280633302173,0.5773750017397106,0
4707,105.46599062497262,,1
4708,105.57944783300627,0.7467090035788715,0
4709,105.59283333300846,0.8747089887037873,0
4710,105.6055988749722,0.4433330032043159,0
4711,105.61864666698966,0.5488750175572932,0
4712,105.6309652919881,0.3784580039791763,0
4713,105.64770479197614,0.7850410183891654,0
4714,105.65903575002449,0.3019169671460986,0
4715,105.67044141702354,2.0987079478800297,0
4716,105.68512808298692,0.38362503983080387,0
4717,105.69796258298447,0.3895839909091592,0
4718,105.70982316700974,0.3964579664170742,0
4719,105.72280604200205,0.3225000109523535,0
4720,105.73571579199051,0.3897499991580844,0
4721,105.74720108299516,0.3997919848188758,0
4722,105.76060450001387,0.47866697423160076,0
4723,105.77367583301384,0.3417499829083681,0
4724,105.78527320799185,0.41812501149252057,0
4725,105.79712933301926,0.5676669534295797,0
4726,105.81032570800744,0.554499973077327,0
4727,105.82112441700883,0.46854099491611123,0
4728,105.83326466701692,0.5100409616716206,0
4729,105.8452605829807,0.4793340340256691,0
4730,105.85745825001504,0.36283297231420875,0
4731,105.86964645801345,0.7901249919086695,0
4732,105.8830030829995,0.2964999875985086,0
4733,105.89588899997761,2.161917043849826,0
4734,105.9102912080125,0.2447919687256217,0
4735,105.9221216670121,0.26004097890108824,0
4736,105.93441704200814,0.5098750116303563,0
4737,105.94747037498746,0.2263750066049397,0
4738,105.9602468329831,0.22487499518319964,0
4739,105.97107245802181,0.22995896870270371,0
4740,105.98270754201803,0.2833330072462559,0
4741,105.9943645829917,0.3512499970383942,0
4742,106.00727408297826,0.21050003124400973,0
4743,106.02005070797168,0.32645900500938296,0
4744,106.03295204200549,0.23983296705409884,0
4745,106.04344487498747,0.3760000108741224,0
4746,106.05447049997747,0.32775005092844367,0
4747,106.06683133298066,0.3338750102557242,0
4748,106.07901116699213,0.39000000106170774,0
4749,106.09197137498995,0.34725002478808165,0
4750,106.10488666698802,0.2324579982087016,0
4751,106.11533162498381,0.3196250181645155,0
4752,106.12821679201443,0.2997079864144325,0
4753,106.13978979201056,0.3671249723993242,0
4754,106.15269374998752,0.2654170384630561,0
4755,106.16349458298646,0.3041669842787087,0
4756,106.17467441700865,0.27129100635647774,0
4757,106.18678908300353,0.27612497797235847,0
4758,106.19964004197391,0.3725000424310565,0
4759,106.21182525000768,0.4030829877592623,0
4760,106.22256595798535,0.38837501779198647,0
4761,106.23553349997383,0.3868750063702464,0
4762,106.24847483297344,0.24025002494454384,0
4763,106.25921858299989,0.433583976700902,0
4764,106.27112095797202,0.3987500094808638,0
4765,106.28411570802564,0.45604194747284055,0
4766,106.29687441699207,0.6162500358186662,0
4767,106.30868383299094,0.4935840261168778,0
4768,106.32179012498818,0.5306670209392905,0
4769,106.33433104201686,0.35674998071044683,0
4770,106.3472615830251,,1
4771,106.461126625014,0.5385419935919344,0
4772,106.4742417500238,0.29445800464600325,0
4773,106.48709629202494,0.2401659730821848,0
4774,106.49990458297543,,1
4775,106.61371662502643,0.7107499986886978,0
4776,106.62572337500751,0.525916984770447,0
4777,106.63784575002501,0.5679579917341471,0
4778,106.64936370798387,0.38033403689041734,0
4779,106.66230808297405,0.276917009614408,0
4780,106.6751401249785,0.42987504275515676,0
4781,106.68771216698224,0.3790000337176025,0
4782,106.69832070800476,,1
4783,106.81216241698712,0.3692079917527735,0
4784,106.82514104200527,0.3674160107038915,0
4785,106.83807741699275,0.2667910302989185,0
4786,106.850924999977,0.7073330343700945,0
4787,106.86425129201962,0.2994579845108092,0
4788,106.87487250001868,0.4182920092716813,0
4789,106.88792237499729,0.3486250061541796,0
4790,106.90083466697251,0.4617910017259419,0
4791,106.91388004197506,0.4040410276502371,0
4792,106.92616274999455,0.5745419766753912,0
4793,106.93723320798017,0.40770904161036015,0
4794,106.94961191702168,,1
4795,107.06348104198696,0.6217079935595393,0
4796,107.07671433297219,0.4740420263260603,0
4797,107.08881141699385,0.5459160311147571,0
4798,107.10189975000685,1.060499984305352,0
4799,107.1155681249802,0.570833042729646,0
4800,107.12874312500935,0.5499579710885882,0
4801,107.14187787502306,0.35212497459724545,0
4802,107.15445016697049,0.5623330362141132,0
4803,107.16759974998422,0.5369579885154963,0
4804,107.18000012502307,0.8643749752081931,0
4805,107.19351354200626,0.4005410009995103,0
4806,107.20650891697733,0.48437505029141903,0
4807,107.21958149998682,0.60299999313429,0
4808,107.23137845797464,0.5306250532157719,0
4809,107.2445152499713,0.3486250061541796,0
4810,107.25746383302612,1.204916974529624,0
4811,107.26898816699395,0.4303749883547425,0
4812,107.28202091698768,0.5119999987073243,0
4813,107.29513987497194,0.43637503404170275,0
4814,107.30815875000553,0.3877920098602772,0
4815,107.32114424998872,0.3880420117639005,0
4816,107.33389691699995,0.34675002098083496,0
4817,107.3468395419768,0.4332500393502414,0
4818,107.35747279197676,0.4202910349704325,0
4819,107.37045595800737,0.24500000290572643,0
4820,107.38325908302795,0.24749996373429894,0
4821,107.3956120419898,,1
4822,107.50873554201098,,1
4823,107.62286054197466,0.5175830447115004,0
4824,107.63598841702333,0.40550000267103314,0
4825,107.64674537500832,,1
4826,107.76060162502108,0.5325829843059182,0
4827,107.77373320801416,0.35008398117497563,0
4828,107.78667012497317,0.2868750016205013,0
4829,107.79952050000429,,1
4830,107.91294720798032,0.6177500472404063,0
4831,107.92377749999287,,1
4832,108.03761204198236,0.3338330425322056,0
4833,108.05048416700447,0.21662499057129025,0
4834,108.06326137500582,0.5440830136649311,0
4835,108.07640254200669,0.6412079674191773,0
4836,108.08902945800219,0.40179200004786253,0
4837,108.10202312498586,0.46087498776614666,0
4838,108.11507812497439,0.5359170027077198,0
4839,108.12711370800389,0.5384170217439532,0
4840,108.14021366700763,0.4564159899018705,0
4841,108.15251129202079,0.42287498945370317,0
4842,108.16431816702243,0.4392499686218798,0
4843,108.1776340000215,0.49308297457173467,0
4844,108.18990204198053,,1
4845,108.30314637499396,0.5348330014385283,0
4846,108.31628070800798,0.3108339733444154,0
4847,108.3289574169903,0.24579098680987954,0
4848,108.3407908329973,,1
4849,108.45452358300099,0.4522500094026327,0
4850,108.46753529197304,0.38587499875575304,0
4851,108.48054600000614,0.37049996899440885,0
4852,108.49349166697357,0.41925004916265607,0
4853,108.50427995802602,0.488624966237694,0
4854,108.51737720798701,,1
4855,108.63122224999825,0.5467080045491457,0
4856,108.64316429197788,0.34837500425055623,0
4857,108.65444183297222,0.3169590490870178,0
4858,108.66731024999171,0.33229199470952153,0
4859,108.68018837500131,0.40966697270050645,0
4860,108.69317770801717,0.30370900640264153,0
4861,108.70513662497979,0.36566704511642456,0
4862,108.71593299997039,0.33479201374575496,0
4863,108.72852825000882,0.42225001379847527,0
4864,108.74471562501276,,1
4865,108.85746187501354,0.3249580040574074,0
4866,108.87036291701952,0.33083296148106456,0
4867,108.88118625001516,0.39370800368487835,0
4868,108.8941663330188,0.3183339722454548,0
4869,108.90593687497312,0.2381670055910945,0
4870,108.91798391699558,0.18208299297839403,0
4871,108.92993879201822,0.3399580018594861,0
4872,108.94136458297726,0.9909170330502093,0
4873,108.95395204197848,0.3012079978361726,0
4874,108.96612979198107,0.3070830134674907,0
4875,108.97898554202402,0.28370798099786043,0
4876,108.98937883297913,0.3183750086463988,0
4877,109.00232370797312,0.4491250147111714,0
4878,109.01550945802592,0.26283395709469914,0
4879,109.02784195798449,0.3425840404815972,0
4880,109.04074399999809,0.3179169725626707,0
4881,109.05148508300772,0.32654200913384557,0
4882,109.06317104201298,0.4053330048918724,0
4883,109.07616950001102,0.3831249778158963,0
4884,109.08887766697444,0.32820802880451083,0
4885,109.09950354200555,0.40679099038243294,0
4886,109.11088791699149,0.2651250106282532,0
4887,109.12166504201014,0.3014579997397959,0
4888,109.13464875001227,0.3031250089406967,0
4889,109.14663416700205,0.31416601268574595,0
4890,109.15952350001317,0.2257499727420509,0
4891,109.17145516700111,,1
4892,109.28242145798868,,1
4893,109.39623920799932,0.6253750179894269,0
4894,109.40944041701732,0.4003749927505851,0
4895,109.42060837498866,0.38179202238097787,0
4896,109.43197566701565,0.2811249578371644,0
4897,109.44480420800392,0.3693340113386512,0
4898,109.45718991698232,0.5072079948149621,0
4899,109.46870345802745,0.41433394653722644,0
4900,109.48167979199206,0.5040830001235008,0
4901,109.49474520800868,0.4258750122971833,0
4902,109.50771966698812,0.4165000282227993,0
4903,109.52062287501758,0.5272919661365449,0
4904,109.53258170798654,0.4710000357590616,0
4905,109.54560574999778,0.4147079889662564,0
4906,109.55875687499065,0.4676670068874955,0
4907,109.57110429200111,0.4512909799814224,0
4908,109.58410924999043,0.39320799987763166,0
4909,109.597049916978,0.3709580050781369,0
4910,109.61003400001209,,1
4911,109.72256404202199,0.5689579993486404,0
4912,109.73572749999585,0.4765000194311142,0
4913,109.74734108301345,0.4023750079795718,0
4914,109.76032033300726,0.4098750068806112,0
4915,109.77151291701011,0.42220798786729574,0
4916,109.7844986669952,0.3535000141710043,0
4917,109.797410707979,,1
4918,109.91119579202496,0.4831249825656414,0
4919,109.92425237497082,0.3809170448221266,0
4920,109.93721083301352,0.27958396822214127,0
4921,109.94896100001642,0.30645797960460186,0
4922,109.96182016702369,0.2696249866858125,0
4923,109.9746379579883,0.2679590252228081,0
4924,109.98744791699573,0.26637502014636993,0
4925,109.99836824997328,,1
4926,110.11217658297392,0.4259170382283628,0
4927,110.12271495797904,0.4081670194864273,0
4928,110.1356848750147,0.33974996767938137,0
4929,110.1466144999722,0.3214580356143415,0
4930,110.15758462500526,0.21104200277477503,0
4931,110.17034433298977,0.17329200636595488,0
4932,110.18303533300059,0.1480000209994614,0
4933,110.1956997080124,0.1859170151874423,0
4934,110.20840399997542,0.5155420512892306,0
4935,110.22144595801365,0.15524995978921652,0
4936,110.23413400002755,0.19899994367733598,0
4937,110.24697375000687,0.4616670194081962,0
4938,110.2587080830126,0.330834009218961,0
4939,110.26975633297116,0.25091704446822405,0
4940,110.2821631670231,0.3680409863591194,0
4941,110.29376791702816,,1
4942,110.41174241702538,1.0206250008195639,0
4943,110.42537512502167,0.4467919934540987,0
4944,110.43845162499929,0.4380419850349426,0
4945,110.44982383301249,0.41454198071733117,0
4946,110.4621694170055,0.43108296813443303,0
4947,110.47482233302435,0.48570899525657296,0
4948,110.48566266702255,0.4839159664697945,0
4949,110.4977073330083,2.5529590202495456,0
4950,110.51286254200386,4.523165989667177,0
4951,110.52997883298667,0.4050839925184846,0
4952,110.54286420799326,0.561084016226232,0
4953,110.55466637498466,3.2359170145355165,0
4954,110.56906741700368,2.6855000178329647,0
4955,110.58402616699459,0.8034579805098474,0
4956,110.59675308299484,0.7308340282179415,0
4957,110.6100995420129,,1
4958,110.72410612500971,0.47508301213383675,0
4959,110.73741808300838,1.0325419716536999,0
4960,110.75104687502608,0.3855419927276671,0
4961,110.76333704200806,0.4414580180309713,0
4962,110.77414833300281,,1
4963,110.88780379202217,0.9339999523945153,0
4964,110.90133874997264,0.43583300430327654,0
4965,110.91437212500023,0.3915830166079104,0
4966,110.92824858298991,0.5489590112119913,0
4967,110.94139762502164,0.4485420067794621,0
4968,110.95320666697808,0.34374999813735485,0
4969,110.96536849997938,0.3752920310944319,0
4970,110.9783137079794,0.2821669913828373,0
4971,110.9890747499885,0.3452079836279154,0
4972,111.00199287501164,0.37279201205819845,0
4973,111.01428958302131,,1
4974,111.12802624999313,0.5409999866969883,0
4975,111.1401836249861,1.018500013742596,0
4976,111.15222591697238,0.5182910244911909,0
4977,111.16330929199466,0.3499999875202775,0
4978,111.17561645800015,0.5247090011835098,0
4979,111.1875069999951,1.5497499844059348,0
4980,111.20168833300704,,1
4981,111.31309654202778,0.5389999714680016,0
4982,111.32621891697636,0.31450000824406743,0
4983,111.33780241699424,0.31054101418703794,0
4984,111.34875733300578,0.2798339701257646,0
4985,111.36159270798089,0.34616701304912567,0
4986,111.37260879197856,0.28845801716670394,0
4987,111.38545154198073,,1
4988,111.49919816700276,0.5874159978702664,0
4989,111.5123617919744,,1
4990,111.6262580829789,0.3772500203922391,0
4991,111.63920637499541,0.2850419841706753,0
4992,111.65205033298116,0.3386670141480863,0
4993,111.6639087080257,0.44012494618073106,0
4994,111.67526275001,0.4214579821564257,0
4995,111.687775917002,0.47345797065645456,0
4996,111.70081970799947,0.422417011577636,0
4997,111.71380391699495,0.626583001576364,0
4998,111.7269888750161,2.2144579561427236,0
4999,111.74183133302722,0.3320419928058982,0
5000,111.75418095797068,,1
5001,111.86691904201871,,1
5002,111.98084487498272,0.7142500253394246,0
5003,111.99310504202731,,1
5004,112.10677962499904,0.63158298144117,0
5005,112.12001816701377,0.6645829998888075,0
5006,112.13327941700118,0.5995000246912241,0
5007,112.14646333298879,,1
5008,112.26031124999281,0.6130000110715628,0
5009,112.27374062500894,,1
5010,112.38761558302213,0.2929589827544987,0
5011,112.40046575001907,0.3727079601958394,0
5012,112.41241858300054,0.5203749751672149,0
5013,112.42553029197734,0.3862910089083016,0
5014,112.43900787498569,0.5799169884994626,0
5015,112.45108604198322,0.43825001921504736,0
5016,112.46411712502595,0.39179198211058974,0
5017,112.47655070800101,0.4771249950863421,0
5018,112.48960391699802,0.434375018812716,0
5019,112.50261566700647,0.3790829796344042,0
5020,112.51557979197241,0.3795830416493118,0
5021,112.52826204197481,0.5209580413065851,0
5022,112.54086470801849,0.6168749532662332,0
5023,112.55403175001265,1.6957499901764095,0
5024,112.56838541699108,0.544416019693017,0
5025,112.58152904198505,0.6534580024890602,0
5026,112.59477162500843,0.45074999798089266,0
5027,112.60750233300496,0.49700000090524554,0
5028,112.61914570798399,0.4871670389547944,0
5029,112.63224050001008,,1
5030,112.74372799997218,0.6430420326068997,0
5031,112.7569571249769,0.4498329944908619,0
5032,112.76997579197632,0.4278330015949905,0
5033,112.78296541702002,0.4221659619361162,0
5034,112.79428229201585,,1
5035,112.90752845798852,,1
5036,113.02100875001634,5.303332989569753,0
5037,113.03895362501498,0.4119579680263996,0
5038,113.0502680420177,0.4408329841680825,0
5039,113.06228883302538,0.41566696017980576,0
5040,113.07530000002589,0.44433295261114836,0
5041,113.08692383300513,,1
5042,113.20291520800674,0.6693750037811697,0
5043,113.21430008299649,0.5702089983969927,0
5044,113.22630004200619,0.3440000000409782,0
5045,113.23841516702669,0.5229579983279109,0
5046,113.25149204197805,0.3364580334164202,0
5047,113.26437345799059,0.35316700814291835,0
5048,113.27728241699515,1.7462910036556423,0
5049,113.29159929201705,0.4231249913573265,0
5050,113.30548920802539,0.36341696977615356,0
5051,113.3174570829724,0.47862500650808215,0
5052,113.33050745801302,0.40958396857604384,0
5053,113.34260458301287,,1
5054,113.45640154200373,0.3760000108741224,0
5055,113.46845666697482,0.4022500361315906,0
5056,113.48096100002294,0.5283329519443214,0
5057,113.49188983300701,0.6762919947504997,0
5058,113.5027141669998,0.622207997366786,0
5059,113.51548524998361,0.3599170013330877,0
5060,113.52840666699922,0.2164160250686109,0
5061,113.53948924998986,0.33733301097527146,0
5062,113.55237766698701,0.33616600558161736,0
5063,113.56561175000388,0.5608749925158918,0
5064,113.57729895797092,0.42683404171839356,0
5065,113.59034183301264,,1
5066,113.70340616698377,0.7260410347953439,0
5067,113.71679195802426,0.5402919487096369,0
5068,113.72833079198608,0.6222500232979655,0
5069,113.74154254200403,0.5417909706011415,0
5070,113.75422512501245,0.6089999806135893,0
5071,113.76739950000774,0.4990000161342323,0
5072,113.78047445800621,0.48804201651364565,0
5073,113.79354874999262,0.4464579978957772,0
5074,113.80655445798766,0.5215000128373504,0
5075,113.81963466701563,0.4877499886788428,0
5076,113.83100504201138,0.5032909684814513,0
5077,113.84407487499993,0.48225000500679016,0
5078,113.85712237498956,0.4597500083036721,0
5079,113.87014662497677,0.41437504114583135,0
5080,113.88266162498621,,1
5081,113.99345895799343,1.8498750287108123,0
5082,114.00773208297323,,1
5083,114.11961225001141,7.501707994379103,0
5084,114.13770116702653,,1
5085,114.25003516697325,0.7577910437248647,0
5086,114.26342191698495,0.48233300913125277,0
5087,114.276498250023,0.42170798406004906,0
5088,114.28763020801125,0.3794590011239052,0
5089,114.30060025001876,,1
5090,114.41341691702837,0.556665996555239,0
5091,114.42530387500301,0.40783302392810583,0
5092,114.43712050002068,0.20866695558652282,0
5093,114.4498838330037,0.2957920078188181,0
5094,114.4630374580156,0.21841697162017226,0
5095,114.47578879201319,0.22816599812358618,0
5096,114.48869308299618,,1
5097,114.60262437502388,,1
5098,114.71647887502331,,1
5099,114.8303687919979,0.7843750063329935,0
5100,114.84376933297608,0.5890839966014028,0
5101,114.85696529201232,0.6682499661110342,0
5102,114.86905395798385,0.4717920091934502,0
5103,114.88214166701073,,1
5104,114.99449233297491,0.4794170381501317,0
5105,115.00630016700597,0.6429160130210221,0
5106,115.01827008300461,0.4599589738063514,0
5107,115.03134858299745,0.4914170131087303,0
5108,115.04444966698065,0.48762501683086157,0
5109,115.05754200002411,0.38304197369143367,0
5110,115.07052308297716,0.5057920352555811,0
5111,115.0836192080169,0.4537919885478914,0
5112,115.09562970802654,0.41191698983311653,0
5113,115.10863354202593,0.3897909773513675,0
5114,115.12159574998077,0.3119580214843154,0
5115,115.13289524998982,,1
5116,115.24682250001933,0.6722079706378281,0
5117,115.26010362501256,0.5025829887017608,0
5118,115.27221274998737,0.4296250408515334,0
5119,115.28528449998703,0.4057500045746565,0
5120,115.29825587500818,0.4048330010846257,0
5121,115.31046524998965,0.4212080384604633,0
5122,115.32105062500341,,1
5123,115.43488862499362,0.6959579768590629,0
5124,115.4466049579787,0.5053339991718531,0
5125,115.45939287502551,0.3475829726085067,0
5126,115.4723132919753,0.30462502036243677,0
5127,115.4852107919869,0.3631250001490116,0
5128,115.49661224999,0.37112500285729766,0
5129,115.5095542499912,0.6627499824389815,0
5130,115.52189670799999,0.4419590113684535,0
5131,115.53490124997916,0.4360420280136168,0
5132,115.54789841698948,0.4415410221554339,0
5133,115.56089633301599,0.34604198299348354,0
5134,115.57319662498776,0.6524170166812837,0
5135,115.58514824998565,0.4069170099683106,0
5136,115.59813845797908,,1
5137,115.7120030419901,0.506040989421308,0
5138,115.72330499999225,0.32350001856684685,0
5139,115.7361866250285,0.41408295510336757,0
5140,115.7487127080094,0.38237497210502625,0
5141,115.76135345798684,0.3474170225672424,0
5142,115.77296770800604,0.4616670194081962,0
5143,115.7845780000207,0.513582956045866,0
5144,115.79764975002035,,1
5145,115.91146637499332,,1
5146,116.02530908299377,0.4995840135961771,0
5147,116.03728108300129,0.38658402627334,0
5148,116.04912741697626,0.5374580505304039,0
5149,116.0612320000073,0.3808329929597676,0
5150,116.07269445800921,0.34674996277317405,0
5151,116.08559608302312,0.3283339901827276,0
5152,116.09851174999494,0.3143330104649067,0
5153,116.11095991701586,0.29704096959903836,0
5154,116.12380437500542,0.3403750015422702,0
5155,116.134928125015,0.3064170014113188,0
5156,116.14668441697722,0.3321249969303608,0
5157,116.1595724169747,0.4943750100210309,0
5158,116.17114024999319,,1
5159,116.28525704197818,0.7244159933179617,0
5160,116.29662041697884,0.5908750463277102,0
5161,116.30979141697753,0.5001660319976509,0
5162,116.32105404202593,0.475957989692688,0
5163,116.33169020799687,0.4770000232383609,0
5164,116.34472429199377,0.42749999556690454,0
5165,116.35770641698036,0.4462910001166165,0
5166,116.37062408297788,0.47245901077985764,0
5167,116.38366612500977,0.41624996811151505,0
5168,116.39661854197038,0.4766250494867563,0
5169,116.40965095802676,,1
5170,116.52105400001165,0.505667005199939,0
5171,116.5341346670175,0.4241249989718199,0
5172,116.54712716699578,0.40616601472720504,0
5173,116.5601113329758,0.48216700088232756,0
5174,116.57215208298294,0.3364169970154762,0
5175,116.58287279197248,0.21566601935774088,0
5176,116.59563724999316,0.23366702953353524,0
5177,116.60839912499068,0.1860830234363675,0
5178,116.62110808299622,,1
5179,116.73323008301668,0.49462495371699333,0
5180,116.74633429199457,0.6236659828573465,0
5181,116.75938891700935,0.31120801577344537,0
5182,116.77175595797598,,1
5183,116.88483350002207,0.60374999884516,0
5184,116.89803883299464,0.4295419785194099,0
5185,116.91103304200806,,1
5186,117.02492316701682,0.6267499993555248,0
5187,117.0377282500267,0.5014999769628048,0
5188,117.05082158301957,0.46854198444634676,0
5189,117.0632429579855,0.46904198825359344,0
5190,117.07628666702658,0.43720798566937447,0
5191,117.08771504199831,0.38370798574760556,0
5192,117.10066275001736,0.35929196747019887,0
5193,117.11358991701854,0.4179579555056989,0
5194,117.12656925001647,,1
5195,117.23831729200901,,1
5196,117.35086708300514,,1
5197,117.46421658300096,0.6830840138718486,0
5198,117.47749808302615,0.47262496082112193,0
5199,117.48939237499144,0.4600000102072954,0
5200,117.5024295829935,0.42450003093108535,0
5201,117.51541612501023,0.4000829649157822,0
5202,117.52837133302819,0.3624999662861228,0
5203,117.54129550000653,0.4052500007674098,0
5204,117.55395691702142,0.6863329908810556,0
5205,117.56579783302732,,1
5206,117.67874441697495,0.4986250423826277,0
5207,117.69056966697099,0.22237503435462713,0
5208,117.70334433298558,0.17791701247915626,0
5209,117.71607124997536,0.21558301523327827,0
5210,117.72883116698358,0.1747910282574594,0
5211,117.74085645802552,0.1823339844122529,0
5212,117.75247420801315,0.23750000400468707,0
5213,117.76379895798163,0.24833402130752802,0
5214,117.77429187501548,0.35325001226738095,0
5215,117.78720487497048,0.24316704366356134,0
5216,117.79999845800921,0.19812496611848474,0
5217,117.8127425420098,0.20233297254890203,0
5218,117.82549087499501,0.1924170064739883,0
5219,117.83820629201364,0.3469579969532788,0
5220,117.84943995799404,0.30449999030679464,0
5221,117.8622891670093,0.39091601502150297,0
5222,117.87523683300242,0.3979169996455312,0
5223,117.88774383300915,0.3660839865915477,0
5224,117.90066016698256,0.3417910193093121,0
5225,117.91355416702572,0.34670799504965544,0
5226,117.92650162498467,,1
5227,118.04031133302487,0.4330839728936553,0
5228,118.05333141697338,0.2441250253468752,0
5229,118.06507408298785,,1
5230,118.17886766698211,0.5247080116532743,0
5231,118.19132541702129,0.3761659609153867,0
5232,118.20428545802133,0.37116697058081627,0
5233,118.21681229199748,0.3572499845176935,0
5234,118.22974412498297,,1
5235,118.34287491702707,,1
5236,118.45495170797221,0.722500029951334,0
5237,118.46650033298647,0.7312090019695461,0
5238,118.47804004198406,0.5532079958356917,0
5239,118.49117645801743,0.5057500093244016,0
5240,118.50269058300182,0.8240420138463378,0
5241,118.51455474999966,,1
5242,118.62845850002486,0.47266698675230145,0
5243,118.64149770798394,0.41137501830235124,0
5244,118.65441408299375,0.49474998377263546,0
5245,118.66747841698816,0.42295799357816577,0
5246,118.67977341701044,0.41029101703315973,0
5247,118.69232420797925,,1
5248,118.80395600001793,0.5608749925158918,0
5249,118.81709254201269,0.42891601333394647,0
5250,118.8301039999933,0.37224998231977224,0
5251,118.84273341699736,0.2797499764710665,0
5252,118.85556087497389,0.5090830381959677,0
5253,118.8669969579787,0.6242920062504709,0
5254,118.88010720798047,0.4305420443415642,0
5255,118.89123220799956,0.4164589918218553,0
5256,118.90421070798766,0.4010419943369925,0
5257,118.91716449998785,0.3614579909481108,0
5258,118.92896175000351,0.3231249866075814,0
5259,118.93940045800991,0.4004589864052832,0
5260,118.95130541699473,0.3869159845635295,0
5261,118.96364308299962,0.49091700930148363,0
5262,118.97668391698971,0.45187503565102816,0
5263,118.98969750001561,0.4142079851590097,0
5264,119.00267283298308,,1
5265,119.11585649999324,0.3700830275192857,0
5266,119.12929283297854,0.2762920339591801,0
5267,119.14213329198537,0.33791601890698075,0
5268,119.15504666697234,0.2839580411091447,0
5269,119.16789854201488,,1
5270,119.27987612498691,0.34370803041383624,0
5271,119.29277562501375,0.212125014513731,0
5272,119.3055450419779,0.28912501875311136,0
5273,119.31702466699062,,1
5274,119.42982829199173,0.4985000123269856,0
5275,119.44173554197187,0.2792910090647638,0
5276,119.45468391699251,1.6847079969011247,0
5277,119.46817241702229,0.32895797630771995,0
5278,119.48107591702137,0.3780829720199108,0
5279,119.49402920802822,0.23745896760374308,0
5280,119.50594587501837,0.4171250038780272,0
5281,119.51720479200594,1.6433749697171152,0
5282,119.5298514579772,0.555959006305784,0
5283,119.54192629200406,0.5337499896995723,0
5284,119.55393983301474,0.3356669913046062,0
5285,119.56625433301087,0.3967919619753957,0
5286,119.58127224998316,3.2959580421447754,0
5287,119.59577066701604,0.35983300767838955,0
5288,119.60869529197225,,1
5289,119.72205275000306,0.5102080176584423,0
5290,119.7337616669829,,1
5291,119.84652937500505,0.7434170111082494,0
5292,119.85986520798178,0.5695419968105853,0
5293,119.8711769580259,0.4920839564874768,0
5294,119.882885332976,0.2815840416587889,0
5295,119.89572712499648,0.36916701355949044,0
5296,119.90870675002225,0.493332976475358,0
5297,119.92108983302023,0.5044999998062849,0
5298,119.93339483300224,0.4965420230291784,0
5299,119.94646175001981,0.5294579896144569,0
5300,119.95954033301678,,1
5301,120.07277799997246,0.9812080534175038,0
5302,120.08539604197722,0.8273330167867243,0
5303,120.09887508297106,0.4276250256225467,0
5304,120.11189145798562,0.4526250413618982,0
5305,120.12259379198076,0.2519999979995191,0
5306,120.13541512499796,0.4181669792160392,0
5307,120.1483893750119,0.3584579681046307,0
5308,120.1613027920248,0.31587498961016536,0
5309,120.1727180830203,0.32879196805879474,0
5310,120.18474875000538,0.3028750070370734,0
5311,120.1975937919924,0.31304103322327137,0
5312,120.21486950002145,0.8468749583698809,0
5313,120.22829604201252,0.3458749852143228,0
5314,120.24121537501924,0.19295798847451806,0
5315,120.25394262501504,0.17574999947100878,0
5316,120.26667187502608,0.23670797236263752,0
5317,120.27946416701889,0.20662497263401747,0
5318,120.29222070798278,,1
5319,120.40470625000307,0.6326669827103615,0
5320,120.41791349998675,0.43524999637156725,0
5321,120.43091416702373,0.3346659941598773,0
5322,120.44267287501134,,1
5323,120.55634020798607,0.6372919888235629,0
5324,120.56964158301707,0.46916696010157466,0
5325,120.5827055000118,0.3589579719118774,0
5326,120.59565999999177,0.289958028588444,0
5327,120.60851341701346,0.3067500074394047,0
5328,120.62061229202664,0.280165986623615,0
5329,120.63343879202148,0.2621249877847731,0
5330,120.64626954199048,0.24458300322294235,0
5331,120.65908545802813,0.2690419787541032,0
5332,120.67164895799942,0.3148340038023889,0
5333,120.68243283301126,1.8295840127393603,0
5334,120.69682237500092,0.5873329937458038,0
5335,120.70997829199769,0.5055409856140614,0
5336,120.7227503330214,0.45008398592472076,0
5337,120.73577324999496,0.45829202281311154,0
5338,120.74753304198384,0.31479098834097385,0
5339,120.759441333008,0.3291249740868807,0
5340,120.77063329197699,0.4182910197414458,0
5341,120.78286154201487,0.3999159671366215,0
5342,120.7944507499924,0.45241700718179345,0
5343,120.80608175002271,0.4201249685138464,0
5344,120.81905308301793,,1
5345,120.9328358329949,0.3202920197509229,0
5346,120.94569691701327,0.22212497424334288,0
5347,120.95846191700548,0.264582980889827,0
5348,120.97119279199978,0.26845798129215837,0
5349,120.98296891700011,0.3601660137064755,0
5350,120.99480491701979,,1
5351,121.10774150001816,0.4082919913344085,0
5352,121.12070158298593,0.25745900347828865,0
5353,121.1320640000049,,1
5354,121.24587533302838,0.515041989274323,0
5355,121.25895916699665,0.32537500374019146,0
5356,121.27123679197393,0.7305410108529031,0
5357,121.28228020801907,0.5665419739671052,0
5358,121.29542512499029,0.5600419826805592,0
5359,121.30859408300603,0.6477920105680823,0
5360,121.32192883297103,0.45758404303342104,0
5361,121.33495979197323,0.49291603500023484,0
5362,121.34566291701049,0.6022079614922404,0
5363,121.3588315420202,0.48041599802672863,0
5364,121.37114308297168,0.5334170418791473,0
5365,121.38258283300092,0.37579197669401765,0
5366,121.39550799998688,0.40499999886378646,0
5367,121.40848308301065,0.744541990570724,0
5368,121.42179037502501,0.3867499763146043,0
5369,121.43379641702631,0.3683749819174409,0
5370,121.44670999998925,0.3850830253213644,0
5371,121.45965970802354,0.4420839832164347,0
5372,121.47108599997591,0.5027080187574029,0
5373,121.48414462502114,0.3909999504685402,0
5374,121.49657662498066,0.4430420231074095,0
5375,121.50957566697616,0.40495803114026785,0
5376,121.52256333298283,0.40779204573482275,0
5377,121.53414325002814,0.43295795330777764,0
5378,121.547134249995,0.407207990065217,0
5379,121.5601268329774,0.5757500184699893,0
5380,121.57393979199696,0.5595409893430769,0
5381,121.58638145797886,,1
5382,121.69980966701405,0.49100001342594624,0
5383,121.71290962502826,,1
5384,121.82668291701702,0.5188329960219562,0
5385,121.83782966702711,0.4665829474106431,0
5386,121.85088729200652,0.6535829743370414,0
5387,121.86412749998271,0.608125003054738,0
5388,121.87731504201656,0.5358330090530217,0
5389,121.89045200002147,0.5097499815747142,0
5390,121.90354500000831,0.5140419816598296,0
5391,121.91663804202108,0.48758299089968204,0
5392,121.92974325001705,0.5249169771559536,0
5393,121.94285004201811,0.5461249966174364,0
5394,121.95597433298826,0.5012500332668424,0
5395,121.96907233301317,0.5063340067863464,0
5396,121.98033116699662,0.5421250243671238,0
5397,121.99158395797713,0.5163340247236192,0
5398,122.00469091697596,0.5752910510636866,0
5399,122.01785187498899,0.4552080063149333,0
5400,122.03087295801379,0.44450000859797,0
5401,122.04389837500639,0.39604201447218657,0
5402,122.05523541697767,0.38316601421684027,0
5403,122.06818166701123,0.4052909789606929,0
5404,122.08114229200874,0.46149996342137456,0
5405,122.09179758297978,0.5755420424975455,0
5406,122.10494379198644,0.49450004007667303,0
5407,122.11783108301461,0.44641696149483323,0
5408,122.12991224997677,0.46541704796254635,0
5409,122.14100370800588,0.3842089790850878,0
5410,122.15270562499063,0.36750000435858965,0
5411,122.16333170799771,0.4606249858625233,0
5412,122.17640300001949,0.7522499654442072,0
5413,122.18781470798422,,1
5414,122.30176120798569,0.621834013145417,0
5415,122.31322512502084,0.5065829609520733,0
5416,122.32631220802432,0.4029169795103371,0
5417,122.33859983301954,0.4253750084899366,0
5418,122.34964920801576,0.3765419824048877,0
5419,122.3616098749917,0.3368330071680248,0
5420,122.37271525000688,0.34254201455041766,0
5421,122.38514837500406,0.4776249988935888,0
5422,122.39910058298847,0.6957500008866191,0
5423,122.41238954197615,0.501750037074089,0
5424,122.42549633298768,0.45849999878555536,0
5425,122.43728141702013,0.4000829649157822,0
5426,122.44953779201023,0.33316598273813725,0
5427,122.46227374998853,0.35450002178549767,0
5428,122.47370691702235,,1
5429,122.58661958301673,0.9741669637151062,0
5430,122.60018304199912,0.5775829777121544,0
5431,122.61214954202296,0.5896249786019325,0
5432,122.62535004201345,0.4522500094026327,0
5433,122.63830545800738,,1
5434,122.7505988330231,0.5994999664835632,0
5435,122.76322979200631,0.46075001591816545,0
5436,122.77434775000438,,1
5437,122.88674720801646,0.8309169788844883,0
5438,122.90018262498779,0.5588330095633864,0
5439,122.91307541698916,0.5128330085426569,0
5440,122.92467908299295,0.4106250125914812,0
5441,122.93602704198565,0.7077500340528786,0
5442,122.94933641701937,0.5254999850876629,0
5443,122.96244812500663,0.4889169940724969,0
5444,122.97550579201197,0.4493749584071338,0
5445,122.98729312501382,0.4539169603958726,0
5446,123.0001162919798,0.28666603611782193,0
5447,123.01154887501616,0.21791696781292558,0
5448,123.0242994580185,0.20145898452028632,0
5449,123.037019875017,0.21587498486042023,0
5450,123.04976254201028,0.26295799762010574,0
5451,123.0625614579767,0.3391250502318144,0
5452,123.07545766700059,0.9976250003091991,0
5453,123.08904120797524,0.36441703559830785,0
5454,123.09963520802557,0.4023749497719109,0
5455,123.11181008297717,0.49879204016178846,0
5456,123.1249237920274,0.47324999468401074,0
5457,123.13797575002536,0.42637495789676905,0
5458,123.15096941700904,0.4149579908698797,0
5459,123.16394879197469,0.3933330299332738,0
5460,123.17690666700946,0.4784580087289214,0
5461,123.19044958299492,1.013584027532488,0
5462,123.21788912499323,0.5028329906053841,0
5463,123.22987308300799,0.34679198870435357,0
5464,123.2427618749789,0.2275000442750752,0
5465,123.2544564169948,0.275125028565526,0
5466,123.26728608302074,0.28541695792227983,0
5467,123.28005770797608,0.43570902198553085,0
5468,123.29306004202226,0.37299998803064227,0
5469,123.30386662500678,0.2685830113478005,0
5470,123.31669766700361,0.4884160007350147,0
5471,123.32976283301832,0.4462499637156725,0
5472,123.34276154200779,0.3904579789377749,0
5473,123.35570970800472,0.3297500079497695,0
5474,123.36858945799759,0.34370901994407177,0
5475,123.38148033298785,0.3284999984316528,0
5476,123.39435870799934,0.34074997529387474,0
5477,123.40588662499795,0.579542014747858,0
5478,123.41905566700734,0.5717080202884972,0
5479,123.42993599997135,0.4545420524664223,0
5480,123.44137204199797,0.4125409759581089,0
5481,123.45395875000395,0.43174996972084045,0
5482,123.46697679202771,0.2840409870259464,0
5483,123.47894862497924,0.294625002425164,0
5484,123.49006808298873,0.2830000012181699,0
5485,123.50290416699136,0.26308302767574787,0
5486,123.51323766697897,0.30916603282094,0
5487,123.52610304200789,0.2816659980453551,0
5488,123.5372871250147,,1
5489,123.65027666697279,0.5657910369336605,0
5490,123.66341508302139,0.4012499703094363,0
5491,123.67638654197799,0.34495803993195295,0
5492,123.68731345800916,0.34258398227393627,0
5493,123.69881037500454,0.34954200964421034,0
5494,123.71172162500443,0.4567920113913715,0
5495,123.7233212920255,0.5809579743072391,0
5496,123.73647216701647,0.5433749756775796,0
5497,123.74956812500022,0.4355420242063701,0
5498,123.76055599999381,0.3922500181943178,0
5499,123.7722609170014,0.4694159724749625,0
5500,123.78433666698402,0.5433750338852406,0
5501,123.79661320801824,,1
5502,123.9097204169957,0.600875006057322,0
5503,123.92291991697857,0.6447500200010836,0
5504,123.93483337498037,0.6448330241255462,0
5505,123.94655291701201,0.5655830027535558,0
5506,123.95889670797624,0.4444170044735074,0
5507,123.97063624998555,,1
5508,124.08443341701059,0.5665830103680491,0
5509,124.09760854201159,0.5217500147409737,0
5510,124.11070579197258,0.5946250166743994,0
5511,124.12397162499838,,1
5512,124.23781733302167,0.7042089710012078,0
5513,124.25112670799717,0.3520839964039624,0
5514,124.26404833298875,0.3802499850280583,0
5515,124.27699116698932,,1
5516,124.38939854199998,0.560290995053947,0
5517,124.4015652500093,0.39920798735693097,0
5518,124.41452837502584,0.3976249718107283,0
5519,124.42750662501203,0.5501669947989285,0
5520,124.44064258300932,,1
5521,124.55442258302355,0.6998750031925738,0
5522,124.56762262497796,0.4917920450679958,0
5523,124.57896533299936,0.3563340287655592,0
5524,124.59187687502708,0.41408295510336757,0
5525,124.60396454198053,0.4027500399388373,0
5526,124.61692487500841,0.4053330048918724,0
5527,124.62988104199758,0.4848330281674862,0
5528,124.64292037498672,0.42050000047311187,0
5529,124.65590437501669,0.5238329758867621,0
5530,124.66680879198248,0.5659580347128212,0
5531,124.67992779199267,0.3753750352188945,0
5532,124.69082349998644,0.5261250189505517,0
5533,124.70369608298643,0.4431250272318721,0
5534,124.71476345800329,,1
5535,124.82651437498862,0.6249999860301614,0
5536,124.83888829202624,0.387999985832721,0
5537,124.85186370799784,0.28487498639151454,0
5538,124.86358050000854,0.2858749940060079,0
5539,124.87402337498497,,1
5540,124.98778320802376,0.4885419621132314,0
5541,125.00076500000432,0.6899579893797636,0
5542,125.01406537502771,0.38770795799791813,0
5543,125.02703733299859,0.2644589985720813,0
5544,125.03894287499133,0.26704202173277736,0
5545,125.04931295802817,,1
5546,125.1628131250036,0.3323329729028046,0
5547,125.17568325001048,0.1651250058785081,0
5548,125.18837091699243,0.15495799016207457,0
5549,125.2010511669796,0.1800000318326056,0
5550,125.21160833298927,0.1815840369090438,0
5551,125.22432429197943,,1
5552,125.33595904201502,0.2531249774619937,0
5553,125.35064270801377,0.27254200540483,0
5554,125.36146245797863,0.3711670287884772,0
5555,125.37439770798665,0.21595903672277927,0
5556,125.38468904199544,0.3701249952428043,0
5557,125.39549587498186,0.2228330122306943,0
5558,125.40828537498601,0.34445803612470627,0
5559,125.4211944169947,0.16691599739715457,0
5560,125.43391066702316,0.19545794930309057,0
5561,125.44665070797782,0.18141703912988305,0
5562,125.45889712497592,0.1741250162012875,0
5563,125.47161712497473,0.16475003212690353,0
5564,125.48434012499638,0.1782500185072422,0
5565,125.49706354201771,0.3127079689875245,0
5566,125.5099472500151,0.1974579645320773,0
5567,125.52271779201692,0.18533295951783657,0
5568,125.53544104198227,0.16008300008252263,0
5569,125.54815016698558,0.17687503714114428,0
5570,125.56079070799751,0.13983401004225016,0
5571,125.57108525000513,0.3534170100465417,0
5572,125.58398979197955,0.1984580303542316,0
5573,125.59673270798521,0.26045902632176876,0
5574,125.60956004197942,0.2252080012112856,0
5575,125.6217462500208,0.1819579629227519,0
5576,125.63448083301773,0.1954169711098075,0
5577,125.64662070799386,0.12637500185519457,0
5578,125.6592798330239,0.1603339915163815,0
5579,125.670612292015,0.24587498046457767,0
5580,125.68209158297395,,1
5581,125.79566279199207,0.31287502497434616,0
5582,125.80849295802182,0.25229196762666106,0
5583,125.82063337502768,,1
5584,125.9335756250075,0.6809170008637011,0
5585,125.94661450001877,,1
5586,126.06022583297454,0.5314170266501606,0
5587,126.0733723330195,0.6618339684791863,0
5588,126.08673429198097,0.5734580336138606,0
5589,126.09989445802057,0.730792002286762,0
5590,126.11163516697707,0.7161660469137132,0
5591,126.12348804197973,0.6085000350140035,0
5592,126.1367257499951,0.6903749890625477,0
5593,126.15002308302792,0.6610839627683163,0
5594,126.16334454197204,0.633415998890996,0
5595,126.1754738750169,0.5924580036662519,0
5596,126.18728687497787,0.5313330329954624,0
5597,126.19951362500433,0.5672500119544566,0
5598,126.21268570801476,0.6375419907271862,0
5599,126.22591316699982,0.5638750153593719,0
5600,126.23883087502327,0.6546249496750534,0
5601,126.25208825001027,0.5760419880971313,0
5602,126.26428479200695,0.5345409736037254,0
5603,126.27742175001185,0.5782920052297413,0
5604,126.28939520800486,0.8847499848343432,0
5605,126.30176950001623,1.3562499661929905,0
5606,126.31478383298963,0.5170420045033097,0
5607,126.32668687502155,0.33020798582583666,0
5608,126.33965587499551,0.32462499802932143,0
5609,126.35254749999149,0.23379200138151646,0
5610,126.36324016697472,0.22095802705734968,0
5611,126.37600466702133,0.22666598670184612,0
5612,126.38780475000385,0.25049998657777905,0
5613,126.40060229197843,0.303708016872406,0
5614,126.41346841701306,,1
5615,126.52729779202491,0.47929096035659313,0
5616,126.53921924997121,0.3130420227535069,0
5617,126.5521036250284,0.1759999431669712,0
5618,126.5632601249963,0.24625001242384315,0
5619,126.57605308300117,0.25320897111669183,0
5620,126.58886387501843,0.4658749676309526,0
5621,126.60158020799281,0.38508401485159993,0
5622,126.61325183301233,0.43291697511449456,0
5623,126.62491324997973,0.31750003108754754,0
5624,126.63773637497798,0.3197500482201576,0
5625,126.64815804199316,0.28525001835078,0
5626,126.65886916697491,0.4260410205461085,0
5627,126.67184983298648,0.45658403541892767,0
5628,126.68486520799343,0.39829203160479665,0
5629,126.69781874999171,,1
5630,126.80815037497086,0.6130830151960254,0
5631,126.82134554197546,,1
5632,126.93514837499242,0.40862499736249447,0
5633,126.94782858301187,,1
5634,127.06162849999964,0.2894580247811973,0
5635,127.07335195800988,0.28325000312179327,0
5636,127.08524779201252,0.49658300122246146,0
5637,127.09664366702782,0.3428329946473241,0
5638,127.10957700002473,0.47266698675230145,0
5639,127.12262762500905,,1
5640,127.23493008298101,0.7195420330390334,0
5641,127.24830545799341,,1
5642,127.36218437500065,0.32950000604614615,0
5643,127.37261295801727,0.25754200760275126,0
5644,127.38452391698956,0.4996660281904042,0
5645,127.39769750001142,0.28316699899733067,0
5646,127.40982979198452,0.5293750436976552,0
5647,127.42302237497643,0.45829202281311154,0
5648,127.43608054198558,0.519791035912931,0
5649,127.44923487497726,0.5251250113360584,0
5650,127.4622807080159,0.3381670103408396,0
5651,127.47307695797645,0.3166670212522149,0
5652,127.48499937501037,,1
5653,127.59908187499968,0.5421250243671238,0
5654,127.61062829202274,,1
5655,127.72330833302112,0.5677089793607593,0
5656,127.73472166701686,0.42116595432162285,0
5657,127.7475742920069,,1
5658,127.86145429202588,0.5973329534754157,0
5659,127.87464833300328,0.3765419824048877,0
5660,127.88759783300338,0.4192090127617121,0
5661,127.89988212502794,0.3144579823128879,0
5662,127.91277287498815,0.6206250400282443,0
5663,127.92600383301033,0.4753340035676956,0
5664,127.93883720802842,0.3530419780872762,0
5665,127.95176095800707,0.364083971362561,0
5666,127.96328324999195,0.3801669809035957,0
5667,127.97454612498404,0.36750000435858965,0
5668,127.98746120801661,0.4258339758962393,0
5669,128.00250341702485,2.210874983575195,0
5670,128.0172729169717,0.3774580545723438,0
5671,128.03021487500519,0.38899999344721437,0
5672,128.04316158301663,0.3439589636400342,0
5673,128.0555653750198,0.30933297239243984,0
5674,128.0684237080277,0.3624169621616602,0
5675,128.07991037500324,0.429667008575052,0
5676,128.09289029199863,0.31891599064692855,0
5677,128.103954042017,0.45016600051894784,0
5678,128.11697074997937,0.40191703010350466,0
5679,128.12991945800604,0.4878339823335409,0
5680,128.14296704198932,0.43641601223498583,0
5681,128.1544127080124,0.38837495958432555,0
5682,128.16736120800488,0.39125001057982445,0
5683,128.17989704199135,0.3892080276273191,0
5684,128.1923216250143,0.3921249881386757,0
5685,128.20497962500667,0.34087500534951687,0
5686,128.21730725001544,0.5022920086048543,0
5687,128.23037766700145,0.4949580179527402,0
5688,128.24343749997206,0.5030420143157244,0
5689,128.2565019169706,0.4866660456173122,0
5690,128.26955383300083,0.4306670161895454,0
5691,128.2820671669906,0.496625027153641,0
5692,128.29512224998325,0.44650002382695675,0
5693,128.30654249998042,2.158957999199629,0
5694,128.32119445799617,0.37758401595056057,0
5695,128.3327096250141,0.5169999785721302,0
5696,128.34561545797624,0.29133399948477745,0
5697,128.3584777499782,0.3108750097453594,0
5698,128.37110716698226,0.25416602147743106,0
5699,128.38218279200373,0.42104098247364163,0
5700,128.39518812502502,0.3037919523194432,0
5701,128.40740995801752,0.26937498478218913,0
5702,128.42023925000103,0.42283302173018456,0
5703,128.43324204202509,0.31649996526539326,0
5704,128.4461311249761,0.3355000517331064,0
5705,128.45905116701033,0.29383297078311443,0
5706,128.4696051669889,0.4880410269834101,0
5707,128.48270154197235,0.48395805060863495,0
5708,128.49577895802213,0.3019169671460986,0
5709,128.50866895797662,0.5076249944977462,0
5710,128.52118941699155,0.44904102105647326,0
5711,128.53259258298203,0.44954201439395547,0
5712,128.5456386670121,0.3175410092808306,0
5713,128.55855341698043,0.5475000361911952,0
5714,128.5709842920187,0.4419999895617366,0
5715,128.58396470802836,,1
5716,128.69961616699584,0.4859580076299608,0
5717,128.71056004200364,0.4036659956909716,0
5718,128.7232978750253,0.36979198921471834,0
5719,128.7362304169801,0.5562500446103513,0
5720,128.7472492500092,0.3214579774066806,0
5721,128.7579732920276,0.3412499791011214,0
5722,128.7698405419942,0.48479100223630667,0
5723,128.7820587080205,0.5049589672125876,0
5724,128.79383195802802,,1
5725,128.90777929197066,0.6256250198930502,0
5726,128.91964637499768,0.3065419732593,0
5727,128.93141312501393,0.24658296024426818,0
5728,128.94421787501778,0.2234579878859222,0
5729,128.95698320801603,,1
5730,129.06988179200562,0.5261659971438348,0
5731,129.08299833297497,0.5014589987695217,0
5732,129.09606499999063,0.36220799665898085,0
5733,129.1089992080233,0.5577919655479491,0
5734,129.12203858298017,,1
5735,129.2338790000067,0.6399999838322401,0
5736,129.24669950001407,0.5879169912077487,0
5737,129.25753541698214,1.1922080302610993,0
5738,129.27067195798736,0.40129199624061584,0
5739,129.2836842079996,0.5897919763810933,0
5740,129.29664191702614,0.3607909893617034,0
5741,129.30960879201302,0.2767500118352473,0
5742,129.32244308298687,0.2534590312279761,0
5743,129.3346098330221,0.21720898803323507,0
5744,129.34737754199887,0.26891601737588644,0
5745,129.3601987080183,0.2978749689646065,0
5746,129.37273995799478,0.5365419783629477,0
5747,129.38513000000967,,1
5748,129.49759162502596,0.4010829725302756,0
5749,129.51056512497598,0.3165420494042337,0
5750,129.52267899998697,0.3649580175988376,0
5751,129.53453750000335,0.34608301939442754,0
5752,129.54575437499443,0.23429200518876314,0
5753,129.558548083005,,1
5754,129.6707062079804,,1
5755,129.78386879200116,,1
5756,129.89762920798967,0.42979203863069415,0
5757,129.90895487501984,0.3600000054575503,0
5758,129.92163445800543,0.38591696647927165,0
5759,129.93458162498428,0.19175000488758087,0
5760,129.9471403749776,,1
5761,130.05907587497495,0.7682080031372607,0
5762,130.07268512499286,,1
5763,130.1865478749969,0.6339999963529408,0
5764,130.19766633299878,0.499458983540535,0
5765,130.21074291702826,0.3987079835496843,0
5766,130.2221950420062,,1
5767,130.33380849997047,0.6882500019855797,0
5768,130.3470913330093,0.6015420076437294,0
5769,130.36027541698422,0.3986660158261657,0
5770,130.3732768750051,0.35162497078999877,0
5771,130.38619024999207,0.3362499992363155,0
5772,130.39763908297755,0.34250004682689905,0
5773,130.41054070799146,0.30083401361480355,0
5774,130.42107816698262,0.3231250448152423,0
5775,130.43396166700404,0.4318749997764826,0
5776,130.44664183299756,0.46970898984000087,0
5777,130.45966645801673,0.47554197954013944,0
5778,130.4706056250143,0.4359169979579747,0
5779,130.48173958301777,0.4431669949553907,0
5780,130.49533733300632,0.6067919894121587,0
5781,130.5082792500034,0.710874970536679,0
5782,130.52115104201948,0.51979097770527,0
5783,130.53424733300926,0.45658397721126676,0
5784,130.5466529999976,0.3878750139847398,0
5785,130.5595853329869,0.4223749856464565,0
5786,130.57216270797653,0.4272090154699981,0
5787,130.58514341700356,0.3499580197967589,0
5788,130.59659487497993,0.3968329983763397,0
5789,130.60954858298646,0.4931250005029142,0
5790,130.62108316697413,0.46125001972541213,0
5791,130.63409237499582,0.380458019208163,0
5792,130.64659358299104,0.431500026024878,0
5793,130.65957508300198,0.36762497620657086,0
5794,130.67061495798407,0.37495902506634593,0
5795,130.6835511670215,0.4921249928884208,0
5796,130.6966409169836,0.3660410293377936,0
5797,130.70897070801584,0.3427499905228615,0
5798,130.72107550001238,0.3502079634927213,0
5799,130.73242466698866,2.132499997969717,0
5800,130.74712020799052,0.5369170103222132,0
5801,130.76023341697874,0.5465830327011645,0
5802,130.77306770801079,0.3215000033378601,0
5803,130.7840790419723,0.4171250038780272,0
5804,130.79663150000852,0.2952499780803919,0
5805,130.80785154202022,0.2746660029515624,0
5806,130.82066962501267,0.32104196725413203,0
5807,130.83354270801647,0.43929199455305934,0
5808,130.84658333298285,0.5478340317495167,0
5809,130.85969166702125,0.432165979873389,0
5810,130.87061479198746,0.46800001291558146,0
5811,130.88275583297946,0.3797090030275285,0
5812,130.89495387498755,0.4342920146882534,0
5813,130.90547937498195,0.5134170060046017,0
5814,130.91855300002499,0.5377079942263663,0
5815,130.9292473749956,0.5937080131843686,0
5816,130.94142079201993,0.48562500160187483,0
5817,130.95316570799332,0.38766697980463505,0
5818,130.96425999997882,0.2924580476246774,0
5819,130.97710116702365,,1
5820,131.09087508299854,0.5891249747946858,0
5821,131.10314416699111,0.5005830316804349,0
5822,131.1162218329846,0.5554170347750187,0
5823,131.1273412500159,0.4427499952726066,0
5824,131.13878300000215,0.4782920004799962,0
5825,131.15141225000843,0.4985000123269856,0
5826,131.16448674997082,0.5142500158399343,0
5827,131.1775782079785,0.5289170076139271,0
5828,131.1886649170192,0.5862079560756683,0
5829,131.20182904199464,0.5412910250015557,0
5830,131.2149447919801,,1
5831,131.32881462498335,0.34195801708847284,0
5832,131.34165062499233,0.29966700822114944,0
5833,131.35450854199007,0.3067909856326878,0
5834,131.3662083329982,,1
5835,131.4793579169782,0.4996250499971211,0
5836,131.49243649997516,0.30966702615842223,0
5837,131.50445512501756,0.3279579686932266,0
5838,131.51840445800917,0.6733339978381991,0
5839,131.5316881670151,0.5590000073425472,0
5840,131.54290329199284,,1
5841,131.65486633300316,0.5079999682493508,0
5842,131.66705887502758,0.2864169655367732,0
5843,131.67962787498254,,1
5844,131.793441582995,0.6862920126877725,0
5845,131.80490191699937,0.6252910243347287,0
5846,131.8181064579985,0.4270420176908374,0
5847,131.83096795802703,0.5087089957669377,0
5848,131.84405662497738,,1
5849,131.95791200001258,,1
5850,132.07178350002505,0.5738749750889838,0
5851,132.08466941700317,0.4755409900099039,0
5852,132.09774204198038,0.5310410051606596,0
5853,132.11088383302558,0.5939589464105666,0
5854,132.12408112501726,0.365916988812387,0
5855,132.1370568330167,0.48804195830598474,0
5856,132.14952766697388,,1
5857,132.26327049999963,0.5333329900167882,0
5858,132.276393542008,0.5066659650765359,0
5859,132.28950274997624,0.5808330024592578,0
5860,132.3026865000138,0.37804199382662773,0
5861,132.3145479580271,0.47099997755140066,0
5862,132.32759141700808,0.2680830075405538,0
5863,132.34042870800477,0.3064170014113188,0
5864,132.35149558301782,0.14183396706357598,0
5865,132.36371066700667,0.15774997882544994,0
5866,132.37523370800773,0.29533397173509,0
5867,132.38781149999704,0.4396670265123248,0
5868,132.3983312919736,0.3459580475464463,0
5869,132.41122658300446,0.32699998700991273,0
5870,132.42272658302682,0.33612496918067336,0
5871,132.4335594580043,0.3613749868236482,0
5872,132.4465045830002,0.33708399860188365,0
5873,132.45939249999356,,1
5874,132.5726300830138,0.6097499863244593,0
5875,132.58446845802246,0.44712499948218465,0
5876,132.59657895797864,0.4100000369362533,0
5877,132.60956279200036,,1
5878,132.72315266699297,0.5347499973140657,0
5879,132.73627062502783,0.4379999591037631,0
5880,132.74927987501724,0.40633295429870486,0
5881,132.76225979201263,0.3719580126926303,0
5882,132.7744872919866,0.4034999874420464,0
5883,132.78745716699632,0.3933330299332738,0
5884,132.80041029199492,0.39362499956041574,0
5885,132.81336037500296,0.41974999476224184,0
5886,132.82638229202712,,1
5887,132.93777612497797,0.6845419993624091,0
5888,132.9510475830175,0.5016250070184469,0
5889,132.9641228329856,0.4397089942358434,0
5890,132.9771436249721,,1
5891,133.09036887501134,0.5104999872855842,0
5892,133.10349083301844,0.41545898420736194,0
5893,133.11648820800474,0.4699169658124447,0
5894,133.12952675000997,0.3874169779010117,0
5895,133.14247525000246,0.38599997060373425,0
5896,133.1539585000137,0.4992079921066761,0
5897,133.16701966698747,0.3185829846188426,0
5898,133.17924066702835,0.4332909593358636,0
5899,133.1908177920268,0.5022079567424953,0
5900,133.20391404198017,0.39070803904905915,0
5901,133.21689179202076,0.4265829920768738,0
5902,133.22780004201923,0.4319999716244638,0
5903,133.2408145830268,0.6788339815102518,0
5904,133.25394775002496,0.46620797365903854,0
5905,133.26629137498094,0.3714580088853836,0
5906,133.2789863750222,,1
5907,133.39116916700732,,1
5908,133.50308741698973,0.5538749974220991,0
5909,133.51495250000153,0.5149170174263418,0
5910,133.52643604198238,0.3042910248041153,0
5911,133.53778208297445,0.2738750190474093,0
5912,133.5485903749941,0.49275002675130963,0
5913,133.56041791697498,0.3940410097129643,0
5914,133.5717355000088,0.3468749928288162,0
5915,133.58322704199236,0.5109159974381328,0
5916,133.5962600830244,0.48099999548867345,0
5917,133.60769504198106,0.33804099075496197,0
5918,133.62062033300754,0.42445899453014135,0
5919,133.63364062499022,0.5107080214656889,0
5920,133.64521170797525,0.3913340042345226,0
5921,133.6576529580052,0.5300840130075812,0
5922,133.67060983297415,0.31816703267395496,0
5923,133.68392545799725,0.5196669953875244,0
5924,133.69894870801363,,1
5925,133.81393741699867,0.5292909918352962,0
5926,133.82651216699742,,1
5927,133.9403852079995,0.6668749847449362,0
5928,133.9525667920243,0.5187499918974936,0
5929,133.9632599169854,0.46020798617973924,0
5930,133.97627304197522,0.44070801232010126,0
5931,133.988293582981,0.424208992626518,0
5932,134.00128204200882,0.513250008225441,0
5933,134.01436874998035,0.5836249911226332,0
5934,134.02752254199004,0.49591599963605404,0
5935,134.04056975001004,0.5339999916031957,0
5936,134.0536762920092,0.4646250163204968,0
5937,134.06451633299002,,1
5938,134.1794514579815,0.6841670256108046,0
5939,134.19178629200906,0.7032079738564789,0
5940,134.2051879580249,1.7277919687330723,0
5941,134.21707404201152,0.5652499967254698,0
5942,134.22895204200177,0.3512499970383942,0
5943,134.24189158302033,0.3901669988408685,0
5944,134.252551166981,0.24349999148398638,0
5945,134.26536520797526,0.43350004125386477,0
5946,134.276352417015,0.3172080032527447,0
5947,134.28778041701298,0.4767499631270766,0
5948,134.30083741701674,0.3719999804161489,0
5949,134.31377904198598,0.4010830307379365,0
5950,134.32579766702838,0.512540980707854,0
5951,134.33766600000672,0.47316699055954814,0
5952,134.3506792500266,0.3630829742178321,0
5953,134.3635997499805,0.3670420264825225,0
5954,134.37652587500634,0.3923329641111195,0
5955,134.3871930000023,0.3494999837130308,0
5956,134.40009399998235,0.46304200077429414,0
5957,134.41313749999972,0.5428330041468143,0
5958,134.42427966697142,0.44187501771375537,0
5959,134.43489895801758,0.49949996173381805,0
5960,134.4473798329709,0.5150840152055025,0
5961,134.45882791699842,0.311291019897908,0
5962,134.4704774999991,0.26637502014636993,0
5963,134.4825580419856,0.36862504202872515,0
5964,134.49494262499502,0.5829579895362258,0
5965,134.50803579197964,0.4635000368580222,0
5966,134.52069224999286,0.2716250019147992,0
5967,134.5335465419921,0.46862498857080936,0
5968,134.5456217500032,,1
5969,134.65941754198866,0.5611660308204591,0
5970,134.67163158301264,0.370291993021965,0
5971,134.68458966701292,0.41745800990611315,0
5972,134.69738837500336,0.4040829953737557,0
5973,134.70895574998576,0.3659999929368496,0
5974,134.72176345798653,0.27345900889486074,0
5975,134.73460858297767,0.36450003972277045,0
5976,134.74659762502415,0.36999996518716216,0
5977,134.7595217920025,0.4794580163434148,0
5978,134.77165766700637,0.5207079811953008,0
5979,134.7847332499805,0.4677500110119581,0
5980,134.7965872079949,0.4710420034825802,0
5981,134.8075282080099,0.45120896538719535,0
5982,134.82054304197663,0.6955410353839397,0
5983,134.8318186670076,0.384374987334013,0
5984,134.84347466699546,,1
5985,134.95591654197779,0.3590410342440009,0
5986,134.9677669579978,0.23833400337025523,0
5987,134.97895449999487,0.1949580037035048,0
5988,134.9914641249925,0.3844170132651925,0
5989,135.0039502499858,0.3428750205785036,0
5990,135.01685395801906,0.32249995274469256,0
5991,135.02762908302248,0.2887089503929019,0
5992,135.04047204199014,0.24025002494454384,0
5993,135.0518217079807,0.22475002333521843,0
5994,135.06368245801423,0.26999996043741703,0
5995,135.076503416989,0.26016600895673037,0
5996,135.08776595798554,1.1952919885516167,0
5997,135.1014950419776,0.18437503604218364,0
5998,135.11423175001983,0.36287499824538827,0
5999,135.12716170802014,0.4289589705877006,0
6000,135.14016562502366,0.49879198195412755,0
6001,135.15324158297153,0.4282090230844915,0
6002,135.16624400002183,0.3684169496409595,0
6003,135.17751808301546,0.3867920022457838,0
6004,135.19040399999358,0.40033302502706647,0
6005,135.2033592920052,,1
6006,135.31699183298042,0.5427920259535313,0
6007,135.3299342499813,,1
6008,135.44376629200997,0.6263329996727407,0
6009,135.45554375002393,0.5008329753763974,0
6010,135.4686445830157,0.41316699935123324,0
6011,135.47992887499277,0.49883301835507154,0
6012,135.4925162079744,0.38004200905561447,0
6013,135.50535441702232,0.5133749800734222,0
6014,135.5184427499771,0.47858303878456354,0
6015,135.53001525002765,0.3956669825129211,0
6016,135.54299041698687,0.46437501441687346,0
6017,135.55395408300683,0.5019169766455889,0
6018,135.56702641700394,0.5090410122647882,0
6019,135.57895958301378,0.5021669785492122,0
6020,135.58966391702415,0.5676659638993442,0
6021,135.601886791992,0.7014580187387764,0
6022,135.61453316698316,0.4913750453852117,0
6023,135.62603454198688,0.34783303271979094,0
6024,135.63913258299,0.35491702146828175,0
6025,135.65023845800897,0.25762501172721386,0
6026,135.662291250017,0.3215000033378601,0
6027,135.67411891702795,,1
6028,135.78633891697973,0.5902080447413027,0
6029,135.79951583297225,0.5064590368419886,0
6030,135.81265445798635,,1
6031,135.92661541700363,0.5176659906283021,0
6032,135.93970233300934,0.3903339966200292,0
6033,135.95265475002816,0.46799995470792055,0
6034,135.9656923749717,0.5385000258684158,0
6035,135.97798224998405,0.4716250114142895,0
6036,135.99078216700582,0.6632910226471722,0
6037,136.00399954197928,0.4660410340875387,0
6038,136.01703295798507,0.4635420045815408,0
6039,136.03005133301485,0.49100001342594624,0
6040,136.04311416699784,0.45866600703448057,0
6041,136.05444941698806,0.5242080078460276,0
6042,136.0672340419842,0.665250001475215,0
6043,136.08047766698292,0.5878329975530505,0
6044,136.09363550000126,0.4717080155387521,0
6045,136.1064813749981,0.6651250296272337,0
6046,136.11942733300384,,1
6047,136.23326987499604,0.6621669745072722,0
6048,136.24563370802207,0.45191700337454677,0
6049,136.25804329197854,0.5347499973140657,0
6050,136.27016424998874,0.5349580314941704,0
6051,136.2820159170078,0.5539999692700803,0
6052,136.29358016699553,0.41683297604322433,0
6053,136.30511299998034,0.439791998360306,0
6054,136.31811591697624,0.5200410378165543,0
6055,136.33126349997474,3.01783304894343,0
6056,136.3468840420246,,1
6057,136.46077408298152,0.7313750102184713,0
6058,136.4733244170202,0.6148749962449074,0
6059,136.48652312497143,0.5452080513350666,0
6060,136.4996986669721,0.7069160346873105,0
6061,136.51294716697885,0.30262500513345003,0
6062,136.52579604199855,0.3097910084761679,0
6063,136.53777991700917,0.4623749991878867,0
6064,136.54834037501132,0.4254999803379178,0
6065,136.56132595799863,0.4940840299241245,0
6066,136.5743958330131,0.7082920055836439,0
6067,136.58724675001577,0.8742499630898237,0
6068,136.60071133298334,0.5465840222314,0
6069,136.61234083300224,0.4960839869454503,0
6070,136.62460016697878,0.5362080410122871,0
6071,136.63771774998168,0.4521670052781701,0
6072,136.65075358300237,0.4058339982293546,0
6073,136.6622919170186,0.2354579628445208,0
6074,136.67412087501725,0.30187499942258,0
6075,136.68523762497352,0.3141670022159815,0
6076,136.69563983299304,0.2877499791793525,0
6077,136.7074556670268,0.44679094571620226,0
6078,136.72046179202152,,1
6079,136.83431075001135,0.5371670122258365,0
6080,136.84743091702694,,1
6081,136.96117295802105,0.519416993483901,0
6082,136.97274150000885,0.2357920166105032,0
6083,136.98316349997185,0.34779205452650785,0
6084,136.99364979198435,,1
6085,137.10614641697612,0.30516600236296654,0
6086,137.11902933300007,0.3218339988961816,0
6087,137.1319394169841,0.35970803583040833,0
6088,137.14454283297528,0.3370000049471855,0
6089,137.1568720000214,0.2400419907644391,0
6090,137.167544291995,0.2929160255007446,0
6091,137.18041074997745,0.2792080049403012,0
6092,137.19334804202663,0.44999999227002263,0
6093,137.20511979202274,0.22187497233971953,0
6094,137.21662929200102,,1
6095,137.33069204201456,0.43654098408296704,0
6096,137.34144874999765,0.31833298271521926,0
6097,137.3543485419941,0.38774998392909765,0
6098,137.36731437500566,0.3103329800069332,0
6099,137.38160316698486,0.522000016644597,0
6100,137.39288200001465,0.37362496368587017,0
6101,137.40423295798246,0.388417043723166,0
6102,137.41722649999429,0.4456670139916241,0
6103,137.42841654201038,0.48624997725710273,0
6104,137.4414974169922,,1
6105,137.5559319999884,0.31754199881106615,0
6106,137.56881783297285,0.3291670000180602,0
6107,137.5803141670185,0.2015409991145134,0
6108,137.59119100001408,0.21287496201694012,0
6109,137.6039542920189,,1
6110,137.71694666700205,0.3321659751236439,0
6111,137.72980908298632,0.24120899615809321,0
6112,137.74258954200195,0.38666598265990615,0
6113,137.75553029199364,0.30766602139919996,0
6114,137.768065457989,,1
6115,137.88177345797885,0.41733402758836746,0
6116,137.89475608302746,,1
6117,138.00607304199366,,1
6118,138.12053233297775,3.0233750003390014,0
6119,138.13616237498354,0.5084170261397958,0
6120,138.14930270798504,0.4105000407435,0
6121,138.16028458299115,0.3053339896723628,0
6122,138.17208350001602,0.24374999338760972,0
6123,138.1848798749852,0.30262500513345003,0
6124,138.19705745799,0.3973339917138219,0
6125,138.20889070798876,0.3233749885112047,0
6126,138.21972520800773,0.29191700741648674,0
6127,138.23256299999775,0.34087500534951687,0
6128,138.24545712501276,0.3468749928288162,0
6129,138.25772774999496,0.39125001057982445,0
6130,138.27067120798165,0.37220900412648916,0
6131,138.2821670830017,,1
6132,138.39561291702557,,1
6133,138.50713170797098,0.684834027197212,0
6134,138.52039745799266,0.525166979059577,0
6135,138.53348491701763,0.5564159946516156,0
6136,138.545646167011,0.6647499976679683,0
6137,138.55825787497452,,1
6138,138.67339441698277,0.8667079964652658,0
6139,138.68686000001617,0.4718749551102519,0
6140,138.69990012497874,0.5563750164583325,0
6141,138.71306783298496,0.6121250335127115,0
6142,138.7253876249888,0.44166698353365064,0
6143,138.73731499997666,3.009500040207058,0
6144,138.75296800001524,0.5518329562619328,0
6145,138.76612829201622,0.49574999138712883,0
6146,138.77894024999114,0.31820801086723804,0
6147,138.78955983300693,0.6751670152880251,0
6148,138.8028227079776,0.5187920178286731,0
6149,138.81584020797163,0.5445000133477151,0
6150,138.82773629197618,0.4302080487832427,0
6151,138.8407656250056,0.7006669766269624,0
6152,138.8540633749799,0.5835420452058315,0
6153,138.86723862501094,0.41862501529976726,0
6154,138.87939224997535,0.4704170278273523,0
6155,138.8924287079717,0.39850000757724047,0
6156,138.90423362498404,0.4163749981671572,0
6157,138.9159575420199,0.43162499787285924,0
6158,138.92895070801023,0.48266700468957424,0
6159,138.94200991699472,0.60374999884516,0
6160,138.95518945797812,0.5773340235464275,0
6161,138.9683857919881,,1
6162,139.08020929200575,0.5543750012293458,0
6163,139.09176654199837,0.3167910035699606,0
6164,139.10241858300287,0.6525419885292649,0
6165,139.11398729198845,0.4227079916745424,0
6166,139.12700354197295,0.40629104478284717,0
6167,139.13764662499307,0.22550002904608846,0
6168,139.15043595799943,0.18858397379517555,0
6169,139.1631739580189,0.18849998014047742,0
6170,139.17590712499805,0.19229197641834617,0
6171,139.1877060420229,0.20408298587426543,0
6172,139.19809062499553,0.1230000052601099,0
6173,139.21075112500694,0.19462499767541885,0
6174,139.2231174579938,1.193750009406358,0
6175,139.23497191700153,0.30270800925791264,0
6176,139.2478565829806,0.41079201037064195,0
6177,139.25992570800008,0.24129200028255582,0
6178,139.27272670797538,0.3588340478017926,0
6179,139.2852488749777,0.3822080325335264,0
6180,139.2982087500277,0.34079194301739335,0
6181,139.3111106249853,0.1989169977605343,0
6182,139.3221974580083,0.204833981115371,0
6183,139.33483449998312,0.15487504424527287,0
6184,139.3465986669762,0.2793330349959433,0
6185,139.35942645801697,,1
6186,139.47315654199338,0.5115829990245402,0
6187,139.48624337499496,0.3543330240063369,0
6188,139.49761016701814,0.31658296938985586,0
6189,139.51048987498507,0.30087499180808663,0
6190,139.52335387497442,0.2810420119203627,0
6191,139.5361968749785,0.26929203886538744,0
6192,139.54658554197522,0.34200004301965237,0
6193,139.55806795798708,,1
6194,139.6709941669833,0.7796250283718109,0
6195,139.68439050001325,0.5979170091450214,0
6196,139.6957302080118,,1
6197,139.808503541979,0.4581250250339508,0
6198,139.82062654197216,0.3679580404423177,0
6199,139.83305562497117,0.33525004982948303,0
6200,139.8438317499822,0.39533304516226053,0
6201,139.85441012500087,0.2632919931784272,0
6202,139.86720458301716,0.5323750083334744,0
6203,139.8803080000216,0.2781669609248638,0
6204,139.8931541669881,0.2614160184748471,0
6205,139.90394950000336,,1
6206,140.01833133300534,0.40441699093207717,0
6207,140.0312998329755,0.23866700939834118,0
6208,140.04244695801754,0.30370900640264153,0
6209,140.0544062500121,0.20766700617969036,0
6210,140.06714958301745,0.16466696979478002,0
6211,140.08045337500516,0.49399997806176543,0
6212,140.0935236249934,0.35550002939999104,0
6213,140.10447983298218,0.2795840264298022,0
6214,140.11738366697682,0.35962503170594573,0
6215,140.1287529169931,,1
6216,140.24249879200943,0.2621659659780562,0
6217,140.25529183301842,0.18383399583399296,0
6218,140.2679994169739,0.16120803775265813,0
6219,140.2806845420273,0.15058298595249653,0
6220,140.29335833300138,0.15612499555572867,0
6221,140.3060355419875,0.20895799389109015,0
6222,140.31879429199034,0.33029098995029926,0
6223,140.33173004200216,0.48045802395790815,0
6224,140.3441447080113,0.4201249685138464,0
6225,140.35658645798685,0.33187499502673745,0
6226,140.36947595799575,0.356542004738003,0
6227,140.38241000002017,0.3719579544849694,0
6228,140.3953736249823,0.5377920460887253,0
6229,140.408476874989,0.47745800111442804,0
6230,140.4215214169817,0.42400002712383866,0
6231,140.43451549997553,0.43579202610999346,0
6232,140.44658716698177,0.5480000399984419,0
6233,140.45970991702052,0.41158299427479506,0
6234,140.4717762080254,,1
6235,140.58467383298557,0.6405420135706663,0
6236,140.59791612497065,0.6856670370325446,0
6237,140.61120229202788,0.5825829575769603,0
6238,140.62438629200915,,1
6239,140.73790025000926,0.9242499945685267,0
6240,140.75143225002103,0.6307919975370169,0
6241,140.76330929197138,0.5102080176584423,0
6242,140.77640387497377,0.49041700549423695,0
6243,140.78947062499356,0.42887497693300247,0
6244,140.80247170798248,0.39362499956041574,0
6245,140.8143046249752,0.4284169990569353,0
6246,140.82730699999956,0.46545802615582943,0
6247,140.8384297079756,0.5631250096485019,0
6248,140.84975266701076,0.4163749981671572,0
6249,140.8616297079716,0.22883404744789004,0
6250,140.8744340830017,0.38949999725446105,0
6251,140.88738591701258,0.3126249648630619,0
6252,140.90026666701306,0.2097910037264228,0
6253,140.91302570799598,0.19350001821294427,0
6254,140.92577974998858,0.1895829918794334,0
6255,140.93781120801577,0.20112498896196485,0
6256,140.9505549169844,0.18562498735263944,0
6257,140.9632765420247,0.14074996579438448,0
6258,140.97596245800378,0.19737501861527562,0
6259,140.9886947919731,,1
6260,141.10245891701197,0.49358297837898135,0
6261,141.11554954200983,0.37462497130036354,0
6262,141.12851700000465,0.2626670175231993,0
6263,141.14074699999765,0.2264169743284583,0
6264,141.1535551249981,0.20866701379418373,0
6265,141.16421312501188,,1
6266,141.275705499982,1.4864580007269979,0
6267,141.2894438750227,0.6249999860301614,0
6268,141.30265958298696,0.4997919895686209,0
6269,141.31517754198285,1.9044160144403577,0
6270,141.3277518749819,0.32225000904873013,0
6271,141.33940991701093,0.5199160077609122,0
6272,141.35156941699097,0.33366598654538393,0
6273,141.3640776249813,0.4682500148192048,0
6274,141.3757162920083,0.3416250110603869,0
6275,141.38844800001243,,1
6276,141.50150237500202,0.5872080218978226,0
6277,141.5146769999992,0.6206249818205833,0
6278,141.52788129198598,,1
6279,141.6408202080056,0.5686249933205545,0
6280,141.65398208302213,0.44420897029340267,0
6281,141.6653964999714,0.47562504187226295,0
6282,141.67845029197633,0.5969580379314721,0
6283,141.68918629200198,0.6275000050663948,0
6284,141.7023912500008,0.4955829936079681,0
6285,141.7152299170266,0.4653749638237059,0
6286,141.72827945800964,0.39295898750424385,0
6287,141.74126545799663,2.048166992608458,0
6288,141.7568064579973,0.46441698214039207,0
6289,141.76990337501047,0.43887499487027526,0
6290,141.78147358301794,0.5304169608280063,0
6291,141.79302070802078,0.5871249595656991,0
6292,141.80547641700832,0.29641599394381046,0
6293,141.81833554198965,0.44783303746953607,0
6294,141.82969445799245,0.38062501698732376,0
6295,141.84122670802753,0.4925839602947235,0
6296,141.85297108301893,0.5336669855751097,0
6297,141.86608483298915,0.5779589992016554,0
6298,141.8789674169966,0.4728750209324062,0
6299,141.89202124997973,0.4105420084670186,0
6300,141.90500816702843,0.25304098380729556,0
6301,141.91781408298993,0.3571250126697123,0
6302,141.92930579197127,0.40900002932175994,0
6303,141.94078116700985,,1
6304,142.05426170799183,0.39137498242780566,0
6305,142.06515333300922,0.32787496456876397,0
6306,142.0780452080071,0.2525000018067658,0
6307,142.09086283302167,0.3450419753789902,0
6308,142.10376145801274,0.3188339760527015,0
6309,142.114907375013,,1
6310,142.22853379201842,0.4832499544136226,0
6311,142.24158745800378,0.4070419818162918,0
6312,142.25438079197193,0.32287504291161895,0
6313,142.26724787498824,0.42820803355425596,0
6314,142.27853162499378,0.5003330297768116,0
6315,142.29163741698721,,1
6316,142.40542974998243,0.5720829940401018,0
6317,142.41751008300344,0.6138340104371309,0
6318,142.42901237501064,0.4944999818690121,0
6319,142.44079141697148,0.5612910026684403,0
6320,142.45393000001786,0.3706669667735696,0
6321,142.46684537502006,0.29562495183199644,0
6322,142.47878804197535,,1
6323,142.59035875002155,0.4201249685138464,0
6324,142.6033664579736,0.301209045574069,0
6325,142.6142597500002,0.2971250214613974,0
6326,142.62710749998223,0.31625002156943083,0
6327,142.63830095797312,,1
6328,142.75203137501376,0.6137499585747719,0
6329,142.76432133297203,0.5888340529054403,0
6330,142.77747783297673,0.45229203533381224,0
6331,142.78843645798042,0.4513339954428375,0
6332,142.7998760829796,0.5827920394949615,0
6333,142.81301624997286,0.4602920380420983,0
6334,142.82606024999404,2.3848750279285014,0
6335,142.83979670802364,0.49695896450430155,0
6336,142.8528766669915,,1
6337,142.9676070419955,0.6449160282500088,0
6338,142.97895333298948,0.4224590375088155,0
6339,142.99197308300063,0.5200000014156103,0
6340,143.00440608302597,0.2618339494802058,0
6341,143.01724058302352,0.48274995060637593,0
6342,143.028954666981,0.4249580088071525,0
6343,143.04196479200618,,1
6344,143.15587087499443,0.5622500320896506,0
6345,143.1690374580212,0.3795839729718864,0
6346,143.1808858329896,0.3958750166930258,0
6347,143.19385245797457,0.5098340334370732,0
6348,143.2069294580142,0.4770419909618795,0
6349,143.21997383300913,0.39933400694280863,0
6350,143.23297070799163,0.3974169958382845,0
6351,143.2459280830226,0.36333396565169096,0
6352,143.25884508300805,0.38549996679648757,0
6353,143.27180183300516,0.5527500179596245,0
6354,143.28276933298912,0.5982500151731074,0
6355,143.29460408299929,0.18295901827514172,0
6356,143.30732474999968,0.3649580175988376,0
6357,143.32025454199174,0.358375022187829,0
6358,143.3331681250129,0.2971249632537365,0
6359,143.34601116698468,0.41812501149252057,0
6360,143.35900995798875,,1
6361,143.47109137498774,0.6537919980473816,0
6362,143.48284408298787,0.4063340020366013,0
6363,143.4958248329931,0.21954200929030776,0
6364,143.5075060420204,0.2747909747995436,0
6365,143.52034545800416,0.4610840114764869,0
6366,143.53305154200643,0.34849997609853745,0
6367,143.54426979197888,0.619666010607034,0
6368,143.55561512499116,0.561417022254318,0
6369,143.56820350000635,0.5593749810941517,0
6370,143.58134929201333,,1
6371,143.69360120798228,0.7363749900832772,0
6372,143.70691499998793,0.2828330034390092,0
6373,143.71976737497607,0.22720801644027233,0
6374,143.73255424998933,0.38483302341774106,0
6375,143.7454845419852,0.4687909968197346,0
6376,143.75786925002467,,1
6377,143.87171500001568,1.2134579592384398,0
6378,143.88389975001337,0.5303749931044877,0
6379,143.89634687500075,0.4075419856235385,0
6380,143.90933354198933,0.3012910019606352,0
6381,143.9220619170228,0.29866595286875963,0
6382,143.93389516702155,,1
6383,144.04611554200528,0.38599997060373425,0
6384,144.0590936249937,0.218625005800277,0
6385,144.07166529202368,0.19883300410583615,0
6386,144.08390137500828,0.24337501963600516,0
6387,144.096696624998,0.23424997925758362,0
6388,144.10952150000958,0.31695800134912133,0
6389,144.1206134579843,0.2137920237146318,0
6390,144.1326753749745,0.19333302043378353,0
6391,144.1431536669843,0.17662503523752093,0
6392,144.1549692080007,,1
6393,144.26850649999687,0.5285830120556056,0
6394,144.28099929197924,0.619333004578948,0
6395,144.2939753329847,0.4017089959233999,0
6396,144.30533191701397,0.3989159595221281,0
6397,144.31717212498188,0.5194999976083636,0
6398,144.3313912919839,0.4136660136282444,0
6399,144.34194545797072,9.594042028766125,0
6400,144.36420391697902,,1
6401,144.47721974999877,0.4844579962082207,0
6402,144.488729625009,0.25579199427738786,0
6403,144.50151995802298,0.23741699988022447,0
6404,144.51428166701226,0.2277909661643207,0
6405,144.52706795802806,0.522291986271739,0
6406,144.5401710420265,0.6106660002842546,0
6407,144.55338529200526,0.6563329952768981,0
6408,144.5642178329872,0.6481250165961683,0
6409,144.577451249992,0.5785420071333647,0
6410,144.5890205000178,0.5827079876326025,0
6411,144.60218316700775,,1
6412,144.7137745830114,0.5744589725509286,0
6413,144.72695929202018,0.641707971226424,0
6414,144.73865541699342,0.5441249813884497,0
6415,144.75177641701885,0.7722909795120358,0
6416,144.7642859580228,0.5838339566253126,0
6417,144.77744833298493,0.4744590260088444,0
6418,144.791618541989,0.45320799108594656,0
6419,144.8044086250011,0.2939170226454735,0
6420,144.8172500419896,0.40087499655783176,0
6421,144.82894983299775,0.4272499936632812,0
6422,144.84193891700124,0.5239580059424043,0
6423,144.85504258301808,1.6149169532582164,0
6424,144.86842487502145,0.47016696771606803,0
6425,144.88148295797873,0.5377920460887253,0
6426,144.8945791249862,0.5571250221692026,0
6427,144.90770745801274,0.5250839749351144,0
6428,144.9207882080227,1.3639169628731906,0
6429,144.9340727920062,0.3926249919459224,0
6430,144.9453456249903,0.41033298475667834,0
6431,144.95743975002551,0.5444999551400542,0
6432,144.97059654199984,1.122041023336351,0
6433,144.9843305000104,0.4534170147962868,0
6434,144.9973530829884,0.3415000392124057,0
6435,145.00917037500767,0.4848329699598253,0
6436,145.02434329199605,0.5512500065378845,0
6437,145.0361555420095,0.4045829991810024,0
6438,145.04914641700452,0.5694159772247076,0
6439,145.06229645799613,0.584208988584578,0
6440,145.07544091698946,0.3276659990660846,0
6441,145.08883466699626,0.9491660166531801,0
6442,145.10234754200792,0.4355830023996532,0
6443,145.11320054199314,0.43595803435891867,0
6444,145.1247871670057,0.6519159651361406,0
6445,145.1382060829783,0.4645000444725156,0
6446,145.1506825829856,,1
6447,145.26450245798333,0.39537501288577914,0
6448,145.27502504200675,0.23487501312047243,0
6449,145.28781616699416,0.20212499657645822,0
6450,145.30057137500262,0.1835419679991901,0
6451,145.31175916700158,0.18329097656533122,0
6452,145.32448566699168,0.18337502842769027,0
6453,145.33720541698858,0.16241602133959532,0
6454,145.3491230829968,0.3184169763699174,0
6455,145.3619791669771,0.23500004317611456,0
6456,145.37260750000132,0.2835419727489352,0
6457,145.3854372500209,,1
6458,145.49774541700026,0.32945798011496663,0
6459,145.51060462498572,0.15883299056440592,0
6460,145.5232790830196,0.1419169711880386,0
6461,145.53593420801917,0.13204198330640793,0
6462,145.54858812497696,0.12687500566244125,0
6463,145.56122845801292,0.11324998922646046,0
6464,145.57331679202616,,1
6465,145.68692191701848,,1
6466,145.80137995799305,0.4776249988935888,0
6467,145.81443312502233,0.41037495248019695,0
6468,145.82745833299123,0.3422920126467943,0
6469,145.83798900002148,,1
6470,145.95152091700584,0.47620799159631133,0
6471,145.96456766698975,,1
6472,146.0783126670285,,1
6473,146.19080437498633,0.40424999315291643,0
6474,146.20379670802504,0.6090419483371079,0
6475,146.21703058300773,0.5204170010983944,0
6476,146.2301659579971,0.5428750300779939,0
6477,146.24331445799908,0.5521249840967357,0
6478,146.25623445800738,0.4771670210175216,0
6479,146.26927720801905,0.4141249810345471,0
6480,146.28224370797398,0.48095901729539037,0
6481,146.29382737498963,0.44704199535772204,0
6482,146.30534233298386,0.42512500658631325,0
6483,146.31836020800984,0.4734999965876341,0
6484,146.3293049579952,0.371375004760921,0
6485,146.34146862500347,0.5034999921917915,0
6486,146.3530812499812,,1
6487,146.46696704201167,,1
6488,146.57986962498398,0.6198750343173742,0
6489,146.59177383297356,0.6196250324137509,0
6490,146.60356550000142,0.29141700360924006,0
6491,146.61640608299058,0.2162919845432043,0
6492,146.62915312498808,,1
6493,146.7428090830217,0.6407919572666287,0
6494,146.75525133300107,0.4217919777147472,0
6495,146.76657612499548,0.26291701942682266,0
6496,146.7775879999972,0.2978330012410879,0
6497,146.79045658302493,0.33187499502673745,0
6498,146.80254733300535,0.22862496552988887,0
6499,146.8153177499771,0.1307500060647726,0
6500,146.82801695802482,0.3512499970383942,0
6501,146.84078245802084,0.2460419782437384,0
6502,146.85359145799885,0.27779198717325926,0
6503,146.8644919579965,0.3291670000180602,0
6504,146.8773814170272,0.35387498792260885,0
6505,146.8902994170203,0.2664579660631716,0
6506,146.90127849997953,0.28500001644715667,0
6507,146.9132143749739,0.35325001226738095,0
6508,146.9241103749955,0.3280829987488687,0
6509,146.93701104202773,0.4974579787813127,0
6510,146.9500961669837,0.4938750062137842,0
6511,146.96316116699018,0.5190829979255795,0
6512,146.97413745801896,0.6051670061424375,0
6513,146.98729158297647,1.500709040556103,0
6514,147.00000320799882,0.32225000904873013,0
6515,147.0118207919877,0.7694159867241979,0
6516,147.02366637502564,0.43287494918331504,0
6517,147.0355317919748,0.3652500454336405,0
6518,147.0484622080112,0.3416250110603869,0
6519,147.0613875829731,,1
6520,147.17520433297614,0.7424590294249356,0
6521,147.18648658302845,0.6082089967094362,0
6522,147.19787466700654,0.5140830180607736,0
6523,147.20994220802095,0.401749974116683,0
6524,147.2212356670061,0.28325000312179327,0
6525,147.23406754201278,,1
6526,147.34763224999188,0.5597919807769358,0
6527,147.36075895797694,0.5420840461738408,0
6528,147.37181337497896,0.5459579988382757,0
6529,147.38494962500408,,1
6530,147.49879766697995,0.6766250007785857,0
6531,147.51207295799395,0.5515000084415078,0
6532,147.5251894170069,0.47566602006554604,0
6533,147.53777370799799,0.5797920166514814,0
6534,147.55090645799646,0.4863340291194618,0
6535,147.56201466702623,0.4813330015167594,0
6536,147.57337779202498,0.5339579656720161,0
6537,147.5852400829899,0.49695902271196246,0
6538,147.59834029199556,0.2759579801931977,0
6539,147.6095380000188,0.2555829705670476,0
6540,147.62234633299522,0.17179199494421482,0
6541,147.63505104201613,0.2229579840786755,0
6542,147.6478174169897,0.339541002176702,0
6543,147.65878287499072,0.2969169872812927,0
6544,147.6716788749909,0.2601669984869659,0
6545,147.68448795797303,0.3395840176381171,0
6546,147.6949077079771,0.34483399940654635,0
6547,147.7078082920052,,1
6548,147.82400912500452,0.7193749770522118,0
6549,147.8373072919785,1.8027080222964287,0
6550,147.85134041699348,0.5729999975301325,0
6551,147.86243658297462,0.5417920183390379,0
6552,147.87449775001733,0.46612496953457594,0
6553,147.88755033299094,0.5433750338852406,0
6554,147.8986975000007,0.5097499815747142,0
6555,147.9117722500232,0.46020798617973924,0
6556,147.92482374998508,0.45950000640004873,0
6557,147.93784374999814,0.428917002864182,0
6558,147.94995404197834,0.41795801371335983,0
6559,147.96078099997249,0.3700830275192857,0
6560,147.9737138330238,0.40674995398148894,0
6561,147.9866792919929,0.4069579881615937,0
6562,147.99966233299347,0.38179202238097787,0
6563,148.01260533300228,,1
6564,148.1292837500223,0.5383749958127737,0
6565,148.14119441702496,0.35229098284617066,0
6566,148.15410762501415,0.31637499341741204,0
6567,148.16701358300634,0.21529197692871094,0
6568,148.17897012497997,0.3333750064484775,0
6569,148.19149208301678,0.45233400305733085,0
6570,148.20454137498746,0.4357080324552953,0
6571,148.21757304202765,0.5131659563630819,0
6572,148.23069012502674,0.2995829563587904,0
6573,148.24191283300752,0.49516698345541954,0
6574,148.25430562498514,0.4505830002017319,0
6575,148.2673727920046,0.716332986485213,0
6576,148.28388479200657,0.40849996730685234,0
6577,148.2968609170057,0.20599999697878957,0
6578,148.30849016702268,0.46795798698440194,0
6579,148.32110370800365,0.2007919829338789,0
6580,148.3338569580228,,1
6581,148.44770345801953,0.7202089764177799,0
6582,148.46047162497416,0.5763330264016986,0
6583,148.4742855419754,0.30745804542675614,0
6584,148.48525183298625,0.5442500114440918,0
6585,148.49623200000497,0.358375022187829,0
6586,148.5091702080099,0.6168339750729501,0
6587,148.52268920798087,0.3426670446060598,0
6588,148.5356220420217,0.5610829684883356,0
6589,148.54874125000788,0.5272499984130263,0
6590,148.55988654197427,0.4874160513281822,0
6591,148.5714152919827,0.48625003546476364,0
6592,148.58390933298506,0.5992919905111194,0
6593,148.59661950002192,0.5948329926468432,0
6594,148.60753462498542,0.42820803355425596,0
6595,148.62058012501802,0.3741669934242964,0
6596,148.63126150000608,0.23645797045901418,0
6597,148.64405616698787,0.2903750282712281,0
6598,148.6568886670284,0.3013749956153333,0
6599,148.66973995801527,0.3821249702014029,0
6600,148.68598962499527,0.8390420116484165,0
6601,148.6979901670129,0.39370800368487835,0
6602,148.71098504198017,,1
6603,148.82482316700043,0.5739160114899278,0
6604,148.83797620801488,0.26012497255578637,0
6605,148.8495387500152,0.36158296279609203,0
6606,148.8622819170123,0.2431659959256649,0
6607,148.87507633300265,0.37750002229586244,0
6608,148.8872797919903,0.22095802705734968,0
6609,148.89831220800988,0.21162501070648432,0
6610,148.91107266698964,0.1889999839477241,0
6611,148.92380462499568,0.2962920116260648,0
6612,148.9366782080033,0.6610419950447977,0
6613,148.94827225001063,0.34741696435958147,0
6614,148.96124045801116,0.4373749834485352,0
6615,148.97238325001672,0.36445795558393,0
6616,148.98426758300047,0.44587498996406794,0
6617,148.99730674998136,0.3374170046299696,0
6618,149.01022566697793,0.3772909985855222,0
6619,149.02189466700656,0.45008299639448524,0
6620,149.03492779197404,0.23329100804403424,0
6621,149.04532387497602,0.20229199435561895,0
6622,149.05576645798283,0.2061669947579503,0
6623,149.06708258297294,0.206666998565197,0
6624,149.07983566698385,0.36450003972277045,0
6625,149.09279558301205,0.5094169755466282,0
6626,149.10438804200385,0.3905409830622375,0
6627,149.11736516701058,0.34816598054021597,0
6628,149.12836537498515,0.36270800046622753,0
6629,149.14132816699566,,1
6630,149.253956792003,0.5355000030249357,0
6631,149.26723283302272,0.4236249951645732,0
6632,149.27798870799597,0.6453749956563115,0
6633,149.28894329199102,0.4975000047124922,0
6634,149.30214545800118,0.5952090141363442,0
6635,149.31430129200453,0.782207993324846,0
6636,149.3255675000255,0.4005829687230289,0
6637,149.33732245798456,0.5368340061977506,0
6638,149.35047945799306,0.5535840173251927,0
6639,149.3636616669828,,1
6640,149.47749424999347,0.555582984816283,0
6641,149.48935166699812,0.3315000212751329,0
6642,149.5022566249827,0.41487504495307803,0
6643,149.5152554580127,0.42512500658631325,0
6644,149.5282745420118,0.2503329887986183,0
6645,149.54108387499582,0.27949997456744313,0
6646,149.5539344580029,,1
6647,149.66688974999124,0.6117920274846256,0
6648,149.67894775001332,0.311999989207834,0
6649,149.6918347919709,0.27770805172622204,0
6650,149.70472295797663,0.4360839957371354,0
6651,149.71774325001752,0.41987496661022305,0
6652,149.7289853330003,0.5237499717622995,0
6653,149.74213362502633,0.5411249585449696,0
6654,149.7552944169729,0.5190410302020609,0
6655,149.76841162500205,0.4254999803379178,0
6656,149.77995666698553,0.3733329940587282,0
6657,149.79292758298106,,1
6658,149.90605745802168,0.8420840022154152,0
6659,149.91776083299192,0.41149999015033245,0
6660,149.93080525001278,0.32766698859632015,0
6661,149.94371987500926,0.45491696801036596,0
6662,149.95450549997622,,1
6663,150.06841925001936,0.6665419787168503,0
6664,150.0806573330192,0.5169169744476676,0
6665,150.0940740830265,0.4861669731326401,0
6666,150.10608212498482,0.46900002053007483,0
6667,150.11797408299753,0.3386249882169068,0
6668,150.1297376669827,0.41870801942422986,0
6669,150.14161433302797,0.2549169585108757,0
6670,150.1544262500247,0.5027499864809215,0
6671,150.16749808302848,0.3310419851914048,0
6672,150.18068479199428,1.2120410101488233,0
6673,150.1935518750106,0.3493750118650496,0
6674,150.20419641700573,,1
6675,150.31472329201642,0.2816659980453551,0
6676,150.3278420830029,0.37587498081848025,0
6677,150.34079229197232,0.216833024751395,0
6678,150.35355975001585,0.24395796936005354,0
6679,150.36635600001318,0.33012498170137405,0
6680,150.3792670830153,0.2874999772757292,0
6681,150.3921094170073,,1
6682,150.50444133300334,,1
6683,150.61819250002736,0.5839579971507192,0
6684,150.631007375021,0.35929196747019887,0
6685,150.64393974997802,0.4307920462451875,0
6686,150.65695858298568,0.579875020775944,0
6687,150.6701301250141,0.5279169999994338,0
6688,150.68102991697378,0.33254100708290935,0
6689,150.6939770419849,0.36450003972277045,0
6690,150.7044471669942,1.2704579858109355,0
6691,150.71833241701825,0.38720795419067144,0
6692,150.7313405420282,0.6629999843426049,0
6693,150.74456087499857,,1
6694,150.8590166249778,0.29795803129673004,0
6695,150.8706395420013,0.4843749920837581,0
6696,150.88384037499782,0.48566702753305435,0
6697,150.89725695800735,0.6827919860370457,0
6698,150.9081305830041,0.4022499779239297,0
6699,150.91904200002318,0.3743749693967402,0
6700,150.93071500002407,0.3607079852372408,0
6701,150.9436164170038,,1
6702,151.0573252500035,0.652250018902123,0
6703,151.07064591697417,0.7358750444836915,0
6704,151.0839971670066,0.6351660122163594,0
6705,151.09966608299874,1.1254170094616711,0
6706,151.1134062919882,0.32462499802932143,0
6707,151.12491287500598,0.41199999395757914,0
6708,151.137874041975,0.27183303609490395,0
6709,151.15152637497522,0.6795000517740846,0
6710,151.16480833297828,0.40645903209224343,0
6711,151.17579245800152,0.47774997074157,0
6712,151.18720049998956,1.4606250333599746,0
6713,151.19968462502584,,1
6714,151.31308516702848,0.4381659673526883,0
6715,151.32475279201753,0.40970800910145044,0
6716,151.33775345800677,,1
6717,151.4495167079731,0.6967500085011125,0
6718,151.462806000025,0.3942079492844641,0
6719,151.4733024170273,0.4036249592900276,0
6720,151.48531904199626,0.4844579962082207,0
6721,151.49839670798974,0.4188750172033906,0
6722,151.50944633298786,0.41608401807025075,0
6723,151.5210913749761,,1
6724,151.63493620802183,0.5468339659273624,0
6725,151.6476459580008,0.6295000202953815,0
6726,151.6596783749992,0.5452079931274056,0
6727,151.67281637497945,0.554167025256902,0
6728,151.68594841699814,0.3892499953508377,0
6729,151.69894341699546,0.5257910233922303,0
6730,151.71061712497612,0.33879204420372844,0
6731,151.72353262500837,0.41516701458022,0
6732,151.7365572080016,0.4063749802298844,0
6733,151.74953479197575,0.2865830319933593,0
6734,151.7623835830018,0.28954201843589544,0
6735,151.7748871250078,0.37116697058081627,0
6736,151.7878194170189,0.40641595842316747,0
6737,151.80161566700554,0.4552910104393959,0
6738,151.81426820799243,0.43870898662135005,0
6739,151.82728008297272,0.3635000321082771,0
6740,151.8402229169733,0.5015410133637488,0
6741,151.85328425001353,0.40687498403713107,0
6742,151.8642631249968,2.3625000030733645,0
6743,151.87836012500338,0.470499973744154,0
6744,151.8901746670017,,1
6745,152.00409137498355,0.46608300181105733,0
6746,152.01532470801612,0.2728750114329159,0
6747,152.02708658302436,0.34729199251160026,0
6748,152.04005725000752,0.4313749959692359,0
6749,152.05113124998752,0.2614579861983657,0
6750,152.06395016697934,0.1526250271126628,0
6751,152.0750835830113,0.13908400433138013,0
6752,152.08777375001227,0.31833298271521926,0
6753,152.1005714170169,0.24170801043510437,0
6754,152.1132060419768,,1
6755,152.2253542499966,4.884707974269986,0
6756,152.24488812498748,2.8548749978654087,0
6757,152.25974520802265,0.4539589863270521,0
6758,152.27275420801016,0.4975000047124922,0
6759,152.28551433299435,0.5510839982889593,0
6760,152.29866887500975,0.5181250162422657,0
6761,152.3118194579729,0.39475003723055124,0
6762,152.3247927079792,0.5159170250408351,0
6763,152.33789708302356,,1
6764,152.4517332079704,0.5642090109176934,0
6765,152.4648782919976,0.3328329767100513,0
6766,152.4778208329808,0.3063339972868562,0
6767,152.4882086670259,0.3678749781101942,0
6768,152.50119074998656,0.5547500331886113,0
6769,152.51453787501669,0.5723749636672437,0
6770,152.5277335420251,,1
6771,152.64157387497835,0.5438330117613077,0
6772,152.65470416698372,0.3874159883707762,0
6773,152.6676731670159,0.5149159696884453,0
6774,152.6799472499988,0.5495829973369837,0
6775,152.69266345800133,0.5394999752752483,0
6776,152.70582533301786,0.490834005177021,0
6777,152.71888320799917,,1
6778,152.83099425002,0.5547080072574317,0
6779,152.84269487502752,0.6081249448470771,0
6780,152.85554875002708,0.4094169707968831,0
6781,152.86727216700092,0.5015410133637488,0
6782,152.88037420797627,0.4918340127915144,0
6783,152.8934542919742,0.7092910236679018,0
6784,152.90525595797226,0.5664590280503035,0
6785,152.9184040420223,,1
6786,153.03096566698514,0.4065409884788096,0
6787,153.04386958299438,0.39062497671693563,0
6788,153.05681683297735,0.27250003768131137,0
6789,153.06744050001726,0.210291997063905,0
6790,153.08002383302664,0.21883397130295634,0
6791,153.09278554201592,0.17858296632766724,0
6792,153.1039400420268,0.14854094479233027,0
6793,153.11662704200717,0.17908297013491392,0
6794,153.12737941701198,0.15720800729468465,0
6795,153.13967654202133,0.13254099758341908,0
6796,153.15052729198942,0.17816602485254407,0
6797,153.16237929201452,0.20204100292176008,0
6798,153.17513133300235,0.6130419787950814,0
6799,153.18830687500304,0.3357079694978893,0
6800,153.1994729579892,0.32537500374019146,0
6801,153.21234470797936,0.3493340336717665,0
6802,153.22362358297687,,1
6803,153.33565245801583,0.3771669580601156,0
6804,153.3488403329975,0.3218339988961816,0
6805,153.36172874999465,0.2792500308714807,0
6806,153.37456841702806,0.2799579524435103,0
6807,153.3873997919727,0.16454100841656327,0
6808,153.39872441702755,0.2983749727718532,0
6809,153.41159583302215,,1
6810,153.52355829201406,0.6183329969644547,0
6811,153.53676325001288,0.46616699546575546,0
6812,153.5497901670169,0.5569579661823809,0
6813,153.56292604201008,0.8323749643750489,0
6814,153.5741285830154,,1
6815,153.68733924999833,0.7465420057997108,0
6816,153.70069054199848,0.6142500205896795,0
6817,153.71390879200771,0.43541600462049246,0
6818,153.72596424998483,1.707291987258941,0
6819,153.7402941249893,,1
6820,153.85275891702622,0.3103329800069332,0
6821,153.86562970798695,0.25387504138052464,0
6822,153.87768370797858,0.19804202020168304,0
6823,153.8882551669958,0.16041600611060858,0
6824,153.90021024999442,0.33008301397785544,0
6825,153.9131037920015,0.3714159829542041,0
6826,153.92415483301738,0.33958395943045616,0
6827,153.93561924999813,0.2666250220499933,0
6828,153.94662125001196,0.3437079722061753,0
6829,153.95888608298264,0.46187499538064003,0
6830,153.97165537497494,0.41283300379291177,0
6831,153.98458141699666,0.440875010099262,0
6832,153.99759229202755,0.4767909995280206,0
6833,154.01062845799606,0.41370902908965945,0
6834,154.0212055000011,0.46570796985179186,0
6835,154.03359866701066,,1
6836,154.14767708297586,0.42270903941243887,0
6837,154.16067566699348,0.35166600719094276,0
6838,154.1735932920128,0.2977079711854458,0
6839,154.1857050419785,0.382583006285131,0
6840,154.1963681249763,0.4523330135270953,0
6841,154.20779299997957,0.5474170320667326,0
6842,154.21861241699662,0.44854101724922657,0
6843,154.23162341699935,0.599374994635582,0
6844,154.24482424999587,0.5372500163502991,0
6845,154.25623758300208,0.28241699328646064,0
6846,154.26909704197897,0.5076249944977462,0
6847,154.27998074999778,0.4283749731257558,0
6848,154.29298799997196,0.38191705243662,0
6849,154.30419595801504,1.6365839983336627,0
6850,154.31841320800595,,1
6851,154.4322607080103,0.528041971847415,0
6852,154.44538720801938,0.31045899959281087,0
6853,154.45826049998868,0.2727500395849347,0
6854,154.4710762919858,0.22124999668449163,0
6855,154.48385058302665,0.3029999788850546,0
6856,154.49603899999056,0.3832500078715384,0
6857,154.5079464999726,0.3162080538459122,0
6858,154.52062854199903,0.43345801532268524,0
6859,154.53184412501287,0.37645798875018954,0
6860,154.54476583300857,0.3673749743029475,0
6861,154.55664495797828,0.48158399295061827,0
6862,154.56971825001528,0.5536249955184758,0
6863,154.58283208298963,0.5336669855751097,0
6864,154.59592145797797,0.5065840086899698,0
6865,154.60825645801378,0.5026669823564589,0
6866,154.62126824998995,,1
6867,154.73511033301475,0.7202500128187239,0
6868,154.74661216698587,0.6836660322733223,0
6869,154.75948104198324,0.618291029240936,0
6870,154.77268612501211,0.5917079979553819,0
6871,154.785231249989,0.58637501206249,0
6872,154.79763383301906,0.550124968867749,0
6873,154.80827708297875,0.5565000465139747,0
6874,154.8195940000005,0.5198330036364496,0
6875,154.83271954202792,0.6275409832596779,0
6876,154.84593808301724,0.5861669778823853,0
6877,154.8582642499823,0.6435420364141464,0
6878,154.87084862502525,2.2774169920012355,0
6879,154.89191337500233,1.9133330206386745,0
6880,154.90443120797863,0.5749590345658362,0
6881,154.91603370802477,0.6053749821148813,0
6882,154.92918979201932,2.6997909881174564,0
6883,154.94450916699134,0.4087500274181366,0
6884,154.95751962502254,,1
6885,155.071521957987,0.4921249928884208,0
6886,155.08392637502402,0.5098749534226954,0
6887,155.0970608330099,,1
6888,155.21098016697215,0.3183330409228802,0
6889,155.2215159580228,0.24274998577311635,0
6890,155.23430670797825,0.2518750261515379,0
6891,155.24708437500522,0.23324997164309025,0
6892,155.25985016697086,0.34191604936495423,0
6893,155.2710272920085,0.2521249698475003,0
6894,155.28381370799616,0.26775000151246786,0
6895,155.2966355420067,0.449208018835634,0
6896,155.30968145799125,0.45475002843886614,0
6897,155.32338650000747,0.4233329673297703,0
6898,155.33648295799503,0.42862503323704004,0
6899,155.3482777919853,0.5767080001533031,0
6900,155.36003020801581,0.49929198576137424,0
6901,155.37112166697625,0.5428750300779939,0
6902,155.38422962499317,,1
6903,155.49759908299893,0.5914589855819941,0
6904,155.51079012500122,0.4302079905755818,0
6905,155.52379333297722,0.4227920435369015,0
6906,155.53487966698594,0.34204102121293545,0
6907,155.54654895799467,0.36554201506078243,0
6908,155.55905279202852,0.4266249598003924,0
6909,155.5710474170046,0.3410829813219607,0
6910,155.5835195829859,0.40241703391075134,0
6911,155.59544574999018,0.45308301923796535,0
6912,155.60677612497238,0.27112499810755253,0
6913,155.61841479199938,0.2282080240547657,0
6914,155.63069204200292,0.20212499657645822,0
6915,155.6434395419783,0.18891604850068688,0
6916,155.6553663330269,0.2044999855570495,0
6917,155.6681399170193,0.18937495769932866,0
6918,155.6798802500125,0.18500001169741154,0
6919,155.6912734999787,,1
6920,155.80406850000145,1.221582992002368,0
6921,155.81684783298988,0.4098750068806112,0
6922,155.82821095798863,0.3706670249812305,0
6923,155.83911720797187,0.32750004902482033,0
6924,155.85029700002633,0.27604197384789586,0
6925,155.86228054197272,0.2877080114558339,0
6926,155.8751852500136,0.7582079851999879,0
6927,155.88646683300612,0.40487496880814433,0
6928,155.89945166697726,0.34966605016961694,0
6929,155.91009520797525,0.3195000463165343,0
6930,155.92199004202848,,1
6931,156.03582945797825,0.48791704466566443,0
6932,156.04890175000764,0.48758299089968204,0
6933,156.06198845797917,0.3497920115478337,0
6934,156.0741295000189,0.31350000062957406,0
6935,156.08523504197365,0.3248749999329448,0
6936,156.09811829199316,0.3349999897181988,0
6937,156.11101766698994,,1
6938,156.22464149998268,0.3779170219786465,0
6939,156.237280500005,0.42045797454193234,0
6940,156.24821816699114,0.6796250236220658,0
6941,156.2610945830238,0.4639169783331454,0
6942,156.2741137080011,,1
6943,156.3880029579741,0.54191704839468,0
6944,156.3995579580078,0.25154202012345195,0
6945,156.41237941698637,,1
6946,156.5243212080095,,1
6947,156.63807758298935,0.5117090186104178,0
6948,156.6511913749855,0.5773750017397106,0
6949,156.66330645798007,0.3838340053334832,0
6950,156.67627312499098,0.4569169832393527,0
6951,156.68779495800845,0.540416978765279,0
6952,156.70092783297878,0.5031670443713665,0
6953,156.712282625027,0.44716696720570326,0
6954,156.72533179202583,0.385790946893394,0
6955,156.73897783301072,0.35375001607462764,0
6956,156.75189670798136,0.3476670244708657,0
6957,156.76429458300117,0.34008402144536376,0
6958,156.7772062079748,,1
6959,156.8893783329986,0.6842919974587858,0
6960,156.90267041698098,0.5725410301238298,0
6961,156.91407637501834,0.6249169819056988,0
6962,156.92728495801566,0.4110420122742653,0
6963,156.94007929199142,0.6419580313377082,0
6964,156.95337958302116,0.6622090004384518,0
6965,156.9666701250244,0.4725829930976033,0
6966,156.97975379199488,0.6015829858370125,0
6967,156.99298566702055,0.5293329595588148,0
6968,157.0051943329745,0.29183400329202414,0
6969,157.01833620801335,0.40070898830890656,0
6970,157.03133179200813,,1
6971,157.14444504200947,0.42687496170401573,0
6972,157.157447125006,0.32116699730977416,0
6973,157.17036887502763,0.42824994307011366,0
6974,157.18342700001085,0.5466669681482017,0
6975,157.19662166701164,,1
6976,157.30940000002738,0.641374965198338,0
6977,157.32021074998192,0.3291250322945416,0
6978,157.33098779199645,,1
6979,157.44342595798662,0.4230419872328639,0
6980,157.4552624169737,0.31954102450981736,0
6981,157.46713187498972,,1
6982,157.58053329202812,0.5406659911386669,0
6983,157.59364537498914,,1
6984,157.70531129202573,0.4338749567978084,0
6985,157.71833275002427,0.47966698184609413,0
6986,157.728966708004,0.4258339758962393,0
6987,157.7429749169969,0.7579160155728459,0
6988,157.75464429199928,,1
6989,157.86813333298778,0.7034590234979987,0
6990,157.87997529201675,0.6240409566089511,0
6991,157.8924274580204,0.6232089945115149,0
6992,157.9041219999781,0.7015830487944186,0
6993,157.9175767499837,0.569417024962604,0
6994,157.92999987502117,0.3980829496867955,0
6995,157.94296716700774,0.40249997982755303,0
6996,157.9539726250223,0.4397080047056079,0
6997,157.96629733301234,0.4493749584071338,0
6998,157.97931454202626,0.4463749937713146,0
6999,157.9923197500175,0.462958007119596,0
7000,158.00510299997404,0.4225000157020986,0
7001,158.01585600001272,0.44466700637713075,0
7002,158.02772845799336,0.48404198605567217,0
7003,158.0388769999845,0.5600830190815032,0
7004,158.0506784170284,,1
7005,158.16330499999458,0.35204202868044376,0
7006,158.17622633301653,0.28674997156485915,0
7007,158.18734395800857,0.28908398235216737,0
7008,158.19789233297342,0.29500003438442945,0
7009,158.20843749999767,0.4616249934770167,0
7010,158.22065608302364,0.30141696333885193,0
7011,158.2335459580063,,1
7012,158.3456232919707,0.2930000191554427,0
7013,158.35840395797277,0.39695901796221733,0
7014,158.37238862499362,2.2094580344855785,0
7015,158.38593308301643,0.5012499750591815,0
7016,158.3990167499869,0.4915830213576555,0
7017,158.41064999997616,,1
7018,158.52233204199,0.45366602716967463,0
7019,158.535369833,0.36266702227294445,0
7020,158.54603787499946,0.26466697454452515,0
7021,158.55887258297298,0.39779202779754996,0
7022,158.57165716699092,0.311999989207834,0
7023,158.58350391697604,0.3274159971624613,0
7024,158.59641975001432,0.2951669739559293,0
7025,158.60841566702584,0.7732909871265292,0
7026,158.62061791698216,0.46020804438740015,0
7027,158.63364295801148,0.4057919722981751,0
7028,158.64661429199623,0.5578750278800726,0
7029,158.65732879197458,0.42750005377456546,0
7030,158.66813354199985,0.38666598265990615,0
7031,158.68111037497874,0.36870804615318775,0
7032,158.69407833297737,0.4645420121960342,0
7033,158.70522208302282,0.5584589671343565,0
7034,158.7182484579971,0.43216702761128545,0
7035,158.73015304200817,,1
7036,158.84398449998116,0.6161670316942036,0
7037,158.85719129198696,0.43420802103355527,0
7038,158.86926025000867,0.683666963595897,0
7039,158.8825549579924,0.5667500081472099,0
7040,158.89355929201702,,1
7041,159.00567354197847,,1
7042,159.11900654202327,,1
7043,159.23131312499754,0.6152500282041728,0
7044,159.2423925420153,0.630499969702214,0
7045,159.25445454200963,0.6719999946653843,0
7046,159.2658260000171,,1
7047,159.37993975001154,0.4552080063149333,0
7048,159.39078862499446,0.406457984354347,0
7049,159.4024419580237,,1
7050,159.51624458300648,0.3850000211969018,0
7051,159.52919295802712,0.2346669789403677,0
7052,159.54198195802746,0.2869589952751994,0
7053,159.55446458299411,0.294625002425164,0
7054,159.5673569579958,0.6162920035421848,0
7055,159.58040137501666,0.4633750068023801,0
7056,159.59225170797436,0.4034590092487633,0
7057,159.60407399997348,0.3939580055885017,0
7058,159.61706495797262,0.49212505109608173,0
7059,159.62780312501127,0.31995796598494053,0
7060,159.6406895419932,0.3349999897181988,0
7061,159.65285100002075,0.2957919496111572,0
7062,159.66328383301152,0.3744169953279197,0
7063,159.67621070798486,0.4855000297538936,0
7064,159.6877231670078,0.5246250075288117,0
7065,159.70082762499806,0.47458300832659006,0
7066,159.71387537498958,0.4189169849269092,0
7067,159.72658854199108,,1
7068,159.8404266249854,0.6258750217966735,0
7069,159.85364516702248,0.5396659835241735,0
7070,159.86677012499422,0.46745798317715526,0
7071,159.87921408301918,,1
7072,159.99184733297443,0.5466250004246831,0
7073,160.0037362499861,0.4997919895686209,0
7074,160.01682995801093,0.3284999984316528,0
7075,160.02975241700187,0.3368749748915434,0
7076,160.04078533302527,0.26000000070780516,0
7077,160.0513713749824,,1
7078,160.16374504199484,0.7467499817721546,0
7079,160.17557554197265,0.47166604781523347,0
7080,160.18772629200248,0.4878329928033054,0
7081,160.1986385830096,0.4606249858625233,0
7082,160.21166575001553,0.418374955188483,0
7083,160.22464112500893,0.4149579908698797,0
7084,160.237127957982,0.4579590167850256,0
7085,160.24804633302847,0.517916982062161,0
7086,160.26113766699564,0.48874999629333615,0
7087,160.274198041996,0.46370801283046603,0
7088,160.2857845419785,0.4974160110577941,0
7089,160.29884875001153,0.5156669649295509,0
7090,160.31193204200827,0.5320829804986715,0
7091,160.3240866669803,0.4166250000707805,0
7092,160.33497329201782,0.4119579680263996,0
7093,160.34690962499008,0.48749998677521944,0
7094,160.35898916702718,4.910790943540633,0
7095,160.37652450002497,0.4621249972842634,0
7096,160.38774741697125,,1
7097,160.50371750001796,0.3738329978659749,0
7098,160.51528379198862,0.2662910264916718,0
7099,160.527607875003,0.507791992276907,0
7100,160.5394402500242,0.27054199017584324,0
7101,160.55227687500883,0.28620800003409386,0
7102,160.56512008298887,0.3071250393986702,0
7103,160.57800308300648,0.3554999711923301,0
7104,160.58862716698786,0.48591603990644217,0
7105,160.6017489579972,0.3743339912034571,0
7106,160.61323887499748,0.5562080186791718,0
7107,160.62882104201708,1.6202499973587692,0
7108,160.6417192919762,0.9513330296613276,0
7109,160.65440050000325,0.34429196966812015,0
7110,160.66731679200893,0.24575000861659646,0
7111,160.68013712501852,0.4522079834714532,0
7112,160.69094708299963,0.2435839851386845,0
7113,160.70376183302142,0.34779199631884694,0
7114,160.7166875419789,0.2574580139480531,0
7115,160.72951479197945,,1
7116,160.84292999998434,0.41270803194493055,0
7117,160.85593249998055,0.2757500042207539,0
7118,160.86877416697098,0.23562501883134246,0
7119,160.8809573330218,,1
7120,160.9939829169889,0.5618750001303852,0
7121,161.00507295801071,0.3868339699693024,0
7122,161.01770516700344,0.3749160096049309,0
7123,161.03067595802713,0.4141249810345471,0
7124,161.04368612502003,0.4771249950863421,0
7125,161.05443712498527,0.31100003980100155,0
7126,161.06513041700236,0.46320800902321935,0
7127,161.0781931669917,0.452083011623472,0
7128,161.0907697500079,0.3044579643756151,0
7129,161.10158083302667,0.15945895574986935,0
7130,161.11427291698055,0.25120802456513047,0
7131,161.12545524997404,0.2055000513792038,0
7132,161.13708237500396,0.22870796965435147,0
7133,161.14863754197722,0.3041250165551901,0
7134,161.16033704200527,0.23654097458347678,0
7135,161.17073708301177,0.5745419766753912,0
7136,161.18388562498149,0.29554200591519475,0
7137,161.19586591701955,,1
7138,161.30925320798997,0.5272499984130263,0
7139,161.32225291698705,,1
7140,161.4361493330216,0.7577919750474393,0
7141,161.44781545799924,0.9714170009829104,0
7142,161.4615430419799,0.49470801604911685,0
7143,161.4751902500284,,1
7144,161.58772825001506,0.524458009749651,0
7145,161.60099429200636,2.4025000166147947,0
7146,161.61493791698013,0.7624580175615847,0
7147,161.6257682919968,0.17104099970310926,0
7148,161.63848508300725,0.14216697309166193,0
7149,161.65115012502065,0.14233298134058714,0
7150,161.663808332989,0.12858398258686066,0
7151,161.67645129200537,0.13166602002456784,0
7152,161.68909562501358,,1
7153,161.80277141701663,0.3322080010548234,0
7154,161.81564241700107,0.22658298257738352,0
7155,161.8284079579753,0.21104200277477503,0
7156,161.84115558298072,0.25808403734117746,0
7157,161.85398529202212,0.41799998143687844,0
7158,161.86986454197904,0.4682080470956862,0
7159,161.8819224999752,0.35683304304257035,0
7160,161.89484770799754,0.2244589850306511,0
7161,161.9076210000203,0.19349996000528336,0
7162,161.92035916697932,0.20054099150002003,0
7163,161.93306854198454,,1
7164,162.04678099998273,0.5373749881982803,0
7165,162.05991870799335,0.3626249963417649,0
7166,162.07105575001333,0.4545419942587614,0
7167,162.08389845798956,0.43445901246741414,0
7168,162.09660870797234,0.4421250196173787,0
7169,162.10896012501325,0.4243750008754432,0
7170,162.12046845798614,0.4004589864052832,0
7171,162.13343712501228,0.45012496411800385,0
7172,162.14645950001432,,1
7173,162.25937308301218,0.39595901034772396,0
7174,162.2722336250008,0.4278330015949905,0
7175,162.28524604201084,0.5189579678699374,0
7176,162.29711387498537,0.5561250145547092,0
7177,162.31026787497103,,1
7178,162.4241415829747,0.5932089989073575,0
7179,162.4372953749844,0.49166701501235366,0
7180,162.45036229200196,0.4290830111131072,0
7181,162.46336666698335,0.5627910140901804,0
7182,162.475244167028,0.4754579858854413,0
7183,162.4877147920197,0.4345409688539803,0
7184,162.50071379198926,0.39900001138448715,0
7185,162.51327875000425,0.4100420046597719,0
7186,162.52624400000786,0.3647499834187329,0
7187,162.5388305420056,0.3639159840531647,0
7188,162.5495224579936,0.343833991792053,0
7189,162.56141862500226,0.3732499899342656,0
7190,162.5728024999844,0.373208022210747,0
7191,162.5852474999847,0.36524998722597957,0
7192,162.59659779199865,0.4113329923711717,0
7193,162.6095757500152,0.4022080102004111,0
7194,162.6225257079932,0.31812500674277544,0
7195,162.63332937500672,0.3623749944381416,0
7196,162.64625308301765,0.32520899549126625,0
7197,162.65913500002353,0.31341699650511146,0
7198,162.6706178750028,,1
7199,162.78372004197445,0.4985000123269856,0
7200,162.79679579200456,0.4968330031260848,0
7201,162.80987545801327,0.4530840087682009,0
7202,162.8229043330066,0.5525419837795198,0
7203,162.8340008329833,0.4739590222015977,0
7204,162.84662587498315,0.552042038179934,0
7205,162.85974854201777,0.5068749887868762,0
7206,162.87283950002166,0.6014169775880873,0
7207,162.88362591702025,0.4449999541975558,0
7208,162.89561758300988,0.3816249663941562,0
7209,162.9085582079715,0.396750052459538,0
7210,162.92151508299867,0.3773340140469372,0
7211,162.93416025000624,0.47441700007766485,0
7212,162.94615491700824,0.2930000191554427,0
7213,162.9588956250227,0.3582499921321869,0
7214,162.97061399999075,0.368500011973083,0
7215,162.98178450000705,0.39845798164606094,0
7216,162.99473904201295,0.3849579952657223,0
7217,163.007677333022,0.3434999962337315,0
7218,163.02056466700742,,1
7219,163.13430179201532,,1
7220,163.2472407919704,0.5670410464517772,0
7221,163.2602524579852,0.348208996001631,0
7222,163.27104874997167,0.29195804381743073,0
7223,163.2818767920253,0.24066597688943148,0
7224,163.2946851250017,0.4855829756706953,0
7225,163.3060057919938,0.7411660044454038,0
7226,163.31941220798763,0.47491700388491154,0
7227,163.33124412497273,0.37941703340038657,0
7228,163.3426360419835,,1
7229,163.45532266702503,0.3903749748133123,0
7230,163.46828316699248,0.27895800303667784,0
7231,163.4806465000147,0.24683296214789152,0
7232,163.49346483300906,0.5788750131614506,0
7233,163.505333625013,0.4949169815517962,0
7234,163.51746862498112,0.47904200619086623,0
7235,163.53052437497536,0.5247500375844538,0
7236,163.54363687499426,0.4244580049999058,0
7237,163.55545104201883,,1
7238,163.6679414579994,0.594666984397918,0
7239,163.6799593329779,0.3458340070210397,0
7240,163.69073812500574,0.2715829759836197,0
7241,163.70355629199184,0.3465830232016742,0
7242,163.71646058297483,0.3570000408217311,0
7243,163.729380166973,,1
7244,163.84218270797282,0.3314590430818498,0
7245,163.85507420799695,,1
7246,163.9688336669933,0.5471659824252129,0
7247,163.9819788329769,0.45904202852398157,0
7248,163.99369220802328,0.47679198905825615,0
7249,164.00557674997253,0.36637502489611506,0
7250,164.01849149999907,0.3904579789377749,0
7251,164.03146933298558,0.4087919951416552,0
7252,164.0436882500071,0.7181669934652746,0
7253,164.0548933329992,0.6481669843196869,0
7254,164.06589379202342,0.44112495379522443,0
7255,164.07892699999502,0.28829200891777873,0
7256,164.09178754198365,0.25466602528467774,0
7257,164.1039364580065,0.29150000773370266,0
7258,164.1145644169883,0.5031659966334701,0
7259,164.1276637080009,,1
7260,164.24143325001933,0.5918329698033631,0
7261,164.2546375420061,0.7424160139635205,0
7262,164.26797120802803,0.5512919742614031,0
7263,164.28054966701893,0.5061249830760062,0
7264,164.2936843750067,0.48812502063810825,0
7265,164.30448158300715,,1
7266,164.41842454200378,0.6123330094851553,0
7267,164.4317083330243,0.40595897007733583,0
7268,164.4427830419736,0.40550000267103314,0
7269,164.45443858299404,0.23445900296792388,0
7270,164.46725170797436,,1
7271,164.5811414999771,0.5156249972060323,0
7272,164.59378691698657,,1
7273,164.70519112498732,0.610999995842576,0
7274,164.7184075419791,0.49716600915417075,0
7275,164.72914770798525,0.4804590134881437,0
7276,164.74168749997625,0.35625003511086106,0
7277,164.75444300001254,0.2572080120444298,0
7278,164.76727020798717,0.3522090264596045,0
7279,164.78005579201272,0.9544159984216094,0
7280,164.79360154201277,0.42150000808760524,0
7281,164.80576454201946,0.4909999552182853,0
7282,164.81883641699096,0.4617500235326588,0
7283,164.83109266700922,0.7644579745829105,0
7284,164.84371770801954,0.3164589870721102,0
7285,164.8543439580244,0.8105419692583382,0
7286,164.86777429201175,0.6433749804273248,0
7287,164.8809007499949,0.6817500106990337,0
7288,164.89419324998744,0.4157500225119293,0
7289,164.9061973330099,0.5774169694632292,0
7290,164.9193705000216,0.5558329867199063,0
7291,164.93250987498323,0.5276250303722918,0
7292,164.94563937501516,0.5735000013373792,0
7293,164.9588013329776,0.3972090198658407,0
7294,164.97110570798395,0.6793340435251594,0
7295,164.98219637497095,,1
7296,165.09607395797502,1.4457920333370566,0
7297,165.11010083300062,0.5118339904583991,0
7298,165.12244191701757,,1
7299,165.23630633298308,0.6941250176168978,0
7300,165.24959670798853,0.6072500254958868,0
7301,165.26279333297862,0.6901670130901039,0
7302,165.27412249997724,0.5009170272387564,0
7303,165.28719041700242,0.5633750115521252,0
7304,165.2994668330066,0.5927499732933939,0
7305,165.31173733301694,0.63624995527789,0
7306,165.32496445800643,,1
7307,165.4378451249795,0.7148750009946525,0
7308,165.4511880420032,0.5181250162422657,0
7309,165.46431875001872,0.5084580043330789,0
7310,165.477209958015,0.4550839657895267,0
7311,165.4890674999915,0.5324999801814556,0
7312,165.50218941702042,0.5375409964472055,0
7313,165.51328379201004,0.4789580125361681,0
7314,165.52635433297837,0.5554590024985373,0
7315,165.53847937501268,0.6294999620877206,0
7316,165.55073295801412,0.6048340001143515,0
7317,165.56328612501966,0.6626249523833394,0
7318,165.5765399169759,0.6375000230036676,0
7319,165.59003612498054,0.7197080412879586,0
7320,165.60351208300563,0.46729197492823005,0
7321,165.6151727079996,0.4515000036917627,0
7322,165.62580791697837,0.48149999929592013,0
7323,165.63889262499288,0.40550000267103314,0
7324,165.64943366701482,0.3002909943461418,0
7325,165.6623013750068,0.2723329816944897,0
7326,165.6742607500055,1.1529580224305391,0
7327,165.6878286250285,0.7583329570479691,0
7328,165.70115483301925,0.33362500835210085,0
7329,165.71228320797672,0.3194170421920717,0
7330,165.7253152920166,0.2608330105431378,0
7331,165.7376993750222,0.1912919688038528,0
7332,165.74979016702855,0.21087494678795338,0
7333,165.76111433299957,0.2566250041127205,0
7334,165.77207945799455,0.24750002194195986,0
7335,165.78486929199426,0.19220798276364803,0
7336,165.7976029170095,0.18375000217929482,0
7337,165.8103190420079,0.10183296399191022,0
7338,165.82141787500586,0.19345799228176475,0
7339,165.83183391700732,0.3433749661780894,0
7340,165.84473516698927,0.36633299896493554,0
7341,165.85768362501403,0.3565829829312861,0
7342,165.87059666699497,0.3380830166861415,0
7343,165.88160466699628,0.5101250135339797,0
7344,165.89467929198872,0.41991600301116705,0
7345,165.90737083298154,,1
7346,166.0210873329779,0.421667005866766,0
7347,166.03405349998502,,1
7348,166.146597791987,0.4946659901179373,0
7349,166.15970116702374,0.2907909802161157,0
7350,166.1725511670229,0.29737496515735984,0
7351,166.1853966669878,0.2567910123616457,0
7352,166.19657899998128,0.2645000349730253,0
7353,166.20897674997104,0.5931250052526593,0
7354,166.22213912499137,0.4064170061610639,0
7355,166.2351053750026,0.4065000102855265,0
7356,166.2469092499814,0.3507499932311475,0
7357,166.25898199999938,0.634542026091367,0
7358,166.2711000419804,0.6789159961044788,0
7359,166.28273500001524,0.4110420122742653,0
7360,166.2957011249964,0.37658301880583167,0
7361,166.30779304198222,0.5250410176813602,0
7362,166.32062054198468,,1
7363,166.43518291699002,0.604833010584116,0
7364,166.4476830419735,0.48516603419557214,0
7365,166.46076204202836,0.41579094249755144,0
7366,166.47231933299918,1.1918750242330134,0
7367,166.48610066698166,0.4119580262340605,0
7368,166.4990930419881,0.5484159919433296,0
7369,166.51229020801838,,1
7370,166.62605745799374,,1
7371,166.73771691700676,0.5409580189734697,0
7372,166.75085233297432,0.34470902755856514,0
7373,166.76375670800917,0.3167919931001961,0
7374,166.77664254198316,0.26416603941470385,0
7375,166.7889280000236,0.23645797045901418,0
7376,166.80284891702468,,1
7377,166.9168044999824,0.5135830142535269,0
7378,166.9299310829956,0.5858340300619602,0
7379,166.94083191698883,0.38425001548603177,0
7380,166.95382616698043,0.24512503296136856,0
7381,166.9666210419964,0.22508302936330438,0
7382,166.97938633302692,0.22687495220452547,0
7383,166.99218325002585,,1
7384,167.1053113330272,0.4183339769951999,0
7385,167.11716825002804,0.40433299727737904,0
7386,167.13013445801334,0.38824998773634434,0
7387,167.14307300001383,0.3367919707670808,0
7388,167.1543832499883,0.3695000195875764,0
7389,167.16730795800686,0.34316699020564556,0
7390,167.17996166698867,0.3513330011628568,0
7391,167.1916130419704,0.35725004272535443,0
7392,167.20451120799407,0.34170900471508503,0
7393,167.21663754200563,0.2504159929230809,0
7394,167.2294348750147,0.538916967343539,0
7395,167.24179920798633,0.40020898450165987,0
7396,167.25489475001814,0.47099997755140066,0
7397,167.26797395799076,0.49754203064367175,0
7398,167.27957224997226,0.2853330224752426,0
7399,167.29241479199845,0.37116598105058074,0
7400,167.3051675420138,0.3654159954749048,0
7401,167.31812445801916,0.6126249791122973,0
7402,167.33135637501255,0.3381249844096601,0
7403,167.34427154198056,0.2715830341912806,0
7404,167.35642316698795,0.18683302914723754,0
7405,167.36766183300642,0.20987499738112092,0
7406,167.3798806249979,,1
7407,167.49345800001174,,1
7408,167.60661770799197,0.5707499803975224,0
7409,167.61977724998724,0.4740420263260603,0
7410,167.63283825002145,0.40079199243336916,0
7411,167.64569024997763,0.37275004433467984,0
7412,167.6586358330096,0.3404169692657888,0
7413,167.67119329201523,0.400999968405813,0
7414,167.68416120798793,,1
7415,167.79663620801875,0.9651249856688082,0
7416,167.80890929198358,0.42158301221206784,0
7417,167.82098983298056,1.7983340076170862,0
7418,167.83389070798876,0.43750001350417733,0
7419,167.84690108301584,0.5674170097336173,0
7420,167.86005662498064,0.4956250195391476,0
7421,167.8731525419862,0.5445409915409982,0
7422,167.88631283299765,0.29312499100342393,0
7423,167.89842595800292,0.5898749805055559,0
7424,167.91159416700248,0.4342910251580179,0
7425,167.92424800002482,,1
7426,168.03759537497535,,1
7427,168.15136725001503,0.3525000065565109,0
7428,168.1642595420126,0.273957964964211,0
7429,168.17708250001306,0.2869169693440199,0
7430,168.18780941702425,0.3702499670907855,0
7431,168.20028925000224,0.22304197773337364,0
7432,168.2130579170189,0.17829099670052528,0
7433,168.22580491699046,0.24912500521168113,0
7434,168.23786150000524,0.2471670159138739,0
7435,168.24965970800258,0.3262920072302222,0
7436,168.26179437502287,0.34379196586087346,0
7437,168.27471374999732,0.48866699216887355,0
7438,168.28771633299766,0.47029199777171016,0
7439,168.29961858299794,0.44487498234957457,0
7440,168.31205729197245,,1
7441,168.4249352500192,0.3855829709209502,0
7442,168.43789295799797,0.226916978135705,0
7443,168.45068641699618,0.2527909819036722,0
7444,168.46348879201105,0.2621249877847731,0
7445,168.47629995801253,0.23624999448657036,0
7446,168.48728020797716,0.22904202342033386,0
7447,168.49963654199382,0.20879099611192942,0
7448,168.51238587498665,0.1995420316234231,0
7449,168.52512266702252,0.287707953248173,0
7450,168.53862262499752,0.9095420246012509,0
7451,168.55054779199418,0.5786250112578273,0
7452,168.56159337499412,0.4867499810643494,0
7453,168.57237741700374,0.5720409681089222,0
7454,168.5859662499861,0.988124986179173,0
7455,168.5995864580036,0.49700000090524554,0
7456,168.61272558302153,0.4580839886330068,0
7457,168.62577620800585,0.3160000196658075,0
7458,168.63770816702163,0.22129097487777472,0
7459,168.64951620798092,0.2434170455671847,0
7460,168.66230562498095,0.3108750097453594,0
7461,168.67517020797823,0.4136250354349613,0
7462,168.68733241700102,0.40612497832626104,0
7463,168.70037174999015,0.6233330350369215,0
7464,168.71359879197553,0.2336660400032997,0
7465,168.726400708023,0.28645899146795273,0
7466,168.73928475001594,0.19824999617412686,0
7467,168.7507999999798,0.14150002971291542,0
7468,168.7632145420066,,1
7469,168.8769934999873,0.33433298813179135,0
7470,168.88812516699545,0.5543750012293458,0
7471,168.90130933298497,,1
7472,169.01332733302843,0.5013749469071627,0
7473,169.02639387501404,,1
7474,169.13904933299636,0.5848340224474669,0
7475,169.15232691698475,0.8325829985551536,0
7476,169.16457433300093,0.48325001262128353,0
7477,169.17769820801914,,1
7478,169.2914400420268,5.6048749829642475,0
7479,169.3100970420055,0.3570829867385328,0
7480,169.32215458300197,0.3403340233489871,0
7481,169.33297241700348,0.3180410130880773,0
7482,169.34684675000608,0.5217079888097942,0
7483,169.35786308301613,0.3838340053334832,0
7484,169.37356724997517,16.63254201412201,0
7485,169.4022127080243,0.5364589742384851,0
7486,169.4137360000168,0.2797499764710665,0
7487,169.42657150002196,0.34095795126631856,0
7488,169.43789095798275,,1
7489,169.55202087498037,0.571542012039572,0
7490,169.56282074999763,0.3493750118650496,0
7491,169.57572354201693,0.25275000371038914,0
7492,169.58724154200172,0.7132909959182143,0
7493,169.60045504197478,1.0735830292105675,0
7494,169.61283604201162,1.0137080098502338,0
7495,169.62660766701447,0.45429100282490253,0
7496,169.639687124989,0.44166698353365064,0
7497,169.65276395797264,0.33933401573449373,0
7498,169.66372449998744,0.37349999183788896,0
7499,169.67445925000357,0.7227499736472964,0
7500,169.68755120801507,0.34004199551418424,0
7501,169.70116062497254,1.064875046722591,0
7502,169.71333712502383,0.6235829787328839,0
7503,169.72666683298303,0.5133750382810831,0
7504,169.7435839169775,,1
7505,169.8549705829937,0.5949590122327209,0
7506,169.86818325001514,0.2893749624490738,0
7507,169.87914554198505,0.4057500045746565,0
7508,169.89247120800428,0.40058401646092534,0
7509,169.90549912501592,0.3441249718889594,0
7510,169.9162144580041,0.3242089878767729,0
7511,169.9294185420149,0.3279999946244061,0
7512,169.93996195797808,0.2536250394769013,0
7513,169.9504462920013,0.7548329886049032,0
7514,169.96392158302478,0.368458975572139,0
7515,169.97688112501055,0.33237499883398414,0
7516,170.29032141697826,0.5445830174721777,0
7517,170.30099620798137,0.40658400394022465,0
7518,170.31398741697194,0.3566660452634096,0
7519,170.32496262498898,0.30570803210139275,0
7520,170.3378134170198,0.14837499475106597,0
7521,170.35048795799958,0.12908398639410734,0
7522,170.36313187499763,0.09849999332800508,0
7523,170.3746192919789,0.4022910143248737,0
7524,170.38755991699873,0.3501659957692027,0
7525,170.4004807919846,0.26283302577212453,0
7526,170.41202841699123,0.18883298616856337,0
7527,170.424557499995,0.3028750070370734,0
7528,170.43740962498123,0.28237502556294203,0
7529,170.45022329199128,0.22950000129640102,0
7530,170.46297704201424,0.2818329958245158,0
7531,170.47508545801975,0.38645899621769786,0
7532,170.48803829198005,0.3653750172816217,0
7533,170.50095629197313,0.312791031319648,0
7534,170.51380575000076,0.17954199574887753,0
7535,170.52650712500326,0.13412500265985727,0
7536,170.53915837500244,0.12645800597965717,0
7537,170.55179833300645,0.17595896497368813,0
7538,170.56325104198186,0.20779104670509696,0
7539,170.57597708300455,0.22958399495109916,0
7540,170.58874933299376,,1
7541,170.70216312498087,0.5412080208770931,0
7542,170.71536112501053,0.5753329605795443,0
7543,170.72856100002537,0.5738329491578043,0
7544,170.74202395800967,0.5949999904260039,0
7545,170.7533889579936,0.6657090270891786,0
7546,170.76667525002267,0.5190419615246356,0
7547,170.77912120800465,0.3613749868236482,0
7548,170.79159083298873,0.45170902740210295,0
7549,170.80475187499542,0.5050000036135316,0
7550,170.8166647499893,,1
7551,170.9301827920135,0.7342079770751297,0
7552,170.94352749997051,0.31395803671330214,0
7553,170.9566290830262,0.38066698471084237,0
7554,170.96959220798453,0.4730420187115669,0
7555,170.98271241702605,0.43895799899473786,0
7556,170.99567883298732,0.3903750330209732,0
7557,171.0080898749875,0.5502499989233911,0
7558,171.02062912500696,0.4290830111131072,0
7559,171.03216662502382,0.34312496427446604,0
7560,171.0450984580093,0.34191698068752885,0
7561,171.0580051249708,0.9097080328501761,0
7562,171.06975162500748,0.44641701970249414,0
7563,171.08281012502266,0.4326250054873526,0
7564,171.0934899999993,0.2935000229626894,0
7565,171.1044312500162,0.2347499830648303,0
7566,171.11721512500662,0.2714580041356385,0
7567,171.1300261670258,,1
7568,171.24368012498599,0.3524580388329923,0
7569,171.25658550002845,0.23108295863494277,0
7570,171.26935924997088,0.2905000001192093,0
7571,171.27995087497402,0.2651250106282532,0
7572,171.29075558297336,0.2358750207349658,0
7573,171.30355895799585,0.5177920102141798,0
7574,171.31451445800485,0.3113750135526061,0
7575,171.32737520802766,,1
7576,171.44079866702668,0.2598329447209835,0
7577,171.45119133300614,,1
7578,171.5633019169909,0.3767909947782755,0
7579,171.57475554198027,0.24858303368091583,0
7580,171.58753545797663,0.20220904843881726,0
7581,171.59909883298678,0.21054199896752834,0
7582,171.61135708302027,0.1751669915392995,0
7583,171.62406641698908,0.2170410007238388,0
7584,171.63683899998432,0.20241702441126108,0
7585,171.64960262499517,0.2565419999882579,0
7586,171.66227425000397,0.230583013035357,0
7587,171.67506262497045,0.31987502006813884,0
7588,171.68794941698434,0.20695803686976433,0
7589,171.70070441701682,0.23929099552333355,0
7590,171.71294929197757,0.5758330225944519,0
7591,171.7261354579823,0.8941669948399067,0
7592,171.73971075000009,1.1070420150645077,0
7593,171.75346866698237,0.6032499950379133,0
7594,171.7643032919732,0.5248330417089164,0
7595,171.77742774999933,0.4153749905526638,0
7596,171.79197758302325,0.5430419696494937,0
7597,171.80452729202807,0.7611659821122885,0
7598,171.81785312498687,,1
7599,171.93156595801702,0.21299999207258224,0
7600,171.94430820801063,0.0950419926084578,0
7601,171.9569301669835,0.1177910016849637,0
7602,171.9695771249826,,1
7603,172.08333908300847,0.370624999050051,0
7604,172.09631300001638,0.35583297722041607,0
7605,172.10904841701267,0.22137496853247285,0
7606,172.12186600000132,0.34670799504965544,0
7607,172.13285850000102,,1
7608,172.2456703329808,0.4691670183092356,0
7609,172.25875824998366,,1
7610,172.37106783298077,0.46970898984000087,0
7611,172.3833122079959,0.4405840300023556,0
7612,172.39498058299068,0.3207499976269901,0
7613,172.40787912497763,0.3345830482430756,0
7614,172.42078899999615,,1
7615,172.53406633302802,0.36162498872727156,0
7616,172.54697475000285,0.29920798260718584,0
7617,172.5598092500004,0.2584999892860651,0
7618,172.57116970798234,0.3142500063404441,0
7619,172.58402420801576,0.28833397664129734,0
7620,172.59564125002362,0.3263329854235053,0
7621,172.60744466702454,0.21441595163196325,0
7622,172.62020758300787,0.21929200738668442,0
7623,172.63111441698857,0.22375001572072506,0
7624,172.6439225000213,0.5330419517122209,0
7625,172.65527020802256,0.4920419887639582,0
7626,172.6676731670159,0.4796249559149146,0
7627,172.68072470801417,0.5897500086575747,0
7628,172.6920894579962,,1
7629,172.80590766697424,0.29104104032739997,0
7630,172.81873733300017,0.22654200438410044,0
7631,172.83149316697381,0.23025000700727105,0
7632,172.84425416699378,0.23583299480378628,0
7633,172.857011916989,0.19575003534555435,0
7634,172.86973525001667,0.1533330068923533,0
7635,172.8824212080217,0.2960419515147805,0
7636,172.8952386250021,,1
7637,173.00821375002852,1.477207988500595,0
7638,173.02142449998064,0.7906670216470957,0
7639,173.03475762502057,0.28479198226705194,0
7640,173.0466650829767,,1
7641,173.16281616699416,0.6797080277465284,0
7642,173.18730983301066,5.67320897243917,0
7643,173.20341370801907,1.2165000080130994,0
7644,173.21486908302177,0.28554198797792196,0
7645,173.22625854198122,0.4339580191299319,0
7646,173.2373046670109,0.30529097421094775,0
7647,173.25017650000518,0.20549999317154288,0
7648,173.260838666989,0.22737501421943307,0
7649,173.27339137502713,0.18504197942093015,0
7650,173.2861120000016,0.2150419750250876,0
7651,173.2971854999778,,1
7652,173.4114159999881,0.2815420157276094,0
7653,173.42423295800108,0.23574999067932367,0
7654,173.4369952499983,0.1694579841569066,0
7655,173.4496901250095,0.17841701628640294,0
7656,173.4624001670163,0.27483300073072314,0
7657,173.47526208299678,0.5465419963002205,0
7658,173.48651399998926,0.3447500057518482,0
7659,173.4981595830177,0.41974999476224184,0
7660,173.51003083301475,0.36154198460280895,0
7661,173.52298925002106,0.539249973371625,0
7662,173.5358530000085,0.5560420104302466,0
7663,173.54663079197053,0.5327500402927399,0
7664,173.55769033299293,0.46366703463718295,0
7665,173.56956608302426,0.46579196350649,0
7666,173.58100379200187,0.539708009455353,0
7667,173.59417966700858,0.6249999860301614,0
7668,173.60742925002705,0.5491249612532556,0
7669,173.6191244579968,0.5463340203277767,0
7670,173.63227179198293,0.4472500295378268,0
7671,173.64292654197197,0.5801660008728504,0
7672,173.65612783300458,1.001083990558982,0
7673,173.66977487498662,,1
7674,173.78134570800466,0.5294170114211738,0
7675,173.79442141699838,0.5301249912008643,0
7676,173.8054468749906,0.40191703010350466,0
7677,173.81699187500635,0.28966699028387666,0
7678,173.82987512502586,0.605541979894042,0
7679,173.8431765420246,0.5219999584369361,0
7680,173.8555434999871,0.41312503162771463,0
7681,173.86828070797492,0.44095900375396013,0
7682,173.88095170800807,0.24049996864050627,0
7683,173.89252429199405,0.597250007558614,0
7684,173.90576329198666,0.6070000235922635,0
7685,173.91867216699757,0.5879999953322113,0
7686,173.93189399997937,0.5927919992245734,0
7687,173.944343457988,0.482542032841593,0
7688,173.9574334580102,0.36329199792817235,0
7689,173.97042391699506,1.9924580119550228,0
7690,173.98507491697092,0.46200002543628216,0
7691,173.99589579197345,0.5577499978244305,0
7692,174.00798699998995,0.5231249961070716,0
7693,174.02118662500288,0.6607919931411743,0
7694,174.03446129197255,0.47995802015066147,0
7695,174.04767991701374,0.6779999821446836,0
7696,174.060956833011,0.3595000016503036,0
7697,174.0739210419706,0.6105000502429903,0
7698,174.08666120801354,0.6742089753970504,0
7699,174.09994874999393,,1
7700,174.2138847919996,0.5609579966403544,0
7701,174.22733149997657,,1
7702,174.34136358299293,0.4609589814208448,0
7703,174.35447158297757,0.54508401080966,0
7704,174.36765675002243,0.5245420034043491,0
7705,174.3808235829929,0.5200000014156103,0
7706,174.39189929200802,0.45204098569229245,0
7707,174.40447145799408,,1
7708,174.5184898750158,0.40383299347013235,0
7709,174.53144891699776,0.304749992210418,0
7710,174.54275604197755,0.2876660437323153,0
7711,174.55459333298495,0.3155420417897403,0
7712,174.5659394999966,0.49275002675130963,0
7713,174.5790539580048,0.748916994780302,0
7714,174.59244704199955,0.42395800119265914,0
7715,174.60387954197358,,1
7716,174.71689899999183,0.3812920185737312,0
7717,174.72986166697228,0.36820804234594107,0
7718,174.7428317500162,0.5034169880673289,0
7719,174.75472691701725,0.4820000031031668,0
7720,174.767825042014,0.4772499669343233,0
7721,174.78073670802405,0.3791249473579228,0
7722,174.7937163329916,0.4076249897480011,0
7723,174.8044477920048,0.39474997902289033,0
7724,174.8157876249752,0.3857500269077718,0
7725,174.8288176250062,0.45849999878555536,0
7726,174.8419061669847,0.5204580374993384,0
7727,174.85438416700345,,1
7728,174.96590537502198,0.33733295276761055,0
7729,174.97812412498752,0.41733303805813193,0
7730,174.99117854202632,0.6345829460769892,0
7731,175.00446633301908,0.40262495167553425,0
7732,175.01523308298783,0.44758402509614825,0
7733,175.0283135829959,,1
7734,175.1405732500134,0.26537501253187656,0
7735,175.15340320800897,0.2942499704658985,0
7736,175.16541483299807,0.3207499976269901,0
7737,175.17596874997253,0.25862501934170723,0
7738,175.18876366701443,0.24295796174556017,0
7739,175.20157612499315,0.29624998569488525,0
7740,175.21310879202792,0.2014579949900508,0
7741,175.225867207977,0.33537502167746425,0
7742,175.23659083299572,0.20733400015160441,0
7743,175.24936316697858,0.22783299209550023,0
7744,175.26215533301,0.2744999947026372,0
7745,175.27499245799845,0.30854198848828673,0
7746,175.28787083300995,0.26758399326354265,0
7747,175.29947645799257,0.39474997902289033,0
7748,175.3122830420034,0.19474996952340007,0
7749,175.32503066700883,0.2787080011330545,0
7750,175.33730791701237,0.14945800649002194,0
7751,175.3495012500207,0.29979198006913066,0
7752,175.36047095799586,0.23091700859367847,0
7753,175.3726862500189,0.24366698926314712,0
7754,175.38548724999418,0.2031670301221311,0
7755,175.39606933301548,0.19916699966415763,0
7756,175.40881508297753,0.1883750082924962,0
7757,175.42146308301017,0.3034999826923013,0
7758,175.4343349999981,0.2732499851845205,0
7759,175.44562508299714,0.23779197363182902,0
7760,175.4584242500132,0.2043750137090683,0
7761,175.47035349998623,0.5446670111268759,0
7762,175.4833060419769,0.4746250342577696,0
7763,175.49564620800084,0.7027090177871287,0
7764,175.5089114169823,0.2460000105202198,0
7765,175.52044012502301,0.2495829830877483,0
7766,175.53325337497517,,1
7767,175.64659458299866,0.28737500542774796,0
7768,175.65944687498268,0.3339580143801868,0
7769,175.67111220798688,0.3182920045219362,0
7770,175.68399649998173,0.2585829934105277,0
7771,175.69533241697354,0.31108304392546415,0
7772,175.7060444999952,0.30029198387637734,0
7773,175.7189193330123,0.39129197830334306,0
7774,175.73191708297236,0.28533401200547814,0
7775,175.7425707919756,0.5227910005487502,0
7776,175.75445858301828,0.2857919898815453,0
7777,175.76731800002744,0.27545797638595104,0
7778,175.7785451670061,0.28966600075364113,0
7779,175.79035504197236,0.2952910144813359,0
7780,175.8032188329962,0.26412500301375985,0
7781,175.81607204198372,0.25587499840185046,0
7782,175.82740945799742,0.42112497612833977,0
7783,175.83980524999788,0.3434169921092689,0
7784,175.85274408297846,0.30329200671985745,0
7785,175.86563983297674,0.28941704658791423,0
7786,175.8780399580137,0.28366700280457735,0
7787,175.88920095801586,0.29212498338893056,0
7788,175.9022910830099,0.6440840079449117,0
7789,175.91552841698285,0.3743750276044011,0
7790,175.92850495799212,0.4312089877203107,0
7791,175.9414746669936,0.44079101644456387,0
7792,175.95467950002057,0.45724998926743865,0
7793,175.9677606250043,0.5513749783858657,0
7794,175.98008200002369,0.34316699020564556,0
7795,175.99301004200242,0.49004098400473595,0
7796,176.00626008299878,0.6018750136718154,0
7797,176.01952874998096,0.5369580467231572,0
7798,176.03269654198084,0.5370000144466758,0
7799,176.0456237079925,0.4502920201048255,0
7800,176.05726720800158,0.43937499867752194,0
7801,176.07031024998287,0.7219580002129078,0
7802,176.08370787499007,,1
7803,176.19543666701065,0.5315410089679062,0
7804,176.20857474999502,,1
7805,176.3224862079951,0.5155000253580511,0
7806,176.33561712497612,0.5593330133706331,0
7807,176.34727929200744,0.5906249862164259,0
7808,176.3604732499807,0.5758330225944519,0
7809,176.3736318749725,0.452083011623472,0
7810,176.3852377079893,0.3606249811127782,0
7811,176.3981768329977,0.29545900179073215,0
7812,176.41104533302132,0.27533399406820536,0
7813,176.42388408299303,0.33075001556426287,0
7814,176.43675687501673,0.3844169550575316,0
7815,176.44970400002785,0.33116695703938603,0
7816,176.4625852080062,0.29658398125320673,0
7817,176.47542445798172,,1
7818,176.58887683297507,0.5399170331656933,0
7819,176.60063037497457,0.4502920201048255,0
7820,176.61337095801719,0.5175420083105564,0
7821,176.62541183299618,0.4550419980660081,0
7822,176.63842554198345,0.34487503580749035,0
7823,176.6509231670061,0.39595802081748843,0
7824,176.66228683298687,0.5553340306505561,0
7825,176.67299216700485,0.4113329923711717,0
7826,176.68595645797905,0.43620902579277754,0
7827,176.6989711250062,0.4225830198265612,0
7828,176.71020475000842,0.4112079623155296,0
7829,176.7231817499851,0.2514580264687538,0
7830,176.73599358298816,0.4386249929666519,0
7831,176.74753524997504,0.26229204377159476,0
7832,176.76028200000292,0.35208300687372684,0
7833,176.77492158301175,0.8429589797742665,0
7834,176.78730233298847,0.4038339830003679,0
7835,176.7991847919766,0.27133303228765726,0
7836,176.81201770802727,0.3809999907389283,0
7837,176.82495458301855,0.2691249828785658,0
7838,176.83775220799726,0.1419999753125012,0
7839,176.85043254197808,0.18200004706159234,0
7840,176.8631392919924,0.15904102474451065,0
7841,176.8758215419948,0.1521660014986992,0
7842,176.88851187500404,0.20549999317154288,0
7843,176.90127333300188,,1
7844,177.01503220800078,0.5774589953944087,0
7845,177.0274012919981,,1
7846,177.13859312498244,0.5542080034501851,0
7847,177.15172449999955,0.29208301566541195,0
7848,177.1645674169995,0.28633297188207507,0
7849,177.1774110830156,0.2464589779265225,0
7850,177.19021458300995,0.293541990686208,0
7851,177.20306366699515,0.38645800668746233,0
7852,177.21601470798487,0.362291990313679,0
7853,177.22893216699595,0.2930830232799053,0
7854,177.23935925000114,0.3055830020457506,0
7855,177.2522106670076,0.3150000120513141,0
7856,177.26507679198403,0.33125001937150955,0
7857,177.27769583300687,0.5165839684195817,0
7858,177.29077216697624,0.4592910408973694,0
7859,177.3019205420278,,1
7860,177.41457095800433,0.6211670115590096,0
7861,177.4274144169758,0.685541017446667,0
7862,177.43879124999512,0.26183301815763116,0
7863,177.4501624170225,0.2925829612649977,0
7864,177.46232579200296,0.2193329855799675,0
7865,177.47508541698335,0.27608301024883986,0
7866,177.48770212498493,0.2822499955072999,0
7867,177.49891012499575,,1
7868,177.6123595419922,0.43720798566937447,0
7869,177.62535991700133,0.3322080010548234,0
7870,177.63586837501498,0.23516698274761438,0
7871,177.64769487502053,0.5310419946908951,0
7872,177.66080041701207,0.3452500095590949,0
7873,177.673712333024,0.27645897353067994,0
7874,177.68508416699478,0.3864159807562828,0
7875,177.6980617499794,0.43691700557246804,0
7876,177.71111008297885,0.2690420369617641,0
7877,177.72329187497962,0.3057920257560909,0
7878,177.7342231249786,0.2174170222133398,0
7879,177.74699033302022,0.2228749799542129,0
7880,177.7597612499958,0.30216702725738287,0
7881,177.77111833298113,0.37620903458446264,0
7882,177.78409416700015,0.5073330248706043,0
7883,177.7972205830156,,1
7884,177.90959229198052,,1
7885,178.02145662502153,0.2815419575199485,0
7886,178.03197370801354,0.385124993044883,0
7887,178.0449225420016,0.28791598742827773,0
7888,178.05606787500437,,1
7889,178.1695816250285,0.2727499813772738,0
7890,178.18244875001255,0.29329198878258467,0
7891,178.19556341698626,0.622541003394872,0
7892,178.20825000002515,0.3732079640030861,0
7893,178.22119683300843,,1
7894,178.33437237498583,0.428958039265126,0
7895,178.34646066697314,0.36262505454942584,0
7896,178.3594100420014,0.44129102025181055,0
7897,178.3719027499901,0.501750037074089,0
7898,178.38284862501314,,1
7899,178.49579466698924,0.3351250197738409,0
7900,178.50627079198603,,1
7901,178.61914079199778,0.4457909963093698,0
7902,178.6321813329705,0.5358750349842012,0
7903,178.64451104198815,1.8520409939810634,0
7904,178.6569798749988,0.4740420263260603,0
7905,178.66806429199642,0.4944999818690121,0
7906,178.68119295797078,0.5576670519076288,0
7907,178.69328158302233,0.4379169549793005,0
7908,178.7044546250254,0.3975419676862657,0
7909,178.71741583297262,0.4875840386375785,0
7910,178.72897029202431,,1
7911,178.84205362497596,0.27845799922943115,0
7912,178.8535173329874,0.3327500307932496,0
7913,178.86644787498517,0.3475419944152236,0
7914,178.8793768750038,0.2733750152401626,0
7915,178.89069437497528,0.3006670158356428,0
7916,178.9035933749983,0.27733301976695657,0
7917,178.91643558297073,0.2833340549841523,0
7918,178.9280748749734,0.24791702162474394,0
7919,178.93855137500213,0.25287497555837035,0
7920,178.95135649997974,0.23545802105218172,0
7921,178.9641389999888,0.2810420119203627,0
7922,178.9764205829706,0.22825004998594522,0
7923,178.98779287497746,0.30033302027732134,0
7924,179.00066345802043,0.2499590045772493,0
7925,179.0134842079715,0.28437504079192877,0
7926,179.02635066700168,0.4201660049147904,0
7927,179.03778687497834,,1
7928,179.1509418329806,0.4154170164838433,0
7929,179.16392158297822,0.2702500205487013,0
7930,179.17678383301245,0.5411669844761491,0
7931,179.18922158301575,0.5847499705851078,0
7932,179.20063908299198,0.575500016566366,0
7933,179.212345500011,0.2794580068439245,0
7934,179.2252167079714,0.5876670475117862,0
7935,179.2384401250165,0.48937497194856405,0
7936,179.2504171669716,0.7309580105356872,0
7937,179.262300124974,0.41220802813768387,0
7938,179.27479054202558,,1
7939,179.38868145801825,0.5541669670492411,0
7940,179.4012126249727,1.0505830287002027,0
7941,179.41352424997604,1.4394170138984919,0
7942,179.4267307500122,0.30233297729864717,0
7943,179.43777733301977,0.4699999699369073,0
7944,179.4508426670218,,1
7945,179.56468679197133,0.49295800272375345,0
7946,179.57780491700396,0.528833013959229,0
7947,179.59096433297964,0.565792026463896,0
7948,179.60420112498105,0.42870803736150265,0
7949,179.61590391700156,0.4496250185184181,0
7950,179.6268786250148,0.40779198752716184,0
7951,179.63945137499832,0.3376249806024134,0
7952,179.65238670801045,0.46420900616794825,0
7953,179.66545541700907,0.5044579738751054,0
7954,179.67855558299925,,1
7955,179.79236116702668,0.37233298644423485,0
7956,179.8047366249957,,1
7957,179.91808641701937,0.419457966927439,0
7958,179.92890699999407,0.5934580112807453,0
7959,179.94215587497456,0.49354200018569827,0
7960,179.95280904200627,,1
7961,180.06573745800415,0.6847920012660325,0
7962,180.0790570829995,0.27600000612437725,0
7963,180.09034466702724,0.1894999877549708,0
7964,180.1030923749786,0.3969999961555004,0
7965,180.11359050002648,0.363041996024549,0
7966,180.1247457920108,0.46441599261015654,0
7967,180.1356210000231,0.330416951328516,0
7968,180.1485235830187,0.25395897682756186,0
7969,180.16134287498426,0.38166699232533574,0
7970,180.17187904199818,0.4123329999856651,0
7971,180.18289029202424,1.8667909898795187,0
7972,180.19511862500804,,1
7973,180.30826183297904,0.6401250138878822,0
7974,180.31937970797298,,1
7975,180.43292366701644,0.6067909998819232,0
7976,180.44565745798172,0.417709001339972,0
7977,180.4585751669947,0.4277499974705279,0
7978,180.4711041250266,0.29841699870303273,0
7979,180.4839728330262,0.6448749918490648,0
7980,180.49543662497308,0.3648330457508564,0
7981,180.50728999997955,0.38245803443714976,0
7982,180.51882320799632,0.6507919752039015,0
7983,180.53209041699301,0.4779159789904952,0
7984,180.54280808300246,0.38962496910244226,0
7985,180.5544369579875,0.2239170134998858,0
7986,180.56652420799946,0.47450000420212746,0
7987,180.58019979199162,0.49770798068493605,0
7988,180.5933098330279,0.4551669699139893,0
7989,180.6039579170174,,1
7990,180.7173439579783,0.6544589996337891,0
7991,180.73061229201267,0.8113330113701522,0
7992,180.7440142079722,0.28470903635025024,0
7993,180.7560296250158,0.27312495512887836,0
7994,180.7681701250258,0.2702919882722199,0
7995,180.77928941702703,1.5066659543663263,0
7996,180.79338699998334,0.27354201301932335,0
7997,180.80445733299712,0.29720901511609554,0
7998,180.81714424997335,0.6510420353151858,0
7999,180.83042258297792,0.2500840346328914,0
8000,180.84105041698785,0.3137910389341414,0
8001,180.85158583300654,0.26216701371595263,0
8002,180.87698020797689,1.105500035919249,0
8003,180.88936174998526,0.2322500222362578,0
8004,180.90136929199798,0.2520409761928022,0
8005,180.9118927079835,0.2709589898586273,0
8006,180.92289425001945,,1
8007,181.0340309580206,0.5990839563310146,0
8008,181.04704104200937,0.5307910032570362,0
8009,181.0588916669949,,1
8010,181.1720380000188,0.5412079626694322,0
8011,181.18516079202527,0.3097079461440444,0
8012,181.19772233301774,0.235249986872077,0
8013,181.21051533299033,0.2875420032069087,0
8014,181.22361508302856,0.27658394537866116,0
8015,181.2364383750246,0.20116695668548346,0
8016,181.24917520798044,0.278000021353364,0
8017,181.2619954170077,0.3085409989580512,0
8018,181.2726817500079,,1
8019,181.38673362502595,0.4575419588945806,0
8020,181.39905941701727,0.2633749973028898,0
8021,181.41009079199284,,1
8022,181.522916292015,0.6447499617934227,0
8023,181.53620233299443,0.5903749843128026,0
8024,181.54735283297487,0.4035420133732259,0
8025,181.56036195799243,0.4349169903434813,0
8026,181.57111354201334,,1
8027,181.68495308299316,0.5029999883845448,0
8028,181.69609037501505,1.8444170127622783,0
8029,181.70894562499598,,1
8030,181.82271949999267,0.28899998869746923,0
8031,181.8336557080038,,1
8032,181.9456455829786,0.5303749931044877,0
8033,181.95634816697566,0.331625051330775,0
8034,181.96790029201657,0.32120797550305724,0
8035,181.98081566701876,0.4569999873638153,0
8036,181.99216879199957,0.6591660203412175,0
8037,182.0054545829771,0.3224170068278909,0
8038,182.01605629199184,0.29033300234004855,0
8039,182.02892983297352,0.4475000314414501,0
8040,182.041973082989,0.46708399895578623,0
8041,182.05260458297562,0.4144590348005295,0
8042,182.06476404197747,0.5048330058343709,0
8043,182.07785104197683,0.39254099829122424,0
8044,182.08982616697904,0.2852079924196005,0
8045,182.10268566699233,0.2692079870030284,0
8046,182.11359579197597,0.4796660505235195,0
8047,182.12507191702025,0.36954099778085947,0
8048,182.13779141701525,0.4581660032272339,0
8049,182.15052475000266,0.5424999981187284,0
8050,182.16228016698733,0.2916250377893448,0
8051,182.17349920800189,0.7777090067975223,0
8052,182.18472999997903,0.5307500250637531,0
8053,182.195760875009,0.9293750044889748,0
8054,182.20757770800265,0.6544589996337891,0
8055,182.21868704201188,0.6130409892648458,0
8056,182.2318999170093,0.38379098987206817,0
8057,182.24491804197896,0.48570800572633743,0
8058,182.25594462500885,0.47079200157895684,0
8059,182.26668220799183,0.250459008384496,0
8060,182.27897937502712,0.3957079607062042,0
8061,182.29124970798148,0.4220000118948519,0
8062,182.30395291699097,0.4787500365637243,0
8063,182.3170222499757,0.4177920054644346,0
8064,182.32754912500968,0.4111669841222465,0
8065,182.34064733301057,1.8993339617736638,0
8066,182.3547494999948,1.227417029440403,0
8067,182.36814316699747,0.2833749749697745,0
8068,182.380435457977,0.31083403155207634,0
8069,182.3923454169999,0.2699160249903798,0
8070,182.40516716701677,0.2629159716889262,0
8071,182.4168635000242,0.31895795837044716,0
8072,182.42894462501863,0.2477919915691018,0
8073,182.4419838329777,0.2638750011101365,0
8074,182.45421175000956,0.34570798743516207,0
8075,182.46559716697084,0.29912503669038415,0
8076,182.47846683301032,0.21483399905264378,0
8077,182.4897910419968,0.7583749829791486,0
8078,182.50294845801545,0.33299997448921204,0
8079,182.51584520802135,0.2547089825384319,0
8080,182.52866504201666,0.3748330054804683,0
8081,182.54262854199624,2.5136250187642872,0
8082,182.55777441698592,0.32133300555869937,0
8083,182.5700772079872,0.24316698545590043,0
8084,182.58302875002846,1.1432499741204083,0
8085,182.596754416998,0.3992500132881105,0
8086,182.60762220801553,0.42150000808760524,0
8087,182.61923941702116,0.3614579909481108,0
8088,182.63218483299715,0.2945840242318809,0
8089,182.64505120797548,0.38054201286286116,0
8090,182.65658312500454,0.38291700184345245,0
8091,182.6683329169755,0.2044160501100123,0
8092,182.6801851670025,0.3685409901663661,0
8093,182.69313641701592,,1
8094,182.80602879199432,0.41737500578165054,0
8095,182.8190142500098,0.37470797542482615,0
8096,182.83196729200426,0.373208022210747,0
8097,182.84327220800333,0.2894999925047159,0
8098,182.85443641699385,0.24816603399813175,0
8099,182.86722783301957,0.2198339789174497,0
8100,182.87894145800965,0.2423339756205678,0
8101,182.89173174998723,0.29962504049763083,0
8102,182.90443816699553,0.2969999914057553,0
8103,182.91728462500032,0.30270800925791264,0
8104,182.92897995800013,0.30216702725738287,0
8105,182.94038774998626,0.47033303417265415,0
8106,182.9523155830102,0.37166697438806295,0
8107,182.9652640830027,0.33183401683345437,0
8108,182.97817974997452,0.2912500058300793,0
8109,182.9907700420008,0.32945798011496663,0
8110,183.00364979199367,0.3410410135984421,0
8111,183.0165454170201,0.32004097010940313,0
8112,183.02941179199843,0.2959580160677433,0
8113,183.0407658329932,0.3232919843867421,0
8114,183.05362929200055,0.3542079939506948,0
8115,183.06653737497982,0.3427500487305224,0
8116,183.0794268749887,0.3322500269860029,0
8117,183.09233041701373,,1
8118,183.2094485000125,0.48287498066201806,0
8119,183.2225425419747,0.43641601223498583,0
8120,183.23555529199075,0.23320800391957164,0
8121,183.24634783301735,0.9007919579744339,0
8122,183.25977637502365,,1
8123,183.37363562500104,0.35266700433567166,0
8124,183.38651837501675,0.21587498486042023,0
8125,183.3992558749742,0.17120799748227,0
8126,183.41197787498822,0.2567080082371831,0
8127,183.42269199999282,0.2067500026896596,0
8128,183.43546504201367,0.1624159631319344,0
8129,183.4481705420185,0.3216249751858413,0
8130,183.45890291698743,0.38420798955485225,0
8131,183.47149191697827,0.26183301815763116,0
8132,183.48298895801418,0.2719589974731207,0
8133,183.49561387498397,0.25341700529679656,0
8134,183.50842070800718,0.23737497394904494,0
8135,183.52061145799235,0.2632500254549086,0
8136,183.5334186250111,,1
8137,183.6466060000239,0.5449169548228383,0
8138,183.6578875000123,0.36037497920915484,0
8139,183.67081316700205,,1
8140,183.7842140829889,0.5171250086277723,0
8141,183.79731837497093,0.4374580457806587,0
8142,183.81038183299825,0.39833399932831526,0
8143,183.82122470799368,0.2616249839775264,0
8144,183.83388749998994,0.3042080206796527,0
8145,183.84675583301578,0.29429199639707804,0
8146,183.8596156249987,0.2406249986961484,0
8147,183.87104170798557,0.17141702119261026,0
8148,183.88376154197613,0.21558301523327827,0
8149,183.89434029202675,0.2733749570325017,0
8150,183.90614008298144,0.2814170438796282,0
8151,183.91897304198937,0.2554579987190664,0
8152,183.92985270801,0.42887497693300247,0
8153,183.94287845800864,0.3843340091407299,0
8154,183.95438399998238,0.3220420330762863,0
8155,183.96753329201601,0.3476659767329693,0
8156,183.98048262501834,0.4823749768547714,0
8157,183.99322000000393,0.4092919989489019,0
8158,184.0049469579826,0.796375039499253,0
8159,184.01677433302393,0.4769589868374169,0
8160,184.02826237498084,0.48566702753305435,0
8161,184.04120133299148,0.4403750062920153,0
8162,184.05383566697128,0.5177500424906611,0
8163,184.06594670802588,0.44108397560194135,0
8164,184.07899966702098,0.3059579757973552,0
8165,184.09188050002558,0.3049169899895787,0
8166,184.10415224998724,,1
8167,184.21702962502604,,1
8168,184.32898874999955,0.5989579949527979,0
8169,184.342194708006,0.5999169661663473,0
8170,184.35512687498704,0.5514580407179892,0
8171,184.36825108301127,0.36800000816583633,0
8172,184.37897362501826,,1
8173,184.49252933298703,,1
8174,184.6063940420281,0.654707953799516,0
8175,184.6196387920063,0.22545800311490893,0
8176,184.63108399999328,0.2132499939762056,0
8177,184.6438628329779,0.2774590393528342,0
8178,184.65621233300772,,1
8179,184.76991645799717,0.28079201001673937,0
8180,184.78050041699316,0.3077909932471812,0
8181,184.80271466699196,1.9497500034049153,0
8182,184.8164071670035,0.2413329784758389,0
8183,184.8298300000024,0.5198749713599682,0
8184,184.8419134580181,0.30745897674933076,0
8185,184.8544442920247,0.28087495593354106,0
8186,184.86729133297922,0.4192920168861747,0
8187,184.8802784580039,0.2809590077959001,0
8188,184.89124445797643,0.35908404970541596,0
8189,184.90423412498785,0.31625002156943083,0
8190,184.91712412500056,0.38004200905561447,0
8191,184.93670516699785,1.0108749847859144,0
8192,184.9503317499766,0.4302500165067613,0
8193,184.9628809579881,0.3428339841775596,0
8194,184.9740613750182,0.2449579769745469,0
8195,184.98593541700393,0.4082079976797104,0
8196,184.9981204579817,,1
8197,185.1114884170238,,1
8198,185.2292096670135,0.3282079705968499,0
8199,185.24213154200697,0.4089580033905804,0
8200,185.2546199170174,0.6108749657869339,0
8201,185.26787787501235,1.0759579599834979,0
8202,185.28159400000004,0.4859999753534794,0
8203,185.2946715829894,0.3202499938197434,0
8204,185.30597183300415,7.211167016066611,0
8205,185.32481170800747,0.5355000030249357,0
8206,185.33796837500995,0.481374969240278,0
8207,185.35062575002667,1.7185829929076135,0
8208,185.36499391699908,0.4510830040089786,0
8209,185.37599058297928,0.4663339932449162,0
8210,185.38912733300822,0.44704199535772204,0
8211,185.40216587501345,0.45483297435566783,0
8212,185.41523766698083,0.6181659991852939,0
8213,185.42848374997266,0.4069170099683106,0
8214,185.441519666987,0.49283303087577224,0
8215,185.4544578330242,0.4081249935552478,0
8216,185.46614433301147,,1
8217,185.57935345801525,0.5559169803746045,0
8218,185.59251674998086,0.4492500447668135,0
8219,185.60504858300555,0.3506250213831663,0
8220,185.61799225001596,0.4943750100210309,0
8221,185.63108554197242,0.33083301968872547,0
8222,185.644015124999,0.3279580269008875,0
8223,185.65668199997162,0.29020803049206734,0
8224,185.66959170799237,0.31112501164898276,0
8225,185.68141408299562,0.42316701728850603,0
8226,185.6931472499855,0.2995830145664513,0
8227,185.70502408302855,0.35370897967368364,0
8228,185.717950708,0.3518749726936221,0
8229,185.7308753330144,0.3297089715488255,0
8230,185.74149437499,0.722791999578476,0
8231,185.75391308299731,0.35316700814291835,0
8232,185.7668473329977,0.30387501465156674,0
8233,185.7797239170177,0.3512499970383942,0
8234,185.79265795799438,0.37100003100931644,0
8235,185.80484720802633,0.32962497789412737,0
8236,185.81526900001336,0.8664579945616424,0
8237,185.82902041700436,0.2812080201692879,0
8238,185.84093004197348,0.29866601107642055,0
8239,185.8528200829751,0.29975001234561205,0
8240,185.864708625013,0.408249965403229,0
8241,185.87770950002596,0.36687497049570084,0
8242,185.89066787500633,0.2957920078188181,0
8243,185.903540875006,0.4339580191299319,0
8244,185.91654916701373,,1
8245,186.02943912497722,0.42820803355425596,0
8246,186.04237179202028,0.24120800662785769,0
8247,186.05521137500182,0.2887080190703273,0
8248,186.06808237498626,0.4764579934999347,0
8249,186.0811617919826,0.45908300671726465,0
8250,186.09424245799892,0.4663750296458602,0
8251,186.10522041702643,0.3215409815311432,0
8252,186.1178150419728,0.3162080538459122,0
8253,186.12926454201806,0.5405829870142043,0
8254,186.14099637500476,0.4107499844394624,0
8255,186.15397420799127,0.2501669805496931,0
8256,186.16677908302518,0.3992919810116291,0
8257,186.18035441701068,0.5709999823011458,0
8258,186.19356500002323,0.5976669490337372,0
8259,186.20676654198905,0.415540998801589,0
8260,186.21824449999258,0.47683302545920014,0
8261,186.23131195799215,0.5230000242590904,0
8262,186.2444194169948,0.4493329906836152,0
8263,186.25716600002488,0.7828749949112535,0
8264,186.2705436249962,0.6242080125957727,0
8265,186.28375800000504,1.1717919842340052,0
8266,186.29753287497442,0.6762500270269811,0
8267,186.31081541697495,,1
8268,186.42452583299018,0.334459007717669,0
8269,186.44291375001194,,1
8270,186.55693850002717,0.6452499656006694,0
8271,186.56900183297694,0.6512500112876296,0
8272,186.58225333300652,0.6450840155594051,0
8273,186.5938815830159,0.4166250000707805,0
8274,186.60687883297214,0.2938340185210109,0
8275,186.619753166975,0.4789580125361681,0
8276,186.63284525001654,0.5210000090301037,0
8277,186.64486183301779,0.27520896401256323,0
8278,186.65769879199797,0.16208301531150937,0
8279,186.67041129199788,0.255541002843529,0
8280,186.68326008302392,0.43654197361320257,0
8281,186.69564079202246,,1
8282,186.80951337498846,0.3088749945163727,0
8283,186.82238183298614,0.1834590220823884,0
8284,186.83511200000066,,1
8285,186.94702495797537,0.4057500045746565,0
8286,186.9582402500091,0.37412496749311686,0
8287,186.97121666697785,0.38525002310052514,0
8288,186.98273037502076,0.2851249882951379,0
8289,186.99561674997676,0.4067920381203294,0
8290,187.00803824997274,0.3019170253537595,0
8291,187.020630916988,0.2805829863063991,0
8292,187.03189058299176,0.29975001234561205,0
8293,187.04298099997686,0.30812504701316357,0
8294,187.0535742919892,0.40508300298824906,0
8295,187.06655070802663,0.3045839839614928,0
8296,187.0794227499864,,1
8297,187.1907665419858,0.5649160011671484,0
8298,187.2041179999942,0.3785000299103558,0
8299,187.21465641702525,0.771665945649147,0
8300,187.2280053329887,0.3182090003974736,0
8301,187.2395042499993,0.31700002728030086,0
8302,187.25239662500098,0.32895797630771995,0
8303,187.2643836250063,0.45066699385643005,0
8304,187.27740533300675,0.30133401742205024,0
8305,187.28907258302206,0.4113749600946903,0
8306,187.30209554202156,1.4065409777686,0
8307,187.31426925002597,0.3535419818945229,0
8308,187.32525954197627,0.3023750032298267,0
8309,187.3359459170024,0.5894579808227718,0
8310,187.3475092080189,0.4858339671045542,0
8311,187.35925999999745,0.336292025167495,0
8312,187.3721701669856,0.2827910357154906,0
8313,187.382814667013,0.46920799650251865,0
8314,187.39562895800918,0.5030420143157244,0
8315,187.40873562498018,0.3973750281147659,0
8316,187.41938966698945,0.23345800582319498,0
8317,187.43190750002395,0.6814169464632869,0
8318,187.44533066701842,0.5169999785721302,0
8319,187.4567853329936,0.3105420037172735,0
8320,187.46938420797233,0.4402920021675527,0
8321,187.48250954202376,0.4936250043101609,0
8322,187.49566941702506,0.46924996422603726,0
8323,187.5087196250097,0.40570797864347696,0
8324,187.52037133299746,0.370291993021965,0
8325,187.53333208302502,0.47566695138812065,0
8326,187.5464052919997,0.5052500055171549,0
8327,187.55848933302332,0.47874997835606337,0
8328,187.57154120801715,0.4342919564805925,0
8329,187.5845493330271,0.4997499636374414,0
8330,187.59741116699297,0.5296660237945616,0
8331,187.61057591700228,0.43637497583404183,0
8332,187.6219740419765,0.24458300322294235,0
8333,187.63477399997646,0.20370801212266088,0
8334,187.64752208301798,0.1794169656932354,0
8335,187.66024120798102,0.27529202634468675,0
8336,187.67110433301423,0.12095901183784008,0
8337,187.6837533750222,0.26229198556393385,0
8338,187.69655420799972,,1
8339,187.80961058300454,0.4254999803379178,0
8340,187.822611666983,0.4285000031813979,0
8341,187.83545654197223,0.3861660370603204,0
8342,187.84843079198617,0.49166602548211813,0
8343,187.8615138750174,0.4159579984843731,0
8344,187.87448591698194,0.338790996465832,0
8345,187.88616916700266,0.35375001607462764,0
8346,187.89887362497393,,1
8347,188.01229187502759,0.47208298929035664,0
8348,188.0253325829981,0.22504199296236038,0
8349,188.0381234170054,0.4755409900099039,0
8350,188.0512112500146,0.4040829953737557,0
8351,188.06229575001635,0.416582974139601,0
8352,188.0740910419845,0.3602910437621176,0
8353,188.0852523749927,0.565042020753026,0
8354,188.09659291699063,0.5497080273926258,0
8355,188.10845570801757,0.35858398769050837,0
8356,188.12138633301947,0.34074997529387474,0
8357,188.13226429198403,0.5462910048663616,0
8358,188.14477362501202,0.2454579807817936,0
8359,188.15757224999834,,1
8360,188.26957925001625,0.5525419837795198,0
8361,188.28133158298442,0.43345900485292077,0
8362,188.29316720797215,0.4147500148974359,0
8363,188.30602862499654,0.33733301097527146,0
8364,188.31688695802586,0.5247090011835098,0
8365,188.33000704197912,0.43762504355981946,0
8366,188.340635792003,0.4402499762363732,0
8367,188.35365812497912,0.2677920274436474,0
8368,188.3643833330134,0.40129199624061584,0
8369,188.37618970801122,0.4266669857315719,0
8370,188.3891938329907,0.4071249859407544,0
8371,188.40104074997362,0.3736250218935311,0
8372,188.41399787500268,0.41316699935123324,0
8373,188.42698145797476,0.2567500341683626,0
8374,188.43872304202523,0.4033749573864043,0
8375,188.45126783300657,0.2792919985949993,0
8376,188.4634780419874,0.2924160216934979,0
8377,188.47530649998225,0.25924999499693513,0
8378,188.4871111669927,0.27904100716114044,0
8379,188.49967408302473,0.39312499575316906,0
8380,188.51234016701346,0.4588749725371599,0
8381,188.52536387497094,0.25933305732905865,0
8382,188.5382700000191,0.264582980889827,0
8383,188.54927424999187,0.30883302679285407,0
8384,188.56806208298076,1.2262090458534658,0
8385,188.5818582919892,0.2741659991443157,0
8386,188.5947173750028,0.2536670072004199,0
8387,188.60661983297905,0.254875048995018,0
8388,188.61943291698117,0.3150830161757767,0
8389,188.630149582983,0.34004199551418424,0
8390,188.64215262501966,1.380792004056275,0
8391,188.6547906670021,0.31366600887849927,0
8392,188.6676804170129,0.4903330118395388,0
8393,188.6807837500237,0.4236249951645732,0
8394,188.6933896249975,,1
8395,188.8064904169878,0.40608301060274243,0
8396,188.81838999997126,0.5207500071264803,0
8397,188.83227366697975,0.5627910140901804,0
8398,188.84410387498792,0.3712920006364584,0
8399,188.85604912502458,0.42095797834917903,0
8400,188.86908866697922,0.5263750208541751,0
8401,188.88170595798874,0.44704199535772204,0
8402,188.89767887501512,0.6172499852254987,0
8403,188.9109332920052,0.3453330136835575,0
8404,188.9242856670171,0.6997499731369317,0
8405,188.93763916700846,1.4476659707725048,0
8406,188.94973112497246,,1
8407,189.06247741699917,0.3067079815082252,0
8408,189.07588000001851,0.7849579560570419,0
8409,189.09074041701388,0.6320409593172371,0
8410,189.10400233301334,0.5402499809861183,0
8411,189.11723287502537,0.4734169924631715,0
8412,189.12918491702294,0.5186659982427955,0
8413,189.14233374997275,0.45258301543071866,0
8414,189.15538162499433,,1
8415,189.26938095799414,,1
8416,189.38338316697627,0.5287500098347664,0
8417,189.39652333298,0.30133401742205024,0
8418,189.40940829197643,0.4949160502292216,0
8419,189.42251862498233,0.5622080061584711,0
8420,189.435702125018,0.4689169581979513,0
8421,189.4472182500176,0.4117919597774744,0
8422,189.4598457919783,0.41466602124273777,0
8423,189.47290112497285,0.46387501060962677,0
8424,189.48596566700144,0.46862498857080936,0
8425,189.49844720802503,0.3262090031057596,0
8426,189.51132983301068,0.2879590028896928,0
8427,189.52410495799268,0.460459035821259,0
8428,189.53717600001255,0.8337079780176282,0
8429,189.54814162501134,1.488707959651947,0
8430,189.56144937500358,0.4898330080322921,0
8431,189.57331599999452,0.38816698361188173,0
8432,189.5862850829726,0.37050002720206976,0
8433,189.59852370800218,0.5084589938633144,0
8434,189.6116522080265,0.4790419479832053,0
8435,189.62426000001142,0.4754170076921582,0
8436,189.63728987501236,0.3748749732039869,0
8437,189.64959550002823,0.2098329714499414,0
8438,189.66229445801582,0.25924999499693513,0
8439,189.67511445801938,0.33116695703938603,0
8440,189.6869381670258,0.22195797646418214,0
8441,189.69893004198093,0.3267080173827708,0
8442,189.710661042016,0.29329099925234914,0
8443,189.72274175001075,,1
8444,189.83644883299712,0.26704202173277736,0
8445,189.84926833299687,0.36154198460280895,0
8446,189.86228041700087,0.29691599775105715,0
8447,189.87270212499425,0.27241703355684876,0
8448,189.8852210000041,0.2489169710315764,0
8449,189.89689645799808,0.26062497636303306,0
8450,189.90885545802303,0.2803749521262944,0
8451,189.9205255829729,0.5571670481003821,0
8452,189.93178350001108,0.3666249685920775,0
8453,189.94223954202607,0.6904159672558308,0
8454,189.95314787497045,0.40616700425744057,0
8455,189.96623087499756,0.39720803033560514,0
8456,189.97920620802324,0.38829195545986295,0
8457,189.99045283300802,0.26170897763222456,0
8458,190.00327783299144,0.23679202422499657,0
8459,190.01607320801122,0.3298749797977507,0
8460,190.02794875000836,0.35933300387114286,0
8461,190.04088391701225,0.2905830042436719,0
8462,190.0537438329775,0.31320902053266764,0
8463,190.06663529202342,,1
8464,190.17897620797157,0.28775003738701344,0
8465,190.19182987499516,,1
8466,190.30394254199928,0.26958301896229386,0
8467,190.3168053330155,,1
8468,190.4280667079729,0.3332500346004963,0
8469,190.44098554202355,0.23579096887260675,0
8470,190.45378866698593,0.4029159899801016,0
8471,190.46675570798106,0.12099999003112316,0
8472,190.4794348750147,0.3602079814299941,0
8473,190.49236774997553,0.37216703640297055,0
8474,190.5051139999996,0.28729200130328536,0
8475,190.51696679199813,,1
8476,190.6306596249924,0.44579198583960533,0
8477,190.64368566701887,0.3399999695830047,0
8478,190.65659616701305,0.3507499932311475,0
8479,190.66914787498536,0.44341699685901403,0
8480,190.68056087498553,,1
8481,190.7945054169977,0.5477499798871577,0
8482,190.80766512500122,,1
8483,190.9211538329837,0.5163750029169023,0
8484,190.93428462499287,0.5175829865038395,0
8485,190.94741787499515,0.7544999825768173,0
8486,190.9591991250054,0.4372919793240726,0
8487,190.9722364170011,0.3625000244937837,0
8488,190.98517554200953,0.37458300357684493,0
8489,190.9971593330265,,1
8490,191.1110519579961,0.4770000232383609,0
8491,191.12415570800658,0.4875839804299176,0
8492,191.13725954201072,0.4457499599084258,0
8493,191.14920933300164,0.42699999175965786,0
8494,191.15992541698506,0.3928749938495457,0
8495,191.1705533330096,0.41337497532367706,0
8496,191.18355324998265,0.5106250173412263,0
8497,191.19667737500276,0.4885829985141754,0
8498,191.20852649997687,0.3956250147894025,0
8499,191.22149575001094,0.4718329873867333,0
8500,191.23454420798225,0.4039999912492931,0
8501,191.2475261670188,,1
8502,191.36137029202655,0.568290997762233,0
8503,191.37453845801065,0.3795420052483678,0
8504,191.3875243330258,0.42699999175965786,0
8505,191.39820562500972,0.29033300234004855,0
8506,191.41107345797354,0.5652090185321867,0
8507,191.42226229200605,0.5067909951321781,0
8508,191.43532958300784,0.370583962649107,0
8509,191.44754891697085,0.38108305307105184,0
8510,191.46046308299992,,1
8511,191.57180291699478,0.36829098826274276,0
8512,191.5839084169711,0.44058304047212005,0
8513,191.5963314580149,0.3244999679736793,0
8514,191.60923470801208,,1
8515,191.72223295801086,,1
8516,191.83395016699797,0.5184159963391721,0
8517,191.84709075000137,0.44545799028128386,0
8518,191.86013937497046,0.32287504291161895,0
8519,191.87323787499918,0.5419580265879631,0
8520,191.89406716701342,12.278165959287435,0
8521,191.9189085420221,0.455290952231735,0
8522,191.9306988749886,0.7207079906947911,0
8523,191.94401583302533,0.46799995470792055,0
8524,191.9568181670038,0.3250829759053886,0
8525,191.96977016702294,0.48766599502414465,0
8526,191.98284162499476,0.5930829793214798,0
8527,191.9959171669907,0.24612498236820102,0
8528,192.00768683297792,0.5981670110486448,0
8529,192.02181458298583,1.2275420012883842,0
8530,192.03569433302619,0.39912498323246837,0
8531,192.0486697499873,0.3642080118879676,0
8532,192.05932883301284,0.6655419711023569,0
8533,192.07099445798667,0.38300000596791506,0
8534,192.08398208301514,0.4313749959692359,0
8535,192.09560770797543,0.21533400285989046,0
8536,192.10616733302595,,1
8537,192.21926375001203,0.5526249879039824,0
8538,192.22995612502564,0.22054195869714022,0
8539,192.2420297919889,0.384374987334013,0
8540,192.25361462502042,0.37699996028095484,0
8541,192.26655995799229,0.3771670162677765,0
8542,192.2789614580106,0.3849589847959578,0
8543,192.29196395800682,0.469834019895643,0
8544,192.30500966700492,0.36508298944681883,0
8545,192.31574587500654,0.4918749909847975,0
8546,192.32763108302606,,1
8547,192.44109674997162,,1
8548,192.55446495802607,0.5070419865660369,0
8549,192.56689787498908,0.1859170151874423,0
8550,192.57895920798182,0.29275001725181937,0
8551,192.59181812498719,,1
8552,192.70445233298233,0.5627500358968973,0
8553,192.71759483299684,0.2512920182198286,0
8554,192.72892033297103,0.26570900809019804,0
8555,192.74079408298712,0.2727090031839907,0
8556,192.75255687499885,0.2126669860444963,0
8557,192.76451479201205,0.29329099925234914,0
8558,192.77614458301105,0.2615000121295452,0
8559,192.7877642500098,0.26945798890665174,0
8560,192.8005800420069,0.22083299700170755,0
8561,192.813383916975,0.29450003057718277,0
8562,192.82624570798362,0.3017919952981174,0
8563,192.83841366699198,0.3060830058529973,0
8564,192.8511900830199,0.4272499936632812,0
8565,192.86230454198085,0.2814999897964299,0
8566,192.87516945798416,0.42395899072289467,0
8567,192.88780158298323,0.45283400686457753,0
8568,192.8986014170223,0.4333329852670431,0
8569,192.91036749997875,0.3482920001260936,0
8570,192.9212053330266,0.38045895053073764,0
8571,192.93401179200737,0.29975001234561205,0
8572,192.94564995798282,0.31920900801196694,0
8573,192.9581664170255,0.5987079930491745,0
8574,192.96890545799397,0.4063340020366013,0
8575,192.98139491700567,0.47691597137600183,0
8576,192.99391445802758,0.2050419570878148,0
8577,193.00576299999375,,1
8578,193.11714824999217,0.493750034365803,0
8579,193.1302310419851,0.3778330283239484,0
8580,193.14190466701984,0.3227909910492599,0
8581,193.15444645797834,,1
8582,193.2682052499731,0.43220800580456853,0
8583,193.2804712500074,,1
8584,193.3916571669979,0.46495802234858274,0
8585,193.40471491700737,0.3899579751305282,0
8586,193.41623791697202,0.4587500006891787,0
8587,193.42929125000956,0.2614170080050826,0
8588,193.44100620801328,0.14304200885817409,0
8589,193.4536878329818,0.20433403551578522,0
8590,193.46646158298245,0.20812504226341844,0
8591,193.47921270801453,0.2055419608950615,0
8592,193.49077037500683,0.2043750137090683,0
8593,193.5035197500256,0.1854169531725347,0
8594,193.51626283297082,0.20937505178153515,0
8595,193.52901091700187,,1
8596,193.64247637498192,0.5921670235693455,0
8597,193.65420337498654,0.5539170233532786,0
8598,193.66732725000475,0.4393329727463424,0
8599,193.67895199998748,0.4343329928815365,0
8600,193.69194283301476,0.39116700645536184,0
8601,193.70492966700112,0.4410410183481872,0
8602,193.7179240420228,0.39249996189028025,0
8603,193.72843712498434,0.48562500160187483,0
8604,193.74030100001255,0.3624579985626042,0
8605,193.75135058298474,0.3310000174678862,0
8606,193.76421900000423,0.35604200093075633,0
8607,193.77463404199807,0.42416597716510296,0
8608,193.7871436669957,1.7180829891003668,0
8609,193.80145833297865,0.3470000228844583,0
8610,193.81437099998584,0.34416699782013893,0
8611,193.8272674169857,,1
8612,193.9412087079836,0.3784170257858932,0
8613,193.95185629202751,0.2519999979995191,0
8614,193.96372241701465,0.2685830113478005,0
8615,193.97656304197153,0.357625016476959,0
8616,193.98885254201014,0.23233296815305948,0
8617,193.99956895801006,0.3928749938495457,0
8618,194.01228645798983,0.29783399077132344,0
8619,194.02327058301307,0.2555839600972831,0
8620,194.03608658298617,0.32650004141032696,0
8621,194.0489708330133,0.35483395913615823,0
8622,194.06187974999193,0.2709580003283918,0
8623,194.07230129197706,0.3144580405205488,0
8624,194.085040749982,0.22191699827089906,0
8625,194.0966139580123,0.26933400658890605,0
8626,194.10943795798812,0.20050001330673695,0
8627,194.12334937497508,0.1996250357478857,0
8628,194.13606587500544,0.14820799697190523,0
8629,194.1487286670017,0.18579099560156465,0
8630,194.16143041697796,0.2882910193875432,0
8631,194.17429020797135,0.29441702645272017,0
8632,194.18714533298044,0.23354199947789311,0
8633,194.19902724999702,0.5485420115292072,0
8634,194.21087574999547,0.369583023712039,0
8635,194.2227128749946,0.32354198629036546,0
8636,194.23560604202794,0.5159999709576368,0
8637,194.2472543750191,0.37154200254008174,0
8638,194.26020054199034,0.3777500241994858,0
8639,194.27110070799245,0.23154198424890637,0
8640,194.2820412919973,,1
8641,194.39590025000507,0.4248750046826899,0
8642,194.40890170802595,0.3334999782964587,0
8643,194.42070970800705,0.5398750072345138,0
8644,194.43383416702272,,1
8645,194.54618129198207,0.4659580299630761,0
8646,194.55921545799356,0.3449590294621885,0
8647,194.5707229580148,0.23916701320558786,0
8648,194.5835079170065,0.14874996850267053,0
8649,194.59559520799667,0.14820898650214076,0
8650,194.6082732080249,,1
8651,194.72104729199782,0.39666600059717894,0
8652,194.7323432500125,0.33858296228572726,0
8653,194.74523270799546,0.21999998716637492,0
8654,194.75654262502212,0.482457980979234,0
8655,194.7696294580237,0.3427499905228615,0
8656,194.78254320798442,0.3064170014113188,0
8657,194.7947784580174,0.31229195883497596,0
8658,194.80766925000353,,1
8659,194.9206742499955,0.5682919872924685,0
8660,194.9333381250035,0.7236250094138086,0
8661,194.94585162500152,0.913208001293242,0
8662,194.95908662502188,0.5028329906053841,0
8663,194.97062245797133,0.46845903852954507,0
8664,194.9836954579805,0.43933402048423886,0
8665,194.99562424997566,0.4505830002017319,0
8666,195.0063019170193,0.4369159578345716,0
8667,195.02029120799853,7.175999984610826,0
8668,195.03981866699178,0.4533330211415887,0
8669,195.0528812080156,0.4985419800505042,0
8670,195.06773691700073,0.6585830124095082,0
8671,195.08102791698184,0.44304103357717395,0
8672,195.0942820829805,0.7702090078964829,0
8673,195.10831629199674,0.900499988347292,0
8674,195.12206220801454,0.753916974645108,0
8675,195.13568337500328,0.5662079784087837,0
8676,195.14857349998783,0.49345800653100014,0
8677,195.1604440829833,0.5654590204358101,0
8678,195.1759612080059,0.6649590213783085,0
8679,195.18902450002497,0.4428329993970692,0
8680,195.2020697920234,0.4001659690402448,0
8681,195.21507195802405,,1
8682,195.32727270800387,0.43641700176522136,0
8683,195.3403806249844,0.4640420083887875,0
8684,195.3534682500176,0.44070795411244035,0
8685,195.36653012497118,0.5231670220382512,0
8686,195.37964325002395,,1
8687,195.49346379202325,0.49533299170434475,0
8688,195.50657274998957,0.463999982457608,0
8689,195.5178398329881,,1
8690,195.62942554202164,,1
8691,195.74197929201182,0.4488329868763685,0
8692,195.7551038750098,0.4392499686218798,0
8693,195.7681357919937,0.37987501127645373,0
8694,195.77895816700766,0.36687497049570084,0
8695,195.791912375018,0.3874999820254743,0
8696,195.80493308301084,0.44095900375396013,0
8697,195.8169132079929,0.37691701436415315,0
8698,195.82989604200702,0.4209160106256604,0
8699,195.84292433300288,0.4675419768318534,0
8700,195.853932833008,0.4442919744178653,0
8701,195.86714312498225,0.39558298885822296,0
8702,195.87842962500872,,1
8703,195.99238279199926,0.4063330125063658,0
8704,196.00413399998797,0.42616704013198614,0
8705,196.01591470802668,,1
8706,196.12980549997883,0.4797080182470381,0
8707,196.14346770802513,0.46737497905269265,0
8708,196.1570749580278,0.8712919661775231,0
8709,196.1685479169828,0.33895799424499273,0
8710,196.18148608302,0.4075839533470571,0
8711,196.19450099999085,0.4708329797722399,0
8712,196.20590587501647,,1
8713,196.31974929198623,0.4183750133961439,0
8714,196.33092149998993,0.3750830073840916,0
8715,196.34387941699242,0.33916602842509747,0
8716,196.35458308301168,0.2573339734226465,0
8717,196.36741399997845,0.3532920381985605,0
8718,196.37893945799442,0.19862502813339233,0
8719,196.3916941669886,0.3421250148676336,0
8720,196.4043454999919,1.059749978594482,0
8721,196.41799954202725,0.5108749610371888,0
8722,196.43109620799078,0.3589169937185943,0
8723,196.44403670798056,0.3944589989259839,0
8724,196.45699874998536,,1
8725,196.57072804198833,0.4521250375546515,0
8726,196.58375533297658,,1
8727,196.69563879200723,0.5167499766685069,0
8728,196.70872987498296,0.3879580181092024,0
8729,196.72069904202363,0.3452079836279154,0
8730,196.7336073750048,0.3231249866075814,0
8731,196.7452657080139,0.4112499882467091,0
8732,196.75824354198994,0.374249997548759,0
8733,196.77062208298594,0.3610420390032232,0
8734,196.7835361249745,0.2916250377893448,0
8735,196.79637466702843,0.2822079695761204,0
8736,196.80920383299235,0.35195902455598116,0
8737,196.82061075000092,0.28787500923499465,0
8738,196.83347812498687,0.2654999843798578,0
8739,196.84628387499833,0.2647920046001673,0
8740,196.85820654197596,0.29733299743384123,0
8741,196.87060879199998,0.26108301244676113,0
8742,196.88302066701,0.2753330045379698,0
8743,196.89583416702226,0.2551659708842635,0
8744,196.9086614170228,0.2455409849062562,0
8745,196.92095850000624,0.2561250003054738,0
8746,196.93376749998424,,1
8747,197.04563370801043,0.5865839775651693,0
8748,197.0588020000141,0.397041963879019,0
8749,197.06993191700894,0.4052500007674098,0
8750,197.08290645800298,0.3990840050391853,0
8751,197.0958702500211,0.5538749974220991,0
8752,197.10898954200093,0.4730409709736705,0
8753,197.12115483300295,0.46841701259836555,0
8754,197.13338312500855,0.35745801869779825,0
8755,197.14467329200124,0.4058749764226377,0
8756,197.15769833297236,0.5018340307287872,0
8757,197.17062012501992,0.2287919633090496,0
8758,197.18217416701373,0.23504096316173673,0
8759,197.1939047499909,,1
8760,197.30600370798493,0.3962499904446304,0
8761,197.31900454201968,0.47095795162022114,0
8762,197.33126524998806,0.4557500360533595,0
8763,197.34435712499544,0.5307919927872717,0
8764,197.35751870798413,0.30929199419915676,0
8765,197.37041241698898,0.4527909914031625,0
8766,197.38347237498965,0.45600003795698285,0
8767,197.3948560419958,0.2791250008158386,0
8768,197.4060207500006,0.2734999870881438,0
8769,197.41886316699674,0.4946659901179373,0
8770,197.43198179197498,0.5347910337150097,0
8771,197.4441649580258,0.2867919974960387,0
8772,197.45701345801353,0.20229199435561895,0
8773,197.46871304197703,0.16670802142471075,0
8774,197.48141491698334,0.2987500047311187,0
8775,197.49274474999402,0.38891698932275176,0
8776,197.5057043749839,0.30995800625532866,0
8777,197.51858316699509,0.3002079902216792,0
8778,197.5314565000008,0.38004200905561447,0
8779,197.543271292001,0.31345797469839454,0
8780,197.55539520800812,0.17920898972079158,0
8781,197.56585066701518,0.1966250129044056,0
8782,197.57696208299603,0.13816700084134936,0
8783,197.58963616698748,0.23220799630507827,0
8784,197.6000497500063,,1
8785,197.71379895799328,0.43179199565202,0
8786,197.72680349997245,,1
8787,197.83887958299601,0.5568339838646352,0
8788,197.8520094580017,0.37816702388226986,0
8789,197.86494020797545,0.347500026691705,0
8790,197.87789162498666,0.3542500198818743,0
8791,197.88936766702682,0.33904099836945534,0
8792,197.90225300000748,0.3006249899044633,0
8793,197.91355045797536,0.32808404648676515,0
8794,197.9264212080161,0.313791970256716,0
8795,197.93929212499643,,1
8796,198.05285054200795,0.5083329742774367,0
8797,198.06448662502225,0.557082996238023,0
8798,198.07763729197904,0.40195800829678774,0
8799,198.09061324998038,0.40083302883431315,0
8800,198.1035727079725,0.45283400686457753,0
8801,198.11659608298214,0.3570420085452497,0
8802,198.12894295802107,0.4230839549563825,0
8803,198.14172979199793,0.4219579859636724,0
8804,198.15396283299197,0.42804202530533075,0
8805,198.1669427920133,0.4158749943599105,0
8806,198.17894999997225,0.43929205276072025,0
8807,198.19194854202215,,1
8808,198.30345358297927,0.5674170097336173,0
8809,198.31660029198974,0.44600002001971006,0
8810,198.3289576669922,,1
8811,198.44272516702767,0.4318749997764826,0
8812,198.45427691697842,,1
8813,198.56816433300264,0.6023339810781181,0
8814,198.5796967499773,0.3797500394284725,0
8815,198.5926520830253,0.3426669863983989,0
8816,198.6043664580211,0.2233749837614596,0
8817,198.61714691697853,0.2947500324808061,0
8818,198.63000316702528,0.3724999842233956,0
8819,198.64169629197568,0.3074160194955766,0
8820,198.65456354198977,0.3345410223118961,0
8821,198.6674632920185,0.2752909786067903,0
8822,198.6789513329859,0.20058400696143508,0
8823,198.69151391700143,0.19212497863918543,0
8824,198.70395150000695,0.19699998665601015,0
8825,198.7166989169782,0.22816599812358618,0
8826,198.7294730420108,0.21112500689923763,0
8827,198.74223162501585,0.2793329767882824,0
8828,198.7549270829768,0.3250000299885869,0
8829,198.7672015419812,0.38008304545655847,0
8830,198.78017350001028,0.6021250155754387,0
8831,198.79340079199756,0.4693330265581608,0
8832,198.80492099997355,0.5152920493856072,0
8833,198.81808287499007,0.5438750376924872,0
8834,198.83127783297095,0.7269170018844306,0
8835,198.84238445799565,0.5996249965392053,0
8836,198.85432491701795,0.5860409582965076,0
8837,198.8675330419792,0.6422080332413316,0
8838,198.87897474999772,0.6771670305170119,0
8839,198.8902073330246,0.6248339777812362,0
8840,198.90200220799306,0.5629999795928597,0
8841,198.91518324997742,0.5449580494314432,0
8842,198.92837208299898,,1
8843,199.04166074999375,0.5755830206908286,0
8844,199.05447645799723,0.5355839966796339,0
8845,199.06763449998107,0.5847919965162873,0
8846,199.07958541699918,0.619666010607034,0
8847,199.0922096670256,0.4148749867454171,0
8848,199.1052266670158,0.4985829582437873,0
8849,199.11835062497994,0.5948329926468432,0
8850,199.1290675830096,0.3213339950889349,0
8851,199.14162299997406,,1
8852,199.25560679199407,,1
8853,199.36953704198822,0.6175829912535846,0
8854,199.38277354202,0.636290991678834,0
8855,199.39563395798905,0.6069170194678009,0
8856,199.40887316700537,,1
8857,199.52281316701556,0.7414579740725458,0
8858,199.53616454201983,0.6899999571032822,0
8859,199.54839050001465,0.6290829624049366,0
8860,199.56163666700013,0.5732079735025764,0
8861,199.57481120800367,0.5430839955806732,0
8862,199.58733845798997,0.5327920080162585,0
8863,199.59920054202667,0.5785829853266478,0
8864,199.61235083302017,0.31341699650511146,0
8865,199.62524324998958,0.43658301001414657,0
8866,199.63826866698219,,1
8867,199.75043487502262,0.62654196517542,0
8868,199.7636771670077,0.45320799108594656,0
8869,199.77572845801478,10.114958975464106,0
8870,199.79846833297051,0.5142090376466513,0
8871,199.80942291702377,0.4041249630972743,0
8872,199.82148174999747,0.30520802829414606,0
8873,199.83435262501007,0.25216699577867985,0
8874,199.84676541702356,0.38420798955485225,0
8875,199.8597357919789,0.3519160090945661,0
8876,199.8726766249747,0.2620830200612545,0
8877,199.8852415420115,0.5075410008430481,0
8878,199.89828262501396,0.4032920114696026,0
8879,199.91049179201946,0.3226249828003347,0
8880,199.9227040829719,0.508250028360635,0
8881,199.93465058301808,0.3635839675553143,0
8882,199.94758204201935,0.4417909658513963,0
8883,199.95889737497782,0.4074580501765013,0
8884,199.97188591700979,,1
8885,200.08569795801304,0.5230839597061276,0
8886,200.09883933298988,0.39541698060929775,0
8887,200.11075016699033,0.6451660301536322,0
8888,200.1226289580227,0.4503749660216272,0
8889,200.13568700000178,0.4181669792160392,0
8890,200.1462182920077,0.43891597306355834,0
8891,200.15925554197747,,1
8892,200.2730273330235,0.4069589776918292,0
8893,200.28602624998894,0.20154198864474893,0
8894,200.29877658298938,0.21162501070648432,0
8895,200.31153554201592,0.21412497153505683,0
8896,200.32205875002546,0.3150419797748327,0
8897,200.33424716698937,0.4741250304505229,0
8898,200.3449850420002,0.8742079953663051,0
8899,200.3570087919943,0.351875030901283,0
8900,200.36885541700758,0.3808750188909471,0
8901,200.38078433298506,0.47783402260392904,0
8902,200.39381866698386,0.37399999564513564,0
8903,200.40489562501898,0.21591695258393884,0
8904,200.41767158301082,0.1913749729283154,0
8905,200.4304098749999,0.1873329747468233,0
8906,200.44313625001814,0.16737496480345726,0
8907,200.45437229197705,0.24454103549942374,0
8908,200.4671881669783,0.4433330032043159,0
8909,200.48021183302626,0.5145419854670763,0
8910,200.49092645797646,,1
8911,200.60397737502353,0.2791669685393572,0
8912,200.61528737499611,0.14229200314730406,0
8913,200.62797170801787,0.23012497695162892,0
8914,200.6407630830072,0.3114999854005873,0
8915,200.65349812497152,0.2216250286437571,0
8916,200.66561941697728,0.3940000315196812,0
8917,200.67859662498813,,1
8918,200.79104133299552,0.31620898516848683,0
8919,200.80177433299832,0.21287502022460103,0
8920,200.81453958299244,,1
8921,200.92838045797544,,1
8922,201.04201550001744,,1
8923,201.15459849999752,0.5169580108486116,0
8924,201.16646320797736,0.2537090331315994,0
8925,201.1789629170089,0.4232909996062517,0
8926,201.19137979199877,,1
8927,201.3046195419738,0.4642080166377127,0
8928,201.31765987497056,0.2536670072004199,0
8929,201.33047420799267,0.2785419928841293,0
8930,201.34332899999572,0.41625002631917596,0
8931,201.3563031249796,,1
8932,201.46835833298974,0.421667005866766,0
8933,201.4813701250241,,1
8934,201.59328462497797,0.5635000416077673,0
8935,201.60532349999994,0.38991699693724513,0
8936,201.61827341699973,0.29799999902024865,0
8937,201.6311322079855,0.4344169865362346,0
8938,201.64336620800896,,1
8939,201.7573201250052,0.6911249947734177,0
8940,201.76998604199616,0.4795410204678774,0
8941,201.78295662498567,0.46241702511906624,0
8942,201.79561683302745,0.3588749677874148,0
8943,201.8085342500126,,1
8944,201.9206363330013,,1
8945,202.03316666698083,,1
8946,202.1466151669738,0.6872500525787473,0
8947,202.15995587501675,0.5514579825103283,0
8948,202.17270241701044,0.367750006262213,0
8949,202.18565975001547,0.42504200246185064,0
8950,202.19865633302834,0.30095898546278477,0
8951,202.21100412501255,0.21445797756314278,0
8952,202.22343395801727,0.669625005684793,0
8953,202.234658707981,0.23500004317611456,0
8954,202.245609125006,0.2561669680289924,0
8955,202.2570478330017,0.23658399004489183,0
8956,202.2698369169957,0.2342910156585276,0
8957,202.2820777919842,0.2907910384237766,0
8958,202.29493333300343,0.28783397283405066,0
8959,202.30779654200887,0.38350000977516174,0
8960,202.32062533299904,0.3295839997008443,0
8961,202.33333583298372,0.27595902793109417,0
8962,202.34616399998777,0.1147080329246819,0
8963,202.35882220801432,0.18912501400336623,0
8964,202.37062620802317,0.21587498486042023,0
8965,202.3827235000208,0.18862495198845863,0
8966,202.39546324999537,0.27891702484339476,0
8967,202.40830775001086,0.20949996542185545,0
8968,202.42061704199295,0.19404100021347404,0
8969,202.43336362502305,0.20654196850955486,0
8970,202.44612829200923,0.3077909932471812,0
8971,202.4590970419813,0.3606250393204391,0
8972,202.47000400000252,0.40441699093207717,0
8973,202.48299912497168,,1
8974,202.5940414579818,0.45483402209356427,0
8975,202.60709220799617,0.3943340270780027,0
8976,202.62005299999146,0.3664999967440963,0
8977,202.6329917080002,,1
8978,202.74682858301094,0.4326669732108712,0
8979,202.75899529200979,0.3565410152077675,0
8980,202.77191770798527,0.5417499924078584,0
8981,202.78505304199643,0.5209160153754056,0
8982,202.79818162502488,0.5456669605337083,0
8983,202.81131895800354,0.3623749944381416,0
8984,202.8226907919743,0.1847910461947322,0
8985,202.8338924170239,0.20770798437297344,0
8986,202.8466490000137,0.200167007278651,0
8987,202.85939900000812,0.19708299078047276,0
8988,202.8706167920027,0.1617909874767065,0
8989,202.88331300002756,0.1949999714270234,0
8990,202.89560883300146,0.1870419946499169,0
8991,202.90834370802622,,1
8992,203.02191399998264,0.5267920205369592,0
8993,203.0350585419801,0.5647910293191671,0
8994,203.04647704202216,0.42937498074024916,0
8995,203.05958187498618,0.5145419854670763,0
8996,203.07270679197973,0.4794580163434148,0
8997,203.08390199998394,0.40366704342886806,0
8998,203.0968876670231,0.2872909535653889,0
8999,203.10973766702227,0.3649159916676581,0
9000,203.1218882080284,0.23762497585266829,0
9001,203.13468929199735,0.18233299488201737,0
9002,203.14775491697947,,1
9003,203.26000654202653,0.49837498227134347,0
9004,203.27268795797136,0.2275000442750752,0
9005,203.28546233300585,0.19791699014604092,0
9006,203.2968147500069,0.45604200568050146,0
9007,203.30987612501485,0.6328749586828053,0
9008,203.32269920798717,0.45466702431440353,0
9009,203.33570262498688,0.41870801942422986,0
9010,203.34703633299796,0.5894170026294887,0
9011,203.3602226250223,0.49337500240653753,0
9012,203.3726894580177,0.3320419928058982,0
9013,203.38522499997634,0.28004200430586934,0
9014,203.39809516700916,0.5101659917272627,0
9015,203.41025329200784,0.24700001813471317,0
9016,203.42229283298366,0.314209028147161,0
9017,203.43516679201275,0.21958298748359084,0
9018,203.4479406250175,,1
9019,203.56165662501007,0.5775829777121544,0
9020,203.57459733297583,0.4712500376626849,0
9021,203.58775358297862,,1
9022,203.70156575000146,0.2514169900678098,0
9023,203.7146147500025,0.3671669983305037,0
9024,203.72757716698106,0.3238330245949328,0
9025,203.7393584169913,0.1318749855272472,0
9026,203.75111750001088,0.3542079939506948,0
9027,203.76390904199798,0.2727499813772738,0
9028,203.77660666697193,0.21391600603237748,0
9029,203.7877149169799,0.2835000050254166,0
9030,203.80055883299792,,1
9031,203.91434487502556,0.48212497495114803,0
9032,203.92741449997993,0.35450002178549767,0
9033,203.9404304579948,0.36562501918524504,0
9034,203.95337341702543,0.33074995735660195,0
9035,203.96628108300501,0.3446670016273856,0
9036,203.97918395802844,0.3059999435208738,0
9037,203.99204329197528,0.2418750082142651,0
9038,204.00401079200674,1.3233330100774765,0
9039,204.01701533299638,0.2733750152401626,0
9040,204.02896183298435,,1
9041,204.14137729199138,0.5440409877337515,0
9042,204.15452295797877,0.41562499245628715,0
9043,204.1676927920198,0.46104099601507187,0
9044,204.18074874999002,0.28179201763123274,0
9045,204.19359500001883,,1
9046,204.30646008299664,,1
9047,204.42039691697573,0.34312502248212695,0
9048,204.43277162499726,0.3392079961486161,0
9049,204.44405454199295,0.3654999891296029,0
9050,204.45576583297225,0.149125000461936,0
9051,204.46701554197352,0.29695802368223667,0
9052,204.47899245802546,0.2911249757744372,0
9053,204.49187662499025,0.31691702315583825,0
9054,204.5047635830124,0.24741695960983634,0
9055,204.51570150000043,0.3094999701716006,0
9056,204.5285636250046,0.24983298499137163,0
9057,204.5393631249899,0.46654202742502093,0
9058,204.55114891700214,0.33079099375754595,0
9059,204.56406270799926,0.3213339950889349,0
9060,204.5769750420004,0.31350000062957406,0
9061,204.58986183302477,0.2345839748159051,0
9062,204.60052754200296,0.46695797936990857,0
9063,204.61357370798942,0.29308401281014085,0
9064,204.6241380830179,0.34729199251160026,0
9065,204.63704216701444,0.32441597431898117,0
9066,204.64992666698527,0.2455410431139171,0
9067,204.66273662500316,,1
9068,204.77595016697887,0.403582991566509,0
9069,204.78770904202247,0.1967499847523868,0
9070,204.79969933297252,0.17312500858679414,0
9071,204.81241058302112,0.15199999324977398,0
9072,204.82508983300067,0.1526250271126628,0
9073,204.83776550000766,0.14420796651393175,0
9074,204.85042691702256,0.1652909559197724,0
9075,204.86310941702686,0.15716598136350513,0
9076,204.87581983301789,0.2560419961810112,0
9077,204.88780520798173,0.5240000318735838,0
9078,204.90093374997377,0.4183330456726253,0
9079,204.91228579200106,0.23379101185128093,0
9080,204.92508833302418,,1
9081,205.03771295800107,0.4610000178217888,0
9082,205.0507425830001,0.2262089983560145,0
9083,205.06229241698748,0.17391599249094725,0
9084,205.07501012500143,0.1847919775173068,0
9085,205.08774012501817,0.19712495850399137,0
9086,205.10008808301063,0.18999999156221747,0
9087,205.11227741697803,0.19466603407636285,0
9088,205.12501700001303,0.18683297093957663,0
9089,205.13775129197165,0.18029101192951202,0
9090,205.15047437499743,0.19091699505224824,0
9091,205.16179262497462,0.18512504175305367,0
9092,205.17452187498566,0.1919580390676856,0
9093,205.18725637497846,,1
9094,205.30089966702508,0.5709159886464477,0
9095,205.3140620419872,,1
9096,205.4279174170224,0.6353749777190387,0
9097,205.44114175002323,0.4393329727463424,0
9098,205.45400266698562,0.4845410003326833,0
9099,205.46708308300003,0.5192499957047403,0
9100,205.48016024997924,,1
9101,205.5915487500024,0.3077500150538981,0
9102,205.60442420799518,0.5555840325541794,0
9103,205.61755737499334,0.3108750097453594,0
9104,205.630459374981,0.5231249961070716,0
9105,205.64355595799861,0.32283400651067495,0
9106,205.65436983300606,0.17170899081975222,0
9107,205.66547458298737,0.21612498676404357,0
9108,205.6782475420041,0.18274999456480145,0
9109,205.6909864579793,0.2299170009791851,0
9110,205.70379183301702,0.20191696239635348,0
9111,205.7165317920153,,1
9112,205.82913691701833,,1
9113,205.94298704201356,0.5062079872004688,0
9114,205.95602020801743,0.2524589654058218,0
9115,205.96882216702215,0.1872499706223607,0
9116,205.9815504999715,0.18979201558977365,0
9117,205.99265741702402,0.2543749869801104,0
9118,206.0053872920107,1.1035409988835454,0
9119,206.01906650001183,0.504166993778199,0
9120,206.03213624999626,0.4300419823266566,0
9121,206.0451279580011,0.43516699224710464,0
9122,206.05790974997217,0.35687501076608896,0
9123,206.07062270800816,0.41854201117530465,0
9124,206.0811625830247,0.3194589517079294,0
9125,206.09305895800935,0.4118339857086539,0
9126,206.10602579201804,0.44133298797532916,0
9127,206.11904283298645,0.40137500036507845,0
9128,206.1303055420285,0.48224994679912925,0
9129,206.14335658302298,0.4397499724291265,0
9130,206.1564308750094,6.606707989703864,0
9131,206.17379049997544,0.4497920162975788,0
9132,206.1860325000016,0.1979580265469849,0
9133,206.1979142500204,0.41974999476224184,0
9134,206.21001166698989,0.4012080025859177,0
9135,206.22224745800486,0.9000839781947434,0
9136,206.235721791978,1.0386250214651227,0
9137,206.24935516697587,0.46620803186669946,0
9138,206.26173512497917,0.5188750219531357,0
9139,206.27486383297946,0.42979203863069415,0
9140,206.28726391698,0.4473330336622894,0
9141,206.29790191701613,0.6787499878555536,0
9142,206.31118516699644,0.48687501111999154,0
9143,206.32228779199068,0.8835410117171705,0
9144,206.3357747499831,0.5016250070184469,0
9145,206.3472628329764,0.47737499698996544,0
9146,206.3603412079974,0.3911249805241823,0
9147,206.37330608302727,0.4069589776918292,0
9148,206.38627587497467,0.30570803210139275,0
9149,206.39727558300365,0.5242920015007257,0
9150,206.40853658301057,0.4163749981671572,0
9151,206.4223008750123,0.5200000014156103,0
9152,206.4353940829751,0.3820420242846012,0
9153,206.4461995830061,0.40729198371991515,0
9154,206.45922412502114,0.41316699935123324,0
9155,206.47222954197787,0.39129104698076844,0
9156,206.48520195798483,0.42491703061386943,0
9157,206.4976439999882,0.39783300599083304,0
9158,206.50865833298303,0.4044590168632567,0
9159,206.5220454580267,0.5812089657410979,0
9160,206.53530649997992,0.3367920289747417,0
9161,206.54823958297493,0.3701670211739838,0
9162,206.56118820799747,0.3726669820025563,0
9163,206.57411091699032,0.36995799746364355,0
9164,206.5870258330251,0.2150419750250876,0
9165,206.59978175000288,0.33116701524704695,0
9166,206.61267429200234,,1
9167,206.72439137502806,0.5954579683020711,0
9168,206.73758883302798,0.5123339942656457,0
9169,206.7507015829906,0.49391703214496374,0
9170,206.7637927919859,0.5479159881360829,0
9171,206.77694779197918,0.7857910241000354,0
9172,206.78828562499257,0.6021250155754387,0
9173,206.8014813750051,0.37887500366196036,0
9174,206.8140744579723,,1
9175,206.9255969580263,0.42574998224154115,0
9176,206.93720225000288,0.31229201704263687,0
9177,206.95007433299907,0.4041250213049352,0
9178,206.96305033302633,0.2482919953763485,0
9179,206.97584558301605,0.3957919543609023,0
9180,206.98774858302204,0.3292500041425228,0
9181,207.00069162499858,0.3404580056667328,0
9182,207.01326637499733,0.43058302253484726,0
9183,207.02628912497312,0.371375004760921,0
9184,207.03928529197583,0.4243330331519246,0
9185,207.05231200001435,0.48995797988027334,0
9186,207.0646487500053,0.4279169952496886,0
9187,207.07765499997186,0.5372920422814786,0
9188,207.09079533297336,,1
9189,207.20411037502345,0.46304200077429414,0
9190,207.2171514169895,0.3920830204151571,0
9191,207.22898541699396,0.46441599261015654,0
9192,207.24128924997058,0.4818750312551856,0
9193,207.25434770801803,0.3436249680817127,0
9194,207.26538908301154,0.30320900259539485,0
9195,207.2782502080081,0.35737501457333565,0
9196,207.28885662497487,0.244333001319319,0
9197,207.3001863330137,0.2648339723236859,0
9198,207.31227350002155,0.35616697277873755,0
9199,207.32517625001492,0.3042079624719918,0
9200,207.33803154202178,0.28737500542774796,0
9201,207.34961949998979,0.24704198585823178,0
9202,207.3624077499844,,1
9203,207.47398474998772,1.0304999887011945,0
9204,207.48825400002534,0.7973749889060855,0
9205,207.50044583302224,0.4699169658124447,0
9206,207.51351320801768,0.42395899072289467,0
9207,207.52651866700035,0.2732499851845205,0
9208,207.53824804199394,0.26366597739979625,0
9209,207.5510792079731,,1
9210,207.6648656670004,0.3933749976567924,0
9211,207.67784604197368,0.19637501100078225,0
9212,207.68845112499548,0.14562503201887012,0
9213,207.69918387499638,0.2310419804416597,0
9214,207.71197008300805,0.330084003508091,0
9215,207.72487995802658,0.41612499626353383,0
9216,207.73661212500883,0.2881669788621366,0
9217,207.7494592500152,0.25283300783485174,0
9218,207.76050912501523,0.41445798706263304,0
9219,207.77351112500764,0.3606249811127782,0
9220,207.78505937498994,0.36141701275482774,0
9221,207.79806862497935,0.26462500682100654,0
9222,207.80970420798985,0.3842919832095504,0
9223,207.8226499580196,0.2595839905552566,0
9224,207.83431900001597,0.37245795829221606,0
9225,207.84727204201045,0.22662500850856304,0
9226,207.8596845829743,0.22283400176092982,0
9227,207.87130062497454,0.40125002851709723,0
9228,207.88429016701411,0.3756249789148569,0
9229,207.89726150000934,0.35512499744072556,0
9230,207.91020491701784,0.36624999484047294,0
9231,207.9231562920031,0.2467079902999103,0
9232,207.9359717919724,0.3292910405434668,0
9233,207.94886370800668,0.2304170047864318,0
9234,207.9622511669877,0.44058304047212005,0
9235,207.97429745801492,0.4266669857315719,0
9236,207.98702837497694,0.271500030066818,0
9237,207.9998730419902,0.3614579909481108,0
9238,208.01280491700163,0.14829100109636784,0
9239,208.02364299999317,0.24795799981802702,0
9240,208.03644241701113,0.22733298828825355,0
9241,208.04921658302192,0.22175000049173832,0
9242,208.06046337500447,,1
9243,208.1715850419714,0.43275003554299474,0
9244,208.1845879169996,0.22333301603794098,0
9245,208.1973604580271,,1
9246,208.31117337499745,0.43829198693856597,0
9247,208.3217613750021,,1
9248,208.43374279199634,0.40516600711271167,0
9249,208.44676104199607,0.4717080155387521,0
9250,208.45939049997833,0.2668750239536166,0
9251,208.47110099997371,0.27608301024883986,0
9252,208.48279516701587,0.42212498374283314,0
9253,208.49566116702044,0.3049160004593432,0
9254,208.50797387497732,,1
9255,208.6206311249989,,1
9256,208.7339936249773,0.5509170005097985,0
9257,208.74711883300915,0.32983400160446763,0
9258,208.76000470801955,0.2710419939830899,0
9259,208.77106787497178,0.39112503873184323,0
9260,208.78324508300284,0.5389170255511999,0
9261,208.79635775001952,0.3969169920310378,0
9262,208.8093241250026,0.42983301682397723,0
9263,208.82230812497437,,1
9264,208.93444470799295,0.5112090148031712,0
9265,208.9451734169852,0.4818330053240061,0
9266,208.95819366700016,0.5744160152971745,0
9267,208.96985045797192,,1
9268,209.08277716697194,0.3874580143019557,0
9269,209.09572891698917,0.26354100555181503,0
9270,209.10852524999063,0.23162498837336898,0
9271,209.12129224999808,0.23116701049730182,0
9272,209.13405329198577,0.18075003754347563,0
9273,209.14678299997468,0.5033750203438103,0
9274,209.1599475829862,0.3219170030206442,0
9275,209.17284537502564,0.2774999593384564,0
9276,209.18458300002385,0.33654196886345744,0
9277,209.19749120797496,0.24091702653095126,0
9278,209.20932374999393,0.27354201301932335,0
9279,209.221122500021,0.3309579915367067,0
9280,209.23344687500503,0.43124996591359377,0
9281,209.2442990000127,0.31929201213642955,0
9282,209.25704412499908,0.32524997368454933,0
9283,209.26994829199975,0.39020797703415155,0
9284,209.281482624996,,1
9285,209.39554350002436,0.6307080038823187,0
9286,209.4070811669808,1.2736250064335763,0
9287,209.42005841701757,0.40424999315291643,0
9288,209.43068795802537,0.4540419904515147,0
9289,209.44227241701446,0.2133329981006682,0
9290,209.4556554579758,0.23170904023572803,0
9291,209.46846895798808,0.5134170060046017,0
9292,209.48158299998613,0.3227500128559768,0
9293,209.4930274169892,0.31191599555313587,0
9294,209.5059341249871,0.4083749954588711,0
9295,209.51883808302227,0.3101250040344894,0
9296,209.53069433302153,0.3339590039104223,0
9297,209.54360958299367,0.3088749945163727,0
9298,209.5564977080212,0.37766696186736226,0
9299,209.56939508300275,0.44420897029340267,0
9300,209.58244362502592,0.36391697358340025,0
9301,209.59365325002,0.5405419506132603,0
9302,209.60568366700318,0.37812499795109034,0
9303,209.6186477500014,0.5359170027077198,0
9304,209.6317697080085,0.4057500045746565,0
9305,209.6438962080283,0.3808339824900031,0
9306,209.6561980000115,0.3079579910263419,0
9307,209.6690875000204,0.39129197830334306,0
9308,209.68079574999865,0.4069170099683106,0
9309,209.692096667015,0.36354101030156016,0
9310,209.7037361250259,,1
9311,209.81670045800274,0.44583401177078485,0
9312,209.8297504580114,0.3596249734982848,0
9313,209.84094600001117,0.2668329980224371,0
9314,209.85378725000191,0.35979197127744555,0
9315,209.86675400001695,0.5127500044181943,0
9316,209.87883374997182,0.4842920461669564,0
9317,209.89192812499823,0.6765829748474061,0
9318,209.90275541698793,,1
9319,210.01657433301443,0.5680419853888452,0
9320,210.02867283299565,0.5661670002155006,0
9321,210.0418693330139,0.45666698133572936,0
9322,210.05445325002074,0.7234999793581665,0
9323,210.06776595802512,0.5077499663457274,0
9324,210.08067179197678,0.5453330231830478,0
9325,210.09320524998475,0.42387499706819654,0
9326,210.1062380829826,0.39775000186637044,0
9327,210.1190141250263,0.4708329797722399,0
9328,210.13052025000798,0.4532500170171261,0
9329,210.1484928749851,1.324125041719526,0
9330,210.16258054197533,0.4558750079013407,0
9331,210.17562779202126,0.6037079729139805,0
9332,210.18881170800887,0.3714999766089022,0
9333,210.20175549999112,0.41387503733858466,0
9334,210.21444825001527,0.4229999613016844,0
9335,210.2259527919814,0.450999999884516,0
9336,210.2384394580149,0.6293749902397394,0
9337,210.2495980419917,0.5632910178974271,0
9338,210.2623037499725,0.4753750399686396,0
9339,210.27443425002275,0.5452499608509243,0
9340,210.28728412499186,0.4831670084968209,0
9341,210.30036216700682,0.6143749924376607,0
9342,210.31235020799795,0.5623750039376318,0
9343,210.32551583298482,2.0440000225789845,0
9344,210.3402023750241,0.5492499913088977,0
9345,210.35124975000508,0.3032080130651593,0
9346,210.3618307079887,0.28608401771634817,0
9347,210.37267708301079,0.1663339789956808,0
9348,210.3853748330148,0.234166975133121,0
9349,210.39813333301572,0.8091669878922403,0
9350,210.4114639579784,0.278000021353364,0
9351,210.42428295797436,0.29862503288313746,0
9352,210.43712554202648,,1
9353,210.55095429200446,0.4042079672217369,0
9354,210.56392683298327,0.32637501135468483,0
9355,210.57680633297423,0.264208996668458,0
9356,210.5896137499949,0.24149997625499964,0
9357,210.60240104200784,0.277582963462919,0
9358,210.6152694579796,0.4063340020366013,0
9359,210.62673550000181,0.45849999878555536,0
9360,210.63979516702238,,1
9361,210.7536852079793,,1
9362,210.86804999999003,0.4157919902354479,0
9363,210.88008520798758,0.21075003314763308,0
9364,210.8928692920017,0.5102910217829049,0
9365,210.90554449998308,0.47925004037097096,0
9366,210.91859637497691,0.40558300679549575,0
9367,210.92984191700816,0.4724159953184426,0
9368,210.9429477499798,1.287874998524785,0
9369,210.9570317500038,0.3208749694749713,0
9370,210.96920954197412,0.36220799665898085,0
9371,210.98249937500805,0.20020798547193408,0
9372,210.99524145800387,0.2547089825384319,0
9373,211.00805537501583,0.24687498807907104,0
9374,211.02064287499525,0.3470419906079769,0
9375,211.03258220799034,0.41029200656339526,0
9376,211.04559024999617,0.28745800955221057,0
9377,211.05754812498344,0.20487501751631498,0
9378,211.07032462500501,0.35383302019909024,0
9379,211.0832305829972,0.23120897822082043,0
9380,211.0960085419938,0.17054099589586258,0
9381,211.108226958022,0.19699998665601015,0
9382,211.12054233299568,0.39533397648483515,0
9383,211.13349600002402,0.3630829742178321,0
9384,211.14641112502431,0.42799999937415123,0
9385,211.1594237079844,0.3737920196726918,0
9386,211.17101808299776,0.5930840270593762,0
9387,211.1842070830171,0.4954169853590429,0
9388,211.19729649997316,0.3126250230707228,0
9389,211.20812625001417,0.34733297070488334,0
9390,211.22102200001245,0.25266699958592653,0
9391,211.23381558299297,0.17929199384525418,0
9392,211.24652766698273,,1
9393,211.36017150001135,,1
9394,211.4739503749879,0.3920419840142131,0
9395,211.48528204200557,,1
9396,211.59903733298415,0.4492920124903321,0
9397,211.61206437501824,,1
9398,211.72463208297268,0.40612503653392196,0
9399,211.73760441702325,0.2757500042207539,0
9400,211.7504253750085,0.21666701650246978,0
9401,211.76318854198325,0.18991599790751934,0
9402,211.77593108301517,0.3873339737765491,0
9403,211.78782895801123,0.21137500880286098,0
9404,211.80058691697195,0.3435410326346755,0
9405,211.81229195802007,0.3872090019285679,0
9406,211.825261333026,,1
9407,211.9386720000184,0.46020798617973924,0
9408,211.9497735829791,0.3100000321865082,0
9409,211.96233504201518,,1
9410,212.0740346669918,0.5485829897224903,0
9411,212.0871554170153,0.4645829903893173,0
9412,212.0984347499907,,1
9413,212.21221458300715,0.5091669736430049,0
9414,212.22530862502754,0.31358294654637575,0
9415,212.23818124999525,,1
9416,212.35147362499265,0.2668750239536166,0
9417,212.3643173329765,0.38104201667010784,0
9418,212.37726212502457,0.42691698763519526,0
9419,212.38936270802515,0.24974998086690903,0
9420,212.40220354200574,,1
9421,212.5151795829879,0.28658402152359486,0
9422,212.5280305420165,0.31400000443682075,0
9423,212.5412076250068,0.6170420092530549,0
9424,212.55377370800124,0.35087502328678966,0
9425,212.58319470798597,0.561417022254318,0
9426,212.59636149997823,0.2514999941922724,0
9427,212.60924237500876,0.27474999660626054,0
9428,212.62227962497855,0.45062502613291144,0
9429,212.6351114169811,0.26475003687664866,0
9430,212.64796062500682,0.2525419695302844,0
9431,212.65890629199566,0.554832979105413,0
9432,212.67070704197977,3.7291250191628933,0
9433,212.68759879202116,1.4569159829989076,0
9434,212.70165787497535,0.31216704519465566,0
9435,212.71231558301952,2.163833996746689,0
9436,212.72566850000294,,1
9437,212.83864041697234,0.3947910154238343,0
9438,212.8519874580088,0.4289589705877006,0
9439,212.86423929198645,0.32770802499726415,0
9440,212.8772187079885,2.398459007963538,0
9441,212.88984241697472,0.2708330284804106,0
9442,212.90190541697666,,1
9443,213.01567645801697,0.31154201133176684,0
9444,213.02853204199346,,1
9445,213.1422274169745,0.49304100684821606,0
9446,213.15508562501054,0.5695829750038683,0
9447,213.1665800830233,,1
9448,213.27981404197635,0.47691602958366275,0
9449,213.2904772919719,0.460083014331758,0
9450,213.30257008300396,0.3987919772043824,0
9451,213.31555308302632,0.38470898289233446,0
9452,213.32742037501885,0.3317499649710953,0
9453,213.34034599998267,0.4635830409824848,0
9454,213.35183358297218,0.3273750189691782,0
9455,213.36229008302325,0.38837495958432555,0
9456,213.3752578329877,0.3088340163230896,0
9457,213.38797049998539,,1
9458,213.49983537499793,0.3820420242846012,0
9459,213.5115997500252,0.38420798955485225,0
9460,213.52309712499846,0.40312501369044185,0
9461,213.53568166698096,0.39012503111734986,0
9462,213.54865991702536,0.5502079729922116,0
9463,213.56001462502172,0.4694999661296606,0
9464,213.5716034169891,0.4630410112440586,0
9465,213.5841802500072,1.300874981097877,0
9466,213.5980572500266,0.49299997044727206,0
9467,213.61034504201962,0.5347499973140657,0
9468,213.62111245800043,0.5640839808620512,0
9469,213.63423245801823,0.4687919863499701,0
9470,213.6461443330045,0.4490839783102274,0
9471,213.65807162498822,0.5140830180607736,0
9472,213.6700500830193,,1
9473,213.78396795800654,0.6221249932423234,0
9474,213.79718391702045,0.738415983505547,0
9475,213.80928408302134,0.5753749865107238,0
9476,213.82098829199094,1.2833329965360463,0
9477,213.83392283297144,0.8927090093493462,0
9478,213.84739150002133,0.4681669524870813,0
9479,213.8584127079812,0.3867500345222652,0
9480,213.87140029197326,0.43358304537832737,0
9481,213.88441195798805,0.4196250229142606,0
9482,213.89506779197836,0.42529101483523846,0
9483,213.90793095802655,0.4909999552182853,0
9484,213.92015120800352,0.4213749780319631,0
9485,213.932195166999,0.6097910227254033,0
9486,213.94543687498663,0.4404580104164779,0
9487,213.95771316700848,0.4387910012155771,0
9488,213.97061304200906,0.2799580106511712,0
9489,213.98346404201584,0.4367909859865904,0
9490,213.99594529200112,1.654457999393344,0
9491,214.00963995797792,1.7560000414960086,0
9492,214.02271079202183,0.4107499844394624,0
9493,214.03402362501947,0.47099997755140066,0
9494,214.04710166697623,0.32016600016504526,0
9495,214.05835800000932,0.5545419990085065,0
9496,214.07090275001246,0.29491697205230594,0
9497,214.0826007919968,0.5544159794226289,0
9498,214.09491145797074,1.0578750516287982,0
9499,214.10856883297674,0.5746250390075147,0
9500,214.11933837499237,0.8803330129012465,0
9501,214.13281124999048,0.42812502942979336,0
9502,214.14561649999814,0.38287497591227293,0
9503,214.15722649998497,0.414125039242208,0
9504,214.17004341701977,0.41404098737984896,0
9505,214.1821470420109,0.5155410035513341,0
9506,214.19360283302376,0.6559169851243496,0
9507,214.20676320797065,0.6236250046640635,0
9508,214.21859841700643,,1
9509,214.33147387497593,0.4692500224336982,0
9510,214.3445613749791,0.34200004301965237,0
9511,214.35745249997126,0.830708013381809,0
9512,214.36885054199956,0.43595797615125775,0
9513,214.38186912500532,0.3422499867156148,0
9514,214.3948204999906,,1
9515,214.50892720802221,0.8141250000335276,0
9516,214.52241816697642,0.9340000106021762,0
9517,214.5345312919817,0.3291250322945416,0
9518,214.54638270800933,0.2667090157046914,0
9519,214.5582600000198,,1
9520,214.67068616702454,0.4179159877821803,0
9521,214.68371570797171,0.24470902280882,0
9522,214.69650954200188,0.2437080256640911,0
9523,214.70930462499382,0.21891703363507986,0
9524,214.72206645802362,0.19516696920618415,0
9525,214.73480995802674,0.2887499867938459,0
9526,214.74765779200243,0.2800410147756338,0
9527,214.76047633297276,0.2697090385481715,0
9528,214.77220341697102,0.38758304435759783,0
9529,214.78515200002585,,1
9530,214.89643970801262,0.8914999780245125,0
9531,214.90798245801125,0.512458966113627,0
9532,214.91978783300146,0.30033400980755687,0
9533,214.9326697079814,1.1936670052818954,0
9534,214.94461179198697,0.8956250385381281,0
9535,214.95810633298242,0.3166670212522149,0
9536,214.96886637498392,0.5958330002613366,0
9537,214.98203845799435,0.3516250289976597,0
9538,214.99269858299522,0.36875001387670636,0
9539,215.00390441698255,2.078833000268787,0
9540,215.01742216700222,0.5871659959666431,0
9541,215.0306480419822,,1
9542,215.14458429202205,0.4409159882925451,0
9543,215.15761483297683,0.36029203329235315,0
9544,215.1705569169717,,1
9545,215.28439824999077,0.5429580342024565,0
9546,215.29757170798257,0.5141670117154717,0
9547,215.31069716700586,0.43825001921504736,0
9548,215.32288120797602,0.5257500451989472,0
9549,215.3344564170111,0.4470829735510051,0
9550,215.34750854200684,0.5273330025374889,0
9551,215.36065149999922,0.4765000194311142,0
9552,215.3721789579722,0.3913750406354666,0
9553,215.38387916702777,0.4975829506292939,0
9554,215.39569216698874,0.4264999879524112,0
9555,215.40767166699516,0.44662499567493796,0
9556,215.42062633298337,0.47379202442243695,0
9557,215.4330133330077,0.30616699950769544,0
9558,215.44510324997827,0.505708041600883,0
9559,215.45755416702013,0.5446659633889794,0
9560,215.47063583298586,3.274541988503188,0
9561,215.4865336670191,0.37537497701123357,0
9562,215.49951204197714,0.3767080488614738,0
9563,215.51254962501116,0.35441695945337415,0
9564,215.52564800000982,0.30341697856783867,0
9565,215.53878549998626,0.33941701985895634,0
9566,215.55131858302047,0.33362495014443994,0
9567,215.56448695802828,0.49641699297353625,0
9568,215.57754683302483,0.22654194617643952,0
9569,215.5895047080121,0.1984169939532876,0
9570,215.60226516699186,0.30574999982491136,0
9571,215.61328795802547,0.2762089716270566,0
9572,215.6258224999765,0.32245804322883487,0
9573,215.63776720798342,0.34720898838713765,0
9574,215.65068600000814,0.3207499976269901,0
9575,215.6632845000131,,1
9576,215.77696033299435,,1
9577,215.89076008298434,0.4124169936403632,0
9578,215.9026052079862,0.4074170137755573,0
9579,215.91498104197672,0.3846660256385803,0
9580,215.926108249987,0.37708302261307836,0
9581,215.9379976670025,0.32604101579636335,0
9582,215.95088087499607,,1
9583,216.06370449997485,1.2596670421771705,0
9584,216.07694645802258,0.3387089818716049,0
9585,216.0899216249818,0.6448749918490648,0
9586,216.10261120798532,0.5594590329565108,0
9587,216.11333262501284,,1
9588,216.22545358299976,0.4157089861109853,0
9589,216.23846762499306,0.4475829773582518,0
9590,216.25013708299957,0.5440419772639871,0
9591,216.26187724998454,0.6586250383406878,0
9592,216.27454533299897,0.5649999948218465,0
9593,216.28741691698087,0.6085830391384661,0
9594,216.29925795801682,0.45604200568050146,0
9595,216.31108854198828,,1
9596,216.42327174998354,0.601625011768192,0
9597,216.4364842500072,0.5006249994039536,0
9598,216.44871583301574,0.29608397744596004,0
9599,216.46161991701229,0.41529099689796567,0
9600,216.47611845802749,2.4943749886006117,0
9601,216.49123466701712,0.46087498776614666,0
9602,216.5042859580135,0.31395896803587675,0
9603,216.51470825000433,0.45900000259280205,0
9604,216.5277637920226,,1
9605,216.64187925000442,0.6135000148788095,0
9606,216.65353225002764,1.631749968510121,0
9607,216.66777270799503,0.39829203160479665,0
9608,216.67888199997833,0.4076670156791806,0
9609,216.69069295801455,0.2702919882722199,0
9610,216.70254162501078,0.33179199090227485,0
9611,216.71547487500357,0.25637500220909715,0
9612,216.72602062497754,0.23383303778246045,0
9613,216.73778370802756,0.17770897829905152,0
9614,216.74965237500146,,1
9615,216.86337575002108,0.5040419637225568,0
9616,216.87646279198816,0.3898750292137265,0
9617,216.88772679201793,,1
9618,217.00080566701945,0.48149999929592013,0
9619,217.0138820830034,0.38991699693724513,0
9620,217.02654433302814,0.28016697615385056,0
9621,217.03938500001095,,1
9622,217.15326254197862,0.5274580325931311,0
9623,217.16551895800512,0.5732090212404728,0
9624,217.1786937500001,0.6211670115590096,0
9625,217.19200341700343,0.4736660048365593,0
9626,217.20447658299236,0.4467500257305801,0
9627,217.2175167920068,0.4098750068806112,0
9628,217.23051650001435,0.29399996856227517,0
9629,217.24203854199732,0.4029999836347997,0
9630,217.25505704199895,0.5840410012751818,0
9631,217.268240083009,0.5154169630259275,0
9632,217.28138004202629,0.5205829511396587,0
9633,217.29285341699142,0.3013749956153333,0
9634,217.30436383298365,0.3372090286575258,0
9635,217.31728816701798,0.4101250087842345,0
9636,217.3299605419743,0.5322910146787763,0
9637,217.34146045800298,0.5353339947760105,0
9638,217.35460187500576,0.594666984397918,0
9639,217.36776991700754,0.5564159946516156,0
9640,217.38112666702364,4.383165971376002,0
9641,217.39584633300547,,1
9642,217.5096811670228,0.29104098211973906,0
9643,217.52254183299374,0.39912498323246837,0
9644,217.53551741701085,0.27720798971131444,0
9645,217.5481342499843,,1
9646,217.6611102920142,0.317458005156368,0
9647,217.67295441700844,0.3963749622926116,0
9648,217.6845767920022,0.49070798559114337,0
9649,217.69659637502627,0.4385829670354724,0
9650,217.7074738329975,0.3499999875202775,0
9651,217.7203969170223,0.5879999953322113,0
9652,217.7328352080076,0.3624170203693211,0
9653,217.74577420798596,0.3071670071221888,0
9654,217.75863783300156,0.2394170151092112,0
9655,217.7714212500141,0.25995797477662563,0
9656,217.784221082984,0.2792919985949993,0
9657,217.79660620802315,0.2535840030759573,0
9658,217.80940791702596,0.22599997464567423,0
9659,217.8221604169812,0.22687501041218638,0
9660,217.834936750005,0.420207972638309,0
9661,217.84702208300587,0.5927089951001108,0
9662,217.85972316702828,0.3258329816162586,0
9663,217.87186775001464,0.5759169580414891,0
9664,217.8828110829927,0.5716250161640346,0
9665,217.89463416702347,,1
9666,218.00785516697215,,1
9667,218.1211459999904,0.7979170186445117,0
9668,218.13251083297655,0.5499170511029661,0
9669,218.14569545799168,0.46066701179370284,0
9670,218.15793045802275,,1
9671,218.27170591702452,0.44495798647403717,0
9672,218.28230433299905,0.38933398900553584,0
9673,218.29516254202463,0.267457973677665,0
9674,218.3075441250112,1.0842499905265868,0
9675,218.32061812502798,0.5482499836944044,0
9676,218.33152204198996,0.5403750110417604,0
9677,218.34465741697932,,1
9678,218.45742216700455,0.6257079658098519,0
9679,218.47061274998123,,1
9680,218.5844542499981,0.5847919965162873,0
9681,218.5976412500022,0.5922919954173267,0
9682,218.6108492499916,0.6369579932652414,0
9683,218.6240870829788,,1
9684,218.73798212502152,0.5849169683642685,0
9685,218.74879870802397,0.5596249829977751,0
9686,218.76194108300842,0.4045839887112379,0
9687,218.77297116699629,0.5200409796088934,0
9688,218.78606399998534,0.3958750166930258,0
9689,218.79907391697634,0.5003749975003302,0
9690,218.8108614999801,0.4723750171251595,0
9691,218.82177945802687,0.40687498403713107,0
9692,218.8347570829792,0.34120900090783834,0
9693,218.84761337499367,,1
9694,218.9614465420018,0.5392080056481063,0
9695,218.97458429198014,,1
9696,219.08744620799553,0.49629202112555504,0
9697,219.10056662501302,0.4997499636374414,0
9698,219.11327241698746,0.4106659907847643,0
9699,219.1262718749931,0.3749579773284495,0
9700,219.13922512502177,0.3597079776227474,0
9701,219.15216291701654,,1
9702,219.2637647499796,0.45200000749900937,0
9703,219.27681875001872,0.5704999784938991,0
9704,219.28937383298762,0.5847500287927687,0
9705,219.3025737919961,,1
9706,219.41534904198488,1.0531659936532378,0
9707,219.42718170798616,0.5983340088278055,0
9708,219.44040945800953,0.5997089901939034,0
9709,219.45115991699276,0.6227080011740327,0
9710,219.4632546249777,0.6843330338597298,0
9711,219.47652945801383,0.6048340001143515,0
9712,219.48888545797672,0.579125015065074,0
9713,219.50138112501008,0.57591701624915,0
9714,219.51391758298269,0.5182920140214264,0
9715,219.5270090419799,,1
9716,219.6398122080136,0.4622089909389615,0
9717,219.65287175000412,0.4986249841749668,0
9718,219.66485679202015,0.4367909859865904,0
9719,219.67789345799247,,1
9720,219.79166108299978,0.6347920279949903,0
9721,219.80487745802384,0.3626249963417649,0
9722,219.81595550000202,0.3638329799287021,0
9723,219.82890608301386,0.36929198540747166,0
9724,219.84187470801407,0.5550839705392718,0
9725,219.8539552920265,0.39554096292704344,0
9726,219.866259582981,0.47558400547131896,0
9727,219.87934754200978,0.43399998685345054,0
9728,219.89129412500188,0.31583302188664675,0
9729,219.90279025002383,0.20937499357387424,0
9730,219.91553599998588,0.12920802691951394,0
9731,219.92821112502133,0.22958300542086363,0
9732,219.9410117919906,0.9328330052085221,0
9733,219.95331587502733,0.5387079436331987,0
9734,219.9648440000019,0.4414169816300273,0
9735,219.9765789579833,0.3718340303748846,0
9736,219.98953441699268,0.28679100796580315,0
9737,220.00019887497183,0.23158302064985037,0
9738,220.0120213329792,0.2370420261286199,0
9739,220.02482150000287,0.44287502532824874,0
9740,220.03727158298716,0.36808400182053447,0
9741,220.04797025001608,0.20279199816286564,0
9742,220.06070391699905,0.14058302622288465,0
9743,220.07103375002043,0.22975000320002437,0
9744,220.08278637501644,0.15533296391367912,0
9745,220.09548712498508,0.19112502923235297,0
9746,220.108520083013,0.20050001330673695,0
9747,220.1206222079927,0.21966698113828897,0
9748,220.13339141698088,0.19545800751075149,0
9749,220.14616379200015,0.19341602455824614,0
9750,220.15889687498566,0.17437501810491085,0
9751,220.1706091670203,0.2181659801863134,0
9752,220.18092841701582,,1
9753,220.2939005420194,0.4273749655112624,0
9754,220.3056004170212,0.35987497540190816,0
9755,220.3185472919722,0.3172500291839242,0
9756,220.3314266250236,0.32649998320266604,0
9757,220.34425825002836,0.3125829971395433,0
9758,220.35494483297225,0.27254200540483,0
9759,220.36708658299176,0.2734999870881438,0
9760,220.37991174997296,,1
9761,220.49363554199226,0.40083302883431315,0
9762,220.50658799998928,0.3028750070370734,0
9763,220.51946575002512,0.26949995663017035,0
9764,220.53230195801007,,1
9765,220.64589708298445,0.6005000323057175,0
9766,220.65802479197737,0.3133330028504133,0
9767,220.67090345802717,0.4674589727073908,0
9768,220.6839362080209,0.381458958145231,0
9769,220.69688437500736,0.3905000048689544,0
9770,220.70763433299726,0.398874981328845,0
9771,220.72059812501539,0.4094169707968831,0
9772,220.73362154199276,0.4387079970911145,0
9773,220.7466233749874,0.45774999307468534,0
9774,220.75825766701018,0.4866659874096513,0
9775,220.77133037499152,0.514750019647181,0
9776,220.78444133297307,0.5749590345658362,0
9777,220.79759729199577,0.5245410138741136,0
9778,220.81070920801722,0.4938339698128402,0
9779,220.82213558297371,0.4849170218221843,0
9780,220.83520054200199,,1
9781,220.94709387497278,0.6579580367542803,0
9782,220.96035233297152,0.45487500028684735,0
9783,220.97268950002035,0.3597079776227474,0
9784,220.985225041979,0.3469579969532788,0
9785,220.99813279201044,,1
9786,221.11193554202328,0.665250001475215,0
9787,221.12524870800553,0.5927089951001108,0
9788,221.1377264999901,0.5112499929964542,0
9789,221.15082366700517,0.5241659819148481,0
9790,221.16393958299886,0.5924170254729688,0
9791,221.1757060830132,,1
9792,221.28960408299463,0.7618750096298754,0
9793,221.30109462497057,0.6517080473713577,0
9794,221.31407037499594,0.6162499776110053,0
9795,221.3272901669843,0.642875034827739,0
9796,221.34055141697172,0.6506250356324017,0
9797,221.3538202919881,0.5946659948676825,0
9798,221.36700745800044,0.5319169722497463,0
9799,221.38016308302758,0.5552919465117157,0
9800,221.3933060420095,0.3523330087773502,0
9801,221.4054052499705,0.4647500463761389,0
9802,221.41844829201,0.45958301052451134,0
9803,221.42983037501108,0.447375001385808,0
9804,221.44284724997124,0.4527920391410589,0
9805,221.45586624997668,,1
9806,221.56965891702566,0.40504097705706954,0
9807,221.58048933302052,0.2453339984640479,0
9808,221.59236512501957,0.3005419857800007,0
9809,221.6052295829868,0.3439169959165156,0
9810,221.61814366700128,0.26283302577212453,0
9811,221.63096158299595,,1
9812,221.74404179200064,0.4598330124281347,0
9813,221.7554973330116,0.3067500074394047,0
9814,221.76836645801086,0.2513749641366303,0
9815,221.77981458301656,0.26470900047570467,0
9816,221.79254687501816,0.24391699116677046,0
9817,221.80532458302332,0.2994999522343278,0
9818,221.81820649997098,0.28483301866799593,0
9819,221.83010920800734,0.2211249666288495,0
9820,221.8417344170157,0.27437496464699507,0
9821,221.85394116700627,,1
9822,221.96763762499904,0.45779201900586486,0
9823,221.97981187497498,0.3599580377340317,0
9824,221.99273925001035,0.32125000143423676,0
9825,222.00561116699828,0.2661250182427466,0
9826,222.01782087498577,0.2803330426104367,0
9827,222.02937387500424,0.14804198872298002,0
9828,222.04205074999481,0.1735829864628613,0
9829,222.05323129199678,0.15945802442729473,0
9830,222.0659303329885,0.20566699095070362,0
9831,222.0786667499924,0.16491702990606427,0
9832,222.09137908299454,0.23070903262123466,0
9833,222.10416191699915,0.14120800187811255,0
9834,222.11660675000167,,1
9835,222.22980120801367,0.4556250059977174,0
9836,222.24222075002035,0.45779196079820395,0
9837,222.25395308301086,0.3802920109592378,0
9838,222.26623770798324,0.366666994523257,0
9839,222.277253541979,0.4059160128235817,0
9840,222.290240250004,0.2666669897735119,0
9841,222.30306795798242,0.2572090015746653,0
9842,222.31588150002062,0.2169999643228948,0
9843,222.32865637500072,0.20795798627659678,0
9844,222.341413541988,0.2025830326601863,0
9845,222.3539420000161,0.19445799989625812,0
9846,222.36669112497475,0.23983302526175976,0
9847,222.37949558300897,0.2038750099018216,0
9848,222.39223770797253,0.13395905261859298,0
9849,222.40489704202628,0.18637499306350946,0
9850,222.41527108300943,0.40008401265367866,0
9851,222.4282287079841,0.3380420384928584,0
9852,222.44113066699356,,1
9853,222.5539491249947,0.4490420105867088,0
9854,222.56593533302657,4.409458953887224,0
9855,222.582619874971,0.6435830146074295,0
9856,222.5958692500135,0.3584579681046307,0
9857,222.60881812497973,0.27608301024883986,0
9858,222.62104479200207,0.22433302365243435,0
9859,222.63132370798849,0.19912503194063902,0
9860,222.64407791697886,,1
9861,222.75778716697823,0.4615830257534981,0
9862,222.77061066700844,0.34929101821035147,0
9863,222.78213000000687,0.37229200825095177,0
9864,222.79377837502398,,1
9865,222.90757662500255,0.3666249685920775,0
9866,222.92053241701797,0.4717499832622707,0
9867,222.93304166698363,0.41979103116318583,0
9868,222.94603937497595,0.4615000216290355,0
9869,222.95877924998058,0.5282920319586992,0
9870,222.97210395801812,0.44837500900030136,0
9871,222.98515970801236,0.37270900793373585,0
9872,222.99615237500984,0.39374997140839696,0
9873,223.0091264169896,0.3732499899342656,0
9874,223.02206683298573,0.30258402694016695,0
9875,223.03496020799503,0.28487498639151454,0
9876,223.04644029197516,0.29320805333554745,0
9877,223.05749629199272,0.3464579931460321,0
9878,223.06991966697387,0.25387504138052464,0
9879,223.08273991697934,0.3536250442266464,0
9880,223.09500704199309,0.29645801987499,0
9881,223.10787754197372,0.4015830345451832,0
9882,223.12086420797277,0.5085840239189565,0
9883,223.13396945799468,0.35895901964977384,0
9884,223.14463216700824,,1
9885,223.2577557080076,0.348208996001631,0
9886,223.27060079202056,,1
9887,223.38277424999978,0.2912079798988998,0
9888,223.39482304197736,0.33062504371628165,0
9889,223.4078127500252,0.24674995802342892,0
9890,223.42062304198043,0.25800004368647933,0
9891,223.4325403330149,0.31154201133176684,0
9892,223.4454232500284,0.32166694290935993,0
9893,223.45831612497568,,1
9894,223.5710477079847,0.5013750051148236,0
9895,223.58390758297173,0.24866702733561397,0
9896,223.59554404200753,0.27020799461752176,0
9897,223.60724854201544,0.3000829601660371,0
9898,223.62011754198465,0.45849999878555536,0
9899,223.6331368330284,0.3646669792942703,0
9900,223.64606291701784,0.3666660049930215,0
9901,223.6587357079843,0.46112498966977,0
9902,223.67105937498854,,1
9903,223.7848017080105,0.5177920102141798,0
9904,223.7979098749929,,1
9905,223.91169545799494,,1
9906,224.0250856250059,0.7046249811537564,0
9907,224.03839783300646,0.5721250199712813,0
9908,224.04999274999136,0.5920000257901847,0
9909,224.06317604199285,0.4837500164285302,0
9910,224.07632691698382,0.44429104309529066,0
9911,224.08752141700825,0.4266250180080533,0
9912,224.10052974999417,0.4615419893525541,0
9913,224.11125737498514,0.49883301835507154,0
9914,224.1229987500119,0.34433300606906414,0
9915,224.1358976669726,0.3937500296160579,0
9916,224.14884362497833,0.3177920007146895,0
9917,224.16172229201766,0.3084579948335886,0
9918,224.17377599998144,,1
9919,224.28749933297513,,1
9920,224.40128312498564,,1
9921,224.51515208301134,0.46908401418477297,0
9922,224.5282240830129,,1
9923,224.64207674999489,0.5352080333977938,0
9924,224.6549619170255,0.3929159720428288,0
9925,224.6679450829979,0.42208400554955006,0
9926,224.68094654200831,0.3281249664723873,0
9927,224.69386150001083,0.22158300271257758,0
9928,224.70494795800187,,1
9929,224.8196818329743,0.43383403681218624,0
9930,224.8326907500159,0.28499995823949575,0
9931,224.84552941698348,0.25829102378338575,0
9932,224.85834116698243,,1
9933,224.97162058297545,0.5461670225486159,0
9934,224.98474991699914,0.3522500046528876,0
9935,224.9978297079797,0.3356250235810876,0
9936,225.00946762500098,0.30745798721909523,0
9937,225.02233654202428,,1
9938,225.13531162502477,,1
9939,225.2491090829717,0.4572920151986182,0
9940,225.26213487499626,0.3292079782113433,0
9941,225.2735683749779,0.2957500400952995,0
9942,225.28522512497148,0.2959170378744602,0
9943,225.29807412502123,0.24812499759718776,0
9944,225.31088075001026,,1
9945,225.42353249998996,0.39670802652835846,0
9946,225.43649954197463,0.3896250273101032,0
9947,225.44945862499299,0.35262497840449214,0
9948,225.46237849997124,,1
9949,225.57438750000438,0.6076249992474914,0
9950,225.58624308300205,0.35737501457333565,0
9951,225.59751175000565,0.32125000143423676,0
9952,225.6082975419704,0.23995805531740189,0
9953,225.62061358301435,0.19608397269621491,0
9954,225.6323718749918,0.24120800662785769,0
9955,225.6451885830029,0.23212499218061566,0
9956,225.6555413749884,0.20154198864474893,0
9957,225.66695887502283,0.2508749603293836,0
9958,225.6797627080232,0.45737496111541986,0
9959,225.69279374997132,0.5612500244751573,0
9960,225.70498774998123,0.41679199784994125,0
9961,225.7179837920121,,1
9962,225.8293769999873,0.6477080169133842,0
9963,225.84101545799058,0.48391701420769095,0
9964,225.85410054202657,0.44079095823690295,0
9965,225.86715016700327,0.404666003305465,0
9966,225.88013033301104,0.2857089857570827,0
9967,225.89048016699962,,1
9968,226.00431987497723,0.574458041228354,0
9969,226.01563508302206,3.1589169520884752,0
9970,226.0314130000188,0.5013329791836441,0
9971,226.04452120797941,0.33062504371628165,0
9972,226.05741591699189,0.21958298748359084,0
9973,226.07018808298744,,1
9974,226.18400012498023,0.4853330319747329,0
9975,226.1956140829716,0.38933404721319675,0
9976,226.2085892080213,,1
9977,226.32242699997732,0.4380830214358866,0
9978,226.3354274170124,0.24795799981802702,0
9979,226.34821116697276,0.24208304239436984,0
9980,226.3609854169772,0.20883302204310894,0
9981,226.37375849997625,0.6175830494612455,0
9982,226.3868491249741,0.5380000220611691,0
9983,226.39997154200682,,1
9984,226.51182116701966,0.6307080038823187,0
9985,226.5250544170267,0.42583298636600375,0
9986,226.53904624999268,1.2310000020079315,0
9987,226.55300116701983,0.3562079509720206,0
9988,226.56596262502717,,1
9989,226.6798749170266,0.4896249738521874,0
9990,226.69293241697596,0.25841599563136697,0
9991,226.70505958300782,0.1645419979467988,0
9992,226.71777699998347,0.26704202173277736,0
9993,226.72895758302184,0.2637499710544944,0
9994,226.74180516699562,0.22912502754479647,0
9995,226.7545824580011,0.22466701921075583,0
9996,226.76738791697426,0.21708302665501833,0
9997,226.78015145799145,0.21949998335912824,0
9998,226.79292650002753,0.22433296544477344,0
9999,226.8045336669893,0.22779102437198162,0
