seq,times_elapsed_secs,rtt_ms,lost
0,1.2500095181167126e-06,1.717833976726979,0
1,0.012584624986629933,0.40554202860221267,0
2,0.025618250016123056,0.5518749821931124,0
3,0.037282667006365955,0.45912497444078326,0
4,0.05028304201550782,0.20337500609457493,0
5,0.06305941700702533,0.24762499378994107,0
6,0.07585916697280481,0.17862505046650767,0
7,0.08856333402218297,0.13279099948704243,0
8,0.09996708401013166,,1
9,0.21221933397464454,,1
10,0.32486141700064763,0.6646250258199871,0
11,0.338130459014792,0.7600829703733325,0
12,0.3514391250209883,0.3498339792713523,0
13,0.36434708401793614,,1
14,0.4766443750122562,0.27533399406820536,0
15,0.4894742090255022,0.3007499617524445,0
16,0.5023345000226982,0.20549999317154288,0
17,0.5150263750110753,0.23320899344980717,0
18,0.527869583980646,0.33658300526440144,0
19,0.5390767499920912,,1
20,0.652492584020365,,1
21,0.7647986669908278,0.33424998400732875,0
22,0.7758974169846624,1.183625019621104,0
23,0.7879221250186674,0.3580839838832617,0
24,0.799021459009964,0.2710410044528544,0
25,0.8118361670058221,0.2804999821819365,0
26,0.824502167000901,,1
27,0.9359372499748133,0.4424590151757002,0
28,0.9490496250218712,0.38520898669958115,0
29,0.9610286669922061,3.838125034235418,0
30,0.976564500015229,0.9259170037694275,0
31,0.9909422919736244,3.1752080540172756,0
32,1.005651667015627,0.6666670087724924,0
33,1.0193802919820882,1.5897080302238464,0
34,1.0325568750267848,2.4066249607130885,0
35,1.0460573749733157,,1
36,1.1578681250102818,0.45537500409409404,0
37,1.169566709024366,0.5564999883063138,0
38,1.1827017919858918,0.42512500658631325,0
39,1.19573020900134,0.46908302465453744,0
40,1.2086165000218898,0.5645419587381184,0
41,1.2204454169841483,0.2381670055910945,0
42,1.2332763749873266,0.45483402209356427,0
43,1.245340584020596,0.27612497797235847,0
44,1.2587532500037923,0.26466697454452515,0
45,1.271482041978743,0.23137504467740655,0
46,1.2824867090093903,0.31937501626089215,0
47,1.2953795419889502,0.4082079976797104,0
48,1.307401292026043,0.2530419733375311,0
49,1.3188200420117937,0.3476249985396862,0
50,1.3316900419886224,0.5126670002937317,0
51,1.3443020000122488,1.2599590118043125,0
52,1.3579991669976152,0.30804198468104005,0
53,1.3698583340155892,0.37958298344165087,0
54,1.3817372919875197,0.3525000065565109,0
55,1.394680541998241,0.3998749889433384,0
56,1.4074787499848753,,1
57,1.5190796250244603,1.6762089799158275,0
58,1.5332312089740299,0.7809160160832107,0
59,1.5454387090285309,1.6003749915398657,0
60,1.5588839169940911,1.197375007905066,0
61,1.5727159589878283,0.33145799534395337,0
62,1.5863707499811426,1.6908750403672457,0
63,1.6009874169831164,0.33487501787021756,0
64,1.6132443340029567,0.3785410081036389,0
65,1.6258737500174902,0.40420895675197244,0
66,1.6373726250021718,0.33604202326387167,0
67,1.6502589589799754,0.33587502548471093,0
68,1.6608589590177871,0.4321250016801059,0
69,1.6718471249914728,0.20412501180544496,0
70,1.6824340419843793,0.2578750136308372,0
71,1.6951148340012878,,1
72,1.809658624988515,,1
73,1.9302066250238568,0.35266700433567166,0
74,1.9469659170135856,0.6457080016843975,0
75,1.9631885419948958,0.8087080204859376,0
76,1.9825450420030393,5.870457971468568,0
77,2.004808666999452,7.234124990645796,0
78,2.0858219169895165,2.6474579935893416,0
79,2.147885792015586,1.752624986693263,0
80,2.2366616670042276,4.219249996822327,0
81,2.3227845419896767,1.653791987337172,0
82,2.3791203750297427,27.300999965518713,0
83,2.418702959024813,1.054332999046892,0
84,2.432585459027905,0.49408298218622804,0
85,2.4508662919979542,9.09383298130706,0
86,2.4707574589992873,2.952040988020599,0
87,2.4842480840161443,0.751374987885356,0
88,2.49767991702538,0.4468329716473818,0
89,2.5082468750188127,0.9264170075766742,0
90,2.5217747500282712,0.37475000135600567,0
91,2.534716500027571,,1
92,2.648201333999168,0.3142500063404441,0
93,2.6610850419965573,0.23512501502409577,0
94,2.6738977499771863,0.26887503918260336,0
95,2.686753124988172,0.23266702191904187,0
96,2.697044708998874,0.1338329748250544,0
97,2.7097090000170283,0.23195898393169045,0
98,2.7215710839955136,0.29641599394381046,0
99,2.732497917022556,0.2212079707533121,0
100,2.7431885420228355,,1
101,2.8555629170150496,0.38712500827386975,0
102,2.868567667028401,0.41208299808204174,0
103,2.881608541996684,0.3890420193783939,0
104,2.8945862089749426,0.40370802162215114,0
105,2.9075999169726856,0.38950005546212196,0
106,2.9205556249944493,0.337334000505507,0
107,2.932020208972972,0.4949160502292216,0
108,2.943042874976527,0.3890420193783939,0
109,2.956037792027928,0.3816249663941562,0
110,2.966847624978982,0.4261250142008066,0
111,2.9786886670044623,0.4398329765535891,0
112,2.99118750001071,,1
113,3.1050986669724807,0.40725001599639654,0
114,3.1171704169828445,0.2709580003283918,0
115,3.1299982499913312,0.4051250289194286,0
116,3.142955042014364,0.2786249970085919,0
117,3.1559840419795364,1.1476670042611659,0
118,3.1675297920010053,0.39374997140839696,0
119,3.1804587920196354,0.48570800572633743,0
120,3.191094458976295,0.3582080244086683,0
121,3.203997291973792,0.36145804915577173,0
122,3.2166992090060376,0.3103329800069332,0
123,3.2295759589760564,,1
124,3.343095041986089,,1
125,3.4570247089723125,,1
126,3.5707302920054644,0.3702499670907855,0
127,3.5829587500193156,0.3451249795034528,0
128,3.595899374980945,0.22045901278033853,0
129,3.608673250011634,0.28662499971687794,0
130,3.6215444590197876,0.28795795515179634,0
131,3.6333538750186563,,1
132,3.7449257919797674,0.3963750205002725,0
133,3.755907833983656,0.24137500440701842,0
134,3.7674637499731034,0.32820901833474636,0
135,3.7803640839993022,0.37895800778642297,0
136,3.791225333989132,0.35329099046066403,0
137,3.8018219170044176,0.23516698274761438,0
138,3.8142647920176387,0.46033295802772045,0
139,3.8248872500262223,0.23987499298527837,0
140,3.8376960839959793,,1
141,3.9506375840283,0.24116598069667816,0
142,3.9634437920176424,0.5199579754844308,0
143,3.9740734589868225,0.35933300387114286,0
144,3.9853257500217296,0.5220839520916343,0
145,3.9971800000057556,0.41149999015033245,0
146,4.009023291990161,0.38899999344721437,0
147,4.022016791976057,0.3727080184035003,0
148,4.032714916975237,0.2043750137090683,0
149,4.0454774589743465,0.41458301711827517,0
150,4.058235041971784,,1
151,4.171981292020064,,1
152,4.283343375020195,0.3488750080578029,0
153,4.294853417028207,0.2690419787541032,0
154,4.307679750025272,0.3915419802069664,0
155,4.320689708983991,0.3416250110603869,0
156,4.332339208980557,0.2948750043287873,0
157,4.345183875004295,0.3404169692657888,0
158,4.358081416983623,0.6213330198079348,0
159,4.371526249975432,0.3782090498134494,0
160,4.384462249989156,0.735500012524426,0
161,4.396085624990519,0.29183400329202414,0
162,4.408728541980963,0.3285420243628323,0
163,4.419457875017542,0.3744169953279197,0
164,4.432381917024031,0.23741699988022447,0
165,4.444246458995622,0.23583299480378628,0
166,4.457011458987836,0.13404100900515914,0
167,4.467920208990108,0.19462499767541885,0
168,4.480634084029589,,1
169,4.594244833977427,0.38241600850597024,0
170,4.607207167020533,0.2026250003837049,0
171,4.618583625007886,0.30854198848828673,0
172,4.632870084024034,1.3289999915286899,0
173,4.646867999981623,0.32345904037356377,0
174,4.659579999977723,0.5159590509720147,0
175,4.67269070900511,0.30645797960460186,0
176,4.68315908400109,0.28845801716670394,0
177,4.694801667006686,0.21299999207258224,0
178,4.707563833973836,0.14362501678988338,0
179,4.72023687500041,,1
180,4.83269679202931,0.4813329433090985,0
181,4.843640583974775,,1
182,4.956737125001382,0.3517500008456409,0
183,4.969704209011979,0.36479096161201596,0
184,4.980308583995793,0.4615830257534981,0
185,4.990962042007595,0.32787496456876397,0
186,5.003887124999892,0.7345000049099326,0
187,5.017196499975398,0.41550002060830593,0
188,5.030367334024049,0.9563329513184726,0
189,5.041664624994155,0.5880839889869094,0
190,5.054840500000864,0.25458401069045067,0
191,5.066864625026938,1.263833953998983,0
192,5.080724333995022,0.3721659886650741,0
193,5.0937677919864655,0.6921250023879111,0
194,5.108939624973573,0.9289170266129076,0
195,5.122558249975555,1.0085420217365026,0
196,5.1363090419908985,0.4683330189436674,0
197,5.1494516669772565,0.287041999399662,0
198,5.162317625014111,0.8278749883174896,0
199,5.17545841698302,0.534249993506819,0
200,5.186513375025243,0.9221249492838979,0
201,5.199240833986551,0.5981660215184093,0
202,5.21304354199674,0.3903750330209732,0
203,5.274461875029374,,1
204,5.451049041992519,29.814000008627772,0
205,5.491201959026512,0.8229159866459668,0
206,5.504606458998751,0.3829160123132169,0
207,5.5152376249898225,0.6292919861152768,0
208,5.5285659590153955,0.5978749832138419,0
209,5.539830334018916,4.233415995258838,0
210,5.55571325001074,1.02583400439471,0
211,5.567729374975897,2.063542022369802,0
212,5.582507541985251,0.5804580287076533,0
213,5.594515624979977,0.6690000300295651,0
214,5.607761792023666,0.5753329605795443,0
215,5.6209274170105346,0.4022920038551092,0
216,5.633950249990448,0.45062502613291144,0
217,5.646999833988957,0.4782500327564776,0
218,5.657848459028173,0.41874998714774847,0
219,5.6708987500169314,0.3649169811978936,0
220,5.681794499978423,,1
221,5.7943798750056885,0.7049170089885592,0
222,5.807559916982427,5.240792001131922,0
223,5.826366916997358,0.7047919789329171,0
224,5.838661500019953,0.5438749794848263,0
225,5.8513049589819275,1.406541035976261,0
226,5.8638887500273995,0.5839589866809547,0
227,5.87554816697957,0.6839170237071812,0
228,5.88751312502427,0.5198339931666851,0
229,5.899449000018649,1.4309999532997608,0
230,5.913146208971739,0.4408330423757434,0
231,5.925296125002205,1.1874170158989727,0
232,5.937420959002338,0.5043330020271242,0
233,5.950527208973654,0.5883750272914767,0
234,5.962278000020888,0.3042089520022273,0
235,5.974598333996255,2.244875009637326,0
236,5.9879230840015225,0.6115830037742853,0
237,6.000536208972335,,1
238,6.111947417026386,,1
239,6.224505792022683,0.4242919967509806,0
240,6.235685000021476,0.3006669576279819,0
241,6.248564124980476,0.33695902675390244,0
242,6.259911999979522,0.33237499883398414,0
243,6.271006042021327,0.420207972638309,0
244,6.284027874993626,0.23812497965991497,0
245,6.295586458989419,0.26608299231156707,0
246,6.307907084003091,0.5059579852968454,0
247,6.321168709022459,7.240540988277644,0
248,6.340116709005088,,1
249,6.4527026250143535,0.499458983540535,0
250,6.465828833985142,1.0912910220213234,0
251,6.479523624991998,0.36308402195572853,0
252,6.492017249984201,0.29195903334766626,0
253,6.504181416996289,0.26545801665633917,0
254,6.517035541997757,0.44308300130069256,0
255,6.52969979197951,0.3892080276273191,0
256,6.541084041993599,1.4673330006189644,0
257,6.553835541999433,,1
258,6.667741250013933,0.2852919860742986,0
259,6.6805905000073835,,1
260,6.794209958985448,0.2773749874904752,0
261,6.807142874982674,3.25429200893268,0
262,6.821713458979502,,1
263,6.935389292018954,0.5112079670652747,0
264,6.948477125028148,0.2442089607939124,0
265,6.961331625003368,0.270708987955004,0
266,6.97423783398699,0.24570804089307785,0
267,6.986200333980378,0.8780829957686365,0
268,6.999212833994534,0.2824160037562251,0
269,7.01221745897783,0.745333032682538,0
270,7.023186791979242,0.39887503953650594,0
271,7.035164000000805,0.2275420119985938,0
272,7.047950499982107,0.2387920394539833,0
273,7.0607318339752965,0.19320804858580232,0
274,7.0734838339849375,0.24733302416279912,0
275,7.083918999996968,0.2524590236134827,0
276,7.096735667029861,0.22958294721320271,0
277,7.109506334003527,0.28508302057161927,0
278,7.122343917028047,0.26000000070780516,0
279,7.134330875007436,0.22749998606741428,0
280,7.144612208998296,,1
281,7.257039833988529,,1
282,7.371182875009254,0.313041964545846,0
283,7.382154375023674,0.24624995421618223,0
284,7.394966666994151,0.26179198175668716,0
285,7.407657917006873,1.341666968073696,0
286,7.421565000026021,0.24108396610245109,0
287,7.431940416980069,,1
288,7.544169209024403,0.25874999118968844,0
289,7.556025209021755,0.2306659589521587,0
290,7.567667542025447,0.25308295153081417,0
291,7.579399749985896,0.22654200438410044,0
292,7.593942958978005,0.3389160265214741,0
293,7.604792000027373,0.2792919985949993,0
294,7.616970833973028,0.24050002684816718,0
295,7.629761042015161,0.21412497153505683,0
296,7.642204625008162,0.2719589974731207,0
297,7.653738167020492,0.2781669609248638,0
298,7.665456208982505,0.25987502885982394,0
299,7.676149917009752,0.3783749998547137,0
300,7.686967834015377,0.25645800633355975,0
301,7.698794917028863,0.250041950494051,0
302,7.712281499989331,,1
303,7.825466291978955,0.3530000103637576,0
304,7.837315417011268,0.3285830025561154,0
305,7.847909500007518,0.3064589691348374,0
306,7.859085291973315,0.472417043056339,0
307,7.870500874996651,0.2573750098235905,0
308,7.883326334005687,0.404624966904521,0
309,7.902202458993997,0.8137080003507435,0
310,7.915628875023685,0.462916970718652,0
311,7.928138374991249,0.33662503119558096,0
312,7.939612624992151,0.3135839942842722,0
313,7.951158875017427,0.29399996856227517,0
314,7.9622849589795806,0.9226660476997495,0
315,7.974047083989717,0.3411250072531402,0
316,7.987037041981239,0.27900002896785736,0
317,7.999469041998964,0.23695797426626086,0
318,8.011321917001624,0.523041991982609,0
319,8.022880584001541,0.6154999719001353,0
320,8.036723583994899,1.494458003435284,0
321,8.051045666972641,,1
322,8.16394187498372,0.5670420359820127,0
323,8.177104834001511,,1
324,8.291403667011764,0.5073329666629434,0
325,8.303272416989785,,1
326,8.415703084028792,,1
327,8.530091500026174,0.2683339989744127,0
328,8.541108375007752,0.29616698157042265,0
329,8.554009167011827,0.42741699144244194,0
330,8.56562250002753,0.41624996811151505,0
331,8.578667833993677,0.3202499938197434,0
332,8.591294209007174,1.4165409957058728,0
333,8.605359833978582,0.3767500165849924,0
334,8.617699959024321,0.2893329947255552,0
335,8.630470166972373,,1
336,8.744034375005867,0.4776249988935888,0
337,8.756322750006802,0.6972500123083591,0
338,8.767437583999708,0.36287499824538827,0
339,8.779844083997887,0.4861250054091215,0
340,8.791967416997068,0.36770798033103347,0
341,8.803536624996923,0.4140000091865659,0
342,8.816629624983761,0.44408399844542146,0
343,8.827761458989698,0.8527500322088599,0
344,8.840686417010147,0.3412080113776028,0
345,8.853172959003132,1.2759999954141676,0
346,8.867028667009436,0.4837919841520488,0
347,8.881166583974846,1.8660000059753656,0
348,8.903049000015017,4.195166984573007,0
349,8.920292209018953,,1
350,9.034953124995809,0.42020902037620544,0
351,9.061796750000212,2.704625017940998,0
352,9.077105792006478,7.777082966640592,0
353,9.098129875026643,1.432583958376199,0
354,9.117960667004809,20.483208005316556,0
355,9.15291275002528,35.3288339683786,0
356,9.200808833993506,5.146166018676013,0
357,9.218550709018018,2.4354999768547714,0
358,9.233698541997,1.7797499895095825,0
359,9.249260667013004,1.489457965362817,0
360,9.26553466700716,1.0476669995114207,0
361,9.279351792007219,0.6187079707160592,0
362,9.292558458982967,0.5903750425204635,0
363,9.30422983400058,,1
364,9.427937166998163,3.284208010882139,0
365,9.449420458986424,7.161332992836833,0
366,9.47732620901661,11.999790964182466,0
367,9.538665624975692,50.79787503927946,0
368,9.606219000008423,33.08387496508658,0
369,9.68933616700815,0.29366702074185014,0
370,9.702217834012117,13.550749979913235,0
371,9.775147999986075,3.1657920335419476,0
372,9.81071604200406,28.45745801459998,0
373,9.888725999975577,,1
374,10.032764000003226,7.22708401735872,0
375,10.057566458999645,1.1204159818589687,0
376,10.071947625023313,1.8984589842148125,0
377,10.088404959009495,,1
378,10.20223779202206,3.837083000689745,0
379,10.21738541702507,0.34083297941833735,0
380,10.230545209022239,0.49954099813476205,0
381,10.244004542008042,1.1732080020010471,0
382,10.260736584023107,3.0644999933429062,0
383,10.279483125021216,3.9101250004023314,0
384,10.296047875017393,1.133584009949118,0
385,10.30975983402459,0.25045796064659953,0
386,10.323198084020987,0.5028749583289027,0
387,10.339472167019267,,1
388,10.507570667017717,0.2836249768733978,0
389,10.544785542006139,0.9744169656187296,0
390,10.563220708980225,0.40912500116974115,0
391,10.57561020902358,13.906957989092916,0
392,10.60612225002842,4.286166978999972,0
393,10.681877541996073,7.320999982766807,0
394,10.70739350002259,31.415042001754045,0
395,10.751406666997354,5.305500002577901,0
396,10.768410708988085,1.7536249943077564,0
397,10.782819791988004,1.611167041119188,0
398,10.797066833998542,0.5063749849796295,0
399,10.80777733400464,1.3462909846566617,0
400,10.821907875011675,0.31341699650511146,0
401,10.833866417000536,0.37691701436415315,0
402,10.844604499987327,0.33900002017617226,0
403,10.855730584007688,1.116250001359731,0
404,10.869934500020463,,1
405,10.98348866699962,,1
406,11.15000887500355,14.09241696819663,0
407,11.18121875001816,3.17649997305125,0
408,11.196425249974709,32.3985840077512,0
409,11.242823750013486,1.065584016032517,0
410,11.255965834017843,0.9289159788750112,0
411,11.26957887498429,1.3039589975960553,0
412,11.28149545902852,0.2647079527378082,0
413,11.294554124993738,0.8706669905222952,0
414,11.306874333997257,0.5055409856140614,0
415,11.319967833987903,0.23958302335813642,0
416,11.332364875008352,0.6573749706149101,0
417,11.344445042021107,0.30029198387637734,0
418,11.355791791982483,0.40416704723611474,0
419,11.367706375021953,0.4663749714381993,0
420,11.379300999979023,0.42462500277906656,0
421,11.390323167026509,0.4830829566344619,0
422,11.402687499998137,0.31637499341741204,0
423,11.414521166996565,0.4487499827519059,0
424,11.427635000029113,0.2579589490778744,0
425,11.439573167008348,0.6262499955482781,0
426,11.451481874973979,0.37795904790982604,0
427,11.464411875000224,,1
428,11.578417458978947,0.40370802162215114,0
429,11.589371084002778,0.3279999946244061,0
430,11.60149008402368,0.381499994546175,0
431,11.614304666989483,0.3879170399159193,0
432,11.62586354202358,0.6214999593794346,0
433,11.637760584009811,0.540041015483439,0
434,11.650806166988332,,1
435,11.778164334013127,8.284749987069517,0
436,11.80019949999405,0.5356670008040965,0
437,11.811560624977574,0.3185420064255595,0
438,11.822112374997232,6.038833991624415,0
439,11.84072916698642,0.3648329875431955,0
440,11.852755416999571,1.0285829775966704,0
441,11.866335834027268,0.6586249801330268,0
442,11.877882374974433,1.2566670193336904,0
443,11.89246187498793,0.6869590142741799,0
444,11.905876958975568,0.3095410065725446,0
445,11.91803079197416,0.3421670407988131,0
446,11.929911750019528,0.5374169559217989,0
447,11.941713834006805,0.25420798920094967,0
448,11.954530709015671,0.3549159737303853,0
449,11.967328750004526,0.4443749785423279,0
450,11.980388417025097,0.6120000034570694,0
451,11.992979167029262,0.48587494529783726,0
452,12.00466283399146,0.6455410039052367,0
453,12.01778325001942,0.6110839894972742,0
454,12.031376499973703,0.3325840225443244,0
455,12.045889750006609,1.03479198878631,0
456,12.058658334019128,0.5131249781697989,0
457,12.069443584012333,0.6816249806433916,0
458,12.082893166982103,0.3370000049471855,0
459,12.095914334000554,0.38904097164049745,0
460,12.108880417014007,2.3837079643271863,0
461,12.123882583982777,0.41375000728294253,0
462,12.136866417014971,0.31108298571780324,0
463,12.149048499995843,0.5616249982267618,0
464,12.162304792029317,,1
465,12.275487917009741,0.48879196401685476,0
466,12.287345417018514,0.34854200202971697,0
467,12.298307584016584,,1
468,12.412296709022485,0.4547499702312052,0
469,12.42742108402308,0.8843749528750777,0
470,12.440785749990027,5.532999988645315,0
471,12.464628749992698,9.28733398905024,0
472,12.486656167020556,0.36170799285173416,0
473,12.498132916982286,0.3891250235028565,0
474,12.509305458981544,0.600916042458266,0
475,12.52264166699024,2.8773749945685267,0
476,12.53833587502595,0.24845899315550923,0
477,12.550709292001557,0.5477920058183372,0
478,12.562898667005356,1.073916966561228,0
479,12.574537959008012,0.8709999965503812,0
480,12.588327249977738,0.2594590187072754,0
481,12.599267333978787,1.6971660079434514,0
482,12.612801084003877,0.993916008155793,0
483,12.625645500025712,1.6440419713035226,0
484,12.640141125011723,2.3744169739075005,0
485,12.655954458983615,0.3567080129869282,0
486,12.670173334015999,1.6750409849919379,0
487,12.684088749985676,0.8721250342205167,0
488,12.702468083996791,1.3676250237040222,0
489,12.721184374997392,0.43458398431539536,0
490,12.746894542011432,0.44887501280754805,0
491,12.759475625003688,1.028708997182548,0
492,12.773812667001039,0.42329198913648725,0
493,12.78716229199199,0.5730830016545951,0
494,12.800546041980851,0.9003330487757921,0
495,12.83106279198546,0.7707499898970127,0
496,12.8434348750161,0.974333961494267,0
497,12.8573698750115,0.4073340096510947,0
498,12.952770542004146,26.730792014859617,0
499,13.155087625025772,132.02312495559454,0
500,13.301542499975767,0.8365000248886645,0
501,13.314589708985295,0.5815830081701279,0
502,13.327941292023752,0.5431669997051358,0
503,13.339143041986972,,1
504,13.451281083980575,0.5250410176813602,0
505,13.46444158401573,0.2882079570554197,0
506,13.475370583997574,0.42533298255875707,0
507,13.488814209005795,0.2687079831957817,0
508,13.501008375023957,0.8890419849194586,0
509,13.514595834014472,0.8007909636944532,0
510,13.526037250005174,0.7070419960655272,0
511,13.537766291992739,0.26599998818710446,0
512,13.550066417024937,0.5126670002937317,0
513,13.561232124979142,0.2737920149229467,0
514,13.574034709017724,,1
515,13.685870666988194,0.47512503806501627,0
516,13.69788387499284,0.5600000149570405,0
517,13.715372667007614,60.16654201084748,0
518,13.810523374995682,26.533583994023502,0
519,13.84961445897352,0.5432080361060798,0
520,13.86369312502211,0.3374170046299696,0
521,13.876745124987792,0.28849998489022255,0
522,13.889678958978038,3.7206660490483046,0
523,13.905661125027109,0.39708398981019855,0
524,13.917571583995596,0.7193749770522118,0
525,13.929317833972163,1.0818750015459955,0
526,13.941164291987661,0.32154202926903963,0
527,13.95260745898122,0.23520801914855838,0
528,13.964857166982256,0.26279204757884145,0
529,13.976823874982074,0.22295903181657195,0
530,13.98960354202427,0.2715829759836197,0
531,14.001069833990186,,1
532,14.114851541991811,0.493750034365803,0
533,14.127942999999505,0.31224999111145735,0
534,14.140953459020238,0.28312497306615114,0
535,14.154403500026092,0.2732919529080391,0
536,14.167145791987423,0.29220798751339316,0
537,14.17794529197272,0.40300004184246063,0
538,14.190680042025633,0.3203749656677246,0
539,14.20332245901227,0.2764160162769258,0
540,14.215860292024445,0.34799997229129076,0
541,14.227278333972208,0.2502500428818166,0
542,14.23906904202886,0.9519579471088946,0
543,14.252874459023587,0.28379098512232304,0
544,14.265715375018772,0.2512499922886491,0
545,14.277472709014546,0.6498330039903522,0
546,14.290054166980553,0.39850000757724047,0
547,14.301097624993417,0.9247499983757734,0
548,14.313463374972343,0.498417008202523,0
549,14.325267417007126,0.433625013101846,0
550,14.337026667024475,0.3462919848971069,0
551,14.349572916980833,0.2542500151321292,0
552,14.362786791985855,1.373667037114501,0
553,14.374639209010638,0.4747909842990339,0
554,14.385491041990463,1.0419579921290278,0
555,14.400277542008553,0.5642499891109765,0
556,14.412173709017225,0.4054579767398536,0
557,14.424599708989263,1.1644160258583724,0
558,14.438012333994266,0.27304101968184114,0
559,14.450845833984204,0.2871660399250686,0
560,14.46371658402495,0.2847909927368164,0
561,14.475610958994366,0.33008301397785544,0
562,14.486659792019054,0.3180829808115959,0
563,14.499191708979197,,1
564,14.610691541980486,0.5812500021420419,0
565,14.622399833984673,0.28795801335945725,0
566,14.635284917021636,0.43058296432718635,0
567,14.646161000011489,0.27537497226148844,0
568,14.657596167002339,2.415457973256707,0
569,14.671427584020421,,1
570,14.78584658401087,0.7959160138852894,0
571,14.799211166973691,0.5620420561172068,0
572,14.812344916979782,0.3162079956382513,0
573,14.824744416982867,0.54041703697294,0
574,14.836586999997962,0.587416987400502,0
575,14.849786333972588,0.3709580050781369,0
576,14.862835875013843,0.3220419748686254,0
577,14.875286291993689,0.4574169870465994,0
578,14.888304584019352,0.26483298279345036,0
579,14.901861709018704,1.3043329818174243,0
580,14.91588587500155,,1
581,15.144589208997786,0.5705829826183617,0
582,15.167041792010423,46.12662497675046,0
583,15.264628416975029,3.9764580433256924,0
584,15.316179000015836,1.9607089925557375,0
585,15.37010395899415,2.698790980502963,0
586,15.423887458979152,7.054625020828098,0
587,15.480482042010408,3.7272920017130673,0
588,15.531788291991688,51.3593329815194,0
589,15.65637300000526,4.927041998598725,0
590,15.718200250004884,1.5106250066310167,0
591,15.837739916983992,46.326750016305596,0
592,15.933736709004734,44.411915994714946,0
593,15.993281250004657,1.7509590252302587,0
594,16.007787249982357,3.343541990034282,0
595,16.023889042029623,0.2899999963119626,0
596,16.036853500001598,0.5885420250706375,0
597,16.051966874976642,0.8873339975252748,0
598,16.064237667014822,0.35095796920359135,0
599,16.077230499999132,0.5777499754913151,0
600,16.090521333971992,0.4712080117315054,0
601,16.10129949997645,0.5655420245602727,0
602,16.11449041700689,,1
603,16.227723583986517,4.406500025652349,0
604,16.2451263749972,5.788000009488314,0
605,16.263817792001646,0.48874999629333615,0
606,16.27685362502234,0.34324999433010817,0
607,16.288283209025394,0.2806249540299177,0
608,16.301423917000648,3.3452080097049475,0
609,16.31872999999905,0.8215000270865858,0
610,16.33271791698644,1.451792020816356,0
611,16.34944204200292,1.4772919821552932,0
612,16.371184916992206,4.41708299331367,0
613,16.388419958995655,0.2537909895181656,0
614,16.420720959024038,0.9262499515898526,0
615,16.43754779198207,1.4855830231681466,0
616,16.450742208980955,6.990207999479026,0
617,16.47123195900349,12.507290986832231,0
618,16.497365708986763,0.26608299231156707,0
619,16.510378333972767,0.3412080113776028,0
620,16.523579167027492,0.4510829458013177,0
621,16.53468291700119,0.4539170186035335,0
622,16.54543795902282,0.262040994130075,0
623,16.55839483399177,0.32966601429507136,0
624,16.568942375015467,0.8507499587722123,0
625,16.58105387497926,0.4312500241212547,0
626,16.59287629200844,0.4487080150283873,0
627,16.605892208986916,0.2865000278688967,0
628,16.616855125001166,0.4900419735349715,0
629,16.62811450002482,0.28908398235216737,0
630,16.64069158397615,0.35379105247557163,0
631,16.65205708402209,,1
632,16.766176209028345,0.32058299984782934,0
633,16.77925270900596,,1
634,16.892087750020437,0.9541669860482216,0
635,16.905787458992563,0.26362499920651317,0
636,16.91849958401872,0.28029095847159624,0
637,16.93133641697932,,1
638,17.04346820898354,0.4752080421894789,0
639,17.056573416979518,0.33850001636892557,0
640,17.069471375027206,0.25924999499693513,0
641,17.080342124972958,0.30562502797693014,0
642,17.09117004199652,0.626583001576364,0
643,17.102402916993015,0.27000001864507794,0
644,17.115231874980964,0.26870903093367815,0
645,17.12620495900046,0.6680410006083548,0
646,17.137496375013143,,1
647,17.2506410839851,0.2566250041127205,0
648,17.26291658397531,0.30808302108198404,0
649,17.275866583979223,0.2692910493351519,0
650,17.28660716698505,0.29720802558586,0
651,17.29955916700419,0.20962499547749758,0
652,17.31232299999101,0.2490000333636999,0
653,17.324540417001117,0.34362502628937364,0
654,17.335386499995366,0.28962502256035805,0
655,17.34579529199982,0.2962920116260648,0
656,17.35635875002481,0.587833987083286,0
657,17.367579208977986,0.3245410043746233,0
658,17.380519917001948,0.2887499867938459,0
659,17.390896334021818,0.3701249952428043,0
660,17.404317834007088,0.4183750133961439,0
661,17.41668079199735,,1
662,17.528938749979716,0.3094170242547989,0
663,17.540872875018977,1.2453339877538383,0
664,17.55418641702272,0.4419999895617366,0
665,17.565474000002723,0.47254201490432024,0
666,17.578729791974183,0.2557080006226897,0
667,17.594749209005386,0.8653330150991678,0
668,17.61022937501548,0.5769169656559825,0
669,17.62340508401394,0.4272499936632812,0
670,17.63612079201266,0.3141670022159815,0
671,17.649176249979064,0.27645903173834085,0
672,17.66045516700251,0.32225000904873013,0
673,17.67335345898755,,1
674,17.785397041996475,0.2709170221351087,0
675,17.797106917016208,0.25637500220909715,0
676,17.809100250015035,,1
677,17.922501375025604,0.9439169662073255,0
678,17.935980000009295,0.36037497920915484,0
679,17.94691162498202,0.2957500400952995,0
680,17.961403249995783,0.5433339974842966,0
681,17.97452124999836,1.1822920059785247,0
682,17.988270416972227,,1
683,18.10080974997254,,1
684,18.213233084010426,1.0039159678854048,0
685,18.22594754199963,,1
686,18.34110766701633,3.7714579957537353,0
687,18.357647209020797,3.7839579745195806,0
688,18.371697292022873,,1
689,18.486297167022713,,1
690,18.599377750011627,0.7864590152166784,0
691,18.612006334005855,0.3488329821266234,0
692,18.62386858399259,0.35970803583040833,0
693,18.634397334011737,1.5084999613463879,0
694,18.64602162502706,0.3267499851062894,0
695,18.659955749986693,0.5270420224405825,0
696,18.672305084008258,0.34074997529387474,0
697,18.68520433397498,0.34920801408588886,0
698,18.69563004199881,0.4106669803149998,0
699,18.70796591701219,0.5384169635362923,0
700,18.721064875018783,,1
701,18.83470137498807,0.3059590235352516,0
702,18.847222791984677,0.26420800713822246,0
703,18.85793250001734,0.7532499730587006,0
704,18.871236542006955,0.2913330099545419,0
705,18.88267616700614,0.4259580164216459,0
706,18.89559566701064,0.255499966442585,0
707,18.908404292014893,,1
708,19.021322084008716,0.2770000137388706,0
709,19.034152249980252,0.22175000049173832,0
710,19.04554670897778,0.15108304796740413,0
711,19.0572815000196,0.16945897368714213,0
712,19.069117833976634,0.21966604981571436,0
713,19.081894667004235,0.2637499710544944,0
714,19.092907959013246,0.23924995912238955,0
715,19.104555875004735,0.23779197363182902,0
716,19.11609620897798,0.22350001381710172,0
717,19.128864417027216,0.2067919704131782,0
718,19.1411843340029,0.1670829951763153,0
719,19.153905917017255,0.2606670022942126,0
720,19.16611454199301,0.2644580090418458,0
721,19.17655404197285,0.37108303513377905,0
722,19.1879111250164,0.36570901283994317,0
723,19.200805417029187,0.25770795764401555,0
724,19.212910374975763,,1
725,19.32750091701746,,1
726,19.43969437497435,0.2529170014895499,0
727,19.451531084021553,0.3471659729257226,0
728,19.463379250024445,0.3517089644446969,0
729,19.47522858402226,0.29329099925234914,0
730,19.488093708991073,,1
731,19.601850209000986,0.693832989782095,0
732,19.615122292016167,0.31104200752452016,0
733,19.626797209028155,0.36570796510204673,0
734,19.63971166702686,0.2259579487144947,0
735,19.65040358400438,0.28550002025440335,0
736,19.660973125020973,0.3114169812761247,0
737,19.673840958974324,,1
738,19.786808167002164,0.6227500271052122,0
739,19.800967874994967,,1
740,19.9153965000296,0.40241697570309043,0
741,19.926531209028326,,1
742,20.040295041981153,,1
743,20.15636008401634,0.4777080030180514,0
744,20.168264625011943,0.4164589918218553,0
745,20.18128349998733,0.4435839946381748,0
746,20.194640624977183,0.47245901077985764,0
747,20.207457459007856,0.5605409969575703,0
748,20.21857079199981,0.5039580282755196,0
749,20.231682875019033,0.457458954770118,0
750,20.243858792004175,0.8759999764151871,0
751,20.255624625016935,0.5757919861935079,0
752,20.266740792023484,0.6260829977691174,0
753,20.278176166990306,0.9064170299097896,0
754,20.291381374991033,0.7760000298731029,0
755,20.304136125021614,0.41924999095499516,0
756,20.317157500016037,0.623249972704798,0
757,20.33039183402434,0.5495829973369837,0
758,20.34142991702538,0.7074169698171318,0
759,20.354728750011418,0.3422499867156148,0
760,20.367645875026938,0.5232919938862324,0
761,20.378715624974575,0.6293340120464563,0
762,20.389596250024624,0.3932919935323298,0
763,20.400392499985173,0.6611249991692603,0
764,20.41366137500154,1.625542005058378,0
765,20.426925292005762,0.4623749991878867,0
766,20.43756749999011,1.2649170239455998,0
767,20.45155908400193,0.5251659895293415,0
768,20.464719666983,0.5227500223554671,0
769,20.47784829197917,0.4402080085128546,0
770,20.490134334017057,0.3452079836279154,0
771,20.50157050002599,0.6080419989302754,0
772,20.51323575002607,0.2731669810600579,0
773,20.525934666977264,,1
774,20.639885334006976,0.5710829864256084,0
775,20.65306550002424,0.48508396139368415,0
776,20.666163375019096,,1
777,20.779798083996866,0.474874977953732,0
778,20.790686708991416,0.4313749959692359,0
779,20.803711834014393,0.761958013754338,0
780,20.81663858401589,0.2853749901987612,0
781,20.827989834011532,0.3863750025629997,0
782,20.84067058400251,0.328666006680578,0
783,20.853561584022827,0.36933296360075474,0
784,20.865968541998882,0.2310419804416597,0
785,20.878391666978132,0.2275830483995378,0
786,20.89116204198217,0.31100003980100155,0
787,20.902282750001177,0.22908399114385247,0
788,20.915038709004875,0.249041011556983,0
789,20.925986959016882,0.3437079722061753,0
790,20.938886791991536,,1
791,21.052536709001288,0.33658300526440144,0
792,21.06540479202522,0.2211249666288495,0
793,21.078147166990675,0.2767920377664268,0
794,21.090964875009377,0.27645897353067994,0
795,21.10378804197535,0.33595802960917354,0
796,21.11669829202583,0.48224994679912925,0
797,21.127952834009193,0.4114159964956343,0
798,21.140944875020068,1.5059589641168714,0
799,21.155039542005397,0.3643329837359488,0
800,21.166692583996337,0.41633303044363856,0
801,21.179694666992873,0.534999999217689,0
802,21.19164016697323,0.3988330136053264,0
803,21.20379454200156,0.3951250109821558,0
804,21.21676804200979,0.4522500094026327,0
805,21.2315028749872,0.5622919998131692,0
806,21.245381583983544,0.5642080213874578,0
807,21.2585426250007,0.4252090002410114,0
808,21.270758916973136,0.3137080348096788,0
809,21.282425499986857,0.5623750039376318,0
810,21.295584708976094,0.4294580430723727,0
811,21.307826166972518,0.9558750316500664,0
812,21.321345250005834,0.3381249844096601,0
813,21.332721167011186,0.33062498550862074,0
814,21.343574542028364,0.5440829554572701,0
815,21.35465066699544,5.149375007022172,0
816,21.372451125003863,1.0697920224629343,0
817,21.38611000002129,0.474874977953732,0
818,21.396806749980897,0.32229203497990966,0
819,21.409696292015724,0.4580419627018273,0
820,21.420525958994403,0.4141660174354911,0
821,21.431086209020577,1.3040409539826214,0
822,21.442551459011156,,1
823,21.55608329200186,,1
824,21.66905983397737,2.5701250415295362,0
825,21.68274008401204,0.3261250094510615,0
826,21.69458333402872,0.5632909596897662,0
827,21.70643233397277,0.5763330264016986,0
828,21.71962887502741,0.5299589829519391,0
829,21.73248175001936,0.4675840027630329,0
830,21.74399295897456,,1
831,21.85861075000139,,1
832,21.972715625015553,0.6567919626832008,0
833,21.985879083978944,0.5222909967415035,0
834,21.999038084002677,0.7226250017993152,0
835,22.012434125004802,0.347458990290761,0
836,22.024229792004917,,1
837,22.13718666700879,0.4998749936930835,0
838,22.150293292012066,0.5050000036135316,0
839,22.163405791972764,0.47820800682529807,0
840,22.176480958994944,0.4823749768547714,0
841,22.18866883398732,0.4082079976797104,0
842,22.200456125021446,0.33787498250603676,0
843,22.213006625010166,0.2709589898586273,0
844,22.22583020897582,0.3048329963348806,0
845,22.238710500008892,0.25166699197143316,0
846,22.25152245897334,0.24487503105774522,0
847,22.26188079197891,0.599374994635582,0
848,22.27339862502413,0.4701249999925494,0
849,22.285278249997646,0.5392500315792859,0
850,22.297970708983485,0.6928330403752625,0
851,22.31125929200789,0.7406249642372131,0
852,22.324583999987226,0.23537501692771912,0
853,22.337385208986234,0.474166008643806,0
854,22.348446750023868,0.19933399744331837,0
855,22.36085437500151,0.3740839892998338,0
856,22.37381966697285,0.4212500061839819,0
857,22.384852333983872,0.43233303586021066,0
858,22.396046834008303,0.2877910155802965,0
859,22.40785187500296,0.4034169833175838,0
860,22.420878375007305,0.2912089694291353,0
861,22.431589999992866,0.3773340140469372,0
862,22.444570125022437,0.47433399595320225,0
863,22.45728404202964,,1
864,22.56975666701328,0.43399998685345054,0
865,22.58276320900768,0.41570799658074975,0
866,22.594377874978818,0.6241670344024897,0
867,22.60709483397659,0.5163330351933837,0
868,22.6183749170159,1.021082978695631,0
869,22.63081683398923,,1
870,22.7442738750251,0.3339169779792428,0
871,22.757217917009257,0.4116669879294932,0
872,22.7702110420214,0.42104197200387716,0
873,22.780923124984838,0.4421669873408973,0
874,22.792790709005203,0.4413750139065087,0
875,22.805816125008278,0.38991699693724513,0
876,22.81765041698236,0.3885420155711472,0
877,22.828602041990962,0.47066702973097563,0
878,22.844372374995146,0.5392089951783419,0
879,22.857519417011645,3.7102079950273037,0
880,22.87294324999675,0.38225000025704503,0
881,22.884001792001072,0.310166971758008,0
882,22.894425917009357,0.5009999731555581,0
883,22.906887917022686,0.5299169570207596,0
884,22.920028124994133,0.5056249792687595,0
885,22.930886666988954,0.5696250009350479,0
886,22.94295591698028,0.596208032220602,0
887,22.953870041994378,0.9155829902738333,0
888,22.96658008400118,0.4237079992890358,0
889,22.978418416983914,0.4267499898560345,0
890,22.990967334015295,0.5135409883223474,0
891,23.00182574999053,0.502375012729317,0
892,23.014925124996807,0.4287090268917382,0
893,23.02736779197585,0.42037502862513065,0
894,23.039879042014945,1.513750001322478,0
895,23.052929416997358,0.6054579862393439,0
896,23.065089333977085,0.57050003670156,0
897,23.078245209006127,0.2693330170586705,0
898,23.091070750029758,0.3690839512273669,0
899,23.104018334008288,0.32724998891353607,0
900,23.116532624990214,0.31558400951325893,0
901,23.129404874984175,0.33358403015881777,0
902,23.141965791990515,0.26712502585723996,0
903,23.154778749973048,0.3397500258870423,0
904,23.167654583987314,0.2371250302530825,0
905,23.18013766699005,0.3155419835820794,0
906,23.190971167001408,0.7118749781511724,0
907,23.204232459014747,0.2745409728959203,0
908,23.21704650000902,0.2739169867709279,0
909,23.229947292013094,0.36875001387670636,0
910,23.242103125026915,0.302916974760592,0
911,23.252953958988655,0.20883302204310894,0
912,23.264587167010177,0.20304200006648898,0
913,23.275882375019137,0.5817500059492886,0
914,23.288995500013698,,1
915,23.40263758401852,0.3712499747052789,0
916,23.415577708976343,0.30454102670773864,0
917,23.428438542003278,0.38054201286286116,0
918,23.441192125028465,0.49041694728657603,0
919,23.454301375022624,0.4351249663159251,0
920,23.465680708992295,0.45645801583305,0
921,23.4786986670224,0.41408295510336757,0
922,23.491173374990467,0.46725000720471144,0
923,23.50214599998435,0.48266700468957424,0
924,23.514724500011653,0.5152089870534837,0
925,23.525968958972953,0.4242080030962825,0
926,23.538994500006083,0.5252920091152191,0
927,23.550577291985974,0.38895802572369576,0
928,23.56360516702989,0.4575829952955246,0
929,23.576685416977853,0.6581250345334411,0
930,23.58994737500325,0.3878339775837958,0
931,23.602650167013053,0.4130830056965351,0
932,23.6135349170072,,1
933,23.727402959018946,0.4343329928815365,0
934,23.740432958991732,0.41024998063221574,0
935,23.751591708976775,0.4065000102855265,0
936,23.763458834029734,,1
937,23.877342874999158,0.350042013451457,0
938,23.890315584023483,0.4546659765765071,0
939,23.903357167029753,0.4765829653479159,0
940,23.91446820902638,0.5423330003395677,0
941,23.9290649999748,0.3557500313036144,0
942,23.939781500026584,0.4122089594602585,0
943,23.952855209005065,,1
944,24.065772166999523,0.29620801797136664,0
945,24.078714000002947,0.38745900383219123,0
946,24.091176334011834,0.39012497290968895,0
947,24.102556917001493,0.4028750117868185,0
948,24.113989416975528,0.7431250414811075,0
949,24.126860667020082,0.517916982062161,0
950,24.139992834010627,0.4167910083197057,0
951,24.15221199998632,0.270708987955004,0
952,24.165044334018603,0.24174997815862298,0
953,24.17609295900911,0.38425001548603177,0
954,24.187889125023503,1.8635839805938303,0
955,24.20230783399893,0.2811659942381084,0
956,24.215159500017762,0.4100420046597719,0
957,24.227296542027034,0.4005419905297458,0
958,24.24031266698148,0.42345799738541245,0
959,24.252763208991382,0.4060409846715629,0
960,24.265849374991376,0.6230000290088356,0
961,24.27742237498751,2.234709041658789,0
962,24.29196195898112,1.000832999125123,0
963,24.30560266698012,,1
964,24.4199658340076,0.36454101791605353,0
965,24.430616417026613,0.8786669932305813,0
966,24.444371749996208,0.39829203160479665,0
967,24.457360541971866,0.38216705434024334,0
968,24.469521959021222,0.3874999820254743,0
969,24.482348125020508,0.32579200342297554,0
970,24.495249875006266,0.4116669879294932,0
971,24.507012208981905,0.8137910044752061,0
972,24.51886845898116,0.5336250178515911,0
973,24.530776500003412,0.3706670249812305,0
974,24.542763209028635,2.610832976642996,0
975,24.558057042013388,0.5665000062435865,0
976,24.570390291977674,0.5327080143615603,0
977,24.583532958989963,0.4383749910630286,0
978,24.594405375013594,0.4009589902125299,0
979,24.607342791976407,0.3435830003581941,0
980,24.62027145898901,0.4369579837657511,0
981,24.631108874978963,0.2858749940060079,0
982,24.64394695899682,0.3326250007376075,0
983,24.66037670901278,0.5911249900236726,0
984,24.673554709006567,2.4623749777674675,0
985,24.6944190840004,0.45250001130625606,0
986,24.70742308400804,0.22487499518319964,0
987,24.720212708984036,,1
988,24.831619250006042,0.4860839690081775,0
989,24.84471091697924,0.4629170289263129,0
990,24.855349667021073,0.4184169811196625,0
991,24.868369208998047,0.7491250289604068,0
992,24.88210375001654,0.6088339723646641,0
993,24.892880292027257,0.32762496266514063,0
994,24.905782209010795,0.43399998685345054,0
995,24.923339125001803,1.997958985157311,0
996,24.937946458987426,0.4747500061057508,0
997,24.95101949997479,0.4917920450679958,0
998,24.964112667017616,0.47633296344429255,0
999,24.977386875019874,3.487749956548214,0
1000,24.992024792009033,0.46608300181105733,0
1001,25.005107417004183,0.4056670004501939,0
1002,25.017261209024582,0.46749995090067387,0
1003,25.03039270901354,0.40608301060274243,0
1004,25.04342662502313,0.5143749876879156,0
1005,25.056576874980237,0.5967920296825469,0
1006,25.07112724997569,1.662417023908347,0
1007,25.08547616697615,0.3333330387249589,0
1008,25.097924917005002,0.6264579715207219,0
1009,25.111162749992218,0.30608399538323283,0
1010,25.12387175002368,0.5726249655708671,0
1011,25.137262834003195,0.5890409811399877,0
1012,25.14929920900613,0.5230829701758921,0
1013,25.16244733397616,1.1789160198532045,0
1014,25.175654708989896,0.3915830166079104,0
1015,25.1885282919975,0.42808300349861383,0
1016,25.20155858399812,0.6044579786248505,0
1017,25.214828666998073,0.501292000990361,0
1018,25.227516209008172,0.3920000162906945,0
1019,25.240768791991286,0.5847500287927687,0
1020,25.253983667003922,0.42629201197996736,0
1021,25.267078209028114,0.9897909476421773,0
1022,25.28084345901152,,1
1023,25.392227334028576,0.42595795821398497,0
1024,25.40529212501133,0.3606670070439577,0
1025,25.41822312498698,0.37270900793373585,0
1026,25.431165874993894,0.37454202538356185,0
1027,25.444107624993194,0.25350000942125916,0
1028,25.45689312502509,0.2472499618306756,0
1029,25.469676250009798,0.2608749782666564,0
1030,25.480124166992027,0.30187499942258,0
1031,25.492970250023063,0.33308396814391017,0
1032,25.50374474999262,0.3208339912816882,0
1033,25.516607958998065,0.2814999897964299,0
1034,25.527321083995048,,1
1035,25.640683625009842,0.361250014975667,0
1036,25.653214499994647,0.6128749810159206,0
1037,25.665674666990526,0.2878329833038151,0
1038,25.67636687500635,0.24904200108721852,0
1039,25.689172583981417,0.2394579933024943,0
1040,25.699947624991182,0.6479590083472431,0
1041,25.713213916984387,0.4189170431345701,0
1042,25.725421209004708,0.3712499747052789,0
1043,25.738672791980207,0.514000013936311,0
1044,25.752242250018753,,1
1045,25.86620300001232,,1
1046,25.98012716701487,0.2680830075405538,0
1047,25.990685958997346,0.4160410026088357,0
1048,26.005581541976426,,1
1049,26.119467208976857,0.32575003569945693,0
1050,26.1323752499884,0.5275420262478292,0
1051,26.145513084018603,0.4503749660216272,0
1052,26.157495209015906,0.36108295898884535,0
1053,26.172059000004083,1.7285000067204237,0
1054,26.18531675002305,0.2922919811680913,0
1055,26.198195124976337,,1
1056,26.313257459027227,7.042415963951498,0
1057,26.334914834005758,0.47629099572077394,0
1058,26.3478245420265,0.2661669859662652,0
1059,26.360659624973778,0.28945901431143284,0
1060,26.373523249989375,0.4997089854441583,0
1061,26.38510433398187,,1
1062,26.49713425000664,,1
1063,26.610965250001755,0.34137500915676355,0
1064,26.623498417029623,0.29687496135011315,0
1065,26.635363709006924,0.36866602022200823,0
1066,26.646902374981437,0.3304170095361769,0
1067,26.657854333985597,,1
1068,26.7708657499752,,1
1069,26.885013709019404,2.2428329684771597,0
1070,26.900046334019862,0.9459579596295953,0
1071,26.91366066702176,0.5176249542273581,0
1072,26.92620975000318,0.5113750230520964,0
1073,26.939360334014054,0.3939580055885017,0
1074,26.95232024998404,0.3855419927276671,0
1075,26.96525029197801,0.2458750386722386,0
1076,26.976490375003777,1.382749993354082,0
1077,26.990563625004143,0.4047499969601631,0
1078,27.003560042008758,0.27495797257870436,0
1079,27.014738459023647,0.3559999749995768,0
1080,27.025548917008564,0.200167007278651,0
1081,27.038306917005684,0.23700000019744039,0
1082,27.051079959026538,0.23845798568800092,0
1083,27.063842959003523,0.206290977075696,0
1084,27.074393833987415,0.17854099860414863,0
1085,27.087131624983158,0.19245903240516782,0
1086,27.09986737498548,0.2619590377435088,0
1087,27.111762167012785,0.29729196103289723,0
1088,27.12468666699715,0.32641697907820344,0
1089,27.13673045899486,0.535333005245775,0
1090,27.148057334008627,0.44958299258723855,0
1091,27.1610897090286,0.5324999801814556,0
1092,27.17462354199961,0.43925002682954073,0
1093,27.185371249972377,0.46125001972541213,0
1094,27.19604591699317,0.5371670122258365,0
1095,27.20744187501259,,1
1096,27.319109833973926,0.5115410313010216,0
1097,27.330762209021486,0.32966595608741045,0
1098,27.342579083982855,0.23704103659838438,0
1099,27.35540412500268,0.4081249935552478,0
1100,27.36592816701159,0.4070000140927732,0
1101,27.37889658397762,0.24266605032607913,0
1102,27.393899624992628,3.1436249846592546,0
1103,27.407180333975703,0.31158304773271084,0
1104,27.418293500028085,0.34320895792916417,0
1105,27.432399249984883,0.7090840372256935,0
1106,27.443839834013488,0.3589160041883588,0
1107,27.455712124996353,0.37875003181397915,0
1108,27.46635325002717,0.5301669589243829,0
1109,27.47947199997725,0.39466703310608864,0
1110,27.4912159590167,0.4147079889662564,0
1111,27.503145541995764,0.3028750070370734,0
1112,27.51602558401646,0.332249968778342,0
1113,27.526886208972428,0.33537502167746425,0
1114,27.538728500017896,,1
1115,27.650381374987774,0.639208999928087,0
1116,27.66122391697718,0.39720803033560514,0
1117,27.67403541697422,0.4140420351177454,0
1118,27.68703208398074,0.3903750330209732,0
1119,27.697532708989456,0.27558300644159317,0
1120,27.708823708991986,0.4712500376626849,0
1121,27.721847541979514,0.3353329957462847,0
1122,27.7347162499791,0.2885840367525816,0
1123,27.747539459029213,0.2531659556552768,0
1124,27.757821291976143,0.23441703524440527,0
1125,27.77057633397635,0.25416602147743106,0
1126,27.783289166982286,0.29191700741648674,0
1127,27.796106458990835,0.3441250300966203,0
1128,27.808930667000823,0.362000020686537,0
1129,27.821845792001113,0.2840000088326633,0
1130,27.834663124987856,0.2933340147137642,0
1131,27.8474779590033,0.2359580248594284,0
1132,27.860232208971865,0.25241600815206766,0
1133,27.873006500012707,0.248999975156039,0
1134,27.885814459004905,0.3894579713232815,0
1135,27.898758916999213,0.3558750031515956,0
1136,27.91170662501827,,1
1137,28.02393095899606,0.4163749981671572,0
1138,28.035949042008724,2.146792015992105,0
1139,28.050699791987427,0.42091700015589595,0
1140,28.062369749997742,0.533499987795949,0
1141,28.075522125000134,0.41195901576429605,0
1142,28.08706362498924,0.391624984331429,0
1143,28.098823166976217,0.5999170243740082,0
1144,28.110776084009558,0.4755409900099039,0
1145,28.12255491700489,0.3529579844325781,0
1146,28.13551179197384,0.3902920288965106,0
1147,28.1460190420039,0.41858298936858773,0
1148,28.159320333972573,0.4490830469876528,0
1149,28.170713750005234,0.4502090159803629,0
1150,28.18270833400311,,1
1151,28.296611084020697,0.5297079915180802,0
1152,28.309761542011984,,1
1153,28.423501749988645,0.35120901884511113,0
1154,28.434380875027273,,1
1155,28.547410917002708,,1
1156,28.660860209027305,0.4025409580208361,0
1157,28.671707042027265,0.37766696186736226,0
1158,28.684675625001546,0.3742920234799385,0
1159,28.69734504201915,0.36879198160022497,0
1160,28.709880083973985,0.501750037074089,0
1161,28.721095416985918,0.4099580110050738,0
1162,28.73411204200238,0.45508297625929117,0
1163,28.746477458975278,0.7810000097379088,0
1164,28.759859499987215,0.6437920383177698,0
1165,28.772075875021983,0.42399996891617775,0
1166,28.78379762498662,0.44158403761684895,0
1167,28.796841375005897,0.40616700425744057,0
1168,28.809886917006224,0.44124998385086656,0
1169,28.8223637919873,0.4357080324552953,0
1170,28.83555662498111,0.3990420373156667,0
1171,28.848552708979696,0.43450004886835814,0
1172,28.8611498340033,1.343625015579164,0
1173,28.873030958988238,0.32937503419816494,0
1174,28.885944959009066,0.37633301690220833,0
1175,28.896810584003106,0.3761249827221036,0
1176,28.909513583988883,0.30458299443125725,0
1177,28.92239745898405,0.3631250001490116,0
1178,28.9340749590192,0.9732079925015569,0
1179,28.945773584011476,0.29758299933746457,0
1180,28.956957041984424,,1
1181,29.069760209007654,0.3832909860648215,0
1182,29.080334374972153,0.37641701055690646,0
1183,29.092221917002462,0.3279169904999435,0
1184,29.105142874992453,0.5065840086899698,0
1185,29.115938249975443,0.40016701677814126,0
1186,29.12894404202234,0.2875420032069087,0
1187,29.141718874976505,1.7549589974805713,0
1188,29.156074959028047,0.48166594933718443,0
1189,29.169169459026307,,1
1190,29.28233795898268,0.24241599021479487,0
1191,29.295372541993856,0.48516702372580767,0
1192,29.308610208972823,0.2774160238914192,0
1193,29.319801834004465,0.3481250023469329,0
1194,29.33271849999437,0.28837501304224133,0
1195,29.345392875024118,0.30391698237508535,0
1196,29.357158459024504,0.41862495709210634,0
1197,29.3738178749918,0.5620419979095459,0
1198,29.386504459020216,,1
1199,29.499942791997455,0.39054203080013394,0
1200,29.511134875006974,0.5066249868832529,0
1201,29.524012084002607,0.26241602608934045,0
1202,29.535715167003218,0.3912079846486449,0
1203,29.548701792024076,0.37041696486994624,0
1204,29.560849209025037,,1
1205,29.671326417010278,0.3019999712705612,0
1206,29.682439959025942,0.4367499495856464,0
1207,29.694193041999824,0.45245798537507653,0
1208,29.704981375019997,0.27437496464699507,0
1209,29.71751312498236,0.2739170449785888,0
1210,29.730374666978605,0.3019170253537595,0
1211,29.741095958976075,1.8297909991815686,0
1212,29.753571667009965,0.5053330096416175,0
1213,29.7652503339923,0.5142500158399343,0
1214,29.778365084028337,0.45558298006653786,0
1215,29.79065833397908,0.4262910224497318,0
1216,29.80236708401935,0.39795797783881426,0
1217,29.815327083982993,0.2454580389894545,0
1218,29.827503916982096,0.25879201712086797,0
1219,29.838318834023084,0.7973749889060855,0
1220,29.849890624987893,0.5262090126052499,0
1221,29.86157537502004,0.2785839606076479,0
1222,29.874466167006176,1.3523749657906592,0
1223,29.889412000018638,,1
1224,30.003299625008367,,1
1225,30.116968667018227,0.2799169742502272,0
1226,30.129775875015184,0.19995897309854627,0
1227,30.142505249998067,0.18816697411239147,0
1228,30.15521658398211,0.20245800260454416,0
1229,30.166662250005174,0.22362498566508293,0
1230,30.17940554197412,0.22083305520936847,0
1231,30.19214549998287,0.218625005800277,0
1232,30.20488633401692,0.2282909699715674,0
1233,30.215907874982804,0.19458401948213577,0
1234,30.228623208997305,,1
1235,30.34138045902364,0.33729098504409194,0
1236,30.353668124997057,0.4735839902423322,0
1237,30.36674316698918,0.4479580093175173,0
1238,30.378251374990214,0.5682500195689499,0
1239,30.391023124975618,0.2802500384859741,0
1240,30.403881083999295,0.44662499567493796,0
1241,30.416910125000868,,1
1242,30.527924916998018,0.4480829811654985,0
1243,30.540421792014968,0.46737497905269265,0
1244,30.553432875021826,1.3987919664941728,0
1245,30.565913625003304,0.5804169923067093,0
1246,30.57909858401399,0.4535409971140325,0
1247,30.591179416980594,0.39854203350842,0
1248,30.604174625012092,0.45704201329499483,0
1249,30.6167238340131,0.36404101410880685,0
1250,30.62813012499828,0.437250011600554,0
1251,30.641161417006515,2.8944999794475734,0
1252,30.656666374998167,0.3859589924104512,0
1253,30.667434708971996,0.35383302019909024,0
1254,30.68042350001633,0.3135839942842722,0
1255,30.696881417010445,0.4480829811654985,0
1256,30.71013825002592,0.3231249866075814,0
1257,30.722628417017404,0.38708298234269023,0
1258,30.734355000022333,0.3902500029653311,0
1259,30.74730891699437,0.20533299539238214,0
1260,30.759595250012353,0.3903339966200292,0
1261,30.77167508401908,0.27245795354247093,0
1262,30.78450608398998,0.2751660067588091,0
1263,30.79735529201571,0.27137500001117587,0
1264,30.80921966698952,0.3345420118421316,0
1265,30.82064558402635,0.28449995443224907,0
1266,30.8310380000039,0.26887498097494245,0
1267,30.84327245899476,0.650040979962796,0
1268,30.8556650839746,0.2592080272734165,0
1269,30.86850537499413,0.263167021330446,0
1270,30.881141208985355,0.2673750277608633,0
1271,30.892748333979398,0.2691660192795098,0
1272,30.90558337501716,,1
1273,31.017608000023756,0.450208957772702,0
1274,31.02961129200412,0.311249983496964,0
1275,31.04390566702932,1.367791963275522,0
1276,31.05738570902031,0.3582499921321869,0
1277,31.07031400001142,0.36570901283994317,0
1278,31.080949917028192,0.35504199331626296,0
1279,31.092025417019613,0.40254200575873256,0
1280,31.105016625020653,0.4166250000707805,0
1281,31.118015667016152,0.3997919848188758,0
1282,31.13100812502671,0.4020420019514859,0
1283,31.142579249979462,1.4026249991729856,0
1284,31.15681441698689,0.3523330087773502,0
1285,31.169758124975488,1.350542006548494,0
1286,31.181456791993696,0.44487498234957457,0
1287,31.19493020902155,0.4214159562252462,0
1288,31.209361125016585,0.28720899717882276,0
1289,31.22222449997207,0.2227920340374112,0
1290,31.2347326669842,0.4058330086991191,0
1291,31.24772237497382,0.3785000299103558,0
1292,31.26237808400765,0.4484999808482826,0
1293,31.27439483400667,1.3922079815529287,0
1294,31.286581958993338,0.461166026070714,0
1295,31.298141833976842,0.39720803033560514,0
1296,31.310848292021547,0.3856669645756483,0
1297,31.323641500028316,0.33891695784404874,0
1298,31.335456333996262,0.3477910067886114,0
1299,31.348391167004593,0.4046669928357005,0
1300,31.36138287500944,0.892583979293704,0
1301,31.37595900002634,0.4872089484706521,0
1302,31.38858316699043,0.33958302810788155,0
1303,31.40217133401893,0.4571659956127405,0
1304,31.415235791995656,0.4261669819243252,0
1305,31.428252167010214,0.37887500366196036,0
1306,31.44121025002096,0.36624999484047294,0
1307,31.45284470898332,0.3843330196104944,0
1308,31.46581745898584,0.6594160222448409,0
1309,31.478773374983575,0.7723339949734509,0
1310,31.491026083996985,1.254500006325543,0
1311,31.505569375003688,0.3588750259950757,0
1312,31.518504833977204,0.34962501376867294,0
1313,31.5302598340204,0.5296249873936176,0
1314,31.541394374973606,0.5756670143455267,0
1315,31.55338258401025,0.5039579700678587,0
1316,31.56535495899152,0.4380830214358866,0
1317,31.583015083975624,,1
1318,31.69733462500153,1.1910420143976808,0
1319,31.711092708981596,,1
1320,31.825544417020865,0.6501669995486736,0
1321,31.837769542005844,0.6506670033559203,0
1322,31.85104916698765,0.7710420177318156,0
1323,31.86443345900625,0.5564999883063138,0
1324,31.87756699998863,0.5223340122029185,0
1325,31.890714499983005,3.912875021342188,0
1326,31.90700583398575,,1
1327,32.02323225000873,0.4912089789286256,0
1328,32.03441866702633,0.4249579505994916,0
1329,32.04566366702784,0.41554198833182454,0
1330,32.05777349998243,0.3462090389803052,0
1331,32.07081637502415,0.41620898991823196,0
1332,32.0819533339818,0.31766603933647275,0
1333,32.09286091697868,0.33829204039648175,0
1334,32.105803333979566,0.43658301001414657,0
1335,32.118812249973416,0.5840000230818987,0
1336,32.13197341701016,0.5899579846300185,0
1337,32.14513629197609,0.5271250265650451,0
1338,32.15681158402003,,1
1339,32.270407792006154,0.35729201044887304,0
1340,32.28208270901814,0.2657499862834811,0
1341,32.293521958985366,0.23166602477431297,0
1342,32.306281041994225,0.2264580107294023,0
1343,32.31905312498566,0.34662499092519283,0
1344,32.329849375004414,0.4087499692104757,0
1345,32.34227124997415,0.4420000477693975,0
1346,32.35387333401013,0.34616596531122923,0
1347,32.36681566701736,0.48895797226577997,0
1348,32.377488458994776,,1
1349,32.49047725001583,0.33904198789969087,0
1350,32.501105375005864,0.34720898838713765,0
1351,32.51404462498613,0.5072090425528586,0
1352,32.52720529201906,0.4634169745258987,0
1353,32.539142167021055,0.520791974849999,0
1354,32.551032709016,0.46970800030976534,0
1355,32.56409891700605,0.4367919755168259,0
1356,32.57712841697503,0.42695802403613925,0
1357,32.5880632919725,0.3955830470658839,0
1358,32.60104716697242,0.4759580479003489,0
1359,32.611772375006694,0.46358397230505943,0
1360,32.622620875015855,0.6053340039215982,0
1361,32.635836167028174,0.46137499157339334,0
1362,32.64891116699437,1.0874170111492276,0
1363,32.66261133400258,0.3756660153158009,0
1364,32.67416749999393,0.45541703002527356,0
1365,32.687032042013016,0.4496669862419367,0
1366,32.69862391700735,0.5121249705553055,0
1367,32.711742000014056,0.4623339627869427,0
1368,32.724789042025805,0.2961249556392431,0
1369,32.737640791980084,,1
1370,32.85115241701715,0.3085829666815698,0
1371,32.86292837501969,0.3243749961256981,0
1372,32.87408854201203,0.37658296059817076,0
1373,32.88666379201459,0.41024998063221574,0
1374,32.89827674999833,0.38124999264255166,0
1375,32.91124124999624,0.40308397728949785,0
1376,32.924203584028874,0.23566599702462554,0
1377,32.93699737498537,0.3855419927276671,0
1378,32.94761779200053,0.4225830198265612,0
1379,32.96064370899694,0.4605830181390047,0
1380,32.97369883401552,0.44720800360664725,0
1381,32.98673829197651,0.48037501983344555,0
1382,32.99976454197895,0.4570000455714762,0
1383,33.01213866699254,0.4765419871546328,0
1384,33.02464104199316,0.4847919917665422,0
1385,33.03663083398715,0.4046250251121819,0
1386,33.04962116701063,,1
1387,33.16343329200754,0.4944580141454935,0
1388,33.17573579202872,0.4052500007674098,0
1389,33.188731500005815,0.3652090090326965,0
1390,33.19949233398074,0.3614160232245922,0
1391,33.21243462502025,,1
1392,33.32405087497318,0.3575000446289778,0
1393,33.336950541997794,0.22383301984518766,0
1394,33.349690667004324,0.1925830147229135,0
1395,33.36031949997414,0.23195904213935137,0
1396,33.373078542004805,0.19729201449081302,0
1397,33.385410583985504,,1
1398,33.499162291991524,0.6642499938607216,0
1399,33.51231675001327,,1
1400,33.62438733398449,0.6583330105058849,0
1401,33.63767562498106,0.5628340295515954,0
1402,33.650823000003584,0.4789590020664036,0
1403,33.663920791994315,0.5369170103222132,0
1404,33.675588249985594,0.5029590101912618,0
1405,33.68869695899775,0.4718750133179128,0
1406,33.70015562500339,0.474124972242862,0
1407,33.7112470419961,1.4772919821552932,0
1408,33.726717000012286,1.3647089945152402,0
1409,33.74066499999026,0.3052920219488442,0
1410,33.75170129199978,0.4110420122742653,0
1411,33.76472529198509,0.6820830167271197,0
1412,33.777580499998294,,1
1413,33.89084183401428,1.4074160135351121,0
1414,33.90483333397424,0.38833305006846786,0
1415,33.917022458976135,0.4634580109268427,0
1416,33.9301227920223,0.47637498937547207,0
1417,33.94078495900612,0.24874997325241566,0
1418,33.95360462501412,0.5051249754615128,0
1419,33.96568891702918,0.4250829806551337,0
1420,33.97871529200347,,1
1421,34.09259666700382,0.4515830078162253,0
1422,34.105641999980435,0.49162504728883505,0
1423,34.11806541698752,0.5193750257603824,0
1424,34.13116812502267,0.27408398455008864,0
1425,34.14348129200516,0.27541699819266796,0
1426,34.15633416699711,0.49837498227134347,0
1427,34.16944362502545,0.5218749865889549,0
1428,34.182568666990846,0.3885829937644303,0
1429,34.19394895900041,0.303708016872406,0
1430,34.20580179197714,0.2496250090189278,0
1431,34.21613808401162,0.41787500958889723,0
1432,34.22914629202569,0.4504169919528067,0
1433,34.24093458399875,0.42737502371892333,0
1434,34.253949916979764,0.4338750150054693,0
1435,34.26697900000727,0.48937497194856405,0
1436,34.27805595897371,0.2687910455279052,0
1437,34.29089037497761,0.42512500658631325,0
1438,34.30388220900204,0.22912502754479647,0
1439,34.31666229199618,0.25329203344881535,0
1440,34.32707737502642,0.2584999892860651,0
1441,34.33989470900269,0.3609160194173455,0
1442,34.352807666989975,0.2654170384630561,0
1443,34.365459125023335,0.5011250032112002,0
1444,34.37858112499816,0.3251250018365681,0
1445,34.39144887501607,0.23779197363182902,0
1446,34.404216792027,0.2429999876767397,0
1447,34.41663537500426,0.24566700449213386,0
1448,34.42940299998736,0.23083400446921587,0
1449,34.441154709027614,0.6087079527787864,0
1450,34.45430637500249,0.30508398776873946,0
1451,34.46715295902686,0.3008329658769071,0
1452,34.47820004198002,,1
1453,34.59195037500467,0.434375018812716,0
1454,34.60502729198197,0.4027920076623559,0
1455,34.61712762498064,0.5199590232223272,0
1456,34.63025766698411,0.4142080433666706,0
1457,34.64328195899725,0.5760830244980752,0
1458,34.654171374975704,0.38645899621769786,0
1459,34.66716587502742,0.5175419501028955,0
1460,34.67809387500165,0.3714999766089022,0
1461,34.69068179198075,0.2993750385940075,0
1462,34.703543375013396,0.4456670139916241,0
1463,34.715705499984324,0.4087919951416552,0
1464,34.72871233400656,0.49233296886086464,0
1465,34.74242887500441,,1
1466,34.8562948339968,0.49416598631069064,0
1467,34.86936987499939,0.379666977096349,0
1468,34.88028037501499,0.35441695945337415,0
1469,34.891610666993074,0.2297920291312039,0
1470,34.90195400000084,0.4176250076852739,0
1471,34.91379658400547,0.4038750194013119,0
1472,34.92480187502224,0.4722499870695174,0
1473,34.93792429199675,0.4960829974152148,0
1474,34.950113959028386,0.7974579930305481,0
1475,34.963488166977186,0.39354199543595314,0
1476,34.976465708983596,0.36883301800116897,0
1477,34.98945458402159,0.4402499762363732,0
1478,35.00252866698429,,1
1479,35.11559279198991,,1
1480,35.23165716702351,0.6711669848300517,0
1481,35.24666741699912,0.6593749858438969,0
1482,35.25880108401179,0.40074996650218964,0
1483,35.27115029201377,0.5088750040158629,0
1484,35.28289412497543,0.2387090353295207,0
1485,35.29479937499855,0.24683400988578796,0
1486,35.30761900002835,4.66645898995921,0
1487,35.32349991699448,,1
1488,35.43754504201934,0.35566696897149086,0
1489,35.450725083996076,0.3962910268455744,0
1490,35.46379424998304,0.2857919898815453,0
1491,35.476307292003185,,1
1492,35.59001329197781,0.35212503280490637,0
1493,35.60292608401505,0.2699159667827189,0
1494,35.61392320902087,0.2406249986961484,0
1495,35.626697209023405,0.2764159580692649,0
1496,35.6395057499758,0.22233399795368314,0
1497,35.652251542021986,0.21829199977219105,0
1498,35.664992166974116,0.24616700829938054,0
1499,35.6777732920018,0.3252080059610307,0
1500,35.68828562501585,0.46725000720471144,0
1501,35.69911870901706,0.6423749728128314,0
1502,35.71190295898123,0.3843330196104944,0
1503,35.72262604202842,,1
1504,35.83504133397946,2.993541012983769,0
1505,35.850602374994196,0.5047920276410878,0
1506,35.8637474590214,0.5294999573379755,0
1507,35.875380916986614,0.7461250061169267,0
1508,35.88811804202851,0.4041249630972743,0
1509,35.90118195902323,0.7097909692674875,0
1510,35.913327209011186,0.4397499724291265,0
1511,35.92642729199724,,1
1512,36.03787449997617,1.0296250111423433,0
1513,36.05261866701767,2.9536669608205557,0
1514,36.06763504201081,0.4404169740155339,0
1515,36.08068579202518,,1
1516,36.191311625007074,0.5437089712359011,0
1517,36.20411691698246,0.8818749920465052,0
1518,36.21668524999404,0.38774998392909765,0
1519,36.230096417013556,0.4112499882467091,0
1520,36.24127233400941,0.41974999476224184,0
1521,36.25429841701407,0.7794579723849893,0
1522,36.268032583990134,0.661000027321279,0
1523,36.27976204198785,0.7064579986035824,0
1524,36.292896916973405,0.5935000372119248,0
1525,36.30586762499297,1.107916992623359,0
1526,36.317376625025645,0.7338749710470438,0
1527,36.330134583986364,0.6259159999899566,0
1528,36.3413220840157,,1
1529,36.455202292010654,0.4087080014869571,0
1530,36.46817629202269,0.33491698559373617,0
1531,36.48105620901333,0.28854096308350563,0
1532,36.49387116701109,0.2840830129571259,0
1533,36.506693749979604,0.42795902118086815,0
1534,36.51727979199495,0.33195799915120006,0
1535,36.528606834006496,,1
1536,36.64235308399657,0.37229101872071624,0
1537,36.655294792028144,,1
1538,36.768463250016794,0.5844169645570219,0
1539,36.78032633400289,0.4411659901961684,0
1540,36.793365333986,,1
1541,36.90646970900707,0.5660000024363399,0
1542,36.919618709012866,,1
1543,37.03349783399608,0.3589580301195383,0
1544,37.04494116699789,,1
1545,37.15798983402783,0.9172079735435545,0
1546,37.17056370899081,0.6251659942790866,0
1547,37.183790542010684,0.47966698184609413,0
1548,37.201968875015154,0.9564589709043503,0
1549,37.21429741702741,0.5343749653548002,0
1550,37.22743037500186,0.3796250093728304,0
1551,37.24039291701047,0.36741700023412704,0
1552,37.25336958398111,0.5543330335058272,0
1553,37.26655141700758,0.7802919717505574,0
1554,37.27762279199669,0.40016701677814126,0
1555,37.29057762498269,1.2913340469822288,0
1556,37.30409912497271,0.5289590335451066,0
1557,37.31612991698785,0.34445803612470627,0
1558,37.32762579200789,0.35162497078999877,0
1559,37.34043970901985,,1
1560,37.4542365000234,,1
1561,37.56815533398185,0.5877499934285879,0
1562,37.581359459029045,0.4838329623453319,0
1563,37.593254624982364,0.4307920462451875,0
1564,37.60509612498572,0.43391704093664885,0
1565,37.6158273749752,0.45841705286875367,0
1566,37.62888941698475,0.3447080380283296,0
1567,37.64177933399333,0.3671660088002682,0
1568,37.65471066697501,,1
1569,37.76668337499723,0.6476250127889216,0
1570,37.777512791974004,0.5866250139661133,0
1571,37.7907021670253,0.5767080001533031,0
1572,37.803922999999486,0.5676249857060611,0
1573,37.81706762500107,0.7373340195044875,0
1574,37.83038491697516,0.4117920179851353,0
1575,37.84096179198241,0.6620000349357724,0
1576,37.85283820901532,0.5256659933365881,0
1577,37.864686125016306,0.34666695864871144,0
1578,37.876986625022255,0.4769589868374169,0
1579,37.88784937502351,0.41070900624617934,0
1580,37.89874333399348,0.45783299719914794,0
1581,37.91177045897348,0.40962500497698784,0
1582,37.92475275002653,0.30449999030679464,0
1583,37.93761004199041,0.5312500288709998,0
1584,37.94999250001274,0.42195897549390793,0
1585,37.962986833998,0.4143330152146518,0
1586,37.97572933399351,0.5754160229116678,0
1587,37.98800070898142,0.45650004176422954,0
1588,37.99996029201429,0.42875000508502126,0
1589,38.01109666697448,0.5255000432953238,0
1590,38.02810104202945,0.6194999441504478,0
1591,38.040731208981015,0.3083330229856074,0
1592,38.05360812501749,,1
1593,38.16743650002172,0.5583749734796584,0
1594,38.179794874973595,0.7024170481599867,0
1595,38.193103292025626,0.45254197902977467,0
1596,38.20618708402617,0.3922079922631383,0
1597,38.21854650002206,0.41970895836129785,0
1598,38.230093833990395,0.4344159970059991,0
1599,38.243086125003174,0.32950000604614615,0
1600,38.25598750001518,0.3842089790850878,0
1601,38.26667058398016,0.42575004044920206,0
1602,38.27754812501371,0.4891249700449407,0
1603,38.29034991702065,0.5063749849796295,0
1604,38.3034177920199,0.4974579787813127,0
1605,38.31648129201494,0.5337079637683928,0
1606,38.32895070902305,,1
1607,38.441302000021096,0.48887496814131737,0
1608,38.45435433398234,0.40929100941866636,0
1609,38.46567349997349,0.323625048622489,0
1610,38.47764554200694,,1
1611,38.59324658400146,1.6560410149395466,0
1612,38.607562083983794,2.4698750348761678,0
1613,38.62264391698409,0.4231249913573265,0
1614,38.63564499997301,0.5857090000063181,0
1615,38.64776979200542,0.2721669734455645,0
1616,38.65910400002031,,1
1617,38.77290162502322,0.47808396629989147,0
1618,38.78595779201714,0.46745798317715526,0
1619,38.79792525002267,0.49158395268023014,0
1620,38.81084054202074,0.33908296609297395,0
1621,38.82374095899286,0.28962502256035805,0
1622,38.8358649170259,0.47508295392617583,0
1623,38.84773999999743,0.47320901649072766,0
1624,38.860109583998565,0.5094159860163927,0
1625,38.873188042023685,0.370291993021965,0
1626,38.886028709006496,0.4261250142008066,0
1627,38.89904099999694,0.4115839838050306,0
1628,38.912052917003166,0.4711250076070428,0
1629,38.92450641700998,0.4451249842531979,0
1630,38.938162333972286,0.45950000640004873,0
1631,38.94897224998567,0.4449170082807541,0
1632,38.96139354200568,0.4747079801745713,0
1633,38.974020958994515,0.4177499795332551,0
1634,38.984500291990116,1.009583007544279,0
1635,38.99638679198688,0.4223749856464565,0
1636,39.00781433400698,0.6676249904558063,0
1637,39.021003084024414,,1
1638,39.134861833998,0.6460000295192003,0
1639,39.14601704198867,0.491917016915977,0
1640,39.157827334012836,1.1620000004768372,0
1641,39.17156295897439,0.47341600293293595,0
1642,39.18460466701072,0.43750001350417733,0
1643,39.197605542023666,0.43254200136289,0
1644,39.208952667017,0.38891698932275176,0
1645,39.22000799997477,0.3658340428955853,0
1646,39.23291550000431,0.40262500988319516,0
1647,39.24593304202426,0.39841700345277786,0
1648,39.25783199997386,0.4557089996524155,0
1649,39.26885537500493,0.44600002001971006,0
1650,39.2818669169792,,1
1651,39.39416116697248,0.3861250006593764,0
1652,39.4100046249805,2.695542003493756,0
1653,39.42541354201967,1.7487079603597522,0
1654,39.43970425002044,0.5104169831611216,0
1655,39.45284008397721,,1
1656,39.56568520900328,0.5823330138809979,0
1657,39.57885724998778,0.3367920289747417,0
1658,39.59069174999604,0.4098750068806112,0
1659,39.603702416992746,0.3842919832095504,0
1660,39.616703833977226,0.48570800572633743,0
1661,39.6292653339915,0.4084160318598151,0
1662,39.643779125006404,0.4046669928357005,0
1663,39.654613749997225,0.3440420259721577,0
1664,39.66754683398176,0.4232079954817891,0
1665,39.67833274998702,0.3688749857246876,0
1666,39.691894499992486,,1
1667,39.80483425001148,0.5420419620350003,0
1668,39.818013291980606,,1
1669,39.931922667019535,0.6240829825401306,0
1670,39.94419241702417,0.40795799577608705,0
1671,39.95706666697515,0.5473330384120345,0
1672,39.97020208399044,0.5867910222150385,0
1673,39.98268008400919,0.5270409747026861,0
1674,39.994795667007565,0.7118749781511724,0
1675,40.00779462500941,2.6504169800318778,0
1676,40.021272792015225,10.219666990451515,0
1677,40.04342570900917,1.9422079785726964,0
1678,40.058297291980125,0.3771670162677765,0
1679,40.071240541990846,0.2610000083222985,0
1680,40.08302924997406,0.3041670424863696,0
1681,40.096080625022296,0.4319999716244638,0
1682,40.10726775001967,5.620791984256357,0
1683,40.12630900001386,1.4699589810334146,0
1684,40.139915584004484,,1
1685,40.25364075001562,,1
1686,40.367402708972804,,1
1687,40.48120129201561,0.5294579896144569,0
1688,40.4926060839789,0.28791604563593864,0
1689,40.50548366701696,,1
1690,40.61876283399761,,1
1691,40.73036458401475,0.6304580019786954,0
1692,40.74206591700204,0.5027080187574029,0
1693,40.75518295902293,,1
1694,40.867050042026676,,1
1695,40.979604583990294,0.6510409875772893,0
1696,40.99238345900085,0.4884160007350147,0
1697,41.005433916987386,0.4349580267444253,0
1698,41.01843804202508,0.3839169512502849,0
1699,41.031384792004246,0.42875000508502126,0
1700,41.041907500009984,0.3182090003974736,0
1701,41.05476575001376,0.3539170138537884,0
1702,41.0658838339732,0.4261250142008066,0
1703,41.07884670898784,0.4107910208404064,0
1704,41.09137116698548,0.6173329893499613,0
1705,41.103539625008125,0.4758340073749423,0
1706,41.115886999992654,0.49454200780019164,0
1707,41.128956542001106,0.521583016961813,0
1708,41.14323137502652,,1
1709,41.25724941701628,0.5702499765902758,0
1710,41.271024250017945,0.44004200026392937,0
1711,41.28255041700322,0.2584580215625465,0
1712,41.29549941699952,0.5482920096255839,0
1713,41.30806287500309,0.5191250238567591,0
1714,41.32098808401497,0.4774159751832485,0
1715,41.33403729199199,,1
1716,41.44688795902766,0.6002499721944332,0
1717,41.457665666996036,0.2888329909183085,0
1718,41.47054104198469,0.5205830093473196,0
1719,41.48370333400089,0.5390829755924642,0
1720,41.494712624989916,0.42150000808760524,0
1721,41.50614170898916,,1
1722,41.6199297090061,0.4462910001166165,0
1723,41.63295562501298,0.40791695937514305,0
1724,41.64596295898082,0.41550002060830593,0
1725,41.6582862919895,1.058041991200298,0
1726,41.67191208398435,0.3790830378420651,0
1727,41.68487554200692,0.45849999878555536,0
1728,41.69573949999176,0.47987501602619886,0
1729,41.709373917023186,0.43958297464996576,0
1730,41.722377000027336,0.3809999907389283,0
1731,41.73535237502074,0.4397089942358434,0
1732,41.7483709169901,0.6062079919502139,0
1733,41.759339249983896,0.40720903780311346,0
1734,41.77240900002653,1.2171249836683273,0
1735,41.786244291986804,0.41916698683053255,0
1736,41.79925483401166,0.3465409972704947,0
1737,41.81203883397393,0.3346660523675382,0
1738,41.82492475002073,0.35258400021120906,0
1739,41.836423708999064,,1
1740,41.94996962498408,0.4348340444266796,0
1741,41.96295520901913,0.26008300483226776,0
1742,41.97416104201693,0.22254197392612696,0
1743,41.98457741702441,0.25170797016471624,0
1744,41.99644800001988,0.32766698859632015,0
1745,42.007492041972,0.28966704849153757,0
1746,42.01788920897525,0.23562501883134246,0
1747,42.03066587500507,0.29433402232825756,0
1748,42.04234520898899,0.3726659924723208,0
1749,42.05508587497752,0.31225004931911826,0
1750,42.06693579198327,0.40541699854657054,0
1751,42.07993449998321,0.3397500258870423,0
1752,42.09085008397233,0.3417080151848495,0
1753,42.10196141700726,0.2794580068439245,0
1754,42.11478204198647,0.2882500411942601,0
1755,42.12571629200829,0.3017919952981174,0
1756,42.13673279201612,,1
1757,42.25048308400437,0.42533298255875707,0
1758,42.26203495898517,0.44179102405905724,0
1759,42.27465899998788,0.3902500029653311,0
1760,42.285407249990385,0.3956669825129211,0
1761,42.298359250009526,0.37337501998990774,0
1762,42.311081667023245,0.539249973371625,0
1763,42.32189395901514,0.4079159698449075,0
1764,42.33317929197801,0.44004200026392937,0
1765,42.34560008399421,0.4925830289721489,0
1766,42.35639741702471,0.4583330010063946,0
1767,42.368301999988034,0.4335420089773834,0
1768,42.381304542010184,,1
1769,42.49468250002246,0.5633339751511812,0
1770,42.507497416983824,0.5627500358968973,0
1771,42.51827050000429,0.5227919900789857,0
1772,42.53137758397497,0.545166025403887,0
1773,42.544306459021755,0.5455829668790102,0
1774,42.557431792025454,0.548291951417923,0
1775,42.57064787502168,0.5453749909065664,0
1776,42.58350374997826,0.738375005312264,0
1777,42.59635183401406,1.3004160136915743,0
1778,42.60917504201643,,1
1779,42.72304945898941,0.647250039037317,0
1780,42.73628075001761,0.5879169912077487,0
1781,42.74984362500254,0.5886669969186187,0
1782,42.761479042004794,0.30399998649954796,0
1783,42.774348374980036,1.466625020839274,0
1784,42.78838712500874,0.4492920124903321,0
1785,42.80095329199685,0.6107920198701322,0
1786,42.81415154202841,0.5778749473392963,0
1787,42.827370167011395,0.5503330030478537,0
1788,42.8404882089817,0.47150003956630826,0
1789,42.85293808399001,0.44483301462605596,0
1790,42.86575958400499,0.39804098196327686,0
1791,42.877609958988614,,1
1792,42.98969295900315,0.40687498403713107,0
1793,43.00127787498059,0.23366702953353524,0
1794,43.01552925002761,0.48033398343250155,0
1795,43.02811266697245,0.27483300073072314,0
1796,43.040822624985594,0.4123750259168446,0
1797,43.053804584022146,0.43466599890962243,0
1798,43.06581233401084,0.3697909996844828,0
1799,43.077641542011406,0.46654196921736,0
1800,43.090692042023875,0.4665000014938414,0
1801,43.103747666988056,0.47912501031532884,0
1802,43.115792124997824,0.3666250267997384,0
1803,43.1276314589777,0.6024159956723452,0
1804,43.140798416978214,0.4479580093175173,0
1805,43.15338299999712,0.4241249989718199,0
1806,43.16937662498094,0.5320000345818698,0
1807,43.18103295902256,0.5660000024363399,0
1808,43.19418062502518,,1
1809,43.31085020897444,0.45504100853577256,0
1810,43.32237025001086,0.41029200656339526,0
1811,43.333447250013705,0.4248750046826899,0
1812,43.346438249980565,0.23791700368747115,0
1813,43.35920912498841,0.213916995562613,0
1814,43.37195691699162,0.3262920072302222,0
1815,43.38260904198978,0.386958010494709,0
1816,43.39558741700603,0.4383749910630286,0
1817,43.40805666701635,0.59029198018834,0
1818,43.42121945897816,,1
1819,43.53318124997895,0.5850000306963921,0
1820,43.54634933400666,0.23637496633455157,0
1821,43.556760041974485,,1
1822,43.66890762501862,,1
1823,43.78273283399176,0.32170803751796484,0
1824,43.79332129197428,0.4545830306597054,0
1825,43.80637816700619,0.4277499974705279,0
1826,43.817043374991044,0.31633401522412896,0
1827,43.82773141702637,0.46862498857080936,0
1828,43.8406572919921,0.4579169908538461,0
1829,43.85253637499409,0.5208340007811785,0
1830,43.864399958983995,0.4410410183481872,0
1831,43.87626674998319,0.5116250249557197,0
1832,43.88936183397891,0.46483305050060153,0
1833,43.90241733402945,0.3567079547792673,0
1834,43.91537125001196,0.26829197304323316,0
1835,43.92760658398038,0.23012503515928984,0
1836,43.94030733400723,0.18558301962912083,0
1837,43.953037167026196,0.43287494918331504,0
1838,43.96603424998466,0.323584012221545,0
1839,43.97692425001878,0.8493339992128313,0
1840,43.98919900000328,0.4485420067794621,0
1841,44.00223612500122,,1
1842,44.113441959023476,1.4816659968346357,0
1843,44.12754729198059,0.4646250163204968,0
1844,44.14051641698461,0.43650000588968396,0
1845,44.15352100000018,3.9692919817753136,0
1846,44.17007074999856,0.2850840101018548,0
1847,44.18290908401832,0.2914159558713436,0
1848,44.19575370900566,,1
1849,44.306859500007704,0.512458966113627,0
1850,44.3199712089845,0.519749999511987,0
1851,44.33309824997559,0.4271250218153,0
1852,44.34610775002511,0.38941699312999845,0
1853,44.35669595899526,,1
1854,44.47009687498212,0.6502920296043158,0
1855,44.48335995897651,0.6972910487093031,0
1856,44.4969844170264,0.5116669926792383,0
1857,44.50865595898358,0.26170804630964994,0
1858,44.52146929199807,0.2556249964982271,0
1859,44.53430166700855,0.491167011205107,0
1860,44.54585291701369,0.4635829827748239,0
1861,44.55687595898053,,1
1862,44.67096570902504,0.4051249707117677,0
1863,44.68395658402005,0.4701249999925494,0
1864,44.696874291985296,,1
1865,44.810746749979444,,1
1866,44.92456795898033,0.7762500317767262,0
1867,44.9379461670178,0.6232919986359775,0
1868,44.94985158398049,0.7183750276453793,0
1869,44.96158866700716,,1
1870,45.076236583990976,0.45437499647960067,0
1871,45.08928791701328,0.34908298403024673,0
1872,45.10008841700619,0.3379170084372163,0
1873,45.11298204201739,0.28370798099786043,0
1874,45.125803917006124,0.1705830218270421,0
1875,45.13848954200512,0.1099579967558384,0
1876,45.15112058399245,0.1294999965466559,0
1877,45.163796917011496,0.4077499615959823,0
1878,45.174634249997325,0.33045897725969553,0
1879,45.18759995902656,,1
1880,45.30036187497899,,1
1881,45.41421645897208,0.6144580547697842,0
1882,45.42563925002469,1.2304589617997408,0
1883,45.43945875001373,,1
1884,45.55196679197252,0.45312504516914487,0
1885,45.56502045900561,0.265665992628783,0
1886,45.57733325002482,0.17024995759129524,0
1887,45.59004920901498,0.2679579774849117,0
1888,45.601714792021085,0.27716695331037045,0
1889,45.61347429198213,0.2791670267470181,0
1890,45.63683641701937,1.6719999839551747,0
1891,45.650368999980856,0.591500021982938,0
1892,45.66330779198324,1.21441698865965,0
1893,45.67640850000316,0.6675840122625232,0
1894,45.687225459027104,,1
1895,45.79917574999854,0.4632089985534549,0
1896,45.812117792025674,0.5134169477969408,0
1897,45.82499429199379,0.291750009637326,0
1898,45.83649666700512,0.38195797242224216,0
1899,45.8494458339992,0.36041601561009884,0
1900,45.86262345901923,0.28549996204674244,0
1901,45.87459208397195,0.23741601034998894,0
1902,45.90018554200651,0.3279579686932266,0
1903,45.913095084019005,0.3756249789148569,0
1904,45.93125487497309,1.7589170020073652,0
1905,45.955880791996606,2.37108301371336,0
1906,45.970813459018245,0.4747500061057508,0
1907,45.984463417029474,1.4717919984832406,0
1908,45.99849958397681,0.3399160341359675,0
1909,46.010173209011555,1.129249983932823,0
1910,46.023051667027175,0.7381249452009797,0
1911,46.08864991698647,3.1169999856501818,0
1912,46.10475412500091,0.2929170150309801,0
1913,46.117619917029515,0.3001249860972166,0
1914,46.13048091699602,0.3929579979740083,0
1915,46.149237583973445,0.6356660160236061,0
1916,46.1631504590041,0.3120829933322966,0
1917,46.176629499997944,0.9248750284314156,0
1918,46.20560695900349,,1
1919,46.330320917011704,1.018500013742596,0
1920,46.34329458401771,0.710874970536679,0
1921,46.35547479201341,0.4140830133110285,0
1922,46.37278262502514,0.6659170030616224,0
1923,46.3847205840284,0.43604098027572036,0
1924,46.41074550000485,0.4640839761123061,0
1925,46.422213417012244,1.3377079740166664,0
1926,46.434790958999656,,1
1927,46.54892575001577,0.3957920125685632,0
1928,46.56351145898225,2.3098750389181077,0
1929,46.5819085839903,0.8274579886347055,0
1930,46.5953251249739,0.5252500413917005,0
1931,46.606299125007354,34.09466700395569,0
1932,46.654106999980286,,1
1933,46.794118500023615,2.925249980762601,0
1934,46.81543216697173,1.1126670287922025,0
1935,46.83398724999279,20.522042002994567,0
1936,46.86732129199663,0.6172080175019801,0
1937,46.880440125009045,0.7657089736312628,0
1938,46.89383595902473,1.2341249966993928,0
1939,46.91289533401141,,1
1940,47.02509833400836,2.772041014395654,0
1941,47.03938183397986,0.6483329925686121,0
1942,47.05453187500825,0.6368749891407788,0
1943,47.067159291997086,1.0906669776886702,0
1944,47.079886041989084,0.8084170403890312,0
1945,47.09399800002575,4.5334589667618275,0
1946,47.121986542013474,1.416332961525768,0
1947,47.13617570901988,0.29929098673164845,0
1948,47.147774791985285,0.5205830093473196,0
1949,47.162379166984465,4.755667003337294,0
1950,47.18113062501652,,1
1951,47.296526374993846,1.6500420169904828,0
1952,47.3088810420013,4.308416973799467,0
1953,47.33141304197488,,1
1954,47.45349454198731,2.164833014830947,0
1955,47.46864787500817,0.6275839987210929,0
1956,47.479976666974835,0.8280830224975944,0
1957,47.494884499988984,0.818000000435859,0
1958,47.5080533750006,1.1197089916095138,0
1959,47.523110374982934,0.7308340282179415,0
1960,47.53728929202771,0.6774579524062574,0
1961,47.55062062502839,1.260999997612089,0
1962,47.56408904201817,0.7022919598966837,0
1963,47.57716279197484,1.1315420269966125,0
1964,47.59089316701284,1.1158330016769469,0
1965,47.60481458401773,1.2197080068290234,0
1966,47.61748895898927,0.9605000377632678,0
1967,47.62938912498066,2.323125023394823,0
1968,47.64563420898048,3.592916007619351,0
1969,47.66303716698894,2.67295801313594,0
1970,47.68106299999636,0.40120899211615324,0
1971,47.69441979198018,0.8969170157797635,0
1972,47.70795266702771,1.2999579776078463,0
1973,47.72186795901507,0.499082962051034,0
1974,47.73389741702704,0.8586249896325171,0
1975,47.74736295902403,0.9728749864734709,0
1976,47.760026125004515,3.672584018204361,0
1977,47.77514699997846,,1
1978,47.89037091698265,0.7451249985024333,0
1979,47.90376262500649,0.46483398182317615,0
1980,47.91677658399567,0.6890830118209124,0
1981,47.929634709027596,1.3592079631052911,0
1982,47.94682991702575,0.8335829479619861,0
1983,47.96318058401812,2.7855829684995115,0
1984,47.977959499985445,4.551958991214633,0
1985,47.9952042090008,1.108375028707087,0
1986,48.00962025002809,1.1230839882045984,0
1987,48.02114654198522,0.45954203233122826,0
1988,48.03423454199219,,1
1989,48.14602833398385,1.2712079915218055,0
1990,48.159525875002146,,1
1991,48.27104070899077,0.5871659959666431,0
1992,48.28294583398383,0.6035830010659993,0
1993,48.29622025002027,0.5937499809078872,0
1994,48.30713058402762,0.6918329745531082,0
1995,48.32046854199143,0.5243330379016697,0
1996,48.3335913339979,,1
1997,48.44742783397669,0.5695830332115293,0
1998,48.45940975000849,0.3956669825129211,0
1999,48.4702803340042,0.4205830045975745,0
2000,48.482439666986465,0.4170419997535646,0
2001,48.49333133402979,0.38204097654670477,0
2002,48.505172583973035,0.39595802081748843,0
2003,48.518143000022974,0.392666959669441,0
2004,48.53091929201037,0.4794999840669334,0
2005,48.541958792018704,0.5218749865889549,0
2006,48.552801041980274,0.5490420153364539,0
2007,48.5648308750242,0.4855419974774122,0
2008,48.57649633398978,0.30341598903760314,0
2009,48.58752366702538,,1
2010,48.70009462500457,0.3905000048689544,0
2011,48.71095441700891,0.3400829737074673,0
2012,48.72390737500973,0.4402499762363732,0
2013,48.73694450000767,0.5220840102992952,0
2014,48.749091667006724,0.3477499703876674,0
2015,48.76128383399919,0.3053330001421273,0
2016,48.77299704198958,,1
2017,48.886894916999154,0.5660420283675194,0
2018,48.900072999997064,0.4598340019583702,0
2019,48.910941209003795,0.40670798625797033,0
2020,48.92254250001861,0.33708399860188365,0
2021,48.93439462501556,0.36166695645079017,0
2022,48.94625412498135,0.4723340389318764,0
2023,48.957422584004235,0.5029159947298467,0
2024,48.96979179198388,0.5266250227577984,0
2025,48.98165295901708,0.3923329641111195,0
2026,48.99467483401531,0.3471659729257226,0
2027,49.00732029200299,0.3957499866373837,0
2028,49.02035154198529,0.42991701047867537,0
2029,49.033528042025864,0.3738329978659749,0
2030,49.04648958402686,0.4398329765535891,0
2031,49.05796229199041,0.22366701159626245,0
2032,49.06856575002894,0.2073749783448875,0
2033,49.0798708749935,0.36433403147384524,0
2034,49.09090229199501,0.3118750173598528,0
2035,49.10377129202243,0.46904198825359344,0
2036,49.11670808400959,1.6006659716367722,0
2037,49.13089154200861,0.44074998004361987,0
2038,49.143225500010885,,1
2039,49.25708970898995,0.7537910132668912,0
2040,49.26962849998381,0.5542089929804206,0
2041,49.282798249972984,0.56975003099069,0
2042,49.295940625015646,0.5091250059194863,0
2043,49.30901145900134,,1
2044,49.422821249987464,0.5894170026294887,0
2045,49.43373774999054,0.5836670170538127,0
2046,49.446905667020474,0.594666984397918,0
2047,49.458306916989386,0.9025420295074582,0
2048,49.47179741697619,0.5314170266501606,0
2049,49.48342116700951,0.47024997184053063,0
2050,49.49578041699715,0.5256250151433051,0
2051,49.508913874975406,0.4638340324163437,0
2052,49.52194854198024,0.2821670495904982,0
2053,49.53229950001696,0.2975419629365206,0
2054,49.54458937502932,0.29391696443781257,0
2055,49.55575208400842,0.25483296485617757,0
2056,49.568558208993636,0.3115829895250499,0
2057,49.579838250007015,0.2928340109065175,0
2058,49.592615792003926,0.30945800244808197,0
2059,49.60547333402792,0.20662497263401747,0
2060,49.616747791995294,0.32766698859632015,0
2061,49.627888459013775,0.44899998465552926,0
2062,49.63974999997299,0.40312501369044185,0
2063,49.65274833398871,0.6995000294409692,0
2064,49.66603683400899,0.3493329859338701,0
2065,49.677475709002465,0.5136660183779895,0
2066,49.690586416982114,0.39012503111734986,0
2067,49.70228004199453,0.38104201667010784,0
2068,49.71280262502842,0.3667499986477196,0
2069,49.72460933402181,0.3620409988798201,0
2070,49.73691704199882,0.4960420192219317,0
2071,49.749547542014625,0.29570801416411996,0
2072,49.76242375001311,0.4903749795630574,0
2073,49.77547875000164,0.4176250076852739,0
2074,49.78847395902267,0.41512498864904046,0
2075,49.80146716698073,0.45291701098904014,0
2076,49.81450529198628,0.4959999932907522,0
2077,49.827574542025104,0.49462495371699333,0
2078,49.840636542008724,0.4367079818621278,0
2079,49.85366179200355,0.49175001913681626,0
2080,49.86575012502726,0.45129196951165795,0
2081,49.87878941698,0.46716700308024883,0
2082,49.8894948749803,0.45883399434387684,0
2083,49.902518833987415,0.42408303124830127,0
2084,49.9143882089993,0.32379099866375327,0
2085,49.92623870901298,0.32133300555869937,0
2086,49.93886720901355,0.37770799826830626,0
2087,49.95032075000927,0.16975001199170947,0
2088,49.963039625028614,0.3334169741719961,0
2089,49.977112625027075,1.5595839940942824,0
2090,49.99771745898761,1.2141659972257912,0
2091,50.01155120902695,0.3138329484499991,0
2092,50.02444516698597,0.3215830074623227,0
2093,50.036655624979176,0.3532920381985605,0
2094,50.04775033402257,0.3737909719347954,0
2095,50.06066916702548,0.7193329511210322,0
2096,50.073932167026214,0.39841700345277786,0
2097,50.08585079200566,0.31512498389929533,0
2098,50.098710375023074,0.22204197011888027,0
2099,50.11145145900082,,1
2100,50.22510787501233,0.32062496757134795,0
2101,50.23799645900726,0.4378749872557819,0
2102,50.25104366702726,0.3749169991351664,0
2103,50.26397187501425,0.711583998054266,0
2104,50.27726012497442,0.26633404195308685,0
2105,50.28996729198843,0.16395800048485398,0
2106,50.300463458988816,,1
2107,50.41208199999528,0.4461249918676913,0
2108,50.42457500001183,0.47258398262783885,0
2109,50.435265042004175,0.6177080213092268,0
2110,50.44830429198919,1.1115000233985484,0
2111,50.460718624992296,0.3896250273101032,0
2112,50.47370137501275,0.39895897498354316,0
2113,50.48517337499652,3.1860420131124556,0
2114,50.50183183402987,0.44479098869487643,0
2115,50.514865208999254,0.31354097882285714,0
2116,50.52774024999235,0.30391698237508535,0
2117,50.54059495899128,0.2863749978132546,0
2118,50.551067334017716,0.3692079917527735,0
2119,50.562775917002,0.4981249803677201,0
2120,50.575615209003445,0.28383301105350256,0
2121,50.58638058399083,0.35041599767282605,0
2122,50.59826433402486,0.39329100400209427,0
2123,50.611224583990406,0.35570800537243485,0
2124,50.62395295902388,0.2556249964982271,0
2125,50.63726049999241,0.5467919982038438,0
2126,50.64916141697904,0.28016703436151147,0
2127,50.6610196250258,0.3737919614650309,0
2128,50.67399533401476,0.3940829774364829,0
2129,50.68640545901144,0.38129097083583474,0
2130,50.69695445901016,0.505290983710438,0
2131,50.70758400001796,0.4646669840440154,0
2132,50.71908208401874,0.3322080010548234,0
2133,50.73198845901061,0.3107080119661987,0
2134,50.7448663340183,0.31462498009204865,0
2135,50.75773237500107,0.24058402050286531,0
2136,50.770525709027424,0.3327499725855887,0
2137,50.78340370900696,0.21074997493997216,0
2138,50.7938766250154,0.33599999733269215,0
2139,50.8067794169765,0.3726250142790377,0
2140,50.819746333989315,,1
2141,50.9339567089919,0.5305410013534129,0
2142,50.94709920900641,0.6957909790799022,0
2143,50.960407292004675,0.36812498001381755,0
2144,50.97334804199636,0.3720420063473284,0
2145,50.986318374983966,0.4324170295149088,0
2146,50.99933875002898,0.5081249983049929,0
2147,51.01242124999408,0.36104198079556227,0
2148,51.02456074999645,,1
2149,51.136934000009205,0.695624970830977,0
2150,51.14914266701089,0.6678329664282501,0
2151,51.1615238339873,9.818500024266541,0
2152,51.18398304202128,0.3577919560484588,0
2153,51.196921917027794,0.44795795110985637,0
2154,51.20883187500294,0.33474998781457543,0
2155,51.22052116697887,,1
2156,51.33441245899303,0.5302909994497895,0
2157,51.347536791989114,,1
2158,51.46014304202981,0.433957960922271,0
2159,51.473170958983246,0.4623749991878867,0
2160,51.48441679199459,0.5419169901870191,0
2161,51.497553542023525,0.5487919552251697,0
2162,51.51077383401571,0.3689999575726688,0
2163,51.52261325001018,0.33479201374575496,0
2164,51.53349945897935,0.3112500417046249,0
2165,51.54518079198897,0.42912503704428673,0
2166,51.55820358399069,0.34858303843066096,0
2167,51.571112625009846,0.3691249876283109,0
2168,51.58408220898127,0.5090000340715051,0
2169,51.59720904199639,0.592875003349036,0
2170,51.608243333990686,0.23308303207159042,0
2171,51.61870833399007,0.1842909841798246,0
2172,51.6295635420247,0.3451249795034528,0
2173,51.64251074998174,0.4212500061839819,0
2174,51.65549912501592,0.23154198424890637,0
2175,51.66826129198307,0.17025001579895616,0
2176,51.68000229197787,0.3759170067496598,0
2177,51.69188583397772,0.29558304231613874,0
2178,51.70293783402303,0.29274995904415846,0
2179,51.71449866698822,,1
2180,51.828382209001575,0.3946250071749091,0
2181,51.84233629202936,,1
2182,51.95583512500161,0.6648750277236104,0
2183,51.9691057089949,0.5632080137729645,0
2184,51.98224987502908,0.49699994269758463,0
2185,51.99421979201725,0.5271669942885637,0
2186,52.00596579199191,,1
2187,52.11869154201122,0.6705829873681068,0
2188,52.131971375027206,0.7676249952055514,0
2189,52.14962074998766,,1
2190,52.263664124999195,0.5615840200334787,0
2191,52.27682041702792,0.3802499850280583,0
2192,52.28898766700877,0.27720798971131444,0
2193,52.30110316700302,0.4289579810574651,0
2194,52.31267845898401,0.44120801612734795,0
2195,52.32570020901039,0.3196250181645155,0
2196,52.33861366700148,0.42637501610442996,0
2197,52.349977709003724,0.31358300475403666,0
2198,52.36087375000352,0.20933401538059115,0
2199,52.37275933398632,,1
2200,52.48438983398955,0.5022910190746188,0
2201,52.4974795000162,0.3147089737467468,0
2202,52.507873542024754,0.19995798356831074,0
2203,52.52105079201283,0.20445795962587,0
2204,52.533831499982625,0.3516669967211783,0
2205,52.54675500001758,0.2618340076878667,0
2206,52.55788008397212,0.21145801292732358,0
2207,52.5704420839902,0.20670803496614099,0
2208,52.58319454197772,0.2573330421000719,0
2209,52.59529837500304,0.2691249828785658,0
2210,52.60788687499007,,1
2211,52.721606875013094,0.5539169651456177,0
2212,52.733386916981544,0.42583304457366467,0
2213,52.7464439169853,0.4312919918447733,0
2214,52.75944487500237,,1
2215,52.87164049997227,,1
2216,52.9855713340221,0.6357079837471247,0
2217,52.99860145902494,0.47229096526280046,0
2218,53.01087562501198,0.6409169873222709,0
2219,53.022384500014596,0.32220897264778614,0
2220,53.03530129202409,0.47554197954013944,0
2221,53.04837870900519,,1
2222,53.1617197089945,0.6700410158373415,0
2223,53.174290083989035,2.7829160098917782,0
2224,53.190324417024385,0.48741698265075684,0
2225,53.201198249997105,0.32570899929851294,0
2226,53.21409020898864,0.4241249989718199,0
2227,53.226318292028736,0.3097499720752239,0
2228,53.239181333978195,0.4480000352486968,0
2229,53.24978908401681,0.370624999050051,0
2230,53.26113604201237,0.36883295979350805,0
2231,53.27407654200215,0.4054579767398536,0
2232,53.287068041972816,0.6119580357335508,0
2233,53.29954749997705,,1
2234,53.41230020899093,0.5859580123797059,0
2235,53.424631334026344,1.1015829513780773,0
2236,53.438358874991536,0.4780840245075524,0
2237,53.45091445901198,,1
2238,53.56477737502428,0.5627089994959533,0
2239,53.57791658397764,0.39491604547947645,0
2240,53.589644042018335,0.4736249684356153,0
2241,53.60268441698281,0.407207990065217,0
2242,53.61567324999487,,1
2243,53.72810466698138,0.4463749937713146,0
2244,53.74113187502371,1.5022919978946447,0
2245,53.75323054200271,0.5022499826736748,0
2246,53.76573445898248,0.6520000169984996,0
2247,53.7779660000233,0.3569999826140702,0
2248,53.790893291996326,2.392166992649436,0
2249,53.80376354197506,0.48820802476257086,0
2250,53.814493542013224,0.6967079825699329,0
2251,53.82780329202069,,1
2252,53.94152649998432,0.28658402152359486,0
2253,53.95271099999081,0.25333400117233396,0
2254,53.96551712497603,0.2982090227305889,0
2255,53.97649191698292,0.16475003212690353,0
2256,53.9892055420205,0.2745829988270998,0
2257,54.002047959016636,0.13766600750386715,0
2258,54.01392825000221,0.1377090229652822,0
2259,54.024551999988034,0.2857500221580267,0
2260,54.03716891701333,0.19504199735820293,0
2261,54.04854787501972,0.39120897417888045,0
2262,54.06084375001956,0.3528749803081155,0
2263,54.072513709019404,0.3044579643756151,0
2264,54.0853906670236,0.40095800068229437,0
2265,54.0980709589785,0.44058304047212005,0
2266,54.110853417019825,0.4544169642031193,0
2267,54.12237574998289,0.4792920080944896,0
2268,54.13437200000044,0.4907089751213789,0
2269,54.14604220900219,0.5401659873314202,0
2270,54.159182959003374,0.4023750079795718,0
2271,54.17216937500052,0.30187499942258,0
2272,54.185050749976654,0.34004199551418424,0
2273,54.19795300002443,0.3108749515376985,0
2274,54.21028933400521,0.3891250235028565,0
2275,54.22358670900576,0.34437497379258275,0
2276,54.23442958400119,0.20587502513080835,0
2277,54.246195500018075,0.22612500470131636,0
2278,54.25885162502527,,1
2279,54.3718686249922,0.6062500178813934,0
2280,54.38508291699691,0.49587502144277096,0
2281,54.396021709020715,0.542874971870333,0
2282,54.408503749989904,0.4955839831382036,0
2283,54.421579624991864,0.4537089844234288,0
2284,54.43361804197775,0.49820804269984365,0
2285,54.44421325001167,0.4877499886788428,0
2286,54.457283542025834,0.5348330014385283,0
2287,54.470418750017416,0.5301669589243829,0
2288,54.483525249990635,0.4770000232383609,0
2289,54.49573625001358,0.45704201329499483,0
2290,54.5086649999721,0.5482920096255839,0
2291,54.52177191700321,0.4154170164838433,0
2292,54.53440854197834,0.4896669997833669,0
2293,54.547520541993435,0.4860420012846589,0
2294,54.5594317499781,0.217209046240896,0
2295,54.57219791697571,0.2674170536920428,0
2296,54.585025375010446,0.38549996679648757,0
2297,54.59800950001227,0.39058399852365255,0
2298,54.609258666983806,0.24083303287625313,0
2299,54.62109991698526,0.4259580164216459,0
2300,54.63240895897616,0.39075000677257776,0
2301,54.64492554200115,,1
2302,54.75751154200407,2.199999988079071,0
2303,54.77154425001936,,1
2304,54.88423149997834,0.43687503784894943,0
2305,54.896404292027,0.4592499462887645,0
2306,54.907498667016625,4.523416981101036,0
2307,54.927843792014755,0.4539579967968166,0
2308,54.93936066702008,0.34724996658042073,0
2309,54.95227658399381,0.3785410081036389,0
2310,54.965233459020965,0.4095829790458083,0
2311,54.97823991702171,0.3364169970154762,0
2312,54.99114804202691,0.3132079727947712,0
2313,55.00400187500054,0.1681250287219882,0
2314,55.015727458987385,0.5231660325080156,0
2315,55.02637645899085,0.38062501698732376,0
2316,55.037854750000406,0.3149170079268515,0
2317,55.04972887499025,0.43391698272898793,0
2318,55.062737667001784,0.3714999766089022,0
2319,55.07493100001011,0.16087497351691127,0
2320,55.08525095897494,,1
2321,55.198283583973534,0.5473750061355531,0
2322,55.209647417010274,,1
2323,55.32344112498686,0.526666990481317,0
2324,55.336555292014964,0.45479199616238475,0
2325,55.34902800002601,0.36745896795764565,0
2326,55.36122954200255,0.26825000531971455,0
2327,55.37333962501725,0.19408395746722817,0
2328,55.38609608402476,0.40504097705706954,0
2329,55.398240500013344,,1
2330,55.51043479202781,0.2994999522343278,0
2331,55.5233156249742,0.3485840279608965,0
2332,55.53434000001289,0.4035420133732259,0
2333,55.546204624988604,0.43637503404170275,0
2334,55.55809424998006,0.3759170067496598,0
2335,55.57058837497607,0.31391700031235814,0
2336,55.583474249986466,0.3921249881386757,0
2337,55.59567558398703,0.39904098957777023,0
2338,55.60779891698621,0.3066250355914235,0
2339,55.620697124977596,0.4391249967738986,0
2340,55.63375083397841,,1
2341,55.7494325839798,0.553791003767401,0
2342,55.76211020897608,0.44358300510793924,0
2343,55.77594500000123,0.5091250059194863,0
2344,55.7890583340195,0.5089999758638442,0
2345,55.8021764170262,0.5442079855129123,0
2346,55.813376749982126,0.4222090356051922,0
2347,55.82555062498432,0.38754200795665383,0
2348,55.83851820899872,,1
2349,55.951569958997425,0.5206249770708382,0
2350,55.964447291975375,0.42862503323704004,0
2351,55.97532220900757,0.591500021982938,0
2352,55.98851387499599,0.3832500078715384,0
2353,56.00145362498006,0.21958403522148728,0
2354,56.01420799997868,0.2202920150011778,0
2355,56.02694883401273,0.18804101273417473,0
2356,56.03965637501096,0.3142919740639627,0
2357,56.052505625004414,0.34954200964421034,0
2358,56.06299012497766,0.45533402590081096,0
2359,56.07424208399607,0.49129099352285266,0
2360,56.08618362498237,0.5526670138351619,0
2361,56.09903895901516,0.6154159782454371,0
2362,56.11224341701018,0.5492079653777182,0
2363,56.12434366700472,0.6179169868119061,0
2364,56.13613912498113,0.3604590310715139,0
2365,56.149059291987214,0.33908302430063486,0
2366,56.16196791699622,0.4439579788595438,0
2367,56.17499870900065,0.4262080183252692,0
2368,56.18799633398885,0.43112499406561255,0
2369,56.20072000002256,0.4378749872557819,0
2370,56.21338866697624,0.5286250379867852,0
2371,56.224472084024455,0.5080829723738134,0
2372,56.23705195897492,,1
2373,56.35090341698378,0.4787500365637243,0
2374,56.36401737498818,0.6011250079609454,0
2375,56.37555295898346,0.6557500455528498,0
2376,56.38810129201738,0.6137079908512533,0
2377,56.39914183400106,0.5489999894052744,0
2378,56.412266416999046,0.6197500042617321,0
2379,56.42561133397976,0.37129101110622287,0
2380,56.43855562497629,0.3736670478247106,0
2381,56.44903050002176,,1
2382,56.56458537501749,0.517916982062161,0
2383,56.57678095897427,0.5237910081632435,0
2384,56.588922500028275,0.45362499076873064,0
2385,56.600653459026944,0.5514999502338469,0
2386,56.61409049999202,0.5597090348601341,0
2387,56.626696999999695,1.9074170268140733,0
2388,56.63874887500424,0.4502090159803629,0
2389,56.65097729198169,0.4118750221095979,0
2390,56.66399274999276,0.505667005199939,0
2391,56.67763408401515,0.4885409725829959,0
2392,56.69072200002847,,1
2393,56.80399766698247,0.44104200787842274,0
2394,56.81702833401505,0.5014999769628048,0
2395,56.82911079202313,0.8098749676719308,0
2396,56.84266820899211,1.3815410202369094,0
2397,56.85424787498778,0.45458402018994093,0
2398,56.86692962498637,0.38225000025704503,0
2399,56.878531166992616,0.5680000176653266,0
2400,56.89442837500246,0.6202500080689788,0
2401,56.90980529197259,1.1731250560842454,0
2402,56.92156262497883,0.3819999983534217,0
2403,56.93452658399474,0.40249997982755303,0
2404,56.94751795899356,0.44433301081880927,0
2405,56.96058204199653,0.47666701721027493,0
2406,56.97369529202115,0.5075829685665667,0
2407,56.98680787498597,0.42608403600752354,0
2408,56.99982916697627,0.4325000336393714,0
2409,57.01251354202395,0.40970795089378953,0
2410,57.02427783398889,0.4344999906606972,0
2411,57.03618633397855,0.43108302634209394,0
2412,57.04908054199768,0.467624980956316,0
2413,57.05985312501434,0.4273749655112624,0
2414,57.07186666701455,0.3837919794023037,0
2415,57.08465095900465,0.4872499848715961,0
2416,57.09774425002979,0.5237919976934791,0
2417,57.11088125000242,0.5214170087128878,0
2418,57.12301949999528,0.4727920168079436,0
2419,57.13363958400441,0.4440000047907233,0
2420,57.14548595901579,0.47774997074157,0
2421,57.158618209010456,0.4516660119406879,0
2422,57.17170579201775,0.5692919949069619,0
2423,57.18490458402084,,1
2424,57.300521833996754,3.6193749983794987,0
2425,57.31660562497564,0.9584590443409979,0
2426,57.32777758402517,2.5162079837173223,0
2427,57.359455541998614,13.768417004030198,0
2428,57.39436554198619,0.3737499937415123,0
2429,57.40729341702536,0.3291249740868807,0
2430,57.42017754202243,0.2578749554231763,0
2431,57.43296766700223,0.2109169727191329,0
2432,57.44455954199657,0.3002079902216792,0
2433,57.45741575001739,,1
2434,57.57056391699007,0.5660000024363399,0
2435,57.58354987500934,0.3356249653734267,0
2436,57.59546370897442,0.23354100994765759,0
2437,57.60752291698009,0.2310420386493206,0
2438,57.619736917025875,0.3741669934242964,0
2439,57.63270641700365,0.46379200648516417,0
2440,57.64578704198357,0.4460420459508896,0
2441,57.65674933401169,,1
2442,57.77082804200472,0.5695829750038683,0
2443,57.78401904198108,0.5988749908283353,0
2444,57.796226917009335,,1
2445,57.908138292026706,0.5092919454909861,0
2446,57.921227084007114,0.5156249972060323,0
2447,57.93401966698002,,1
2448,58.047877500008326,0.5502499989233911,0
2449,58.06074445898412,0.3180410130880773,0
2450,58.07273116701981,,1
2451,58.186558292014524,,1
2452,58.299687333987094,,1
2453,58.41359695902793,0.37812499795109034,0
2454,58.42653508402873,0.3262909594923258,0
2455,58.43941912497394,0.24254200980067253,0
2456,58.45127812499413,0.3278339863754809,0
2457,58.46417616697727,0.3553330316208303,0
2458,58.476117333979346,0.5384579999372363,0
2459,58.489278250024654,0.2912919735535979,0
2460,58.50213454198092,0.3570830449461937,0
2461,58.51471587497508,0.355791999027133,0
2462,58.52568145899568,0.4140000091865659,0
2463,58.537522792001255,0.4200830007903278,0
2464,58.552294333989266,0.4991660243831575,0
2465,58.564738292014226,0.4742500022985041,0
2466,58.57750554202357,0.6738749798387289,0
2467,58.589236708998214,0.4450000124052167,0
2468,58.602215874998365,0.429958978202194,0
2469,58.61552933399798,0.33566600177437067,0
2470,58.6284481670009,0.41266699554398656,0
2471,58.642552834004164,0.43645797995850444,0
2472,58.654210291977506,,1
2473,58.76754049997544,0.5316670285537839,0
2474,58.78066962497542,0.4806670476682484,0
2475,58.791317375027575,0.42029196629300714,0
2476,58.8041687500081,0.528458971530199,0
2477,58.815822583972476,0.4711660440079868,0
2478,58.827651042025536,0.41937496280297637,0
2479,58.83921529201325,0.45858300291001797,0
2480,58.851103833992966,0.41874998714774847,0
2481,58.864116208977066,0.510416051838547,0
2482,58.87870858400129,0.4470410058274865,0
2483,58.890869625029154,0.38533395854756236,0
2484,58.90386112499982,0.4514169995673001,0
2485,58.916900584008545,0.4837500164285302,0
2486,58.92999229201814,0.4134170012548566,0
2487,58.94299312500516,0.46141701750457287,0
2488,58.956042999983765,0.38933398900553584,0
2489,58.96870091697201,,1
2490,59.08248908398673,0.7975000189617276,0
2491,59.09451045899186,0.47091598389670253,0
2492,59.107426124974154,0.44445903040468693,0
2493,59.12047762499424,0.6991670234128833,0
2494,59.132510584022384,0.7630409672856331,0
2495,59.145892667002045,0.789417012128979,0
2496,59.1597407090012,1.2796249939128757,0
2497,59.171293709019665,0.508915982209146,0
2498,59.18441245902795,0.5400829832069576,0
2499,59.19622749998234,,1
2500,59.31009912502486,,1
2501,59.42238579201512,0.7648749742656946,0
2502,59.43411383399507,0.5369160207919776,0
2503,59.44574266701238,0.38416701136156917,0
2504,59.458974084001966,0.36045798333361745,0
2505,59.47192445897963,,1
2506,59.58591541700298,0.42691698763519526,0
2507,59.59894608397735,0.454666034784168,0
2508,59.61223229201278,0.7252079667523503,0
2509,59.62657270900672,0.5303329671733081,0
2510,59.639696084021125,0.4957909695804119,0
2511,59.65280358400196,0.5379159701988101,0
2512,59.66364041698398,0.45645801583305,0
2513,59.67669016699074,0.3329580067656934,0
2514,59.689608375018,0.3843340091407299,0
2515,59.7026054590242,0.5409999866969883,0
2516,59.714621959021315,0.7761250017210841,0
2517,59.72656508401269,,1
2518,59.83849916700274,,1
2519,59.95118149998598,0.5385419935919344,0
2520,59.96433970902581,0.5601659649983048,0
2521,59.97674808400916,,1
2522,60.08974324999144,,1
2523,60.201654625008814,1.0072499862872064,0
2524,60.21523012500256,0.32695900881662965,0
2525,60.22811529197497,0.30700000934302807,0
2526,60.240984125004616,0.24554197443649173,0
2527,60.25249854201684,0.25441701291128993,0
2528,60.26531333400635,0.3832909860648215,0
2529,60.27828454202972,0.27416698867455125,0
2530,60.29109720897395,1.0735830292105675,0
2531,60.30238554201787,0.25504198856651783,0
2532,60.31519933399977,0.2982909791171551,0
2533,60.32806999998866,,1
2534,60.439683875010815,0.3446670016273856,0
2535,60.45258062501671,,1
2536,60.56632575002732,0.3605839447118342,0
2537,60.579275458992925,0.5492080235853791,0
2538,60.59151325002313,0.3066249773837626,0
2539,60.60399625002174,1.2259999639354646,0
2540,60.61841262498638,,1
2541,60.73287995898863,0.8271660190075636,0
2542,60.745742583996616,,1
2543,60.86256187502295,0.42029196629300714,0
2544,60.87578033399768,0.4563750117085874,0
2545,60.8870764169842,,1
2546,60.9986894170288,0.8364999666810036,0
2547,61.00984079198679,0.40795799577608705,0
2548,61.022894333989825,,1
2549,61.13672820897773,0.3893329994753003,0
2550,61.14969662501244,0.38341700565069914,0
2551,61.161252708989196,0.3922079922631383,0
2552,61.174263667024206,0.9218750055879354,0
2553,61.187923791992944,0.375000003259629,0
2554,61.20087720901938,0.35983300767838955,0
2555,61.213809333974496,0.3473750548437238,0
2556,61.224546500016004,0.9897499694488943,0
2557,61.236409584002104,0.3180410130880773,0
2558,61.24931920901872,0.4201249685138464,0
2559,61.26229912502458,0.3279589582234621,0
2560,61.275213708984666,0.39558298885822296,0
2561,61.287714084028266,,1
2562,61.40072295902064,,1
2563,61.51461266702972,0.26233296375721693,0
2564,61.52745654201135,0.5419999943114817,0
2565,61.538478249975014,0.3724590060301125,0
2566,61.551420749980025,0.4044999950565398,0
2567,61.564409583981615,0.3980410401709378,0
2568,61.57663116697222,0.3856250550597906,0
2569,61.588924666983075,0.37058303132653236,0
2570,61.60185395902954,0.4077499615959823,0
2571,61.61249379202491,,1
2572,61.724675209028646,0.8009999874047935,0
2573,61.73808879201533,0.5318750045262277,0
2574,61.75122899998678,0.4097920027561486,0
2575,61.76253408397315,0.40670804446563125,0
2576,61.77440549997846,0.3194590099155903,0
2577,61.78622029197868,,1
2578,61.89917083398905,0.5293330177664757,0
2579,61.910979542008135,0.45200000749900937,0
2580,61.9240237090271,0.45083300210535526,0
2581,61.93708504200913,0.5338329938240349,0
2582,61.95024033397203,,1
2583,62.06393887498416,0.5112499929964542,0
2584,62.07577825000044,0.48979197163134813,0
2585,62.08885850000661,0.3708750009536743,0
2586,62.10074591700686,0.5855420022271574,0
2587,62.11301408399595,6.731082976330072,0
2588,62.132372458989266,,1
2589,62.24462616699748,0.4535000189207494,0
2590,62.2564893339877,,1
2591,62.367838124977425,0.7971250452101231,0
2592,62.38124058401445,0.555291015189141,0
2593,62.39320362498984,,1
2594,62.505424416973256,0.2770000137388706,0
2595,62.51583741698414,0.4262080183252692,0
2596,62.527182333986275,,1
2597,62.640808500000276,0.3083340125158429,0
2598,62.651640750002116,0.5022920086048543,0
2599,62.66502420901088,0.4177499795332551,0
2600,62.677977167011704,0.3743330016732216,0
2601,62.690808499988634,0.3059590235352516,0
2602,62.70368683402194,0.27962500462308526,0
2603,62.71651749999728,0.3564169746823609,0
2604,62.72783737501595,0.3880420117639005,0
2605,62.73843058402417,0.5068329628556967,0
2606,62.74988016701536,1.1137499823234975,0
2607,62.76240983401658,,1
2608,62.876345333992504,0.7277909899130464,0
2609,62.8896723749931,0.5477090016938746,0
2610,62.90284504200099,0.5351249710656703,0
2611,62.91562362498371,0.5612919921986759,0
2612,62.92877412500093,0.7634169887751341,0
2613,62.9421786669991,0.6467080092988908,0
2614,62.95429479202721,0.6521249888464808,0
2615,62.96753754199017,0.6589579861611128,0
2616,62.98101587500423,0.719584000762552,0
2617,62.9923819170217,0.4508749698288739,0
2618,63.00369729200611,0.32054202165454626,0
2619,63.0155543339788,0.25779101997613907,0
2620,63.027419959020335,0.4344999906606972,0
2621,63.040478458977304,0.30562502797693014,0
2622,63.053390124987345,0.3884590114466846,0
2623,63.06609525001841,0.49445900367572904,0
2624,63.07856183400145,0.43416599510237575,0
2625,63.091565208975226,0.23333303397521377,0
2626,63.104376291972585,,1
2627,63.215833834023215,0.4637079546228051,0
2628,63.22885670902906,0.35516597563400865,0
2629,63.24038345902227,,1
2630,63.35431625001365,0.5576669936999679,0
2631,63.36738370900275,0.45787502313032746,0
2632,63.38042341702385,0.33587496727705,0
2633,63.39119833399309,0.3422910231165588,0
2634,63.40415379201295,0.4083749954588711,0
2635,63.415192499989644,0.49950001994147897,0
2636,63.426608917012345,0.4898330080322921,0
2637,63.43730004201643,0.5626669735647738,0
2638,63.45045216701692,0.3167919931001961,0
2639,63.463357125001494,0.266042014118284,0
2640,63.47468454198679,0.3166670212522149,0
2641,63.48757883399958,0.36637502489611506,0
2642,63.49917458399432,0.34362502628937364,0
2643,63.511877583980095,0.3005830221809447,0
2644,63.524343667028006,0.27245795354247093,0
2645,63.537206374981906,0.5082919960841537,0
2646,63.54921470902627,0.36624999484047294,0
2647,63.562149167002644,0.310208008158952,0
2648,63.573294374975376,0.4116250202059746,0
2649,63.586296333989594,0.5232910043559968,0
2650,63.59916908398736,0.4867080133408308,0
2651,63.61100020899903,0.6285409908741713,0
2652,63.62414462497691,0.3915840061381459,0
2653,63.63642679201439,,1
2654,63.74914691701997,,1
2655,63.86281299998518,0.8622920140624046,0
2656,63.875335125019774,0.382541969884187,0
2657,63.88834216701798,0.36637496668845415,0
2658,63.901277041994035,0.3636250039562583,0
2659,63.91421687498223,0.47079200157895684,0
2660,63.92531408398645,0.28420804301276803,0
2661,63.938172166992445,0.3315830253995955,0
2662,63.949457917013206,0.450999999884516,0
2663,63.96152329200413,0.4842500202357769,0
2664,63.974412459007,0.2758330083452165,0
2665,63.98727229202632,0.4790419479832053,0
2666,63.99814291700022,0.38658297853544354,0
2667,64.00869554199744,0.3160830237902701,0
2668,64.02159066702006,0.31291699269786477,0
2669,64.03244441701099,0.44916698243469,0
2670,64.04433316702489,0.3017499693669379,0
2671,64.05614454200258,,1
2672,64.16979787498713,,1
2673,64.28373249998549,,1
2674,64.397605791979,0.556000042706728,0
2675,64.40942387498217,0.34854200202971697,0
2676,64.42041779198917,0.4491670406423509,0
2677,64.43347433401505,0.5302499630488455,0
2678,64.44469020899851,,1
2679,64.55793408397585,0.6810830091126263,0
2680,64.57119779201457,0.4301249864511192,0
2681,64.58366333402228,0.3792499774135649,0
2682,64.59476374997757,0.5063340067863464,0
2683,64.60617987497244,0.5083340220153332,0
2684,64.61926075001247,0.6879589636810124,0
2685,64.63174166699173,,1
2686,64.74548174999654,0.35437499172985554,0
2687,64.7581532089971,0.23345800582319498,0
2688,64.77093441702891,0.2133749658241868,0
2689,64.78369549999479,0.40129199624061584,0
2690,64.79667274997337,0.4337090067565441,0
2691,64.81036674999632,1.60604203119874,0
2692,64.82454820902785,,1
2693,64.93839983397629,0.4547910066321492,0
2694,64.95028912497219,0.38166705053299665,0
2695,64.96216845902381,0.562832981813699,0
2696,64.9740349589847,0.390583008993417,0
2697,64.98590324999532,0.4220000118948519,0
2698,64.99893020902527,0.3172080032527447,0
2699,65.01181925000856,0.28845900669693947,0
2700,65.02466791699408,0.23437500931322575,0
2701,65.03531324997311,0.22962503135204315,0
2702,65.04626679199282,0.2655829885043204,0
2703,65.05849558400223,0.20000000949949026,0
2704,65.07123275002232,0.3140839980915189,0
2705,65.08162766700843,0.2560419961810112,0
2706,65.09304287499981,0.2903339918702841,0
2707,65.10587633401155,0.3375409869477153,0
2708,65.11783491697861,0.3113330458290875,0
2709,65.13070662500104,0.30204199720174074,0
2710,65.1435635840171,,1
2711,65.25500162498793,0.47545903362333775,0
2712,65.26804687501863,0.5044999998062849,0
2713,65.27886979200412,0.21774997003376484,0
2714,65.29162079200614,0.2954999799840152,0
2715,65.30445208400488,0.31212501926347613,0
2716,65.31767195899738,0.5558750126510859,0
2717,65.32871887501096,1.249499968253076,0
2718,65.342812124989,0.4124169936403632,0
2719,65.35443250002572,0.5857920041307807,0
2720,65.3658082089969,0.3181659849360585,0
2721,65.37869404198136,0.3708750009536743,0
2722,65.39160841697594,0.19175000488758087,0
2723,65.40433262498118,0.3270840388722718,0
2724,65.41505337500712,0.2886669826693833,0
2725,65.42788420902798,0.2982909791171551,0
2726,65.43836987501709,0.3777089877985418,0
2727,65.44965050002793,0.522583955898881,0
2728,65.46279483399121,0.5249580135568976,0
2729,65.47494525002548,0.4181669792160392,0
2730,65.48741508397507,0.4682500148192048,0
2731,65.50016837497242,0.4880840424448252,0
2732,65.5120319169946,1.3146669953130186,0
2733,65.52470129198628,,1
2734,65.63878045900492,0.4562910180538893,0
2735,65.65020429197466,0.49816700629889965,0
2736,65.66361929202685,0.6612499710172415,0
2737,65.67672266700538,0.4889169940724969,0
2738,65.68951995897805,0.750000006519258,0
2739,65.70286050002323,0.7715839892625809,0
2740,65.71623412502231,0.5064589786343277,0
2741,65.72846791701159,,1
2742,65.8427214170224,0.48454198986291885,0
2743,65.85399591701571,0.43408299097791314,0
2744,65.86700783402193,0.5402079550549388,0
2745,65.88013566698646,0.582000007852912,0
2746,65.89230312500149,0.3736669896170497,0
2747,65.90528116701171,,1
2748,66.01911141700111,0.5075419903732836,0
2749,66.03155224997317,0.3515420248731971,0
2750,66.04381537501467,0.3346249577589333,0
2751,66.05500558402855,,1
2752,66.16884200001368,,1
2753,66.2827825419954,0.33787498250603676,0
2754,66.29432408401044,0.35216601099818945,0
2755,66.3065883339732,0.26541604893282056,0
2756,66.31779470900074,0.5100829876028001,0
2757,66.32967554201605,0.6083750049583614,0
2758,66.34233562502777,0.48279197653755546,0
2759,66.35540691699134,0.30095799593254924,0
2760,66.36674537498038,0.38899999344721437,0
2761,66.37984270899324,0.47308299690485,0
2762,66.3907265419839,,1
2763,66.5022723749862,0.3777919919230044,0
2764,66.51444008399267,0.34629099536687136,0
2765,66.52772058401024,0.3254999755881727,0
2766,66.54062241700012,0.3737499937415123,0
2767,66.55199712497415,0.40120905032381415,0
2768,66.56417854200117,0.47866697423160076,0
2769,66.57726008398458,0.5147909978404641,0
2770,66.58948937500827,0.37745898589491844,0
2771,66.60134958400158,0.3638329799287021,0
2772,66.61431016697315,,1
2773,66.72782045899658,0.8159580174833536,0
2774,66.73949737497605,0.5527090397663414,0
2775,66.75138650002191,,1
2776,66.86332387500443,0.7100839866325259,0
2777,66.87458637502277,0.6047500064596534,0
2778,66.88775237498339,0.38883404340595007,0
2779,66.89912945899414,0.27204101206734776,0
2780,66.90944974997547,0.25350000942125916,0
2781,66.922238249972,0.3445420297794044,0
2782,66.93461179197766,0.33591705141589046,0
2783,66.94751333398744,0.3541660262271762,0
2784,66.96044804202393,0.43720798566937447,0
2785,66.9735432920279,0.48879196401685476,0
2786,66.98665308399359,0.48166600754484534,0
2787,66.99926245899405,0.49399997806176543,0
2788,67.0111034589936,0.4855000297538936,0
2789,67.02418408397352,0.5004160339012742,0
2790,67.03729520901106,0.46858296263962984,0
2791,67.04915008402895,0.32254098914563656,0
2792,67.06163833400933,0.45729096746072173,0
2793,67.07477012497839,0.5410840385593474,0
2794,67.0868431670242,0.9679169743321836,0
2795,67.10040887497598,0.3913750406354666,0
2796,67.11338483402506,0.3187909605912864,0
2797,67.12628387502627,,1
2798,67.2384103750228,,1
2799,67.35169337497791,0.4641250125132501,0
2800,67.36495837499388,0.4710420034825802,0
2801,67.37769137497526,0.5752920405939221,0
2802,67.39090633398155,0.43416599510237575,0
2803,67.40398629201809,0.5212079850025475,0
2804,67.4171157089877,0.5119999987073243,0
2805,67.42936808400555,0.30924996826797724,0
2806,67.44202916702488,0.21383300190791488,0
2807,67.45236358401598,0.20220800070092082,0
2808,67.46413362497697,,1
2809,67.58055750001222,1.127083960454911,0
2810,67.59430004202295,0.4469580017030239,0
2811,67.60731287498493,0.4340840387158096,0
2812,67.62030616699485,0.49712503096088767,0
2813,67.63339862501016,0.6046670023351908,0
2814,67.64596887497464,0.875250028911978,0
2815,67.65936654200777,,1
2816,67.77102941699559,,1
2817,67.8849317500135,0.4805839853361249,0
2818,67.89800087502226,0.48762495862320065,0
2819,67.91105016699294,0.41429197881370783,0
2820,67.92406441702042,0.5240829777903855,0
2821,67.93479174998356,0.5562920123338699,0
2822,67.94796087499708,0.4457500181160867,0
2823,67.9609945419943,0.524875009432435,0
2824,67.97412870900007,0.5357079789973795,0
2825,67.98724862502422,0.5255419528111815,0
2826,67.99798550002743,0.48266694648191333,0
2827,68.01106037502177,0.5123339942656457,0
2828,68.02417945902562,0.39899995317682624,0
2829,68.03717858402524,0.44308300130069256,0
2830,68.04908991698176,0.4163749981671572,0
2831,68.062082791992,0.4396250005811453,0
2832,68.07496808399446,,1
2833,68.18804545898456,0.5202910397201777,0
2834,68.20119108399376,0.5354580353014171,0
2835,68.21429700002773,0.3558749449439347,0
2836,68.2272256250144,0.44887501280754805,0
2837,68.24029079201864,0.38837495958432555,0
2838,68.25327824999113,0.48270903062075377,0
2839,68.26394929201342,0.5233329720795155,0
2840,68.27903445897391,0.9174580336548388,0
2841,68.29227829200681,0.4414169816300273,0
2842,68.30355279200012,0.4818749730475247,0
2843,68.31660720898071,0.4099580110050738,0
2844,68.32911558402702,0.5022909608669579,0
2845,68.34080833400367,0.3738329978659749,0
2846,68.35283145902213,0.5115409730933607,0
2847,68.36626174999401,0.5511670024134219,0
2848,68.37964145897422,,1
2849,68.49181966698961,0.7660830160602927,0
2850,68.50522870902205,0.5355000030249357,0
2851,68.51743087498471,0.5926250014454126,0
2852,68.52928658400197,0.6369579932652414,0
2853,68.54213908402016,0.1907499972730875,0
2854,68.55439904198283,0.3115829895250499,0
2855,68.56666966702323,0.5754169542342424,0
2856,68.57831291697221,0.3807500470429659,0
2857,68.59124174999306,,1
2858,68.7049649169785,0.5316670285537839,0
2859,68.71605708397692,0.3975830040872097,0
2860,68.72792908397969,0.45858300291001797,0
2861,68.73977308400208,0.2899999963119626,0
2862,68.75264870899264,0.36416598595678806,0
2863,68.76442899997346,0.40070904651656747,0
2864,68.77589387499029,,1
2865,68.88969616702525,0.4042079672217369,0
2866,68.90146891702898,0.21062494488433003,0
2867,68.91421841701958,0.19829196389764547,0
2868,68.9267118339776,0.3172910073772073,0
2869,68.93900600000052,0.5190839874558151,0
2870,68.95212879200699,0.4781669704243541,0
2871,68.96519941702718,0.43349998304620385,0
2872,68.97764145897236,0.5357910413295031,0
2873,68.99081341701094,0.5135000101290643,0
2874,69.00145016697934,0.3367500030435622,0
2875,69.01391124998918,0.27112499810755253,0
2876,69.02672670898028,0.21433300571516156,0
2877,69.03947145899292,0.19183300901204348,0
2878,69.05218724999577,0.2043339773081243,0
2879,69.06494304200169,0.32350001856684685,0
2880,69.0778277090285,0.3589579719118774,0
2881,69.09076841699425,0.3244580002501607,0
2882,69.10365445900243,0.32662501325830817,0
2883,69.1165463340003,0.3178329789079726,0
2884,69.12944470898947,0.2496250090189278,0
2885,69.14087545900838,0.35437499172985554,0
2886,69.1537872920162,0.43766701128333807,0
2887,69.16679716698127,0.45295804738998413,0
2888,69.17927604197757,0.4772500251419842,0
2889,69.1923252089764,0.9312910260632634,0
2890,69.20584595901892,0.7615829817950726,0
2891,69.21680729201762,0.3559580072760582,0
2892,69.22972791700158,0.5398750072345138,0
2893,69.24285991699435,0.5815830081701279,0
2894,69.25602149998304,0.3843750455416739,0
2895,69.26902754197363,0.5093750078231096,0
2896,69.28213770902948,0.3572499845176935,0
2897,69.29519762500422,0.47741702292114496,0
2898,69.30768041702686,0.3504999913275242,0
2899,69.319524792023,0.49462495371699333,0
2900,69.33268450002652,0.5007089930586517,0
2901,69.34525125002256,0.4859999753534794,0
2902,69.35831266699824,,1
2903,69.47130391700193,0.44416700256988406,0
2904,69.48346033401322,0.1985830022022128,0
2905,69.49619466700824,0.2407499705441296,0
2906,69.50896070897579,0.21533301332965493,0
2907,69.52169812499778,0.2707919920794666,0
2908,69.53477683401434,0.27424999279901385,0
2909,69.5475787500036,0.2930000191554427,0
2910,69.56039529200643,,1
2911,69.67333929199958,,1
2912,69.78788183402503,0.6963329506106675,0
2913,69.80107874999521,,1
2914,69.91457091702614,,1
2915,70.02766362502007,0.6535839638672769,0
2916,70.03914145898307,,1
2917,70.15088920900598,0.40862499736249447,0
2918,70.16387754201423,0.3748330054804683,0
2919,70.17680445901351,0.19108300330117345,0
2920,70.18861470901174,0.498790992423892,0
2921,70.20035862497753,0.49000000581145287,0
2922,70.21095849998528,0.5515000084415078,0
2923,70.22408025001641,0.44529198203235865,0
2924,70.23711708397605,0.48104103188961744,0
2925,70.24867987498874,0.4160000244155526,0
2926,70.26055804197676,0.32404204830527306,0
2927,70.27243108401308,0.43283298145979643,0
2928,70.28542795899557,0.5521660204976797,0
2929,70.29821270902175,0.3787909517996013,0
2930,70.30997716699494,0.2732920111157,0
2931,70.32280404202174,0.2937079989351332,0
2932,70.33566141698975,0.43470802484080195,0
2933,70.34868758398807,0.33741601509973407,0
2934,70.36158970900578,0.30458299443125725,0
2935,70.37444308400154,0.42770797153934836,0
2936,70.38742512499448,0.4097920027561486,0
2937,70.40040816698456,0.3879170399159193,0
2938,70.41336333402433,0.4438749747350812,0
2939,70.42418170900783,,1
2940,70.53845237498172,,1
2941,70.65079504199093,0.4532919847406447,0
2942,70.66345158399781,,1
2943,70.77509037498385,,1
2944,70.88809758401476,0.7328329957090318,0
2945,70.90144216699991,,1
2946,71.01332929200726,0.7510000141337514,0
2947,71.02561966702342,0.6206249818205833,0
2948,71.03883183398284,0.5681249895133078,0
2949,71.05199787497986,0.6281250389292836,0
2950,71.06300983397523,0.5530830239877105,0
2951,71.07538208400365,2.7289999998174608,0
2952,71.09070720901946,0.4663749714381993,0
2953,71.10375345899956,0.44191599590703845,0
2954,71.11759045900544,0.2871250035241246,0
2955,71.13117895898176,0.30683301156386733,0
2956,71.14242191700032,0.41212502401322126,0
2957,71.15545712498715,0.27533399406820536,0
2958,71.16818495898042,0.2553749945946038,0
2959,71.18099291698309,0.21412502974271774,0
2960,71.19375820900314,0.21675002062693238,0
2961,71.20652329199947,0.35550002939999104,0
2962,71.22220166702755,,1
2963,71.33355899999151,0.2603750326670706,0
2964,71.34638950001681,0.30037498800083995,0
2965,71.35890087502776,0.35370897967368364,0
2966,71.3718230840168,0.2829160075634718,0
2967,71.38447483401978,0.2721250057220459,0
2968,71.39602995902533,0.30324998078867793,0
2969,71.40911595901707,1.0525829857215285,0
2970,71.42174904199783,0.3818750265054405,0
2971,71.43472612497862,0.5672920378856361,0
2972,71.4454791250173,0.4056670004501939,0
2973,71.4573847919819,0.3453330136835575,0
2974,71.46943891700357,0.407207990065217,0
2975,71.48241862497525,0.39766699774190784,0
2976,71.49324066698318,0.34858303843066096,0
2977,71.50466137501644,0.33299997448921204,0
2978,71.51761475001695,0.3571669803932309,0
2979,71.53057616698788,0.5948750185780227,0
2980,71.54131466697436,0.3452080418355763,0
2981,71.55422195902793,,1
2982,71.66806533397175,0.673583010211587,0
2983,71.68133370898431,0.4895830061286688,0
2984,71.69431616697693,0.3182920045219362,0
2985,71.70720891701058,0.4814579733647406,0
2986,71.72028354200302,0.5850419984199107,0
2987,71.73344500001986,0.5015839706175029,0
2988,71.74653250002302,0.4877919564023614,0
2989,71.75990470900433,0.6197909824550152,0
2990,71.77127212501364,0.4319999716244638,0
2991,71.7830178749864,0.6371670169755816,0
2992,71.79584600002272,0.6390839698724449,0
2993,71.80662941699848,0.36441697739064693,0
2994,71.81957270897692,,1
2995,71.93249379197368,0.5830000154674053,0
2996,71.94484229199588,0.4237500252202153,0
2997,71.95785462501226,0.5522500141523778,0
2998,71.97048145899316,0.3481250023469329,0
2999,71.98233854200225,0.45733299339190125,0
3000,71.995378874999,0.2881669788621366,0
3001,72.00831683399156,0.5712499842047691,0
3002,72.0214657090255,0.44741597957909107,0
3003,72.03504941699794,0.6912919925525784,0
3004,72.04835487500532,0.4365839995443821,0
3005,72.06138187501347,0.4252090002410114,0
3006,72.07439512497513,0.5126670002937317,0
3007,72.0875009589945,0.4052080330438912,0
3008,72.10046899999725,0.2460419782437384,0
3009,72.11327158397762,0.30054099624976516,0
3010,72.12417666701367,0.4154579946771264,0
3011,72.13487837498542,0.303334032651037,0
3012,72.14776304201223,0.43104198994114995,0
3013,72.15985604200978,0.3230419824831188,0
3014,72.1727383750258,0.4142089746892452,0
3015,72.18555724999169,,1
3016,72.29935791698517,,1
3017,72.41097995900782,0.38350000977516174,0
3018,72.4218863749993,0.5323750083334744,0
3019,72.43310679198476,0.45433302875608206,0
3020,72.44431425002404,0.4529999569058418,0
3021,72.4573611249798,1.7058340017683804,0
3022,72.46934679202968,,1
3023,72.58264550002059,0.5332499858923256,0
3024,72.59560716699343,0.5092080100439489,0
3025,72.60782633401686,4.095874959602952,0
3026,72.62451595900347,2.4067499907687306,0
3027,72.63950470898999,0.5298330215737224,0
3028,72.65262829198036,0.42441702680662274,0
3029,72.66468804201577,0.5123749724589288,0
3030,72.67780004197266,0.42379205115139484,0
3031,72.69026925001526,0.3863750025629997,0
3032,72.70086983399233,0.399957993067801,0
3033,72.71404937497573,0.4217090317979455,0
3034,72.72594533400843,0.38225000025704503,0
3035,72.73885437502759,0.6302499677985907,0
3036,72.75208983401535,0.4701249999925494,0
3037,72.76480125001399,0.38425001548603177,0
3038,72.7792290840298,0.48395799240097404,0
3039,72.7903266249923,0.5119169945828617,0
3040,72.80130729201483,,1
3041,72.91530491702724,0.4021669737994671,0
3042,72.92772216699086,0.4835419822484255,0
3043,72.94081470899982,0.3566659870557487,0
3044,72.95376112498343,0.5872499896213412,0
3045,72.96627291699406,0.36937498953193426,0
3046,72.97904408402974,0.39033294888213277,0
3047,72.99118704197463,,1
3048,73.10674937500153,0.35091699101030827,0
3049,73.11737083399203,0.39616599678993225,0
3050,73.1291913340101,0.30862499261274934,0
3051,73.14080887497403,0.3428340423852205,0
3052,73.15370537497802,0.380834040697664,0
3053,73.16581445897464,0.357625016476959,0
3054,73.17768295900896,0.3709580050781369,0
3055,73.1888192089973,0.4571659956127405,0
3056,73.2018586670165,0.3262920072302222,0
3057,73.21472899999935,,1
3058,73.32848762499634,0.42858399683609605,0
3059,73.34148733399343,0.3257080097682774,0
3060,73.35434641700704,0.23716699797660112,0
3061,73.36710058402969,0.29758299933746457,0
3062,73.37995091697667,0.23537501692771912,0
3063,73.39273083402077,0.38300000596791506,0
3064,73.40569104201859,0.5215829587541521,0
3065,73.41882658400573,0.5564999883063138,0
3066,73.43196925002849,0.48620899906381965,0
3067,73.44359504198655,0.2675830037333071,0
3068,73.4564324169769,0.23920804960653186,0
3069,73.46921374998055,0.31704199500381947,0
3070,73.48209370899713,0.23416598560288548,0
3071,73.4948707090225,0.44666597386822104,0
3072,73.50794141698861,,1
3073,73.62218083400512,0.5087910103611648,0
3074,73.63289075001376,0.5430839955806732,0
3075,73.64601420902181,0.6779159884899855,0
3076,73.65751920902403,0.5176249542273581,0
3077,73.67061541700969,0.6565420189872384,0
3078,73.68331875000149,0.46645902330055833,0
3079,73.69523741700687,0.3297500079497695,0
3080,73.70813099999214,0.3659590147435665,0
3081,73.7210702499724,0.29491703025996685,0
3082,73.73348316701595,0.5250829854048789,0
3083,73.74659733398585,0.40095800068229437,0
3084,73.75729354197392,0.5485420115292072,0
3085,73.77149654197274,0.46904204646125436,0
3086,73.7837535419967,0.44112501200288534,0
3087,73.79499899997609,1.0217500384896994,0
3088,73.80869379197247,0.9694170439615846,0
3089,73.82004262501141,0.5509170005097985,0
3090,73.83282920898637,0.48345798859372735,0
3091,73.84468749997905,0.4959590150974691,0
3092,73.85534512501908,0.39779196958988905,0
3093,73.86638770898571,0.2615409903228283,0
3094,73.87854200002039,0.31337497057393193,0
3095,73.89014099998167,0.4020420019514859,0
3096,73.90184150001733,0.28912496054545045,0
3097,73.91565604199423,1.5237079933285713,0
3098,73.92953858402325,,1
3099,74.04290787497303,0.3630000283010304,0
3100,74.0562181249843,0.3689590375870466,0
3101,74.06774254201446,0.39299996569752693,0
3102,74.08074833400315,0.3054579719901085,0
3103,74.0913735840004,0.2971659996546805,0
3104,74.10282937501324,0.347458990290761,0
3105,74.11504654202145,0.5056249792687595,0
3106,74.13014183397172,0.27366605354472995,0
3107,74.14355899998918,1.927750010509044,0
3108,74.15984412498074,0.3652090090326965,0
3109,74.17282966698986,,1
3110,74.28679091698723,1.036333036608994,0
3111,74.30035270901863,0.2936659730039537,0
3112,74.3123328340007,0.35441602813079953,0
3113,74.32410504197469,0.3239580546505749,0
3114,74.33772112498991,0.697834009770304,0
3115,74.3551937090233,,1
3116,74.47176762501476,,1
3117,74.5845993339899,0.48891600454226136,0
3118,74.5960085419938,0.3896250273101032,0
3119,74.60887858399656,0.34195801708847284,0
3120,74.62178483401658,0.4232499632053077,0
3121,74.63477566698566,0.59833301929757,0
3122,74.64795095898444,0.675083021633327,0
3123,74.65920304198517,0.36279199412092566,0
3124,74.67214629199589,0.5867080180905759,0
3125,74.6845125000109,0.4532089806161821,0
3126,74.69697150000138,0.4918749909847975,0
3127,74.70922658400377,,1
3128,74.82324458402582,0.5141249857842922,0
3129,74.83632695901906,0.2747909747995436,0
3130,74.84918604197446,0.13420800678431988,0
3131,74.86116770899389,0.34249998861923814,0
3132,74.8715979999979,0.2061669947579503,0
3133,74.88435183401452,0.3209999995306134,0
3134,74.89721966697834,0.2666250220499933,0
3135,74.9075769589981,0.19712501671165228,0
3136,74.9203194170259,0.19174994667991996,0
3137,74.93305291701108,0.19941700156778097,0
3138,74.94401608401677,0.3552499692887068,0
3139,74.95535266702063,0.45133300591260195,0
3140,74.96744074998423,0.5197090213187039,0
3141,74.97924633399816,,1
3142,75.09312274999684,0.58562500635162,0
3143,75.10536620899802,0.7983330287970603,0
3144,75.11738900002092,0.5404999828897417,0
3145,75.12979391700355,0.48333301674574614,0
3146,75.14145645900862,0.3565410152077675,0
3147,75.1520392500097,0.29845896642655134,0
3148,75.1648902919842,0.28195802588015795,0
3149,75.17710541700944,0.28083298821002245,0
3150,75.18992612499278,,1
3151,75.30367158399895,0.4772079992108047,0
3152,75.31674683402525,1.1062499834224582,0
3153,75.32857712497935,0.3861250006593764,0
3154,75.34396274999017,0.7357090362347662,0
3155,75.35610049997922,0.4168340237811208,0
3156,75.36739999998827,0.45995903201401234,0
3157,75.37966845900519,,1
3158,75.49253008398227,0.37404103204607964,0
3159,75.50544124998851,0.19475002773106098,0
3160,75.51680366700748,0.29262498719617724,0
3161,75.52962225000374,0.26208400959149003,0
3162,75.54240149998805,0.16420899191871285,0
3163,75.55510683398461,,1
3164,75.66784499998903,0.4950420116074383,0
3165,75.67856329202186,0.4240419948473573,0
3166,75.69130204198882,0.38241699803620577,0
3167,75.70426008402137,,1
3168,75.81624558399199,0.6239580106921494,0
3169,75.82949108397588,,1
3170,75.94209033402149,0.4640829865820706,0
3171,75.95487466698978,,1
3172,76.06861345900688,0.559207983314991,0
3173,76.08018270897446,,1
3174,76.1948082500021,1.2655419996008277,0
3175,76.20828266697936,0.7015420123934746,0
3176,76.21950862498488,,1
3177,76.33327325002756,0.5367089761421084,0
3178,76.3455420419923,0.3117920132353902,0
3179,76.35692225000821,0.27108401991426945,0
3180,76.36868900002446,0.30812498880550265,0
3181,76.38001808401896,0.18154096323996782,0
3182,76.39123470900813,0.1835830044001341,0
3183,76.40395508398069,0.19270804477855563,0
3184,76.41538000002038,,1
3185,76.52845616702689,,1
3186,76.642263250018,0.5228749942034483,0
3187,76.65540629200405,0.520166999194771,0
3188,76.66855904198019,0.9680830407887697,0
3189,76.68101462500636,0.43820898281410336,0
3190,76.69348991697188,,1
3191,76.80694191699149,0.6769580068066716,0
3192,76.82020374998683,0.44341699685901403,0
3193,76.83320595900295,0.4071249859407544,0
3194,76.84499020897783,0.3887080238200724,0
3195,76.85790129197994,,1
3196,76.97146891697776,0.6561670452356339,0
3197,76.98302204202628,0.342374958563596,0
3198,76.99574945901986,0.27537497226148844,0
3199,77.00795958400704,0.43045799247920513,0
3200,77.01896366698202,0.5047500017099082,0
3201,77.03202320897253,0.497375032864511,0
3202,77.04318091698224,0.7642499986104667,0
3203,77.0565257089911,0.5840000230818987,0
3204,77.0684858749737,1.245834049768746,0
3205,77.08069879200775,0.6849999772384763,0
3206,77.09398150001653,0.3849999629892409,0
3207,77.10693150002044,0.38724998012185097,0
3208,77.11783875001129,0.5619589937850833,0
3209,77.13098358397838,0.4939580103382468,0
3210,77.14274429198122,0.4039999912492931,0
3211,77.15572195901768,0.6084999768063426,0
3212,77.16846708400408,0.5611659726127982,0
3213,77.18033524998464,0.4919590428471565,0
3214,77.19226058397908,0.437250011600554,0
3215,77.2052558750147,,1
3216,77.31900295900414,0.48699998296797276,0
3217,77.33207337500062,0.3981670015491545,0
3218,77.34447424998507,0.3903339966200292,0
3219,77.35633337497711,0.3951250109821558,0
3220,77.36740254197503,0.4099170328117907,0
3221,77.37889145902591,0.4743329482153058,0
3222,77.39075949997641,0.4557089996524155,0
3223,77.40166691702325,0.4794999840669334,0
3224,77.41352449997794,0.4337920108810067,0
3225,77.42584199999692,1.1491249897517264,0
3226,77.43958354200004,0.500250025652349,0
3227,77.45107645902317,0.9764579590409994,0
3228,77.46921220899094,0.3144579823128879,0
3229,77.48136858397629,0.4456660244613886,0
3230,77.4943105839775,0.3065410419367254,0
3231,77.50496104202466,0.31658296938985586,0
3232,77.51783429202624,0.3345419536344707,0
3233,77.52983329200651,0.4178329836577177,0
3234,77.54061783401994,0.46866596676409245,0
3235,77.55330141697777,0.52304205019027,0
3236,77.56588100001682,0.458208960480988,0
3237,77.57893541699741,0.42570801451802254,0
3238,77.5913445840124,3.6114159738644958,0
3239,77.60756854200736,0.2815829939208925,0
3240,77.6204114590073,0.1736659905873239,0
3241,77.63278437498957,0.18375000217929482,0
3242,77.64550466701621,,1
3243,77.75915833399631,0.3399159759283066,0
3244,77.77205816702917,0.3053749678656459,0
3245,77.78492679202463,0.5668749799951911,0
3246,77.79809016699437,0.4153330228291452,0
3247,77.81110712501686,,1
3248,77.92494599998463,0.5940000410191715,0
3249,77.93614875001367,,1
3250,78.04995666700415,0.5592919769696891,0
3251,78.06313766702078,0.3862499725073576,0
3252,78.07498516701162,0.42458297684788704,0
3253,78.08704345900333,0.4482080112211406,0
3254,78.09917779202806,0.4044999950565398,0
3255,78.11032300000079,0.5632090033032,0
3256,78.12165366701083,0.46025001211091876,0
3257,78.13472629198804,0.4782500327564776,0
3258,78.1455576249864,0.5084170261397958,0
3259,78.15748300001724,0.48574997344985604,0
3260,78.1705414999742,0.626250053755939,0
3261,78.18315358401742,0.4944579559378326,0
3262,78.1962273750105,0.38641697028651834,0
3263,78.20920504198875,,1
3264,78.32312291697599,0.6332920165732503,0
3265,78.33635145897279,0.6353750359266996,0
3266,78.3491713340045,0.7820830214768648,0
3267,78.36097870900994,0.6737500079907477,0
3268,78.37422958400566,1.36208301410079,0
3269,78.3875119999866,0.972250010818243,0
3270,78.40109595900867,0.547999981790781,0
3271,78.41423975001089,,1
3272,78.52707591699436,0.7097080233506858,0
3273,78.54036924999673,0.5810420261695981,0
3274,78.55355479201535,0.5852080066688359,0
3275,78.56671350001125,0.5379999638535082,0
3276,78.57981333398493,0.5662910407409072,0
3277,78.5913637499907,0.7812090334482491,0
3278,78.60470779199386,0.479582988191396,0
3279,78.6177357090055,,1
3280,78.73159400001168,0.7227499736472964,0
3281,78.74549391702749,1.4383329544216394,0
3282,78.75922854198143,1.6343329916708171,0
3283,78.77218241698574,0.49958302406594157,0
3284,78.78375183400931,0.5411659949459136,0
3285,78.79475075000664,0.5697919987142086,0
3286,78.80750095902476,0.592124997638166,0
3287,78.82065925002098,0.5359170027077198,0
3288,78.832452291972,0.5728750256821513,0
3289,78.84558841702528,0.48212497495114803,0
3290,78.8573976670159,0.4265420138835907,0
3291,78.86934937501792,0.48691697884351015,0
3292,78.8824828750221,0.5230839597061276,0
3293,78.89559612498851,0.3473340184427798,0
3294,78.90713904198492,,1
3295,79.02103337500012,0.719917006790638,0
3296,79.03267070901347,0.6200000061653554,0
3297,79.04435491701588,,1
3298,79.15790933399694,1.397582993377,0
3299,79.17190237500472,0.49995898734778166,0
3300,79.18347258400172,0.5021250108256936,0
3301,79.19655233400408,0.6130830151960254,0
3302,79.20795945898863,0.592875003349036,0
3303,79.2211250839755,0.5542500293813646,0
3304,79.23347779200412,0.5371670122258365,0
3305,79.2465880420059,,1
3306,79.35938104201341,0.6389999762177467,0
3307,79.37260025000433,0.524833973031491,0
3308,79.38335166702745,0.3909999504685402,0
3309,79.39523962500971,0.5593749810941517,0
3310,79.40960033400916,0.8910410106182098,0
3311,79.42236283398233,0.4722500452771783,0
3312,79.43351445900043,0.4573750193230808,0
3313,79.44656987499911,,1
3314,79.55798470898299,0.5592080415226519,0
3315,79.57111399999121,0.41849998524412513,0
3316,79.58249712502584,0.4202499985694885,0
3317,79.59566954197362,0.4669170011766255,0
3318,79.60873987502418,0.3501249593682587,0
3319,79.62165820901282,0.25420798920094967,0
3320,79.63447016698774,0.30820799292996526,0
3321,79.64734220900573,0.3228330169804394,0
3322,79.6586553750094,0.4083749954588711,0
3323,79.67163112497656,0.3184170345775783,0
3324,79.68433249997906,0.5383749958127737,0
3325,79.69743699999526,0.413333997130394,0
3326,79.70863354200264,0.38704200414940715,0
3327,79.72022287501022,,1
3328,79.83347825001692,0.5047919694334269,0
3329,79.84655937500065,0.30999997397884727,0
3330,79.85703845898388,0.33379101660102606,0
3331,79.86925320897717,0.5868330481462181,0
3332,79.88242791697849,0.4158330266363919,0
3333,79.8954514170182,0.4231249913573265,0
3334,79.90797449997626,0.37208403227850795,0
3335,79.92020816699369,0.21529203513637185,0
3336,79.93296912498772,0.2829169970937073,0
3337,79.94580570899416,0.33066602190956473,0
3338,79.9586917500128,0.24904200108721852,0
3339,79.97150041698478,0.2750420244410634,0
3340,79.98432720900746,0.35829097032546997,0
3341,79.9948467920185,0.29391696443781257,0
3342,80.00716087501496,0.3653339808806777,0
3343,80.02010104199871,0.5260420148260891,0
3344,80.03248516697204,0.45612500980496407,0
3345,80.04432237497531,0.4097920027561486,0
3346,80.0551102500176,,1
3347,80.16738991701277,1.0132499737665057,0
3348,80.1810175839928,0.5854159826412797,0
3349,80.19309850002173,1.5934999682940543,0
3350,80.20679070899496,0.48991601215675473,0
3351,80.21866116701858,0.6524579948745668,0
3352,80.23005474999081,0.4282500012777746,0
3353,80.24218466697494,0.5704580107703805,0
3354,80.25465516699478,0.5167500348761678,0
3355,80.26774291699985,0.4956250195391476,0
3356,80.27833683398785,0.43983303476125,0
3357,80.29220333398553,0.6364579894579947,0
3358,80.30540566699347,0.4801250179298222,0
3359,80.3168178750202,0.484249962028116,0
3360,80.32989074999932,0.3825839958153665,0
3361,80.34235670900671,0.393458001781255,0
3362,80.35533683397807,,1
3363,80.46888691699132,0.6315000355243683,0
3364,80.48213995900005,0.46754098730161786,0
3365,80.49519162502838,0.47729199286550283,0
3366,80.5081592919887,0.39320799987763166,0
3367,80.52102258399827,0.44191599590703845,0
3368,80.53349029202946,,1
3369,80.64571966702351,0.6176249589771032,0
3370,80.6579689590144,0.474124972242862,0
3371,80.66955591697479,0.39312505396083,0
3372,80.68252916698111,0.3022500313818455,0
3373,80.69346704200143,0.22975000320002437,0
3374,80.70520033402136,,1
3375,80.81903449998936,0.5869169835932553,0
3376,80.8297939170152,0.5583330057561398,0
3377,80.84190212498652,0.5884169950149953,0
3378,80.85369262500899,0.39945897879078984,0
3379,80.86664541700156,0.3967920201830566,0
3380,80.87740937498165,0.3926670178771019,0
3381,80.8903543340275,0.44249999336898327,0
3382,80.90334945899667,0.3917079884558916,0
3383,80.91379112499999,,1
3384,81.02766591700492,0.6594579899683595,0
3385,81.04093066701898,1.4034999767318368,0
3386,81.05383154202718,0.6013749516569078,0
3387,81.06592145899776,0.4891660064458847,0
3388,81.07765095902141,0.4368749796412885,0
3389,81.09067354199942,0.3034999826923013,0
3390,81.10354320902843,0.5333329900167882,0
3391,81.11538179201307,0.5068329628556967,0
3392,81.12716299999738,0.369541987311095,0
3393,81.14011087501422,,1
3394,81.2507704590098,0.6304580019786954,0
3395,81.26243991701631,0.558124971576035,0
3396,81.27568075002637,0.35383395152166486,0
3397,81.2886140840128,0.5072499625384808,0
3398,81.300322916999,0.45237498125061393,0
3399,81.31163408397697,,1
3400,81.4254624589812,0.6782080163247883,0
3401,81.43800500000361,0.3209999995306134,0
3402,81.45014199998695,0.3568340325728059,0
3403,81.4609700840083,0.45900000259280205,0
3404,81.47167499997886,0.3083340125158429,0
3405,81.48395383398747,0.6939580198377371,0
3406,81.49717670900282,0.4077909979969263,0
3407,81.50891316699563,0.4266250180080533,0
3408,81.52191870898241,0.4129160079173744,0
3409,81.53449129202636,,1
3410,81.64833649998764,0.30966702615842223,0
3411,81.66119920898927,0.33383298432454467,0
3412,81.67162141698645,0.25379203725606203,0
3413,81.68206033401657,,1
3414,81.79431425000075,0.33004197757691145,0
3415,81.80472337501124,0.2696249866858125,0
3416,81.81755258399062,0.35520800156518817,0
3417,81.83047929202439,0.3677499480545521,0
3418,81.84291854198091,0.2387920394539833,0
3419,81.85558808402857,0.29987498419359326,0
3420,81.86845587502467,0.3890839871019125,0
3421,81.88142579200212,0.3790829796344042,0
3422,81.89288604201283,0.31099998159334064,0
3423,81.90413829201134,0.23583299480378628,0
3424,81.91693562502041,0.29204197926446795,0
3425,81.92978704202687,0.24087500059977174,0
3426,81.94257029198343,0.19283301662653685,0
3427,81.95528720901348,0.19466597586870193,0
3428,81.96800370898563,0.2542500151321292,0
3429,81.98046637501102,0.29391696443781257,0
3430,81.9933140000212,0.44949998846277595,0
3431,82.00637470901711,0.5218749865889549,0
3432,82.01922433398431,0.519458029884845,0
3433,82.03193787502823,0.4164999700151384,0
3434,82.04283929202938,0.34066697116941214,0
3435,82.05575704202056,,1
3436,82.16966512502404,0.4414169816300273,0
3437,82.18088737502694,0.7069999701343477,0
3438,82.1932990840287,0.7259999983943999,0
3439,82.20546199998353,0.6055840058252215,0
3440,82.21672274998855,0.5780840292572975,0
3441,82.22990141698392,1.0755420080386102,0
3442,82.24337224999908,0.6122090271674097,0
3443,82.25508916698163,0.588208029512316,0
3444,82.26682395901298,0.5452079931274056,0
3445,82.27886120899348,0.4689160268753767,0
3446,82.29040116700344,0.46316697262227535,0
3447,82.30342887499137,0.5418339860625565,0
3448,82.31654266698752,0.549082993529737,0
3449,82.3282340419828,0.5590000073425472,0
3450,82.3412370000151,2.5297089596278965,0
3451,82.35632945899852,0.4974160110577941,0
3452,82.36793900001794,,1
3453,82.48010745900683,0.7082499796524644,0
3454,82.49618216702947,,1
3455,82.60754154197639,0.46983303036540747,0
3456,82.61885779199656,0.3997500170953572,0
3457,82.63078333402518,0.4118329961784184,0
3458,82.64128154201899,0.4141249810345471,0
3459,82.65425754198804,,1
3460,82.76804395898944,0.5782500375062227,0
3461,82.78024308400927,0.6122079794295132,0
3462,82.79346895898925,0.8329160045832396,0
3463,82.80500883399509,1.0157910292036831,0
3464,82.81810587499058,0.5268339882604778,0
3465,82.83121799997753,0.6535419961437583,0
3466,82.84402900002897,0.5122919683344662,0
3467,82.85712795902509,0.5615829722955823,0
3468,82.87026166700525,0.5738330073654652,0
3469,82.88248704199214,0.5995830288156867,0
3470,82.89565104199573,,1
3471,83.00955283397343,,1
3472,83.12253558402881,0.29270799132063985,0
3473,83.13436283398187,0.289958028588444,0
3474,83.14721487497445,0.35383400972932577,0
3475,83.15887995902449,,1
3476,83.27104804199189,0.30029198387637734,0
3477,83.2932669169968,0.8213749970309436,0
3478,83.306009833992,0.32416603062301874,0
3479,83.31890520901652,0.3127079689875245,0
3480,83.33106595900608,0.32470800215378404,0
3481,83.34287904202938,0.5269579705782235,0
3482,83.35599208401982,0.3612909931689501,0
3483,83.36813925002934,,1
3484,83.48194083402632,0.5448749870993197,0
3485,83.49433016701369,0.4104169784113765,0
3486,83.50731370900758,0.3595830057747662,0
3487,83.5202439170098,0.48754201270639896,0
3488,83.5326734589762,0.5238750018179417,0
3489,83.54494633397553,0.36270800046622753,0
3490,83.55787795898505,1.4714580029249191,0
3491,83.57192379201297,0.7520419894717634,0
3492,83.58470845897682,0.44887501280754805,0
3493,83.59603070898447,0.31479098834097385,0
3494,83.60798383399379,0.517958018463105,0
3495,83.62108216702472,0.4111669841222465,0
3496,83.63412275002338,,1
3497,83.74669870897196,0.4386660293675959,0
3498,83.75763175002066,0.3045839839614928,0
3499,83.77014787500957,0.3097499720752239,0
3500,83.78300704201683,0.27245801175013185,0
3501,83.79581358400173,0.39554102113470435,0
3502,83.80876916699344,0.34920801408588886,0
3503,83.8216711669811,0.4372920375317335,0
3504,83.83468516700668,0.5934999790042639,0
3505,83.84746462502517,0.5779589992016554,0
3506,83.86104549997253,0.4002920468337834,0
3507,83.873795624997,0.38412498543038964,0
3508,83.88689862500178,0.39233401184901595,0
3509,83.89987695898162,0.40270801400765777,0
3510,83.9103634590283,0.34395797410979867,0
3511,83.92222954198951,0.40370802162215114,0
3512,83.93522554199444,0.48287498066201806,0
3513,83.94852433400229,0.5086659803055227,0
3514,83.9608777500107,0.36162498872727156,0
3515,83.97381891700206,0.34433300606906414,0
3516,83.98509108397411,0.32054103212431073,0
3517,83.99801724997815,0.36137504503130913,0
3518,84.01217104197713,0.5290420376695693,0
3519,84.02492991701001,0.26175001403316855,0
3520,84.03715325001394,,1
3521,84.15118454198819,0.5526249879039824,0
3522,84.16204424999887,0.37575000897049904,0
3523,84.17420370900072,,1
3524,84.28756308398442,0.6179159972816706,0
3525,84.30015791702317,0.5767919938080013,0
3526,84.31100325001171,,1
3527,84.42571516701719,0.7531250012107193,0
3528,84.43897895899136,0.5491250194609165,0
3529,84.45116900000721,0.4759589792229235,0
3530,84.4620792089845,0.4355830023996532,0
3531,84.47392800002126,0.32116699730977416,0
3532,84.48437374999048,0.4070419818162918,0
3533,84.49581450002734,0.4485419485718012,0
3534,84.50755187502364,0.4107499844394624,0
3535,84.51940024999203,0.4372920375317335,0
3536,84.53241916699335,0.5408750148490071,0
3537,84.54433387500467,0.47029199777171016,0
3538,84.55652350001037,,1
3539,84.67031787498854,0.6150419940240681,0
3540,84.68350362498313,0.5110420170240104,0
3541,84.6966022090055,0.4713329835794866,0
3542,84.70732279197546,0.44354202691465616,0
3543,84.71920270897681,,1
3544,84.83305366698187,0.5342920194379985,0
3545,84.84616008400917,,1
3546,84.95820566697512,0.6880420260131359,0
3547,84.97154358401895,0.5733749712817371,0
3548,84.98394720902434,0.5393750034272671,0
3549,84.997077292006,0.43941696640104055,0
3550,85.00891591701657,0.20887498976662755,0
3551,85.0216744170175,0.24987501092255116,0
3552,85.03251345898025,0.504958035890013,0
3553,85.04361991700716,0.31708297319710255,0
3554,85.05472708400339,0.20716601284220815,0
3555,85.06589220900787,0.3347080200910568,0
3556,85.07878949999576,0.377874996047467,0
3557,85.09026491700206,,1
3558,85.2026577499928,0.41387497913092375,0
3559,85.21566295897355,0.22475002333521843,0
3560,85.22612729202956,0.24987495271489024,0
3561,85.23791120899841,0.25779101997613907,0
3562,85.2498161669937,0.327582994941622,0
3563,85.26207104197238,0.27487502666190267,0
3564,85.28056808398105,0.3269580192863941,0
3565,85.29288370901486,0.24787499569356441,0
3566,85.30464895901969,0.24641596246510744,0
3567,85.3458552089869,3.315832989756018,0
3568,85.3644038339844,0.3251660382375121,0
3569,85.37774700002046,0.250459008384496,0
3570,85.39037920901319,0.21729100262746215,0
3571,85.40315479197307,0.18387503223493695,0
3572,85.41588458401384,0.278332969173789,0
3573,85.42874112498248,0.22862502373754978,0
3574,85.44137912499718,0.14387501869350672,0
3575,85.45224533398869,0.1937500201165676,0
3576,85.46338604198536,0.23574999067932367,0
3577,85.47415170900058,0.22733298828825355,0
3578,85.48691812501056,0.26762497145682573,0
3579,85.4997735840152,0.41858298936858773,0
3580,85.51281425001798,,1
3581,85.6265052499948,0.5238750018179417,0
3582,85.63964424998267,0.5493340431712568,0
3583,85.65285712498007,0.4527500132098794,0
3584,85.66582250001375,0.49208401469513774,0
3585,85.67921595898224,0.8114580414257944,0
3586,85.69302695902297,0.5210829549469054,0
3587,85.70615845901193,0.5046660080552101,0
3588,85.71805720898556,,1
3589,85.83200383401709,0.5757909966632724,0
3590,85.8446450419724,0.4685420426540077,0
3591,85.85768954199739,0.4094999749213457,0
3592,85.87070037500234,0.4264999879524112,0
3593,85.88370787497843,0.5000000237487257,0
3594,85.89681845897576,0.5036660004407167,0
3595,85.90933674998814,0.5802920204587281,0
3596,85.92241304198978,0.664916995447129,0
3597,85.93374916701578,0.6009580101817846,0
3598,85.94694225001149,0.4555839695967734,0
3599,85.95893037499627,1.5816250233910978,0
3600,85.97311587497825,0.5225840141065419,0
3601,85.98623983399011,0.4337080172263086,0
3602,85.99674991698703,0.30141702154651284,0
3603,86.009617083997,0.30512502416968346,0
3604,86.02247241698205,,1
3605,86.13510308397235,0.6980830221436918,0
3606,86.14840324997203,0.5325840320438147,0
3607,86.16097600001376,0.49983401549980044,0
3608,86.17405820899876,0.44958299258723855,0
3609,86.18838087498443,0.3541249898262322,0
3610,86.20128966699122,0.30100002186372876,0
3611,86.21414154197555,0.25358301354572177,0
3612,86.22693333402276,0.2705410006456077,0
3613,86.23972374998266,0.2293750294484198,0
3614,86.25247449998278,,1
3615,86.36582150001777,0.4360419698059559,0
3616,86.3778474170249,0.48395799240097404,0
3617,86.38892420899356,0.4516250337474048,0
3618,86.40032991702901,0.40554197039455175,0
3619,86.41330029198434,0.5350420251488686,0
3620,86.42741212499095,0.7186669972725213,0
3621,86.44004462502198,0.3987919772043824,0
3622,86.45293745899107,0.43937499867752194,0
3623,86.46596908400534,0.43812498915940523,0
3624,86.47669604199473,0.3957920125685632,0
3625,86.48967345902929,,1
3626,86.60150520899333,0.7410410325974226,0
3627,86.61483558401233,0.530624995008111,0
3628,86.62554470897885,1.1653749970719218,0
3629,86.63930037501268,0.5823749816045165,0
3630,86.6501514170086,0.5309999687597156,0
3631,86.66096458397806,0.58712501777336,0
3632,86.67187962500611,0.3559589968062937,0
3633,86.68377599999076,0.41849998524412513,0
3634,86.69566750002559,0.3142919740639627,0
3635,86.70853604201693,0.3607919788919389,0
3636,86.72145204199478,0.31704199500381947,0
3637,86.7343196250149,0.2716250019147992,0
3638,86.74713520897785,0.44408300891518593,0
3639,86.75769649998983,0.6324999849312007,0
3640,86.77088537497912,0.5224590422585607,0
3641,86.78347754199058,0.5348750273697078,0
3642,86.79433000000427,0.48141699517145753,0
3643,86.80737804202363,0.48991700168699026,0
3644,86.8204382089898,,1
3645,86.93116325000301,,1
3646,87.04501141700894,0.516125001013279,0
3647,87.05720425001346,0.3028750070370734,0
3648,87.0700996670057,0.4672079812735319,0
3649,87.08318037498975,0.510666985064745,0
3650,87.09431137499632,,1
3651,87.20807962497929,0.3688340075314045,0
3652,87.21872937498847,0.534249993506819,0
3653,87.2318730839761,0.2854160265997052,0
3654,87.24431012501009,,1
3655,87.35797383397585,,1
3656,87.47085408400744,0.6152080022729933,0
3657,87.4839597499813,,1
3658,87.59715258399956,0.540791021194309,0
3659,87.60983625001973,0.4135000053793192,0
3660,87.62283150001895,0.36791700404137373,0
3661,87.63367387501057,0.4650420160032809,0
3662,87.64501862501493,0.5334169836714864,0
3663,87.65606487501645,0.4539999645203352,0
3664,87.6691172500141,0.45833399053663015,0
3665,87.68163804197684,0.4199999966658652,0
3666,87.69465695897816,0.5258750170469284,0
3667,87.7077802499989,0.39599998854100704,0
3668,87.72075637499802,0.5053749773651361,0
3669,87.73248624999542,0.26991701452061534,0
3670,87.74533083400456,0.45437499647960067,0
3671,87.75837100000354,0.2594590187072754,0
3672,87.77121841697954,0.5737920291721821,0
3673,87.7823939169757,0.5768749979324639,0
3674,87.79375625000102,0.4414590075612068,0
3675,87.80683625000529,0.3730839816853404,0
3676,87.8198087500059,0.5216249846853316,0
3677,87.83132908400148,0.3762500127777457,0
3678,87.84181950002676,0.3052089596167207,0
3679,87.85470766702201,0.5384579999372363,0
3680,87.86786958400626,0.5118330009281635,0
3681,87.88057895901147,0.41437498293817043,0
3682,87.89358183398144,0.46549999387934804,0
3683,87.90627799998038,0.39295904571190476,0
3684,87.91796158399666,0.4492499865591526,0
3685,87.93099658400752,,1
3686,88.04522133397404,,1
3687,88.15799425001023,0.6093750125728548,0
3688,88.17122533399379,0.5171659868210554,0
3689,88.18431387498276,0.6442090380005538,0
3690,88.197534292005,0.5117920227348804,0
3691,88.21060087502701,0.44412497663870454,0
3692,88.22282829199685,0.3582499921321869,0
3693,88.23569599998882,0.41066703852266073,0
3694,88.24866633402416,0.5423749680630863,0
3695,88.2595726249856,0.45787502313032746,0
3696,88.27257924998412,0.4110840382054448,0
3697,88.28571120899869,0.5993330269120634,0
3698,88.29928570898483,0.41933299507945776,0
3699,88.31226845900528,0.4399159806780517,0
3700,88.32463425002061,0.8372089941985905,0
3701,88.33811812498607,,1
3702,88.45201008400181,0.4547499702312052,0
3703,88.46290991699789,0.40554202860221267,0
3704,88.4747503339895,0.2692079870030284,0
3705,88.48661304201232,0.4527079872786999,0
3706,88.49964620900573,0.2597079728730023,0
3707,88.5124630840146,0.2509159967303276,0
3708,88.5246437920141,0.3020829753950238,0
3709,88.53751850000117,0.2892090124078095,0
3710,88.55035916698398,0.30683301156386733,0
3711,88.56321858399315,0.29395800083875656,0
3712,88.57457250001607,0.2893749624490738,0
3713,88.58742383401841,0.25474996073171496,0
3714,88.6001578340074,0.5116249667480588,0
3715,88.61098679201677,0.4707499756477773,0
3716,88.62406424997607,0.38291700184345245,0
3717,88.63602016697405,0.49216701881960034,0
3718,88.64911262498936,0.4712920053862035,0
3719,88.66102079197299,0.7680830312892795,0
3720,88.67439004202606,,1
3721,88.78872270899592,0.5250410176813602,0
3722,88.80185291700764,0.5465419963002205,0
3723,88.81500649999361,0.5100840353406966,0
3724,88.82811145897722,0.5100410198792815,0
3725,88.83963245898485,0.28554099844768643,0
3726,88.85167524998542,0.34116703318431973,0
3727,88.86351804202422,0.3709580050781369,0
3728,88.87416733399732,0.20783301442861557,0
3729,88.88625929201953,0.4617919912561774,0
3730,88.89798308402533,0.4277499974705279,0
3731,88.91097929200623,0.30999997397884727,0
3732,88.92387687502196,0.23362500360235572,0
3733,88.9366774589871,0.5334159941412508,0
3734,88.94914412498474,0.3600839991122484,0
3735,88.96077208401402,0.44016598258167505,0
3736,88.97377220902126,0.6963329506106675,0
3737,88.98544429201866,0.47683296725153923,0
3738,88.99722841702169,0.3750419709831476,0
3739,89.01017070899252,0.29858300695195794,0
3740,89.02118429198163,0.3610420390032232,0
3741,89.03410237497883,0.33775001065805554,0
3742,89.04698120901594,0.38595800288021564,0
3743,89.05991679197177,0.32483303220942616,0
3744,89.0727971669985,0.3099170280620456,0
3745,89.0844747920055,0.45291701098904014,0
3746,89.09746754198568,0.3875829861499369,0
3747,89.11041208397364,,1
3748,89.22146408399567,1.031208026688546,0
3749,89.23339641699567,0.6231670267879963,0
3750,89.24660762498388,0.663834041915834,0
3751,89.25948520901147,0.4748330102302134,0
3752,89.27102058398305,0.5247080116532743,0
3753,89.28413745900616,0.5131249781697989,0
3754,89.29723287501838,0.3452500095590949,0
3755,89.30922695901245,0.40845799958333373,0
3756,89.32220549997874,0.4223340074531734,0
3757,89.3328314999817,0.43062499025836587,0
3758,89.34431729197968,0.41033304296433926,0
3759,89.35732741700485,0.40241697570309043,0
3760,89.36830633401405,0.37008296931162477,0
3761,89.38022441702196,0.40841696318238974,0
3762,89.39324349997332,,1
3763,89.50685758399777,0.4764579934999347,0
3764,89.51973020902369,0.4719159915111959,0
3765,89.53157612500945,,1
3766,89.64432999998098,0.9771250188350677,0
3767,89.65788804198382,1.3658330426551402,0
3768,89.67183725000359,0.4780840245075524,0
3769,89.68423758400604,1.2018330162391067,0
3770,89.69803537498228,0.533584039658308,0
3771,89.70959441701416,0.30058296397328377,0
3772,89.72234745899914,0.4806250217370689,0
3773,89.73303616698831,0.5292500136420131,0
3774,89.74618645902956,0.6035829428583384,0
3775,89.75937633402646,0.3726249560713768,0
3776,89.7712434999994,0.499167013913393,0
3777,89.78325062501244,0.5825419793836772,0
3778,89.79561237501912,0.5390839651226997,0
3779,89.80750075000105,0.4699170240201056,0
3780,89.81893216702156,0.49574999138712883,0
3781,89.83199270901969,0.5358749767765403,0
3782,89.8443015840021,,1
3783,89.95796454197261,0.5380000220611691,0
3784,89.96942074998515,0.39458402898162603,0
3785,89.98236995900515,0.34320796839892864,0
3786,89.9952707089833,0.4861660418100655,0
3787,90.00666291697416,,1
3788,90.12091095902724,0.6804579752497375,0
3789,90.1342146670213,0.5743749788962305,0
3790,90.14578775002155,0.3580839838832617,0
3791,90.15795949997846,0.21337502403184772,0
3792,90.16933745902497,0.23449998116120696,0
3793,90.1821235420066,0.25275000371038914,0
3794,90.19491899997229,0.2561250003054738,0
3795,90.20771654200507,0.21249998826533556,0
3796,90.22048241697485,0.4507920239120722,0
3797,90.23346462502377,0.37383398739621043,0
3798,90.24595987499924,0.42875000508502126,0
3799,90.25796633400023,0.38304098416119814,0
3800,90.26945495902328,0.4177909577265382,0
3801,90.28261674998794,0.2903750282712281,0
3802,90.29402583400952,0.23399997735396028,0
3803,90.30680958402809,,1
3804,90.41913654201198,0.5586249753832817,0
3805,90.43227804201888,0.40604197420179844,0
3806,90.44433404202573,0.7008329848758876,0
3807,90.45752987498417,3.3101250301115215,0
3808,90.47367487498559,0.33704203087836504,0
3809,90.48660254199058,,1
3810,90.60040100000333,0.587833987083286,0
3811,90.6128921249765,,1
3812,90.72672174999025,0.384374987334013,0
3813,90.7396783339791,0.30816602520644665,0
3814,90.75255295902025,0.3452500095590949,0
3815,90.76516637502937,0.36087498301640153,0
3816,90.77809670899296,0.4297079867683351,0
3817,90.78911054198397,,1
3818,90.90284058399266,0.4044999950565398,0
3819,90.91582883399678,0.3082500188611448,0
3820,90.92872299998999,0.4439170006662607,0
3821,90.94278283399763,0.280165986623615,0
3822,90.95464462501695,0.31279196264222264,0
3823,90.96753295900999,,1
3824,91.0813414590084,0.40249997982755303,0
3825,91.0943115419941,0.3232919843867421,0
3826,91.10534841701156,0.30687497928738594,0
3827,91.11819925002055,0.2916670055128634,0
3828,91.13105970900506,0.299000006634742,0
3829,91.1425113750156,0.23025000700727105,0
3830,91.1530738750007,0.2137920237146318,0
3831,91.16396029200405,0.27529196813702583,0
3832,91.17608254199149,,1
3833,91.2899628750165,4.788791993632913,0
3834,91.30511579202721,0.48574997344985604,0
3835,91.31817287497688,0.5030420143157244,0
3836,91.33131954201963,0.6579170003533363,0
3837,91.34431054198649,0.3755000070668757,0
3838,91.35725904197898,0.4603750421665609,0
3839,91.37073195900302,0.49645797116681933,0
3840,91.38381304201903,,1
3841,91.49617050000234,0.5644169868901372,0
3842,91.50797899998724,0.37495902506634593,0
3843,91.52090904198121,0.3206669935025275,0
3844,91.53379141702317,0.4384999629110098,0
3845,91.5449124170118,0.37645798875018954,0
3846,91.55784600001061,0.3375000087544322,0
3847,91.57073041697731,,1
3848,91.68274349998683,0.6560420151799917,0
3849,91.69600812502904,0.6553749553859234,0
3850,91.70724245900055,0.5525409942492843,0
3851,91.72039729199605,0.5754170124419034,0
3852,91.73249979200773,0.5152079975232482,0
3853,91.74429487501038,0.32583397114649415,0
3854,91.75592941697687,0.37520803743973374,0
3855,91.76889000000665,0.2998340060003102,0
3856,91.78177362499991,0.43583399383351207,0
3857,91.79430533398408,,1
3858,91.90814708400285,0.5186659982427955,0
3859,91.92130462499335,0.4199169925414026,0
3860,91.93339808401652,0.43174996972084045,0
3861,91.9446682499838,,1
3862,92.0585219169734,0.30204205540940166,0
3863,92.07001070899423,0.2977499971166253,0
3864,92.08289962500567,0.29624998569488525,0
3865,92.09577362501295,0.4236249951645732,0
3866,92.10880358400755,0.2869580057449639,0
3867,92.12191266700393,0.3993749851360917,0
3868,92.13538929197239,0.459333008620888,0
3869,92.14680120901903,0.3095829742960632,0
3870,92.15955087501789,0.28016697615385056,0
3871,92.17249795899261,0.7440409972332418,0
3872,92.18348237499595,,1
3873,92.2943194169784,0.5359170027077198,0
3874,92.30744079197757,0.46800001291558146,0
3875,92.32016724999994,1.3754169922322035,0
3876,92.33256066701142,0.5477080121636391,0
3877,92.34594837500481,0.42216700967401266,0
3878,92.35901141702197,0.6038330029696226,0
3879,92.37221812497592,0.4591670003719628,0
3880,92.3852710420033,0.41283300379291177,0
3881,92.39725462498609,0.47625001752749085,0
3882,92.4078618339845,3.490791015792638,0
3883,92.42235708399676,0.3821660066023469,0
3884,92.4353323749965,0.4694170202128589,0
3885,92.44840749999275,0.41787500958889723,0
3886,92.46099716698518,0.47075003385543823,0
3887,92.47270320897223,0.49950001994147897,0
3888,92.48582137498306,0.5598750431090593,0
3889,92.49899912497494,0.4432499990798533,0
3890,92.51202045899117,0.3204580279998481,0
3891,92.52404770901194,0.34908298403024673,0
3892,92.53697766701225,0.6084999768063426,0
3893,92.55017087497981,0.45295903692021966,0
3894,92.56128433399135,0.3855830291286111,0
3895,92.57322204200318,0.36212499253451824,0
3896,92.58508129202528,0.6927079521119595,0
3897,92.5968702500104,0.5125839961692691,0
3898,92.60994145902805,0.42999995639547706,0
3899,92.62084099999629,0.37758401595056057,0
3900,92.63378866697894,0.2858749940060079,0
3901,92.64662191702519,0.20670797675848007,0
3902,92.6587440840085,0.21541601745411754,0
3903,92.67148445901694,0.20070798927918077,0
3904,92.68424366699765,0.4622919950634241,0
3905,92.69727875001263,0.4189169849269092,0
3906,92.7082220420125,0.45241700718179345,0
3907,92.72073375002947,0.5726249655708671,0
3908,92.73390783398645,0.6736250361427665,0
3909,92.74719158402877,0.37345796590670943,0
3910,92.76013700000476,0.24095899425446987,0
3911,92.77278975001536,0.218625005800277,0
3912,92.78457037499174,0.4188339808024466,0
3913,92.79756824998185,,1
3914,92.91099599999143,0.5503339925780892,0
3915,92.92412762501044,0.38516701897606254,0
3916,92.93627754197223,0.45200000749900937,0
3917,92.94916891702451,,1
3918,93.06113879202167,,1
3919,93.17480045900447,,1
3920,93.2856744590099,,1
3921,93.39956941700075,,1
3922,93.51121970900567,0.3357499954290688,0
3923,93.52419058402302,0.46158296754583716,0
3924,93.53673791699111,,1
3925,93.64918108400889,0.49775000661611557,0
3926,93.66102866700385,0.38133299676701427,0
3927,93.6739964170265,0.41029194835573435,0
3928,93.68590745900292,0.4814579733647406,0
3929,93.69699316698825,0.41725003393366933,0
3930,93.71001708402764,0.583832967095077,0
3931,93.72322054201504,0.3922079922631383,0
3932,93.73396149999462,0.536459032446146,0
3933,93.74710908398265,0.20300003234297037,0
3934,93.75800116697792,0.4092919989489019,0
3935,93.77099833398825,0.4259580164216459,0
3936,93.78387687500799,0.41687500197440386,0
3937,93.79523979197256,0.3809170448221266,0
3938,93.80706916702911,,1
3939,93.92061166698113,0.4783330368809402,0
3940,93.93252229201607,0.22549997083842754,0
3941,93.94284600001993,0.22962497314438224,0
3942,93.95562304201303,0.24041696451604366,0
3943,93.96840566699393,0.2376250340603292,0
3944,93.98120066698175,,1
3945,94.0928345840075,0.6543750059790909,0
3946,94.10614133399213,0.6899579893797636,0
3947,94.11873395898147,0.6072079995647073,0
3948,94.13193791697267,0.6809170008637011,0
3949,94.14436158398166,0.46854099491611123,0
3950,94.15632537502097,0.3777089877985418,0
3951,94.16780808399199,0.3938750014640391,0
3952,94.17856737499824,0.3904170007444918,0
3953,94.19152841699542,0.40424999315291643,0
3954,94.20361858402612,0.3757499507628381,0
3955,94.21491179201985,,1
3956,94.3300623340183,0.7033749716356397,0
3957,94.34137699997518,0.3915420384146273,0
3958,94.3527404590277,0.8641659514978528,0
3959,94.3637448750087,,1
3960,94.47561995900469,0.699249969329685,0
3961,94.48892033402808,0.5513329524546862,0
3962,94.50206675002119,0.3629589919000864,0
3963,94.51500700000906,0.4867499810643494,0
3964,94.52808733400889,0.39216596633195877,0
3965,94.54091758397408,0.33012503990903497,0
3966,94.55525283399038,0.557082996238023,0
3967,94.56840591697255,0.5582500016316772,0
3968,94.5802369589801,0.5162500310689211,0
3969,94.59170500002801,0.4291669465601444,0
3970,94.60469683399424,0.2383749815635383,0
3971,94.61579745897325,0.3465000190772116,0
3972,94.6287059999886,0.25104201631620526,0
3973,94.6395149169839,0.2311250427737832,0
3974,94.65113449998898,0.25979202473536134,0
3975,94.66162870900007,0.3143749781884253,0
3976,94.67449754202971,1.397541956976056,0
3977,94.68735287501477,0.47437497414648533,0
3978,94.70041466702241,0.4373329575173557,0
3979,94.71344379201764,0.4622499691322446,0
3980,94.72711066697957,0.41045801481232047,0
3981,94.74009254202247,0.4087080014869571,0
3982,94.75193179200869,,1
3983,94.8640931249829,0.611750001553446,0
3984,94.87735291698482,0.5657080328091979,0
3985,94.89049041701946,0.49133296124637127,0
3986,94.90354712499538,0.48874999629333615,0
3987,94.91574795899214,0.6306249997578561,0
3988,94.92898004199378,0.7016250165179372,0
3989,94.94329045899212,0.37224998231977224,0
3990,94.95623087498825,0.29250001534819603,0
3991,94.96823649998987,0.3099170280620456,0
3992,94.97962620900944,0.29912497848272324,0
3993,94.99130362499272,0.3802920109592378,0
3994,95.00426062499173,0.20187499467283487,0
3995,95.01691262499662,0.48620899906381965,0
3996,95.0299860839732,0.23991602938622236,0
3997,95.04062829201575,,1
3998,95.15317349997349,0.47791702672839165,0
3999,95.16583529202035,0.4308329662308097,0
4000,95.17724395898404,0.49233302706852555,0
4001,95.19037287501851,,1
4002,95.3030088749947,0.5396670312620699,0
4003,95.31585204199655,0.5152919911779463,0
4004,95.32896870898549,0.46729104360565543,0
4005,95.34070454200264,0.5000000237487257,0
4006,95.35146604198962,0.7852920098230243,0
4007,95.36341387499124,0.35200000274926424,0
4008,95.37638891697861,0.481792027130723,0
4009,95.38946066697827,0.38291700184345245,0
4010,95.40242391702486,0.5413749604485929,0
4011,95.41559087502537,0.4835419822484255,0
4012,95.42767516698223,0.4772079992108047,0
4013,95.44081937498413,0.5977500113658607,0
4014,95.45229970902437,0.5334159941412508,0
4015,95.46544579201145,0.5190829979255795,0
4016,95.47800212498987,0.567917013540864,0
4017,95.49497175001306,,1
4018,95.60731770901475,0.543624977581203,0
4019,95.62044762499863,0.490083999466151,0
4020,95.63248083402868,,1
4021,95.7458842920023,,1
4022,95.85835333401337,0.4445830127224326,0
4023,95.87135258398484,0.30458299443125725,0
4024,95.8822141669807,0.33779203658923507,0
4025,95.8951111669885,0.20845799008384347,0
4026,95.90747691702563,0.3374999505467713,0
4027,95.91996587498579,0.31383399618789554,0
4028,95.93263120902702,0.4760409938171506,0
4029,95.94567483401624,0.4617910017259419,0
4030,95.95750583399786,0.42004097485914826,0
4031,95.97163833398372,0.6047910428605974,0
4032,95.9833614170202,0.5846249987371266,0
4033,95.99566620902624,0.63774996669963,0
4034,96.00731745897792,0.5859580123797059,0
4035,96.02049683401128,0.41383301140740514,0
4036,96.03348758397624,0.49591599963605404,0
4037,96.04671345901443,0.2460000105202198,0
4038,96.05748541699722,0.3293330082669854,0
4039,96.0703794999863,0.5039169918745756,0
4040,96.08346091699786,0.44475001050159335,0
4041,96.09648562502116,0.5191249656490982,0
4042,96.11041850002948,0.533499987795949,0
4043,96.12354487500852,0.6847920012660325,0
4044,96.13451545900898,0.5580830038525164,0
4045,96.14602808398195,0.4800829919986427,0
4046,96.15899179200642,0.3742919652722776,0
4047,96.17194020899478,0.43470802484080195,0
4048,96.1837422500248,0.47574995551258326,0
4049,96.19510262500262,0.5389170255511999,0
4050,96.20796341699315,0.30700000934302807,0
4051,96.2208402089891,0.30583300394937396,0
4052,96.23157704202458,0.33724994864314795,0
4053,96.24328287498793,0.33408403396606445,0
4054,96.25609674997395,0.29799999902024865,0
4055,96.26794029201847,0.2539579872973263,0
4056,96.27991370897507,0.2727080136537552,0
4057,96.29040716699092,0.3326250007376075,0
4058,96.30304245901061,0.3511249669827521,0
4059,96.3159431249951,0.375000003259629,0
4060,96.32887991698226,0.5364170065149665,0
4061,96.34211520897225,1.288666040636599,0
4062,96.35451749997446,1.2035840190947056,0
4063,96.36830849997932,0.6851250072941184,0
4064,96.37962129199877,0.5002919933758676,0
4065,96.39091550000012,0.3577090101316571,0
4066,96.40396687499015,0.3724590060301125,0
4067,96.4156651669764,0.3260830417275429,0
4068,96.42774620902492,0.4640829865820706,0
4069,96.43883275002008,0.3569169784896076,0
4070,96.45177679200424,0.45187497744336724,0
4071,96.46481608401518,,1
4072,96.57652620901354,0.6208330160006881,0
4073,96.58944262500154,0.3398340195417404,0
4074,96.6023852499784,0.5272920243442059,0
4075,96.61550541699398,0.3689170116558671,0
4076,96.62766687502153,0.5064999568276107,0
4077,96.64076224999735,0.47629198525100946,0
4078,96.65249279199634,,1
4079,96.7658290839754,0.6555000436492264,0
4080,96.77777824999066,0.577000027988106,0
4081,96.790929958981,0.519749999511987,0
4082,96.80413866700837,0.47024997184053063,0
4083,96.81639587500831,2.661083999555558,0
4084,96.83081837499049,0.4724169848486781,0
4085,96.84202641702723,0.8027500007301569,0
4086,96.85539829201298,0.49937498988583684,0
4087,96.86681054200744,0.6235829787328839,0
4088,96.88001766701927,0.571124954149127,0
4089,96.89136775000952,,1
4090,97.00306045898469,0.3392910002730787,0
4091,97.0158786670072,0.5213749827817082,0
4092,97.0287659590249,0.5572909722104669,0
4093,97.04038316698279,,1
4094,97.15561675000936,0.6979589816182852,0
4095,97.16865566698834,0.3913750406354666,0
4096,97.18049895897275,0.4936250043101609,0
4097,97.19245116697857,0.35316700814291835,0
4098,97.20538779202616,0.4902079817838967,0
4099,97.21845887502423,0.467624980956316,0
4100,97.23151633399539,0.4910409916192293,0
4101,97.24315079202643,0.5412919563241303,0
4102,97.25627862499095,0.43987500248476863,0
4103,97.26930962502956,0.5683749914169312,0
4104,97.28246424999088,0.4964590189047158,0
4105,97.2955371250282,0.4810839891433716,0
4106,97.30913166701794,0.5222079926170409,0
4107,97.32093287497992,0.5375840119086206,0
4108,97.33301150001353,1.3748339843004942,0
4109,97.34700587502448,0.5060419789515436,0
4110,97.35796225001104,1.969083969015628,0
4111,97.37244133400964,0.39916601963341236,0
4112,97.38543299998855,0.5127920303493738,0
4113,97.3968064590008,,1
4114,97.50809029198717,0.4172080080024898,0
4115,97.52099887502845,0.275749946013093,0
4116,97.53386345901527,0.46733301132917404,0
4117,97.54558312502922,0.5328749539330602,0
4118,97.55796716699842,2.031792013440281,0
4119,97.5713243749924,,1
4120,97.68519929202739,0.5300419870764017,0
4121,97.69834129197989,0.5295000155456364,0
4122,97.71146579197375,0.42987504275515676,0
4123,97.72414391697384,0.33416703809052706,0
4124,97.73707354202634,0.5529169575311244,0
4125,97.74916133400984,0.5259159952402115,0
4126,97.76064837502781,0.5022919503971934,0
4127,97.77234833402326,0.506040989421308,0
4128,97.78546829201514,,1
4129,97.89932754199253,0.580916996113956,0
4130,97.91231233399594,0.391666020732373,0
4131,97.92415541701484,0.32637501135468483,0
4132,97.9370455419994,0.31937501626089215,0
4133,97.94994037499418,0.38404198130592704,0
4134,97.96308766701259,0.3385419840924442,0
4135,97.9759730839869,0.41279103606939316,0
4136,97.98896083398722,,1
4137,98.10160991700832,0.5862920079380274,0
4138,98.11478474998148,,1
4139,98.22862187499413,0.5577499978244305,0
4140,98.24129675002769,1.814083952922374,0
4141,98.25567683402915,,1
4142,98.36778716702247,0.47345797065645456,0
4143,98.38085958402371,0.4089580033905804,0
4144,98.39211320900358,0.3891660016961396,0
4145,98.4050637499895,0.3232090384699404,0
4146,98.41794408397982,0.1950410078279674,0
4147,98.43068595899967,0.35270798252895474,0
4148,98.44203174998984,0.2109170309267938,0
4149,98.4547922090278,,1
4150,98.56733533402439,0.5828749854117632,0
4151,98.57831520901527,0.37287495797500014,0
4152,98.59124579199124,0.30566699570044875,0
4153,98.60213474999182,0.3973750281147659,0
4154,98.61509629199281,0.32774999272078276,0
4155,98.62605775002157,0.931624963413924,0
4156,98.63959433400305,0.4095410113222897,0
4157,98.65125966700725,0.26708299992606044,0
4158,98.66336399997817,0.5589170032180846,0
4159,98.67649137502303,0.3153749858029187,0
4160,98.68937937502051,0.3249589935876429,0
4161,98.70216008397983,,1
4162,98.81527183402795,0.41199999395757914,0
4163,98.82748350000475,0.34500000765547156,0
4164,98.84042095899349,0.49524998757988214,0
4165,98.8515443750075,0.4590839962475002,0
4166,98.86317820899421,0.49066601786762476,0
4167,98.8762118750019,0.4585420247167349,0
4168,98.88926529197488,0.4373330157250166,0
4169,98.90059741702862,0.5670419777743518,0
4170,98.91228983399924,0.286333030089736,0
4171,98.92410104197916,0.3244580002501607,0
4172,98.93611433397746,0.4695830284617841,0
4173,98.94915641698753,0.27129199588671327,0
4174,98.9613638339797,,1
4175,99.07552433398087,0.38287503411993384,0
4176,99.08846087497659,0.2743340446613729,0
4177,99.10015645902604,0.25299994740635157,0
4178,99.11297104199184,0.28858298901468515,0
4179,99.12594029202592,0.32908294815570116,0
4180,99.13884762499947,0.2529590274207294,0
4181,99.15168662497308,0.27254200540483,0
4182,99.16455183399376,0.4083749954588711,0
4183,99.17651487502735,0.39537495467811823,0
4184,99.18951037502848,0.45787496492266655,0
4185,99.20256804197561,0.3915000124834478,0
4186,99.21597295900574,0.4225000157020986,0
4187,99.22803416702664,0.610999995842576,0
4188,99.2412256670068,0.4640829865820706,0
4189,99.25370862497948,0.49804203445091844,0
4190,99.26557037502062,0.385124993044883,0
4191,99.27680554200197,0.5753330187872052,0
4192,99.28999304200988,0.371375004760921,0
4193,99.30078545899596,0.3464579931460321,0
4194,99.31371308397502,0.3665410331450403,0
4195,99.32665316702332,0.3219170030206442,0
4196,99.33955924998736,0.3099589957855642,0
4197,99.35032183397561,0.30512502416968346,0
4198,99.36126745899674,0.3577080206014216,0
4199,99.37355241697514,0.291000003926456,0
4200,99.38542329199845,0.4562920075841248,0
4201,99.39658787497319,0.46058400766924024,0
4202,99.40992245898815,1.4753330033272505,0
4203,99.42399891698733,0.4140830133110285,0
4204,99.43509666697355,0.47220801934599876,0
4205,99.44817520899232,0.45599997974932194,0
4206,99.46106241701636,0.47033297596499324,0
4207,99.47278474998893,4.707292013335973,0
4208,99.48853241698816,0.4016250022687018,0
4209,99.50024158402812,0.3725829883478582,0
4210,99.51232762500877,0.40708400774747133,0
4211,99.52593579201493,0.6902499590069056,0
4212,99.53923420899082,0.5009580054320395,0
4213,99.55143579200376,0.37475000135600567,0
4214,99.56342179200146,0.467624980956316,0
4215,99.5765097499825,1.4262500335462391,0
4216,99.5904700839892,,1
4217,99.70304670900805,0.5359579809010029,0
4218,99.71439687500242,0.4686670145019889,0
4219,99.72635054198327,0.4712080117315054,0
4220,99.7394364590291,,1
4221,99.85242154198932,0.42233301792293787,0
4222,99.8654399170191,0.45020796824246645,0
4223,99.87849445902975,0.4427499952726066,0
4224,99.89238283399027,0.4440409829840064,0
4225,99.90408887498779,0.5152500234544277,0
4226,99.91721137502464,0.46316697262227535,0
4227,99.9302840839955,0.4782500327564776,0
4228,99.9428545840201,0.4224579897709191,0
4229,99.95586904202355,0.46695797936990857,0
4230,99.96743687498383,0.5127090262249112,0
4231,99.97972683398984,0.44354103738442063,0
4232,99.99083937500836,0.5554169765673578,0
4233,100.00399079202907,0.39383297553285956,0
4234,100.01580541697331,0.29141700360924006,0
4235,100.0286479999777,0.2620000159367919,0
4236,100.04079962498508,,1
4237,100.15273929201066,0.33054198138415813,0
4238,100.16352304199245,0.4747920320369303,0
4239,100.17654854198918,0.783667026553303,0
4240,100.18795150000369,0.4646669840440154,0
4241,100.20101458398858,,1
4242,100.3149101670133,,1
4243,100.42877554200822,,1
4244,100.54260799998883,0.5123750306665897,0
4245,100.55488729197532,0.538207998033613,0
4246,100.56589579198044,0.5388330318965018,0
4247,100.5791385420016,0.9046249906532466,0
4248,100.59263933397597,0.44791604159399867,0
4249,100.60569154197583,0.3957920125685632,0
4250,100.61838562501362,0.46854198444634676,0
4251,100.62963470898103,0.5572910304181278,0
4252,100.64124012499815,0.3673749743029475,0
4253,100.65419199998723,0.497375032864511,0
4254,100.6672964169993,0.4029169795103371,0
4255,100.67827462498099,4.875917045865208,0
4256,100.69431966700358,0.30037498800083995,0
4257,100.70570637501078,0.4258750122971833,0
4258,100.71880616701674,0.32895797630771995,0
4259,100.7301927920198,0.47099997755140066,0
4260,100.74191695899935,1.0422909981571138,0
4261,100.7555478750146,0.4065000102855265,0
4262,100.76867491699522,0.23750000400468707,0
4263,100.78101679199608,0.760875002015382,0
4264,100.79434625001159,0.3590419655665755,0
4265,100.80753295897739,0.262125045992434,0
4266,100.81969679199392,0.47854200238361955,0
4267,100.83048000000417,0.31216698698699474,0
4268,100.84334783401573,,1
4269,100.95694183401065,0.48941600834950805,0
4270,100.96901683398755,0.3429999924264848,0
4271,100.9798164999811,0.321792031172663,0
4272,100.99269400001504,,1
4273,101.10641662502894,0.5956669920124114,0
4274,101.1195848750067,0.4478750051930547,0
4275,101.1328639590065,0.4159999662078917,0
4276,101.14583591697738,0.5002079997211695,0
4277,101.15800058399327,4.946125030983239,0
4278,101.1735419590259,0.3066249773837626,0
4279,101.18643016699934,0.379666977096349,0
4280,101.19937108398881,0.2840830129571259,0
4281,101.21220624999842,0.33650000113993883,0
4282,101.22508879197994,0.26483304100111127,0
4283,101.23790245898999,0.3617500187829137,0
4284,101.25084687501658,0.5339999916031957,0
4285,101.26414362498326,0.45650004176422954,0
4286,101.27717850002227,0.34787500044330955,0
4287,101.28843233402586,0.5539999692700803,0
4288,101.30160991701996,0.4698749980889261,0
4289,101.31222241697833,0.4326250054873526,0
4290,101.32409191702027,0.39129197830334306,0
4291,101.33704279200174,0.5638750153593719,0
4292,101.35018454201054,,1
4293,101.46244312502677,1.560291973873973,0
4294,101.47463437501574,0.5568339838646352,0
4295,101.48657775000902,,1
4296,101.6006393340067,0.628374982625246,0
4297,101.61293175001629,0.8022499969229102,0
4298,101.62609445897397,0.4541660309769213,0
4299,101.63791766698705,0.44783303746953607,0
4300,101.6509427090059,0.5439579836092889,0
4301,101.66406383400317,0.43958297464996576,0
4302,101.6746249999851,,1
4303,101.78924104198813,0.5516670062206686,0
4304,101.80043070897227,0.5481660482473671,0
4305,101.81151016702643,0.5397079512476921,0
4306,101.82625466701575,0.651917012874037,0
4307,101.83949116698932,,1
4308,101.95207629201468,0.43229199945926666,0
4309,101.96507383399876,0.3713329788297415,0
4310,101.97764562501106,0.3100839676335454,0
4311,101.99051625002176,0.37516700103878975,0
4312,102.00339995900868,0.3762079868465662,0
4313,102.01634016702883,0.4759999574162066,0
4314,102.02939187502488,0.5930420011281967,0
4315,102.04075741698034,,1
4316,102.15532237500884,0.4391249967738986,0
4317,102.16756049997639,0.5065420409664512,0
4318,102.18066291697323,0.30620803590863943,0
4319,102.1935407500132,0.2650420065037906,0
4320,102.20513479202054,0.7918329793028533,0
4321,102.21608529199148,0.25412498507648706,0
4322,102.22661795897875,0.2740829950198531,0
4323,102.23798570898362,0.2752080326899886,0
4324,102.24846816697391,0.2993750385940075,0
4325,102.25961120898137,0.2460000105202198,0
4326,102.27241941698594,0.3065420314669609,0
4327,102.28532779199304,0.25995803298428655,0
4328,102.29815704200882,0.3927499637939036,0
4329,102.31110658397665,0.26770803378894925,0
4330,102.32235404202947,0.2394999610260129,0
4331,102.33446979202563,0.6892919773235917,0
4332,102.34785295900656,0.28962502256035805,0
4333,102.360720125027,0.3719999804161489,0
4334,102.37129754200578,0.20362500799819827,0
4335,102.38405920902733,0.4070829600095749,0
4336,102.39543312502792,0.24824996944516897,0
4337,102.40866862499388,0.26820902712643147,0
4338,102.41910424997332,0.22129202261567116,0
4339,102.43188300001202,0.3939999733120203,0
4340,102.44468758400762,0.25458302116021514,0
4341,102.45749908400467,0.2625000197440386,0
4342,102.47030995902605,0.22629095474258065,0
4343,102.48310037498595,0.25866698706522584,0
4344,102.49593700002879,0.26937498478218913,0
4345,102.50877083401429,0.27545797638595104,0
4346,102.52152016700711,0.35574997309595346,0
4347,102.5333682919736,0.3617920447140932,0
4348,102.54629854200175,0.2607919741421938,0
4349,102.5575083749718,,1
4350,102.6720761670149,0.595749996136874,0
4351,102.68527358397841,0.38937502540647984,0
4352,102.69701083400287,0.45358302304521203,0
4353,102.70994458399946,,1
4354,102.82382279197918,0.6109170499257743,0
4355,102.83610645902809,,1
4356,102.949148625019,0.43349998304620385,0
4357,102.96172025002306,0.3251669695600867,0
4358,102.97396837500855,,1
4359,103.08870358398417,0.6167500396259129,0
4360,103.10193712502951,0.5942499847151339,0
4361,103.11514212499605,0.4812090191990137,0
4362,103.12736045900965,0.3451249795034528,0
4363,103.14026650000596,,1
4364,103.25315879198024,0.3052920219488442,0
4365,103.26581183401868,0.33183296909555793,0
4366,103.27751958399313,0.940375030040741,0
4367,103.28968283400172,0.3136249724775553,0
4368,103.3006482499768,0.44216704554855824,0
4369,103.3112939170096,0.4034169833175838,0
4370,103.32436162501108,0.40024996269494295,0
4371,103.33607916702749,0.2989999484270811,0
4372,103.34895825001877,0.2709999680519104,0
4373,103.3617740420159,0.24358299560844898,0
4374,103.37454958399758,0.15995802823454142,0
4375,103.38723854202544,0.17458299407735467,0
4376,103.39996870898176,0.2770000137388706,0
4377,103.41279095900245,0.32662501325830817,0
4378,103.42567416699603,,1
4379,103.53818495897576,0.7408750243484974,0
4380,103.55106683401391,0.612416013609618,0
4381,103.563098041981,0.6872920203022659,0
4382,103.57562395901186,0.3964159986935556,0
4383,103.58617712499108,0.56395900901407,0
4384,103.59807966701919,0.42762496741488576,0
4385,103.6109684589901,,1
4386,103.7249239590019,0.33587502548471093,0
4387,103.73704500001622,0.26416697073727846,0
4388,103.74914933397667,0.2649580128490925,0
4389,103.76197637501173,0.25570899015292525,0
4390,103.77489170897752,0.2455410431139171,0
4391,103.78768570901593,0.33849995816126466,0
4392,103.80029208399355,0.28187502175569534,0
4393,103.81096591701498,0.39166701026260853,0
4394,103.82393658399815,0.42033300269395113,0
4395,103.83691458398243,0.48345804680138826,0
4396,103.84996637498261,0.3522090264596045,0
4397,103.86092104198178,0.4238330293446779,0
4398,103.87393095897278,0.4377500154078007,0
4399,103.88693529198645,0.3517500008456409,0
4400,103.8998534589773,0.36866602022200823,0
4401,103.91182083397871,0.4049160052090883,0
4402,103.92464012501296,0.45233400305733085,0
4403,103.93628512497526,0.4354590200819075,0
4404,103.94929666700773,0.43341697892174125,0
4405,103.96098012500443,0.5131249781697989,0
4406,103.97406245901948,0.4719579592347145,0
4407,103.98711104202084,0.45237498125061393,0
4408,104.00013141700765,0.47633302165195346,0
4409,104.01545316702686,0.8328749681822956,0
4410,104.0289149589953,,1
4411,104.14225862501189,0.47137500951066613,0
4412,104.1538387920009,0.5232919938862324,0
4413,104.16582120902603,0.5399579531513155,0
4414,104.17779287497979,0.8667500223964453,0
4415,104.19083979201969,1.9382080063223839,0
4416,104.20541566697648,0.47491700388491154,0
4417,104.21736704197247,,1
4418,104.33129295898834,,1
4419,104.44515733397566,0.6635410245507956,0
4420,104.45885362499394,1.7253750120289624,0
4421,104.47077625000384,0.4510420258156955,0
4422,104.48379737499636,,1
4423,104.59604899998521,,1
4424,104.70716595900012,0.4547080025076866,0
4425,104.72021325002424,0.5168749485164881,0
4426,104.73331379197771,0.2049170434474945,0
4427,104.74607658397872,0.2805410185828805,0
4428,104.75747495901305,0.19229098688811064,0
4429,104.76943829201628,,1
4430,104.88250912498916,1.6630000318400562,0
4431,104.89680579199921,0.42737502371892333,0
4432,104.90753791702446,0.33791695022955537,0
4433,104.92044383398024,0.41166599839925766,0
4434,104.93257066700608,0.3607079852372408,0
4435,104.94548691698583,,1
4436,105.05919283401454,0.6502079777419567,0
4437,105.0721173339989,0.45887503074482083,0
4438,105.08518062502844,0.5625419435091317,0
4439,105.09836095897481,0.7382080075331032,0
4440,105.1105539589771,0.7752500241622329,0
4441,105.1239663339802,,1
4442,105.2370543340221,0.5132499500177801,0
4443,105.25014920899412,0.3394579980522394,0
4444,105.26282929198351,0.42629201197996736,0
4445,105.27416562498547,,1
4446,105.38615358399693,0.5829160218127072,0
4447,105.39932341699023,0.5193329998292029,0
4448,105.41213362501003,2.042667008936405,0
4449,105.42563258402515,0.4601659602485597,0
4450,105.43646850000368,0.3256250056438148,0
4451,105.44935433397768,0.2988750347867608,0
4452,105.46220216702204,0.4699999699369073,0
4453,105.47324854199542,0.29966700822114944,0
4454,105.48608545900788,0.20283297635614872,0
4455,105.49881900002947,0.18229195848107338,0
4456,105.51152120897314,0.17695804126560688,0
4457,105.52422837499762,0.24366698926314712,0
4458,105.53698562498903,0.21458399714902043,0
4459,105.553596541984,0.5465419963002205,0
4460,105.56614095898112,,1
4461,105.67856845899951,0.5255410214886069,0
4462,105.6903938340256,0.4078329657204449,0
4463,105.70225883397507,0.4601660184562206,0
4464,105.71532020898303,0.5240000318735838,0
4465,105.7287342090276,0.44537498615682125,0
4466,105.73957195901312,0.4815409774892032,0
4467,105.75157283397857,0.4885410307906568,0
4468,105.76469541701954,0.3804579610005021,0
4469,105.77739087498048,0.8835000335238874,0
4470,105.79086341697257,,1
4471,105.90479037497425,0.6060840096324682,0
4472,105.9158344999887,0.46612502774223685,0
4473,105.92888741701609,0.6248749559745193,0
4474,105.94254041701788,,1
4475,106.05647508398397,0.7879160111770034,0
4476,106.06989604199771,0.5426669958978891,0
4477,106.08079575002193,0.5182499880902469,0
4478,106.09229666698957,0.4020420019514859,0
4479,106.10528112499742,0.4290419747121632,0
4480,106.11828412499744,0.47608400927856565,0
4481,106.13133954198565,0.3831250360235572,0
4482,106.14327783399494,,1
4483,106.25712416699389,0.4965420230291784,0
4484,106.26869916700525,0.4699170240201056,0
4485,106.28085649997229,0.42095902608707547,0
4486,106.29347745899577,,1
4487,106.40727691701613,0.4354999982751906,0
4488,106.42015020898543,0.31174998730421066,0
4489,106.43183441698784,0.2923749852925539,0
4490,106.44467795902165,0.28849998489022255,0
4491,106.4557003339869,0.2572080120444298,0
4492,106.46852304198546,0.4088330315425992,0
4493,106.47926458402071,0.4612909979186952,0
4494,106.49252008402254,0.3690829616971314,0
4495,106.50512783398153,0.41858304757624865,0
4496,106.51815187500324,0.46666699927300215,0
4497,106.53122795902891,0.49308297457173467,0
4498,106.54431341699092,0.5991249927319586,0
4499,106.55746962502599,0.33129198709502816,0
4500,106.570350916998,0.5562920123338699,0
4501,106.58250595902791,0.5002909456379712,0
4502,106.59486587502761,0.6657089688815176,0
4503,106.608107750013,0.3422920126467943,0
4504,106.61924887500936,0.45950000640004873,0
4505,106.63309820898576,0.442708027549088,0
4506,106.64601687499089,0.43383403681218624,0
4507,106.65724908397533,0.4360000020824373,0
4508,106.67025016702246,,1
4509,106.78262408397859,,1
4510,106.89532929199049,1.162333006504923,0
4511,106.90962145902449,0.6494160043075681,0
4512,106.92066524998518,0.5975420353934169,0
4513,106.93292599997949,,1
4514,107.04671220900491,,1
4515,107.15890312497504,0.3390840138308704,0
4516,107.17055191699183,0.365916988812387,0
4517,107.18233383400366,0.3021659795194864,0
4518,107.19519574998412,0.30445901211351156,0
4519,107.20805804198608,0.26950001483783126,0
4520,107.22088337497553,0.3136669984087348,0
4521,107.23248570901342,0.34733297070488334,0
4522,107.24539666698547,0.3569170366972685,0
4523,107.25696462497581,0.2743340446613729,0
4524,107.26880412502214,0.4412090056575835,0
4525,107.28182245901553,0.47874997835606337,0
4526,107.29481054202188,0.38416695315390825,0
4527,107.30765166698257,0.31050003599375486,0
4528,107.31846204202157,0.46387495240196586,0
4529,107.33018304198049,0.38462504744529724,0
4530,107.34102154197171,2.333375043235719,0
4531,107.35405920899939,0.5556250107474625,0
4532,107.36747604201082,0.8717500022612512,0
4533,107.37961908400757,,1
4534,107.49235633399803,,1
4535,107.60455574997468,0.43991702841594815,0
4536,107.61636899999576,0.3979169996455312,0
4537,107.62763699999778,0.3571669803932309,0
4538,107.64054766698973,0.24216703604906797,0
4539,107.65333270898554,0.21670799469575286,0
4540,107.66608862497378,0.2126670442521572,0
4541,107.67883170902496,0.18879096023738384,0
4542,107.69241333397804,0.2928750473074615,0
4543,107.70323812501738,0.44716696720570326,0
4544,107.71377020899672,0.2985409810207784,0
4545,107.72594687499804,0.19758398411795497,0
4546,107.73703700001352,0.18741696840152144,0
4547,107.74975941702724,0.19504199735820293,0
4548,107.76250324997818,0.38600002881139517,0
4549,107.7754706669948,0.36991701927036047,0
4550,107.78638762497576,0.2839170047082007,0
4551,107.79885966697475,,1
4552,107.91263595898636,,1
4553,108.02464966702973,0.46254199696704745,0
4554,108.0376600419986,0.25979202473536134,0
4555,108.05047795898281,0.3310830215923488,0
4556,108.06097354198573,0.33895799424499273,0
4557,108.07192841701908,0.3309579915367067,0
4558,108.08370491699316,0.44133298797532916,0
4559,108.09566758398432,0.39833300979807973,0
4560,108.10931395902298,0.3238749923184514,0
4561,108.1222052500234,0.39658398600295186,0
4562,108.13453404197935,0.253042031545192,0
4563,108.14532170898747,0.3691660240292549,0
4564,108.15631300001405,0.4562920075841248,0
4565,108.16872016701382,0.32762496266514063,0
4566,108.18021224997938,0.3006250481121242,0
4567,108.19520741701126,0.32599997939541936,0
4568,108.20882508397335,0.3118330496363342,0
4569,108.22118533402681,0.46104099601507187,0
4570,108.23251933400752,0.3608330152928829,0
4571,108.2454734169878,0.49112498527392745,0
4572,108.258657458995,0.278000021353364,0
4573,108.27100716700079,0.35749998642131686,0
4574,108.28217087499797,0.37208397407084703,0
4575,108.29510724998545,0.12779200915247202,0
4576,108.30536812497303,0.1521250233054161,0
4577,108.3169569169986,0.31058298191055655,0
4578,108.32816420902964,0.2010409953072667,0
4579,108.34091216698289,0.1947919954545796,0
4580,108.35365087498212,0.21316698985174298,0
4581,108.36640462500509,,1
4582,108.4801681250101,0.5488339811563492,0
4583,108.49330974998884,0.8713750285096467,0
4584,108.50597383402055,0.39483298314735293,0
4585,108.51775879197521,0.6594170117750764,0
4586,108.52988479199121,0.4172080080024898,0
4587,108.54332512500696,0.5314999725669622,0
4588,108.55643404199509,0.5127079784870148,0
4589,108.56770304200472,0.49708300502970815,0
4590,108.57841562497197,0.4448340041562915,0
4591,108.59070145897567,0.3118330496363342,0
4592,108.60218145902036,0.2484580036252737,0
4593,108.61498000001302,0.2850840101018548,0
4594,108.62608233402716,0.24208298418670893,0
4595,108.63776283402694,0.2014579949900508,0
4596,108.6505240839906,0.20537502132356167,0
4597,108.66327508399263,0.37108303513377905,0
4598,108.67545295902528,0.5649999948218465,0
4599,108.68834799999604,,1
4600,108.8008274169988,0.7884579827077687,0
4601,108.8134482500027,1.019250019453466,0
4602,108.8258016249747,0.3180000348947942,0
4603,108.83651591697708,0.46241702511906624,0
4604,108.8495310000144,0.34425000194460154,0
4605,108.86243583401665,0.4605409922078252,0
4606,108.87500599998748,0.358375022187829,0
4607,108.88636720902286,,1
4608,108.9989213750232,0.6060419837012887,0
4609,109.01027174998308,0.4687500186264515,0
4610,109.02092741697561,0.5754580488428473,0
4611,109.03249216702534,0.4244579467922449,0
4612,109.0449961249833,0.46654202742502093,0
4613,109.05802741699154,0.3155419835820794,0
4614,109.06993583397707,0.5401660455390811,0
4615,109.08308166702045,0.33445795997977257,0
4616,109.09598758397624,0.36645802902057767,0
4617,109.10744950000662,0.2922089770436287,0
4618,109.11931912502041,0.4457089817151427,0
4619,109.13237687502988,0.421249947976321,0
4620,109.14538004202768,0.4379579913802445,0
4621,109.15840900002513,0.22924999939277768,0
4622,109.16873433400178,0.3392500220797956,0
4623,109.18165633402532,0.44299999717622995,0
4624,109.19437437498709,0.41516701458022,0
4625,109.20737650000956,0.4450840060599148,0
4626,109.22042845899705,0.4167080041952431,0
4627,109.23191554198274,0.47150003956630826,0
4628,109.24418920901371,0.3845829633064568,0
4629,109.25716829200974,0.35604200093075633,0
4630,109.27011316700373,,1
4631,109.38389912497951,,1
4632,109.49663554201834,0.559957989025861,0
4633,109.50898579199566,,1
4634,109.62065845902544,0.6009579519741237,0
4635,109.63328850001562,0.45129196951165795,0
4636,109.64485500002047,0.4253750084899366,0
4637,109.65652725001564,0.3527919761836529,0
4638,109.66942579200258,0.36812498001381755,0
4639,109.68003270897316,0.39600004674866796,0
4640,109.69201583397808,0.38066599518060684,0
4641,109.70498049998423,0.5228749942034483,0
4642,109.71688254200853,0.4122919635847211,0
4643,109.72830625000643,0.34483399940654635,0
4644,109.74121441697935,0.40550000267103314,0
4645,109.75422433402855,0.3781659761443734,0
4646,109.76716533402214,0.21083297906443477,0
4647,109.77865450002719,0.27708394918590784,0
4648,109.79149162501562,0.28366700280457735,0
4649,109.80431491701165,,1
4650,109.91793766699266,0.42379199294373393,0
4651,109.93095212499611,0.4556670319288969,0
4652,109.94206012500217,0.508541997987777,0
4653,109.95520141697489,0.27783302357420325,0
4654,109.96803441701923,0.3510419628582895,0
4655,109.98132016701857,0.3738749655894935,0
4656,109.99346324999351,0.40770898340269923,0
4657,110.00648995902156,0.37783297011628747,0
4658,110.01944437500788,0.29325002105906606,0
4659,110.03230341698509,0.32762502087280154,0
4660,110.0451960840146,0.29283296316862106,0
4661,110.05917970900191,0.4699580022133887,0
4662,110.07221270899754,0.5232500261627138,0
4663,110.08423916698666,0.469457998406142,0
4664,110.09609470900614,0.28966600075364113,0
4665,110.10892237501685,0.2969999914057553,0
4666,110.12174204201438,,1
4667,110.23304454202298,0.5193749675527215,0
4668,110.24451599997701,0.4295420367270708,0
4669,110.25522712501697,0.3339999821037054,0
4670,110.26680608402239,0.3839159617200494,0
4671,110.27908008400118,,1
4672,110.39125350001268,0.6477920105680823,0
4673,110.40340233402094,0.45608298387378454,0
4674,110.41647541697603,0.7860830519348383,0
4675,110.42799070902402,0.5923329736106098,0
4676,110.44117854197975,0.4859580076299608,0
4677,110.4536245840136,0.27783296536654234,0
4678,110.46645833400544,0.18324999837204814,0
4679,110.47808229201473,0.24199998006224632,0
4680,110.49082016700413,0.21133298287168145,0
4681,110.50207166699693,0.23354199947789311,0
4682,110.51244737498928,0.3859589924104512,0
4683,110.52535458398052,0.3445410402491689,0
4684,110.53826212498825,0.4127920255996287,0
4685,110.55014029197628,0.42804202530533075,0
4686,110.56109433399979,0.9710830054245889,0
4687,110.57295941701159,0.5932920030318201,0
4688,110.5862746249768,2.5317500112578273,0
4689,110.60056887497194,,1
4690,110.71195108402753,1.1372079607099295,0
4691,110.72585225000512,0.6661249790340662,0
4692,110.73704083397752,0.3398330300115049,0
4693,110.74874000001,,1
4694,110.86189195897896,0.34550001146271825,0
4695,110.87468254199484,1.1442920076660812,0
4696,110.88689762499416,0.3315419889986515,0
4697,110.89787470898591,0.3088749945163727,0
4698,110.90843662497355,0.2315420424565673,0
4699,110.92121579201194,0.23991696070879698,0
4700,110.9339163340046,,1
4701,111.04777250002371,0.5406249547377229,0
4702,111.05848787497962,0.4566670395433903,0
4703,111.07152104197303,0.23804203374311328,0
4704,111.08431050000945,0.3327919985167682,0
4705,111.09722591697937,0.4487080150283873,0
4706,111.10885716701159,0.34724996658042073,0
4707,111.12071083398769,0.2907910384237766,0
4708,111.1335609590169,0.26349996915087104,0
4709,111.14701683400199,0.3109159879386425,0
4710,111.15762216702569,,1
4711,111.27052291698055,1.061582996044308,0
4712,111.28190325002652,0.5159999709576368,0
4713,111.29499874997418,0.3669170546345413,0
4714,111.30564637499629,0.23095897631719708,0
4715,111.31733708397951,0.4236249951645732,0
4716,111.32904462498846,0.4080840153619647,0
4717,111.3407796670217,0.3790420014411211,0
4718,111.35235895897495,0.4255000385455787,0
4719,111.3633249590057,0.4071249859407544,0
4720,111.37631308397977,0.4913330194540322,0
4721,111.3875247919932,0.18629198893904686,0
4722,111.3988304589875,0.33370801247656345,0
4723,111.41097741702106,0.417332979850471,0
4724,111.42181879200507,0.19449996761977673,0
4725,111.43385037500411,0.2921670093201101,0
4726,111.44429629202932,0.2984999446198344,0
4727,111.45715633401414,0.2560829743742943,0
4728,111.47001433401601,0.3222079831175506,0
4729,111.482539833989,0.305541034322232,0
4730,111.49500579200685,0.3042080206796527,0
4731,111.50792254199041,0.38833299186080694,0
4732,111.52092095901025,0.49483298789709806,0
4733,111.53250287502306,0.4348339862190187,0
4734,111.54554758401355,0.3293330082669854,0
4735,111.55798291700194,,1
4736,111.67172270902665,0.21645799279212952,0
4737,111.68483987502987,0.3795839729718864,0
4738,111.69782533397665,,1
4739,111.81071266700746,1.8603329663164914,0
4740,111.82482941698981,0.30875002266839147,0
4741,111.83572600001935,,1
4742,111.94849516701652,0.41204196168109775,0
4743,111.96124370902544,0.33329095458611846,0
4744,111.97412916697795,,1
4745,112.08788716699928,0.3351250197738409,0
4746,112.10080249997554,0.3921250463463366,0
4747,112.11378629202954,0.46554196160286665,0
4748,112.12685549998423,0.33650000113993883,0
4749,112.1397884170292,0.4658749676309526,0
4750,112.15064145898214,0.440875010099262,0
4751,112.16162616701331,0.4539579967968166,0
4752,112.1764307920239,1.256749965250492,0
4753,112.18820870900527,0.46391598880290985,0
4754,112.2011232089717,0.575958052650094,0
4755,112.21184266702039,0.5111669888719916,0
4756,112.22340970899677,0.6188750267028809,0
4757,112.23663291701814,,1
4758,112.34915066702524,0.610999995842576,0
4759,112.36239075002959,0.48383395187556744,0
4760,112.37539362499956,0.4147500148974359,0
4761,112.38635866699042,,1
4762,112.50025320902932,0.42229099199175835,0
4763,112.51274187501986,0.4089169669896364,0
4764,112.52572983398568,0.4047910333611071,0
4765,112.53869104199111,0.29129203176125884,0
4766,112.55012745899148,0.36624999484047294,0
4767,112.56305979198078,0.3950830432586372,0
4768,112.57781045901356,0.6068749935366213,0
4769,112.59269100002712,1.9595419871620834,0
4770,112.60735762497643,0.5254590068943799,0
4771,112.61805733398069,0.4428329993970692,0
4772,112.63115429197205,0.5796670448035002,0
4773,112.64342858397868,,1
4774,112.76870595902437,0.7063329685479403,0
4775,112.78202791698277,0.2822499955072999,0
4776,112.79379008401884,0.3552910056896508,0
4777,112.80564545898233,0.3726659924723208,0
4778,112.81853500002762,0.3195839817635715,0
4779,112.83141554199392,0.31525001395493746,0
4780,112.84429733402794,0.30045799212530255,0
4781,112.85720725002466,0.511416990775615,0
4782,112.8702997090295,0.6343329441733658,0
4783,112.88261049997527,0.5341670475900173,0
4784,112.8945348340203,0.6410829955711961,0
4785,112.90789345902158,0.3563750069588423,0
4786,112.92093283397844,,1
4787,113.03249191702344,0.3001249860972166,0
4788,113.04447645897744,0.29862503288313746,0
4789,113.05737812502775,,1
4790,113.17058645898942,0.2977910335175693,0
4791,113.18464749999112,0.8648340008221567,0
4792,113.19629599998007,0.3883340395987034,0
4793,113.20797162497183,0.3326250007376075,0
4794,113.22091500001261,0.38745900383219123,0
4795,113.23387791699497,0.34916697768494487,0
4796,113.24529512500158,0.621834013145417,0
4797,113.2579730420257,0.29920798260718584,0
4798,113.27083483402384,0.3528749803081155,0
4799,113.28283729200484,0.4502920201048255,0
4800,113.29588500002865,0.35920896334573627,0
4801,113.30655704200035,,1
4802,113.42047595902113,0.4695410025306046,0
4803,113.43357024999568,0.45054202200844884,0
4804,113.44457641697954,0.6181670469231904,0
4805,113.45779875002336,0.5685419891960919,0
4806,113.47101166698849,0.48741704085841775,0
4807,113.48214587499388,0.3938750014640391,0
4808,113.49513658398064,0.4312500241212547,0
4809,113.50797608401626,0.3322080010548234,0
4810,113.51975420897361,0.5117500550113618,0
4811,113.53288850001991,0.4706669715233147,0
4812,113.5459562499891,0.4574590129777789,0
4813,113.55899858399061,0.3315000212751329,0
4814,113.57194283400895,0.3769159666262567,0
4815,113.58381433400791,0.47641596756875515,0
4816,113.59688979201019,,1
4817,113.71084691700526,0.41620800038799644,0
4818,113.7226835420006,0.41149999015033245,0
4819,113.73566341702826,0.2918329555541277,0
4820,113.7471554169897,0.40920800529420376,0
4821,113.75796904199524,0.8099169936031103,0
4822,113.77135504200123,0.45245798537507653,0
4823,113.78439587500179,,1
4824,113.89727287500864,,1
4825,114.01029562501935,0.8837920031510293,0
4826,114.02370558399707,0.4185410216450691,0
4827,114.03673879202688,0.4051249707117677,0
4828,114.04971845902037,0.21516595734283328,0
4829,114.0624958749977,0.47029199777171016,0
4830,114.07346641697222,0.31579204369336367,0
4831,114.0857853339985,0.28020801255479455,0
4832,114.09861158399144,,1
4833,114.21083945897408,0.49870804650709033,0
4834,114.22326216701185,0.4392499686218798,0
4835,114.23476516699884,0.41874998714774847,0
4836,114.24657733400818,0.42995798867195845,0
4837,114.25819645897718,0.42820803355425596,0
4838,114.2710251249955,0.484667019918561,0
4839,114.28407387499465,0.5198339931666851,0
4840,114.29687879199628,,1
4841,114.4085285839974,0.635207979939878,0
4842,114.42177737498423,0.42508402839303017,0
4843,114.43458783399547,0.5815000040456653,0
4844,114.44653420901159,,1
4845,114.56244654202601,,1
4846,114.67555437498959,0.4340840387158096,0
4847,114.68856616702396,0.3242919920012355,0
4848,114.7014608749887,0.30016701202839613,0
4849,114.71242479200009,0.2758749760687351,0
4850,114.72850266698515,1.0031670099124312,0
4851,114.74008420901373,0.3311249893158674,0
4852,114.75298912497237,0.3872090019285679,0
4853,114.76469495898345,0.2841660170815885,0
4854,114.77754899999127,0.2840420347638428,0
4855,114.79045133397449,0.4482080112211406,0
4856,114.80350558401551,0.30683301156386733,0
4857,114.81637687498005,0.27537503046914935,0
4858,114.82763795898063,0.29091601027175784,0
4859,114.84064570901683,0.37008296931162477,0
4860,114.853578499984,,1
4861,114.96737033402314,0.4427909734658897,0
4862,114.9817623749841,2.221417031250894,0
4863,114.99415954202414,0.3999999607913196,0
4864,115.0060387920239,0.38241699803620577,0
4865,115.01824383402709,0.22929097758606076,0
4866,115.02860087499721,0.39599998854100704,0
4867,115.04162954201456,0.4194169887341559,0
4868,115.05464258400025,0.36516599357128143,0
4869,115.0658076669788,0.32120803371071815,0
4870,115.0774323749938,0.29004202224314213,0
4871,115.0902802090277,0.32370799453929067,0
4872,115.10317887499696,0.4318340215831995,0
4873,115.11620429198956,0.48979202983900905,0
4874,115.12929449998774,0.4597920342348516,0
4875,115.14234312501503,0.49683399265632033,0
4876,115.15418212499935,0.4260839777998626,0
4877,115.16719858400756,0.4766249912790954,0
4878,115.18027345900191,0.39537501288577914,0
4879,115.19119337497978,1.2780840042978525,0
4880,115.2044684169814,0.4371670074760914,0
4881,115.2150014169747,0.5437920335680246,0
4882,115.22574291698402,0.3077079891227186,0
4883,115.2386035840027,0.40087499655783176,0
4884,115.24921874998836,0.37220900412648916,0
4885,115.26215841702651,0.4713329835794866,0
4886,115.27602041698992,0.32704201294109225,0
4887,115.28683645901037,0.4784159827977419,0
4888,115.29869533400051,0.4636250087060034,0
4889,115.31257154198829,0.37820800207555294,0
4890,115.32558504201006,3.0379999661818147,0
4891,115.34121637500357,0.30087499180808663,0
4892,115.35236654197797,0.3572080167941749,0
4893,115.36491254199063,0.5756249884143472,0
4894,115.3770721249748,0.47562504187226295,0
4895,115.38828216702677,0.3979169996455312,0
4896,115.40124558401294,0.3638329799287021,0
4897,115.4141867919825,0.3535000141710043,0
4898,115.42711612500716,0.247584015596658,0
4899,115.43842245900305,0.2317500184290111,0
4900,115.45121704199119,0.2615000121295452,0
4901,115.46322179201525,0.2993749803863466,0
4902,115.47427708399482,0.3410829813219607,0
4903,115.48717470897827,0.30100002186372876,0
4904,115.49949462502263,1.1733749997802079,0
4905,115.51323320902884,0.480624963529408,0
4906,115.52571700001135,0.4106669803149998,0
4907,115.53871245897608,0.4152500187046826,0
4908,115.55093341699103,,1
4909,115.66484120901441,0.5603749887086451,0
4910,115.67713891697349,0.33166701905429363,0
4911,115.69005620898679,0.5217909929342568,0
4912,115.70089529198594,0.6733750342391431,0
4913,115.71538158401381,2.400500001385808,0
4914,115.72848237497965,0.5947500467300415,0
4915,115.74111095897388,1.8789160531014204,0
4916,115.75561083399225,0.44495798647403717,0
4917,115.76867216697428,0.4907920374535024,0
4918,115.78450429200893,0.5055830115452409,0
4919,115.7974699169863,0.5310419946908951,0
4920,115.81060541700572,0.440875010099262,0
4921,115.82236879202537,0.5109169869683683,0
4922,115.83567420899635,0.4595409845933318,0
4923,115.84872650000034,0.3849170170724392,0
4924,115.86015004198998,0.30108302598819137,0
4925,115.87229233398102,0.4533330211415887,0
4926,115.88534829200944,0.6051249802112579,0
4927,115.89965904201381,0.34570798743516207,0
4928,115.91259720898233,0.592583033721894,0
4929,115.92461558402283,0.4354999982751906,0
4930,115.93604654201772,0.3411250072531402,0
4931,115.94897612498607,0.5652920226566494,0
4932,115.96216354198987,0.45237503945827484,0
4933,115.97466866701143,,1
4934,116.08858495898312,0.5645829951390624,0
4935,116.10176370898262,0.514333019964397,0
4936,116.11487658397527,0.2957500400952995,0
4937,116.12776633398607,0.4101659869775176,0
4938,116.13986141700298,,1
4939,116.25367504201131,0.4218749818392098,0
4940,116.26665458397474,0.2561250003054738,0
4941,116.27794499997981,0.3482920001260936,0
4942,116.29086658399319,0.36520801950246096,0
4943,116.30380541697377,0.5263330531306565,0
4944,116.31694966700161,0.5646669887937605,0
4945,116.33015316701494,0.49754197243601084,0
4946,116.34132079198025,0.4402080085128546,0
4947,116.35284591699019,0.5746670067310333,0
4948,116.36602208402473,0.35820796620100737,0
4949,116.37764616700588,0.40487496880814433,0
4950,116.39063620899105,0.37304102443158627,0
4951,116.40289537498029,0.35195902455598116,0
4952,116.41582129197195,0.43758301762863994,0
4953,116.42835733399261,0.4489159910008311,0
4954,116.44140554202022,0.4534579929895699,0
4955,116.45210929197492,3.9904580335132778,0
4956,116.46775508398423,0.5937500391155481,0
4957,116.48097204201622,0.5734169972129166,0
4958,116.49293583398685,0.5663330084644258,0
4959,116.50475866702618,0.4197079688310623,0
4960,116.51775254198583,,1
4961,116.6315391670214,0.5314169684424996,0
4962,116.64432095899247,0.4301660228520632,0
4963,116.65632679202827,0.47099997755140066,0
4964,116.66939258400816,0.49762497656047344,0
4965,116.68249450001167,0.4498339840210974,0
4966,116.69555154198315,0.4551670281216502,0
4967,116.70717183401575,0.543333007954061,0
4968,116.71929895901121,0.3375409869477153,0
4969,116.73222404200351,0.5997499683871865,0
4970,116.74445262498921,0.270708987955004,0
4971,116.75688841700321,0.3452919772826135,0
4972,116.76982504199259,0.3047080244868994,0
4973,116.78247545898193,0.2680410398170352,0
4974,116.79633462498896,0.39958400884643197,0
4975,116.80755445902469,0.3186659887433052,0
4976,116.81813999998849,0.4395419964566827,0
4977,116.83115537499543,0.33354200422763824,0
4978,116.84476449998328,0.34125003730878234,0
4979,116.85748408397194,,1
4980,116.97173579200171,0.44670799979940057,0
4981,116.98478387499927,0.38479198701679707,0
4982,116.99561820900999,0.3816249663941562,0
4983,117.00882995902793,0.3839579876512289,0
4984,117.02115716697881,0.3892499953508377,0
4985,117.03410554199945,0.3380000125616789,0
4986,117.0447199170012,0.33258297480642796,0
4987,117.0574822499766,0.4104170366190374,0
4988,117.0707347500138,1.2086249771527946,0
4989,117.08476250001695,0.42862497502937913,0
4990,117.09659333399031,0.620707985945046,0
4991,117.10845233401051,0.22333301603794098,0
4992,117.12123391701607,0.45620795572176576,0
4993,117.13426199997775,0.400334014557302,0
4994,117.14600200002315,,1
4995,117.25981550000142,0.5352090229280293,0
4996,117.27100520901149,0.34329097252339125,0
4997,117.28391162498156,0.44445903040468693,0
4998,117.29691570898285,0.4591250326484442,0
4999,117.30900395900244,0.34024997148662806,0
5000,117.32086816697847,0.40779204573482275,0
5001,117.33384220901644,0.4084159736521542,0
5002,117.34680791699793,0.31924998620525,0
5003,117.35968583397334,0.2905000001192093,0
5004,117.37171658402076,,1
5005,117.4855537500116,0.6409169873222709,0
5006,117.4971757089952,0.5982079892419279,0
5007,117.51057129201945,1.4348329859785736,0
5008,117.5229143750039,0.4774589906446636,0
5009,117.53478591702878,0.5268329987302423,0
5010,117.54766454198398,0.9695420158095658,0
5011,117.56151983398013,1.9035410368815064,0
5012,117.57458762498572,2.164459030609578,0
5013,117.58843237499241,,1
5014,117.70114416698925,0.6545000360347331,0
5015,117.71388083399506,0.5457079969346523,0
5016,117.72549629199784,9.7987080225721,0
5017,117.7468233340187,,1
5018,117.85915387497516,0.6765000289306045,0
5019,117.87243537500035,0.6883339956402779,0
5020,117.8841436249786,0.6524590426124632,0
5021,117.89608033397235,0.6552080158144236,0
5022,117.90931420901325,0.4440409829840064,0
5023,117.92154399998253,0.43987500248476863,0
5024,117.93339262501104,0.4293340025469661,0
5025,117.94518779200735,0.2732499851845205,0
5026,117.95800058398163,0.42158301221206784,0
5027,117.96889887499856,0.3582920180633664,0
5028,117.98075229197275,0.4610000178217888,0
5029,117.99262270901818,0.35083299735561013,0
5030,118.00449066702276,,1
5031,118.11688533402048,0.41929096914827824,0
5032,118.12858908402268,0.5043749697506428,0
5033,118.14171029202407,1.2182919890619814,0
5034,118.15415729198139,1.8160830368287861,0
5035,118.16757454199251,,1
5036,118.2801051249844,0.26754202554002404,0
5037,118.29221433401108,0.1872080028988421,0
5038,118.30320120899705,0.29445800464600325,0
5039,118.31373341701692,0.5401250091381371,0
5040,118.32624783401843,0.4743330064229667,0
5041,118.33931145898532,1.3865410001017153,0
5042,118.35168333398178,0.47920801443979144,0
5043,118.36473645898513,0.3553749993443489,0
5044,118.37767608399736,0.4360000020824373,0
5045,118.39067716698628,0.2739999908953905,0
5046,118.40270824998152,0.29437500052154064,0
5047,118.41555675002746,0.2781249932013452,0
5048,118.42843095900025,0.3793329815380275,0
5049,118.4413798750029,0.19645900465548038,0
5050,118.45415183401201,0.3943750052712858,0
5051,118.46716766699683,,1
5052,118.5809685420245,0.26591698406264186,0
5053,118.59130262502003,0.2631669631227851,0
5054,118.60415541700786,0.42095797834917903,0
5055,118.61716195900226,0.3139579785056412,0
5056,118.6283139999723,0.24512503296136856,0
5057,118.64082804200007,0.4262080183252692,0
5058,118.65385254198918,0.38600002881139517,0
5059,118.66576150001492,0.4264590097591281,0
5060,118.67762816697359,0.4487080150283873,0
5061,118.68947158398805,0.3035000408999622,0
5062,118.70192025002325,0.3873339737765491,0
5063,118.7130035419832,0.28795801335945725,0
5064,118.72463479201542,0.20299997413530946,0
5065,118.73687433399027,0.38366601802408695,0
5066,118.74918245902518,0.3453749814070761,0
5067,118.76203612500103,0.2976669929921627,0
5068,118.77291616698494,0.3102500340901315,0
5069,118.78582045901567,0.39733300218358636,0
5070,118.79818833398167,0.3915830166079104,0
5071,118.8111843339866,0.37395802792161703,0
5072,118.82177854201291,0.35333301639184356,0
5073,118.83472375001293,0.3783749998547137,0
5074,118.84768966701813,,1
5075,118.96110725001199,0.3582919598557055,0
5076,118.97404412500327,0.4038750194013119,0
5077,118.987027959025,0.5435829516500235,0
5078,119.00019591697492,0.41983299888670444,0
5079,119.01319620897993,,1
5080,119.12510491698049,0.6002080044709146,0
5081,119.13829433399951,0.49720797687768936,0
5082,119.15139249997446,0.3907090285792947,0
5083,119.16439912497299,0.4925420507788658,0
5084,119.17685783398338,,1
5085,119.29064883402316,,1
5086,119.4040757920011,0.5062079872004688,0
5087,119.41557316697435,0.32958301017060876,0
5088,119.42847866698867,0.2930419868789613,0
5089,119.44133541698102,0.26525004068389535,0
5090,119.4529319999856,0.2774170134216547,0
5091,119.46476554201217,0.36104198079556227,0
5092,119.47606441698736,0.23137498646974564,0
5093,119.48826349998126,0.24254200980067253,0
5094,119.50106849998701,0.2899169921875,0
5095,119.51395983400289,0.2680000034160912,0
5096,119.52606804197421,0.35975000355392694,0
5097,119.53893762500957,0.2776249893940985,0
5098,119.55178420897573,0.29854103922843933,0
5099,119.56385845900513,0.2987500047311187,0
5100,119.57537095900625,0.2169579965993762,0
5101,119.58571954199579,0.2739169867709279,0
5102,119.59855116700055,0.3144579823128879,0
5103,119.60959637502674,0.566834001801908,0
5104,119.62272704200586,0.3642499796114862,0
5105,119.63567833398702,0.36695803282782435,0
5106,119.64915087498957,0.2975839888677001,0
5107,119.66202699998394,0.5246250075288117,0
5108,119.67315124999732,,1
5109,119.78634475002764,0.5382089875638485,0
5110,119.79711787501583,0.3167499671690166,0
5111,119.80809012497775,0.24879199918359518,0
5112,119.8193000840256,0.2824579714797437,0
5113,119.83213591697859,0.3195420140400529,0
5114,119.84431016701274,,1
5115,119.95750087499619,0.5742500070482492,0
5116,119.97066291701049,0.4539170186035335,0
5117,119.98351729201386,0.4219170077703893,0
5118,119.99651374999667,0.367750006262213,0
5119,120.00945208402118,0.36512495717033744,0
5120,120.02233420900302,0.3662079689092934,0
5121,120.03526962501928,0.40604197420179844,0
5122,120.04824612499215,0.4188750172033906,0
5123,120.05955320899375,0.36754098255187273,0
5124,120.0724800840253,0.3327499725855887,0
5125,120.08346954197623,0.325417029671371,0
5126,120.09639149997383,,1
5127,120.20942062500399,0.6157499738037586,0
5128,120.22260633402038,0.3827500040642917,0
5129,120.23351587500656,0.3760840045288205,0
5130,120.24436070898082,0.48158300342038274,0
5131,120.25658762501553,0.4801249597221613,0
5132,120.26963870902546,0.5415829946286976,0
5133,120.28276604198618,0.44112501200288534,0
5134,120.2943508339813,0.6360830157063901,0
5135,120.30762799998047,0.6582920323126018,0
5136,120.31965570902685,0.6904159672558308,0
5137,120.33247483399464,0.29383302899077535,0
5138,120.34535137499915,0.4812499973922968,0
5139,120.35846354201203,0.3003329620696604,0
5140,120.37132108397782,0.17437501810491085,0
5141,120.38390000001527,0.27191697154194117,0
5142,120.39607174997218,0.38237503031268716,0
5143,120.40901070897235,,1
5144,120.5212207090226,0.22674998035654426,0
5145,120.53193062497303,0.34366705222055316,0
5146,120.54487500002142,0.3106250078417361,0
5147,120.55748495901935,0.18045800970867276,0
5148,120.5701906249742,,1
5149,120.6838454590179,0.556332990527153,0
5150,120.6950227090274,0.352540984749794,0
5151,120.7074793340289,0.2735409652814269,0
5152,120.72031704202527,0.44137495569884777,0
5153,120.7333633339731,0.4202910349704325,0
5154,120.74498104199301,0.5209579830989242,0
5155,120.75808804202825,0.30149996746331453,0
5156,120.77097445901018,0.3227909910492599,0
5157,120.78386758401757,0.39504095911979675,0
5158,120.79438016697532,0.4254170344211161,0
5159,120.80745995900361,,1
5160,120.92131908400916,0.2828749711625278,0
5161,120.9340012089815,0.2500830451026559,0
5162,120.94587699999101,0.44595898361876607,0
5163,120.95892391697271,0.5010419990867376,0
5164,120.97205120901344,0.3552499692887068,0
5165,120.98481616697973,0.42095803655683994,0
5166,120.99694845901104,0.49820798449218273,0
5167,121.0091742919758,,1
5168,121.12310433399398,0.5293749854899943,0
5169,121.13627962500323,0.49754197243601084,0
5170,121.14914254198084,0.396332994569093,0
5171,121.16013270901749,0.2664579660631716,0
5172,121.17295862501487,0.2429169835522771,0
5173,121.1857985840179,0.2514579682610929,0
5174,121.19860016700113,0.2227919758297503,0
5175,121.2113708750112,0.2885420108214021,0
5176,121.22413987497566,0.30204199720174074,0
5177,121.23539733397774,0.34508301177993417,0
5178,121.24726183398161,0.3969580284319818,0
5179,121.26012983400142,0.4309159703552723,0
5180,121.27164975000778,0.49516698345541954,0
5181,121.28347224998288,0.4855000297538936,0
5182,121.2947953339899,0.3605830133892596,0
5183,121.30749099998502,0.40625000838190317,0
5184,121.32049004198052,0.6091670366004109,0
5185,121.3324910000083,0.6526249926537275,0
5186,121.34573695901781,0.49595796735957265,0
5187,121.35933908401057,0.8877909858711064,0
5188,121.3728110420052,0.5582079757004976,0
5189,121.38347270898521,0.5878329975530505,0
5190,121.39602554199519,0.6827500183135271,0
5191,121.40951216698159,1.0512500302866101,0
5192,121.42313733400078,0.5358749767765403,0
5193,121.43551570898853,0.6804160075262189,0
5194,121.4472489170148,0.40799996349960566,0
5195,121.46023816702655,0.5608329665847123,0
5196,121.47337429202162,0.50708296475932,0
5197,121.4853031670209,0.4021250060759485,0
5198,121.49685095902532,,1
5199,121.61073320900323,,1
5200,121.72458920901408,1.428582996595651,0
5201,121.73857266700361,0.33120799344033003,0
5202,121.75078366702655,0.35858299816027284,0
5203,121.76369658397743,0.3232080489397049,0
5204,121.77504945901455,,1
5205,121.88881974999094,0.6325840367935598,0
5206,121.90034187497804,1.062750001437962,0
5207,121.91233537497465,0.5544590530917048,0
5208,121.92424575000769,0.4914170131087303,0
5209,121.93627599999309,0.463999982457608,0
5210,121.94859687500866,0.42504200246185064,0
5211,121.96160295902519,0.3524579806253314,0
5212,121.97454187500989,0.3041669842787087,0
5213,121.98742545902496,0.4332909593358636,0
5214,121.99956008401932,,1
5215,122.11314287502319,0.48741698265075684,0
5216,122.12465804198291,0.4522080416791141,0
5217,122.1376745000016,0.5548750050365925,0
5218,122.15081850002753,0.2637089928612113,0
5219,122.16138016700279,0.5043330020271242,0
5220,122.17449962499086,2.218084002379328,0
5221,122.18929091701284,0.2423750120215118,0
5222,122.20209545898251,0.3905410412698984,0
5223,122.21394175000023,0.944000028539449,0
5224,122.22747470898321,0.623291009105742,0
5225,122.24068791698664,0.24920800933614373,0
5226,122.25349749997258,0.27650000993162394,0
5227,122.2646684999927,0.2837090287357569,0
5228,122.27751962502953,0.23308396339416504,0
5229,122.28915504197357,0.15608302783221006,0
5230,122.30184941698099,0.38545799907296896,0
5231,122.31483529199613,0.496625027153641,0
5232,122.32793400000082,0.41325000347569585,0
5233,122.3384983339929,0.2828330034390092,0
5234,122.35039037500974,0.3492499818094075,0
5235,122.36225366697181,0.3292080364190042,0
5236,122.3751465419773,0.1870419946499169,0
5237,122.38601066701813,0.23629196221008897,0
5238,122.39838750002673,0.6281669484451413,0
5239,122.40967495902441,0.4701249999925494,0
5240,122.42236412502825,0.4211669438518584,0
5241,122.43537916702917,,1
5242,122.5480010000174,0.4677500110119581,0
5243,122.56102387502324,0.31808397034183145,0
5244,122.57169233402237,0.22783299209550023,0
5245,122.58448345900979,,1
5246,122.69817837502342,0.4101249505765736,0
5247,122.71115312498296,0.3348340396769345,0
5248,122.72410570899956,0.25458302116021514,0
5249,122.73448087502038,,1
5250,122.84832887502853,0.6773339700885117,0
5251,122.85922375001246,0.3659999929368496,0
5252,122.87177120900014,0.4734580288641155,0
5253,122.88484187499853,0.5566669860854745,0
5254,122.89712275000056,0.4914170131087303,0
5255,122.90796937502455,0.4200839903205633,0
5256,122.92094041698147,0.4461670177988708,0
5257,122.93185524997534,0.3480840241536498,0
5258,122.94478566700127,0.3724999842233956,0
5259,122.95625720900716,0.3368330071680248,0
5260,122.96918162499787,0.4954590112902224,0
5261,122.98176512500504,0.3416669787839055,0
5262,122.9943476250046,0.3488750080578029,0
5263,123.00727541698143,,1
5264,123.12130437500309,0.22837502183392644,0
5265,123.13238716701744,0.3250829759053886,0
5266,123.15166983398376,0.7660409901291132,0
5267,123.16511050000554,0.4050839925184846,0
5268,123.17824258399196,0.436208036262542,0
5269,123.18893300002674,0.2274589496664703,0
5270,123.20129875000566,0.43629197170957923,0
5271,123.21431858401047,0.3688749857246876,0
5272,123.226620292,0.346417014952749,0
5273,123.23806750000222,0.26583397993817925,0
5274,123.25088404200505,0.23779197363182902,0
5275,123.2618352919817,0.40383299347013235,0
5276,123.27482912497362,0.3868750063702464,0
5277,123.28782487497665,0.3785000299103558,0
5278,123.30078533402411,0.2662079641595483,0
5279,123.31316625000909,0.5916670197620988,0
5280,123.32586512499256,0.45058398973196745,0
5281,123.33826908399351,0.29749999521300197,0
5282,123.35113000002457,0.37045899080112576,0
5283,123.36223029199755,0.30324998078867793,0
5284,123.37408766697627,0.33825001446530223,0
5285,123.38699404202634,0.5199169972911477,0
5286,123.3977665840066,0.3494999837130308,0
5287,123.4096154589788,0.30745804542675614,0
5288,123.42143595899688,0.4464579978957772,0
5289,123.43367104197387,0.43862505117431283,0
5290,123.44684237497859,0.3889590152539313,0
5291,123.45850254199468,0.37391699152067304,0
5292,123.47078587498982,0.4341669846326113,0
5293,123.48270287498599,0.46016700798645616,0
5294,123.49456629197812,0.29749999521300197,0
5295,123.50741454202216,0.3757079830393195,0
5296,123.51841495902045,0.3665830008685589,0
5297,123.53134308400331,0.40391599759459496,0
5298,123.5443286250229,0.37287495797500014,0
5299,123.55688866699347,0.4490420105867088,0
5300,123.56991483399179,0.531375000718981,0
5301,123.58302195899887,0.4588330048136413,0
5302,123.59521304199006,0.39175001438707113,0
5303,123.61220637499355,0.8448750013485551,0
5304,123.62917595898034,0.7719160057604313,0
5305,123.64211283402983,0.33383298432454467,0
5306,123.65505304199178,0.4266669857315719,0
5307,123.66806554200593,0.492582970764488,0
5308,123.68115320900688,0.6044579786248505,0
5309,123.69328637502622,0.2947499742731452,0
5310,123.70613050000975,0.38350000977516174,0
5311,123.7173823749763,,1
5312,123.83125508402009,0.5674159619957209,0
5313,123.84440820902819,,1
5314,123.95756800001254,0.3596249734982848,0
5315,123.97050991700962,0.3695829655043781,0
5316,123.98250420897966,0.4202910349704325,0
5317,123.99431362497853,0.2653340343385935,0
5318,124.00571816699812,0.3937500296160579,0
5319,124.01766558398958,0.27895800303667784,0
5320,124.0305157090188,0.28612499590963125,0
5321,124.04137166700093,0.3476249985396862,0
5322,124.05304625001736,0.3624589880928397,0
5323,124.06602033402305,0.43016596464440227,0
5324,124.07835020899074,0.4485000390559435,0
5325,124.09232024999801,0.6215840112417936,0
5326,124.10550491698086,0.29541703406721354,0
5327,124.11786266701529,0.3483329783193767,0
5328,124.13085020898143,,1
5329,124.2443345420179,,1
5330,124.35833566699876,0.5022920086048543,0
5331,124.37043233402073,0.25166600244119763,0
5332,124.38322054198943,,1
5333,124.49491183401551,0.3769159666262567,0
5334,124.5079089999781,0.28729200130328536,0
5335,124.51983670901973,0.38970797322690487,0
5336,124.53248829202494,0.36212499253451824,0
5337,124.54543154197745,0.5087919998914003,0
5338,124.55797358398559,0.2993750385940075,0
5339,124.57084966701223,,1
5340,124.68464950000634,0.43887499487027526,0
5341,124.6972077920218,,1
5342,124.81105895899236,,1
5343,124.9232945839758,0.5439580418169498,0
5344,124.93444074998843,0.3831250360235572,0
5345,124.94737429200904,0.35933300387114286,0
5346,124.95789904199773,0.3323330311104655,0
5347,124.96995904197684,0.36158302100375295,0
5348,124.98248825001065,0.4617919912561774,0
5349,124.99430595902959,0.5077079986222088,0
5350,125.00742083397927,0.5307079991325736,0
5351,125.02059066697257,0.5414170445874333,0
5352,125.03347174997907,0.5205839988775551,0
5353,125.04430991702247,0.5208749789744616,0
5354,125.0573944170028,0.5077500245533884,0
5355,125.0689666250255,0.4855419974774122,0
5356,125.08200462500099,0.5014169728383422,0
5357,125.09497654199367,0.49833301454782486,0
5358,125.1079834169941,1.870958018116653,0
5359,125.12242987501668,,1
5360,125.23557779198745,0.30162499751895666,0
5361,125.2484732500161,0.34849997609853745,0
5362,125.25928499997826,0.4706250037997961,0
5363,125.27096762502333,0.40329195326194167,0
5364,125.28396004199749,0.4092919989489019,0
5365,125.29476512502879,0.39424997521564364,0
5366,125.30661104200408,0.5655420245602727,0
5367,125.3197932090261,0.4167909501120448,0
5368,125.33224941702792,0.5024579586461186,0
5369,125.34532695898088,0.42766600381582975,0
5370,125.35922583402134,0.6962909828871489,0
5371,125.37178599997424,0.4920000210404396,0
5372,125.38369841699023,0.5154170212335885,0
5373,125.39600754197454,0.42804202530533075,0
5374,125.40797291701892,4.211916995700449,0
5375,125.42560987500474,0.3440839936956763,0
5376,125.43843116698554,0.5850000306963921,0
5377,125.45160870900145,0.4309159703552723,0
5378,125.46468650002498,,1
5379,125.5787438339903,0.45129103818908334,0
5380,125.59377337497426,0.48804201651364565,0
5381,125.60685183398891,0.4689579945988953,0
5382,125.61902450001799,0.49999996554106474,0
5383,125.63025995902717,0.41933299507945776,0
5384,125.64327050000429,0.3643750096671283,0
5385,125.65384454198647,0.4979580407962203,0
5386,125.66696345899254,0.517625012435019,0
5387,125.68007887498243,0.6068749935366213,0
5388,125.69244620902464,0.3772909985855222,0
5389,125.7053960839985,0.48579100985080004,0
5390,125.71638075000374,0.5110420170240104,0
5391,125.72945333400276,0.3850000211969018,0
5392,125.74270387500292,,1
5393,125.85744712501764,0.6509170052595437,0
5394,125.86875216697808,0.5590420332737267,0
5395,125.88071504200343,0.3511669929139316,0
5396,125.8913070000126,0.411542016081512,0
5397,125.90427258401178,0.26770797558128834,0
5398,125.91710479202447,0.2662919578142464,0
5399,125.92789091699524,0.2982920268550515,0
5400,125.94075483398046,0.26637502014636993,0
5401,125.9535752920201,0.25099999038502574,0
5402,125.96440024999902,0.2952089998871088,0
5403,125.97577366698533,0.25279202964156866,0
5404,125.98857899999712,,1
5405,126.10135333397193,0.6452500238083303,0
5406,126.11460112500936,0.46729197492823005,0
5407,126.12765704200137,0.4362500039860606,0
5408,126.13831599999685,0.40420901495963335,0
5409,126.15128295897739,0.48816599883139133,0
5410,126.16407908400288,0.3560829791240394,0
5411,126.17520337499445,0.4972090246155858,0
5412,126.18773912498727,0.3826669999398291,0
5413,126.20069466700079,0.41983299888670444,0
5414,126.21238704200368,0.32958301017060876,0
5415,126.22387054201681,0.3646669792942703,0
5416,126.2367940840195,,1
5417,126.35060591698857,0.48824999248608947,0
5418,126.36163200001465,,1
5419,126.47322737501236,0.22724998416379094,0
5420,126.48509999999078,0.2928340109065175,0
5421,126.49802791699767,0.7892919820733368,0
5422,126.5114139590296,0.587457965593785,0
5423,126.52458174998173,0.21875003585591912,0
5424,126.53653275000397,0.13320898870006204,0
5425,126.54916325001977,0.4367500077933073,0
5426,126.56170687498525,0.3997920430265367,0
5427,126.57414579199394,0.19525003153830767,0
5428,126.58598862501094,0.3660839865915477,0
5429,126.59892620902974,0.36295794416218996,0
5430,126.60972920898348,0.3092080005444586,0
5431,126.62260887498269,0.26649999199435115,0
5432,126.63529529201332,0.3952080151066184,0
5433,126.6483100419864,0.3861250006593764,0
5434,126.6591719170101,0.33783301478251815,0
5435,126.67059891700046,0.7110000005923212,0
5436,126.68353208398912,0.5427910364232957,0
5437,126.6957867500023,0.48454198986291885,0
5438,126.7080297920038,,1
5439,126.82400962500833,5.926041980274022,0
5440,126.84088929201243,13.171917002182454,0
5441,126.87067816697527,23.15150003414601,0
5442,126.91862441698322,1.0787500068545341,0
5443,126.93650191702181,5.485208006575704,0
5444,126.95619479200104,0.5275420262478292,0
5445,126.96914916700916,0.34604198299348354,0
5446,126.9820532919839,0.3506250213831663,0
5447,126.99402662500506,0.36741700023412704,0
5448,127.01302966702497,1.1176669504493475,0
5449,127.02673241699813,0.24666701210662723,0
5450,127.03952362498967,0.17666700296103954,0
5451,127.05014016700443,0.25820801965892315,0
5452,127.06294870900456,,1
5453,127.17504716699477,0.4437500028871,0
5454,127.1861741670291,0.2952919458039105,0
5455,127.19733762502437,0.28708396712318063,0
5456,127.20827724999981,0.25795900728553534,0
5457,127.22107304201927,0.31350000062957406,0
5458,127.23394312500022,0.28595898766070604,0
5459,127.24430066702189,0.28670800384134054,0
5460,127.2571430419921,,1
5461,127.36976633401355,0.3864159807562828,0
5462,127.3827123750234,0.22499996703118086,0
5463,127.39429237501463,0.20866701379418373,0
5464,127.40705708402675,0.2919159596785903,0
5465,127.41991166700609,0.2529170014895499,0
5466,127.43059354199795,0.4284169990569353,0
5467,127.44221895898227,0.17250003293156624,0
5468,127.45309045899194,0.20133302314206958,0
5469,127.46581741701812,0.2056249650195241,0
5470,127.47764941700734,0.3489169757813215,0
5471,127.49028550001094,0.3524170024320483,0
5472,127.50119887501933,,1
5473,127.61426058399957,0.45962497824802995,0
5474,127.62661095900694,0.2768749836832285,0
5475,127.63991741702193,0.2777079935185611,0
5476,127.65275720902719,0.2056660014204681,0
5477,127.66392162500415,0.36733399610966444,0
5478,127.67555566702504,,1
5479,127.78887545899488,0.669625005684793,0
5480,127.80214620899642,0.5366660188883543,0
5481,127.81528012501076,0.4664589650928974,0
5482,127.82833529199706,0.6175420130603015,0
5483,127.83963312499691,0.3266669809818268,0
5484,127.85255283402512,0.5931249470449984,0
5485,127.86575708398595,0.521250010933727,0
5486,127.87888191698585,0.5321670323610306,0
5487,127.89273712498834,0.29141700360924006,0
5488,127.9100802920293,0.22437499137595296,0
5489,127.92286370898364,0.37475000135600567,0
5490,127.93581616698066,,1
5491,128.04677616700064,0.4207500023767352,0
5492,128.05790220899507,0.2448330051265657,0
5493,128.07070116698742,,1
5494,128.1827847089735,0.687332998495549,0
5495,128.19612199999392,0.5548750050365925,0
5496,128.20824520901078,0.2055829972960055,0
5497,128.22099945897935,0.2357500488869846,0
5498,128.2337795419735,0.2297920291312039,0
5499,128.24429979198612,0.35195803502574563,0
5500,128.25723587500397,0.5507500027306378,0
5501,128.26833683397854,0.40125002851709723,0
5502,128.28134979202878,,1
5503,128.3930540420115,1.0801670141518116,0
5504,128.40672416699817,0.6034999969415367,0
5505,128.4199371249997,0.6427090265788138,0
5506,128.43249266699422,0.6618750048801303,0
5507,128.44354829197982,0.4967080312781036,0
5508,128.45546270901104,0.44545799028128386,0
5509,128.4685079170158,0.39912498323246837,0
5510,128.48026708402904,0.5580409779213369,0
5511,128.49339979200158,0.2851670142263174,0
5512,128.50624058401445,0.19570800941437483,0
5513,128.5189887090237,0.18737500067800283,0
5514,128.5317191670183,0.21779199596494436,0
5515,128.54447529197205,0.15300000086426735,0
5516,128.55577483400702,0.18508301582187414,0
5517,128.5668018750148,0.2683339989744127,0
5518,128.5796178340097,0.33908296609297395,0
5519,128.59251108398894,0.27312501333653927,0
5520,128.60533566697268,0.26329205138608813,0
5521,128.61699983401923,,1
5522,128.73076687502908,0.718083989340812,0
5523,128.74281895899912,0.5782910156995058,0
5524,128.75597879197448,0.5464580026455224,0
5525,128.76911245897645,0.6244580144993961,0
5526,128.78232674999163,0.5539170233532786,0
5527,128.7942328340141,0.5424999981187284,0
5528,128.80542933399556,0.9375410154461861,0
5529,128.818947458989,0.5005000275559723,0
5530,128.83204112498788,0.3700419911183417,0
5531,128.84430466702906,0.38358295569196343,0
5532,128.8551685839775,0.22804102627560496,0
5533,128.86793437501183,0.3928749938495457,0
5534,128.88087329198606,0.38279202999547124,0
5535,128.8938083340181,0.404624966904521,0
5536,128.90677483397303,0.3339160466566682,0
5537,128.91964908398222,0.3309160238131881,0
5538,128.93252704199404,0.4225830198265612,0
5539,128.94551674998365,0.3689590375870466,0
5540,128.95725745899836,0.3429580247029662,0
5541,128.9678457499831,0.605959037784487,0
5542,128.97955175000243,,1
5543,129.0924677089788,3.805958025623113,0
5544,129.11052112502512,1.3704589800909162,0
5545,129.12447600002633,2.25741695612669,0
5546,129.1368316669832,0.5972920334897935,0
5547,129.14882083400153,0.44112501200288534,0
5548,129.1605456250254,0.25341694708913565,0
5549,129.17335570900468,0.31429098453372717,0
5550,129.18622770899674,0.26016600895673037,0
5551,129.19903058401542,0.19537500338628888,0
5552,129.21178404201055,0.3005419857800007,0
5553,129.22464799997397,0.2232090337201953,0
5554,129.23749245901126,0.36116596311330795,0
5555,129.2492176250089,0.3124999930150807,0
5556,129.26109129202086,0.4308329662308097,0
5557,129.2741225840291,,1
5558,129.38578045897884,0.5111659993417561,0
5559,129.3970759169897,0.2340830396860838,0
5560,129.4095917919767,0.23558305110782385,0
5561,129.42237670900067,0.19220798276364803,0
5562,129.4351166249835,0.2270000404678285,0
5563,129.44789541698992,0.2049580216407776,0
5564,129.45905116701033,0.20750000840052962,0
5565,129.47182145901024,0.179499969817698,0
5566,129.48453837499255,0.1781670143827796,0
5567,129.49725462502101,0.19587500719353557,0
5568,129.50826687499648,0.17779198242351413,0
5569,129.52100054197945,0.1984169939532876,0
5570,129.53373620897764,0.17791602294892073,0
5571,129.54645762499422,0.19508402328938246,0
5572,129.55748020898318,0.1984999980777502,0
5573,129.5702224589768,0.20637502893805504,0
5574,129.58299754199106,0.19537500338628888,0
5575,129.59475741698407,0.28508302057161927,0
5576,129.60748737497488,0.26983401039615273,0
5577,129.62031174998265,0.38454204332083464,0
5578,129.63326999999117,0.3445000038482249,0
5579,129.6454927920131,0.41683297604322433,0
5580,129.65796433400828,,1
5581,129.76992862502811,0.45408395817503333,0
5582,129.7829767090152,0.40137500036507845,0
5583,129.7940374169848,0.37750002229586244,0
5584,129.80700883397367,0.21012499928474426,0
5585,129.81732670898782,0.3510829992592335,0
5586,129.82789916702313,0.46512496192008257,0
5587,129.84089433401823,0.2852499601431191,0
5588,129.85376149998046,0.2257919986732304,0
5589,129.8647756249993,,1
5590,129.97816091700224,0.39958301931619644,0
5591,129.9911280000233,1.2029589852318168,0
5592,130.00444366701413,0.45487500028684735,0
5593,130.0168999590096,0.39791601011529565,0
5594,130.02883083402412,,1
5595,130.14017550001154,0.40483399061486125,0
5596,130.15204395900946,0.2840830129571259,0
5597,130.164881374978,0.3126250230707228,0
5598,130.17570075002732,0.30399998649954796,0
5599,130.1885877919849,0.21883303998038173,0
5600,130.1992070840206,0.28791598742827773,0
5601,130.21207700000377,0.4313340177759528,0
5602,130.2231268750038,0.49591698916628957,0
5603,130.23465612501604,0.379666977096349,0
5604,130.24653570901137,0.43291598558425903,0
5605,130.25858283397974,0.2931660274043679,0
5606,130.27101949998178,0.3374590305611491,0
5607,130.28391841700068,0.37712499033659697,0
5608,130.2969003340113,0.4998749936930835,0
5609,130.3099992920179,0.5051249754615128,0
5610,130.32155195897212,0.31050003599375486,0
5611,130.3334307090263,0.3587499959394336,0
5612,130.3443724589888,0.39712502621114254,0
5613,130.35736970900325,0.34912500996142626,0
5614,130.3702801670297,0.4243329749442637,0
5615,130.38338704197668,0.26466703275218606,0
5616,130.3960296669975,0.45620801392942667,0
5617,130.40845441701822,0.2548749907873571,0
5618,130.42129304201808,0.5014169728383422,0
5619,130.43220879201544,0.4264999879524112,0
5620,130.44522191700526,0.39070798084139824,0
5621,130.45599529199535,0.28808298520743847,0
5622,130.46760441700462,,1
5623,130.58162175002508,0.7083339733071625,0
5624,130.59430720901582,0.3495829878374934,0
5625,130.60723158402834,0.4642499843612313,0
5626,130.61962062498787,0.5207090289331973,0
5627,130.63271604198962,,1
5628,130.74431366700446,,1
5629,130.85821008402854,,1
5630,130.9710885839886,0.26958301896229386,0
5631,130.98293870902853,0.28695794753730297,0
5632,130.99579374998575,0.37337501998990774,0
5633,131.00823216699064,0.29904203256592155,0
5634,131.02110912499484,0.3999170148745179,0
5635,131.0340744589921,0.3857910051010549,0
5636,131.04470224998659,0.42325002141296864,0
5637,131.0575565000181,0.32962497789412737,0
5638,131.07048091699835,0.6201670039445162,0
5639,131.08364833402447,0.35879097413271666,0
5640,131.0954972920008,0.3418329870328307,0
5641,131.10863258398604,0.30262500513345003,0
5642,131.121524208982,0.2649580128490925,0
5643,131.1343430840061,0.4088329733349383,0
5644,131.14677037502406,,1
5645,131.26042750000488,0.45958400005474687,0
5646,131.27345412498107,0.2132090157829225,0
5647,131.28442425001413,0.4391249967738986,0
5648,131.29740716697415,0.2221250324510038,0
5649,131.31016200000886,0.18245901446789503,0
5650,131.32287174998783,0.17595902318134904,0
5651,131.3355674589984,,1
5652,131.44925100001274,0.6782499840483069,0
5653,131.4625314589939,,1
5654,131.57417016697582,0.663875020109117,0
5655,131.58746283402434,,1
5656,131.70081812498393,0.6177920149639249,0
5657,131.71365520899417,0.36879099206998944,0
5658,131.72573112498503,0.3078749869018793,0
5659,131.73859266698128,0.27420802507549524,0
5660,131.749320834002,0.3353329957462847,0
5661,131.76068520901026,0.48429099842906,0
5662,131.77346220897743,0.3755830111913383,0
5663,131.78638704202604,0.4034169833175838,0
5664,131.79935200000182,0.3818750265054405,0
5665,131.81229087500833,0.4717920091934502,0
5666,131.82544037501793,0.35337498411536217,0
5667,131.83836245897692,0.26575004449114203,0
5668,131.84895775001496,0.4341669846326113,0
5669,131.86199245898752,0.31479098834097385,0
5670,131.87260754202725,0.36616699071601033,0
5671,131.8855297919945,0.47141697723418474,0
5672,131.89856987498933,0.4467500257305801,0
5673,131.91097591700964,,1
5674,132.02473737497348,0.5100000416859984,0
5675,132.0378162090201,0.5067909951321781,0
5676,132.0502684590174,0.3828330081887543,0
5677,132.06180795899127,0.3435410326346755,0
5678,132.07408629200654,0.3826249740086496,0
5679,132.0870265000267,0.37237495416775346,0
5680,132.09780687501188,1.4094169600866735,0
5681,132.11181045899866,0.3071249811910093,0
5682,132.12434620899148,0.23229100042954087,0
5683,132.1371320420294,0.24737499188631773,0
5684,132.14773183397483,,1
5685,132.2615293749841,,1
5686,132.3754113339819,0.40075002470985055,0
5687,132.38839366700267,0.4294170066714287,0
5688,132.40140650002286,0.4210839979350567,0
5689,132.41249666700605,0.5318329785950482,0
5690,132.42595712502953,1.6788749489933252,0
5691,132.44060754199745,,1
5692,132.5539445420145,0.75758300954476,0
5693,132.56730845902348,0.6180409691296518,0
5694,132.58051812497433,0.48275000881403685,0
5695,132.5935862499755,0.24637504247948527,0
5696,132.60641004197532,0.4898330080322921,0
5697,132.61782024998683,0.5153749953024089,0
5698,132.63111091702012,3.068207995966077,0
5699,132.6467813340132,0.5127909826114774,0
5700,132.659542666981,0.45137503184378147,0
5701,132.6713896250003,0.43579202610999346,0
5702,132.68439745897194,0.5820410442538559,0
5703,132.69755450001685,0.5898340023122728,0
5704,132.70940475002863,0.5745419766753912,0
5705,132.720811666979,0.39604201447218657,0
5706,132.7324977919925,0.4872080171480775,0
5707,132.7443258339772,0.39533304516226053,0
5708,132.7572930000024,0.2654590061865747,0
5709,132.77013254200574,0.3429579664953053,0
5710,132.7824850420002,0.3917079884558916,0
5711,132.79432312498102,0.34837500425055623,0
5712,132.8072212919942,0.491167011205107,0
5713,132.82026808400406,0.5168329807929695,0
5714,132.83244349999586,,1
5715,132.94431162497494,0.472417043056339,0
5716,132.95574308402138,0.35987497540190816,0
5717,132.967630249972,,1
5718,133.0796328340075,0.5066659650765359,0
5719,133.09146912500728,0.4034590092487633,0
5720,133.10448454198195,0.5958330002613366,0
5721,133.11714649997884,0.18620904302224517,0
5722,133.12765066698194,0.4080420476384461,0
5723,133.1406436249963,0.33416697988286614,0
5724,133.15358970902162,0.6779999821446836,0
5725,133.16656287497608,0.3421250148676336,0
5726,133.17757045902545,0.4316659760661423,0
5727,133.1905948339845,0.3857500269077718,0
5728,133.2036243340117,0.512540980707854,0
5729,133.2158770840033,0.3992500132881105,0
5730,133.2276732089813,0.39779103826731443,0
5731,133.24067045899574,0.3178750048391521,0
5732,133.25358854199294,,1
5733,133.36607350001577,0.46687497524544597,0
5734,133.3778375419788,0.8655830170027912,0
5735,133.39035787497414,0.6758750532753766,0
5736,133.4022041669814,0.40495803114026785,0
5737,133.4139990839758,2.967833017464727,0
5738,133.4322555839899,1.0458329925313592,0
5739,133.44591125001898,0.36162498872727156,0
5740,133.4592741249944,0.37633400643244386,0
5741,133.47084391699173,0.6646669935435057,0
5742,133.48248687502928,0.3607089747674763,0
5743,133.49431587499566,0.6125840009190142,0
5744,133.50750975002302,0.26349996915087104,0
5745,133.519886708993,,1
5746,133.6358377499855,,1
5747,133.7499066250166,0.7388339727185667,0
5748,133.76236175000668,0.31287496676668525,0
5749,133.774845500011,1.8526670173741877,0
5750,133.78929162502754,0.3517500008456409,0
5751,133.80246991699096,,1
5752,133.91399095900124,0.25350000942125916,0
5753,133.92552733398043,0.2667910302989185,0
5754,133.93793908401858,0.38237497210502625,0
5755,133.95012045901967,0.24399999529123306,0
5756,133.96164258400677,2.02991598052904,0
5757,133.97463779198006,0.37408299976959825,0
5758,133.98523066699272,0.3447079798206687,0
5759,133.99637737497687,0.3173750010319054,0
5760,134.00924545899034,0.3637910122051835,0
5761,134.02217004197882,0.44062500819563866,0
5762,134.033469624992,0.5211249808780849,0
5763,134.0444669169956,0.4754579858854413,0
5764,134.05632787500508,0.47454197192564607,0
5765,134.06824604200665,0.9368750033900142,0
5766,134.07989095902303,0.3916659625247121,0
5767,134.09160516702104,0.5267079686746001,0
5768,134.1038099169964,0.3634170279838145,0
5769,134.11679604201345,0.3459579893387854,0
5770,134.12867991701933,0.45304198283702135,0
5771,134.14173045899952,0.48624997725710273,0
5772,134.1547938750009,0.5520840059034526,0
5773,134.16679250000743,0.47974998597055674,0
5774,134.17986095900415,0.42533298255875707,0
5775,134.1928662090213,0.3034999826923013,0
5776,134.20575058402028,0.3198749618604779,0
5777,134.21864174999064,0.37558400072157383,0
5778,134.23160437500337,0.37454202538356185,0
5779,134.24456629197812,0.4395830328576267,0
5780,134.25736129202414,0.31579198548570275,0
5781,134.27027883398114,0.3904580371454358,0
5782,134.28325270902133,0.3595409798435867,0
5783,134.29475200001616,0.47679198905825615,0
5784,134.30660166702,0.32012496376410127,0
5785,134.31951541698072,0.486500037368387,0
5786,134.33260958397295,0.45979104470461607,0
5787,134.34417591698002,0.47508301213383675,0
5788,134.35602970898617,0.24741602828726172,0
5789,134.3688518750132,0.37154200254008174,0
5790,134.38181212497875,0.43287500739097595,0
5791,134.39345008402597,0.2900830004364252,0
5792,134.40534058399498,0.5181659944355488,0
5793,134.41842012497364,0.5036670481786132,0
5794,134.4315119169769,0.4567500436678529,0
5795,134.44454649998806,0.5544589948840439,0
5796,134.45748899999307,0.4579999949783087,0
5797,134.47164212499047,0.4073340096510947,0
5798,134.48463695897954,0.48283301293849945,0
5799,134.49627641699044,0.43820799328386784,0
5800,134.50793808401795,1.935040985699743,0
5801,134.5200647499878,0.5015000351704657,0
5802,134.53247504198225,0.4800420138053596,0
5803,134.54551337502198,0.45841699466109276,0
5804,134.55854749999708,0.4237500252202153,0
5805,134.56975837500067,,1
5806,134.68249487498542,0.7327920175157487,0
5807,134.69583583401982,0.6868329946883023,0
5808,134.70710704202065,0.6115419673733413,0
5809,134.7203536250163,0.47774997074157,0
5810,134.7333858750062,0.4402089980430901,0
5811,134.74641016701935,0.5259579629637301,0
5812,134.75796312501188,0.5777920014224946,0
5813,134.77110770897707,0.41733303805813193,0
5814,134.7835409999825,0.4116670461371541,0
5815,134.79651000001468,0.47691696090623736,0
5816,134.80749733402627,0.4622499691322446,0
5817,134.81926683400525,1.0300829890184104,0
5818,134.83181220898405,0.3821250284090638,0
5819,134.84477304201573,0.3926249919459224,0
5820,134.85559849999845,0.4964590189047158,0
5821,134.86868154199328,0.4627919988706708,0
5822,134.87996529199881,0.5043330020271242,0
5823,134.89232575002825,0.37591694854199886,0
5824,134.90527320897672,0.2745000529102981,0
5825,134.9169075419777,0.34300005063414574,0
5826,134.9298369170283,0.3334579523652792,0
5827,134.9426057090168,,1
5828,135.05469149997225,0.2203750191256404,0
5829,135.0665512920241,0.36929198540747166,0
5830,135.07950437499676,0.4472089931368828,0
5831,135.09199233399704,0.28312503127381206,0
5832,135.1048539589974,0.3956250147894025,0
5833,135.11786424997263,0.3397090476937592,0
5834,135.13076762499986,0.24083402240648866,0
5835,135.14356041699648,0.23458298528566957,0
5836,135.1563356249826,0.21725002443417907,0
5837,135.16683016699972,0.3071249811910093,0
5838,135.179156334023,0.3332499763928354,0
5839,135.19100004201755,2.0922079565934837,0
5840,135.20496166701196,0.6412499933503568,0
5841,135.21680325001944,,1
5842,135.33012366702314,0.5278330063447356,0
5843,135.3422091670218,0.5067079910077155,0
5844,135.35546108399285,0.4953750176355243,0
5845,135.36666370899184,0.25766598992049694,0
5846,135.37926454201806,0.3542079939506948,0
5847,135.3920066250139,0.3124590148217976,0
5848,135.40488899999764,0.5270420224405825,0
5849,135.41682899999432,0.8470420143567026,0
5850,135.43025754200062,0.43950002873316407,0
5851,135.44159758399474,0.6693329778499901,0
5852,135.454295500007,0.39129197830334306,0
5853,135.46729904197855,0.5995830288156867,0
5854,135.4804679590161,0.2650829846970737,0
5855,135.49329170899,0.3228330169804394,0
5856,135.50624637497822,0.205625023227185,0
5857,135.51902787497966,0.38712500827386975,0
5858,135.5320202499861,0.4076249897480011,0
5859,135.54293187498115,0.6364170112647116,0
5860,135.55617329198867,0.3672500024549663,0
5861,135.56665400002385,0.24908396881073713,0
5862,135.57948033401044,0.4381659673526883,0
5863,135.59252954198746,0.4837500164285302,0
5864,135.60372758400626,0.7117909844964743,0
5865,135.6168239589897,0.3329160390421748,0
5866,135.62764508399414,0.3177500329911709,0
5867,135.64006208401406,0.2741249627433717,0
5868,135.65288120898185,,1
5869,135.76583570899675,0.45962497824802995,0
5870,135.7788835419924,0.45645801583305,0
5871,135.79241912497673,0.3881250158883631,0
5872,135.80419691698626,0.35741704050451517,0
5873,135.81713266699808,,1
5874,135.93043466698145,0.45558303827419877,0
5875,135.94196683401242,,1
5876,136.0539385000011,0.7228750037029386,0
5877,136.0668105839868,,1
5878,136.18065058399225,0.3988330136053264,0
5879,136.19272250001086,0.5145840113982558,0
5880,136.20425733400043,0.3067500074394047,0
5881,136.2168166670017,0.23604201851412654,0
5882,136.22962050000206,0.40974997682496905,0
5883,136.24121612502495,0.22679194808006287,0
5884,136.2539978339919,0.323207990732044,0
5885,136.26651554199634,,1
5886,136.3794694999815,3.093959006946534,0
5887,136.39515945897438,0.3025830374099314,0
5888,136.40806383400923,0.2941249986179173,0
5889,136.42096641700482,0.2626670175231993,0
5890,136.43248162500095,0.3171670250594616,0
5891,136.44532837497536,0.3462090389803052,0
5892,136.45801424997626,0.5973750376142561,0
5893,136.4711562920129,0.3189580165781081,0
5894,136.48367370897904,0.4349160008132458,0
5895,136.49666829197668,0.31883304473012686,0
5896,136.5096991250175,0.5334590096026659,0
5897,136.52150654199068,0.49104198114946485,0
5898,136.53456312499475,0.3992090350948274,0
5899,136.54754283401417,0.47387497033923864,0
5900,136.56059570901562,0.29512500623241067,0
5901,136.57345220900606,0.2549579949118197,0
5902,136.58659324998735,0.24112500250339508,0
5903,136.59937891701702,0.37783297011628747,0
5904,136.61181487498106,0.46549999387934804,0
5905,136.62347287498415,0.430750020314008,0
5906,136.63647662498988,0.29749999521300197,0
5907,136.6471958750044,0.31695899087935686,0
5908,136.6591008339892,0.2667080261744559,0
5909,136.66977729200153,0.5257920129224658,0
5910,136.68285566702252,,1
5911,136.7947581249755,0.3932920517399907,0
5912,136.80770966701675,0.2056249650195241,0
5913,136.82046237500617,0.3724999842233956,0
5914,136.83340454200516,,1
5915,136.94718324998394,0.5397920031100512,0
5916,136.95999750000192,0.4021250060759485,0
5917,136.97297012497438,0.41666702600196004,0
5918,136.9859428749769,0.4395840223878622,0
5919,136.99829704198055,0.526999996509403,0
5920,137.01139216701267,0.5083750002086163,0
5921,137.02329924999503,,1
5922,137.1371467920253,0.6848329794593155,0
5923,137.14919195900438,0.6694159819744527,0
5924,137.16081583400955,0.566790986340493,0
5925,137.17399300000397,0.4194999928586185,0
5926,137.18701037502615,0.3643749514594674,0
5927,137.19914287497522,,1
5928,137.31256145902444,,1
5929,137.42986754199956,0.8578749839216471,0
5930,137.44352579198312,,1
5931,137.55615166702773,0.42812497122213244,0
5932,137.5684585000272,0.34791696816682816,0
5933,137.5794471250265,0.2613339456729591,0
5934,137.59127041697502,0.17491704784333706,0
5935,137.60282041702885,0.33529195934534073,0
5936,137.61461012501968,0.2660839818418026,0
5937,137.62560391699662,0.25470799300819635,0
5938,137.63602024997817,0.7370420498773456,0
5939,137.64913804200478,0.30683301156386733,0
5940,137.661423499987,0.3124999930150807,0
5941,137.67414845898747,0.2761250361800194,0
5942,137.68533870897954,0.543333007954061,0
5943,137.69846308400156,0.61029102653265,0
5944,137.71166337502655,0.6282919785007834,0
5945,137.7246942089987,1.4978330000303686,0
5946,137.73987891699653,0.5886669969186187,0
5947,137.7509743749979,0.4260839777998626,0
5948,137.76287258398952,0.3690830199047923,0
5949,137.77466054202523,0.2715829759836197,0
5950,137.78559212497203,0.3164590452797711,0
5951,137.7984791250201,0.3750419709831476,0
5952,137.8089550419827,0.34195801708847284,0
5953,137.82037987501826,0.4348339862190187,0
5954,137.83112316700863,0.2578329876996577,0
5955,137.84394279198023,0.25941699277609587,0
5956,137.85675550001906,0.19141699885949492,0
5957,137.8694922089926,0.323207990732044,0
5958,137.88237820897484,0.376083014998585,0
5959,137.89532100001816,0.30258396873250604,0
5960,137.90798216697294,0.2790420548990369,0
5961,137.91911575000267,,1
5962,138.03226683399407,0.3493329859338701,0
5963,138.04518650000682,0.27545896591618657,0
5964,138.05724491702858,0.26424997486174107,0
5965,138.07008733402472,0.29045797418802977,0
5966,138.08274570899084,0.3356250235810876,0
5967,138.0943067499902,0.3140839980915189,0
5968,138.1071685840143,0.299000006634742,0
5969,138.12001295899972,0.24954101536422968,0
5970,138.13097479200223,0.3339169779792428,0
5971,138.1438700419967,0.32579200342297554,0
5972,138.15595429198584,0.2786670229397714,0
5973,138.1687865839922,0.2905000001192093,0
5974,138.18164170900127,0.4623749991878867,0
5975,138.19468116702046,0.3356669913046062,0
5976,138.20605058397632,0.4172080080024898,0
5977,138.21802837500582,0.5343750235624611,0
5978,138.23115883400897,,1
5979,138.3444479170139,0.48454198986291885,0
5980,138.35752254200634,1.009124971460551,0
5981,138.37111808400368,0.41920802323147655,0
5982,138.38410762499552,0.44837500900030136,0
5983,138.3960151670035,0.4479169729165733,0
5984,138.4090452499804,,1
5985,138.52285283402307,0.5832909955643117,0
5986,138.53541225002846,0.30562496976926923,0
5987,138.5482705840259,0.33620797330513597,0
5988,138.5591414590017,0.47849997645244,0
5989,138.57132037502015,0.4682499566115439,0
5990,138.58434870897327,0.4152500187046826,0
5991,138.59719412500272,0.46604202361777425,0
5992,138.60968783398857,0.6418750272132456,0
5993,138.62290216702968,0.5458749947138131,0
5994,138.63602158398135,,1
5995,138.74916958401445,0.4851659759879112,0
5996,138.76222604198847,0.46841701259836555,0
5997,138.7730449590017,,1
5998,138.88545695901848,0.6072910036891699,0
5999,138.89865941699827,0.5402080132625997,0
6000,138.91106549999677,0.6225000252015889,0
6001,138.92437899997458,0.24375005159527063,0
6002,138.9380366249825,0.36812503822147846,0
6003,138.95100358402124,0.38120796671137214,0
6004,138.96266212500632,0.4192920168861747,0
6005,138.97676204197342,0.36041700514033437,0
6006,138.98968737502582,0.3689169534482062,0
6007,139.00261316698743,0.3872500383295119,0
6008,139.01404216699302,0.4016250022687018,0
6009,139.02462462498806,0.22966699907556176,0
6010,139.03740116697736,0.2940000267699361,0
6011,139.04913337499602,0.25683402782306075,0
6012,139.0601763339946,0.3903330070897937,0
6013,139.07311120902887,,1
6014,139.186954166973,0.6853330414742231,0
6015,139.20025220897514,,1
6016,139.31318079202902,0.5412919563241303,0
6017,139.32415958400816,0.34845800837501884,0
6018,139.33580366702517,0.47170795733109117,0
6019,139.34728629200254,0.38662500446662307,0
6020,139.36024050001288,0.22170896409079432,0
6021,139.37121937499614,0.1514590112492442,0
6022,139.38390050001908,,1
6023,139.49719933402957,0.49479096196591854,0
6024,139.50889504200313,0.3602079814299941,0
6025,139.52184745902196,0.3968329983763397,0
6026,139.5335649169865,0.24399999529123306,0
6027,139.54543508397182,0.34962501376867294,0
6028,139.5573566670064,0.5923749995417893,0
6029,139.5692254169844,0.35079201916232705,0
6030,139.58239312499063,0.311249983496964,0
6031,139.59299525001552,0.3124169888906181,0
6032,139.6048755000229,0.44762500328943133,0
6033,139.61789833399234,0.29987498419359326,0
6034,139.6307650419767,0.27254200540483,0
6035,139.6431924169883,0.23520801914855838,0
6036,139.65598016697913,0.21300005028024316,0
6037,139.66874254198046,0.26649999199435115,0
6038,139.68018149997806,0.21875003585591912,0
6039,139.69262916699518,0.8731670095585287,0
6040,139.7060703340103,0.46850001672282815,0
6041,139.71911674999865,0.48916699597612023,0
6042,139.73221879202174,,1
6043,139.8449219170143,0.5634579574689269,0
6044,139.8580470419838,0.3683330141939223,0
6045,139.8689009170048,0.3062079777009785,0
6046,139.88055424997583,,1
6047,139.9925811670255,,1
6048,140.10579070902895,0.34341594437137246,0
6049,140.11871070897905,0.3756250371225178,0
6050,140.13090837502386,0.391624984331429,0
6051,140.14238966698758,0.25041704066097736,0
6052,140.1551855839789,0.11712504783645272,0
6053,140.16786120901816,0.3674579784274101,0
6054,140.18002395902295,0.40029099909588695,0
6055,140.19103383400943,0.33266597893089056,0
6056,140.2017878339975,0.37349999183788896,0
6057,140.2147525420296,0.39070798084139824,0
6058,140.22776312497444,0.5059170071035624,0
6059,140.24089641700266,0.6131670088507235,0
6060,140.25320691702655,0.3736669896170497,0
6061,140.26507137500448,0.48095901729539037,0
6062,140.27693541697226,0.4514580359682441,0
6063,140.28879999998026,0.33229199470952153,0
6064,140.30171658401377,0.36945799365639687,0
6065,140.31466779200127,0.3862919984385371,0
6066,140.32654358400032,0.41395798325538635,0
6067,140.3395503750071,,1
6068,140.45329966698773,,1
6069,140.56735854200087,0.5627499776892364,0
6070,140.580504750018,0.33416697988286614,0
6071,140.59229629201582,0.2899169921875,0
6072,140.60296841699164,0.24329201551154256,0
6073,140.61576120898826,0.25995803298428655,0
6074,140.62857954198262,,1
6075,140.74093512498075,3.8461670046672225,0
6076,140.75783554202644,2.1522919996641576,0
6077,140.7710159170092,0.6327499868348241,0
6078,140.78248674998758,0.49112498527392745,0
6079,140.79555591702228,0.7541249506175518,0
6080,140.8073922090116,0.5605829646810889,0
6081,140.82274525001412,0.5268339882604778,0
6082,140.83350179198897,,1
6083,140.9473548340029,0.3950829850509763,0
6084,140.9603422919754,0.47745800111442804,0
6085,140.97183016699273,0.4253750084899366,0
6086,140.98486262501683,0.524125003721565,0
6087,140.997995083977,0.5302079953253269,0
6088,141.0107596250018,0.5891249747946858,0
6089,141.02170099999057,0.38054201286286116,0
6090,141.0346631249995,,1
6091,141.1462587499991,0.5069589824415743,0
6092,141.15940524998587,0.2714170259423554,0
6093,141.17222750000656,0.4576250212267041,0
6094,141.18525662500178,0.3853340167552233,0
6095,141.1972554170061,,1
6096,141.30946595902788,0.5195830017328262,0
6097,141.32256804202916,0.5054999492131174,0
6098,141.33388829202158,0.568582967389375,0
6099,141.34775424998952,0.49270899035036564,0
6100,141.35954345902428,0.42241596383973956,0
6101,141.37253687501652,0.4783339682035148,0
6102,141.38350662501762,0.7317090057767928,0
6103,141.39554462500382,,1
6104,141.509427958983,0.4595410428009927,0
6105,141.52234791702358,0.3263749531470239,0
6106,141.53526295901975,0.5225409986451268,0
6107,141.54839295899728,,1
6108,141.66168741701404,0.4648749600164592,0
6109,141.67478979198495,0.38645800668746233,0
6110,141.68776837497717,0.5260840407572687,0
6111,141.69923504197504,0.5613750545307994,0
6112,141.71068150002975,0.5675419815815985,0
6113,141.72304362501018,,1
6114,141.83562770899152,0.3328750026412308,0
6115,141.84854166698642,0.3685830160975456,0
6116,141.8609704169794,0.3059169976040721,0
6117,141.87393770902418,0.2293749712407589,0
6118,141.88673833402572,0.3909579827450216,0
6119,141.89750825002557,0.4498339840210974,0
6120,141.91042412497336,0.33850001636892557,0
6121,141.9226268749917,0.30524999601766467,0
6122,141.93548774998635,0.24262501392513514,0
6123,141.94829033402493,0.2741659991443157,0
6124,141.96111700002803,0.22849999368190765,0
6125,141.97390066698426,0.23620802676305175,0
6126,141.9866906250245,0.3653749590739608,0
6127,141.99914887500927,0.25924999499693513,0
6128,142.00971212500008,0.3296670038253069,0
6129,142.02222062501824,0.30866696033626795,0
6130,142.03513587499037,0.38758403388783336,0
6131,142.0480882920092,0.2359169884584844,0
6132,142.0608600419946,0.21612498676404357,0
6133,142.07360745902406,0.24154095444828272,0
6134,142.08618154202122,0.35562500124797225,0
6135,142.09870204201434,0.5025420105084777,0
6136,142.1118081670138,0.36624999484047294,0
6137,142.12574929202674,0.42216695146635175,0
6138,142.13685762498062,0.5012089968658984,0
6139,142.14915612502955,0.4942919476889074,0
6140,142.1609758749837,0.4667920293286443,0
6141,142.17404354200698,0.47308299690485,0
6142,142.18710708402796,0.7630829932168126,0
6143,142.20043337502284,0.47258398262783885,0
6144,142.2115362919867,0.3409170312806964,0
6145,142.22321058402304,0.36879099206998944,0
6146,142.23613941698568,0.42345799738541245,0
6147,142.2470468750107,,1
6148,142.36089016700862,0.6648330017924309,0
6149,142.3741591250291,0.6156249437481165,0
6150,142.38736799999606,0.5944169824942946,0
6151,142.3991518749972,0.6155419978313148,0
6152,142.41192983399378,0.7013750146143138,0
6153,142.42523904202972,0.29016699409112334,0
6154,142.43724745902,0.5245409556664526,0
6155,142.44829766702605,0.4688749904744327,0
6156,142.4613662919728,0.4787500365637243,0
6157,142.47449487500126,0.3238340141251683,0
6158,142.48665037500905,0.24749996373429894,0
6159,142.498499083973,0.4332500393502414,0
6160,142.51063249999424,0.35370897967368364,0
6161,142.52219774998957,0.26225001784041524,0
6162,142.53405504202237,0.3120419569313526,0
6163,142.5469506669906,0.4385419888421893,0
6164,142.5581661670003,0.4226249875500798,0
6165,142.57117279199883,0.22179202642291784,0
6166,142.58194062497932,,1
6167,142.6934067090042,0.2644580090418458,0
6168,142.70396445901133,0.3364160074852407,0
6169,142.71685545897344,0.3549579996615648,0
6170,142.72762679198058,0.34495803993195295,0
6171,142.73889970901655,0.2550829667598009,0
6172,142.7517107920139,0.5415419582277536,0
6173,142.76483033399563,0.4498329944908619,0
6174,142.7778590840171,0.7614159840159118,0
6175,142.79097066697432,1.1747920070774853,0
6176,142.80423408397473,0.4896250320598483,0
6177,142.81728295900393,0.48829097067937255,0
6178,142.82806087500649,0.3545419895090163,0
6179,142.83990004198859,0.3974580322392285,0
6180,142.85116291698068,0.4959999932907522,0
6181,142.8625956249889,0.22129202261567116,0
6182,142.87513091700384,0.19529199926182628,0
6183,142.8878698340268,0.2485409495420754,0
6184,142.900659292005,0.3286669962108135,0
6185,142.9128987499862,0.32691704109311104,0
6186,142.92457141698105,0.3012079978361726,0
6187,142.93741470901296,0.2782079973258078,0
6188,142.95013354200637,0.31774997478350997,0
6189,142.96300916699693,0.46033301623538136,0
6190,142.9743904999923,0.44529198203235865,0
6191,142.98524337500567,,1
6192,143.09861133398954,0.521583016961813,0
6193,143.1110731670051,,1
6194,143.22367662499892,0.48525002785027027,0
6195,143.23637420899468,0.5806660046800971,0
6196,143.24940029199934,0.7034169975668192,0
6197,143.26127695897594,0.3766660229302943,0
6198,143.27320545900147,0.4529579891823232,0
6199,143.2839782090159,0.5056659574620426,0
6200,143.29502395901363,0.45237498125061393,0
6201,143.3069562499877,0.42462500277906656,0
6202,143.31894129200373,0.5856669740751386,0
6203,143.33094770897878,0.4974160110577941,0
6204,143.34282100002747,0.2591669908724725,0
6205,143.35564466699725,0.5605000187642872,0
6206,143.36877404199913,0.46616699546575546,0
6207,143.38141783402534,0.5300829652696848,0
6208,143.39271412498783,0.5577499978244305,0
6209,143.40584166697226,0.3345830482430756,0
6210,143.4191484170151,0.395249982830137,0
6211,143.4321008750121,,1
6212,143.54421095899306,0.45554101234301925,0
6213,143.5560328750289,0.4605419817380607,0
6214,143.56802166701527,0.39941701106727123,0
6215,143.58100616699085,,1
6216,143.69489708397305,,1
6217,143.80576424999163,0.5498750251717865,0
6218,143.81730841699755,,1
6219,143.93023504200391,,1
6220,144.05021395900985,5.516165983863175,0
6221,144.06772300001467,0.8071669726632535,0
6222,144.08082087500952,0.8367919945158064,0
6223,144.0942375420127,0.33783301478251815,0
6224,144.10512962500798,0.22329197963699698,0
6225,144.11790145898703,0.2145000034943223,0
6226,144.12873316701734,0.23970799520611763,0
6227,144.14129454200156,0.35429198760539293,0
6228,144.15661937498953,0.6102920160628855,0
6229,144.16980220901314,0.24279096396639943,0
6230,144.18199100001948,0.225083960685879,0
6231,144.19455125002423,0.25445898063480854,0
6232,144.2073538749828,0.23670902010053396,0
6233,144.22012837498914,,1
6234,144.33249237498967,,1
6235,144.4463647090015,0.7163750124163926,0
6236,144.45863708399702,0.31116598984226584,0
6237,144.47151291702176,0.20837498595938087,0
6238,144.48429699998815,,1
6239,144.5969367090147,0.5590830114670098,0
6240,144.60850204201415,0.3629580023698509,0
6241,144.62143170897616,0.37633301690220833,0
6242,144.63337837497238,0.5172500386834145,0
6243,144.64650679199258,0.30104198958724737,0
6244,144.65894508402562,,1
6245,144.77167191699846,0.4229170153848827,0
6246,144.78468258399516,0.34208298893645406,0
6247,144.79668187501375,0.4628750029951334,0
6248,144.80784141697222,2.039042010437697,0
6249,144.82091908401344,0.3951659891754389,0
6250,144.83277862501564,0.5517919780686498,0
6251,144.8459434999968,0.47504197573289275,0
6252,144.858933334006,0.37779100239276886,0
6253,144.86997674999293,0.29008398996666074,0
6254,144.88247154199053,0.29262498719617724,0
6255,144.89532004197827,0.3714580088853836,0
6256,144.90943491697544,0.47791702672839165,0
6257,144.92251941701397,0.5322920042090118,0
6258,144.93565316702006,0.42566697811707854,0
6259,144.94870399998035,0.4852089914493263,0
6260,144.96098354202695,0.3772499621845782,0
6261,144.97394779202295,0.5352079751901329,0
6262,144.98710020899307,0.7983749965205789,0
6263,145.0003673749743,0.2898340462706983,0
6264,145.0132355419919,0.5115829990245402,0
6265,145.0241122089792,0.37829100620001554,0
6266,145.03597662498942,0.48504199367016554,0
6267,145.04784775001463,,1
6268,145.1609842919861,0.5673750420100987,0
6269,145.17414020898286,1.9266660092398524,0
6270,145.18866537499707,0.5079170223325491,0
6271,145.20176104200073,0.5523749860003591,0
6272,145.21491400001105,,1
6273,145.32801304198802,0.510666985064745,0
6274,145.34113191702636,0.5413329927250743,0
6275,145.35267674998613,0.3458340070210397,0
6276,145.36559029202908,0.44420798076316714,0
6277,145.37799241702305,0.3611669526435435,0
6278,145.39075633400353,0.4178329836577177,0
6279,145.4037403339753,0.3828330081887543,0
6280,145.4167029170203,0.4034579615108669,0
6281,145.42975549999392,0.5272499984130263,0
6282,145.44288354198216,0.46662503154948354,0
6283,145.45544270897517,0.4200830007903278,0
6284,145.46844000002602,0.43287494918331504,0
6285,145.47917137498735,0.2683750353753567,0
6286,145.4910486669978,0.4458330222405493,0
6287,145.50408920901828,0.4390829708427191,0
6288,145.51481954200426,0.5377079942263663,0
6289,145.52796729200054,0.4908749833703041,0
6290,145.54104525002185,0.4014589940197766,0
6291,145.55407179199392,0.6524579948745668,0
6292,145.56581574998563,,1
6293,145.67961895902408,0.3760829567909241,0
6294,145.69042375002755,0.2549169585108757,0
6295,145.70231079199584,0.35191699862480164,0
6296,145.71418816701043,0.29324996285140514,0
6297,145.7246366670006,0.29212498338893056,0
6298,145.73749466700247,0.3885829937644303,0
6299,145.75046083400957,,1
6300,145.86232999997446,0.47316704876720905,0
6301,145.87429904198507,1.8692080047912896,0
6302,145.88875691697467,0.4265830502845347,0
6303,145.90177724999376,0.49937498988583684,0
6304,145.91488204197958,0.43637503404170275,0
6305,145.92790737497853,0.36070903297513723,0
6306,145.93990983400727,,1
6307,146.0530332089984,,1
6308,146.16692470898852,0.636707991361618,0
6309,146.17980658402666,0.6317499792203307,0
6310,146.19136275001802,0.3667499986477196,0
6311,146.2042901670211,0.47812500270083547,0
6312,146.21493775001727,0.5323750083334744,0
6313,146.22806350002065,0.5362919764593244,0
6314,146.23943395901006,0.3429159987717867,0
6315,146.25119670899585,0.46104099601507187,0
6316,146.26310291700065,0.40095800068229437,0
6317,146.27457750000758,0.2904590219259262,0
6318,146.28742595901713,0.41395798325538635,0
6319,146.30042366700945,0.44245796743780375,0
6320,146.31342779198894,0.36695803282782435,0
6321,146.32390224997653,0.294625002425164,0
6322,146.33673812501365,0.2382500097155571,0
6323,146.34950137499254,0.24199998006224632,0
6324,146.36227870901348,0.19008299568668008,0
6325,146.37499183398904,,1
6326,146.48693545901915,0.6354579818435013,0
6327,146.4995121670072,0.5782080115750432,0
6328,146.51145766698755,0.37166703259572387,0
6329,146.52416691702092,0.5347919650375843,0
6330,146.53731458401307,0.49316597869619727,0
6331,146.55039729201235,,1
6332,146.663383334002,0.4962499951943755,0
6333,146.67399433400715,0.3012499655596912,0
6334,146.68688283400843,0.5492079653777182,0
6335,146.69774516701,,1
6336,146.8103756249766,0.5400000372901559,0
6337,146.82351000001654,0.5548339686356485,0
6338,146.83651591697708,,1
6339,146.95039875002112,0.5642499891109765,0
6340,146.9632961670286,0.40924997301772237,0
6341,146.97478004201548,0.4533749888651073,0
6342,146.98656062502414,0.36574999103322625,0
6343,146.997072750004,2.1162090124562383,0
6344,147.01036954199662,0.5136249819770455,0
6345,147.02347091701813,,1
6346,147.13726054201834,0.5393750034272671,0
6347,147.14960762497503,,1
6348,147.2628351249732,0.6685420521534979,0
6349,147.27615620900178,0.5174580146558583,0
6350,147.28923308401136,0.513250008225441,0
6351,147.30019483400974,0.6725830025970936,0
6352,147.31346029200358,0.40266697760671377,0
6353,147.32504204200814,,1
6354,147.43867816700367,0.5717920139431953,0
6355,147.4518320420175,0.4812499973922968,0
6356,147.4625277920277,0.34258299274370074,0
6357,147.47453324997332,1.7720420146360993,0
6358,147.48767333402066,0.40670798625797033,0
6359,147.50065775000257,0.3844589809887111,0
6360,147.5136116250069,,1
6361,147.62747254199348,0.6289170123636723,0
6362,147.64070029201685,0.4689579945988953,0
6363,147.65375837497413,,1
6364,147.76692295901012,0.5660409806296229,0
6365,147.77767854201375,0.2788329729810357,0
6366,147.7905268340255,0.4862079513259232,0
6367,147.80364070902579,0.5911659682169557,0
6368,147.81542300002184,0.4914169549010694,0
6369,147.82831875002012,0.34562498331069946,0
6370,147.84124283399433,0.4315410042181611,0
6371,147.8543005840038,0.38066599518060684,0
6372,147.8658933750121,0.498417008202523,0
6373,147.87778475001687,0.31383399618789554,0
6374,147.89070425002137,0.6352919735945761,0
6375,147.90395408397308,0.3406660398468375,0
6376,147.9168814169825,0.5652920226566494,0
6377,147.92904670897406,0.39195804856717587,0
6378,147.94105533399852,0.3813750226981938,0
6379,147.95257949997904,0.3113750135526061,0
6380,147.96548141702078,0.509207951836288,0
6381,147.97874470899114,,1
6382,148.09134233399527,,1
6383,148.20471666700905,0.380458019208163,0
6384,148.2172609170084,0.430750020314008,0
6385,148.230191583978,0.30633300775662065,0
6386,148.24082504201215,0.30029198387637734,0
6387,148.25162125000497,,1
6388,148.36551858397434,0.4760410520248115,0
6389,148.37831170897698,0.3001660224981606,0
6390,148.39082720899023,0.42637501610442996,0
6391,148.40383625001414,0.3688749857246876,0
6392,148.41680595901562,0.5062500131316483,0
6393,148.43032720900374,0.4421250196173787,0
6394,148.44446562498342,0.4603750421665609,0
6395,148.45617579197278,0.38837501779198647,0
6396,148.4691456669825,0.2639580052345991,0
6397,148.48196025000652,0.30616699950769544,0
6398,148.49413770902902,0.2716659801080823,0
6399,148.5051706249942,0.1930419821292162,0
6400,148.5157976669725,0.20629202481359243,0
6401,148.52854633401148,0.2507499884814024,0
6402,148.54116591700586,1.5346669824793935,0
6403,148.5537974999752,0.27583399787545204,0
6404,148.56582804198842,0.4242919967509806,0
6405,148.57884329202352,0.3553749993443489,0
6406,148.59146899997722,0.3664590185508132,0
6407,148.60443225002382,0.2987919724546373,0
6408,148.61731412500376,0.530291988980025,0
6409,148.63043287501205,0.33412501215934753,0
6410,148.64130112499697,0.27304200921207666,0
6411,148.65417658397928,,1
6412,148.76587020902662,0.5417079664766788,0
6413,148.77902558399364,0.5014580092392862,0
6414,148.79211375000887,0.2762089716270566,0
6415,148.80364737502532,0.5914589855819941,0
6416,148.81584770901827,0.5390410078689456,0
6417,148.82764600001974,,1
6418,148.94143787497887,0.5003749975003302,0
6419,148.9531179590267,0.5786249530501664,0
6420,148.96599024999887,,1
6421,149.078309250006,0.4615000216290355,0
6422,149.09207466698717,0.4770000232383609,0
6423,149.10399116697954,0.4160830285400152,0
6424,149.1169683749904,0.4603340057656169,0
6425,149.13022950000595,,1
6426,149.24281316698762,0.43637503404170275,0
6427,149.25585087499348,0.5534589872695506,0
6428,149.26900174998445,0.4989170120097697,0
6429,149.2822910840041,0.5043330020271242,0
6430,149.29537345899735,0.5259999888949096,0
6431,149.30774379201466,1.3543330132961273,0
6432,149.3209951670142,0.6435000104829669,0
6433,149.33249424997484,0.42070902418345213,0
6434,149.34430504200282,0.3303749836049974,0
6435,149.3572513340041,0.44058298226445913,0
6436,149.37026362499455,0.4539170186035335,0
6437,149.38330033398233,0.41270803194493055,0
6438,149.39601650001714,,1
6439,149.50797308399342,0.6720410310663283,0
6440,149.52034704200923,0.49408298218622804,0
6441,149.53345187497325,0.7908750558272004,0
6442,149.54684608400567,0.34554098965600133,0
6443,149.5574981669779,0.594375014770776,0
6444,149.57068816700485,0.3486669738776982,0
6445,149.5825119590154,0.458249996881932,0
6446,149.59431800001767,0.3248749999329448,0
6447,149.6070875839796,,1
6448,149.7194208750152,0.5136249819770455,0
6449,149.73128429200733,0.5277919699437916,0
6450,149.74440920900088,0.2634159754961729,0
6451,149.7572414589813,,1
6452,149.86977316701086,0.6203330121934414,0
6453,149.88298479199875,0.539666973054409,0
6454,149.89611204201356,0.6302919937297702,0
6455,149.90701766702114,0.47633296344429255,0
6456,149.91889949998586,0.5420839879661798,0
6457,149.93075670901453,0.26062497636303306,0
6458,149.94131366699003,0.32662501325830817,0
6459,149.95419462502468,,1
6460,150.06683008401887,0.6556659936904907,0
6461,150.07764420902822,0.4891249700449407,0
6462,150.09071504202439,,1
6463,150.20391108398326,0.3095000283792615,0
6464,150.2163842919981,0.5439579836092889,0
6465,150.22954041702906,0.5109999910928309,0
6466,150.24131554202177,0.44762500328943133,0
6467,150.25438595900778,0.26424997486174107,0
6468,150.26583450002363,0.48970896750688553,0
6469,150.27769449999323,,1
6470,150.39013154199347,0.46733301132917404,0
6471,150.40319820900913,0.3072909894399345,0
6472,150.41608037502738,0.42999995639547706,0
6473,150.42757462500595,0.4774589906446636,0
6474,150.4406514170114,0.45787496492266655,0
6475,150.45374058402376,0.4945409600622952,0
6476,150.4668164169998,0.2862500259652734,0
6477,150.4796650420176,0.31941698398441076,0
6478,150.4903707500198,0.22474996512755752,0
6479,150.50320849998388,0.5602920427918434,0
6480,150.51609470898984,0.4190410254523158,0
6481,150.52911508397665,0.45804103137925267,0
6482,150.54201479197945,0.3587920218706131,0
6483,150.55494662502315,0.37166697438806295,0
6484,150.5679092920036,0.4764170153066516,0
6485,150.5795748339733,0.7436660234816372,0
6486,150.59124404197792,0.3963750205002725,0
6487,150.6040046249982,0.34679198870435357,0
6488,150.61581849999493,0.4462500219233334,0
6489,150.62670958397212,0.47920801443979144,0
6490,150.63874266698258,0.46666699927300215,0
6491,150.64959599997383,0.4507920239120722,0
6492,150.66150924999965,0.3057920257560909,0
6493,150.6743739999947,0.2638750011101365,0
6494,150.6872080420144,,1
6495,150.7997125419788,0.3634170279838145,0
6496,150.81097137497272,0.26062503457069397,0
6497,150.82150391698815,0.28541701612994075,0
6498,150.83326733397553,0.3964159986935556,0
6499,150.8462414169917,0.3053750260733068,0
6500,150.85912816697964,0.534582999534905,0
6501,150.8722577500157,0.376791984308511,0
6502,150.88459833402885,0.39374997140839696,0
6503,150.89757962501608,0.3242919920012355,0
6504,150.91047645901563,0.3517500008456409,0
6505,150.92235945898574,0.37354102823883295,0
6506,150.93373358401004,0.44491601875051856,0
6507,150.94603104202542,0.33120799344033003,0
6508,150.95741566701327,0.4226249875500798,0
6509,150.9687767919968,,1
6510,151.08297012501862,0.7251249626278877,0
6511,151.09431358397705,,1
6512,151.20825983397663,0.3766250447370112,0
6513,151.2199202919728,0.6537920562550426,0
6514,151.23316633398645,0.4064160166308284,0
6515,151.24520850001136,0.36399997770786285,0
6516,151.25797179201618,,1
6517,151.3716608340037,0.35208300687372684,0
6518,151.38461225002538,0.49583398504182696,0
6519,151.39769204199547,0.43995800660923123,0
6520,151.41072220902424,0.46933296835049987,0
6521,151.4213859590236,,1
6522,151.53445412497967,0.4811250255443156,0
6523,151.54521283402573,0.46687497524544597,0
6524,151.55790366698056,0.3085000207647681,0
6525,151.57077791698975,0.3826669999398291,0
6526,151.5834859170136,0.4718329873867333,0
6527,151.59454691701103,0.4392499686218798,0
6528,151.60602770902915,0.3085829666815698,0
6529,151.61788987502223,0.36449998151510954,0
6530,151.62998450000305,0.9134999709203839,0
6531,151.64212733402383,0.423832971137017,0
6532,151.65513625001768,0.3523339983075857,0
6533,151.66808733402286,0.48654095735400915,0
6534,151.681182291999,0.4870420088991523,0
6535,151.69426125002792,0.4353339900262654,0
6536,151.70486499997787,0.21525000920519233,0
6537,151.71760908397846,0.4587500006891787,0
6538,151.73066379199736,0.4344580229371786,0
6539,151.74277166702086,0.41162496199831367,0
6540,151.7557730000117,0.3042920143343508,0
6541,151.76618687500013,0.4908749833703041,0
6542,151.7778387920116,,1
6543,151.89099537499715,0.5237919976934791,0
6544,151.90183137502754,0.46858395216986537,0
6545,151.91508875001455,,1
6546,152.0273074589786,0.4657910321839154,0
6547,152.0403643749887,0.49983401549980044,0
6548,152.05346512497636,0.5450000171549618,0
6549,152.06581579201156,0.5119169945828617,0
6550,152.07885012502084,0.25454198475927114,0
6551,152.092826624983,0.39054203080013394,0
6552,152.10451020899927,0.5251659895293415,0
6553,152.11768700001994,,1
6554,152.23029199999291,0.5612089880742133,0
6555,152.24288191698724,0.33362500835210085,0
6556,152.2557676670258,,1
6557,152.36776941700373,0.6014169775880873,0
6558,152.37966074998258,,1
6559,152.49173416697886,0.5217500147409737,0
6560,152.50361058401177,0.2616659621708095,0
6561,152.51643183402484,0.20020798547193408,0
6562,152.5277778750169,0.33491698559373617,0
6563,152.54066125000827,0.17162499716505408,0
6564,152.55219616700197,0.3839579876512289,0
6565,152.56274354201742,0.49524998757988214,0
6566,152.5733633339987,0.4189580213278532,0
6567,152.586375917017,0.4955419572070241,0
6568,152.5977486249758,0.5186250200495124,0
6569,152.6095972500043,0.5404999828897417,0
6570,152.62273254198954,0.3839170094579458,0
6571,152.63574837497436,0.9314170456491411,0
6572,152.6492343749851,0.37225004052743316,0
6573,152.66163595899707,0.3962499904446304,0
6574,152.67460041702725,0.33308297861367464,0
6575,152.6874965840252,0.3274999908171594,0
6576,152.69916045898572,0.3840409917756915,0
6577,152.71213491697563,1.3178330264054239,0
6578,152.72669241699623,1.4400830259546638,0
6579,152.740061916993,0.33362500835210085,0
6580,152.75061345897848,0.28008304070681334,0
6581,152.76199700002326,,1
6582,152.87788404198363,0.7391670369543135,0
6583,152.89083937497344,2.451959007885307,0
6584,152.9058831250295,0.4790419479832053,0
6585,152.91727066697786,0.5279169999994338,0
6586,152.93041158397682,0.6161660421639681,0
6587,152.94272437499603,0.5036250222474337,0
6588,152.9558856249787,0.890374998562038,0
6589,152.96837374998722,0.7125420379452407,0
6590,152.9814762499882,0.402167032007128,0
6591,152.99268312501954,0.5968749755993485,0
6592,153.00409637502162,0.4841249901801348,0
6593,153.01640908402624,0.27299998328089714,0
6594,153.02770083397627,0.48654101556167006,0
6595,153.03956037497846,0.490125035867095,0
6596,153.05263741698582,0.40200003422796726,0
6597,153.06531808397267,0.5732499994337559,0
6598,153.0784763339907,0.49637502525001764,0
6599,153.08974600001238,0.4174589994363487,0
6600,153.10210604197346,0.48437505029141903,0
6601,153.11516745900735,0.45774999307468534,0
6602,153.1282322090119,0.49883296014741063,0
6603,153.1397013340029,0.3381249844096601,0
6604,153.15262458397774,0.5079160328023136,0
6605,153.16340445901733,0.5497909733094275,0
6606,153.17655012500472,0.40066702058538795,0
6607,153.1887096670107,0.9261670056730509,0
6608,153.20223850000184,0.5465840222314,0
6609,153.21539700002177,0.5145839531905949,0
6610,153.22850020899205,0.3882080200128257,0
6611,153.24130074999994,1.3315840042196214,0
6612,153.25522779201856,0.44304196489974856,0
6613,153.267679416982,0.44587498996406794,0
6614,153.278310084017,0.42591599049046636,0
6615,153.29131025000243,0.4127920255996287,0
6616,153.30299904197454,0.3832500078715384,0
6617,153.31593362498097,0.37275004433467984,0
6618,153.32888479199028,0.6413329974748194,0
6619,153.34131158399396,,1
6620,153.45510525000282,,1
6621,153.56896654202137,0.5981249851174653,0
6622,153.5804271249799,0.31204201513901353,0
6623,153.59229279198917,0.30758301727473736,0
6624,153.60520841699326,,1
6625,153.71903695899528,0.5231660325080156,0
6626,153.73213491699426,,1
6627,153.84592345898272,0.4758330178447068,0
6628,153.86069283401594,0.5010829772800207,0
6629,153.87378312501824,0.49466697964817286,0
6630,153.8869177090237,0.5484579596668482,0
6631,153.9000587919727,0.5894170026294887,0
6632,153.91102883400163,0.45804097317159176,0
6633,153.92369083402446,0.38887496339157224,0
6634,153.93508924997877,0.4402500344440341,0
6635,153.9481473750202,0.5084589938633144,0
6636,153.96124108397635,0.27537503046914935,0
6637,153.97407916700467,,1
6638,154.08728441700805,0.5767080001533031,0
6639,154.0983331670286,0.8183749741874635,0
6640,154.11175575002562,0.330416951328516,0
6641,154.1226417500293,0.76766696292907,0
6642,154.13599333399907,0.3030410152859986,0
6643,154.1488923750003,0.3761249827221036,0
6644,154.15961241698824,0.2632500254549086,0
6645,154.17243570898427,0.3428329946473241,0
6646,154.1853552919929,0.41787500958889723,0
6647,154.19623358402168,0.3374579828232527,0
6648,154.20999629201833,0.5567499902099371,0
6649,154.22115724999458,0.47924998216331005,0
6650,154.23424741701456,0.4277499974705279,0
6651,154.24581762502203,0.23037497885525227,0
6652,154.2596874589799,0.28204103000462055,0
6653,154.27103604201693,0.5234999698586762,0
6654,154.28416666702833,0.47637498937547207,0
6655,154.29686641698936,0.4345829947851598,0
6656,154.31099291698774,0.4146670107729733,0
6657,154.32261929201195,6.050791998859495,0
6658,154.34084187500412,0.5309999687597156,0
6659,154.3540040840162,0.480332993902266,0
6660,154.36710491700796,0.46912499237805605,0
6661,154.38017195899738,0.45012502232566476,0
6662,154.39323333400534,0.30637497548013926,0
6663,154.40483629202936,0.5402499809861183,0
6664,154.41657462500734,0.47379196621477604,0
6665,154.42765149998013,0.30858401441946626,0
6666,154.44413545902353,0.6618750048801303,0
6667,154.4553796669934,,1
6668,154.5683825419983,0.2864170237444341,0
6669,154.5798082500114,0.3325839643366635,0
6670,154.59054829197703,0.2643330371938646,0
6671,154.60285087500233,0.24783401750028133,0
6672,154.6164232500014,0.8567500044591725,0
6673,154.62990758399246,0.24812499759718776,0
6674,154.6405424589757,0.32408302649855614,0
6675,154.6519398340024,0.3558750031515956,0
6676,154.66315804200713,0.3893329994753003,0
6677,154.67612141702557,,1
6678,154.78836449998198,0.6020840373821557,0
6679,154.80018279200885,1.0038749896921217,0
6680,154.81453004200011,0.6186250247992575,0
6681,154.82776854198892,0.2970420173369348,0
6682,154.84064341697376,0.45654200948774815,0
6683,154.85369224997703,0.2665840438567102,0
6684,154.8665429999819,0.47308404464274645,0
6685,154.87910241697682,0.4968330031260848,0
6686,154.89134537498467,0.823084032163024,0
6687,154.90355162502965,0.22974994499236345,0
6688,154.9163462499855,0.37704198621213436,0
6689,154.92931129201315,0.5391250015236437,0
6690,154.94252924999455,,1
6691,155.05635562498355,,1
6692,155.17007308400935,0.5118749686516821,0
6693,155.18249533401104,,1
6694,155.29531033401145,0.5409159930422902,0
6695,155.30797491699923,1.319332979619503,0
6696,155.32186208397616,0.43820805149152875,0
6697,155.33486150001409,,1
6698,155.44872958399355,,1
6699,155.56174654199276,0.4285000031813979,0
6700,155.57669216702925,0.7525829714722931,0
6701,155.5879200840136,0.5106249591335654,0
6702,155.60106745897792,0.5490410258062184,0
6703,155.6142072500079,0.5976670072413981,0
6704,155.6274022500147,0.4968749708496034,0
6705,155.64048504200764,0.5299579934217036,0
6706,155.6537524589803,0.5612079985439777,0
6707,155.6669225419755,0.4645830485969782,0
6708,155.6799907499808,0.4691670183092356,0
6709,155.6906510000117,0.45074999798089266,0
6710,155.70298612501938,0.530291988980025,0
6711,155.71614862501156,0.5382499657571316,0
6712,155.72928404202685,0.46933296835049987,0
6713,155.74156795901945,0.4944999818690121,0
6714,155.75430020899512,,1
6715,155.86590870900545,0.34029100788757205,0
6716,155.87763862498105,,1
6717,155.99124441697495,0.5868750158697367,0
6718,156.0044399999897,0.40304200956597924,0
6719,156.015806875017,0.5152919911779463,0
6720,156.028392334003,0.24295801995322108,0
6721,156.04082487500273,0.19874999998137355,0
6722,156.05358595901635,0.18766598077490926,0
6723,156.06550775002688,0.2880419488064945,0
6724,156.07836500002304,0.20329200197011232,0
6725,156.0911279169959,0.17783301882445812,0
6726,156.10384966700803,0.21541700698435307,0
6727,156.1166220420273,0.1974579645320773,0
6728,156.12935854197713,0.20037504145875573,0
6729,156.14209420897532,0.12670800788328052,0
6730,156.1547766670119,,1
6731,156.26694916700944,,1
6732,156.37898224999662,0.4111250163987279,0
6733,156.39378824998857,,1
6734,156.50569137500133,0.324334017932415,0
6735,156.51859195902944,0.2940829726867378,0
6736,156.5299053749768,0.2630420494824648,0
6737,156.5430344589986,0.7389159873127937,0
6738,156.55580991698662,0.674000009894371,0
6739,156.57787108398043,,1
6740,156.6912342919968,0.6034169928170741,0
6741,156.7044227499864,,1
6742,156.81721695902525,0.6641249638050795,0
6743,156.82895229198039,,1
6744,156.94181987497723,0.4033750155940652,0
6745,156.95360712497495,0.1699170097708702,0
6746,156.9657965839724,0.14237500727176666,0
6747,156.97848862502724,0.23979198886081576,0
6748,156.9899697920191,0.3031669766642153,0
6749,157.00284012500197,0.27795898495242,0
6750,157.0139414999867,,1
6751,157.12775708397385,,1
6752,157.24157800001558,0.5335420137271285,0
6753,157.25238008401357,0.3080409951508045,0
6754,157.26525595900603,0.3381249844096601,0
6755,157.2781763750245,0.3048339858651161,0
6756,157.288940583996,0.3292909823358059,0
6757,157.30197537498316,0.4253750084899366,0
6758,157.3132598749944,0.41966699063777924,0
6759,157.3240588749759,0.5202500033192337,0
6760,157.33565129199997,0.508250028360635,0
6761,157.34874054201646,0.4765419871546328,0
6762,157.36180279200198,0.47729199286550283,0
6763,157.37486562499544,,1
6764,157.48694083397277,0.2163330209441483,0
6765,157.49916241702158,0.4000829649157822,0
6766,157.5121482089744,0.3694580518640578,0
6767,157.52280845900532,0.3495410201139748,0
6768,157.53573183401022,0.3090829704888165,0
6769,157.5486087499885,0.32333401031792164,0
6770,157.55969349999214,0.34725002478808165,0
6771,157.57261479197768,0.32291701063513756,0
6772,157.58550445898436,0.3267500433139503,0
6773,157.59839095902862,0.2610829542391002,0
6774,157.60894754197216,0.23208302445709705,0
6775,157.6217208339949,0.35445799585431814,0
6776,157.6346357500297,0.3827499458566308,0
6777,157.6474064590293,,1
6778,157.76157804200193,0.4802499897778034,0
6779,157.77447816700442,,1
6780,157.8871717089787,0.5477910162881017,0
6781,157.89786541700596,0.48275000881403685,0
6782,157.91041970899096,0.31708303140476346,0
6783,157.92330345901428,0.3453330136835575,0
6784,157.93623908399604,0.584915978834033,0
6785,157.94831795897335,0.5119580309838057,0
6786,157.95943979197182,0.5785830435343087,0
6787,157.97210875002202,0.25824998738244176,0
6788,157.983688584005,0.41983299888670444,0
6789,157.99431070900755,0.4340409650467336,0
6790,158.007332417008,0.3563750069588423,0
6791,158.02029195899377,0.37233298644423485,0
6792,158.0316865000059,,1
6793,158.14445162500488,0.5830419831909239,0
6794,158.1576243750169,0.4182920092716813,0
6795,158.16919599997345,,1
6796,158.28123241697904,0.6879169959574938,0
6797,158.29455566697288,0.31045801006257534,0
6798,158.3074367499794,,1
6799,158.42071962502087,0.5534999654628336,0
6800,158.43238579202443,0.6337079685181379,0
6801,158.4453538749949,0.5008340231142938,0
6802,158.45804200001294,0.4288339987397194,0
6803,158.47106037498452,0.42462500277906656,0
6804,158.48597899999004,0.4762090393342078,0
6805,158.4976737499819,0.4959170473739505,0
6806,158.509424125019,0.3144170041196048,0
6807,158.52231812500395,0.3227500128559768,0
6808,158.5352017499972,0.2881669788621366,0
6809,158.5470546670258,0.2258329768665135,0
6810,158.55741295899497,0.157458009198308,0
6811,158.5676256250008,0.20650000078603625,0
6812,158.58038645901252,0.27258298359811306,0
6813,158.59235824999632,0.5931250052526593,0
6814,158.60368783399463,,1
6815,158.71580520900898,0.3156659658998251,0
6816,158.7286894589779,0.26945804711431265,0
6817,158.74130774999503,,1
6818,158.85482562502148,0.36341696977615356,0
6819,158.86528462497517,0.25104201631620526,0
6820,158.87652533402434,0.3969579702243209,0
6821,158.8870229590102,,1
6822,158.99914583400823,0.5690829711966217,0
6823,159.0122860840056,0.20299997413530946,0
6824,159.02502337499755,0.14962500426918268,0
6825,159.03772187500726,,1
6826,159.1511625419953,0.48454198986291885,0
6827,159.1641712919809,,1
6828,159.27802408399293,0.4932500305585563,0
6829,159.28978566697333,0.33829204039648175,0
6830,159.30270379199646,0.3682919777929783,0
6831,159.3156376670231,0.297166989184916,0
6832,159.32790941698477,0.2555419923737645,0
6833,159.34072362497682,0.23875001352280378,0
6834,159.35351462499239,,1
6835,159.4658706249902,0.5580839933827519,0
6836,159.47884229198098,0.39475003723055124,0
6837,159.49130724999122,0.40845898911356926,0
6838,159.50430400000187,0.3706670249812305,0
6839,159.51582091697492,0.7591250468976796,0
6840,159.5279550839914,0.9152499842457473,0
6841,159.5410233340226,1.4215830015018582,0
6842,159.55500995897455,0.39195804856717587,0
6843,159.56782691698754,0.5883750272914767,0
6844,159.57986062497366,0.5650000530295074,0
6845,159.59171474998584,0.4438750329427421,0
6846,159.6047083340236,0.41570799658074975,0
6847,159.61523812502855,0.3969589597545564,0
6848,159.62821883399738,0.3517500008456409,0
6849,159.64119870902505,1.0318330023437738,0
6850,159.6548531249864,0.6398340337909758,0
6851,159.66780320898397,0.34495803993195295,0
6852,159.68072416697396,0.29191700741648674,0
6853,159.69293050002307,0.25345897302031517,0
6854,159.70423887501238,0.2257499727420509,0
6855,159.71702649997314,0.34179200883954763,0
6856,159.72999850002816,0.2544999588280916,0
6857,159.7420805420261,0.1889169798232615,0
6858,159.75482554198243,0.23620802676305175,0
6859,159.76651295897318,0.9193330188281834,0
6860,159.7800492090173,,1
6861,159.89393208402907,0.5468329763971269,0
6862,159.9070552919875,,1
6863,160.02054741699249,0.3409580094739795,0
6864,160.03347208397463,0.33308303682133555,0
6865,160.04612441698555,0.2658329904079437,0
6866,160.05776283401065,0.24399999529123306,0
6867,160.0705673340126,0.22724998416379094,0
6868,160.0833470840007,0.2740829950198531,0
6869,160.09618987498106,0.5711670382879674,0
6870,160.10758091701427,0.32483297400176525,0
6871,160.1205193339847,0.5012080073356628,0
6872,160.13362641702406,0.21487497724592686,0
6873,160.1439863750129,0.35795901203528047,0
6874,160.15698029199848,0.4277499974705279,0
6875,160.16849145898595,0.4985000123269856,0
6876,160.18032804201357,,1
6877,160.294129292015,0.46849995851516724,0
6878,160.30719283397775,0.3410410135984421,0
6879,160.31833912502043,0.4918339545838535,0
6880,160.33144037501188,0.42620900785550475,0
6881,160.34432904201094,0.4094999749213457,0
6882,160.35586412501289,0.16608397709205747,0
6883,160.36772308399668,0.45195798156782985,0
6884,160.38077483401867,0.44495798647403717,0
6885,160.39153512497433,0.24141703033819795,0
6886,160.40327220899053,0.44700002763420343,0
6887,160.41511387500213,0.4003749927505851,0
6888,160.4281570839812,0.4528750432655215,0
6889,160.44120204198407,0.310208008158952,0
6890,160.4541019590106,0.44174998765811324,0
6891,160.46609995898325,0.3790000337176025,0
6892,160.47907850000774,0.5239999736659229,0
6893,160.49130733398488,0.3260830417275429,0
6894,160.50422479200643,0.48587500350549817,0
6895,160.51732066698605,0.34245802089571953,0
6896,160.53026079200208,0.42449997272342443,0
6897,160.5408279169933,0.35262497840449214,0
6898,160.5528625419829,0.7322080200538039,0
6899,160.56379470898537,0.3620409988798201,0
6900,160.57431729201926,0.3102499758824706,0
6901,160.58606716699433,0.3548749955371022,0
6902,160.59900874999585,0.39012503111734986,0
6903,160.61077658401337,0.47912501031532884,0
6904,160.62362112500705,0.3040839801542461,0
6905,160.6365225840127,0.4665000014938414,0
6906,160.64960670901928,0.4149579908698797,0
6907,160.6611042500008,0.35545899299904704,0
6908,160.67407483397983,0.2465830184519291,0
6909,160.68479920900427,0.5104580195620656,0
6910,160.6966590419761,0.5001670215278864,0
6911,160.70732275000773,0.3202920197509229,0
6912,160.71839308401104,0.4337080172263086,0
6913,160.7302404170041,0.4427499952726066,0
6914,160.74196179199498,0.4368330119177699,0
6915,160.75500316702528,0.46504195779561996,0
6916,160.767240458983,0.21416600793600082,0
6917,160.7791338749812,0.2778340131044388,0
6918,160.79199641698506,0.29208301566541195,0
6919,160.8029999170103,0.23662496823817492,0
6920,160.81578208401334,0.2513329964131117,0
6921,160.82764962501824,0.26716699358075857,0
6922,160.84046095900703,0.23829098790884018,0
6923,160.85228308400838,0.2811250160448253,0
6924,160.86512329202378,0.32249995274469256,0
6925,160.87765141698765,0.2857500221580267,0
6926,160.8901176250074,0.2828749711625278,0
6927,160.9018812919967,0.376041978597641,0
6928,160.91486645897385,0.45266601955518126,0
6929,160.9262470420217,,1
6930,161.0400467920117,,1
6931,161.15388400002848,0.6637919577769935,0
6932,161.16648391698254,0.5932920030318201,0
6933,161.17765641701408,,1
6934,161.29259279201506,0.7076250039972365,0
6935,161.30397745902883,0.7624579593539238,0
6936,161.3158269589767,,1
6937,161.42967458401108,0.7250829949043691,0
6938,161.44298749999143,0.4390000249259174,0
6939,161.4542241669842,0.12670800788328052,0
6940,161.46608841698617,0.3980000037699938,0
6941,161.4783216670039,0.5407920107245445,0
6942,161.4913763750228,0.5721249617636204,0
6943,161.50310358399292,0.3524160129018128,0
6944,161.51583733398002,0.47387502854689956,0
6945,161.52860241697636,0.4021250060759485,0
6946,161.54160387499724,0.36150001687929034,0
6947,161.55452529201284,0.2699579927138984,0
6948,161.56605920899892,,1
6949,161.67821070901118,0.494415988214314,0
6950,161.6905576250283,0.2940839622169733,0
6951,161.70343300001696,0.4921249928884208,0
6952,161.71582762501203,0.3946669748984277,0
6953,161.72764699999243,0.43633399764075875,0
6954,161.73872720898362,0.23212499218061566,0
6955,161.74922091700137,0.3792080096900463,0
6956,161.76218125002924,0.3904999466612935,0
6957,161.774433167011,0.33195799915120006,0
6958,161.7865282089915,0.48233300913125277,0
6959,161.79960420902353,0.35674998071044683,0
6960,161.81135683401953,0.5062909913249314,0
6961,161.82234462501947,0.28912496054545045,0
6962,161.83520729199518,0.33970799995586276,0
6963,161.84657158399932,0.4706659819930792,0
6964,161.85759000002872,0.3221669467166066,0
6965,161.8698544590152,,1
6966,161.98267883399967,0.46312500489875674,0
6967,161.9957481669844,0.4747920320369303,0
6968,162.00758916698396,0.3244170220568776,0
6969,162.01944691699464,0.3202499938197434,0
6970,162.03054512501694,0.523333961609751,0
6971,162.04133766697487,0.2792500308714807,0
6972,162.05295291700168,0.500541995279491,0
6973,162.06606458401075,0.4679159610532224,0
6974,162.0791636669892,0.4510420258156955,0
6975,162.09099166700616,0.3570420085452497,0
6976,162.1023811249761,0.49629202112555504,0
6977,162.11423908401048,,1
6978,162.22759933397174,0.5146250477991998,0
6979,162.24071237497265,0.3570840344764292,0
6980,162.25249304197496,,1
6981,162.36406741698738,0.3904580371454358,0
6982,162.3767814169987,0.2818329958245158,0
6983,162.3872382499976,0.16658398089930415,0
6984,162.39957479201257,0.33670797711238265,0
6985,162.41165612498298,0.44704199535772204,0
6986,162.42456333397422,0.19683304708451033,0
6987,162.4373289999785,0.28316699899733067,0
6988,162.449154833972,0.2620000159367919,0
6989,162.4616572089726,0.37883303593844175,0
6990,162.4722451249836,0.3291250322945416,0
6991,162.48493337497348,0.3907920327037573,0
6992,162.49569470901042,0.2638750011101365,0
6993,162.5085012500058,0.1664169831201434,0
6994,162.52122295898153,0.3636660403572023,0
6995,162.53415683400817,0.2549579949118197,0
6996,162.54509191698162,0.3587499959394336,0
6997,162.55691858398495,0.28966600075364113,0
6998,162.56974904198432,0.21337502403184772,0
6999,162.58059083402622,0.21033297525718808,0
7000,162.59237566700904,0.14362501678988338,0
7001,162.60505587502848,0.21008396288380027,0
7002,162.61588604201097,0.09483296889811754,0
7003,162.62749962502858,0.2145419712178409,0
7004,162.63905841700034,0.2180419978685677,0
7005,162.64952920901123,0.18754100892692804,0
7006,162.66015508398414,0.18324999837204814,0
7007,162.67208112502703,0.1949169673025608,0
7008,162.68482070899336,0.19058299949392676,0
7009,162.6975592499948,0.21641701459884644,0
7010,162.70790341700194,0.18979201558977365,0
7011,162.72048408398405,0.20829099230468273,0
7012,162.7332559999777,0.1947919954545796,0
7013,162.74394416698487,0.25045801885426044,0
7014,162.75507224997273,0.24091702653095126,0
7015,162.76694295898778,0.2127499901689589,0
7016,162.77869862498483,0.35787501838058233,0
7017,162.7945351669914,1.1059580137953162,0
7018,162.80657854198944,0.3891669912263751,0
7019,162.81953512498876,0.5155000253580511,0
7020,162.83247449999908,0.3955420106649399,0
7021,162.84433579200413,0.4170829779468477,0
7022,162.85732858401025,0.37520797923207283,0
7023,162.86783841700526,0.5057500093244016,0
7024,162.88060729199788,0.5365419783629477,0
7025,162.89235404197825,,1
7026,163.00506654201308,0.5875829956494272,0
7027,163.01824445900274,,1
7028,163.131193624984,0.5529590416699648,0
7029,163.14436279202346,0.35966699942946434,0
7030,163.15702104201773,0.4936669720336795,0
7031,163.167897583975,0.43983303476125,0
7032,163.18090600002324,0.34295895602554083,0
7033,163.19382550002774,0.3381669521331787,0
7034,163.2067448750022,0.6092090043239295,0
7035,163.21925404202193,0.469457998406142,0
7036,163.2311182920239,0.33237499883398414,0
7037,163.24401708401274,0.4576249630190432,0
7038,163.25705449999077,,1
7039,163.37083099997835,0.566083996091038,0
7040,163.38275216700276,0.23195799440145493,0
7041,163.39472841698444,0.321792031172663,0
7042,163.40666054200847,0.5920419935137033,0
7043,163.41984391701408,,1
7044,163.53141425002832,0.4972919705323875,0
7045,163.54224312497536,0.7104170508682728,0
7046,163.55372945900308,0.4610000178217888,0
7047,163.56581175001338,0.4259590059518814,0
7048,163.57879883400165,,1
7049,163.69082945899572,0.6315410137176514,0
7050,163.70403633400565,0.4861659836024046,0
7051,163.7170892499853,0.46300003305077553,0
7052,163.7280602090177,0.40566601091995835,0
7053,163.74101608397905,0.48054102808237076,0
7054,163.75405441701878,0.3036249545402825,0
7055,163.76580883399583,0.31287502497434616,0
7056,163.7786622089916,0.3572499845176935,0
7057,163.79157754202606,0.39474997902289033,0
7058,163.80529533402296,0.39724999805912375,0
7059,163.8182487920276,0.39562495658174157,0
7060,163.83120833401335,0.3696249914355576,0
7061,163.8419734169729,0.38775004213675857,0
7062,163.85497545899125,0.3762909909710288,0
7063,163.8679026250029,0.4074170137755573,0
7064,163.88087162497686,0.48166699707508087,0
7065,163.89391729200725,0.5967079778201878,0
7066,163.90707641700283,0.45704201329499483,0
7067,163.92008379200706,0.44762500328943133,0
7068,163.93248449999373,,1
7069,164.04393695900217,0.5787499831058085,0
7070,164.0570885000052,0.47562498366460204,0
7071,164.07005262502935,0.4587089642882347,0
7072,164.08307058399078,,1
7073,164.19471066701226,0.5008329753763974,0
7074,164.2077797090169,0.45491597848013043,0
7075,164.21915258397348,0.490875041577965,0
7076,164.23220924998168,0.46608399134129286,0
7077,164.24441787501564,0.5193749675527215,0
7078,164.2574927919777,0.4805420176126063,0
7079,164.27054095902713,0.4749159561470151,0
7080,164.28357954201056,0.510707963258028,0
7081,164.29667129198788,0.5313330329954624,0
7082,164.30977862502914,0.5480839754454792,0
7083,164.32289116701577,0.5180420121178031,0
7084,164.33598466700641,0.5605000187642872,0
7085,164.349124209024,0.7208329625427723,0
7086,164.36239504202968,0.5644169868901372,0
7087,164.37459654198028,,1
7088,164.4884560839855,0.6861659931018949,0
7089,164.50135991699062,0.6104580243118107,0
7090,164.51458199997433,0.5777920014224946,0
7091,164.52532154199434,0.7086250116117299,0
7092,164.53859695902793,0.48812496243044734,0
7093,164.55166258401005,0.5127909826114774,0
7094,164.56482500000857,0.7846250082366168,0
7095,164.57759695901768,0.42604096233844757,0
7096,164.58966300002066,0.46358397230505943,0
7097,164.60267458402086,,1
7098,164.71643374999985,0.3494169795885682,0
7099,164.7279477500124,0.1555840135551989,0
7100,164.74066883401247,0.36095798714086413,0
7101,164.75164316699374,0.25174999609589577,0
7102,164.76350287499372,0.39295898750424385,0
7103,164.77647512499243,0.30554202385246754,0
7104,164.78934408398345,,1
7105,164.902750291978,0.40116702439263463,0
7106,164.91429491702002,0.2809169818647206,0
7107,164.9267897090176,0.31337497057393193,0
7108,164.93969991698395,0.3646670375019312,0
7109,164.9526504590176,0.25049998657777905,0
7110,164.96478379197652,0.33599999733269215,0
7111,164.97707545902813,,1
7112,165.09068579197628,0.43804204324260354,0
7113,165.1036980000208,0.42795896297320724,0
7114,165.1167090840172,0.41624996811151505,0
7115,165.12969254201744,0.37583295488730073,0
7116,165.14124149997951,0.406834005843848,0
7117,165.15420587500557,,1
7118,165.2680335000041,0.6952920230105519,0
7119,165.27947933401447,1.1130410130135715,0
7120,165.2931946250028,0.41924999095499516,0
7121,165.30400395899778,0.38541603134945035,0
7122,165.31696716701845,0.36999996518716216,0
7123,165.32829845900415,,1
7124,165.44136791699566,0.788042030762881,0
7125,165.4547342089936,0.49358297837898135,0
7126,165.46639137499733,1.0067090042866766,0
7127,165.47753450000891,0.5734169972129166,0
7128,165.49074154201662,0.5152079975232482,0
7129,165.5038694589748,0.29495800845324993,0
7130,165.51572904200293,0.23491698084399104,0
7131,165.52851999999257,0.24087500059977174,0
7132,165.53953437501332,0.7529169670306146,0
7133,165.55043629201828,0.2859999658539891,0
7134,165.56229287502356,0.5447919829748571,0
7135,165.57480674999533,0.7158750086091459,0
7136,165.58808858401608,0.4262909642420709,0
7137,165.60109991702484,,1
7138,165.7139887919766,0.3792080096900463,0
7139,165.72665191697888,0.30687503749504685,0
7140,165.73895891697612,0.2880830434150994,0
7141,165.74940833402798,0.2678749733604491,0
7142,165.7614466670202,0.5111249629408121,0
7143,165.77461587497965,0.27891702484339476,0
7144,165.78745620901464,0.27079100254923105,0
7145,165.7991424999782,0.17779204063117504,0
7146,165.81410195899662,0.28262502746656537,0
7147,165.82457629201235,0.29854197055101395,0
7148,165.8360453749774,0.31158403726294637,0
7149,165.84695041697705,0.19762502051889896,0
7150,165.86208895902382,5.929749982897192,0
7151,165.87942287500482,0.29137497767806053,0
7152,165.89199954201467,0.3589169937185943,0
7153,165.90493308397708,0.21775002824142575,0
7154,165.91523404198233,1.0411670082248747,0
7155,165.9288645000197,,1
7156,166.04089912498603,0.931709015276283,0
7157,166.05386412498774,1.1292920098640025,0
7158,166.06780949997483,,1
7159,166.18172033398878,0.3822080325335264,0
7160,166.19254174997332,0.4995420458726585,0
7161,166.20565216697287,,1
7162,166.31998804199975,0.5146670155227184,0
7163,166.33313491701847,0.47562498366460204,0
7164,166.3462196670007,0.43179199565202,0
7165,166.3592448339914,0.3940830356441438,0
7166,166.37222416698933,0.3937500296160579,0
7167,166.38367750000907,0.4485839745029807,0
7168,166.3967472499935,0.5143340094946325,0
7169,166.40985954197822,0.42037502862513065,0
7170,166.42235512501793,0.43891696259379387,0
7171,166.4329978749738,0.4663750296458602,0
7172,166.44457208400127,0.46187499538064003,0
7173,166.45761974999914,7.17250001616776,0
7174,166.4761950839893,0.4380409955047071,0
7175,166.48927116702544,0.25329197524115443,0
7176,166.50208966701757,,1
7177,166.61824320902815,0.421999953687191,0
7178,166.62944970902754,,1
7179,166.74188599997433,0.4193340428173542,0
7180,166.75388383399695,,1
7181,166.86682799999835,0.530291988980025,0
7182,166.87993937497959,0.31466700602322817,0
7183,166.8912421669811,0.34854200202971697,0
7184,166.90337120898766,0.2887080190703273,0
7185,166.9162306250073,0.27537497226148844,0
7186,166.929063958989,0.232416030485183,0
7187,166.94081016699784,0.2275420119985938,0
7188,166.95358970900998,0.2271659905090928,0
7189,166.96636866702465,,1
7190,167.0802357919747,0.7174580241553485,0
7191,167.0912915840163,,1
7192,167.20594745897688,0.49175001913681626,0
7193,167.21784920897335,0.8829580037854612,0
7194,167.23134579200996,0.47774997074157,0
7195,167.24447570898337,0.5772910080850124,0
7196,167.25770112499595,0.5428750300779939,0
7197,167.2708482919843,0.4414580180309713,0
7198,167.2824913340155,0.32762496266514063,0
7199,167.29427895898698,0.47754100523889065,0
7200,167.30515029199887,0.28912501875311136,0
7201,167.31802179198712,0.5788329872302711,0
7202,167.33117683400633,0.5725829978473485,0
7203,167.34440866700606,0.6358749815262854,0
7204,167.3576505840174,10.13604097533971,0
7205,167.3805631250143,0.46312500489875674,0
7206,167.39130499999737,0.25929202092811465,0
7207,167.40184129198315,0.3598750336095691,0
7208,167.41254124999978,0.29262498719617724,0
7209,167.42463358398527,,1
7210,167.5377547920216,0.3155829617753625,0
7211,167.5506482089986,0.3332910127937794,0
7212,167.56356445897836,0.41795801371335983,0
7213,167.57675125001697,0.6637090118601918,0
7214,167.58906658401247,0.4351249663159251,0
7215,167.6021576669882,0.6014170357957482,0
7216,167.61535154201556,0.5168329807929695,0
7217,167.62742849998176,0.533584039658308,0
7218,167.64052666700445,2.1897080005146563,0
7219,167.6552906249999,0.5486250156536698,0
7220,167.66782233398408,0.45495800441130996,0
7221,167.67928545898758,0.5637910217046738,0
7222,167.6924222090165,0.44233299558982253,0
7223,167.70542512502288,,1
7224,167.81922050000867,0.3631250001490116,0
7225,167.83211908402154,0.23616600083187222,0
7226,167.84495712502394,0.35495898919180036,0
7227,167.85787995898863,0.29033300234004855,0
7228,167.8706944169826,0.21970801753923297,0
7229,167.8849537090282,0.4998749936930835,0
7230,167.8969230420189,,1
7231,168.00906095898245,0.6799580296501517,0
7232,168.02201366698137,0.501333037391305,0
7233,168.03451441699872,0.4345829947851598,0
7234,168.04751545900945,0.5370000144466758,0
7235,168.06062875001226,0.5500839906744659,0
7236,168.07374866702594,0.500541995279491,0
7237,168.08681770897238,0.5924160359427333,0
7238,168.09915141697275,0.5544170271605253,0
7239,168.11228104197653,,1
7240,168.22465587500483,0.8547090110369027,0
7241,168.2362833750085,0.4902500077150762,0
7242,168.24756954202894,0.41966699063777924,0
7243,168.26060074998531,0.49050000961869955,0
7244,168.27366108400747,0.21908298367634416,0
7245,168.2851795000024,0.26808399707078934,0
7246,168.29640337498859,0.2879170351661742,0
7247,168.30924083397258,0.17104099970310926,0
7248,168.32196287502302,0.2288749674335122,0
7249,168.33371529198484,0.2454580389894545,0
7250,168.34651225002017,0.29329198878258467,0
7251,168.3585512919817,0.3042500466108322,0
7252,168.3713974999846,0.2874589990824461,0
7253,168.3842451670207,0.374249997548759,0
7254,168.39673500001663,0.28070900589227676,0
7255,168.40958012500778,0.2608749782666564,0
7256,168.42240854201373,,1
7257,168.53624533402035,0.4286659532226622,0
7258,168.54932945902692,0.4012080025859177,0
7259,168.5623263340094,0.36283297231420875,0
7260,168.5747544170008,0.2989579807035625,0
7261,168.5876250420115,0.3089579986408353,0
7262,168.59961654199287,0.35975000355392694,0
7263,168.61255708400859,0.3644159878604114,0
7264,168.6238574589952,1.6717499820515513,0
7265,168.63817012502113,0.34141697688028216,0
7266,168.6510849170154,0.28541695792227983,0
7267,168.66379154199967,1.4008330181241035,0
7268,168.67528679198585,0.28558302437886596,0
7269,168.68729495897423,0.2965000458061695,0
7270,168.69918708398473,0.30041602440178394,0
7271,168.71043024997925,0.2220839960500598,0
7272,168.72174895898206,0.3386250464245677,0
7273,168.73305654199794,0.2893329947255552,0
7274,168.7459125840105,0.28558296617120504,0
7275,168.7587575840298,0.28741598362103105,0
7276,168.77161583397537,0.37345802411437035,0
7277,168.78460079198703,0.4083749954588711,0
7278,168.7969927089871,0.34866604255512357,0
7279,168.8086170000024,0.26649999199435115,0
7280,168.81984637497226,0.33187505323439837,0
7281,168.83200691698585,0.3896669950336218,0
7282,168.84499195899116,0.548791023902595,0
7283,168.85902633401565,0.49587496323511004,0
7284,168.8716083749896,,1
7285,168.98545375000685,0.522000016644597,0
7286,168.99749287497252,0.35308400401845574,0
7287,169.00960220902925,,1
7288,169.1234236669843,0.8126670145429671,0
7289,169.13686525000958,,1
7290,169.2507678749971,0.5670419777743518,0
7291,169.26396299997577,0.532125006429851,0
7292,169.27619916701224,0.4345829947851598,0
7293,169.28830445901258,0.8278749883174896,0
7294,169.30172287498135,0.5475420039147139,0
7295,169.31400583399227,0.3588330000638962,0
7296,169.32586362498114,0.493000028654933,0
7297,169.3389327499899,,1
7298,169.45201170898508,0.41037501068785787,0
7299,169.4638466250035,0.3777089877985418,0
7300,169.47569283400662,0.38441596552729607,0
7301,169.48865650000516,0.3427499905228615,0
7302,169.49921016697772,0.4101250087842345,0
7303,169.51220441702753,0.333332980517298,0
7304,169.5242415840039,0.30116597190499306,0
7305,169.53470166702755,0.5091249477118254,0
7306,169.54783470899565,0.5055000074207783,0
7307,169.56094499997562,,1
7308,169.6747313750093,0.6273749750107527,0
7309,169.68794324999908,0.3898339928127825,0
7310,169.70093475002795,0.5051670013926923,0
7311,169.71403358399402,0.3796250093728304,0
7312,169.72662916698027,0.30491704819723964,0
7313,169.73949975002324,0.3202089574187994,0
7314,169.75015812501078,0.8422089740633965,0
7315,169.76207875000546,0.41845900705084205,0
7316,169.77466624998488,0.3378340043127537,0
7317,169.7875652090297,0.36520796129480004,0
7318,169.80051479197573,0.440875010099262,0
7319,169.81357433402445,0.6231250008568168,0
7320,169.82525524997618,0.41266699554398656,0
7321,169.83825083402917,0.253707985393703,0
7322,169.8509143749834,0.6045420304872096,0
7323,169.86429612501524,0.4593749763444066,0
7324,169.87490858399542,0.32545800786465406,0
7325,169.88780566700734,0.31266699079424143,0
7326,169.89997379202396,0.44008297845721245,0
7327,169.91184362501372,0.2633749973028898,0
7328,169.9245101250126,0.4620839608833194,0
7329,169.93537262501195,0.274333986453712,0
7330,169.94818258401938,0.23149995831772685,0
7331,169.96096220897743,0.21700002253055573,0
7332,169.97370683401823,0.29754097340628505,0
7333,169.9865437920089,0.4095829790458083,0
7334,169.99915587500436,0.6303340196609497,0
7335,170.01096908398904,0.3999160253442824,0
7336,170.0227421669988,0.3041250165551901,0
7337,170.0344754169928,,1
7338,170.14834716700716,0.46020798617973924,0
7339,170.16098437499022,0.37329201586544514,0
7340,170.17162808397552,0.2454580389894545,0
7341,170.1825003750273,0.39891694905236363,0
7342,170.19513333402574,,1
7343,170.30820516700624,0.9496249840594828,0
7344,170.31967487500515,0.5672500119544566,0
7345,170.33282745897304,0.5426250281743705,0
7346,170.34579749999102,,1
7347,170.45894120901357,0.44245796743780375,0
7348,170.4712266669958,0.2836249768733978,0
7349,170.48405704199104,0.3677920321933925,0
7350,170.49703791702632,0.4004169604741037,0
7351,170.51001554197865,0.42329204734414816,0
7352,170.52101675001904,0.40133396396413445,0
7353,170.53257054201094,0.459291972219944,0
7354,170.54560987500008,0.5709590041078627,0
7355,170.5596900000237,0.5376249901019037,0
7356,170.57283037499292,0.8367919945158064,0
7357,170.58627475000685,0.5674589774571359,0
7358,170.5984439169988,0.5152500234544277,0
7359,170.61156216700329,0.4206249723210931,0
7360,170.62419000000227,0.45429199235513806,0
7361,170.6371361669735,0.8122080471366644,0
7362,170.6487823339994,0.6392499781213701,0
7363,170.662264625018,0.6172499852254987,0
7364,170.67610962502658,0.41783397318795323,0
7365,170.6891442919732,0.49329205648973584,0
7366,170.70224366697948,0.5217080470174551,0
7367,170.7137339169858,0.48525002785027027,0
7368,170.72616566700162,0.6599579937756062,0
7369,170.73846408398822,0.530666031409055,0
7370,170.75121949997265,0.733375025447458,0
7371,170.76386108400766,,1
7372,170.8777301670052,0.3862919984385371,0
7373,170.8906929169898,0.29204203747212887,0
7374,170.90356975002214,0.38374995347112417,0
7375,170.91581541701453,0.40379201527684927,0
7376,170.92894487502053,0.5627920036204159,0
7377,170.94130758399842,0.39245799416676164,0
7378,170.95437200000742,0.42337499326094985,0
7379,170.96640133397887,0.34850003430619836,0
7380,170.97859416698338,0.2835000050254166,0
7381,170.99143287498737,0.21529203513637185,0
7382,171.00417833402753,0.280165986623615,0
7383,171.0168738340144,0.40691596223041415,0
7384,171.02984516700963,0.4712920053862035,0
7385,171.04131004202645,0.4431669949553907,0
7386,171.05433237500256,0.4825000069104135,0
7387,171.0668838340207,0.5563749582506716,0
7388,171.0794416249846,1.3583340332843363,0
7389,171.0933968339814,0.2209999947808683,0
7390,171.10618787497515,0.3767090383917093,0
7391,171.11774095898727,0.212125014513731,0
7392,171.13051629200345,0.40550000267103314,0
7393,171.14130583399674,,1
7394,171.25916962500196,,1
7395,171.37058425002033,0.7724589668214321,0
7396,171.38247891701758,0.29095797799527645,0
7397,171.39449433400296,0.38408301770687103,0
7398,171.4074654590222,0.2792080049403012,0
7399,171.4203082920285,0.3149169497191906,0
7400,171.43248449999373,0.25337497936561704,0
7401,171.44289383402793,0.4213749780319631,0
7402,171.4559083339991,0.3644159878604114,0
7403,171.46779887500452,0.26883400278165936,0
7404,171.48062799999025,0.2742920187301934,0
7405,171.49247970897704,0.2666250220499933,0
7406,171.50313541700598,0.2419580123387277,0
7407,171.5159292499884,0.30029198387637734,0
7408,171.52831212501042,0.2845419803634286,0
7409,171.5411884590285,,1
7410,171.65523645898793,0.44183299178257585,0
7411,171.66797191702062,0.30583300394937396,0
7412,171.6808548339759,0.4070000140927732,0
7413,171.693703041994,0.35266700433567166,0
7414,171.70532533398364,,1
7415,171.81670979200862,0.5302079953253269,0
7416,171.82904408400645,0.457499991171062,0
7417,171.84087579202605,3.2234579557552934,0
7418,171.85551379201934,0.512500002514571,0
7419,171.86970137502067,0.5384999676607549,0
7420,171.88247720897198,0.4937910125590861,0
7421,171.8955556669971,0.47283299500122666,0
7422,171.90872762497747,0.3375420346856117,0
7423,171.92163862497546,0.4341670428402722,0
7424,171.93464250001125,0.5109169869683683,0
7425,171.94774337502895,,1
7426,172.06080254202243,0.3817079705186188,0
7427,172.07374095899286,0.2764160162769258,0
7428,172.08655291702598,0.21612498676404357,0
7429,172.09929520898731,0.30466599855571985,0
7430,172.11213725002017,0.4925419925712049,0
7431,172.12520195898833,0.2739159972406924,0
7432,172.13651954202214,0.2842499525286257,0
7433,172.14750795898726,0.35520800156518817,0
7434,172.16042183397803,,1
7435,172.2741540420102,,1
7436,172.3880176669918,0.6879580323584378,0
7437,172.3998643750092,0.43229199945926666,0
7438,172.41287745902082,0.4637909587472677,0
7439,172.42630125000142,0.9244999964721501,0
7440,172.43982295901515,0.4356249701231718,0
7441,172.4528398339753,0.5602500168606639,0
7442,172.46581537497696,0.8602919988334179,0
7443,172.4786832089885,0.44254102976992726,0
7444,172.49076479201904,1.468124974053353,0
7445,172.50481983402278,0.4269159981049597,0
7446,172.5154179999954,0.5298340111039579,0
7447,172.5276249590097,0.33504096791148186,0
7448,172.53921495901886,0.2853329642675817,0
7449,172.5511098339921,0.5126660107634962,0
7450,172.5629531670129,0.33554196124896407,0
7451,172.57576091698138,0.4184580175206065,0
7452,172.5866412500036,0.41274999966844916,0
7453,172.59963441698346,,1
7454,172.71182641701307,0.6263329996727407,0
7455,172.72369429201353,0.4124579718336463,0
7456,172.7366662499844,,1
7457,172.84980800002813,0.5710839759558439,0
7458,172.86149941699114,0.40970800910145044,0
7459,172.8744949999964,0.4127920255996287,0
7460,172.8875092919916,0.4040829953737557,0
7461,172.90051991702057,0.5203330074436963,0
7462,172.91291112499312,0.4045839887112379,0
7463,172.9242227919749,0.3332500346004963,0
7464,172.93465895898407,,1
7465,173.0472647920251,0.4669999470934272,0
7466,173.05975474999286,0.2651250106282532,0
7467,173.0726141249761,0.35037501947954297,0
7468,173.0845654999721,0.39945903699845076,0
7469,173.09739250002895,0.34716696245595813,0
7470,173.10923895897577,0.31291600316762924,0
7471,173.12049916700926,0.31237496295943856,0
7472,173.13249287498184,0.3141250344924629,0
7473,173.14536970900372,0.5522500141523778,0
7474,173.15944337501423,,1
7475,173.27019062498584,0.342792016454041,0
7476,173.2825077919988,0.4562920075841248,0
7477,173.29390512499958,0.2607500064186752,0
7478,173.30579516699072,0.3459579893387854,0
7479,173.31823633401655,0.249041011556983,0
7480,173.33105570898624,0.35558303352445364,0
7481,173.3439709590166,0.19925000378862023,0
7482,173.35506716702366,0.19233295461162925,0
7483,173.36781512497691,0.21995900897309184,0
7484,173.38058637501672,,1
7485,173.4932135840063,0.46516599832102656,0
7486,173.5063152500079,0.5575839895755053,0
7487,173.51873370900284,0.5257910233922303,0
7488,173.53059370897245,0.315666024107486,0
7489,173.5434799590148,0.3671660088002682,0
7490,173.5564331249916,0.5358339985832572,0
7491,173.56776062498102,0.5280420300550759,0
7492,173.5800459170132,0.5504169967025518,0
7493,173.5932062920183,0.37291698390617967,0
7494,173.6061952500022,0.6365000153891742,0
7495,173.6172962919809,0.5132920341566205,0
7496,173.6304230419919,0.38341700565069914,0
7497,173.6427655420266,0.6373749929480255,0
7498,173.65603041701252,0.4125830018892884,0
7499,173.66904808400432,0.4849159740842879,0
7500,173.6821312920074,0.5148329655639827,0
7501,173.69420370901935,0.4622910055331886,0
7502,173.70606804202544,,1
7503,173.819893124979,0.5724590155296028,0
7504,173.83306804200402,0.3157079918310046,0
7505,173.84596708399476,0.5018750089220703,0
7506,173.85862062498927,0.642125029116869,0
7507,173.87183924997225,0.38983405102044344,0
7508,173.8848098749877,0.5394170293584466,0
7509,173.8969296250143,0.5154999671503901,0
7510,173.90881704201456,0.25687500601634383,0
7511,173.92162874998758,0.3534590359777212,0
7512,173.93453675002092,,1
7513,174.04834604199277,0.752124993596226,0
7514,174.0593318750034,0.5465419963002205,0
7515,174.07249333400978,0.5677909939549863,0
7516,174.08566899999278,0.4362500039860606,0
7517,174.0983070419752,0.38050004513934255,0
7518,174.10994412499713,0.3262920072302222,0
7519,174.1228536249837,0.5048750317655504,0
7520,174.13359470898286,0.4694160306826234,0
7521,174.14663774997462,0.40316703962162137,0
7522,174.15892345900647,0.4836660227738321,0
7523,174.17200112499995,0.3563340287655592,0
7524,174.18293908401392,0.47462497605010867,0
7525,174.19601433398202,0.3251660382375121,0
7526,174.20891091699013,0.4110420122742653,0
7527,174.22187354200287,0.24358299560844898,0
7528,174.23347658402054,0.26062497636303306,0
7529,174.24631725001382,0.35429198760539293,0
7530,174.2590342920157,0.454624998383224,0
7531,174.27169075002894,0.2919169492088258,0
7532,174.2824860420078,0.29804196674376726,0
7533,174.2933138340013,0.43904100311920047,0
7534,174.3047946249717,,1
7535,174.41740191698773,0.6314580095931888,0
7536,174.43080324999755,0.7129170116968453,0
7537,174.44244091701694,0.5015829810872674,0
7538,174.4555301250075,0.6184590165503323,0
7539,174.4686977500096,0.5076669622212648,0
7540,174.48180549999233,0.5799999926239252,0
7541,174.49429979198612,0.23679202422499657,0
7542,174.50710858398816,0.4755409900099039,0
7543,174.52020249998895,0.6019590073265135,0
7544,174.53337229200406,0.38712500827386975,0
7545,174.5463552090223,,1
7546,174.65996054199059,0.39300002390518785,0
7547,174.6729504590039,0.5571250221692026,0
7548,174.68565925001167,0.43999997433274984,0
7549,174.6986958750058,0.5782499792985618,0
7550,174.70964449999155,0.38458401104435325,0
7551,174.72260579199065,0.35316700814291835,0
7552,174.73447891697288,0.3155000158585608,0
7553,174.7459638750297,0.26870897272601724,0
7554,174.7579575420241,0.24183298228308558,0
7555,174.77074437501142,0.33466698369011283,0
7556,174.78363391698804,0.4022920038551092,0
7557,174.7958959590178,0.4313329700380564,0
7558,174.80809474998387,0.6704170373268425,0
7559,174.82136479200562,0.9449169738218188,0
7560,174.83487887500087,0.4438749747350812,0
7561,174.84793187497417,0.31287502497434616,0
7562,174.8589960419922,0.3032080130651593,0
7563,174.8705832089763,0.5019580130465329,0
7564,174.88148558401735,0.408249965403229,0
7565,174.89430375001393,,1
7566,175.00647608400322,0.48570800572633743,0
7567,175.01955691701733,0.41987496661022305,0
7568,175.03440691699507,1.960374996997416,0
7569,175.0480348750134,2.2642089752480388,0
7570,175.06288491701707,0.3617919865064323,0
7571,175.07541187497554,0.26650005020201206,0
7572,175.08825137501117,0.4258750122971833,0
7573,175.09878954198211,0.43170800199732184,0
7574,175.1105428750161,,1
7575,175.22375387500506,0.39066700264811516,0
7576,175.23672429198632,0.3315830253995955,0
7577,175.24932541698217,2.321208012290299,0
7578,175.26432516699424,0.5459579988382757,0
7579,175.27556341700256,0.20533299539238214,0
7580,175.2879439999815,0.3349170438013971,0
7581,175.30085337499622,0.23741699988022447,0
7582,175.3120283340104,0.62841601902619,0
7583,175.32531945902156,0.8215829730033875,0
7584,175.33904237498064,0.2802090020850301,0
7585,175.3519029999734,0.36745902616530657,0
7586,175.36356362502556,0.3048749640583992,0
7587,175.37635849998333,0.3278340445831418,0
7588,175.38697087502806,,1
7589,175.49865279201185,0.5147079937160015,0
7590,175.51056179200532,0.2952920040115714,0
7591,175.52234450000105,0.21887500770390034,0
7592,175.53349758399418,0.3607079852372408,0
7593,175.54462387500098,0.45499997213482857,0
7594,175.55609199998435,0.5028750165365636,0
7595,175.56782858399674,0.4743330064229667,0
7596,175.58087850001175,,1
7597,175.6947378750192,0.5486249574460089,0
7598,175.70754762500292,2.003417001105845,0
7599,175.72214970900677,0.43287500739097595,0
7600,175.73400900000706,0.2799169742502272,0
7601,175.74475454201456,0.28249999741092324,0
7602,175.75660662498558,0.39883400313556194,0
7603,175.76842920901254,0.8859999943524599,0
7604,175.77960795897525,0.5289160180836916,0
7605,175.79274316702504,,1
7606,175.90661287499825,0.3653339808806777,0
7607,175.91951625002548,0.2228749799542129,0
7608,175.93229979200987,0.27374998899176717,0
7609,175.94513975002337,0.43333397479727864,0
7610,175.95632129197475,0.14566699974238873,0
7611,175.9665946669993,0.394499977119267,0
7612,175.9795458340086,0.32554101198911667,0
7613,175.99159824999515,0.24087500059977174,0
7614,176.00439366698265,0.3296670038253069,0
7615,176.01709074998507,0.2625840133987367,0
7616,176.028574750002,0.5380000220611691,0
7617,176.04122379201,1.3030419941060245,0
7618,176.05431808397407,0.49704103730618954,0
7619,176.065812041983,0.3159170155413449,0
7620,176.0774444169947,0.9609169792383909,0
7621,176.0896887090057,,1
7622,176.20346408401383,0.4932499723508954,0
7623,176.21506399998907,0.2755839959718287,0
7624,176.22790508402977,0.20183296874165535,0
7625,176.24003279197495,0.1747080241329968,0
7626,176.2508452089969,0.17449998995289207,0
7627,176.26356608397327,0.1924580428749323,0
7628,176.27616358402884,,1
7629,176.39001345902216,0.43191597796976566,0
7630,176.40299008402508,0.2324159722775221,0
7631,176.4157850840129,0.35104097332805395,0
7632,176.42869274999248,0.3724590060301125,0
7633,176.44085125002312,1.1582919978536665,0
7634,176.45461483398685,0.4312500241212547,0
7635,176.4667977920035,0.2619579900056124,0
7636,176.47717429202748,,1
7637,176.5903218340245,0.45962497824802995,0
7638,176.60337575001176,0.41129201417788863,0
7639,176.6163937089732,0.5015830392949283,0
7640,176.62715875002323,0.377833959646523,0
7641,176.6401106250123,0.40004198672249913,0
7642,176.65089833398815,0.49283303087577224,0
7643,176.6640075839823,0.4902080399915576,0
7644,176.6757127920282,0.2503329887986183,0
7645,176.68851870897925,0.506458047311753,0
7646,176.70172670902684,0.5097499815747142,0
7647,176.71273662499152,0.3595000016503036,0
7648,176.72532741702162,0.3031249507330358,0
7649,176.73827174998587,0.38600002881139517,0
7650,176.74924645898864,0.4160410026088357,0
7651,176.76086029200815,0.534999999217689,0
7652,176.77406929200515,10.862791968975216,0
7653,176.79789195902413,0.3638329799287021,0
7654,176.8104895420256,0.42529194615781307,0
7655,176.8223507090006,,1
7656,176.93620254198322,0.4240419948473573,0
7657,176.94918591697933,,1
7658,177.06270120898262,0.47454104060307145,0
7659,177.07404466700973,0.3374579828232527,0
7660,177.08699379197787,,1
7661,177.20084766700165,0.550542026758194,0
7662,177.214020000014,0.5132919759489596,0
7663,177.22651212499477,0.5814169999212027,0
7664,177.2397000840283,0.5524999578483403,0
7665,177.2528493339778,0.41383301140740514,0
7666,177.2658520420082,0.4462079959921539,0
7667,177.27765399997588,0.4265840398147702,0
7668,177.2886213340098,0.425665988586843,0
7669,177.30117091699503,,1
7670,177.41508175001945,0.5746249807998538,0
7671,177.42829216702376,0.3228329587727785,0
7672,177.44116862502415,0.19395898561924696,0
7673,177.45391304197256,0.2930830232799053,0
7674,177.46612945897505,,1
7675,177.57989783398807,0.9355410002171993,0
7676,177.5913216249901,0.4798340378329158,0
7677,177.60409779200563,0.5420829984359443,0
7678,177.6168491669814,0.5341250216588378,0
7679,177.6294416669989,0.5164170288480818,0
7680,177.64254116697703,0.4517080378718674,0
7681,177.65428750001593,,1
7682,177.76687079202384,0.378916971385479,0
7683,177.7786117499927,0.3825000021606684,0
7684,177.7893279590062,0.41437498293817043,0
7685,177.8023493340006,0.5355000030249357,0
7686,177.81547887501074,0.4342499887570739,0
7687,177.82799008401344,0.3174159792251885,0
7688,177.8408434590092,0.5228749942034483,0
7689,177.87414904200705,,1
7690,177.98977329197805,0.5816250341013074,0
7691,178.0029942499823,0.43112499406561255,0
7692,178.01601087499876,0.4396250005811453,0
7693,178.02842400001828,0.5108749610371888,0
7694,178.04383466701256,0.4351249663159251,0
7695,178.05555670900503,0.49483298789709806,0
7696,178.06782075000228,0.4869590047746897,0
7697,178.08090233401163,0.27266598772257566,0
7698,178.09221308398992,0.18870801432058215,0
7699,178.1026330839959,0.3209999995306134,0
7700,178.11551475001033,0.2999170101247728,0
7701,178.12764666700969,0.31049997778609395,0
7702,178.13827829202637,,1
7703,178.25205512501998,0.5144169554114342,0
7704,178.26445974997478,0.4449170082807541,0
7705,178.2762344169896,0.4279169952496886,0
7706,178.2892377920216,,1
7707,178.40141354198568,0.48387498827651143,0
7708,178.41495858400594,,1
7709,178.52864987502107,0.39499998092651367,0
7710,178.54158816701965,,1
7711,178.65529120899737,0.563582987524569,0
7712,178.66679245902924,0.5424999981187284,0
7713,178.67992025002604,,1
7714,178.79171687498456,0.541459012310952,0
7715,178.80404462502338,0.27533399406820536,0
7716,178.8168908340158,0.546499970369041,0
7717,178.83008737501223,0.5289170076139271,0
7718,178.8425455840188,0.2792910090647638,0
7719,178.8531489999732,,1
7720,178.9658403340145,0.5327080143615603,0
7721,178.9783782499726,0.36558404099196196,0
7722,178.99499416700564,0.48058299580588937,0
7723,179.01008504198398,0.38691703230142593,0
7724,179.02303641702747,0.433207955211401,0
7725,179.03603595902678,0.5256249569356441,0
7726,179.04914841701975,0.6154999719001353,0
7727,179.06004775001202,0.32283400651067495,0
7728,179.070619584003,0.36387500585988164,0
7729,179.0824725839775,0.3778330283239484,0
7730,179.0943482919829,0.47683302545920014,0
7731,179.1074027090217,0.6723749684169888,0
7732,179.12066416698508,0.504625029861927,0
7733,179.13207970897201,0.406875042244792,0
7734,179.14505316701252,0.3817079705186188,0
7735,179.15782625001157,0.3821249702014029,0
7736,179.17076704202918,,1
7737,179.28276375000132,0.4817090230062604,0
7738,179.29584670899203,0.44066598638892174,0
7739,179.30728141701547,0.5272499984130263,0
7740,179.32041854201816,0.5022920086048543,0
7741,179.33249229198555,0.4639580147340894,0
7742,179.3455468749744,0.401084020268172,0
7743,179.35681879200274,0.4937080084346235,0
7744,179.36755612498382,0.48195902490988374,0
7745,179.38064429198857,0.3928749938495457,0
7746,179.39229991700267,0.49299997044727206,0
7747,179.40524087502854,0.2702919882722199,0
7748,179.41691783402348,0.5048749735578895,0
7749,179.42941987502854,0.5128749762661755,0
7750,179.44252566702198,0.47791696852073073,0
7751,179.45376395899802,0.44708303175866604,0
7752,179.46677912498126,,1
7753,179.57857629202772,0.4278330015949905,0
7754,179.59257791697746,1.2716670171357691,0
7755,179.60641945898533,0.5308749969117343,0
7756,179.61956895899493,,1
7757,179.731086875021,0.5567919579334557,0
7758,179.7433751670178,0.543333007954061,0
7759,179.75651274999836,0.42133399983868003,0
7760,179.76780283398693,,1
7761,179.881687666988,0.6639999919570982,0
7762,179.89418383402517,0.43987500248476863,0
7763,179.90717708400916,0.4784159827977419,0
7764,179.918024374987,0.5452919867821038,0
7765,179.9296932920115,0.4859580076299608,0
7766,179.94210116699105,0.5283750360831618,0
7767,179.95362962502986,0.6237089983187616,0
7768,179.96582941699307,0.4294170066714287,0
7769,179.97662400000263,0.3475840203464031,0
7770,179.98878795898054,0.302666041534394,0
7771,180.00168745900737,0.544416019693017,0
7772,180.01483712502522,0.48337498446926475,0
7773,180.0291587089887,0.6822909926995635,0
7774,180.04084033402614,,1
7775,180.15506149997236,0.5882920231670141,0
7776,180.16780516697327,0.7487080292776227,0
7777,180.18047224998008,0.44458400225266814,0
7778,180.19250216701766,0.3577499883249402,0
7779,180.20421154197538,0.29024999821558595,0
7780,180.21706733398605,0.34662499092519283,0
7781,180.22997658402892,0.3661249647848308,0
7782,180.24130608397536,0.3207910340279341,0
7783,180.25418958399678,,1
7784,180.36679850000655,0.7231669733300805,0
7785,180.3801473340136,0.6712079630233347,0
7786,180.39138612500392,0.4403750062920153,0
7787,180.40382812498137,0.6082500331103802,0
7788,180.41703704197425,0.6565830553881824,0
7789,180.42979475000175,0.7123749819584191,0
7790,180.4408872500062,,1
7791,180.5543788750074,1.1695839930325747,0
7792,180.56822291697608,0.5749170086346567,0
7793,180.5814002919942,0.293541990686208,0
7794,180.592890000029,0.3297499497421086,0
7795,180.60578199999873,0.30754198087379336,0
7796,180.6186960840132,0.3494999837130308,0
7797,180.6316223340109,0.27608301024883986,0
7798,180.64444666699274,,1
7799,180.75749741698382,0.5038329982198775,0
7800,180.77059212501626,0.4005839582532644,0
7801,180.7835731250234,0.13854197459295392,0
7802,180.79411416698713,0.22679200628772378,0
7803,180.80637866701,0.23304199567064643,0
7804,180.81827066699043,0.2388330176472664,0
7805,180.82976691698423,0.2567080082371831,0
7806,180.84258037502877,0.2090419875457883,0
7807,180.85533704201225,0.20995800150558352,0
7808,180.86632791702868,0.21445797756314278,0
7809,180.87909137498355,,1
7810,180.9920745419804,0.26566704036667943,0
7811,181.00344850000693,0.44704199535772204,0
7812,181.01646858401364,0.3852079971693456,0
7813,181.02771212498192,0.31033402774482965,0
7814,181.04030708398204,,1
7815,181.1540233750129,0.386916974093765,0
7816,181.16698166698916,0.2708749962039292,0
7817,181.18233500001952,0.3536669537425041,0
7818,181.19526895898161,0.39008300518617034,0
7819,181.20600112498505,0.33712503500282764,0
7820,181.21779575000983,0.33229199470952153,0
7821,181.23017504200106,0.27550000231713057,0
7822,181.2443139589741,0.981666031293571,0
7823,181.25786825001705,1.596209011040628,0
7824,181.26986508397385,0.33504102611914277,0
7825,181.28276641701814,0.33966696355491877,0
7826,181.29567458399106,0.28329098131507635,0
7827,181.30680875002872,0.24337496142834425,0
7828,181.31713149999268,0.3161670174449682,0
7829,181.32910679199267,0.4112499882467091,0
7830,181.3423603749834,0.7397500448860228,0
7831,181.3551105419756,0.30741700902581215,0
7832,181.36797666701023,,1
7833,181.48173375002807,0.44954195618629456,0
7834,181.49476425000466,0.43474999256432056,0
7835,181.50778649997665,0.3901669988408685,0
7836,181.52077012497466,,1
7837,181.64082762500038,0.3812920185737312,0
7838,181.6517918339814,0.48279104521498084,0
7839,181.663628084003,0.4166659782640636,0
7840,181.67547708400525,0.23987499298527837,0
7841,181.6873548339936,0.2347499830648303,0
7842,181.7001652920153,0.2722080098465085,0
7843,181.71140550001292,0.3402919974178076,0
7844,181.72430674999487,0.33541698940098286,0
7845,181.73535849998007,0.3283340483903885,0
7846,181.74644429201726,,1
7847,181.8597084999783,0.5200420273467898,0
7848,181.8728197090095,0.29449997236952186,0
7849,181.88472870900296,0.3454160178080201,0
7850,181.89765204198193,0.3393330262042582,0
7851,181.91064324998297,0.4016670281998813,0
7852,181.92239004198927,0.5044169956818223,0
7853,181.93555004202062,0.4766249912790954,0
7854,181.9486146250274,0.36287499824538827,0
7855,181.9594209169736,0.226958014536649,0
7856,181.97046929202043,0.2614999539218843,0
7857,181.9833147089812,0.3190000425092876,0
7858,181.9962027919828,0.5092080100439489,0
7859,182.00935379200382,0.47312502283602953,0
7860,182.022436750005,0.45062496792525053,0
7861,182.03547562501626,0.4980419762432575,0
7862,182.04859208402922,0.361915968824178,0
7863,182.06153324997285,0.48100005369633436,0
7864,182.0727019169717,0.3117500455118716,0
7865,182.0854126670165,,1
7866,182.19921858399175,0.7133749895729125,0
7867,182.21211812499678,0.4344169865362346,0
7868,182.22446712502278,0.40254200575873256,0
7869,182.23744283401174,0.35566597944125533,0
7870,182.2503743339912,0.3819999983534217,0
7871,182.26182212500134,0.40374998934566975,0
7872,182.27464370900998,0.4114159964956343,0
7873,182.28761995898094,0.430750020314008,0
7874,182.30027058400447,0.5234580021351576,0
7875,182.31339629198192,0.41570799658074975,0
7876,182.32641333399806,0.30704098753631115,0
7877,182.33928287500748,0.23945898283272982,0
7878,182.35111058398616,0.1890829880721867,0
7879,182.3616577499779,0.2750840503722429,0
7880,182.37450354202883,0.3510829992592335,0
7881,182.38711595901987,0.2859579981304705,0
7882,182.399134458974,0.2680000034160912,0
7883,182.4095685419743,0.45425002463161945,0
7884,182.4205930000171,0.21470896899700165,0
7885,182.43339404201834,0.3884169855155051,0
7886,182.4463519169949,0.2126250183209777,0
7887,182.4579137500259,0.21429196931421757,0
7888,182.46977937500924,0.3458749852143228,0
7889,182.4816503340262,0.24129095254465938,0
7890,182.49396108399378,0.4671250353567302,0
7891,182.50701166701037,0.2322919899597764,0
7892,182.51894587499555,0.24020898854359984,0
7893,182.5298942499794,,1
7894,182.64394458400784,0.4534159670583904,0
7895,182.65649070899235,0.43366599129512906,0
7896,182.66950433398597,0.6375830271281302,0
7897,182.68274491699412,0.4787920042872429,0
7898,182.695796584012,0.4131660098209977,0
7899,182.70930420898367,0.6018750136718154,0
7900,182.72249120898778,0.47579099191352725,0
7901,182.734461791988,0.44495798647403717,0
7902,182.74746416701237,0.437250011600554,0
7903,182.75961283402285,0.47383300261572003,0
7904,182.7726551250089,0.3182090003974736,0
7905,182.78392399998847,0.20570901688188314,0
7906,182.7966638749931,0.23866700939834118,0
7907,182.80943000002299,,1
7908,182.9230897499947,0.24683400988578796,0
7909,182.93531991698546,0.3100000321865082,0
7910,182.94608045899076,1.3755830004811287,0
7911,182.9579889170127,0.4830000107176602,0
7912,182.9686469999724,,1
7913,183.0861186250113,0.44949998846277595,0
7914,183.09673508402193,0.2977909753099084,0
7915,183.10899179201806,0.3314169589430094,0
7916,183.1219203340006,0.5071660270914435,0
7917,183.13502545899246,0.3511660033836961,0
7918,183.14796162501443,0.4158749943599105,0
7919,183.16099183401093,0.36995799746364355,0
7920,183.17258858401328,1.5327910077758133,0
7921,183.1873766669887,0.30262500513345003,0
7922,183.20018045901088,0.4307499621063471,0
7923,183.21140366699547,0.41966699063777924,0
7924,183.22442624997348,0.3534170100465417,0
7925,183.2373571670032,0.34554197918623686,0
7926,183.250278624997,0.287041999399662,0
7927,183.26186170900473,0.3755830111913383,0
7928,183.2745985420188,0.276167003903538,0
7929,183.28743954200763,0.31216698698699474,0
7930,183.3003188750008,0.3515420248731971,0
7931,183.31326208397513,,1
7932,183.4256412499817,0.4004590446129441,0
7933,183.43748154200148,0.2103750011883676,0
7934,183.44934179197298,,1
7935,183.562560166989,0.5007080035284162,0
7936,183.57580662501277,0.5306669627316296,0
7937,183.5874949999852,1.0444590006954968,0
7938,183.60110420902492,0.29116595396772027,0
7939,183.61395604198333,0.4887920222245157,0
7940,183.62704979197588,2.371167007368058,0
7941,183.6430869169999,0.49058301374316216,0
7942,183.65452674997505,0.44166704174131155,0
7943,183.66668758401647,0.525540963280946,0
7944,183.6797919999808,0.43816701509058475,0
7945,183.69280962500488,0.2947499742731452,0
7946,183.70566608401714,0.2450409810990095,0
7947,183.71849591698265,,1
7948,183.83231870899908,0.6611659773625433,0
7949,183.8440807919833,0.6747500156052411,0
7950,183.85734966699965,,1
7951,183.9697383340099,0.630208000075072,0
7952,183.982482041989,0.4336670390330255,0
7953,183.99363400001312,0.4218340036459267,0
7954,184.00418183399597,0.3103329800069332,0
7955,184.0158274170244,0.3629999700933695,0
7956,184.02806529199006,0.386208004783839,0
7957,184.04102058400167,0.34187501296401024,0
7958,184.0517775840126,0.34641596721485257,0
7959,184.0636484589777,0.32762502087280154,0
7960,184.0746607920155,1.0594999766908586,0
7961,184.0882695420296,0.1569579471834004,0
7962,184.10098587500397,,1
7963,184.2148103340296,0.5438749794848263,0
7964,184.22639000002528,0.4794589476659894,0
7965,184.23979620897444,0.2972910297103226,0
7966,184.25267125002574,0.45779196079820395,0
7967,184.2645502089872,0.44241599971428514,0
7968,184.2759705419885,0.306583009660244,0
7969,184.28818650002358,0.17208396457135677,0
7970,184.300906458986,0.3267500433139503,0
7971,184.31184525002027,0.3718750085681677,0
7972,184.32478033402003,0.32945798011496663,0
7973,184.33552487497218,0.36875001387670636,0
7974,184.3484559589997,0.38304098416119814,0
7975,184.36140004202025,0.31816697446629405,0
7976,184.37374179199105,0.2898750244639814,0
7977,184.38644070900045,0.29499997617676854,0
7978,184.39928095898358,0.25933299912139773,0
7979,184.41041270899586,,1
7980,184.5242198340129,2.204165968578309,0
7981,184.53680287499446,0.750750012230128,0
7982,184.55016062501818,0.5382919916883111,0
7983,184.56245929200668,0.48041698755696416,0
7984,184.5746315420256,1.52374996105209,0
7985,184.58872466697358,0.38000004133209586,0
7986,184.6006884590024,0.5123330047354102,0
7987,184.61385908402735,0.4581249668262899,0
7988,184.62642304197652,0.48800004879012704,0
7989,184.63767099997494,0.3587090177461505,0
7990,184.6506077920203,0.47862500650808215,0
7991,184.66281524999067,0.4090840229764581,0
7992,184.67469595902367,0.19066600361838937,0
7993,184.6874496670207,0.3101250040344894,0
7994,184.70034604199464,0.4016250022687018,0
7995,184.71331420901697,0.39499998092651367,0
7996,184.72629899997264,0.44166704174131155,0
7997,184.73933316697367,0.47325005289167166,0
7998,184.75114324997412,0.3695000195875764,0
7999,184.76409979199525,0.4640420083887875,0
8000,184.77614112501033,0.370583962649107,0
8001,184.78867874998832,0.3439169959165156,0
8002,184.80023162497673,0.4313749959692359,0
8003,184.81327295902884,0.3924159682355821,0
8004,184.82390545902308,0.39791595190763474,0
8005,184.83695525000803,0.4794169799424708,0
8006,184.84809495898662,0.4189580213278532,0
8007,184.86111112497747,0.4324170295149088,0
8008,184.8739005419775,0.35520800156518817,0
8009,184.88555250002537,0.4081669612787664,0
8010,184.89950433402555,0.5388749996200204,0
8011,184.91099983401364,0.5663749761879444,0
8012,184.92208358400967,0.41270797373726964,0
8013,184.93347458401695,0.39612496038898826,0
8014,184.94579600001452,0.5643339827656746,0
8015,184.95797095901798,0.3102499758824706,0
8016,184.9708257089951,0.31224999111145735,0
8017,184.98247108398937,0.22179103689268231,0
8018,184.99524804198882,0.3747920272871852,0
8019,185.00922250002623,0.6234169704839587,0
8020,185.02006750000874,0.43991697020828724,0
8021,185.03247820900287,0.5365409888327122,0
8022,185.04559641698143,0.5094170337542892,0
8023,185.05869520897977,0.2674160059541464,0
8024,185.07150504202582,0.22829195950180292,0
8025,185.08430870901793,0.4438749747350812,0
8026,185.0963100839872,0.30516600236296654,0
8027,185.10916112497216,,1
8028,185.2205707919784,0.4825000069104135,0
8029,185.23252287501236,,1
8030,185.34422958397772,0.4425829974934459,0
8031,185.3572694999748,0.32995903166010976,0
8032,185.36920495901722,0.2650409587658942,0
8033,185.38188845902914,0.3958749584853649,0
8034,185.39489454199793,0.39370800368487835,0
8035,185.4083174589905,1.1863749823532999,0
8036,185.42045829200651,0.26466697454452515,0
8037,185.4333061670186,0.3291249740868807,0
8038,185.44619941699784,0.3098329761996865,0
8039,185.45760370901553,0.6204159581102431,0
8040,185.46872683399124,0.3619579947553575,0
8041,185.4816777089727,0.2737500471994281,0
8042,185.49216870899545,1.3939160271547735,0
8043,185.50530120899202,0.28491602279245853,0
8044,185.51814729202306,,1
8045,185.6302351669874,0.27879199478775263,0
8046,185.64085308398353,0.2668329980224371,0
8047,185.6536937499768,,1
8048,185.7653944590129,0.5890830070711672,0
8049,185.77654570899904,0.3356250235810876,0
8050,185.78788075002376,0.42462500277906656,0
8051,185.7984389589983,0.8383750100620091,0
8052,185.81095829198603,0.3512499970383942,0
8053,185.82394283398753,,1
8054,185.93797933397582,0.48166600754484534,0
8055,185.9487450000015,0.3920419840142131,0
8056,185.96173145901412,0.3060000017285347,0
8057,185.97464545897674,0.4429160035215318,0
8058,185.98767887498252,0.4989590379409492,0
8059,186.00129500002367,0.48562500160187483,0
8060,186.0144002920133,0.39591698441654444,0
8061,186.02739458397264,0.4387910012155771,0
8062,186.0404185000225,0.35258400021120906,0
8063,186.0533457089914,0.3054160042665899,0
8064,186.06549579201965,0.35387498792260885,0
8065,186.07764454197604,0.32525003189221025,0
8066,186.0893215839751,0.2770830178633332,0
8067,186.10219691699604,,1
8068,186.21492712502368,0.37774996599182487,0
8069,186.2256359999883,0.5779589992016554,0
8070,186.23881654202705,,1
8071,186.35263741697418,0.5097920075058937,0
8072,186.36527637502877,0.3369170008227229,0
8073,186.37648475001333,0.4543339600786567,0
8074,186.38954191701487,0.5669170059263706,0
8075,186.40270249999594,0.5343750235624611,0
8076,186.4160976249841,0.4324170295149088,0
8077,186.427644166979,0.32308301888406277,0
8078,186.44400595902698,,1
8079,186.55790958402213,0.5760409985668957,0
8080,186.57019724999554,0.33170898677781224,0
8081,186.58309133397415,,1
8082,186.6968024590169,0.647165987174958,0
8083,186.70917108398862,0.8668330265209079,0
8084,186.72302995901555,0.6130829569883645,0
8085,186.73596912500216,0.5708750104531646,0
8086,186.74676516698673,0.6813330110162497,0
8087,186.76208937499905,1.3335419935174286,0
8088,186.77818720898358,1.0044160299003124,0
8089,186.79229820898036,0.39183301851153374,0
8090,186.8053206250188,,1
8091,186.91777616698528,0.526999996509403,0
8092,186.92974520899588,0.457499991171062,0
8093,186.94156762497732,0.3076250432059169,0
8094,186.95443054201314,0.33370801247656345,0
8095,186.96532916702563,0.41016697650775313,0
8096,186.97828799998388,0.47316699055954814,0
8097,186.99053150002146,0.5159999709576368,0
8098,187.00361633399734,0.4734580288641155,0
8099,187.01665537501685,0.5419169901870191,0
8100,187.0297974999994,0.5962920258753002,0
8101,187.04219658399234,0.7609580061398447,0
8102,187.05555579200154,0.4041669890284538,0
8103,187.06856475002132,0.4016669699922204,0
8104,187.07977354200557,,1
8105,187.19224991701776,0.5089169717393816,0
8106,187.2053339999984,0.43987500248476863,0
8107,187.21834883402335,0.4652499919757247,0
8108,187.2314068339765,0.5147080519236624,0
8109,187.24436679197242,0.5295000155456364,0
8110,187.2574995420291,0.464749988168478,0
8111,187.27058574999683,,1
8112,187.38521554198815,0.35570800537243485,0
8113,187.39815391699085,0.464749988168478,0
8114,187.40903425001306,0.3224589745514095,0
8115,187.42072870902484,0.27674995362758636,0
8116,187.43355870898813,0.41912501910701394,0
8117,187.44433316698996,0.4391670227050781,0
8118,187.45622495899443,0.5039580282755196,0
8119,187.4677978340187,0.3570829867385328,0
8120,187.48755483399145,,1
8121,187.59914075001143,0.6981670157983899,0
8122,187.61239208397456,0.32291602110490203,0
8123,187.6253492499818,0.5025840364396572,0
8124,187.638417167007,,1
8125,187.7521740840166,0.4438749747350812,0
8126,187.76518329198007,0.32391701824963093,0
8127,187.77764754201053,0.3856249968521297,0
8128,187.7881032919977,,1
8129,187.9001509170048,0.41583296842873096,0
8130,187.91096225002548,0.22708397591486573,0
8131,187.92232787498506,0.1674590166658163,0
8132,187.9350278750062,,1
8133,188.0487207500264,0.4918749909847975,0
8134,188.06182991701644,0.4490420105867088,0
8135,188.07473820901942,0.39775000186637044,0
8136,188.087708209001,0.3852079971693456,0
8137,188.09915187500883,0.38241699803620577,0
8138,188.1121334169875,0.3642080118879676,0
8139,188.12463929201476,0.25037501472979784,0
8140,188.13587620900944,0.3256659838370979,0
8141,188.1487700000289,0.42624998604878783,0
8142,188.16177258401876,0.4354999982751906,0
8143,188.17490991699742,1.034833025187254,0
8144,188.1885700839921,0.5750000127591193,0
8145,188.19943924999097,0.410459004342556,0
8146,188.21146983397193,0.3897500573657453,0
8147,188.22446045902325,1.580999989528209,0
8148,188.23867620900273,0.5081249983049929,0
8149,188.25178129202686,0.5710419500246644,0
8150,188.2649509590119,,1
8151,188.37600666697836,0.30087505001574755,0
8152,188.38774137501605,,1
8153,188.50181400001748,0.5467089940793812,0
8154,188.51495729200542,0.5913330242037773,0
8155,188.52765654202085,0.3922919859178364,0
8156,188.53906412498327,0.3075420390814543,0
8157,188.5519585420261,,1
8158,188.66575362498406,0.5760419880971313,0
8159,188.6776497089886,0.32049999572336674,0
8160,188.68903679202776,0.34024997148662806,0
8161,188.70193270902382,0.2597079728730023,0
8162,188.71297462499933,0.29687501955777407,0
8163,188.72456887498265,,1
8164,188.83834166702582,0.44962496031075716,0
8165,188.84967750002397,0.375000003259629,0
8166,188.86193737498252,0.5380000220611691,0
8167,188.87471662502503,0.8630839874967933,0
8168,188.88814812502824,,1
8169,189.00046170898713,0.7203330169431865,0
8170,189.0125683749793,0.41725003393366933,0
8171,189.0258022089838,0.5719999899156392,0
8172,189.0384649169864,,1
8173,189.151104959019,0.6345830042846501,0
8174,189.1630302920239,0.7469579577445984,0
8175,189.1755783749977,0.3209999995306134,0
8176,189.18680062500061,,1
8177,189.2991649999749,0.8584170136600733,0
8178,189.31259824999142,1.4780840137973428,0
8179,189.3266436670092,,1
8180,189.439343541977,0.5206670030020177,0
8181,189.45248091698159,0.4211670020595193,0
8182,189.46344887500163,0.6168750114738941,0
8183,189.4767692500027,0.5222500185482204,0
8184,189.48989662498934,0.41245901957154274,0
8185,189.50287604198093,0.42758299969136715,0
8186,189.51406854199013,0.4384579951874912,0
8187,189.52708920900477,0.3393329679965973,0
8188,189.53778987500118,0.4029169795103371,0
8189,189.55078354198486,0.5482920096255839,0
8190,189.563921959023,0.5402499809861183,0
8191,189.57713024999248,0.41137501830235124,0
8192,189.5895812920062,0.3589169937185943,0
8193,189.60251962498296,0.35491702146828175,0
8194,189.6154594999971,0.3017500275745988,0
8195,189.62833904201398,0.27016695821657777,0
8196,189.64082079200307,0.28558302437886596,0
8197,189.65366279199952,0.30041701393201947,0
8198,189.66651745897252,0.2708330284804106,0
8199,189.67763991700485,0.26545801665633917,0
8200,189.69045599998208,0.2387920394539833,0
8201,189.70235949999187,0.2696249866858125,0
8202,189.7151782499859,,1
8203,189.82764550001593,0.5564590101130307,0
8204,189.84079312498216,0.4337500431574881,0
8205,189.85381916700862,0.4912500153295696,0
8206,189.86689708399354,0.4653329961001873,0
8207,189.87958220898872,0.5084160366095603,0
8208,189.8917009169818,0.49170799320563674,0
8209,189.9028919590055,0.5007499712519348,0
8210,189.91543858399382,,1
8211,190.02798741700826,0.9279579971916974,0
8212,190.0427800840116,1.409082964528352,0
8213,190.05639691697434,0.2649580128490925,0
8214,190.06923349999124,0.39420899702236056,0
8215,190.0800867920043,0.3189580165781081,0
8216,190.0924740419723,1.1864580446854234,0
8217,190.10630458401283,0.44241599971428514,0
8218,190.1193450000137,0.4195419605821371,0
8219,190.12985383399064,0.4104999825358391,0
8220,190.14397687499877,0.3386249882169068,0
8221,190.15512820897857,0.29341602930799127,0
8222,190.16800954198698,0.3094170242547989,0
8223,190.1805951250135,0.32283400651067495,0
8224,190.19281258399133,0.5212079850025475,0
8225,190.20438204199309,0.2304170047864318,0
8226,190.21739891701145,,1
8227,190.33136075001676,0.45895896619185805,0
8228,190.34442429197952,0.3830420318990946,0
8229,190.35739224997815,,1
8230,190.46984733402496,0.3392499638721347,0
8231,190.4825011669891,,1
8232,190.59637362498324,0.465167046058923,0
8233,190.60895675001666,0.3646669792942703,0
8234,190.62189574999502,,1
8235,190.73593399999663,,1
8236,190.84990912501235,0.458541966509074,0
8237,190.86295687500387,,1
8238,190.97686062502908,,1
8239,191.0912587090279,1.5837499522604048,0
8240,191.10545962501783,0.6464169709943235,0
8241,191.11685895902338,0.4672079812735319,0
8242,191.1287680839887,0.49895799020305276,0
8243,191.14226779202,0.42754196329042315,0
8244,191.15529700001935,0.5591670051217079,0
8245,191.16845687502064,0.4306669579818845,0
8246,191.1799411670072,0.46366697642952204,0
8247,191.19359891698696,0.3915830166079104,0
8248,191.2049407089944,0.4729580250568688,0
8249,191.21878020901931,0.315624987706542,0
8250,191.23159458400914,0.36520801950246096,0
8251,191.2432958339923,0.5452909972518682,0
8252,191.25544666702626,,1
8253,191.36778525001137,0.25812501553446054,0
8254,191.38060508400667,0.30408299062401056,0
8255,191.39173483400373,0.3774159704335034,0
8256,191.40295041701756,0.35095796920359135,0
8257,191.41554249997716,0.3889170475304127,0
8258,191.42670125002041,0.40729198371991515,0
8259,191.43967724998947,0.26300002355128527,0
8260,191.45248883398017,0.39791601011529565,0
8261,191.46545720897848,0.39433303754776716,0
8262,191.47692179202568,0.3284169943071902,0
8263,191.48752941697603,0.3636670298874378,0
8264,191.50049204198876,,1
8265,191.61378708400298,0.6036660051904619,0
8266,191.6262735420023,0.34725002478808165,0
8267,191.63865362497745,,1
8268,191.75110433402006,0.5605409969575703,0
8269,191.76547070901142,0.4443749785423279,0
8270,191.7786700000288,0.5237089935690165,0
8271,191.79269562498666,0.44816703302785754,0
8272,191.80443866702262,0.5167079507373273,0
8273,191.8176543749869,0.4484170349314809,0
8274,191.82936133397743,0.447416037786752,0
8275,191.8426239999826,0.6655420293100178,0
8276,191.85526287497487,0.5187500501051545,0
8277,191.86847566702636,0.6289579905569553,0
8278,191.8817689170246,0.5492499913088977,0
8279,191.8949469589861,0.5782910156995058,0
8280,191.90815129200928,0.4206669982522726,0
8281,191.92117570899427,0.6727500003762543,0
8282,191.93440208397806,0.6116660078987479,0
8283,191.94618254201487,0.5327920080162585,0
8284,191.95750204200158,0.6642499938607216,0
8285,191.97080395900412,0.629457994364202,0
8286,191.98406862502452,0.5625839694403112,0
8287,191.99543920898577,0.5434580380097032,0
8288,192.00795916700736,0.5687079974450171,0
8289,192.0204661670141,0.46016700798645616,0
8290,192.03338958398672,0.37416600389406085,0
8291,192.0463281670236,0.3480419982224703,0
8292,192.0586607499863,0.37212501047179103,0
8293,192.06968775001587,0.4504999960772693,0
8294,192.08248254202772,0.3982079797424376,0
8295,192.09546408400638,0.40362501749768853,0
8296,192.10798541700933,0.3910419763997197,0
8297,192.12005991698243,0.4097920027561486,0
8298,192.13305445900187,0.391666020732373,0
8299,192.14498899999307,0.49570901319384575,0
8300,192.1581017919816,0.6160420016385615,0
8301,192.1713063340285,0.4316659760661423,0
8302,192.18460645899177,0.4262080183252692,0
8303,192.1961267919978,0.6183750228956342,0
8304,192.20896075002383,0.44404197251424193,0
8305,192.22202245902736,,1
8306,192.33598166698357,,1
8307,192.44745654199505,0.4674170049838722,0
8308,192.46076987497509,0.3034590044990182,0
8309,192.47364600002766,0.31824997859075665,0
8310,192.4873027499998,0.7200000109151006,0
8311,192.50078904198017,0.4110420122742653,0
8312,192.51378862501588,0.3078749869018793,0
8313,192.5245678339852,3.0120830051600933,0
8314,192.5382283750223,0.3537499578669667,0
8315,192.55009350000182,0.31174998730421066,0
8316,192.56311966700014,,1
8317,192.67446791700786,0.3731250180862844,0
8318,192.68492558400612,,1
8319,192.79874033399392,0.6184999947436154,0
8320,192.8119657090283,0.5140829598531127,0
8321,192.8255981670227,0.5478329840116203,0
8322,192.8363217919832,0.4962080274708569,0
8323,192.84787325002253,0.689124979544431,0
8324,192.861194624973,0.4902500077150762,0
8325,192.87430020899046,0.6697500357404351,0
8326,192.8875922500156,0.4460419877432287,0
8327,192.90063641697634,0.5225420463830233,0
8328,192.9137719590217,0.4416659940034151,0
8329,192.92574537498876,0.43275003554299474,0
8330,192.93878183397464,0.4475830355659127,0
8331,192.95050062501105,0.48749998677521944,0
8332,192.9633242089767,0.36229100078344345,0
8333,192.97644583397778,0.45179104199633,0
8334,192.98953025002265,0.5082499701529741,0
8335,193.0031473339768,0.415540998801589,0
8336,193.01615833397955,0.4478750051930547,0
8337,193.02920662501128,0.49999996554106474,0
8338,193.04186433402356,1.4937079977244139,0
8339,193.0559617090039,0.44845801312476397,0
8340,193.06901095900685,0.4508749698288739,0
8341,193.08081062498968,0.5287500098347664,0
8342,193.09395508398302,0.5710410187020898,0
8343,193.10520524997264,0.5030420143157244,0
8344,193.117819416977,0.6335829966701567,0
8345,193.1310593750095,0.5577090196311474,0
8346,193.14315362501657,0.4318749997764826,0
8347,193.15619299997343,0.49212505109608173,0
8348,193.1693046669825,0.5322080105543137,0
8349,193.18140887498157,0.4450000124052167,0
8350,193.19433433399536,0.4397910088300705,0
8351,193.20507741702022,0.4415829898789525,0
8352,193.21964845899493,0.31937501626089215,0
8353,193.2308762089815,,1
8354,193.34473324997816,0.46616699546575546,0
8355,193.35780291701667,,1
8356,193.47160933399573,0.3667499986477196,0
8357,193.48342512501404,0.41720899753272533,0
8358,193.49639704200672,,1
8359,193.61015362502076,0.46195898903533816,0
8360,193.62316937500145,0.280833977740258,0
8361,193.63598625001032,0.2952089998871088,0
8362,193.64882908400614,0.2847079886123538,0
8363,193.66164504201151,0.2824579714797437,0
8364,193.67446958401706,0.2853329642675817,0
8365,193.68732049997197,0.35191705683246255,0
8366,193.69903883402003,,1
8367,193.81291995901847,0.5255829892121255,0
8368,193.82457250001607,0.24933397071436048,0
8369,193.83739862497896,,1
8370,193.9492492499994,0.4367090296000242,0
8371,193.9600972919725,0.4444580408744514,0
8372,193.97314129199367,0.34908298403024673,0
8373,193.985150374996,0.2321670181117952,0
8374,193.99794883397408,0.4343330510891974,0
8375,194.01098170899786,0.49891602247953415,0
8376,194.02410554199014,0.4515000036917627,0
8377,194.03601070900913,0.31462498009204865,0
8378,194.04766445897985,0.4042910295538604,0
8379,194.0597466250183,0.4325839690864086,0
8380,194.07156683399808,0.2240000176243484,0
8381,194.08435158402426,0.45674998546019197,0
8382,194.09492599999066,0.6604170193895698,0
8383,194.10815262497636,0.2614170080050826,0
8384,194.12096658401424,0.31637499341741204,0
8385,194.132988959027,0.27262495132163167,0
8386,194.1458381669945,0.45720802154392004,0
8387,194.157984459016,,1
8388,194.27114795899251,0.5594579852186143,0
8389,194.2822923749918,,1
8390,194.39602525002556,0.4351249663159251,0
8391,194.4090185840032,0.3845409955829382,0
8392,194.4220065419795,0.29137503588572145,0
8393,194.43438795901602,0.3333750064484775,0
8394,194.44493483402766,0.420207972638309,0
8395,194.45752470899606,0.30462502036243677,0
8396,194.47041779197752,0.346458051353693,0
8397,194.48205200000666,0.2684170030988753,0
8398,194.49358687497443,0.3761670086532831,0
8399,194.50657970900647,0.42954098898917437,0
8400,194.5180912920041,0.3279579686932266,0
8401,194.5291116249864,0.3861250006593764,0
8402,194.5421334169805,0.31870801467448473,0
8403,194.55503870901885,,1
8404,194.6688463750179,0.3879590076394379,0
8405,194.68181337497663,0.22070901468396187,0
8406,194.69343541702256,0.3314169589430094,0
8407,194.70635608397424,0.5026250146329403,0
8408,194.71946287498577,,1
8409,194.83248924999498,0.5152089870534837,0
8410,194.8443142499891,0.2470840117894113,0
8411,194.85492970899213,0.2762500080280006,0
8412,194.8658353749779,0.3725000424310565,0
8413,194.8765606249799,0.19904202781617641,0
8414,194.88930608402006,0.17291598487645388,0
8415,194.90202029200736,0.19354198593646288,0
8416,194.91246929200133,0.183542026206851,0
8417,194.9245671670069,0.19170797895640135,0
8418,194.93730741698528,,1
8419,195.0491700419807,0.545542046893388,0
8420,195.06055950000882,0.4086669650860131,0
8421,195.0724409170216,0.238874985370785,0
8422,195.08525374997407,,1
8423,195.19864104199223,0.5644580232910812,0
8424,195.21182374999626,0.23858400527387857,0
8425,195.22456608398352,0.21441600983962417,0
8426,195.2373322499916,0.20454201148822904,0
8427,195.24920154199935,0.20062498515471816,0
8428,195.26122683397261,0.22720801644027233,0
8429,195.2740190839977,0.282708031591028,0
8430,195.2852510419907,0.3429580247029662,0
8431,195.29816029197536,0.5651670508086681,0
8432,195.3088563340134,0.5453749909065664,0
8433,195.32181458402192,0.5735000013373792,0
8434,195.33253704197705,0.4063750384375453,0
8435,195.34550279198447,,1
8436,195.456868209003,0.4558750079013407,0
8437,195.46927466697525,0.25995803298428655,0
8438,195.47962716699112,0.2764579840004444,0
8439,195.4931729590171,0.44837500900030136,0
8440,195.50617487501586,,1
8441,195.61884812498465,0.534959021024406,0
8442,195.63199437502772,0.47812494449317455,0
8443,195.64665233402047,0.49700000090524554,0
8444,195.66065924998838,0.9404169977642596,0
8445,195.67418791702949,0.33179199090227485,0
8446,195.68707400001585,0.20758400205522776,0
8447,195.69983175001107,0.1828339882194996,0
8448,195.7125486250152,0.18237496260553598,0
8449,195.72458545898553,0.27904100716114044,0
8450,195.73744241701206,0.3939999733120203,0
8451,195.75043345900485,0.38712500827386975,0
8452,195.7629596249899,0.5755419842898846,0
8453,195.7751874999958,0.274333986453712,0
8454,195.78802362497663,0.27412502095103264,0
8455,195.7999108340009,,1
8456,195.91192404198227,0.7589579909108579,0
8457,195.9228677499923,0.21033402299508452,0
8458,195.93469516700134,0.2697919844649732,0
8459,195.95248833397636,,1
8460,196.06560370902298,0.4712079535238445,0
8461,196.07866150001064,0.38304197369143367,0
8462,196.09130700002424,0.6498749717138708,0
8463,196.1029932089732,0.23766601225361228,0
8464,196.11487458401825,0.34379097633063793,0
8465,196.12653850001516,0.8837499772198498,0
8466,196.1400198750198,0.28058397583663464,0
8467,196.15286837500753,0.28962496435269713,0
8468,196.1657394170179,0.370624999050051,0
8469,196.17818983399775,0.4670000053010881,0
8470,196.18951516697416,0.4569170414470136,0
8471,196.2037465000176,0.47683395678177476,0
8472,196.21680470899446,0.31641602981835604,0
8473,196.22808329202235,0.6941669853404164,0
8474,196.24086983402958,3.8477909984067082,0
8475,196.25745029200334,0.4975000047124922,0
8476,196.28480920899892,0.727540988009423,0
8477,196.2964065420092,4.48887498350814,0
8478,196.31350183399627,2.6246660272590816,0
8479,196.32888041698607,0.681583012919873,0
8480,196.34271404199535,18.764958018437028,0
8481,196.37450616701972,1.6665419680066407,0
8482,196.3887509169872,0.250082986894995,0
8483,196.40015433402732,0.29137497767806053,0
8484,196.41102704202058,0.31658296938985586,0
8485,196.42403599998215,2.5117500335909426,0
8486,196.4387038749992,1.024792029056698,0
8487,196.45213962497655,,1
8488,196.56596129201353,0.5786250112578273,0
8489,196.5792819170165,0.8518749964423478,0
8490,196.5914802919724,0.4319170257076621,0
8491,196.60284145898186,0.38583303103223443,0
8492,196.6158362919814,0.4235419910401106,0
8493,196.62652904202696,0.24574995040893555,0
8494,196.6393490000046,0.38112502079457045,0
8495,196.65236604202073,0.3648749552667141,0
8496,196.66359245899366,0.39066601311787963,0
8497,196.67546599998605,0.387999985832721,0
8498,196.68730341701303,0.21416699746623635,0
8499,196.6995640840032,0.38425001548603177,0
8500,196.71102666697698,0.43929205276072025,0
8501,196.72341770899948,0.3891250235028565,0
8502,196.73524929198902,0.35508302971720695,0
8503,196.74818354198942,0.35095802741125226,0
8504,196.7611061250209,0.2961249556392431,0
8505,196.77404491702328,0.6814999505877495,0
8506,196.78739879198838,0.3559580072760582,0
8507,196.79970445897197,0.19450002582743764,0
8508,196.81248854199657,0.3944580093957484,0
8509,196.82463874999667,0.23862498346716166,0
8510,196.83527958398918,0.2116659888997674,0
8511,196.84805425000377,0.24912500521168113,0
8512,196.86086383397924,0.3322080010548234,0
8513,196.87286145897815,,1
8514,196.9856605840032,,1
8515,197.0999873750261,0.665208965074271,0
8516,197.1132815000019,0.5750840064138174,0
8517,197.12645816698205,0.27137500001117587,0
8518,197.13928858400322,0.4455000162124634,0
8519,197.1523183339741,0.5204160115681589,0
8520,197.1654446250177,0.4342090105637908,0
8521,197.1776448339806,0.4252500366419554,0
8522,197.19066016701981,0.45074999798089266,0
8523,197.2036809590063,0.5157910054549575,0
8524,197.21530283399625,0.4409159882925451,0
8525,197.22764308401383,0.42158301221206784,0
8526,197.24044870899525,0.45904098078608513,0
8527,197.25348549999762,0.34841703018173575,0
8528,197.26640941697406,,1
8529,197.37956224998925,0.4020840278826654,0
8530,197.39264337497298,0.6795840454287827,0
8531,197.40492579201236,0.31874998239800334,0
8532,197.417866416974,0.5309170228429139,0
8533,197.43098775000544,,1
8534,197.54431741702138,0.5738330073654652,0
8535,197.556647874997,0.3308749874122441,0
8536,197.56954116700217,0.34683302510529757,0
8537,197.58224070898723,0.3891250235028565,0
8538,197.5951833750005,0.3327919985167682,0
8539,197.60778187500546,0.39412500336766243,0
8540,197.61877883400302,0.6148329703137279,0
8541,197.6308743749978,0.6627499824389815,0
8542,197.64245770900743,0.5567079642787576,0
8543,197.6547421250143,0.5335420137271285,0
8544,197.66787745902548,,1
8545,197.7816279589897,0.391666020732373,0
8546,197.79212262498913,0.22658403031527996,0
8547,197.80412437499035,0.32237503910437226,0
8548,197.8170152499806,0.19325001630932093,0
8549,197.82974395900965,0.17862499225884676,0
8550,197.8424759170157,0.25345798349007964,0
8551,197.85528312501265,0.25687500601634383,0
8552,197.8680777089903,0.19833300029858947,0
8553,197.88082270900486,,1
8554,197.99455325002782,0.238833948969841,0
8555,198.00733920902712,,1
8556,198.1210018339916,0.6032499950379133,0
8557,198.13421058398671,0.5674579879269004,0
8558,198.14512166701024,0.42045797454193234,0
8559,198.1581670420128,0.659167009871453,0
8560,198.17093433398986,0.6691250018775463,0
8561,198.18417324998882,0.3654999891296029,0
8562,198.19635350001045,0.37941697519272566,0
8563,198.20757279201644,0.25516696041449904,0
8564,198.22042891697492,0.2400000230409205,0
8565,198.23249349999242,0.3535000141710043,0
8566,198.2443209590274,0.4614159697666764,0
8567,198.25712625001324,0.34724996658042073,0
8568,198.27005987497978,0.46733400085940957,0
8569,198.28311354201287,0.37945801159366965,0
8570,198.29418416699627,0.4362500039860606,0
8571,198.3065306249773,0.33112504752352834,0
8572,198.318032375013,0.31704199500381947,0
8573,198.33091720897937,0.40308304596692324,0
8574,198.3439166250173,0.47316699055954814,0
8575,198.35700554202776,0.48341695219278336,0
8576,198.37008870899444,0.37100003100931644,0
8577,198.38304133398924,0.37604098906740546,0
8578,198.3952435000101,0.7667089812457561,0
8579,198.40824341698317,0.4015830345451832,0
8580,198.42060574999778,0.3956250147894025,0
8581,198.43249924998963,0.3700419911183417,0
8582,198.44424024998443,0.4384590429253876,0
8583,198.45727945899125,0.3760000108741224,0
8584,198.4702948339982,0.45787502313032746,0
8585,198.48250037501566,0.3683749819174409,0
8586,198.49547129200073,0.4106250125914812,0
8587,198.50839224999072,0.2589169889688492,0
8588,198.5212089170236,0.2311249845661223,0
8589,198.53249637497356,0.34900003811344504,0
8590,198.5441554170102,0.43874996481463313,0
8591,198.55716987501364,,1
8592,198.67025808402104,0.35383296199142933,0
8593,198.6807397499797,0.3785000299103558,0
8594,198.69197129202075,0.24366698926314712,0
8595,198.70281454198994,1.2340000248514116,0
8596,198.71666316699702,0.40787499165162444,0
8597,198.7284959590179,0.39129098877310753,0
8598,198.73897808400216,,1
8599,198.8529472919763,0.4890830023214221,0
8600,198.86484345898498,0.4689160268753767,0
8601,198.87790141702862,,1
8602,198.9894007089897,0.5567080224864185,0
8603,199.00126862502657,0.6186249665915966,0
8604,199.01454283401836,0.8826249977573752,0
8605,199.0269862919813,0.42408303124830127,0
8606,199.03897262498504,0.38933398900553584,0
8607,199.0519641250139,,1
8608,199.16585729201324,,1
8609,199.27860895899357,0.42745802784338593,0
8610,199.29047479201108,0.2986670006066561,0
8611,199.30335645901505,0.45258295722305775,0
8612,199.31582987500587,0.4027499817311764,0
8613,199.32764695899095,0.3992500132881105,0
8614,199.33984308398794,0.3447500057518482,0
8615,199.35275037499378,0.48620899906381965,0
8616,199.3658162089996,0.5154579994268715,0
8617,199.37891870900057,0.6021659937687218,0
8618,199.39114920899738,0.3897080314345658,0
8619,199.40410233399598,0.3882080200128257,0
8620,199.4149300000281,0.3588339895941317,0
8621,199.4262184589752,0.4478750051930547,0
8622,199.4382549590082,0.40962500497698784,0
8623,199.45113391702762,,1
8624,199.5626005840022,,1
8625,199.67575616698014,,1
8626,199.78988683398347,,1
8627,199.90373087499756,0.6286670104600489,0
8628,199.915823791991,0.5638750153593719,0
8629,199.92763583402848,0.31533295987173915,0
8630,199.93822399998317,0.4717500414699316,0
8631,199.95076066697948,1.4710830291733146,0
8632,199.96487387502566,0.5363340023905039,0
8633,199.97802791697904,0.30933303060010076,0
8634,199.98843949998263,0.25037501472979784,0
8635,200.00114449998364,0.28954201843589544,0
8636,200.01398662501015,0.28962496435269713,0
8637,200.02503404201707,,1
8638,200.1391231250018,0.42562501039355993,0
8639,200.15146745898528,0.3725000424310565,0
8640,200.16312491701683,0.3555829753167927,0
8641,200.1741683750297,0.24195894366130233,0
8642,200.18696745898342,0.3805410233326256,0
8643,200.1999272920075,0.36870798794552684,0
8644,200.21140849997755,0.362000020686537,0
8645,200.22227108402876,1.0353749967180192,0
8646,200.2359066249919,0.41987502481788397,0
8647,200.2489160419791,0.4220000118948519,0
8648,200.25966412498383,0.6845000316388905,0
8649,200.27100900001824,,1
8650,200.38253187498776,0.5746670067310333,0
8651,200.39419570902828,0.39908295730128884,0
8652,200.4062069170177,0.419457966927439,0
8653,200.41920029197354,0.3518330049701035,0
8654,200.43251595902257,0.5580830038525164,0
8655,200.44462033401942,1.7593329539522529,0
8656,200.4573163749883,,1
8657,200.57283412502147,0.4782089963555336,0
8658,200.58565116702812,,1
8659,200.69914895901456,0.5888330051675439,0
8660,200.71233295899583,0.4842079943045974,0
8661,200.72546362498542,0.5840840167365968,0
8662,200.73862137499964,0.5702920025214553,0
8663,200.751744417008,0.4871669807471335,0
8664,200.76481833402067,0.44824997894465923,0
8665,200.7769357090001,0.6240829825401306,0
8666,200.78804604202742,0.3537079901434481,0
8667,200.80006749997847,0.33000000985339284,0
8668,200.81064608402085,0.4956659977324307,0
8669,200.82233537500724,0.3387500182725489,0
8670,200.83522654202534,0.3500829916447401,0
8671,200.84812962502474,0.44354196870699525,0
8672,200.8589118749951,0.5922089912928641,0
8673,200.87207666697213,0.44895801693201065,0
8674,200.88271795900073,0.6672500167042017,0
8675,200.89474374998827,0.5435839993879199,0
8676,200.90747066697804,0.4474170273169875,0
8677,200.92232316697482,0.621542043518275,0
8678,200.9355944590061,0.6592500139959157,0
8679,200.94885220902506,0.5248749512247741,0
8680,200.96004862501286,0.7641669944860041,0
8681,200.97204591700574,0.6808749749325216,0
8682,200.98531100002583,0.36937498953193426,0
8683,200.99766141700093,0.4412920097820461,0
8684,201.0099077919731,0.25454204296693206,0
8685,201.02273137500742,0.3594589652493596,0
8686,201.0344074590248,0.1665409654378891,0
8687,201.04712945898063,0.3403750015422702,0
8688,201.05831866699737,0.22116699256002903,0
8689,201.06926641700557,0.3321670228615403,0
8690,201.08219941699645,,1
8691,201.194989333977,,1
8692,201.30886658397503,0.6845410098321736,0
8693,201.32213854201837,0.6114169955253601,0
8694,201.33461454202188,0.5626669735647738,0
8695,201.34777829202358,0.46924996422603726,0
8696,201.36090625001816,0.4905840032733977,0
8697,201.3734090839862,0.5547910113818944,0
8698,201.38572362501873,5.417375010438263,0
8699,201.40233412501402,,1
8700,201.51581587502733,0.5121249705553055,0
8701,201.52891175000696,0.3462919848971069,0
8702,201.541296624986,0.22654200438410044,0
8703,201.5533781669801,0.5212080432102084,0
8704,201.5658291670261,0.3893329994753003,0
8705,201.57797995902365,,1
8706,201.68938112497563,0.5043340497650206,0
8707,201.70119666698156,0.572625023778528,0
8708,201.71437862497987,0.5292920395731926,0
8709,201.72575262497412,0.5200420273467898,0
8710,201.738866959,0.45683298958465457,0
8711,201.75191345898202,0.5028329906053841,0
8712,201.7650077919825,0.4806669894605875,0
8713,201.77799154201057,0.7273749797604978,0
8714,201.79144233401166,1.7821249784901738,0
8715,201.80581966700265,0.6235829787328839,0
8716,201.8190512090223,0.3959579626098275,0
8717,201.8298369590193,0.44066598638892174,0
8718,201.84113045898266,0.2704579965211451,0
8719,201.8528628749773,0.6075840210542083,0
8720,201.86584995902376,0.45420799870043993,0
8721,201.87765966699226,,1
8722,201.99279416701756,0.6417499971576035,0
8723,202.00567787501495,0.42704195948317647,0
8724,202.0180513340165,0.5424160044640303,0
8725,202.03120079200016,0.5101250135339797,0
8726,202.04307862499263,0.6359170074574649,0
8727,202.0555446249782,0.4431669949553907,0
8728,202.06859237502795,0.5126249743625522,0
8729,202.08172754198313,0.538207998033613,0
8730,202.0946581250173,0.35212497459724545,0
8731,202.1066588750109,,1
8732,202.22057183401193,0.4551659803837538,0
8733,202.23251216701465,0.3894579713232815,0
8734,202.2455019999761,0.41550002060830593,0
8735,202.25851304200478,0.38949999725446105,0
8736,202.26983150001615,0.5159589927643538,0
8737,202.28232829202898,0.46079198364168406,0
8738,202.29359720897628,0.5076660308986902,0
8739,202.30535220901947,0.4784580087289214,0
8740,202.31844366702717,0.5195419653318822,0
8741,202.3315755840158,0.4664579755626619,0
8742,202.34303987497697,0.4490840365178883,0
8743,202.35384774999693,2.0725420326925814,0
8744,202.36848599999212,,1
8745,202.48273437499302,0.4287090268917382,0
8746,202.49575737502892,0.5466669681482017,0
8747,202.50797366700135,0.5408329889178276,0
8748,202.5210207090131,0.4901249776594341,0
8749,202.53411133401096,0.44241599971428514,0
8750,202.54980512498878,,1
8751,202.66371045901906,0.6181659991852939,0
8752,202.67464062501676,0.4079589853063226,0
8753,202.68762729200535,0.3034999826923013,0
8754,202.6991461670259,0.3726249560713768,0
8755,202.71208758401917,,1
8756,202.825723499991,0.4432090208865702,0
8757,202.8387317089946,0.2990409848280251,0
8758,202.85159370902693,,1
8759,202.96479050000198,0.7173750200308859,0
8760,202.97664116701344,0.6278749788179994,0
8761,202.9883479590062,0.580540974624455,0
8762,203.00028354197275,,1
8763,203.11430208402453,0.6329999887384474,0
8764,203.12510545901023,0.44999999227002263,0
8765,203.13698229199508,0.5950420163571835,0
8766,203.15014420897933,0.6112080300226808,0
8767,203.16093850001926,0.6922499742358923,0
8768,203.1742124169832,0.6643750239163637,0
8769,203.18558687501354,0.6653339951299131,0
8770,203.1988852089853,0.7445410010404885,0
8771,203.21163974999217,0.7836250006221235,0
8772,203.225086749997,0.8906250004656613,0
8773,203.23746637499426,0.782167015131563,0
8774,203.25089550000848,,1
8775,203.3639740839717,0.5938750109635293,0
8776,203.37591062497813,0.2464590361341834,0
8777,203.38649170898134,0.5195410340093076,0
8778,203.39961362502072,0.4900419735349715,0
8779,203.41147929197177,0.3279580269008875,0
8780,203.4243959999876,0.6176669849082828,0
8781,203.4376153339981,0.3328329767100513,0
8782,203.45055212499574,0.6275420309975743,0
8783,203.46284020901658,0.38112496258690953,0
8784,203.47581495897612,0.3231250448152423,0
8785,203.48654195899144,0.42983301682397723,0
8786,203.49955725000473,0.2863340196199715,0
8787,203.51098825002555,0.2953749499283731,0
8788,203.52394354197895,0.6358750397339463,0
8789,203.53718837501947,0.3433339879848063,0
8790,203.55013070901623,0.5762079963460565,0
8791,203.56333295902004,0.5539580015465617,0
8792,203.57547779200831,0.500541995279491,0
8793,203.5883672090131,,1
8794,203.69973975000903,0.528791977558285,0
8795,203.71108995901886,0.2709580003283918,0
8796,203.72330374998273,0.4717500414699316,0
8797,203.73638916702475,0.32887497218325734,0
8798,203.74684916698607,0.28495799051597714,0
8799,203.75953183398815,0.4474580055102706,0
8800,203.77100833400618,,1
8801,203.88479429198196,0.4277080297470093,0
8802,203.89589166699443,0.4724169848486781,0
8803,203.90798237500712,0.46783400466665626,0
8804,203.92106224998133,0.6236250046640635,0
8805,203.9343644999899,0.6907089846208692,0
8806,203.94771454198053,0.5467919982038438,0
8807,203.96091779199196,0.5071670166216791,0
8808,203.97162974998355,0.3945420030504465,0
8809,203.98322950000875,0.3812090144492686,0
8810,203.99480412498815,0.2876250073313713,0
8811,204.00765854201745,0.30745798721909523,0
8812,204.0189312089933,0.5647910293191671,0
8813,204.0305706670042,0.32524997368454933,0
8814,204.04208212497178,0.41316705755889416,0
8815,204.0551089589717,0.5196660058572888,0
8816,204.06822429201566,0.4509579739533365,0
8817,204.07967512501637,0.6609999691136181,0
8818,204.09275937499478,0.3625000244937837,0
8819,204.10533191700233,0.35141699481755495,0
8820,204.1172568339971,0.39474997902289033,0
8821,204.13025387498783,0.5427500000223517,0
8822,204.14132350002183,0.4866249510087073,0
8823,204.15442158398218,0.570833042729646,0
8824,204.1668279999867,0.4942920058965683,0
8825,204.17853504198138,,1
8826,204.2920595839969,0.4273329977877438,0
8827,204.30531733401585,0.2348329871892929,0
8828,204.31580954202218,0.2972499933093786,0
8829,204.32863929198356,0.22183300461620092,0
8830,204.34140525001567,0.26158400578424335,0
8831,204.3542185840197,0.27904100716114044,0
8832,204.36701225000434,0.4883339861407876,0
8833,204.38010558398673,,1
8834,204.49334099999396,0.3664999967440963,0
8835,204.50442633399507,0.3332500346004963,0
8836,204.5162711670273,0.3992919810116291,0
8837,204.52811920898966,0.37820800207555294,0
8838,204.54109875002177,0.678666983731091,0
8839,204.5545795839862,,1
8840,204.66837658401346,0.543624977581203,0
8841,204.68152504198952,0.4841670161113143,0
8842,204.69460829201853,,1
8843,204.80607858399162,0.5300830234773457,0
8844,204.81921708397567,0.570833042729646,0
8845,204.83243995899102,0.5209579830989242,0
8846,204.84557391697308,0.5460830288939178,0
8847,204.85813933401369,0.3025829792022705,0
8848,204.86928504199022,0.3292500041425228,0
8849,204.88149087497732,0.4727920168079436,0
8850,204.8943268340081,0.6358330138027668,0
8851,204.90766291698674,,1
8852,205.0206657089875,0.6977500161156058,0
8853,205.03348170901882,0.5589579814113677,0
8854,205.04477587499423,,1
8855,205.15877154201735,0.5215829587541521,0
8856,205.1697772089974,0.31037500593811274,0
8857,205.18210579198785,0.3673330065794289,0
8858,205.19505099998787,0.5375419859774411,0
8859,205.2082218339783,0.7121250382624567,0
8860,205.21978104201844,0.5279169999994338,0
8861,205.23176666698419,0.459333008620888,0
8862,205.24479683401296,0.2804999821819365,0
8863,205.25703504198464,0.42708299588412046,0
8864,205.268862041994,0.43520802864804864,0
8865,205.28188399999635,0.6046670023351908,0
8866,205.29507225000998,0.5098750116303563,0
8867,205.30880270898342,1.665041025262326,0
8868,205.32304712501355,0.3791669732891023,0
8869,205.33603379200213,0.5188750219531357,0
8870,205.3491670420044,0.44662499567493796,0
8871,205.36219666700345,0.2341250074096024,0
8872,205.37424016697332,0.6899170111864805,0
8873,205.38686845899792,0.5949999904260039,0
8874,205.39967670902843,0.48274995060637593,0
8875,205.41098366701044,,1
8876,205.52385620900895,0.4446249804459512,0
8877,205.53693895897595,,1
8878,205.65072295902064,0.5398750072345138,0
8879,205.66333762498107,0.5166670307517052,0
8880,205.6759923340287,0.39620796451345086,0
8881,205.68897287501022,,1
8882,205.8027774170041,0.6119169993326068,0
8883,205.81347445899155,0.48158300342038274,0
8884,205.82581287500216,0.3429999924264848,0
8885,205.83872429199982,0.2822920214384794,0
8886,205.84913979202975,0.22045796504244208,0
8887,205.86069720902015,0.4146249848417938,0
8888,205.87367875000928,0.4418339813128114,0
8889,205.8866817500093,0.48037501983344555,0
8890,205.89914554200368,0.510666985064745,0
8891,205.9116471669986,0.4740420263260603,0
8892,205.92470725002931,0.5489169852808118,0
8893,205.9378235419863,0.5761249922215939,0
8894,205.95100975001696,0.48920896369963884,0
8895,205.96331612498034,0.5202090251259506,0
8896,205.97555870900396,0.2631249953992665,0
8897,205.9883765000268,0.2245419891551137,0
8898,206.00117583398242,0.5053750355727971,0
8899,206.01429633400403,0.5231659743003547,0
8900,206.02612541697454,0.4592080367729068,0
8901,206.0391561249853,0.3057920257560909,0
8902,206.0520400420064,,1
8903,206.1658867499791,0.3488750080578029,0
8904,206.1788378339843,,1
8905,206.29133416700643,0.9334170026704669,0
8906,206.30487958400045,0.4242080030962825,0
8907,206.31544849998318,0.43804204324260354,0
8908,206.32614075002493,0.3821249702014029,0
8909,206.3386081670178,0.3346249577589333,0
8910,206.34975691698492,,1
8911,206.46352683397708,0.29562501003965735,0
8912,206.47637624997878,0.2552920486778021,0
8913,206.48918362497352,0.31145900720730424,0
8914,206.50203650002368,,1
8915,206.61544945900096,0.323207990732044,0
8916,206.62700500001665,0.532125006429851,0
8917,206.64013437501853,0.21470896899700165,0
8918,206.65291095897555,0.32133300555869937,0
8919,206.66581233398756,0.3351250197738409,0
8920,206.67765070899623,0.29137497767806053,0
8921,206.69054104201496,0.5267079686746001,0
8922,206.70373566698981,0.2548749907873571,0
8923,206.7152294589905,0.5198330036364496,0
8924,206.72708345897263,0.38775004213675857,0
8925,206.73898141697282,0.4270000499673188,0
8926,206.75204308400862,0.4369579837657511,0
8927,206.76290458400035,0.41754101403057575,0
8928,206.77381012501428,0.4718339769169688,0
8929,206.78693875001045,0.43566699605435133,0
8930,206.79817820899189,0.5485410219989717,0
8931,206.80995470902417,,1
8932,206.9233906249865,0.4235840169712901,0
8933,206.93445933400653,0.45195798156782985,0
8934,206.94749937497545,,1
8935,207.06138404202648,0.4290419747121632,0
8936,207.0726124169887,0.46316703082993627,0
8937,207.08568841702072,0.47149998135864735,0
8938,207.09726512501948,0.5392089951783419,0
8939,207.11041700001806,0.330084003508091,0
8940,207.12331016699318,1.2843750300817192,0
8941,207.14224391698372,0.4276250256225467,0
8942,207.15523170900997,0.28562499210238457,0
8943,207.16805833397666,0.2822080277837813,0
8944,207.1796756249969,0.3357090172357857,0
8945,207.1925480000209,0.3642920055426657,0
8946,207.205460208992,0.31529099214822054,0
8947,207.21832870901562,0.4199999966658652,0
8948,207.23131133400602,0.40041597094386816,0
8949,207.24428795900894,,1
8950,207.35766708402662,0.6096659926697612,0
8951,207.3708153340267,,1
8952,207.4822825419833,0.8070420008152723,0
8953,207.49627050000709,1.0064169764518738,0
8954,207.50809025001945,2.5091670104302466,0
8955,207.5231893340242,1.8339160014875233,0
8956,207.53838112502126,0.4581669927574694,0
8957,207.54946695902618,0.9103749762289226,0
8958,207.56303174997447,0.3512500552460551,0
8959,207.57550737500424,0.37583400262519717,0
8960,207.58853958401596,0.6597079918719828,0
8961,207.6008036250132,0.5477090016938746,0
8962,207.61383195902454,0.5416249623522162,0
8963,207.62621000001673,0.5644590128213167,0
8964,207.63938150001923,0.38170896004885435,0
8965,207.6518764590146,0.346040993463248,0
8966,207.66290341701824,0.46012498205527663,0
8967,207.67368483397877,0.27904100716114044,0
8968,207.68555229197955,0.38941699312999845,0
8969,207.6985258749919,0.32695900881662965,0
8970,207.71097158401972,0.33299997448921204,0
8971,207.72387279197574,0.2833750331774354,0
8972,207.73672791698482,0.35866699181497097,0
8973,207.74915391701506,0.33604196505621076,0
8974,207.76154787500855,0.3945839707739651,0
8975,207.77416145900497,0.4369579837657511,0
8976,207.7848372089793,0.4736660048365593,0
8977,207.79791891702916,0.5118749686516821,0
8978,207.8110420840094,0.35333301639184356,0
8979,207.82238133397186,0.3660000511445105,0
8980,207.83447516697925,0.4016670281998813,0
8981,207.84602395899128,0.3730829921551049,0
8982,207.85797158401692,0.2716659801080823,0
8983,207.8688211250119,0.28470897814258933,0
8984,207.88092099997448,0.2832920290529728,0
8985,207.89137358398875,0.5658330046571791,0
8986,207.90448879200267,0.3980419714935124,0
8987,207.9168410000275,0.537083949893713,0
8988,207.92994708399056,0.4177080118097365,0
8989,207.94131320901215,0.5446249851956964,0
8990,207.95254666701658,0.5459999665617943,0
8991,207.96462674997747,0.7097500492818654,0
8992,207.97566904197447,0.9767500450834632,0
8993,207.98709854198387,0.6754579953849316,0
8994,208.00035170902265,0.304749992210418,0
8995,208.01130216702586,0.34562498331069946,0
8996,208.0224765840103,0.6168329855427146,0
8997,208.03571420902153,0.3625410026870668,0
8998,208.04819187498651,0.34429202787578106,0
8999,208.06065875000786,0.3821669961325824,0
9000,208.07368700002553,4.212458967231214,0
9001,208.09052270901157,0.29454100877046585,0
9002,208.10196262499085,,1
9003,208.2160631250008,0.43329200707376003,0
9004,208.22908670897596,,1
9005,208.34563875000458,0.6190420244820416,0
9006,208.35841133398935,0.4042080254293978,0
9007,208.37139708397444,0.44845801312476397,0
9008,208.38379354198696,0.39704202208667994,0
9009,208.39550550002605,0.4319999716244638,0
9010,208.409431417007,0.6160420016385615,0
9011,208.42235562502174,,1
9012,208.5354002090171,0.5379999638535082,0
9013,208.54884137498448,0.48858398804441094,0
9014,208.56111266702646,0.3125829971395433,0
9015,208.57153825002024,0.34308398608118296,0
9016,208.58347029198194,0.35862502409145236,0
9017,208.59638008399634,0.20308297825977206,0
9018,208.6091050420073,0.24979200679808855,0
9019,208.62188345898176,,1
9020,208.73560000001453,0.5323339719325304,0
9021,208.7487467500032,0.4805839853361249,0
9022,208.7595464999904,0.3558340249583125,0
9023,208.77148345898604,0.3964580246247351,0
9024,208.78475037502358,0.9962089825421572,0
9025,208.79616074997466,0.4352920223027468,0
9026,208.80694633402163,0.24279096396639943,0
9027,208.8192140419851,0.37341698771342635,0
9028,208.83091087499633,0.5089170299470425,0
9029,208.8428079999867,0.3617090405896306,0
9030,208.85573891701642,0.22966699907556176,0
9031,208.86653370899148,0.37412502570077777,0
9032,208.87838566699065,0.2687079831957817,0
9033,208.89068958401913,0.2622499596327543,0
9034,208.90249424998183,0.5289590335451066,0
9035,208.91827312501846,0.462916970718652,0
9036,208.93129774997942,0.3023340250365436,0
9037,208.94413316698046,0.17183303134515882,0
9038,208.95474558399292,0.19529100973159075,0
9039,208.9674889590242,0.4124160041101277,0
9040,208.98049712501233,0.6106249638833106,0
9041,208.9937393750297,0.424208992626518,0
9042,209.00674604199594,0.4122499958612025,0
9043,209.0191244169837,0.5035420181229711,0
9044,209.0310378749855,0.37858402356505394,0
9045,209.04291137499968,0.39841700345277786,0
9046,209.05475916701835,,1
9047,209.16845245898003,,1
9048,209.28213362500537,0.6072089890949428,0
9049,209.29408983397298,0.587458023801446,0
9050,209.3072502919822,0.4842920461669564,0
9051,209.31866016698768,0.4479170311242342,0
9052,209.3316872920259,0.42295799357816577,0
9053,209.344673375017,,1
9054,209.45625087502412,0.39612496038898826,0
9055,209.46823337499518,0.2838340005837381,0
9056,209.47996020899154,0.3364580334164202,0
9057,209.4914263340179,0.2525830059312284,0
9058,209.5021088339854,0.34850003430619836,0
9059,209.5150421669823,0.326167035382241,0
9060,209.52719591697678,0.9546250221319497,0
9061,209.54073499998776,0.4609590396285057,0
9062,209.55248725001002,0.31745899468660355,0
9063,209.56378083402524,4.092915973160416,0
9064,209.5796183340135,0.39191596442833543,0
9065,209.59131837502355,0.28491695411503315,0
9066,209.60418754199054,,1
9067,209.7168621669989,0.5704580107703805,0
9068,209.7291811670293,0.42695796582847834,0
9069,209.74230704200454,,1
9070,209.85570787498727,0.6984589854255319,0
9071,209.86901208397467,0.5741660133935511,0
9072,209.88221191702178,0.4837919841520488,0
9073,209.89374229201348,0.3191250143572688,0
9074,209.90451308398042,0.42458303505554795,0
9075,209.9158383749891,0.3943340270780027,0
9076,209.9277297090157,1.0038329637609422,0
9077,209.94136724999407,0.6403750157915056,0
9078,209.95280349999666,0.4772500251419842,0
9079,209.96583420899697,0.49191602738574147,0
9080,209.97851191699738,0.4633750068023801,0
9081,209.9894938750076,0.29850000282749534,0
9082,210.00165524997283,,1
9083,210.1122819170123,,1
9084,210.22615154198138,0.24816702352836728,0
9085,210.23768274998292,0.257709005381912,0
9086,210.25051945901942,0.4534999607130885,0
9087,210.26248254202073,0.7056669564917684,0
9088,210.27439899998717,,1
9089,210.38816562498687,0.5778340273536742,0
9090,210.40055829199264,0.4953750176355243,0
9091,210.41181637498084,0.600875006057322,0
9092,210.42503958399175,0.5612910026684403,0
9093,210.43842920899624,0.9934160043485463,0
9094,210.4512172919931,0.4183750133961439,0
9095,210.46337683399906,0.4914579913020134,0
9096,210.47637262498029,0.5184590118005872,0
9097,210.48872266698163,0.40312501369044185,0
9098,210.5017107920139,0.4282500012777746,0
9099,210.51474020897876,0.5450000171549618,0
9100,210.52640112501103,0.512500002514571,0
9101,210.53772087499965,,1
9102,210.65162199997576,0.5569170461967587,0
9103,210.66480137500912,0.5776669713668525,0
9104,210.6780000840081,0.6270000012591481,0
9105,210.6898746250081,0.4130000015720725,0
9106,210.70289150002645,0.36383396945893764,0
9107,210.7135985000059,,1
9108,210.82732308399864,0.462958007119596,0
9109,210.84037354198517,0.4597500083036721,0
9110,210.85191154200584,0.39599998854100704,0
9111,210.86481362499762,0.47141697723418474,0
9112,210.87765520898392,0.44720800360664725,0
9113,210.8902407499845,0.4845840157940984,0
9114,210.90154808398802,0.3808750188909471,0
9115,210.91448866698192,0.41325000347569585,0
9116,210.9263928339933,0.6047079805284739,0
9117,210.93946170900017,0.42287498945370317,0
9118,210.95143725001253,,1
9119,211.0632518340135,,1
9120,211.1757183339796,0.6603749934583902,0
9121,211.18897779198596,0.5809580325149,0
9122,211.20117170899175,0.5832500173710287,0
9123,211.21436358400388,0.624749984126538,0
9124,211.22682287497446,0.5417920183390379,0
9125,211.23999770899536,0.46091602416709065,0
9126,211.253035583999,0.46612502774223685,0
9127,211.26605170901166,0.3975409781560302,0
9128,211.2777282500174,,1
9129,211.39130937500158,0.6702090031467378,0
9130,211.40372958400985,0.49349997425451875,0
9131,211.4158567090053,,1
9132,211.52887983398978,1.3021249906159937,0
9133,211.54205741698388,0.73050003265962,0
9134,211.55536733398912,0.5632910178974271,0
9135,211.56601050001336,0.4871250130236149,0
9136,211.57685200002743,,1
9137,211.69043733400758,0.6503749755211174,0
9138,211.7020700420253,0.2545829629525542,0
9139,211.71489970898256,,1
9140,211.82873433397617,0.596500001847744,0
9141,211.84130795899546,0.37941598566249013,0
9142,211.85427804198116,,1
9143,211.96728699997766,0.4676670068874955,0
9144,211.98032854200574,0.4913749871775508,0
9145,211.9924358749995,0.3440839936956763,0
9146,212.00535312498687,,1
9147,212.11920825002016,0.6238750065676868,0
9148,212.13012074999278,,1
9149,212.24394654197386,,1
9150,212.35686524998164,0.5667090299539268,0
9151,212.37001133401645,0.3209999995306134,0
9152,212.38291329197818,0.47804199857637286,0
9153,212.3959537090268,0.42183295590803027,0
9154,212.40816020901548,0.42829097947105765,0
9155,212.42116949998308,0.6226249970495701,0
9156,212.43194450001465,0.5416669882833958,0
9157,212.4443929590052,0.4915000172331929,0
9158,212.45517500001006,0.42754196329042315,0
9159,212.46709679201012,0.4194999928586185,0
9160,212.4800839999807,0.3741669934242964,0
9161,212.4913228750229,0.39729196578264236,0
9162,212.50433245900786,0.43295801151543856,0
9163,212.51733366702683,,1
9164,212.62980991700897,0.6413329974748194,0
9165,212.64272066700505,,1
9166,212.75489104201552,,1
9167,212.86877554201055,0.3977079759351909,0
9168,212.88171670900192,0.21420797565951943,0
9169,212.89445716701448,0.22749998606741428,0
9170,212.90723875002004,0.3777919919230044,0
9171,212.920180584013,,1
9172,213.03249391698046,0.6832079961895943,0
9173,213.045836958976,0.5777080077677965,0
9174,213.0585479590227,0.5239580059424043,0
9175,213.0716423339909,0.5259999888949096,0
9176,213.08478837501025,0.6746670114807785,0
9177,213.09968124999432,0.7273749797604978,0
9178,213.11299691698514,0.5899580428376794,0
9179,213.12617879197933,0.45366701669991016,0
9180,213.13918908400228,0.35766599467024207,0
9181,213.1520924170036,0.4277920234017074,0
9182,213.16337095899507,0.4397500306367874,0
9183,213.17632904200582,0.46670797746628523,0
9184,213.18892654200317,0.36695797462016344,0
9185,213.20189604198094,0.4699580022133887,0
9186,213.21497441700194,0.4986249841749668,0
9187,213.2277065839735,0.6152500282041728,0
9188,213.2408220419893,0.6865420145913959,0
9189,213.2540875839768,0.5095410160720348,0
9190,213.2671659589978,0.47324999468401074,0
9191,213.27946862502722,0.4889169940724969,0
9192,213.29252870898927,0.5072500207461417,0
9193,213.30318537499988,,1
9194,213.41680875001475,0.6683749961666763,0
9195,213.43007241701707,0.6296249921433628,0
9196,213.44140579202212,0.520832953043282,0
9197,213.45448399998713,0.4436669987626374,0
9198,213.46750270901248,0.48687501111999154,0
9199,213.48058429197408,0.5681250477209687,0
9200,213.49247758398997,,1
9201,213.60656300000846,0.288875016849488,0
9202,213.61880233400734,0.28145802207291126,0
9203,213.63262145902263,0.304749992210418,0
9204,213.64552966697374,,1
9205,213.75767470902065,1.0382909676991403,0
9206,213.7714127919753,0.5034170462749898,0
9207,213.78452470898628,0.4761249874718487,0
9208,213.7959360840032,0.34187501296401024,0
9209,213.8081141670118,0.3102499758824706,0
9210,213.82098541699816,0.41366700315847993,0
9211,213.83248691697372,0.3220000071451068,0
9212,213.84536095900694,0.24841597769409418,0
9213,213.8579737499822,0.3690000157803297,0
9214,213.87090329197235,0.4580830573104322,0
9215,213.8832015839871,0.6733750342391431,0
9216,213.89594420901267,0.4284160095266998,0
9217,213.9093194170273,0.37008296931162477,0
9218,213.9223158339737,,1
9219,214.03481287497561,0.7566250278614461,0
9220,214.0481671669986,0.48991700168699026,0
9221,214.05991391697899,0.39104203460738063,0
9222,214.0726648750133,,1
9223,214.18451262498274,0.739875016734004,0
9224,214.19786991702858,0.45724998926743865,0
9225,214.21090262499638,,1
9226,214.32503916701535,0.8674580021761358,0
9227,214.33608229202218,0.40570797864347696,0
9228,214.34678087499924,0.4895420279353857,0
9229,214.3589696669951,0.4217500099912286,0
9230,214.36974604200805,0.6563750212080777,0
9231,214.38249416701728,0.43595797615125775,0
9232,214.39550479198806,,1
9233,214.50798512500478,,1
9234,214.62117316701915,0.5696669686585665,0
9235,214.6343322499888,,1
9236,214.74786516698077,0.2589170471765101,0
9237,214.76071837497875,,1
9238,214.87456762499642,0.3356669913046062,0
9239,214.88747224997496,0.29729201924055815,0
9240,214.8990716250264,0.24237495381385088,0
9241,214.91185916698305,,1
9242,215.02558587497333,0.30500005232170224,0
9243,215.03843695897376,,1
9244,215.15178587497212,0.6692090537399054,0
9245,215.16508008399978,0.9678329806774855,0
9246,215.17864604201168,0.43720798566937447,0
9247,215.19290562497918,1.16770900785923,0
9248,215.20420249999734,0.46141701750457287,0
9249,215.21731962502236,1.1063339770771563,0
9250,215.2303724589874,0.5819160141982138,0
9251,215.24214412498986,0.469834019895643,0
9252,215.25524420902366,,1
9253,215.36802583397366,0.6511250394396484,0
9254,215.38132787501672,0.5289589753374457,0
9255,215.39436479198048,0.6292920443229377,0
9256,215.40752266702475,1.2571669649332762,0
9257,215.41916504199617,0.530291988980025,0
9258,215.43231866700808,0.5534999654628336,0
9259,215.4431141249952,0.5069170147180557,0
9260,215.4562389170169,,1
9261,215.56776775000617,0.6544169737026095,0
9262,215.58107541699428,0.6987079977989197,0
9263,215.59438666701317,,1
9264,215.70959670899902,0.8431249880231917,0
9265,215.72245004202705,0.5467499722726643,0
9266,215.7355752090225,0.6437079864554107,0
9267,215.74839383398648,0.6504160119220614,0
9268,215.7616906670155,0.39412500336766243,0
9269,215.77238949999446,0.40945899672806263,0
9270,215.7853890840197,0.49999996554106474,0
9271,215.79776466701878,0.43995800660923123,0
9272,215.81078987498768,0.33891701605170965,0
9273,215.8237152500078,0.6415420211851597,0
9274,215.83697287499672,0.42937498074024916,0
9275,215.84998145897407,0.7982910028658807,0
9276,215.86270679201698,0.3245829720981419,0
9277,215.8755879169912,0.39779202779754996,0
9278,215.8868202919839,0.428917002864182,0
9279,215.89982412499376,0.5230840179137886,0
9280,215.91295841702959,0.44179195538163185,0
9281,215.92493762500817,0.4866669769398868,0
9282,215.93834920902736,0.6584999500773847,0
9283,215.95118770899717,0.7771659875288606,0
9284,215.96456987498095,0.6788750179111958,0
9285,215.97784624999622,0.41495898040011525,0
9286,215.99085925001418,2.179584000259638,0
9287,216.00562779197935,0.5122920265421271,0
9288,216.01784541702364,,1
9289,216.12968183401972,0.4943750100210309,0
9290,216.14126449998002,1.4716250007040799,0
9291,216.15533712500473,0.3987919772043824,0
9292,216.1677384590148,0.42387499706819654,0
9293,216.17962866701419,0.4249169724062085,0
9294,216.19512929202756,0.5813329480588436,0
9295,216.21028287499212,0.565375026781112,0
9296,216.22234095900785,0.4107499844394624,0
9297,216.23417383397464,0.5018750089220703,0
9298,216.24726587499026,0.5930000334046781,0
9299,216.25952433398925,0.5074160289950669,0
9300,216.27142504201038,0.5549999768845737,0
9301,216.2845552089857,,1
9302,216.39601137500722,0.589667004533112,0
9303,216.40796287497506,0.555667036678642,0
9304,216.4210848339717,0.533541024196893,0
9305,216.43349620897789,0.5721659981645644,0
9306,216.44430766702862,0.5828749854117632,0
9307,216.45572295901366,,1
9308,216.5696127919946,0.5212079850025475,0
9309,216.58278395899106,0.395249982830137,0
9310,216.5957614170038,0.38341700565069914,0
9311,216.60803962498903,0.8087920141406357,0
9312,216.62149699998554,0.4676670068874955,0
9313,216.63634612498572,0.4163340199738741,0
9314,216.64956749998964,1.0187919833697379,0
9315,216.66078858397668,0.37645804695785046,0
9316,216.6732432920253,0.4130000015720725,0
9317,216.68511224997928,0.40779204573482275,0
9318,216.69811779202428,0.38304197369143367,0
9319,216.70995687501272,0.33729197457432747,0
9320,216.72048237500712,0.37774996599182487,0
9321,216.73232137499144,0.4074589814990759,0
9322,216.74415375001263,0.28799998108297586,0
9323,216.7563294590218,0.47341600293293595,0
9324,216.76785879197996,0.9373330394737422,0
9325,216.79214008402778,,1
9326,216.9059643340297,0.36233296850696206,0
9327,216.91838483401807,0.4183329874649644,0
9328,216.93216512497747,0.5432500038295984,0
9329,216.94564704201184,0.29449997236952186,0
9330,216.960237124993,0.3289590240456164,0
9331,216.97210370900575,0.2496659872122109,0
9332,216.9835319169797,0.2619580482132733,0
9333,216.99636666697916,,1
9334,217.1091967090033,0.9612910216674209,0
9335,217.121563875,0.43112499406561255,0
9336,217.13342187501257,0.748166989069432,0
9337,217.1445265840157,0.2869580057449639,0
9338,217.15710062498692,0.2691250410862267,0
9339,217.16991391702322,0.23666699416935444,0
9340,217.1826882919995,0.3257080097682774,0
9341,217.19558129197685,0.31937501626089215,0
9342,217.20843787502963,0.23091695038601756,0
9343,217.22121495899046,,1
9344,217.33506258402485,0.5555409588851035,0
9345,217.3472518339986,0.48641598550602794,0
9346,217.3603118750034,0.30908401822671294,0
9347,217.37133450002875,0.34141697688028216,0
9348,217.38494291697862,0.49575004959478974,0
9349,217.39804020902375,0.46041596215218306,0
9350,217.41109570901608,,1
9351,217.52495562500553,0.4914589808322489,0
9352,217.5380767500028,0.44362497283145785,0
9353,217.55111841700273,0.4813330015167594,0
9354,217.56420249998337,0.361250014975667,0
9355,217.57715412502876,,1
9356,217.6903580420185,0.520791974849999,0
9357,217.70347091701115,0.48637500731274486,0
9358,217.7164439589833,0.4521250375546515,0
9359,217.72763729200233,0.3873750101774931,0
9360,217.74061083397828,,1
9361,217.85439125000266,0.482834002468735,0
9362,217.866617208987,0.41741604218259454,0
9363,217.8784709169995,,1
9364,217.99054041702766,0.3005419857800007,0
9365,218.00342041702243,,1
9366,218.11723295901902,0.6219159695319831,0
9367,218.12854383402737,0.4598749801516533,0
9368,218.14349629200296,0.4699999699369073,0
9369,218.15411629201844,0.5013329791836441,0
9370,218.16592979198322,0.5921670235693455,0
9371,218.17890387499938,0.4341669846326113,0
9372,218.19192216702504,0.2578749554231763,0
9373,218.20472216699272,0.18870801432058215,0
9374,218.21714141702978,0.2702499623410404,0
9375,218.2299695420079,0.3040420124307275,0
9376,218.2428310419782,0.32400002237409353,0
9377,218.25492083397694,0.27370802126824856,0
9378,218.2664407499833,0.3060000017285347,0
9379,218.27708183397772,,1
9380,218.3908660840243,0.5920410039834678,0
9381,218.40404858399415,0.34141598735004663,0
9382,218.41692191699985,0.3224170068278909,0
9383,218.42983170901425,0.3815409727394581,0
9384,218.44234112498816,0.2662090118974447,0
9385,218.4551958339871,0.4154579946771264,0
9386,218.46780137502356,0.5079169641248882,0
9387,218.47878658398986,0.9930410305969417,0
9388,218.49125312501565,0.37224998231977224,0
9389,218.50303554197308,0.3567080129869282,0
9390,218.51460216700798,0.39850000757724047,0
9391,218.52631849999307,0.37949997931718826,0
9392,218.53774875000818,0.4275839892216027,0
9393,218.55076154199196,0.37224998231977224,0
9394,218.56158212502487,0.3315419889986515,0
9395,218.57257287501125,0.4627919988706708,0
9396,218.58521549997386,0.45950000640004873,0
9397,218.59830791701097,,1
9398,218.71099279198097,,1
9399,218.82234158401843,0.6092079565860331,0
9400,218.83448045898695,0.35445799585431814,0
9401,218.84506108402275,0.9348749881610274,0
9402,218.85860020900145,0.394541013520211,0
9403,218.8715759590268,0.4331249510869384,0
9404,218.88476462499239,0.507791992276907,0
9405,218.8967141250032,0.42570900404825807,0
9406,218.90795983397402,1.0906250099651515,0
9407,218.92169487499632,0.38170901825651526,0
9408,218.93274720897898,0.40537503082305193,0
9409,218.94573804200627,0.43345801532268524,0
9410,218.95865799998865,1.3897920143790543,0
9411,218.9720944170258,0.3926249919459224,0
9412,218.98332254198613,0.3150830161757767,0
9413,218.9949974589981,0.2692500129342079,0
9414,219.00748725002632,0.23670896189287305,0
9415,219.0180828750017,0.31620898516848683,0
9416,219.03030695900088,0.25099999038502574,0
9417,219.04325208399678,0.9281660313718021,0
9418,219.05556112498743,0.36070903297513723,0
9419,219.06849383399822,0.5019159871153533,0
9420,219.08126979199005,0.5931250052526593,0
9421,219.09444954199716,0.4842079943045974,0
9422,219.10772154200822,0.6132500129751861,0
9423,219.11896391701885,0.5803329986520112,0
9424,219.13214045902714,0.6253749597817659,0
9425,219.1447152090259,,1
9426,219.25790229201084,0.5653330008499324,0
9427,219.2708037919947,0.7281670114025474,0
9428,219.28254854201805,0.5428330041468143,0
9429,219.29433033399982,0.42150000808760524,0
9430,219.30737583397422,0.41691603837534785,0
9431,219.32040741702076,0.33424998400732875,0
9432,219.33329970901832,0.2882079570554197,0
9433,219.3456407500198,0.2044999855570495,0
9434,219.35745712497737,0.18666702089831233,0
9435,219.36780770902988,0.3992909914813936,0
9436,219.38074749999214,0.28591701993718743,0
9437,219.39359787502326,0.30216696904972196,0
9438,219.40614124998683,0.41966699063777924,0
9439,219.41903150000144,,1
9440,219.53304091701284,0.3933749976567924,0
9441,219.54407091700705,0.3469999646767974,0
9442,219.55700525001157,0.4300419823266566,0
9443,219.5700254170224,0.3724999842233956,0
9444,219.58106658398174,0.8830830338411033,0
9445,219.59501933399588,0.22195797646418214,0
9446,219.6071011670283,0.30729197897017,0
9447,219.6188924590242,0.38020795909687877,0
9448,219.63067912502447,0.27045898605138063,0
9449,219.64130904199556,0.364125007763505,0
9450,219.65424008399714,0.198375026229769,0
9451,219.66699133400107,,1
9452,219.78123249998316,0.4337500431574881,0
9453,219.79612191702472,2.8584999963641167,0
9454,219.81050358398352,0.25604100665077567,0
9455,219.82137133402284,0.20545796724036336,0
9456,219.83419637498446,0.4201250267215073,0
9457,219.8453686250141,0.8199170115403831,0
9458,219.85888866701862,,1
9459,219.9711984170135,0.48454198986291885,0
9460,219.98425637499895,0.6264999974519014,0
9461,219.99720749998232,0.4027090035378933,0
9462,220.00930241699098,1.2645830283872783,0
9463,220.02315891702892,0.417291943449527,0
9464,220.03617708402453,0.5536249955184758,0
9465,220.04699262499344,0.3991670091636479,0
9466,220.059957208985,0.5152079975232482,0
9467,220.0710384999984,0.6079589948058128,0
9468,220.08207095897524,0.47312502283602953,0
9469,220.0951932920143,0.32766698859632015,0
9470,220.10752083401894,0.3125829971395433,0
9471,220.1204220840009,0.5022080149501562,0
9472,220.1335232090205,,1
9473,220.24733204202494,0.36045798333361745,0
9474,220.26027600001544,0.3367089666426182,0
9475,220.27320229198085,0.48508303007110953,0
9476,220.2852415840025,0.5246250075288117,0
9477,220.29710583400447,0.5394999752752483,0
9478,220.3089458339964,,1
9479,220.42266520898556,0.3097080043517053,0
9480,220.43555791699328,0.5246250075288117,0
9481,220.44676287501352,0.48816698836162686,0
9482,220.4588837500196,0.8028749725781381,0
9483,220.47055195900612,0.61887496849522,0
9484,220.48239483399084,0.4653329961001873,0
9485,220.49424320901744,0.3215000033378601,0
9486,220.5071340840077,0.39724999805912375,0
9487,220.51848662499106,0.5117920227348804,0
9488,220.53160420898348,0.30112499371171,0
9489,220.54776983399643,0.36033301148563623,0
9490,220.5607144170208,0.26279198937118053,0
9491,220.57356004201574,0.38770795799791813,0
9492,220.58651945902966,0.24754100013524294,0
9493,220.59931991697522,0.12808304745703936,0
9494,220.61049016698962,0.3252080059610307,0
9495,220.62235441699158,0.2799170324578881,0
9496,220.63274566701148,0.6487920181825757,0
9497,220.64600825001253,0.2757089678198099,0
9498,220.65797712502535,0.3307919832877815,0
9499,220.67087216698565,0.2501250128261745,0
9500,220.68306929199025,0.506000011228025,0
9501,220.69431970902951,0.422040990088135,0
9502,220.7073761249776,,1
9503,220.819047417026,0.5495829973369837,0
9504,220.83221737499116,,1
9505,220.94408891699277,0.8521670242771506,0
9506,220.9563385840156,0.6443329621106386,0
9507,220.96957833401393,0.6895000115036964,0
9508,220.9828919590218,,1
9509,221.09686024999246,0.5958750261925161,0
9510,221.10770558402874,0.4385409993119538,0
9511,221.11878258397337,0.5115000531077385,0
9512,221.1319164999877,0.5050839972682297,0
9513,221.14433079201262,0.32654200913384557,0
9514,221.156189292029,,1
9515,221.27016329200706,0.6856250111013651,0
9516,221.28269116702722,0.3595000016503036,0
9517,221.29563449998386,0.47087500570341945,0
9518,221.30790987500222,0.4130000015720725,0
9519,221.32046595902648,0.4361249739304185,0
9520,221.33348483400187,,1
9521,221.4475882499828,0.6272090249694884,0
9522,221.4608422499732,0.419542018789798,0
9523,221.4738228750066,0.24741701781749725,0
9524,221.4865934170084,0.2086249878630042,0
9525,221.49932308401912,0.22804096806794405,0
9526,221.51207379199332,0.22995797917246819,0
9527,221.5249042090145,,1
9528,221.6387603339972,0.6447500200010836,0
9529,221.65205637499457,0.4569169832393527,0
9530,221.66511458402965,0.5271659465506673,0
9531,221.677649750025,0.37591694854199886,0
9532,221.69069262500852,0.39583398029208183,0
9533,221.70366437500343,,1
9534,221.81725995900342,,1
9535,221.9293706670287,0.35520794335752726,0
9536,221.94122666702606,,1
9537,222.05496787501033,,1
9538,222.16863604198443,0.5624170298688114,0
9539,222.18183937499998,0.4106250125914812,0
9540,222.1938123750151,0.4734999965876341,0
9541,222.2069003339857,0.45129103818908334,0
9542,222.2191407919745,0.46141701750457287,0
9543,222.23143216699827,1.790541980881244,0
9544,222.24503341701347,0.375000003259629,0
9545,222.2579181669862,0.44125004205852747,0
9546,222.2699102499755,0.2203340409323573,0
9547,222.28269062499749,0.2532500075176358,0
9548,222.2946840840159,0.237083004321903,0
9549,222.30747829197207,0.3159580519422889,0
9550,222.3203450840083,0.40204101242125034,0
9551,222.33331362501485,0.46954199206084013,0
9552,222.34419504198013,1.107958029024303,0
9553,222.3619317089906,1.5172500279732049,0
9554,222.37620054202853,0.8780419593676925,0
9555,222.38966495898785,0.2264580107294023,0
9556,222.40244949999033,0.3315000212751329,0
9557,222.41534925001906,0.4606669535860419,0
9558,222.42841454199515,0.48091699136421084,0
9559,222.44034466700396,0.3257080097682774,0
9560,222.45325374999084,0.5040839896537364,0
9561,222.46639212500304,0.4792920080944896,0
9562,222.47952616697876,0.7547500426881015,0
9563,222.4929245840176,0.5279579781927168,0
9564,222.50494412501575,0.2679169992916286,0
9565,222.5177856250084,0.2565839677117765,0
9566,222.53060941700824,0.3398749977350235,0
9567,222.54128408402903,0.3294159541837871,0
9568,222.55418004200328,0.3567080129869282,0
9569,222.56582708400674,,1
9570,222.67788458400173,0.7169999880716205,0
9571,222.69082979200175,0.35458302590996027,0
9572,222.70222441700753,0.3560829791240394,0
9573,222.71523758402327,0.38112496258690953,0
9574,222.7281944170245,0.21858297986909747,0
9575,222.74096604197985,0.16795803094282746,0
9576,222.7536771669984,0.13583299005404115,0
9577,222.766342042014,,1
9578,222.8800209169858,0.4925830289721489,0
9579,222.90363870898727,0.4243750008754432,0
9580,222.9158129169955,,1
9581,223.02868841699092,,1
9582,223.14264333399478,1.0847080266103148,0
9583,223.15633687499212,0.4014589940197766,0
9584,223.16690979199484,,1
9585,223.28076716698706,0.5375419859774411,0
9586,223.2930499590002,0.2978330012410879,0
9587,223.30591591697885,0.20816700998693705,0
9588,223.3166666670004,0.20433298777788877,0
9589,223.32942529197317,0.20591705106198788,0
9590,223.3408284590114,,1
9591,223.45415670902003,0.5969159537926316,0
9592,223.46678591700038,0.3191250143572688,0
9593,223.47889858402777,0.4677079850807786,0
9594,223.49079529201845,,1
9595,223.60161558398977,,1
9596,223.71546012500767,0.4218340036459267,0
9597,223.72811775002629,0.3251669695600867,0
9598,223.74098837497877,0.21095899865031242,0
9599,223.7537357499823,0.22395903943106532,0
9600,223.76648729201406,0.23016700288280845,0
9601,223.77925000002142,0.24341698735952377,0
9602,223.7920231249882,0.23812503786757588,0
9603,223.80479758401634,0.30395796056836843,0
9604,223.81683154200437,0.24733302416279912,0
9605,223.8296394170029,0.3136669984087348,0
9606,223.84249716700288,0.28508302057161927,0
9607,223.85533516702708,0.4308749921619892,0
9608,223.8676532920217,0.20866695558652282,0
9609,223.88039904198376,0.25566702242940664,0
9610,223.89319874998182,0.23875001352280378,0
9611,223.90599195897812,0.33916602842509747,0
9612,223.91892800002825,0.33833394991233945,0
9613,223.931865999999,0.30925002647563815,0
9614,223.94535829202505,0.28437498258426785,0
9615,223.95797070901608,0.30466599855571985,0
9616,223.97059441701276,0.24966697674244642,0
9617,223.98163645900786,0.21425000159069896,0
9618,223.99216966697713,0.1478750491514802,0
9619,224.00486358400667,0.3297909861430526,0
9620,224.0177895000088,0.3302500117570162,0
9621,224.03028145898134,,1
9622,224.14382945897523,6.745541002601385,0
9623,224.16123416699702,0.22766698384657502,0
9624,224.17403520899825,0.5350409774109721,0
9625,224.18717845901847,,1
9626,224.2987680839724,0.5134580424055457,0
9627,224.31061712501105,0.6684169638901949,0
9628,224.32388612499926,0.45254197902977467,0
9629,224.33629766700324,0.3422499867156148,0
9630,224.3492165839998,0.2781249932013452,0
9631,224.36206395900808,0.2818329958245158,0
9632,224.37471424997784,0.3132499987259507,0
9633,224.38704958400922,0.33412501215934753,0
9634,224.39996091701323,0.3559169708751142,0
9635,224.41160404199036,,1
9636,224.52575229201466,0.4586669965647161,0
9637,224.53672783402726,0.4387079970911145,0
9638,224.54975324997213,0.3639590577222407,0
9639,224.56242220901186,0.5264159990474582,0
9640,224.57439566700486,2.4279580102302134,0
9641,224.5880867089727,0.3975410363636911,0
9642,224.60108170902822,0.5542079452425241,0
9643,224.61427729198476,0.43466698843985796,0
9644,224.62564116698923,0.37329201586544514,0
9645,224.6385814169771,0.4338330472819507,0
9646,224.65157512499718,0.5053339991718531,0
9647,224.6646596249775,0.4396670265123248,0
9648,224.67866595898522,0.5274580325931311,0
9649,224.69179933401756,0.37812499795109034,0
9650,224.70474183402257,,1
9651,224.81608708400745,0.43191597796976566,0
9652,224.82939229201293,1.7613749951124191,0
9653,224.84373095899355,,1
9654,224.95714741700795,0.48820796655490994,0
9655,224.97026887501124,0.47616701340302825,0
9656,224.98121416702634,0.566749949939549,0
9657,224.99298595899018,0.5427500000223517,0
9658,225.00610662502004,0.3714999766089022,0
9659,225.01724708400434,0.31941599445417523,0
9660,225.028930749977,0.3019170253537595,0
9661,225.04101541702403,0.3911249805241823,0
9662,225.05396500002826,0.3580839838832617,0
9663,225.06690337497275,0.2962090075016022,0
9664,225.07764087500982,0.41149999015033245,0
9665,225.0906033749925,,1
9666,225.20374558400363,0.6562080234289169,0
9667,225.2167470420245,0.5953329964540899,0
9668,225.2287170420168,,1
9669,225.34133520902833,0.5772909498773515,0
9670,225.3539233750198,0.2886669826693833,0
9671,225.36582533398177,0.2899999963119626,0
9672,225.37762679200387,0.28787500923499465,0
9673,225.39047691697488,0.2542500151321292,0
9674,225.40328237501672,0.33366697607561946,0
9675,225.4161551669822,0.29366702074185014,0
9676,225.42874587501865,0.3779589897021651,0
9677,225.44299458398018,0.4464160301722586,0
9678,225.45604145899415,0.46312500489875674,0
9679,225.46890916698612,,1
9680,225.5828491669963,0.5649999948218465,0
9681,225.5947947090026,0.6365000153891742,0
9682,225.6080373339937,0.33254100708290935,0
9683,225.62098424998112,0.6672090385109186,0
9684,225.6341012089979,0.43954100692644715,0
9685,225.64569120900705,,1
9686,225.75949425,0.34958397736772895,0
9687,225.77237920899643,0.23504102136939764,0
9688,225.78514012502274,0.3030839725397527,0
9689,225.79799695900874,0.3145409864373505,0
9690,225.8108747919905,0.4000000189989805,0
9691,225.8232772090123,0.27020799461752176,0
9692,225.83512254199013,0.40316703962162137,0
9693,225.8481012500124,0.4240839625708759,0
9694,225.86186658398947,0.5859159864485264,0
9695,225.8776544589782,0.5147909978404641,0
9696,225.88859162502922,0.49470894737169147,0
9697,225.9016956249834,0.48329203855246305,0
9698,225.91479070897913,0.39858301170170307,0
9699,225.92777745897183,0.3682500100694597,0
9700,225.94073241698788,0.43937499867752194,0
9701,225.9537620000192,0.5741670029237866,0
9702,225.96692533401074,0.48562500160187483,0
9703,225.9776219589985,1.009040977805853,0
9704,225.9889760420192,,1
9705,226.10128633398563,0.6619580090045929,0
9706,226.11323437502142,0.6273339968174696,0
9707,226.1244023750187,1.9995839684270322,0
9708,226.13925679202657,0.3795419470407069,0
9709,226.15226354199694,0.6519579910673201,0
9710,226.16552720899926,0.6347500020638108,0
9711,226.17673329199897,0.6802920252084732,0
9712,226.19001362501876,,1
9713,226.30376287497347,0.464417040348053,0
9714,226.3167419169913,0.4217920359224081,0
9715,226.3291148749995,0.41904201498255134,0
9716,226.33967570902314,,1
9717,226.45272995898267,0.5438330117613077,0
9718,226.4658848749823,1.761667022947222,0
9719,226.47876512497896,,1
9720,226.59266558400122,,1
9721,226.7046050420031,0.5647499929182231,0
9722,226.71774708398152,0.510083045810461,0
9723,226.73084458400263,0.4921659710817039,0
9724,226.74393758398946,0.566125032491982,0
9725,226.75708424998447,0.6202920340001583,0
9726,226.7703900000197,0.5448340089060366,0
9727,226.7835160419927,,1
9728,226.89604550000513,0.5312919965945184,0
9729,226.90796333400067,1.2433750089257956,0
9730,226.92120633402374,0.554832979105413,0
9731,226.93434425001033,0.6398339755833149,0
9732,226.947572709003,0.39483298314735293,0
9733,226.96063520899042,1.6062080394476652,0
9734,226.97419062501285,,1
9735,227.08715158398263,0.27366599533706903,0
9736,227.0997977500083,0.33941701985895634,0
9737,227.11095458397176,0.24625001242384315,0
9738,227.12431812501745,1.185417000669986,0
9739,227.13645295897732,0.26650005020201206,0
9740,227.14927820902085,0.2566250041127205,0
9741,227.1604021670064,,1
9742,227.27346537500853,0.9739170200191438,0
9743,227.28702562500257,0.2610000083222985,0
9744,227.29913837497588,0.3313750494271517,0
9745,227.30955466697924,0.2652080147527158,0
9746,227.32178070902592,0.34212495665997267,0
9747,227.33470862498507,0.37683401023969054,0
9748,227.34765054198215,0.1960000372491777,0
9749,227.35794175002957,0.26116694789379835,0
9750,227.3707546669757,0.3022919991053641,0
9751,227.38342304201797,0.3777919919230044,0
9752,227.39636758400593,0.3535830182954669,0
9753,227.4093008749769,0.2661250182427466,0
9754,227.42113941698335,0.3303750418126583,0
9755,227.43420354201226,0.5362079828046262,0
9756,227.44728941697394,0.5102500435896218,0
9757,227.4597125420114,0.44658296974375844,0
9758,227.47172941698227,0.5024170386604965,0
9759,227.48479320900515,0.507415970787406,0
9760,227.4966705419938,0.48037501983344555,0
9761,227.50970770901768,0.40262500988319516,0
9762,227.52236262499355,0.4425420193001628,0
9763,227.535388334014,0.5274160066619515,0
9764,227.54847949999385,0.47670898493379354,0
9765,227.56154504197184,0.5171670345589519,0
9766,227.57403279200662,0.4859580076299608,0
9767,227.5857123750029,0.5347499973140657,0
9768,227.59779937501298,0.5016669747419655,0
9769,227.60866450000321,0.4800420138053596,0
9770,227.6217302500154,0.46437501441687346,0
9771,227.63477304199478,0.5631250096485019,0
9772,227.64686383400112,0.4655409720726311,0
9773,227.6597156249918,0.502375012729317,0
9774,227.67278108402388,0.4655409720726311,0
9775,227.6843344999943,0.710542022716254,0
9776,227.69868274999317,0.8406669949181378,0
9777,227.7109391670092,0.5761249922215939,0
9778,227.72285324998666,0.5658750305883586,0
9779,227.73502862500027,0.6060840096324682,0
9780,227.74823879200267,0.6583330105058849,0
9781,227.7617980419891,0.6329999887384474,0
9782,227.77703158400254,1.1694999993778765,0
9783,227.78995908400975,0.5468750023283064,0
9784,227.80219054198824,0.617167039308697,0
9785,227.8151786249946,0.4704589955508709,0
9786,227.8276349999942,0.2482919953763485,0
9787,227.84044366702437,0.22220797836780548,0
9788,227.85226204199716,0.2578329876996577,0
9789,227.86507312499452,0.30800001695752144,0
9790,227.8779376670136,0.33366697607561946,0
9791,227.8908254589769,0.1640410046093166,0
9792,227.90355300001102,0.13620901154354215,0
9793,227.91621566697722,0.16650004545226693,0
9794,227.92890658398392,0.17633300740271807,0
9795,227.941631624999,0.2886669826693833,0
9796,227.95323995902436,0.2447500010021031,0
9797,227.96606912498828,0.23241702001541853,0
9798,227.9788568749791,0.28708402533084154,0
9799,227.99124424997717,0.32041704980656505,0
9800,228.0041304170154,0.30741700902581215,0
9801,228.015123167017,0.3474999684840441,0
9802,228.02573316701455,,1
9803,228.13950229197508,0.5701250047422945,0
9804,228.1526581249782,0.5846670246683061,0
9805,228.16581908398075,0.7030410342849791,0
9806,228.17763049999485,0.46770903281867504,0
9807,228.18871437502094,0.5348749691620469,0
9808,228.20246195897926,0.5459579988382757,0
9809,228.21556179202162,0.32704195473343134,0
9810,228.22806120902533,0.390874978620559,0
9811,228.23915808397578,0.40670804446563125,0
9812,228.25212575000478,0.4261669819243252,0
9813,228.26360879198182,0.3625000244937837,0
9814,228.27531045902288,0.4374159616418183,0
9815,228.2883057500003,0.40841702139005065,0
9816,228.30127012502635,0.3874169779010117,0
9817,228.31422995898174,0.5173330428078771,0
9818,228.32513879198814,0.6344580324366689,0
9819,228.33832841698313,0.44545799028128386,0
9820,228.3513360840152,0.4450829583220184,0
9821,228.36433524999302,0.4147500148974359,0
9822,228.37563137500547,0.4272090154699981,0
9823,228.38861637498485,0.40720903780311346,0
9824,228.40006116701989,0.40908297523856163,0
9825,228.41242925002007,0.38466695696115494,0
9826,228.42536508402554,0.36883295979350805,0
9827,228.43827937502647,0.40437496500089765,0
9828,228.45003412500955,,1
9829,228.56303341698367,0.699708005413413,0
9830,228.57461733400123,0.6046249764040112,0
9831,228.58780724997632,0.5231249961070716,0
9832,228.60002762498334,,1
9833,228.71389658399858,0.7256250246427953,0
9834,228.72655124997254,0.6505000055767596,0
9835,228.73978441697545,0.5688330275006592,0
9836,228.75292895897292,0.5455830250866711,0
9837,228.7660438339808,,1
9838,228.87764633400366,0.4939159844070673,0
9839,228.8907316250261,0.4623749991878867,0
9840,228.90379083401058,0.3767500165849924,0
9841,228.91675866697915,0.32062502577900887,0
9842,228.92965175001882,0.2766670077107847,0
9843,228.9425020419876,0.3588750259950757,0
9844,228.95508987497305,0.2642090548761189,0
9845,228.96616858401103,,1
9846,229.0799733750173,0.3471249947324395,0
9847,229.09289450000506,0.3267090069130063,0
9848,229.10579925001366,0.34737499663606286,0
9849,229.11873520899098,0.37525000516325235,0
9850,229.1312201669789,0.44279202120378613,0
9851,229.14424445899203,0.3655410255305469,0
9852,229.1571987500065,0.3932089894078672,0
9853,229.16927100002067,0.4724589525721967,0
9854,229.1823602920049,0.42029202450066805,0
9855,229.19294445897685,0.36508304765447974,0
9856,229.20544925000286,0.30258402694016695,0
9857,229.21653479197994,0.5107500473968685,0
9858,229.22817741701147,0.40316698141396046,0
9859,229.24082700000145,0.3150419797748327,0
9860,229.25345100002596,0.3256669733673334,0
9861,229.2663398340228,0.3161659697070718,0
9862,229.27920633397298,0.24054100504145026,0
9863,229.29200245899847,0.32308301888406277,0
9864,229.3049147920101,0.5258750170469284,0
9865,229.31804016698152,0.3340830444358289,0
9866,229.33037287497427,0.5215000128373504,0
9867,229.34349841700168,0.3902919706888497,0
9868,229.35647216701182,0.35437499172985554,0
9869,229.3678230419755,0.46179204946383834,0
9870,229.37859308399493,0.36220799665898085,0
9871,229.39140141702956,0.331499963067472,0
9872,229.40431866701692,0.38129196036607027,0
9873,229.4164369169739,0.38341700565069914,0
9874,229.42703149997396,0.32125000143423676,0
9875,229.43886520899832,0.5094999796710908,0
9876,229.4513282920234,0.7226250017993152,0
9877,229.4632952500251,0.39074994856491685,0
9878,229.47517241700552,0.46374998055398464,0
9879,229.48823245899985,0.4297079867683351,0
9880,229.50126345898025,0.5624160403385758,0
9881,229.51443258399377,0.45429100282490253,0
9882,229.5294015419786,0.3367920289747417,0
9883,229.54255408397876,0.4024160443805158,0
9884,229.55433258402627,0.5084999720565975,0
9885,229.56744916702155,0.5409579607658088,0
9886,229.58061583398376,0.4154160269536078,0
9887,229.5924713750137,0.4985419800505042,0
9888,229.60557479201816,0.5392919993028045,0
9889,229.6186883340124,0.48275000881403685,0
9890,229.63042408402544,1.252707967069,0
9891,229.6442668340169,0.3899579751305282,0
9892,229.65722987498157,0.27550000231713057,0
9893,229.66922916698968,,1
9894,229.78304312500404,0.4300840082578361,0
9895,229.79401829198468,0.2424580161459744,0
9896,229.80693729198538,0.5228330264799297,0
9897,229.81936291698366,0.5184999899938703,0
9898,229.83249879197683,0.4377920413389802,0
9899,229.84431470901472,0.22041599731892347,0
9900,229.85709016700275,0.20116701489314437,0
9901,229.86899400001857,,1
9902,229.9824909589952,,1
9903,230.09632216702448,0.2727499813772738,0
9904,230.1076283750008,0.33779197838157415,0
9905,230.12050091702258,0.39354199543595314,0
9906,230.13345133402618,,1
9907,230.24500766699202,0.5511250346899033,0
9908,230.25892225001007,0.5428339936770499,0
9909,230.27101304201642,0.4902079817838967,0
9910,230.28408770897659,0.509666046127677,0
9911,230.29718870902434,0.5900409887544811,0
9912,230.30801504198462,1.597333000972867,0
9913,230.32218999997713,0.41666702600196004,0
9914,230.33483570901444,0.5393329774960876,0
9915,230.34797308401903,0.28279097750782967,0
9916,230.36085016699508,0.4081670194864273,0
9917,230.37250116700307,0.2642920007929206,0
9918,230.3853196669952,,1
9919,230.4973300420097,,1
9920,230.61099491699133,0.5416250205598772,0
9921,230.62234800000442,0.3439169959165156,0
9922,230.63347724999767,0.4093750030733645,0
9923,230.64574395900127,0.4224579897709191,0
9924,230.65667883399874,0.34912500996142626,0
9925,230.66791683400515,0.5129579803906381,0
9926,230.68100008397596,0.35866600228473544,0
9927,230.69392095902003,0.2833749749697745,0
9928,230.70675112499157,,1
9929,230.82002720900346,0.5098750116303563,0
9930,230.83323724998627,0.400334014557302,0
9931,230.84429325000383,0.35420898348093033,0
9932,230.85664900002303,0.5002919933758676,0
9933,230.8703497920069,0.4307919880375266,0
9934,230.88248450000538,,1
9935,230.99469645897625,,1
9936,231.1068837090279,,1
9937,231.2193838750245,0.7124999538064003,0
9938,231.23129262501607,0.5458339583128691,0
9939,231.24353970901575,,1
9940,231.3566537090228,0.6015829858370125,0
9941,231.36991275002947,0.842583947815001,0
9942,231.38334679201944,0.521541980560869,0
9943,231.39580458402634,0.33650000113993883,0
9944,231.40950545901433,0.611333001870662,0
9945,231.42274629202439,,1
9946,231.53550029202597,,1
9947,231.64938812499167,0.4627919988706708,0
9948,231.66244924999774,0.4895000020042062,0
9949,231.67608708399348,0.5217909929342568,0
9950,231.68747233401518,0.28558296617120504,0
9951,231.69925729202805,0.6848749471828341,0
9952,231.71147570898756,0.40679099038243294,0
9953,231.72582375002094,0.4647919558919966,0
9954,231.737102959014,0.49995799781754613,0
9955,231.74802516697673,0.4954580217599869,0
9956,231.76114245899953,,1
9957,231.87481775000924,0.520458968821913,0
9958,231.8879567090189,0.5360409850254655,0
9959,231.9011171250022,0.5084999720565975,0
9960,231.91353854199406,,1
9961,232.0257645000238,,1
9962,232.13827045902144,,1
9963,232.25004308397183,,1
9964,232.36380499997176,,1
9965,232.4775891249883,0.36329199792817235,0
9966,232.4905020419974,0.2127499901689589,0
9967,232.50325595901813,0.25158299831673503,0
9968,232.51581404200988,0.33845799043774605,0
9969,232.5287270420231,0.345999957062304,0
9970,232.54170716699446,0.39529200876131654,0
9971,232.55470645899186,0.21979102166369557,0
9972,232.56678049999755,0.2334170276299119,0
9973,232.5795637500123,0.216791988350451,0
9974,232.59159258397995,0.3387500182725489,0
9975,232.60449608397903,0.3412080113776028,0
9976,232.61583112500375,0.4302089801058173,0
9977,232.6288539589732,0.3944580093957484,0
9978,232.64248266699724,0.545124989002943,0
9979,232.6541722919792,0.5229170201346278,0
9980,232.6673133749864,0.5716670420952141,0
9981,232.67949341697386,0.7832920528016984,0
9982,232.69284458400216,0.36883301800116897,0
9983,232.70582654199097,0.26862503727898,0
9984,232.718660500017,0.311249983496964,0
9985,232.73154770897236,0.3974999999627471,0
9986,232.7424709170009,0.43941702460870147,0
9987,232.7554730839911,0.3310830215923488,0
9988,232.76835570897674,0.29495800845324993,0
9989,232.78119954199065,,1
9990,232.8949713750044,,1
9991,233.00925083400216,0.6371660274453461,0
9992,233.02100408397382,0.5365830147638917,0
9993,233.03393816697644,0.6145000224933028,0
9994,233.0457637499785,0.39954204112291336,0
9995,233.05761595902732,0.5094159860163927,0
9996,233.07071795902448,0.41337497532367706,0
9997,233.0824861250003,,1
9998,233.19491050002398,0.540708948392421,0
9999,233.2079693750129,0.30141696333885193,0
