seq,times_elapsed_secs,rtt_ms,lost
0,1.0420335456728935e-06,0.4142499528825283,0
1,0.01294345798669383,0.2606670022942126,0
2,0.02572712500113994,0.2525420277379453,0
3,0.03850174997933209,0.23558305110782385,0
4,0.0498542080167681,0.27479196432977915,0
5,0.0626764579792507,,1
6,0.1755467919865623,,1
7,0.2897197080310434,0.5339169874787331,0
8,0.30284866702277213,0.37595798494294286,0
9,0.3138361250166781,0.5803329986520112,0
10,0.32627145800506696,0.5042920238338411,0
11,0.3376384580042213,0.5622499738819897,0
12,0.3511703750118613,0.6209579878486693,0
13,0.3629210829967633,0.4843749920837581,0
14,0.3747458750149235,0.524416973348707,0
15,0.3878597079892643,0.4270840436220169,0
16,0.3998735420173034,0.34024997148662806,0
17,0.4103979170322418,0.4944999818690121,0
18,0.42240937502356246,0.36708300467580557,0
19,0.4353213750291616,0.18033297965303063,0
20,0.4472088750335388,0.2247079974040389,0
21,0.4599680830142461,,1
22,0.573677874985151,0.40537503082305193,0
23,0.5866363749955781,0.2418750082142651,0
24,0.5994087500148453,0.3014579997397959,0
25,0.6122846670332365,,1
26,0.7260892920312472,0.471249979455024,0
27,0.7391801670310088,0.4499159986153245,0
28,0.7503152079880238,0.3344170399941504,0
29,0.7628893330111168,0.39179198211058974,0
30,0.7747232919791713,0.17537502571940422,0
31,0.7874324999866076,0.22500002523884177,0
32,0.8001965419971384,0.26416598120704293,0
33,0.8130389170255512,0.27866597520187497,0
34,0.8247064999886788,0.17870799638330936,0
35,0.8352735420339741,0.21958298748359084,0
36,0.8464320420171134,0.28808298520743847,0
37,0.8584610419929959,,1
38,0.97208049998153,0.37266704021021724,0
39,0.9849926669849083,0.26000000070780516,0
40,0.9972166669904254,0.22129103308543563,0
41,1.0099645830341615,0.28233398916199803,0
42,1.022771666990593,0.2115830429829657,0
43,1.0355114580015652,0.2760420320555568,0
44,1.0483080830308609,0.24462497094646096,0
45,1.0610708330059424,0.23195898393169045,0
46,1.073816624993924,0.22975000320002437,0
47,1.0865590830217116,0.2233749837614596,0
48,1.0993115830351599,0.23333396529778838,0
49,1.1120884999982081,0.3517500008456409,0
50,1.1250121250050142,0.41441700886934996,0
51,1.1373174579930492,0.6182920187711716,0
52,1.1505141250090674,0.709832995198667,0
53,1.1638517919927835,0.8102499996311963,0
54,1.1772937920177355,0.5009999731555581,0
55,1.188489500025753,0.46129198744893074,0
56,1.2009530420182273,0.6532499683089554,0
57,1.2142024170025252,0.6988330278545618,0
58,1.2257182080065832,0.4220000118948519,0
59,1.237522582989186,0.5312089924700558,0
60,1.2506666249828413,0.7058330229483545,0
61,1.26398958300706,0.5163750029169023,0
62,1.2776907500228845,0.4830000107176602,0
63,1.2907742920215242,0.5455829668790102,0
64,1.3039068329962902,0.36308402195572853,0
65,1.3168676249915734,,1
66,1.4306426250259392,0.5075829685665667,0
67,1.4437530830036849,0.4830419784411788,0
68,1.4568280419916846,,1
69,1.5707391669857316,0.48562500160187483,0
70,1.5826342499931343,0.4782920004799962,0
71,1.5956845830078237,0.36633398849517107,0
72,1.6063820830313489,0.31570898136124015,0
73,1.6167740420205519,0.2460000105202198,0
74,1.6295491250348277,0.1919579808600247,0
75,1.642268666997552,,1
76,1.7550632079946809,0.6260839872993529,0
77,1.7683178749866784,,1
78,1.8821707920287736,0.39783300599083304,0
79,1.8951373749878258,0.3547079977579415,0
80,1.9080764580285177,0.4652499919757247,0
81,1.92112516699126,0.39483304135501385,0
82,1.9340916670043953,0.4818750312551856,0
83,1.9471544999978505,0.43162499787285924,0
84,1.9601694580051117,0.4142500110901892,0
85,1.970846124982927,,1
86,2.084663624991663,0.6327499868348241,0
87,2.0954232920194045,,1
88,2.208060958015267,0.6756670190952718,0
89,2.219434291997459,0.502375012729317,0
90,2.2307880420121364,0.5102499853819609,0
91,2.243863167008385,0.5279579781927168,0
92,2.256967875000555,,1
93,2.3690947919967584,0.6449160282500088,0
94,2.3808576249866746,0.5240830359980464,0
95,2.3939406250137836,0.5069170147180557,0
96,2.4070344580104575,0.4511249717324972,0
97,2.4200534999836236,0.36645802902057767,0
98,2.4320052500115708,0.3167499671690166,0
99,2.4448763750260696,0.4432499990798533,0
100,2.459653249999974,0.6255829939618707,0
101,2.474032750003971,0.35429198760539293,0
102,2.4845080000231974,0.39374997140839696,0
103,2.4975178749882616,0.7762919995002449,0
104,2.5097643330227584,0.5914589855819941,0
105,2.5227676670183428,0.39483298314735293,0
106,2.533586167031899,0.4572079633362591,0
107,2.5465367499855347,0.6959169986657798,0
108,2.557548541983124,0.6256659980863333,0
109,2.5707440419937484,0.5848330329172313,0
110,2.583904667000752,0.5804160027764738,0
111,2.5970567500335164,0.5144999595358968,0
112,2.609491374983918,0.5092500359751284,0
113,2.621719542017672,,1
114,2.7348041249788366,0.49645802937448025,0
115,2.74644833302591,0.6050419760867953,0
116,2.7585528750205413,,1
117,2.870909582998138,0.681250006891787,0
118,2.884175207989756,0.5896250368095934,0
119,2.897344333003275,,1
120,3.0111860419856384,0.6515830173157156,0
121,3.0244137499830686,0.5012080073356628,0
122,3.0362080829800107,0.4331670352257788,0
123,3.0487393750227056,0.41454198071733117,0
124,3.0617429169942625,0.36025000736117363,0
125,3.0746509170276113,0.3808329929597676,0
126,3.0875823330134153,,1
127,3.2004830419900827,,1
128,3.3144224580028094,0.5982500151731074,0
129,3.326741500000935,0.43050001841038465,0
130,3.3386192499892786,0.5120830028317869,0
131,3.35171541699674,0.2870000316761434,0
132,3.362905125017278,0.2541670110076666,0
133,3.3757047500112094,0.5080419941805303,0
134,3.388781875022687,0.5601249868050218,0
135,3.401917750015855,0.5823749816045165,0
136,3.4149153329781257,0.7482920191250741,0
137,3.426838667015545,0.5499999970197678,0
138,3.439917041978333,1.4156250399537385,0
139,3.454162708017975,0.5362089723348618,0
140,3.465157792030368,0.4960829974152148,0
141,3.476570292026736,,1
142,3.5896506250137463,0.783249968662858,0
143,3.600816083024256,0.4764169570989907,0
144,3.61183654202614,0.494415988214314,0
145,3.6236844999948516,0.38420798955485225,0
146,3.636369083018508,0.27416698867455125,0
147,3.6479544999892823,0.2495000371709466,0
148,3.6607764170039445,0.3585410304367542,0
149,3.6736821670201607,0.26129098841920495,0
150,3.686483125027735,0.22329197963699698,0
151,3.6992479999898933,0.22175000049173832,0
152,3.7120119580067694,0.32599997939541936,0
153,3.724878999986686,0.3190830466337502,0
154,3.736492458032444,0.3311249893158674,0
155,3.7493731250287965,0.317458005156368,0
156,3.7608853750280105,0.2192499814555049,0
157,3.7736767919850536,0.19824999617412686,0
158,3.7864073329837993,0.2683339989744127,0
159,3.799196249980014,0.2827499993145466,0
160,3.8120262500015087,0.3803329891525209,0
161,3.8249830420245416,0.404666003305465,0
162,3.837960999982897,1.5367080341093242,0
163,3.852083333011251,0.37083402276039124,0
164,3.865017457981594,0.26050000451505184,0
165,3.8778417499852367,0.36337500205263495,0
166,3.890776582993567,0.25804201140999794,0
167,3.9036165419965982,0.3352910280227661,0
168,3.9165156669914722,0.25750003987923265,0
169,3.928482207993511,0.24595903232693672,0
170,3.9412803330342285,0.24854199727997184,0
171,3.9540806250297464,0.24083297466859221,0
172,3.9668581250007264,0.2940000267699361,0
173,3.9796919579966925,0.28249999741092324,0
174,3.9912447499809787,0.31279202084988356,0
175,4.004106417007279,0.3225000109523535,0
176,4.016979292035103,0.3303329576738179,0
177,4.0298665830050595,0.4302919842302799,0
178,4.042847292032093,0.6099999882280827,0
179,4.054798041994218,0.48212503315880895,0
180,4.067834875022527,0.564624962862581,0
181,4.081014750001486,0.5340420175343752,0
182,4.092146417009644,0.4182910197414458,0
183,4.104966500017326,0.49587496323511004,0
184,4.118014292034786,,1
185,4.230864416982513,0.7061250507831573,0
186,4.242786791990511,0.4973330069333315,0
187,4.255054417008068,0.5078749964013696,0
188,4.26814183301758,0.4900419735349715,0
189,4.281215625000186,0.38908299757167697,0
190,4.2931542079895735,0.3611250431276858,0
191,4.306117042026017,0.28908299282193184,0
192,4.318312750023324,0.32070797169581056,0
193,4.329899333009962,0.29799999902024865,0
194,4.340455208031926,0.27949997456744313,0
195,4.353284917015117,0.38954097544774413,0
196,4.3662410419783555,0.46570802805945277,0
197,4.379268750024494,0.4728749627247453,0
198,4.392338583013043,0.5029999883845448,0
199,4.405414082983043,,1
200,4.518446000001859,0.47987501602619886,0
201,4.530943666992243,0.33712503500282764,0
202,4.543845708016306,0.21991698304191232,0
203,4.555478833033703,,1
204,4.669309917022474,0.38433296140283346,0
205,4.6822715000016615,0.2948329783976078,0
206,4.695165499986615,0.2508750185370445,0
207,4.706162500020582,0.226958014536649,0
208,4.718934750009794,0.213916995562613,0
209,4.730549792002421,0.2836660132743418,0
210,4.742100125004072,,1
211,4.856290374998935,0.5989170167595148,0
212,4.869819707993884,0.5799590144306421,0
213,4.8816785420058295,0.6431660149246454,0
214,4.8949174170265906,0.5537079996429384,0
215,4.908128916984424,0.5747500108554959,0
216,4.920506375026889,0.5074169603176415,0
217,4.933574624999892,0.5006249994039536,0
218,4.946241832978558,0.46662503154948354,0
219,4.95685370801948,0.44345896458253264,0
220,4.969845000014175,0.43566699605435133,0
221,4.982830208027735,0.45116699766367674,0
222,4.995840249990579,0.49404200399294496,0
223,5.008910792006645,0.28983299853280187,0
224,5.021222500014119,0.25762501172721386,0
225,5.0340565830119886,0.26583397993817925,0
226,5.046865832991898,0.3017089911736548,0
227,5.059706375002861,0.3090000245720148,0
228,5.071252958034165,0.3865839680656791,0
229,5.084194375027437,0.45766698895022273,0
230,5.097203582990915,0.43112499406561255,0
231,5.110185375029687,0.44308300130069256,0
232,5.123186499986332,0.48808299470692873,0
233,5.1362434169859625,,1
234,5.249999792024028,0.5098329856991768,0
235,5.263065707986243,0.44425000669434667,0
236,5.274130667035934,,1
237,5.3879083750071,0.5398329813033342,0
238,5.400521332980134,0.3682500100694597,0
239,5.413444042031188,0.3048329963348806,0
240,5.4262954170117155,0.2686249790713191,0
241,5.439100333023816,0.2810839796438813,0
242,5.451920124993194,0.33137499121949077,0
243,5.464790666999761,,1
244,5.57820895803161,,1
245,5.692034750012681,0.5462499684654176,0
246,5.704587374988478,0.36091700894758105,0
247,5.717496792029124,,1
248,5.831210042000748,0.44049997813999653,0
249,5.844197250029538,0.387999985832721,0
250,5.856556500017177,,1
251,5.97033158299746,0.4558750079013407,0
252,5.983338707999792,0.26279198937118053,0
253,5.99481087498134,0.2642920007929206,0
254,6.0072947919834405,0.2657910226844251,0
255,6.020104416995309,0.3151660203002393,0
256,6.032974749978166,0.24862500140443444,0
257,6.045771625009365,0.36750000435858965,0
258,6.058686250005849,0.3071670071221888,0
259,6.0715373330167495,0.3895839909091592,0
260,6.084472583024763,0.35016698529943824,0
261,6.096237457997631,0.3219590289518237,0
262,6.1075380420079455,0.4197909729555249,0
263,6.120525499980431,0.3470000228844583,0
264,6.1334155420190655,,1
265,6.246225874987431,0.43220800580456853,0
266,6.257179417007137,0.41508302092552185,0
267,6.268755750032142,0.33487495966255665,0
268,6.281630082987249,0.33012503990903497,0
269,6.2945060830097646,0.3964999923482537,0
270,6.307447542028967,0.36233296850696206,0
271,6.320353541988879,0.3074160194955766,0
272,6.332639917032793,0.3494999837130308,0
273,6.344343582983129,0.30920904828235507,0
274,6.357194082986098,0.32216700492426753,0
275,6.368308542005252,0.3672500024549663,0
276,6.379572417004965,0.33787498250603676,0
277,6.392449332983233,0.4146250430494547,0
278,6.4054241250269115,0.4924169625155628,0
279,6.418477000028361,0.3950829850509763,0
280,6.431313042005058,0.3620409988798201,0
281,6.444012749998365,0.3423750167712569,0
282,6.45689566701185,,1
283,6.570687583007384,0.5367500125430524,0
284,6.583777167019434,0.41270797373726964,0
285,6.596751958015375,0.4202499985694885,0
286,6.60972008301178,0.36629202077165246,0
287,6.622626750031486,0.3571249544620514,0
288,6.635529250022955,0.35366701195016503,0
289,6.646240000030957,0.4231669590808451,0
290,6.659209250006825,0.5051249754615128,0
291,6.67123008298222,0.3747920272871852,0
292,6.684152125031687,0.36399997770786285,0
293,6.696256374998484,0.522291986271739,0
294,6.709352916979697,0.34029100788757205,0
295,6.722252583014779,0.33487501787021756,0
296,6.735136375005823,0.39941701106727123,0
297,6.746237082988955,1.326250028796494,0
298,6.760117250028998,0.3817079705186188,0
299,6.773036124999635,0.2595830010250211,0
300,6.784604042011779,0.6511249812319875,0
301,6.79780258302344,0.20583398872986436,0
302,6.810563625011127,,1
303,6.924286833032966,0.38479198701679707,0
304,6.93656733300304,0.28716702945530415,0
305,6.949432792025618,,1
306,7.062903666985221,,1
307,7.174338541983161,,1
308,7.288172582979314,0.6010000361129642,0
309,7.300440124992747,0.3513330011628568,0
310,7.313360792002641,,1
311,7.427146125002764,0.602708023507148,0
312,7.440322957991157,0.4450420383363962,0
313,7.453319791995455,0.3993749851360917,0
314,7.46391200000653,0.41491701267659664,0
315,7.476279292022809,0.36279100459069014,0
316,7.488384333031718,0.7944589597173035,0
317,7.499409249983728,0.38466701516881585,0
318,7.512335167033598,0.40154095040634274,0
319,7.523132333008107,,1
320,7.636963875032961,0.6275829509831965,0
321,7.65017529198667,0.6268750294111669,0
322,7.6633921670145355,0.5772080039605498,0
323,7.676560125022661,0.46504195779561996,0
324,7.6905854170327075,0.453874992672354,0
325,7.7035264580044895,0.48925000010058284,0
326,7.714326167013496,,1
327,7.827405625022948,0.41337497532367706,0
328,7.8402552920160815,0.33316598273813725,0
329,7.852382124983706,0.3675420302897692,0
330,7.865841666993219,0.5574999959208071,0
331,7.876712542027235,0.45324995880946517,0
332,7.889728125010151,0.2886250149458647,0
333,7.902592208003625,0.6385840242728591,0
334,7.914786249981262,0.48337504267692566,0
335,7.927868042024784,0.6335829966701567,0
336,7.941070042026695,0.2840000088326633,0
337,7.95390987501014,0.4827079828828573,0
338,7.966948333021719,0.48983399756252766,0
339,7.979999875009526,0.43658301001414657,0
340,7.993453250033781,,1
341,8.107472707983106,0.6359170074574649,0
342,8.120708749978803,0.42920804116874933,0
343,8.132185333000962,0.47979201190173626,0
344,8.145256708026864,0.4719169810414314,0
345,8.158303458010778,0.28370897052809596,0
346,8.171137832978275,0.24875003146007657,0
347,8.18394208297832,0.35862502409145236,0
348,8.196862208016682,0.3645839751698077,0
349,8.208058167016134,0.21004100563004613,0
350,8.220803417032585,0.23987499298527837,0
351,8.233586042013485,0.27616601437330246,0
352,8.2464030830306,0.23849995341151953,0
353,8.258053458004724,0.3292500041425228,0
354,8.270926583034452,,1
355,8.38468133303104,0.56245899759233,0
356,8.397804292035289,0.5997499683871865,0
357,8.410783416999038,0.48212503315880895,0
358,8.42383141699247,2.981041034217924,0
359,8.443271916999947,0.6512079853564501,0
360,8.45504891697783,1.095291052479297,0
361,8.46828958299011,0.41079201037064195,0
362,8.481286249996629,0.55779202375561,0
363,8.493165332998615,0.5077089881524444,0
364,8.506233833031729,0.3933339612558484,0
365,8.517454707995057,0.38291700184345245,0
366,8.528281582985073,0.6142090423963964,0
367,8.541493500000797,1.068499987013638,0
368,8.554355832980946,0.5345000536181033,0
369,8.564972333027981,0.5802919622510672,0
370,8.576434958027676,0.7696669781580567,0
371,8.59192516701296,0.6593330181203783,0
372,8.608652167022228,0.6412909715436399,0
373,8.622910832986236,0.8937920210883021,0
374,8.634710917016491,0.3649999853223562,0
375,8.64811287500197,,1
376,8.76182458299445,0.3565000370144844,0
377,8.774754041980486,0.2590830554254353,0
378,8.787585749989375,0.30866701854392886,0
379,8.800477917015087,0.3832909860648215,0
380,8.812945207988378,0.3035000408999622,0
381,8.825819417019375,0.24270795984193683,0
382,8.838379791995976,0.14000001829117537,0
383,8.851057875028346,0.25058299070224166,0
384,8.863852708018385,0.24566700449213386,0
385,8.876637291978113,0.2365410327911377,0
386,8.88849104201654,0.20700000459328294,0
387,8.900358417013194,0.27612497797235847,0
388,8.913174875022378,0.2639580052345991,0
389,8.92597433301853,0.2850840101018548,0
390,8.938786374987103,0.1438329927623272,0
391,8.951456292008515,0.33791601890698075,0
392,8.964182041992899,0.3522500046528876,0
393,8.975648250023369,0.39362499956041574,0
394,8.988519000005908,0.41737500578165054,0
395,9.001651166996453,0.42395800119265914,0
396,9.014623208029661,0.418374955188483,0
397,9.026140749978367,0.4516250337474048,0
398,9.039139750006143,0.4196250229142606,0
399,9.05210829200223,0.36579102743417025,0
400,9.065038333006669,0.3855840186588466,0
401,9.07797208300326,0.4295419785194099,0
402,9.090952583006583,0.36808400182053447,0
403,9.10387091699522,0.3524160129018128,0
404,9.115486750029959,0.3541669575497508,0
405,9.12838508299319,0.3672500024549663,0
406,9.140481207985431,0.3303750418126583,0
407,9.153355750022456,0.28445798670873046,0
408,9.166179166990332,0.2803750103339553,0
409,9.179007125028875,0.33074995735660195,0
410,9.191880625032354,0.2976249670609832,0
411,9.204717041982803,0.283458037301898,0
412,9.217545750027057,0.2842079848051071,0
413,9.230393667006865,0.3783749998547137,0
414,9.243310625024606,0.2727079554460943,0
415,9.25612691702554,,1
416,9.369862125022337,,1
417,9.483474583015777,0.6673749885521829,0
418,9.495378500025254,0.5273749702610075,0
419,9.508477375027724,0.616416975390166,0
420,9.521671042020898,0.4885829985141754,0
421,9.534721833013464,0.5475839716382325,0
422,9.547686874982901,,1
423,9.66061412502313,0.4575829952955246,0
424,9.671230499981903,0.4279580316506326,0
425,9.684224374999758,0.4113329923711717,0
426,9.696235082985368,0.326167035382241,0
427,9.709113124990836,0.28962502256035805,0
428,9.721227000001818,0.4015419981442392,0
429,9.733326749992557,0.43645803816616535,0
430,9.745165125001222,0.36279199412092566,0
431,9.758082083018962,0.2382089733146131,0
432,9.770857667026576,0.1860829652287066,0
433,9.783611875027418,0.1895419554784894,0
434,9.796343541995157,0.3066250355914235,0
435,9.809200707997661,0.3290839958935976,0
436,9.821001833013725,0.6567920208908617,0
437,9.833121625008062,,1
438,9.946236916992348,0.5464580026455224,0
439,9.959358000021894,0.4083749954588711,0
440,9.971233958029188,0.4490839783102274,0
441,9.984234082978219,0.4039170453324914,0
442,9.996230832999572,0.44054200407117605,0
443,10.009237958001904,0.45016699004918337,0
444,10.022278874996118,0.9500000160187483,0
445,10.035795042000245,0.3727080184035003,0
446,10.048730749986134,0.36929204361513257,0
447,10.06166474998463,0.8804580429568887,0
448,10.075120542023797,0.5079159745946527,0
449,10.088176458026282,0.504166993778199,0
450,10.100907833024394,0.48908399185165763,0
451,10.112914333003573,0.4795839777216315,0
452,10.12596166698495,0.49937504809349775,0
453,10.139048999990337,0.5830420413985848,0
454,10.151571292022709,0.5732079735025764,0
455,10.162507041997742,0.8212079992517829,0
456,10.175226958002895,0.7282919832505286,0
457,10.18790933303535,0.4122089594602585,0
458,10.200906292011496,0.1897909678518772,0
459,10.213636500004213,0.15829200856387615,0
460,10.226318917004392,0.1552909961901605,0
461,10.237893707992043,0.1418340252712369,0
462,10.250592417025473,0.13108295388519764,0
463,10.26289141702,0.15724997501820326,0
464,10.275608208030462,0.21095899865031242,0
465,10.287899208022282,0.17866695998236537,0
466,10.300614167004824,0.17879100050777197,0
467,10.312897542025894,0.22808299399912357,0
468,10.325680957990699,0.20466704154387116,0
469,10.338425833033398,0.31283398857340217,0
470,10.351896042004228,0.6336660007946193,0
471,10.365077833004761,0.26345899095758796,0
472,10.377885541995056,0.24158303858712316,0
473,10.390297333011404,0.24245900567620993,0
474,10.403075249982066,,1
475,10.516801249992568,0.4100830410607159,0
476,10.529755750030745,0.29045797418802977,0
477,10.542582291993313,0.2560830325819552,0
478,10.554565292026382,0.4278749693185091,0
479,10.567546542035416,0.35054096952080727,0
480,10.57830691698473,0.31716603552922606,0
481,10.591163708013482,0.33170898677781224,0
482,10.602384541998617,0.3199159982614219,0
483,10.612891375028994,,1
484,10.726630082994234,0.5033339839428663,0
485,10.73968674999196,0.3356669913046062,0
486,10.752572917030193,0.3067909856326878,0
487,10.765424332988914,0.29420899227261543,0
488,10.778255333018024,0.3148340038023889,0
489,10.79050341702532,0.3019999712705612,0
490,10.803341042017564,0.2798750065267086,0
491,10.816184958035592,0.2690419787541032,0
492,10.828992083028425,0.2637499710544944,0
493,10.841790458012838,0.2660839818418026,0
494,10.854617875011172,0.33850001636892557,0
495,10.867496583028696,0.3350419574417174,0
496,10.880369124992285,,1
497,10.992994333035313,0.5040839896537364,0
498,11.00605445803376,0.31837495043873787,0
499,11.017169458034914,0.2514169900678098,0
500,11.029557208006736,0.26837497716769576,0
501,11.040450875007082,0.34745800076052547,0
502,11.052776249998715,0.3844579914584756,0
503,11.065756875032093,0.5955419619567692,0
504,11.078999041987117,0.3559580072760582,0
505,11.090203042025678,0.4307079943828285,0
506,11.103231250017416,0.6152919959276915,0
507,11.113964917021804,0.5148329655639827,0
508,11.127067833032925,0.49654196482151747,0
509,11.139368499978445,0.36345800617709756,0
510,11.152306833013427,0.48441701801493764,0
511,11.165374542004429,0.5792910233139992,0
512,11.177223542006686,0.5629580118693411,0
513,11.19037812500028,0.6074580014683306,0
514,11.202987917000428,0.3673330065794289,0
515,11.215936375025194,,1
516,11.328959125035908,0.5592919769696891,0
517,11.342122000001837,0.39591698441654444,0
518,11.355063249997329,0.30820799292996526,0
519,11.366149957990274,0.3137500025331974,0
520,11.379025625006761,0.28312497306615114,0
521,11.391402499983087,0.3081670147366822,0
522,11.403961749980226,0.39662502240389585,0
523,11.416929042025004,0.40745799196884036,0
524,11.429893499996979,0.390583008993417,0
525,11.441423250013031,0.37958298344165087,0
526,11.453160208009649,0.42504200246185064,0
527,11.46617149998201,0.4813750274479389,0
528,11.479254292033147,0.50633295904845,0
529,11.492366750026122,0.551624980289489,0
530,11.504454708017875,,1
531,11.618237917020451,0.4890830023214221,0
532,11.631322208035272,0.28204196132719517,0
533,11.642140500014648,0.45570801012218,0
534,11.656361250032205,1.880291965790093,0
535,11.670851957984269,0.4895420279353857,0
536,11.683481624990236,0.5518330144695938,0
537,11.696222957980353,0.3636250039562583,0
538,11.708073083020281,,1
539,11.822228625009302,0.6333750206977129,0
540,11.835453249979764,0.4754170076921582,0
541,11.848493958008476,0.6215840112417936,0
542,11.861667999997735,0.386208004783839,0
543,11.873105583013967,0.6743340054526925,0
544,11.886484041984659,0.4363330081105232,0
545,11.899512792006135,0.43366599129512906,0
546,11.910063042014372,0.3398749977350235,0
547,11.921455750009045,0.37991697899997234,0
548,11.93196837499272,,1
549,12.045315916999243,0.6783329881727695,0
550,12.05859520798549,0.47025003004819155,0
551,12.071650707977824,,1
552,12.185396542015951,0.5106250173412263,0
553,12.198489582980983,0.30150002567097545,0
554,12.211371916986536,0.40958303725346923,0
555,12.224357625003904,0.38133299676701427,0
556,12.236272167006973,0.3199159982614219,0
557,12.247163875028491,0.3987919772043824,0
558,12.26016708300449,0.3634170279838145,0
559,12.2731037500198,0.3597079776227474,0
560,12.283725916990079,0.4064580425620079,0
561,12.295376583002508,0.3220420330762863,0
562,12.308243917010259,0.2925409935414791,0
563,12.320737041998655,0.39187498623505235,0
564,12.33372308302205,0.36741700023412704,0
565,12.344757999991998,0.2518750261515379,0
566,12.357554292015266,0.21954101976007223,0
567,12.370306416996755,0.23933302145451307,0
568,12.38307145802537,0.24087500059977174,0
569,12.39583529200172,0.2654999843798578,0
570,12.408635750005487,0.32716698478907347,0
571,12.421247582999058,,1
572,12.532605624990538,,1
573,12.64576450001914,0.47283299500122666,0
574,12.658804124977905,0.21758303046226501,0
575,12.671967500005849,0.19408302614465356,0
576,12.682452708017081,0.21895900135859847,0
577,12.695086541993078,0.39491598727181554,0
578,12.708046832995024,0.3896250273101032,0
579,12.721003582992125,0.5009170272387564,0
580,12.734068666992243,0.49004104221239686,0
581,12.747114625002723,0.45787502313032746,0
582,12.760128375026397,0.4581669927574694,0
583,12.773134750023019,0.3244169638492167,0
584,12.783907375007402,0.39670802652835846,0
585,12.796856250031851,0.43162499787285924,0
586,12.809875875012949,1.0031249839812517,0
587,12.824542207992636,0.47183403512462974,0
588,12.837593208008911,0.4751670057885349,0
589,12.850688666978385,0.5097910179756582,0
590,12.861475125013385,0.45008299639448524,0
591,12.873272542026825,0.4011249984614551,0
592,12.886259332997724,,1
593,12.997499499993864,0.5086670280434191,0
594,13.010608792013954,0.4944580141454935,0
595,13.02122745802626,0.31274999491870403,0
596,13.031842541997321,0.5169159849174321,0
597,13.04493412503507,0.43420796282589436,0
598,13.057958875026088,0.36379200173541903,0
599,13.070896541990805,1.6773330280557275,0
600,13.085181042028125,0.5764159723185003,0
601,13.098229875031393,0.5107499891892076,0
602,13.109295832982752,,1
603,13.22364641702734,0.4646659945137799,0
604,13.23672304203501,0.486082979477942,0
605,13.249786874977872,0.5412920145317912,0
606,13.263009249989409,,1
607,13.377309583011083,,1
608,13.491525083023589,0.7497919723391533,0
609,13.50487762503326,0.5877499934285879,0
610,13.51793962501688,0.5110829952172935,0
611,13.531014541978948,,1
612,13.644875292025972,0.6783749558962882,0
613,13.658137542020995,0.5290000117383897,0
614,13.671228958002757,,1
615,13.785608917009085,0.46266597928479314,0
616,13.797424666990992,1.0956660262309015,0
617,13.809416082978714,,1
618,13.921010999998543,0.5474580102600157,0
619,13.93415600003209,0.27949997456744313,0
620,13.946987457980867,0.18029200145974755,0
621,13.959476208023261,0.19037496531382203,0
622,13.971709374978673,0.11370802531018853,0
623,13.984353124978952,,1
624,14.096347958024126,0.5533339572139084,0
625,14.107084917020984,0.47170795733109117,0
626,14.120196999982,0.686667044647038,0
627,14.1312260000268,0.7144169649109244,0
628,14.142799791996367,0.6255829939618707,0
629,14.15506241703406,0.7079579518176615,0
630,14.168360374984331,0.46725000720471144,0
631,14.179184417007491,1.6387910000048578,0
632,14.19343054201454,0.4492499865591526,0
633,14.20645408303244,0.5423339898698032,0
634,14.217804791987874,0.28487504459917545,0
635,14.229576583020389,,1
636,14.343504166987259,0.5785410176031291,0
637,14.357324666983914,0.46200002543628216,0
638,14.368726457993034,0.4468749975785613,0
639,14.380790708004497,,1
640,14.494590333022643,,1
641,14.607727333030198,,1
642,14.721233666990884,0.441958021838218,0
643,14.733575457998086,,1
644,14.847439582983498,,1
645,14.961284750024788,0.5572499940171838,0
646,14.974451082991436,0.3777919919230044,0
647,14.987397624994628,0.3845000173896551,0
648,15.000355875003152,0.43933303095400333,0
649,15.013367625011597,0.268207979388535,0
650,15.026244374981616,0.5510830087587237,0
651,15.038403125014156,0.42100000428035855,0
652,15.049548375012819,0.5706250085495412,0
653,15.062704125011805,,1
654,15.176558875013143,0.40191697189584374,0
655,15.189526083006058,0.29316701693460345,0
656,15.201121125021018,0.20750000840052962,0
657,15.213876750029158,,1
658,15.326915125013329,0.5234999698586762,0
659,15.337704791978467,0.27908303309231997,0
660,15.350550292001572,0.3839160199277103,0
661,15.361109416990075,0.3566250088624656,0
662,15.374553917034063,0.22658298257738352,0
663,15.387320666981395,0.09037501877173781,0
664,15.397965917014517,0.47104101395234466,0
665,15.411027499998454,0.35379198379814625,0
666,15.421456833020784,0.3042499884031713,0
667,15.433547458029352,0.2596669946797192,0
668,15.44537000003038,0.23241696180775762,0
669,15.456755249993876,0.3380000125616789,0
670,15.469689082994591,0.4038340412080288,0
671,15.480368458025623,0.42287498945370317,0
672,15.49337362498045,0.37295802030712366,0
673,15.50631487503415,0.274707970675081,0
674,15.519149750005454,0.23916701320558786,0
675,15.531503874983173,0.2895829966291785,0
676,15.544361500011291,0.2187080099247396,0
677,15.556099416979123,0.33308303682133555,0
678,15.56901774997823,0.360167003236711,0
679,15.58194350003032,0.20133296493440866,0
680,15.594690125028137,0.1811669790185988,0
681,15.607408792013302,0.17629098147153854,0
682,15.619039500015788,0.23620796855539083,0
683,15.63072524999734,0.1420000335201621,0
684,15.64159362501232,0.8068750030361116,0
685,15.654975291981827,,1
686,15.768797166994773,0.4052080330438912,0
687,15.781782792008016,0.27133297407999635,0
688,15.794638874998782,0.33962499583140016,0
689,15.807541833026335,,1
690,15.92129179200856,0.5814579781144857,0
691,15.934450042026583,0.3006249899044633,0
692,15.947291332995519,0.185334007255733,0
693,15.960009792004712,0.2545409952290356,0
694,15.971231667033862,0.5433749756775796,0
695,15.984606167010497,0.26779097970575094,0
696,15.997421999985818,0.24429202312603593,0
697,16.009503874985967,0.23095804499462247,0
698,16.020655500004068,0.35799999022856355,0
699,16.03356133302441,0.32158399699255824,0
700,16.046427167020738,,1
701,16.160137333034072,0.4496669862419367,0
702,16.17316225002287,0.3790420014411211,0
703,16.186104791995604,0.4231660277582705,0
704,16.199096542026382,0.4036249592900276,0
705,16.212075208022725,0.3186250105500221,0
706,16.224942500004545,,1
707,16.337899875012226,0.5156249972060323,0
708,16.35101212502923,0.35029195714741945,0
709,16.36392162501579,,1
710,16.47749154199846,0.5689160316251218,0
711,16.489260583010036,0.3398749977350235,0
712,16.502179292030632,0.44537498615682125,0
713,16.515177167020738,,1
714,16.6277828750317,0.37299998803064227,0
715,16.64072862500325,0.196542008779943,0
716,16.65345250000246,0.2294579753652215,0
717,16.66620487498585,0.17475005006417632,0
718,16.67891179199796,0.26791600976139307,0
719,16.69175408303272,0.3844999591819942,0
720,16.70470112498151,0.2131670480594039,0
721,16.71678283298388,0.5642090109176934,0
722,16.727877750003245,0.5009580054320395,0
723,16.740798374987207,0.4627919988706708,0
724,16.75216116697993,0.5217910511419177,0
725,16.765296583005693,,1
726,16.879181208030786,0.25412498507648706,0
727,16.89199199998984,0.4117920179851353,0
728,16.904968333023135,,1
729,17.018670041987207,0.3819580306299031,0
730,17.031234916998073,0.3263329854235053,0
731,17.04282658302691,0.21891697542741895,0
732,17.05559608299518,,1
733,17.16709741699742,0.36454101791605353,0
734,17.17780829203548,0.35116594517603517,0
735,17.190728791989386,0.4279580316506326,0
736,17.202363041986246,0.3427910269238055,0
737,17.213945500028785,0.3880829899571836,0
738,17.22691795800347,0.27520902222022414,0
739,17.239742624980863,0.20725000649690628,0
740,17.25248345802538,0.18920900765806437,0
741,17.26520745799644,0.25933398865163326,0
742,17.278028500033543,0.4060829523950815,0
743,17.290990000008605,0.2216249704360962,0
744,17.303756917011924,0.30862499261274934,0
745,17.316630207991693,0.3658340428955853,0
746,17.32870966702467,0.3960409667342901,0
747,17.341378666984383,0.2717080060392618,0
748,17.35426254197955,0.35279104486107826,0
749,17.36608508299105,0.29491703025996685,0
750,17.378960333007853,0.3984589711762965,0
751,17.39139275002526,,1
752,17.502193499996793,0.27900002896785736,0
753,17.51405329199042,0.38416602183133364,0
754,17.525267374992836,,1
755,17.639181500009727,0.5336669855751097,0
756,17.651055374997668,0.5207079811953008,0
757,17.66418366698781,0.5006249994039536,0
758,17.677304707991425,0.5480420077219605,0
759,17.69001279200893,0.4959999932907522,0
760,17.70082262501819,0.5356670008040965,0
761,17.71396783302771,0.6477499846369028,0
762,17.727217499981634,0.6002919981256127,0
763,17.73860862501897,0.2869580057449639,0
764,17.750315750017762,0.4273329977877438,0
765,17.763363957987167,,1
766,17.875431833032053,0.29195897514000535,0
767,17.888288374990225,1.4957500388845801,0
768,17.902499500021804,0.29441696824505925,0
769,17.915468042017892,0.3144579823128879,0
770,17.927809250017162,0.2997079864144325,0
771,17.940730958012864,0.29399996856227517,0
772,17.953594124992378,0.2699579927138984,0
773,17.964916124998126,0.3879169817082584,0
774,17.977897582983132,0.3634589957073331,0
775,17.990850917005446,1.0068329866044223,0
776,18.003583166981116,0.34962501376867294,0
777,18.016510875022504,0.4095829790458083,0
778,18.02765395800816,0.42379199294373393,0
779,18.040661707986146,0.3706670249812305,0
780,18.05360445799306,0.3807920147664845,0
781,18.0665378330159,0.3600419731810689,0
782,18.078970125003252,0.25045801885426044,0
783,18.09176637500059,0.2215420245192945,0
784,18.104526499984786,0.24508300703018904,0
785,18.117317917000037,0.3482080064713955,0
786,18.128563667007256,0.29754097340628505,0
787,18.141417082981206,,1
788,18.25452816701727,0.29312499100342393,0
789,18.267394875001628,0.39904197910800576,0
790,18.279575792024843,0.3251659800298512,0
791,18.291950458020438,0.22587500279769301,0
792,18.30474187503569,,1
793,18.41865104198223,0.6759579991921782,0
794,18.432211500010453,0.39662502240389585,0
795,18.4452068330138,0.36916701355949044,0
796,18.458213000034448,0.2810829901136458,0
797,18.471058292023372,0.34395797410979867,0
798,18.483976542018354,0.26729097589850426,0
799,18.498999707982875,3.838250006083399,0
800,18.515153957996517,0.3897499991580844,0
801,18.528474749997258,1.2047920026816428,0
802,18.542307333031204,0.25870895478874445,0
803,18.552733707998414,,1
804,18.665471041982528,0.6040410371497273,0
805,18.678697374998592,0.6365419831126928,0
806,18.691162167000584,0.4462500219233334,0
807,18.70301295799436,0.4045839887112379,0
808,18.716013249999378,0.4729999927803874,0
809,18.727453917032108,0.5245409556664526,0
810,18.74061666702619,0.7440829649567604,0
811,18.753216499986593,0.41741703171283007,0
812,18.76624800002901,0.3073329571634531,0
813,18.778287500026636,2.3694579722359776,0
814,18.790964832995087,1.7698340234346688,0
815,18.805167208018247,1.805791980586946,0
816,18.81902870797785,1.9737500115297735,0
817,18.83141008298844,0.6053750403225422,0
818,18.84424000000581,0.30762498499825597,0
819,18.861747707996983,0.5206250352784991,0
820,18.87339508300647,0.49454200780019164,0
821,18.88673262501834,2.820374967996031,0
822,18.901315875002183,0.26179198175668716,0
823,18.91288858302869,0.24979200679808855,0
824,18.92572233302053,0.416958995629102,0
825,18.938697958015837,,1
826,19.05203404201893,1.4020410017110407,0
827,19.066019333025906,0.4189169849269092,0
828,19.07902699999977,0.3993749851360917,0
829,19.091997666982934,0.48212503315880895,0
830,19.10502900002757,,1
831,19.21695929201087,0.6627910188399255,0
832,19.229575583012775,0.33537502167746425,0
833,19.242462375026662,0.3041669842787087,0
834,19.255088458012324,0.8798339986242354,0
835,19.268659625027794,0.3048749640583992,0
836,19.28151883301325,0.4754170076921582,0
837,19.293177583022043,,1
838,19.40704999997979,0.40433305548503995,0
839,19.417588000011165,,1
840,19.530730250000488,0.33591699320822954,0
841,19.541399416979402,0.2287500537931919,0
842,19.554187458008528,,1
843,19.66797491698526,0.4122499958612025,0
844,19.680945625004824,,1
845,19.7947382919956,0.7232910138554871,0
846,19.80810800002655,0.5435829516500235,0
847,19.821264832979068,0.4055840545333922,0
848,19.834245999983978,0.3607500111684203,0
849,19.846250500006136,0.4488329868763685,0
850,19.858061541977804,,1
851,19.97072920802748,0.7595839560963213,0
852,19.983900875027757,0.6668329588137567,0
853,19.99647037498653,0.5183329922147095,0
854,20.00873075000709,0.4903749795630574,0
855,20.01987633301178,0.45045901788398623,0
856,20.031672707991675,0.4960420192219317,0
857,20.04481166700134,0.8382080122828484,0
858,20.058247875014786,0.448125007096678,0
859,20.07126762502594,0.3342079580761492,0
860,20.083278583013453,0.3927089856006205,0
861,20.09383995801909,0.39233401184901595,0
862,20.106802417023573,0.3631659783422947,0
863,20.117805125017185,0.3893329994753003,0
864,20.130755833000876,0.3480419982224703,0
865,20.143651082995348,,1
866,20.25738841702696,0.44899998465552926,0
867,20.27041812503012,0.27895800303667784,0
868,20.28323983302107,0.2268339740112424,0
869,20.293607917032205,0.21899997955188155,0
870,20.306124625029042,0.4925419925712049,0
871,20.319163499982096,0.37641701055690646,0
872,20.33055366697954,0.49775000661611557,0
873,20.34264941699803,0.45141601003706455,0
874,20.354846708010882,1.781500002834946,0
875,20.36884158302564,0.5632920074276626,0
876,20.381966791988816,0.6451660301536322,0
877,20.395617333007976,0.7953339954838157,0
878,20.40815874998225,0.7113330066204071,0
879,20.421241500007454,0.45712501741945744,0
880,20.433819583035074,0.9939169976860285,0
881,20.4460626670043,0.6488329963758588,0
882,20.45973037503427,0.6282919785007834,0
883,20.473342625016812,2.400207973551005,0
884,20.48831887502456,4.34770795982331,0
885,20.507130292011425,1.0195409995503724,0
886,20.52072345803026,0.443708966486156,0
887,20.533728957991116,0.5831670132465661,0
888,20.54686187498737,0.6165830418467522,0
889,20.560074542008806,0.4921249928884208,0
890,20.57361037499504,0.8397080237045884,0
891,20.58703766699182,0.4374579875729978,0
892,20.600055875023827,0.42808300349861383,0
893,20.61174733302323,0.5321669741533697,0
894,20.624936916981824,0.6883750320412219,0
895,20.637908250035252,,1
896,20.75173600000562,0.47575001372024417,0
897,20.763872292009182,0.25591597659513354,0
898,20.775384125008713,0.24174997815862298,0
899,20.788167332997546,0.19370898371562362,0
900,20.798638082982507,0.27779204538092017,0
901,20.80957408301765,0.4546669661067426,0
902,20.821380666980986,0.49716600915417075,0
903,20.83307450002758,0.43245800770819187,0
904,20.846069457998965,0.26991701452061534,0
905,20.856830874981824,0.2572920056991279,0
906,20.869306457985658,0.27012504870072007,0
907,20.8821268749889,0.29316701693460345,0
908,20.89248029200826,0.3334580105729401,0
909,20.90538995800307,0.38829201366752386,0
910,20.918123957992066,0.6607089890167117,0
911,20.93139650003286,0.3902919706888497,0
912,20.944357416999992,0.4284160095266998,0
913,20.957379333034623,0.36516698310151696,0
914,20.97032758302521,0.436166999861598,0
915,20.982136542035732,0.35924999974668026,0
916,20.995062250003684,0.3896669950336218,0
917,21.007205000030808,0.652582966722548,0
918,21.01923012500629,0.41033298475667834,0
919,21.03242937498726,1.1941250413656235,0
920,21.044945832982194,0.25804201140999794,0
921,21.05704174999846,2.6657499838620424,0
922,21.073048958030995,3.4599589998833835,0
923,21.09079012501752,0.4117499920539558,0
924,21.101694541983306,,1
925,21.23188866698183,3.673250030260533,0
926,21.254978291981388,56.33645801572129,0
927,21.324063958018087,,1
928,21.4375759580289,0.571124954149127,0
929,21.450776832993142,0.5072090425528586,0
930,21.462931208021473,0.44816697482019663,0
931,21.474874791980255,0.2942910068668425,0
932,21.487781832984183,0.54191704839468,0
933,21.50094162498135,,1
934,21.612411791982595,0.8635830017738044,0
935,21.6236974580097,0.6585000082850456,0
936,21.63695195800392,,1
937,21.75006662501255,0.7175829960033298,0
938,21.763394583016634,0.521250010933727,0
939,21.776176874991506,0.6075000273995101,0
940,21.7902649170137,0.4075830220244825,0
941,21.803232625010423,,1
942,21.916334374982398,0.7364580524154007,0
943,21.931707750016358,1.511499984189868,0
944,21.944992042030208,0.5913749919272959,0
945,21.956090458028484,0.4463749937713146,0
946,21.96800837502815,0.49308297457173467,0
947,21.98112791700987,0.5461659748107195,0
948,21.992460249981377,0.4433330032043159,0
949,22.00549312500516,0.3647499834187329,0
950,22.016245707985945,0.2560840221121907,0
951,22.028381082986016,,1
952,22.1410530830035,0.4402089980430901,0
953,22.154057417006698,0.3090000245720148,0
954,22.166933083033655,0.41929195867851377,0
955,22.1791409580037,0.375000003259629,0
956,22.19112395797856,0.42337505146861076,0
957,22.20318391697947,,1
958,22.317605999996886,1.9673749920912087,0
959,22.33259929198539,0.6183329969644547,0
960,22.34636575001059,0.33479201374575496,0
961,22.359313208027743,0.6539589958265424,0
962,22.373885833017994,0.5559999844990671,0
963,22.387041167006828,0.286665977910161,0
964,22.398060000035912,0.9158749599009752,0
965,22.409829750016797,0.3269579610787332,0
966,22.421304083021823,0.8123749867081642,0
967,22.434816292021424,0.33441599225625396,0
968,22.445443457982037,0.3625000244937837,0
969,22.45650495798327,0.2875420032069087,0
970,22.469369416998234,,1
971,22.583445792028215,0.6515829591080546,0
972,22.59667887497926,0.4230000195093453,0
973,22.60899216699181,0.39554102113470435,0
974,22.624626207980327,0.9186250390484929,0
975,22.63752829201985,0.3070830134674907,0
976,22.650446375017054,0.30337501084432006,0
977,22.663323374988977,0.4063750384375453,0
978,22.67631154198898,0.37941604387015104,0
979,22.687973416992463,0.40850002551451325,0
980,22.7009697080357,0.47266698675230145,0
981,22.712141041993164,,1
982,22.825883249985054,0.4140000091865659,0
983,22.8374773330288,0.30558399157598615,0
984,22.850127124984283,0.29920804081484675,0
985,22.862090207985602,0.4709589993581176,0
986,22.875133083027322,0.5020839744247496,0
987,22.88820458302507,0.29558397363871336,0
988,22.90107545797946,0.30979205621406436,0
989,22.913948583009187,0.27179199969395995,0
990,22.924527458031662,0.5187499918974936,0
991,22.93661312502809,0.39891700726002455,0
992,22.949621375009883,0.4183329874649644,0
993,22.961236083006952,0.34849997609853745,0
994,22.972000167006627,0.3589160041883588,0
995,22.984922042000107,0.27195800794288516,0
996,22.997761583013926,0.48570899525657296,0
997,23.008368582988624,0.3978339955210686,0
998,23.021055250021163,1.492291979957372,0
999,23.033052249986213,1.1939170071855187,0
1000,23.046855958004016,0.4359590238891542,0
1001,23.059914458019193,,1
1002,23.17304999998305,0.55854202946648,0
1003,23.18539379199501,0.474916014354676,0
1004,23.198442250024527,0.5552920047193766,0
1005,23.211676666978747,0.49337500240653753,0
1006,23.222704374988098,,1
1007,23.334634333034046,0.3332499763928354,0
1008,23.347502999997232,0.27241703355684876,0
1009,23.358046083012596,0.17362501239404082,0
1010,23.37039245798951,0.27474999660626054,0
1011,23.383229750033934,0.3856249968521297,0
1012,23.39619479200337,0.3926249919459224,0
1013,23.40920237498358,,1
1014,23.522571749985218,0.4438750329427421,0
1015,23.53423037502216,0.4883749643340707,0
1016,23.547376708011143,0.639208999928087,0
1017,23.560615833033808,0.5092919454909861,0
1018,23.572980166994967,0.2854160265997052,0
1019,23.585047500033397,0.37358299596235156,0
1020,23.597888457996305,2.2319999989122152,0
1021,23.61272379203001,0.862124958075583,0
1022,23.62431425001705,0.37054199492558837,0
1023,23.637278917012736,0.3716659848578274,0
1024,23.647906541998964,0.5602079909294844,0
1025,23.65967525000451,0.48695801524445415,0
1026,23.67153083300218,1.3908339897170663,0
1027,23.68375029199524,0.3787080058827996,0
1028,23.69668591703521,0.4183329874649644,0
1029,23.708055750001222,0.31170801958069205,0
1030,23.7185686249868,0.41912501910701394,0
1031,23.73017549997894,0.3171670250594616,0
1032,23.74177199997939,0.26058300863951445,0
1033,23.754578666994348,0.4154579946771264,0
1034,23.767557208018843,0.4039999912492931,0
1035,23.780548417009413,0.464041018858552,0
1036,23.791899500007275,0.43816701509058475,0
1037,23.805030499992426,0.4041669890284538,0
1038,23.81800008303253,0.19162497483193874,0
1039,23.82950550003443,0.20049995509907603,0
1040,23.842257625015918,0.32662501325830817,0
1041,23.855145292007364,0.47166598960757256,0
1042,23.868765333027113,0.6010420038364828,0
1043,23.880171708005946,0.4467089893296361,0
1044,23.891632375016343,0.4309999640099704,0
1045,23.904817667033058,0.34091598354279995,0
1046,23.916736375016626,,1
1047,24.0305087500019,0.4272920195944607,0
1048,24.0423957920284,0.37895794957876205,0
1049,24.055339624988846,0.21108303917571902,0
1050,24.065904874994885,,1
1051,24.177500958030578,0.4368749796412885,0
1052,24.19071608298691,1.4415420009754598,0
1053,24.204727000033017,0.3037079586647451,0
1054,24.21758245798992,0.2405419945716858,0
1055,24.23036533303093,0.2013339544646442,0
1056,24.24110225000186,0.34679198870435357,0
1057,24.252971499983687,0.270417018327862,0
1058,24.264476166979875,0.21016603568568826,0
1059,24.276690250029787,0.3827079781331122,0
1060,24.289635958033614,0.3303749836049974,0
1061,24.301087750005536,0.3792499774135649,0
1062,24.311861791997217,0.3209580318070948,0
1063,24.33383233298082,0.7825000211596489,0
1064,24.34717995801475,0.351083988789469,0
1065,24.36009525001282,0.29804196674376726,0
1066,24.372954083024524,0.3387919859960675,0
1067,24.384505708003417,0.24666701210662723,0
1068,24.396380458027124,0.365916988812387,0
1069,24.407174749998376,0.48629200318828225,0
1070,24.42024487501476,0.3530000103637576,0
1071,24.432753208035138,0.430708983913064,0
1072,24.443850832991302,0.46624999959021807,0
1073,24.456941333017312,0.6430840003304183,0
1074,24.475622583006043,,1
1075,24.587880624982063,0.3078750451095402,0
1076,24.598585542000365,0.32295798882842064,0
1077,24.60961275000591,,1
1078,24.72225658298703,0.4389590467326343,0
1079,24.73416241700761,0.6615410093218088,0
1080,24.74623866699403,0.5099580157548189,0
1081,24.757658249989618,0.46850001672282815,0
1082,24.770721666980535,0.4075830220244825,0
1083,24.783780292025767,0.43533300049602985,0
1084,24.796835249988362,0.4931250005029142,0
1085,24.80992058297852,0.4953750176355243,0
1086,24.823002082994208,0.47020899364724755,0
1087,24.83462941698963,0.4425829974934459,0
1088,24.84759733302053,0.4064170061610639,0
1089,24.86058866698295,0.362000020686537,0
1090,24.87341912498232,0.41908305138349533,0
1091,24.886411499988753,0.5195420235395432,0
1092,24.897232083021663,0.5088750040158629,0
1093,24.908718916994985,0.5682500195689499,0
1094,24.92191387503408,0.6472079548984766,0
1095,24.93515033298172,0.5879590171389282,0
1096,24.948311750020366,,1
1097,25.060290542023722,,1
1098,25.17425662500318,1.147791976109147,0
1099,25.188012750004418,,1
1100,25.301768917008303,0.9122079936787486,0
1101,25.31529729202157,0.6380410050041974,0
1102,25.326057417027187,0.41262496961280704,0
1103,25.338502417027485,0.5055409856140614,0
1104,25.35209295799723,0.8030000026337802,0
1105,25.365512416989077,0.5399580113589764,0
1106,25.378658000030555,0.5627920036204159,0
1107,25.391426499991212,0.48395799240097404,0
1108,25.40213150001364,0.3737499937415123,0
1109,25.413139957992826,,1
1110,25.526123417017516,0.4375409916974604,0
1111,25.53795466700103,1.8378330278210342,0
1112,25.55000408302294,,1
1113,25.664187750022393,0.5794999888166785,0
1114,25.675171624985524,0.508583034388721,0
1115,25.68790133303264,2.3160839919000864,0
1116,25.702862125006504,,1
1117,25.81590845802566,,1
1118,25.929918207984883,0.4217500099912286,0
1119,25.941901999991387,0.3714170306921005,0
1120,25.954588291991968,0.5315000307746232,0
1121,25.96659012499731,0.5512500065378845,0
1122,25.979758792032953,0.5572079680860043,0
1123,25.990504708024673,0.567167007829994,0
1124,26.002434083027765,0.5989589844830334,0
1125,26.015623749990482,0.5749580450356007,0
1126,26.035903582989704,0.45879202662035823,0
1127,26.048975999990944,0.6414999952539802,0
1128,26.05991145799635,,1
1129,26.171723417006433,0.5160000291652977,0
1130,26.18426162499236,,1
1131,26.298490624991246,0.31050003599375486,0
1132,26.311492917011492,0.4642080166377127,0
1133,26.32456766703399,0.37666596472263336,0
1134,26.336591291998047,,1
1135,26.45039229199756,0.5263329949229956,0
1136,26.46291254198877,0.5293750436976552,0
1137,26.474049250013195,0.44537498615682125,0
1138,26.48714054201264,0.44658296974375844,0
1139,26.50018595799338,0.5312919965945184,0
1140,26.513341457990464,0.494792009703815,0
1141,26.525322625006083,0.4225419834256172,0
1142,26.53721429198049,0.4342500469647348,0
1143,26.550277083006222,0.6787920137867332,0
1144,26.562916917027906,0.4506660043261945,0
1145,26.57596587500302,0.5232919938862324,0
1146,26.586701082997024,0.502375012729317,0
1147,26.59979058301542,0.41749997762963176,0
1148,26.613320417003706,0.4107499844394624,0
1149,26.626307583006565,0.3269169828854501,0
1150,26.638649708009325,0.4330839728936553,0
1151,26.651663792028558,0.4827909870073199,0
1152,26.66396158299176,0.16279204282909632,0
1153,26.67671466700267,0.5239580059424043,0
1154,26.6898361670319,0.24358299560844898,0
1155,26.70191070798319,,1
1156,26.813087375019677,0.26108301244676113,0
1157,26.824739624978974,0.2780830254778266,0
1158,26.836779207980726,0.22058404283598065,0
1159,26.849560167000163,0.40508300298824906,0
1160,26.86255025002174,0.40016695857048035,0
1161,26.8755204170011,0.1413749996572733,0
1162,26.8859107500175,0.21124997874721885,0
1163,26.896637041994836,0.24525000480934978,0
1164,26.909436292015016,0.20466599380597472,0
1165,26.92218191700522,0.1682909787632525,0
1166,26.93347529199673,0.1854160218499601,0
1167,26.94619466701988,0.16175000928342342,0
1168,26.95890170801431,,1
1169,27.072563583031297,0.41149999015033245,0
1170,27.084448457986582,0.27962500462308526,0
1171,27.097222250013147,0.3776670200750232,0
1172,27.11277654202422,1.4674999983981252,0
1173,27.126966333016753,,1
1174,27.240990874997806,0.3506250213831663,0
1175,27.253921499999706,0.5355830071493983,0
1176,27.268317457986996,0.731875014025718,0
1177,27.281666291994043,0.4481659852899611,0
1178,27.294887166994158,0.49254100304096937,0
1179,27.307967750006355,0.40254200575873256,0
1180,27.320930832996964,0.3974169958382845,0
1181,27.333522000000812,0.42275001760572195,0
1182,27.346387166995555,0.4635000368580222,0
1183,27.358325958019122,0.40304200956597924,0
1184,27.370163000014145,0.2454579807817936,0
1185,27.382584500010125,0.3570420085452497,0
1186,27.395500375016127,0.32112497137859464,0
1187,27.408377457992174,0.32983400160446763,0
1188,27.41879795800196,0.40191703010350466,0
1189,27.431806207983755,0.5156670231372118,0
1190,27.445480292022694,3.6609999951906502,0
1191,27.461718250007834,0.2591669908724725,0
1192,27.474521708034445,0.1538749784231186,0
1193,27.487232792016584,0.45608298387378454,0
1194,27.499191333015915,0.46441698214039207,0
1195,27.510027042008005,0.4605409922078252,0
1196,27.520587417006027,0.5378330242820084,0
1197,27.533732082985807,,1
1198,27.646231541992165,0.2895829966291785,0
1199,27.66199679201236,0.47087500570341945,0
1200,27.675025167001877,0.25704101426526904,0
1201,27.687847124994732,0.09537499863654375,0
1202,27.698905208031647,0.19987497944384813,0
1203,27.711640916997567,0.10649999603629112,0
1204,27.72290312498808,0.3066250355914235,0
1205,27.735767791979015,0.38350000977516174,0
1206,27.748730208026245,0.3136249724775553,0
1207,27.761590207985137,0.1497500343248248,0
1208,27.774271166999824,0.23041601525619626,0
1209,27.787044833006803,0.19620900275185704,0
1210,27.7996027499903,0.26929203886538744,0
1211,27.81097024999326,0.5634170374833047,0
1212,27.823280833021272,0.3370419726707041,0
1213,27.837194874999113,0.25170802837237716,0
1214,27.84809766698163,0.34795800456777215,0
1215,27.861018333001994,0.2702089841477573,0
1216,27.87185341701843,0.3743330016732216,0
1217,27.883247875026427,0.3956669825129211,0
1218,27.895084124989808,3.692333004437387,0
1219,27.911355875025038,0.3945829812437296,0
1220,27.92260954203084,0.25666598230600357,0
1221,27.93543300003512,0.44416694436222315,0
1222,27.948434541991446,0.18458301201462746,0
1223,27.95876154198777,0.2591250231489539,0
1224,27.971566000021994,0.2108750049956143,0
1225,27.98434308299329,0.2792500308714807,0
1226,27.997173041978385,0.4040830535814166,0
1227,28.010142749990337,,1
1228,28.12349050003104,0.5456669605337083,0
1229,28.135301625006832,0.34070800757035613,0
1230,28.148201667005196,0.33483299193903804,0
1231,28.161122083023656,0.5081669660285115,0
1232,28.17175275000045,0.5555420066229999,0
1233,28.184684958017897,0.6112499977461994,0
1234,28.19657550001284,0.6976249860599637,0
1235,28.20864987501409,0.7339579751715064,0
1236,28.22201495798072,0.7778750150464475,0
1237,28.233522708003875,0.8075840305536985,0
1238,28.246917416981887,,1
1239,28.357442292035557,0.33133296528831124,0
1240,28.36935120803537,0.5137499538250268,0
1241,28.38116579200141,0.5439160158857703,0
1242,28.393111583020072,0.2756670000962913,0
1243,28.405971125001088,0.5006249994039536,0
1244,28.419100792030804,0.2662079641595483,0
1245,28.431929083017167,0.37329201586544514,0
1246,28.444933791994117,0.4149160231463611,0
1247,28.4571383750299,0.5237080040387809,0
1248,28.470247792021837,0.40341599378734827,0
1249,28.483240792003926,0.37633301690220833,0
1250,28.49592587503139,0.3226669505238533,0
1251,28.507790707983077,0.3612920409068465,0
1252,28.51976041699527,0.3577499883249402,0
1253,28.532703583012335,1.2532920227386057,0
1254,28.54647008300526,0.7141249952837825,0
1255,28.559756792034023,0.3840829594992101,0
1256,28.572459749993868,0.45466702431440353,0
1257,28.584801083023194,0.5974589730612934,0
1258,28.59641154203564,,1
1259,28.709589792008046,1.94845802616328,0
1260,28.722019792010542,0.3043329925276339,0
1261,28.73544104199391,0.43704098789021373,0
1262,28.746391666994896,1.3310830108821392,0
1263,28.7603291249834,0.530958001036197,0
1264,28.771849791985005,0.5399580113589764,0
1265,28.78497541701654,0.4880409687757492,0
1266,28.79808725003386,0.4298329586163163,0
1267,28.811130416986998,0.4701660363934934,0
1268,28.82275412499439,0.642125029116869,0
1269,28.83586487499997,,1
1270,28.94972333300393,0.47145900316536427,0
1271,28.962786708027124,0.3281249664723873,0
1272,28.97474037500797,0.428917002864182,0
1273,28.98777483298909,0.43750001350417733,0
1274,29.00083870801609,0.5387499695643783,0
1275,29.013973082997836,0.32462499802932143,0
1276,29.026875916984864,0.5960410344414413,0
1277,29.04004591703415,0.2537499531172216,0
1278,29.05292270798236,0.2971250214613974,0
1279,29.063568375015166,0.2714169677346945,0
1280,29.07639758300502,0.27116702403873205,0
1281,29.091440042015165,0.2759160124696791,0
1282,29.104287458001636,0.44999999227002263,0
1283,29.116823874996044,0.33066701143980026,0
1284,29.127530625031795,0.479541951790452,0
1285,29.139637166983448,0.3209580318070948,0
1286,29.152530333027244,0.4261249559931457,0
1287,29.16555758297909,0.34645904088392854,0
1288,29.178464917000383,,1
1289,29.291632333013695,0.5844999686814845,0
1290,29.30479133297922,0.490083999466151,0
1291,29.317852583015338,0.49162498908117414,0
1292,29.330948791990522,0.45666599180549383,0
1293,29.342993208032567,0.26766699738800526,0
1294,29.354851667012554,0.45091600622981787,0
1295,29.366689958027564,0.24916697293519974,0
1296,29.378547083004378,0.19333400996401906,0
1297,29.390596374985762,0.303708016872406,0
1298,29.402750541979913,0.31283299904316664,0
1299,29.41561891703168,0.25533296866342425,0
1300,29.427398542000446,0.23095798678696156,0
1301,29.440172917034943,0.2239999594166875,0
1302,29.45104045799235,0.19391701789572835,0
1303,29.463782833016012,0.3689589793793857,0
1304,29.47673583298456,0.26641704607754946,0
1305,29.487159207987133,0.18687499687075615,0
1306,29.499894207983743,0.1395420404151082,0
1307,29.51255670801038,0.16466696979478002,0
1308,29.523548541998025,0.21587498486042023,0
1309,29.53514945798088,0.18570903921499848,0
1310,29.54668287502136,0.2590829972177744,0
1311,29.557076167024206,,1
1312,29.671051124983933,4.421917023137212,0
1313,29.69389420800144,0.40966703090816736,0
1314,29.706889875000343,0.27591700199991465,0
1315,29.719708167016506,0.2086659660562873,0
1316,29.730931832978968,0.41850004345178604,0
1317,29.743933541991282,0.3504999913275242,0
1318,29.756842874980066,0.20995800150558352,0
1319,29.769589582982007,0.167959020473063,0
1320,29.782289208029397,0.21024997113272548,0
1321,29.795037832984235,,1
1322,29.90865587501321,0.34241698449477553,0
1323,29.92154524999205,0.15445798635482788,0
1324,29.934240958013106,0.16979197971522808,0
1325,29.946934707986657,0.1858750474639237,0
1326,29.95963420800399,0.1574999769218266,0
1327,29.972304166993126,0.16737502301111817,0
1328,29.985025333007798,0.3042920143343508,0
1329,29.997219707991462,0.3372920327819884,0
1330,30.01012220798293,0.31525001395493746,0
1331,30.022649666992947,0.8627080242149532,0
1332,30.036102208017837,0.41445897659286857,0
1333,30.04724250000436,0.512500002514571,0
1334,30.060338083014358,0.22954196901991963,0
1335,30.07313025003532,0.28633297188207507,0
1336,30.085980332980398,0.23320905165746808,0
1337,30.097904167021625,0.37587498081848025,0
1338,30.110884250025265,0.24045800091698766,0
1339,30.123683499987237,0.22295804228633642,0
1340,30.13529483298771,,1
1341,30.246687625010964,,1
1342,30.36054420802975,0.5287499516271055,0
1343,30.373050583002623,0.29195897514000535,0
1344,30.38591291703051,0.2234999556094408,0
1345,30.398679417034145,0.1807079534046352,0
1346,30.41140495799482,0.2947500324808061,0
1347,30.42281916702632,0.24420797126367688,0
1348,30.434910250012763,0.20370801212266088,0
1349,30.446204958017915,,1
1350,30.559913167031482,0.39362499956041574,0
1351,30.571510042005684,0.33662497298792005,0
1352,30.58440937503474,0.2584169851616025,0
1353,30.595985000021756,,1
1354,30.709739250014536,0.47383300261572003,0
1355,30.722782667027786,0.3578329924494028,0
1356,30.735702875012066,0.2543330192565918,0
1357,30.748342292034067,0.3187079564668238,0
1358,30.76119375001872,0.3751249751076102,0
1359,30.77412270801142,0.4275839892216027,0
1360,30.787137167004403,0.7032079738564789,0
1361,30.80042120802682,0.6086669745855033,0
1362,30.811747375002597,0.501000031363219,0
1363,30.822589666990098,0.4349160008132458,0
1364,30.83562341699144,0.4866250092163682,0
1365,30.847328292031307,0.5341249634511769,0
1366,30.859163791988976,0.5768330302089453,0
1367,30.872324916999787,0.37129101110622287,0
1368,30.883458000025712,0.26062497636303306,0
1369,30.895637416979298,0.24325004778802395,0
1370,30.908148083020933,,1
1371,31.02187670802232,0.5951249622739851,0
1372,31.035050750011578,0.38237497210502625,0
1373,31.047315375006292,0.32891699811443686,0
1374,31.060200417006854,0.6398329860530794,0
1375,31.073402000009082,0.340582977514714,0
1376,31.086289208033122,,1
1377,31.19822000002023,,1
1378,31.311636042024475,0.6667079869657755,0
1379,31.32309304201044,0.5116660031490028,0
1380,31.336161874991376,0.4306670161895454,0
1381,31.349155292031355,0.42050000047311187,0
1382,31.362127333006356,0.3607089747674763,0
1383,31.375113416987006,0.4290830111131072,0
1384,31.38715541700367,0.6502909818664193,0
1385,31.400385916989762,0.5732080317102373,0
1386,31.413546167023014,0.5304999649524689,0
1387,31.425927750009578,0.9785000002011657,0
1388,31.43774433300132,0.48441701801493764,0
1389,31.450613917026203,,1
1390,31.563743666978553,0.6656660116277635,0
1391,31.576612833014224,0.9231669828295708,0
1392,31.59008699998958,,1
1393,31.703349000017624,0.6834999658167362,0
1394,31.715115917031653,0.677207950502634,0
1395,31.726983042026404,0.5325409583747387,0
1396,31.738472917000763,0.4880410269834101,0
1397,31.75153891701484,0.47454098239541054,0
1398,31.764614875020925,0.4659999976865947,0
1399,31.777734500006773,0.5479169776663184,0
1400,31.790872082987335,0.40470901876688004,0
1401,31.803839250002056,0.2811250160448253,0
1402,31.814588583016302,0.4463749937713146,0
1403,31.827657166984864,0.3843750455416739,0
1404,31.840586917009205,0.35012501757591963,0
1405,31.853485792002175,0.32316602300852537,0
1406,31.866360208019614,0.38170896004885435,0
1407,31.87878108298173,0.3974999999627471,0
1408,31.8922310420312,,1
1409,32.00510629202472,0.6239159847609699,0
1410,32.01834708300885,,1
1411,32.13064129202394,0.7048749830573797,0
1412,32.1439552080119,0.40195899782702327,0
1413,32.156922375026625,0.3534999559633434,0
1414,32.16942133300472,,1
1415,32.28322462498909,0.5517920362763107,0
1416,32.29638808302116,0.3506669891066849,0
1417,32.30930545798037,0.27220899937674403,0
1418,32.32172599999467,0.3154579899273813,0
1419,32.33460075000767,0.20650000078603625,0
1420,32.34495354199316,0.3072079853154719,0
1421,32.355456833029166,0.4830419784411788,0
1422,32.3685026250314,,1
1423,32.48150866699871,0.6141249905340374,0
1424,32.49483029200928,,1
1425,32.60770912503358,0.4452079883776605,0
1426,32.62076433299808,0.44220901327207685,0
1427,32.632840666978154,,1
1428,32.747053875005804,0.44404197251424193,0
1429,32.76298933301587,1.5107090002857149,0
1430,32.77707420801744,0.30279200291261077,0
1431,32.78995770798065,0.44470903230831027,0
1432,32.802128624985926,0.5235830321907997,0
1433,32.815248832979705,,1
1434,32.92912804201478,0.5481250118464231,0
1435,32.94224950001808,0.34562498331069946,0
1436,32.95518049999373,0.5195830017328262,0
1437,32.9666948330123,,1
1438,33.08046787499916,,1
1439,33.194344707997516,0.5458749947138131,0
1440,33.205126792017836,0.47687499318271875,0
1441,33.21707995800534,0.43237500358372927,0
1442,33.22909629199421,0.27204101206734776,0
1443,33.241916582977865,0.185334007255733,0
1444,33.25464041699888,0.17854099860414863,0
1445,33.26735354203265,0.21358300000429153,0
1446,33.28011195798172,0.21770905004814267,0
1447,33.29216433299007,,1
1448,33.40593333297875,0.39708404801785946,0
1449,33.418659374990966,0.31633302569389343,0
1450,33.4295745419804,0.344625033903867,0
1451,33.44180825003423,0.31058298191055655,0
1452,33.45467562502017,0.2549999626353383,0
1453,33.46752566698706,0.8074580109678209,0
1454,33.48096583300503,0.2686670050024986,0
1455,33.491613125021104,0.3262080135755241,0
1456,33.504513291991316,0.33720803912729025,0
1457,33.51742379198549,0.3427910269238055,0
1458,33.5295936249895,0.3537079901434481,0
1459,33.54253450001124,0.4629999748431146,0
1460,33.55558904202189,,1
1461,33.66934399999445,0.2905420260503888,0
1462,33.682194166991394,0.3067080397158861,0
1463,33.69505745801143,0.32112497137859464,0
1464,33.70795791700948,0.4236659733578563,0
1465,33.720986582979094,0.3445420297794044,0
1466,33.73390158300754,,1
1467,33.84696604200872,0.41020801290869713,0
1468,33.85996933298884,0.32220903085544705,0
1469,33.872445875022095,0.4765419871546328,0
1470,33.88548412499949,0.24387502344325185,0
1471,33.897947416990064,0.2520410344004631,0
1472,33.91075899999123,0.2582920133136213,0
1473,33.923583124997094,0.3032080130651593,0
1474,33.936457542004064,,1
1475,34.052390500030015,1.6476669698022306,0
1476,34.06419658300001,0.27654203586280346,0
1477,34.076711000001524,0.28124998789280653,0
1478,34.08953766699415,0.25533302687108517,0
1479,34.10234533302719,0.25766697945073247,0
1480,34.115163291979115,0.2880830434150994,0
1481,34.127153916982934,0.2903750282712281,0
1482,34.13896745798411,0.26683404576033354,0
1483,34.15180216700537,0.3744999994523823,0
1484,34.162676416977774,0.3648330457508564,0
1485,34.17540683300467,1.5609589754603803,0
1486,34.18955166701926,0.252624973654747,0
1487,34.201048624992836,0.39537501288577914,0
1488,34.21290466701612,0.29695796547457576,0
1489,34.22576745803235,0.3552499692887068,0
1490,34.23931224999251,0.45054202200844884,0
1491,34.24987429199973,0.43604098027572036,0
1492,34.26123883301625,0.30437501845881343,0
1493,34.27809233299922,0.5442500114440918,0
1494,34.29292495799018,0.2714170259423554,0
1495,34.30588783300482,0.6055840058252215,0
1496,34.319107624993194,0.31870801467448473,0
1497,34.33199654199416,0.3780410042963922,0
1498,34.344948082987685,0.3625419922173023,0
1499,34.357151000003796,0.274375022854656,0
1500,34.36999854200985,0.3862910089083016,0
1501,34.3815022080089,3.0958339921198785,0
1502,34.397210250026546,0.2919579856097698,0
1503,34.407578749989625,0.8953330107033253,0
1504,34.42107700003544,0.3184169763699174,0
1505,34.43152366700815,0.29858300695195794,0
1506,34.444394375022966,0.28033298440277576,0
1507,34.45725091698114,0.4362910403870046,0
1508,34.46838775003562,0.3397919936105609,0
1509,34.48129666701425,0.30512496596202254,0
1510,34.492702583025675,0.3577090101316571,0
1511,34.50564554199809,0.42766600381582975,0
1512,34.51681350002764,0.2532079815864563,0
1513,34.52957062498899,0.38945802953094244,0
1514,34.54192462499486,0.3875829861499369,0
1515,34.554898917034734,0.40991598507389426,0
1516,34.567889208032284,0.39799994556233287,0
1517,34.57869450002909,0.36224996438249946,0
1518,34.591644417028874,0.3697499632835388,0
1519,34.604420082992874,0.270417018327862,0
1520,34.614842291979585,,1
1521,34.72723316698102,0.4967080312781036,0
1522,34.74035304202698,0.5530829657800496,0
1523,34.753505041997414,0.39425003342330456,0
1524,34.766473666997626,0.35695801489055157,0
1525,34.7793948330218,0.23012497695162892,0
1526,34.79217841703212,,1
1527,34.90589429199463,0.491540995426476,0
1528,34.91807004198199,0.3096660366281867,0
1529,34.93094687501434,0.34149998100474477,0
1530,34.94182016700506,0.30633300775662065,0
1531,34.95467641699361,0.28775003738701344,0
1532,34.96734670799924,0.4367500077933073,0
1533,34.97931487503229,0.49049995141103864,0
1534,34.99236120801652,0.21112500689923763,0
1535,35.00514804199338,0.3489580121822655,0
1536,35.01807250001002,0.25099999038502574,0
1537,35.03074312501121,0.24145800853148103,0
1538,35.042371958028525,0.2513749641366303,0
1539,35.054582291981205,0.3845000173896551,0
1540,35.06629108299967,0.33820903627201915,0
1541,35.078290042001754,0.32416603062301874,0
1542,35.09117812500335,0.37412502570077777,0
1543,35.10350920801284,0.27291697915643454,0
1544,35.11635395803023,0.2739999908953905,0
1545,35.129064958018716,,1
1546,35.241516957990825,0.3514590207487345,0
1547,35.25339149998035,0.2032080083154142,0
1548,35.26527525001438,0.3673330065794289,0
1549,35.27821970800869,0.20108401076868176,0
1550,35.290957332996186,0.21500000730156898,0
1551,35.302376249979716,0.19450002582743764,0
1552,35.31273941701511,0.1765409833751619,0
1553,35.32473658298841,0.19529199926182628,0
1554,35.33747787500033,0.2038750099018216,0
1555,35.35022762499284,,1
1556,35.46360445802566,0.4641249543055892,0
1557,35.47669295797823,0.3925420460291207,0
1558,35.51408333302243,1.1417089845053852,0
1559,35.52835695800604,0.3102499758824706,0
1560,35.54125062498497,1.037083042319864,0
1561,35.5533346250304,0.39591698441654444,0
1562,35.5663409170229,0.23087498266249895,0
1563,35.5771450829925,0.40200003422796726,0
1564,35.59013183298521,0.3855419927276671,0
1565,35.60310175002087,0.3601249773055315,0
1566,35.61514658300439,0.3545840154401958,0
1567,35.62716941698454,0.3333330387249589,0
1568,35.63786670798436,0.43558405013754964,0
1569,35.64904533303343,0.4840839537791908,0
1570,35.66159737500129,0.38425001548603177,0
1571,35.67349158303114,0.3945839707739651,0
1572,35.686478374991566,0.4270420176908374,0
1573,35.699485125020146,,1
1574,35.81329399999231,0.42820803355425596,0
1575,35.82628074998502,0.17162499716505408,0
1576,35.83737733302405,0.2768749836832285,0
1577,35.84998387499945,0.3517080331221223,0
1578,35.86289695801679,0.22258399985730648,0
1579,35.87479116697796,0.43100002221763134,0
1580,35.88668283302104,0.44724997133016586,0
1581,35.89856087497901,0.3635000321082771,0
1582,35.91102499997942,0.39704202208667994,0
1583,35.92416450002929,0.299000006634742,0
1584,35.93704504199559,0.2323330263607204,0
1585,35.94966108299559,0.3625000244937837,0
1586,35.962612250004895,0.29504200210794806,0
1587,35.97547762503382,0.2519579720683396,0
1588,35.98622991703451,0.32016600016504526,0
1589,35.99914299999364,0.640292011667043,0
1590,36.0103104999871,0.3412080113776028,0
1591,36.022254000010435,0.2924170112237334,0
1592,36.03511283302214,0.4343749606050551,0
1593,36.04811995802447,0.28008397202938795,0
1594,36.060964500007685,0.3973750281147659,0
1595,36.07332475000294,0.3564580110833049,0
1596,36.086289583006874,0.3755000070668757,0
1597,36.09923204203369,0.3096250002272427,0
1598,36.11211770802038,0.34058396704494953,0
1599,36.12502504198346,,1
1600,36.238791042007506,0.27670798590406775,0
1601,36.251611792016774,0.26079098461195827,0
1602,36.26454579201527,0.18749997252598405,0
1603,36.277291624981444,0.2685830113478005,0
1604,36.290112417016644,0.22870796965435147,0
1605,36.30290175002301,0.327582994941622,0
1606,36.31331208301708,0.41683396557345986,0
1607,36.325487833004445,0.49529201351106167,0
1608,36.3385595830041,0.3504999913275242,0
1609,36.35020204202738,0.3851659712381661,0
1610,36.362136624986306,0.49883301835507154,0
1611,36.37524274998577,0.4605000140145421,0
1612,36.386401167022996,0.5671659600920975,0
1613,36.39835775003303,,1
1614,36.512162292026915,0.2792499726638198,0
1615,36.52409050002461,0.5854580085724592,0
1616,36.53723104199162,0.3273750189691782,0
1617,36.54837174998829,0.2752080326899886,0
1618,36.561216874979436,0.4038750194013119,0
1619,36.57419741700869,,1
1620,36.687898624979425,0.5886250291951001,0
1621,36.70104820799315,0.4693340160883963,0
1622,36.7141264170059,0.5910409963689744,0
1623,36.72731783299241,0.4159589880146086,0
1624,36.740327708015684,0.3351669874973595,0
1625,36.75325025001075,0.5409169825725257,0
1626,36.76639200001955,0.47458300832659006,0
1627,36.777842417010106,0.39904098957777023,0
1628,36.789680499990936,0.3815829986706376,0
1629,36.80177966703195,0.4547909484244883,0
1630,36.81622145802248,,1
1631,36.92778895801166,0.6437089759856462,0
1632,36.941594667034224,,1
1633,37.055087791988626,,1
1634,37.16773529199418,0.41204103035852313,0
1635,37.17823166702874,0.38062495877966285,0
1636,37.18987570801983,0.29087497387081385,0
1637,37.20174766698619,,1
1638,37.31522570800735,0.36391697358340025,0
1639,37.32817525003338,0.35095796920359135,0
1640,37.340299125004094,,1
1641,37.452849166991655,0.42920804116874933,0
1642,37.46590858302079,0.41387497913092375,0
1643,37.47892087500077,0.3808329929597676,0
1644,37.492285625019576,0.861082982737571,0
1645,37.50574362499174,0.431500026024878,0
1646,37.51712916698307,0.40016602724790573,0
1647,37.53010366699891,0.3525000065565109,0
1648,37.543035999988206,0.36025000736117363,0
1649,37.555985625018366,,1
1650,37.66985566698713,0.690624990966171,0
1651,37.68333245802205,0.7074589957483113,0
1652,37.69665287499083,0.6896250415593386,0
1653,37.7099942920031,1.166582980658859,0
1654,37.72377541702008,0.5216659628786147,0
1655,37.73693091701716,0.4859999753534794,0
1656,37.7502133329981,0.8701250189915299,0
1657,37.76381991698872,0.6050000083632767,0
1658,37.777313750004396,0.5094169755466282,0
1659,37.78851229202701,0.5849580047652125,0
1660,37.801681166980416,0.4748330102302134,0
1661,37.812288250017446,0.5299999611452222,0
1662,37.82450254203286,0.4820409812964499,0
1663,37.83759612502763,0.42162497993558645,0
1664,37.850142500014044,0.49829197814688087,0
1665,37.863226416986436,0.46975002624094486,0
1666,37.87511766701937,0.5545829772017896,0
1667,37.88889375003055,0.4932499723508954,0
1668,37.90014041698305,0.3499580197967589,0
1669,37.913073499978054,0.44300005538389087,0
1670,37.923929875018075,2.638167003169656,0
1671,37.938416708027944,0.2805419499054551,0
1672,37.951677667035256,0.36112498492002487,0
1673,37.96389562502736,0.6905829650349915,0
1674,37.97568937501637,0.43987500248476863,0
1675,37.988481333013624,1.1959169642068446,0
1676,38.002263957983814,0.4118750221095979,0
1677,38.01456470799167,,1
1678,38.128480624989606,0.29195804381743073,0
1679,38.13896420801757,0.2797089982777834,0
1680,38.151809542032424,0.281207961961627,0
1681,38.16464379202807,0.5275409785099328,0
1682,38.17547600000398,1.530374982394278,0
1683,38.18805312499171,0.6063749897293746,0
1684,38.20295225002337,0.3367500030435622,0
1685,38.213822667021304,0.33545796759426594,0
1686,38.2267310830066,0.33474998781457543,0
1687,38.23964049998904,0.37679204251617193,0
1688,38.25259808299597,0.3855840186588466,0
1689,38.26389233302325,0.25229196762666106,0
1690,38.27671795798233,0.4290420329198241,0
1691,38.2897258750163,0.37820800207555294,0
1692,38.30238358298084,0.4254590021446347,0
1693,38.315390457981266,0.6073340191505849,0
1694,38.327043875004165,0.32883300445973873,0
1695,38.33892300003208,0.28320797719061375,0
1696,38.34934758301824,0.2548749907873571,0
1697,38.362137750023976,0.274707970675081,0
1698,38.37494712503394,0.26691699167713523,0
1699,38.387733999988995,0.2351670409552753,0
1700,38.400491458014585,0.23912498727440834,0
1701,38.41327466699295,0.496625027153641,0
1702,38.42634791700402,0.5075830267742276,0
1703,38.439386458019726,,1
1704,38.55332345800707,0.7641250267624855,0
1705,38.56676374998642,0.9618750191293657,0
1706,38.582007292017806,2.88041599560529,0
1707,38.59748275001766,0.5879169912077487,0
1708,38.61067204200663,0.4456660244613886,0
1709,38.62371716700727,0.6285830168053508,0
1710,38.636948750005104,0.5177920102141798,0
1711,38.65005270799156,0.6485420162789524,0
1712,38.66293087502709,,1
1713,38.77465145802125,0.8216669666580856,0
1714,38.786535750026815,0.6436249823309481,0
1715,38.79996350000147,0.6337080267257988,0
1716,38.81319233297836,0.5542500293813646,0
1717,38.82609158300329,0.5922919954173267,0
1718,38.83929779200116,0.6872499943710864,0
1719,38.852007291978225,0.4980410449206829,0
1720,38.864736624993384,0.8783329976722598,0
1721,38.87820350000402,0.4822920309379697,0
1722,38.89131625002483,,1
1723,39.00527995801531,0.4467499675229192,0
1724,39.01695516699692,0.5825830157846212,0
1725,39.029582542018034,,1
1726,39.14347954199184,0.5474160425364971,0
1727,39.15428133303067,0.4457499599084258,0
1728,39.167324832989834,0.9715839987620711,0
1729,39.180580125015695,0.5732079735025764,0
1730,39.19375725003192,0.39670796832069755,0
1731,39.20680362498388,0.46549999387934804,0
1732,39.21789974998683,0.5016670329496264,0
1733,39.23201458301628,1.2510420056059957,0
1734,39.243352750025224,0.3527919761836529,0
1735,39.25627054198412,,1
1736,39.369040000019595,0.6574579747393727,0
1737,39.38058275001822,0.8205829653888941,0
1738,39.3940475420095,0.48583297757431865,0
1739,39.40510016703047,0.6481659947894514,0
1740,39.4183411669801,,1
1741,39.5323377919849,,1
1742,39.64625433302717,0.6799589609727263,0
1743,39.65910550003173,,1
1744,39.7730628750287,0.7073329761624336,0
1745,39.786412207991816,0.644667015876621,0
1746,39.79885199997807,0.7227500318549573,0
1747,39.812175708008,0.513958977535367,0
1748,39.825297542032786,0.5901249824091792,0
1749,39.838400417007506,,1
1750,39.95214758301154,0.8747919928282499,0
1751,39.96391604200471,0.6889160140417516,0
1752,39.97720358299557,0.5009170272387564,0
1753,39.99029366701143,0.6366249872371554,0
1754,40.001203374995384,0.5500420229509473,0
1755,40.0139110829914,0.6322500412352383,0
1756,40.0271417920012,0.4642080166377127,0
1757,40.03869112499524,0.6267080316320062,0
1758,40.05190662498353,0.49575004959478974,0
1759,40.06307045801077,0.7138340151868761,0
1760,40.07642041699728,0.543666013982147,0
1761,40.08770016703056,0.6032499950379133,0
1762,40.10088983300375,,1
1763,40.21392929198919,0.7230410119518638,0
1764,40.224967124988325,1.0962500236928463,0
1765,40.23840604198631,0.6381660350598395,0
1766,40.25008070800686,0.7918750052340329,0
1767,40.262936583021656,0.616749981418252,0
1768,40.27542079199338,0.768458005040884,0
1769,40.28842291701585,0.6520409951917827,0
1770,40.301753624982666,0.5142500158399343,0
1771,40.31352408300154,0.4646669840440154,0
1772,40.32658995798556,0.5270420224405825,0
1773,40.33723570802249,0.5241669714450836,0
1774,40.35036379197845,,1
1775,40.46220537502086,0.5755829624831676,0
1776,40.47507012501592,0.696083006914705,0
1777,40.48584745801054,0.29429199639707804,0
1778,40.498684042016976,0.30999997397884727,0
1779,40.51152445800835,0.2579169813543558,0
1780,40.524304417020176,0.30579097801819444,0
1781,40.537131541990675,,1
1782,40.65085537498817,0.636707991361618,0
1783,40.663927707995754,0.8775840396992862,0
1784,40.67750375001924,0.5277079762890935,0
1785,40.689598458004184,0.658750010188669,0
1786,40.70285691699246,0.5971660139039159,0
1787,40.71613150002668,0.8244579657912254,0
1788,40.72956833301578,0.6312920013442636,0
1789,40.742855500022415,0.7660000119358301,0
1790,40.75624145800248,0.6507090292870998,0
1791,40.76950829202542,0.5680409958586097,0
1792,40.782690250023734,0.9231249568983912,0
1793,40.79530987498583,0.5224579945206642,0
1794,40.808442750014365,0.5620419979095459,0
1795,40.821586875012144,0.6350830080918968,0
1796,40.83482695801649,0.4837500164285302,0
1797,40.84791720798239,1.384542032610625,0
1798,40.86200279201148,0.5762910004705191,0
1799,40.8728490829817,,1
1800,40.98701862501912,0.8184579783119261,0
1801,41.00044491700828,0.49841601867228746,0
1802,41.01291408302495,0.6443749880418181,0
1803,41.0261819169973,0.7877909811213613,0
1804,41.03841520799324,0.6421669968403876,0
1805,41.05165812501218,0.4844579962082207,0
1806,41.063906333001796,0.616417033597827,0
1807,41.0771264579962,0.46770903281867504,0
1808,41.088418291998096,0.6330410251393914,0
1809,41.10123087500688,0.5586249753832817,0
1810,41.11290499998722,0.5025420105084777,0
1811,41.12601675000042,0.6786250160075724,0
1812,41.13845204201061,0.554499973077327,0
1813,41.15124924998963,0.48791704466566443,0
1814,41.16291079198709,0.6689580040983856,0
1815,41.176155792025384,0.627957982942462,0
1816,41.18841191701358,0.5857910146005452,0
1817,41.200349542021286,0.5004580016247928,0
1818,41.2134316249867,0.46062504407018423,0
1819,41.22649241698673,0.3892499953508377,0
1820,41.23840116697829,0.5897910450585186,0
1821,41.25037283299025,0.48587500350549817,0
1822,41.262910292018205,0.5564159946516156,0
1823,41.27583154197782,0.7424580398947,0
1824,41.28842749999603,0.7947920239530504,0
1825,41.300757416989654,0.6408329936675727,0
1826,41.31290008302312,0.5072919884696603,0
1827,41.325057375011966,0.5521670100279152,0
1828,41.33695654198527,0.45783299719914794,0
1829,41.34843912499491,0.7422080379910767,0
1830,41.36178720800672,0.5050839972682297,0
1831,41.37400379200699,0.5166250048205256,0
1832,41.385529791994486,0.5505000008270144,0
1833,41.39724999997998,0.5994170205667615,0
1834,41.41042999998899,0.42737502371892333,0
1835,41.42345420800848,0.5125839961692691,0
1836,41.43655433302047,0.5796249606646597,0
1837,41.447255333012436,0.5850419984199107,0
1838,41.45857200003229,0.6008329801261425,0
1839,41.47045437502675,0.4722499870695174,0
1840,41.48352262499975,0.8806249825283885,0
1841,41.49701962497784,0.7540830411016941,0
1842,41.50936783303041,0.6865839823149145,0
1843,41.52055004198337,0.5392080056481063,0
1844,41.532572750002146,0.8021669927984476,0
1845,41.5456572920084,0.48450002213940024,0
1846,41.55746066698339,0.4297910491004586,0
1847,41.57049495802494,0.564624962862581,0
1848,41.58328654197976,0.655166048090905,0
1849,41.59625241701724,0.6581249763257802,0
1850,41.60958012501942,0.8434579940512776,0
1851,41.62303279200569,0.6548750097863376,0
1852,41.636294583033305,0.5932089989073575,0
1853,41.64819683303358,1.4244169578887522,0
1854,41.66240604198538,0.5487080197781324,0
1855,41.675551958032884,,1
1856,41.78733533300692,0.6175839807838202,0
1857,41.80111608299194,0.46666699927300215,0
1858,41.81329987500794,0.525208015460521,0
1859,41.8260516669834,0.5870410241186619,0
1860,41.837404042016715,0.3915000124834478,0
1861,41.850148917001206,0.4855410079471767,0
1862,41.86323783302214,0.4918340127915144,0
1863,41.87635062501067,0.5631250096485019,0
1864,41.888397000031546,0.5524579901248217,0
1865,41.90156233299058,0.5373749881982803,0
1866,41.91392541700043,0.5626250058412552,0
1867,41.92706808302319,0.4479589988477528,0
1868,41.93860875000246,0.6251250160858035,0
1869,41.95127112499904,0.5446249851956964,0
1870,41.963925916992594,0.608458009082824,0
1871,41.9754355000332,0.760875002015382,0
1872,41.98840316699352,0.5694160354323685,0
1873,42.001560333010275,0.5332499858923256,0
1874,42.013912875030655,,1
1875,42.128464917012025,0.6133330170996487,0
1876,42.13971075002337,,1
1877,42.25364125001943,0.6266669952310622,0
1878,42.26688424998429,0.6112080300226808,0
1879,42.2801215830259,,1
1880,42.39330720802536,0.5007089930586517,0
1881,42.40507725003408,0.4812919651158154,0
1882,42.41638620803133,0.3464169567450881,0
1883,42.42748750001192,0.26712496764957905,0
1884,42.43967774999328,0.2584169851616025,0
1885,42.45248937502038,0.24270795984193683,0
1886,42.4629000829882,0.1989169977605343,0
1887,42.47564474999672,0.3909579827450216,0
1888,42.48840283299796,,1
1889,42.602234499994665,0.6766250007785857,0
1890,42.621104417019524,,1
1891,42.734932208026294,0.5662500043399632,0
1892,42.74727791699115,0.6277500069700181,0
1893,42.75938129198039,0.6936660502105951,0
1894,42.77267283300171,0.5622089956887066,0
1895,42.785991541983094,0.5621250020340085,0
1896,42.79724820802221,0.6064589833840728,0
1897,42.80848279199563,0.6270000012591481,0
1898,42.8194614170352,0.577665981836617,0
1899,42.830580207984895,0.5796250188723207,0
1900,42.84375679201912,0.46312500489875674,0
1901,42.856824124988634,0.609917042311281,0
1902,42.870021375012584,0.5595000111497939,0
1903,42.88082374999067,0.5798329948447645,0
1904,42.89238554198528,0.7727080374024808,0
1905,42.90400033298647,0.6119169993326068,0
1906,42.917201708012726,,1
1907,43.03058704198338,0.6659580394625664,0
1908,43.04384416702669,0.4167080041952431,0
1909,43.054419332998805,0.583791988901794,0
1910,43.06760395801393,0.5998340202495456,0
1911,43.08078233298147,0.5811669980175793,0
1912,43.09395870799199,0.4526670090854168,0
1913,43.1070494169835,0.5660410388372838,0
1914,43.11885470798006,0.505667005199939,0
1915,43.13233079202473,0.6658330094069242,0
1916,43.1448613749817,0.4385420470498502,0
1917,43.15705500001786,0.6704169791191816,0
1918,43.170362500008196,0.4912500153295696,0
1919,43.183444541995414,0.7444160291925073,0
1920,43.19624279200798,0.6044160109013319,0
1921,43.20950387499761,1.1489170137792826,0
1922,43.22326308302581,,1
1923,43.33718758303439,0.6909999647177756,0
1924,43.35048170801019,0.5150000215508044,0
1925,43.36359495803481,0.7472919533029199,0
1926,43.37617591698654,0.7485829992219806,0
1927,43.38956216699444,0.8284160285256803,0
1928,43.40301970799919,0.651917012874037,0
1929,43.41386316699209,,1
1930,43.52777379198233,0.6343330023810267,0
1931,43.54102329199668,0.7089999853633344,0
1932,43.554334125015885,0.6516249850392342,0
1933,43.56612491700798,1.0237080277875066,0
1934,43.5797480000183,0.48824999248608947,0
1935,43.59178537502885,0.5915419897064567,0
1936,43.602920999983326,0.4782500327564776,0
1937,43.61474975000601,0.8634999976493418,0
1938,43.62648666702444,,1
1939,43.74001245800173,0.4111669841222465,0
1940,43.753060000017285,0.3507499932311475,0
1941,43.766013416985516,1.169916009530425,0
1942,43.77973429200938,0.3952080151066184,0
1943,43.79118483298225,,1
1944,43.90508387499722,0.42170798406004906,0
1945,43.91715599998133,0.5756250466220081,0
1946,43.93037270801142,,1
1947,44.04393087502103,0.5850829766131938,0
1948,44.057124832994305,0.664916995447129,0
1949,44.07040808303282,0.5502089625224471,0
1950,44.08355829201173,0.7437500171363354,0
1951,44.09623562498018,0.5298750475049019,0
1952,44.10938162502134,0.6070829695090652,0
1953,44.12258758302778,0.6512499530799687,0
1954,44.13477862498257,0.534999999217689,0
1955,44.14725633303169,0.6427089683711529,0
1956,44.160487583023496,0.4440000047907233,0
1957,44.17173795797862,,1
1958,44.28566920798039,,1
1959,44.39963208301924,1.79704197216779,0
1960,44.414028333034366,0.6875839899294078,0
1961,44.425825332989916,0.8067089947871864,0
1962,44.43844425003044,0.6509170052595437,0
1963,44.45105716702528,0.8241249597631395,0
1964,44.463958250009455,0.6422500009648502,0
1965,44.47720508300699,0.4769589868374169,0
1966,44.490276292024646,0.6322499830275774,0
1967,44.50350266700843,0.5849999724887311,0
1968,44.515728375001345,0.9005829924717546,0
1969,44.52928850002354,0.630499969702214,0
1970,44.542569042008836,0.7469580159522593,0
1971,44.55508262501098,0.6795829976908863,0
1972,44.5683757920051,0.5603330209851265,0
1973,44.581564375024755,1.3782919850200415,0
1974,44.59554887498962,0.6150419940240681,0
1975,44.60691199998837,0.5470420001074672,0
1976,44.61872762499843,0.6114999996498227,0
1977,44.630591207998805,0.6889170035719872,0
1978,44.642928041983396,0.7470000418834388,0
1979,44.65506987500703,0.6290830206125975,0
1980,44.66702620801516,,1
1981,44.780566292,0.3528749803081155,0
1982,44.79348866699729,,1
1983,44.907233875012025,0.6565829971805215,0
1984,44.91869337501703,0.5504169967025518,0
1985,44.93058658298105,0.6809170008637011,0
1986,44.9439721670351,0.5384579999372363,0
1987,44.95509912498528,0.5829580477438867,0
1988,44.9682774170069,0.5294160218909383,0
1989,44.98141225002473,1.4937079977244139,0
1990,44.99386329198023,0.4760410520248115,0
1991,45.00693929201225,0.5438330117613077,0
1992,45.01881991699338,0.556332990527153,0
1993,45.03235333302291,0.9553749696351588,0
1994,45.04594141698908,0.5446250434033573,0
1995,45.059108083019964,,1
1996,45.172995750035625,0.7320419535972178,0
1997,45.18498045799788,0.6388750043697655,0
1998,45.19824433303438,,1
1999,45.31250300002284,0.7026669918559492,0
2000,45.325817750010174,,1
2001,45.43859733303543,0.7445839582942426,0
2002,45.45196579198819,0.5879160016775131,0
2003,45.46518204198219,1.401500019710511,0
2004,45.47866666701157,0.6264999974519014,0
2005,45.49189937498886,0.8652080432511866,0
2006,45.50540174997877,0.6781670381315053,0
2007,45.517468042031396,0.5288329557515681,0
2008,45.53057762503158,0.6544169737026095,0
2009,45.54383483302081,0.4967919667251408,0
2010,45.556945291988086,0.6593750440515578,0
2011,45.56861416698666,0.5848330329172313,0
2012,45.58182100002887,0.9027079795487225,0
2013,45.59532062499784,0.5662500043399632,0
2014,45.60761187499156,0.5882920231670141,0
2015,45.61943445802899,0.5764169618487358,0
2016,45.63265520799905,0.681959034409374,0
2017,45.64405666699167,0.4532500170171261,0
2018,45.65696058300091,0.6561669870279729,0
2019,45.66904354200233,0.4313749959692359,0
2020,45.679572292021476,0.47345797065645456,0
2021,45.69268262502737,0.7216249941848218,0
2022,45.70507045800332,0.5970420315861702,0
2023,45.71832133299904,0.5255839787423611,0
2024,45.730701000022236,0.5140829598531127,0
2025,45.741722957987804,0.5044999998062849,0
2026,45.75458466698183,0.7039160118438303,0
2027,45.767897207988426,0.4467089893296361,0
2028,45.7806166249793,0.4687500186264515,0
2029,45.79368120798608,0.48270903062075377,0
2030,45.80675983300898,0.5415420164354146,0
2031,45.81884170800913,0.5877499934285879,0
2032,45.830626541981474,0.4545000265352428,0
2033,45.84367241698783,0.426083046477288,0
2034,45.85633270803373,0.6505839992314577,0
2035,45.86815741698956,0.4042080254293978,0
2036,45.88057116698474,0.6083750049583614,0
2037,45.89376333303517,0.4062089719809592,0
2038,45.90675008302787,0.5859999801032245,0
2039,45.918885082995985,0.5548750050365925,0
2040,45.93061291699996,1.2239579809829593,0
2041,45.943691042019054,0.46270800521597266,0
2042,45.95536683301907,0.5627920036204159,0
2043,45.96702404198004,,1
2044,46.078469957981724,0.6711670430377126,0
2045,46.09181600000011,0.9000420104712248,0
2046,46.10507229203358,0.6692909519188106,0
2047,46.11768183298409,0.796667009126395,0
2048,46.13057300000219,0.6724580307491124,0
2049,46.143235167022794,0.5660409806296229,0
2050,46.156393375014886,0.6122919730842113,0
2051,46.16960520797875,0.5788340349681675,0
2052,46.18277150002541,0.7527919951826334,0
2053,46.19543529202929,0.5362499505281448,0
2054,46.208566749992315,0.9832920040935278,0
2055,46.22215120802866,0.6319999811239541,0
2056,46.235388250031974,0.5327919498085976,0
2057,46.247248792031314,0.758624984882772,0
2058,46.25932387501234,0.530958001036197,0
2059,46.27243037498556,0.5365000106394291,0
2060,46.285555250011384,,1
2061,46.39725058298791,0.5474589997902513,0
2062,46.410372374986764,0.3364169970154762,0
2063,46.42330333299469,0.5676249857060611,0
2064,46.43551708298037,0.43766701128333807,0
2065,46.44852208299562,,1
2066,46.56126333301654,0.32712501706555486,0
2067,46.57418245798908,0.5460840184241533,0
2068,46.58733916701749,0.4029999836347997,0
2069,46.59859662503004,0.5303329671733081,0
2070,46.61174254200887,0.3975830040872097,0
2071,46.62472687498666,0.4843330243602395,0
2072,46.63778754201485,0.5242080078460276,0
2073,46.648558208020404,0.350042013451457,0
2074,46.66148725000676,0.4859999753534794,0
2075,46.67354270798387,0.45295903692021966,0
2076,46.68655912502436,0.3852079971693456,0
2077,46.697893292002846,0.5281249759718776,0
2078,46.70987449999666,0.4331670352257788,0
2079,46.72284195799148,0.5657090223394334,0
2080,46.735993332986254,,1
2081,46.84777108300477,0.4635420045815408,0
2082,46.860779292008374,0.4511660081334412,0
2083,46.8717365830089,,1
2084,46.98548849998042,0.3780000261031091,0
2085,46.99840679200133,0.22412498947232962,0
2086,47.01115995802684,0.19629200687631965,0
2087,47.023879375017714,0.24625001242384315,0
2088,47.03664208302507,0.23541698465123773,0
2089,47.049406333011575,0.17658399883657694,0
2090,47.06210425001336,0.2628329675644636,0
2091,47.07488504203502,,1
2092,47.18860074999975,0.5712920101359487,0
2093,47.199716457980685,0.4627919988706708,0
2094,47.21275666699512,0.5135830142535269,0
2095,47.22585483302828,0.44404197251424193,0
2096,47.238884125021286,0.590332958381623,0
2097,47.25211720803054,0.6966670043766499,0
2098,47.265403166995384,0.5939159891568124,0
2099,47.27856795798289,0.4396670265123248,0
2100,47.291606249986216,0.6866250187158585,0
2101,47.30487341701519,0.5450409953482449,0
2102,47.318011666997336,0.47816598089411855,0
2103,47.33106587501243,0.4652499919757247,0
2104,47.34300475002965,0.6921250023879111,0
2105,47.354079417011235,0.43708301382139325,0
2106,47.3647025829996,0.4924589884467423,0
2107,47.37778966699261,0.37750002229586244,0
2108,47.39077979198191,0.5367500125430524,0
2109,47.40193941700272,0.48470799811184406,0
2110,47.41403462499147,0.4806250217370689,0
2111,47.427097374980804,0.4040830535814166,0
2112,47.440090125019196,0.39499998092651367,0
2113,47.45213125000009,0.3676250344142318,0
2114,47.464817958010826,0.3265839768573642,0
2115,47.475501624983735,,1
2116,47.58849612501217,0.6451670196838677,0
2117,47.60176400002092,0.4039169871248305,0
2118,47.61293183302041,,1
2119,47.726037417014595,0.5515409866347909,0
2120,47.737478625029325,0.5368749843910336,0
2121,47.750620707985945,,1
2122,47.863928458013106,0.6142089841887355,0
2123,47.8751107500284,,1
2124,47.98916058300529,0.7603340200148523,0
2125,48.002124958031345,0.589208968449384,0
2126,48.013917749980465,0.5121250287629664,0
2127,48.0270138750202,0.40749995969235897,0
2128,48.03770387498662,0.4048330010846257,0
2129,48.050808708008844,0.4752500099129975,0
2130,48.061979666992556,0.23866601986810565,0
2131,48.07475891703507,0.14379096683114767,0
2132,48.086064417031594,,1
2133,48.199265000002924,,1
2134,48.31302316702204,0.4535829648375511,0
2135,48.326068708032835,0.48866699216887355,0
2136,48.336991292017046,0.33316598273813725,0
2137,48.34989679203136,0.4219579859636724,0
2138,48.360997707990464,0.46316703082993627,0
2139,48.37238445802359,0.2019999665208161,0
2140,48.384307832980994,0.2910839975811541,0
2141,48.39714600000298,0.31170801958069205,0
2142,48.40776479203487,0.3451249795034528,0
2143,48.42068633303279,0.37349999183788896,0
2144,48.433634874993004,0.3100830363109708,0
2145,48.44492954201996,0.36066595930606127,0
2146,48.45678570802556,0.3458340070210397,0
2147,48.46968920802465,0.2013339544646442,0
2148,48.48243249999359,0.2270000404678285,0
2149,48.495241291995626,0.33966603223234415,0
2150,48.50816904200474,0.47633302165195346,0
2151,48.521248542005196,0.24779100203886628,0
2152,48.531746833003126,0.28416700661182404,0
2153,48.54460320802173,0.37583400262519717,0
2154,48.55757087498205,0.39312499575316906,0
2155,48.568066207983065,0.3528750385157764,0
2156,48.579034750000574,0.3470000228844583,0
2157,48.59178591700038,0.38070802111178637,0
2158,48.603451624978334,0.25125005049631,0
2159,48.616145249980036,0.2830000012181699,0
2160,48.62692200002493,0.32362499041482806,0
2161,48.63981354201678,0.33129099756479263,0
2162,48.65271891700104,0.4402910126373172,0
2163,48.66573804197833,0.490875041577965,0
2164,48.678184124990366,0.5109170451760292,0
2165,48.69129483302822,0.6264999974519014,0
2166,48.702338957984466,0.5344999954104424,0
2167,48.71392216702225,2.936124976258725,0
2168,48.72947087499779,0.5740000051446259,0
2169,48.7414223329979,0.6882090237922966,0
2170,48.75457162503153,0.7203749846667051,0
2171,48.766840625030454,0.6249579600989819,0
2172,48.77858958300203,0.3867920022457838,0
2173,48.79044566699304,0.4309160285629332,0
2174,48.8022993329796,0.425292004365474,0
2175,48.81353562499862,0.4029580159112811,0
2176,48.825846792024095,0.7338749710470438,0
2177,48.83919354202226,0.6423749728128314,0
2178,48.85245558299357,0.37112500285729766,0
2179,48.86391262500547,0.4409999819472432,0
2180,48.87583320803242,0.6496249698102474,0
2181,48.88839174999157,0.4070420400239527,0
2182,48.901380875031464,0.5258329911157489,0
2183,48.912915542023256,0.46858296263962984,0
2184,48.92474929202581,,1
2185,49.03910970798461,0.49454200780019164,0
2186,49.052199625002686,0.2880420070141554,0
2187,49.06284141703509,,1
2188,49.17656733299373,0.48558402340859175,0
2189,49.187317792035174,0.31824997859075665,0
2190,49.20021637500031,,1
2191,49.31393083301373,0.6523749907501042,0
2192,49.32595012499951,0.8416670025326312,0
2193,49.339423625031486,0.6697499775327742,0
2194,49.35270995798055,0.5781250074505806,0
2195,49.365961875009816,0.9700420196168125,0
2196,49.37958016700577,0.504208030179143,0
2197,49.392695042013656,0.656957970932126,0
2198,49.40595508302795,0.650834001135081,0
2199,49.41921162500512,0.5644169868901372,0
2200,49.43237749999389,0.7900000200606883,0
2201,49.44446033303393,0.44120894744992256,0
2202,49.45700441702502,0.5225829663686454,0
2203,49.47011774999555,0.5869580199941993,0
2204,49.48218958301004,0.666708976496011,0
2205,49.4947795420303,0.49666600534692407,0
2206,49.507909708016086,0.6891670054756105,0
2207,49.52063916699262,0.6174580194056034,0
2208,49.53387537499657,0.5636250134557486,0
2209,49.5468952920055,0.6484580226242542,0
2210,49.5601483330247,0.5579589633271098,0
2211,49.5733362500323,0.7925419486127794,0
2212,49.58505266701104,0.4790410166606307,0
2213,49.5972448749817,0.4081250517629087,0
2214,49.610408500011545,0.4787920042872429,0
2215,49.62349087500479,0.683083024341613,0
2216,49.63679575000424,0.5120830028317869,0
2217,49.64989229198545,0.3410410135984421,0
2218,49.662802874983754,0.5147080519236624,0
2219,49.67596183298156,0.6854170351289213,0
2220,49.688409042020794,0.6804579752497375,0
2221,49.7016908749938,0.5923749995417893,0
2222,49.713920457987115,0.5402090027928352,0
2223,49.72705379198305,0.4872910212725401,0
2224,49.73946374998195,0.6930420058779418,0
2225,49.75277700001607,0.5701669724658132,0
2226,49.76659295801073,0.7224169676192105,0
2227,49.779906291980296,0.5092080100439489,0
2228,49.792441292025615,0.7069580024108291,0
2229,49.80575050000334,0.6217079935595393,0
2230,49.81690129201161,0.5722499918192625,0
2231,49.82957029202953,0.496207969263196,0
2232,49.84271958301542,0.5885419668629766,0
2233,49.85405483300565,,1
2234,49.96769075002521,0.9315419592894614,0
2235,49.97957845800556,0.4947090055793524,0
2236,49.99173837498529,0.643208040855825,0
2237,50.00499204202788,0.6732079782523215,0
2238,50.01809983298881,0.6027090130373836,0
2239,50.03067391703371,0.5577079718932509,0
2240,50.0428594580153,0.7871249690651894,0
2241,50.055066083034035,,1
2242,50.16899137501605,0.6479999865405262,0
2243,50.18145099998219,0.8131670183502138,0
2244,50.19258687499678,0.7465829839929938,0
2245,50.205086041998584,0.5716250161640346,0
2246,50.21645666699624,0.8577079861424863,0
2247,50.229933583003,,1
2248,50.34230050002225,,1
2249,50.45405470801052,0.7716669933870435,0
2250,50.467497707984876,,1
2251,50.581372208020184,1.4917500084266067,0
2252,50.5954808749957,0.5413750186562538,0
2253,50.60863445798168,0.9675840265117586,0
2254,50.620925792027265,0.5413329927250743,0
2255,50.63240229198709,0.8563750307075679,0
2256,50.64592137502041,0.5384579999372363,0
2257,50.659063250001054,0.7688750047236681,0
2258,50.6724810830201,0.891083967871964,0
2259,50.68597058299929,,1
2260,50.799844458000734,0.6649590213783085,0
2261,50.813083500019275,0.47883298248052597,0
2262,50.82607574999565,0.6640420178882778,0
2263,50.83933870802866,0.6646669935435057,0
2264,50.850863125000615,0.9572079870849848,0
2265,50.86392637499375,0.5702080088667572,0
2266,50.8770955420332,0.3968749660998583,0
2267,50.89009254198754,0.6292079924605787,0
2268,50.90333154198015,0.5740000051446259,0
2269,50.91658583300887,,1
2270,51.02961000002688,0.6225419929251075,0
2271,51.042911917029414,0.6202079821377993,0
2272,51.056301624979824,0.6887920317240059,0
2273,51.0692947920179,0.6171659915708005,0
2274,51.081545583030675,0.9858339908532798,0
2275,51.09504983300576,0.4907500115223229,0
2276,51.108148458006326,0.6739170057699084,0
2277,51.12142062501516,0.5417920183390379,0
2278,51.133051500015426,0.5052919732406735,0
2279,51.14618341700407,0.48162502935156226,0
2280,51.15874362498289,0.7541670347563922,0
2281,51.17115308297798,0.5223750486038625,0
2282,51.18248458299786,2.397709002252668,0
2283,51.197242167021614,0.3993749851360917,0
2284,51.207715291995555,0.2590829972177744,0
2285,51.220527291996405,0.2662499900907278,0
2286,51.233326208021026,0.25629199808463454,0
2287,51.24610466702143,0.24949997896328568,0
2288,51.25887708301889,0.24108396610245109,0
2289,51.27166537498124,0.4982920363545418,0
2290,51.28474395797821,0.5470840260386467,0
2291,51.29624049999984,,1
2292,51.411215667030774,0.5239579477347434,0
2293,51.4231627919944,0.6449579959735274,0
2294,51.43640549998963,0.5855000345036387,0
2295,51.44960683298996,0.9504590416327119,0
2296,51.4631292920094,0.6746660219505429,0
2297,51.476224082987756,0.6742920377291739,0
2298,51.48957024997799,,1
2299,51.602398750022985,0.5983329610899091,0
2300,51.613967292010784,0.655165989883244,0
2301,51.6272477080347,0.5185419577173889,0
2302,51.64038104203064,,1
2303,51.75430958298966,0.6384170264936984,0
2304,51.76758233300643,0.918291974812746,0
2305,51.78109962499002,0.9918329888023436,0
2306,51.79346658301074,0.4751670057885349,0
2307,51.80432920798194,0.6505420315079391,0
2308,51.81666137499269,0.6686670240014791,0
2309,51.829913292021956,0.5936659872531891,0
2310,51.84317741700215,,1
2311,51.956081542011816,0.6313329795375466,0
2312,51.967797624995,,1
2313,52.07985820801696,0.6418339908123016,0
2314,52.093148083018605,0.3943339688703418,0
2315,52.10507583298022,0.8812500163912773,0
2316,52.118020625028294,0.6252079620026052,0
2317,52.129577499988955,0.5740420310758054,0
2318,52.1427650420228,0.6476659909822047,0
2319,52.155083457997534,0.6708750152029097,0
2320,52.1671251670341,0.49512495752424,0
2321,52.178949833032675,0.3886249614879489,0
2322,52.19192683300935,,1
2323,52.305785250035115,0.4568749573081732,0
2324,52.31687470799079,0.44045899994671345,0
2325,52.329905625025276,0.3588330000638962,0
2326,52.34283537499141,0.3790830378420651,0
2327,52.35579362499993,0.3082500188611448,0
2328,52.36732254200615,0.30041602440178394,0
2329,52.38018141698558,1.5722080133855343,0
2330,52.392297958023846,0.6441670120693743,0
2331,52.40554191701813,0.49891596427187324,0
2332,52.41792770801112,,1
2333,52.531541167001706,1.131500001065433,0
2334,52.5453051670338,0.4832499544136226,0
2335,52.557205707998946,0.6432090303860605,0
2336,52.5704402080155,0.5572090158239007,0
2337,52.58361233299365,0.6688340217806399,0
2338,52.596864583028946,0.5424169939942658,0
2339,52.60999766702298,0.49129099352285266,0
2340,52.62177224998595,0.591083022300154,0
2341,52.63499558297917,0.44033402809873223,0
2342,52.64726925001014,0.5793329910375178,0
2343,52.65935070801061,0.7281670114025474,0
2344,52.67054500000086,0.5985830212011933,0
2345,52.68229149997933,0.7630000473000109,0
2346,52.69565025001066,0.5487920134328306,0
2347,52.708793041994795,0.6099999882280827,0
2348,52.72217249998357,,1
2349,52.83619058300974,0.6436670082621276,0
2350,52.849494124995545,0.5868329899385571,0
2351,52.862660375016276,0.5857920041307807,0
2352,52.87584275001427,0.7973330211825669,0
2353,52.887701542000286,0.6374160293489695,0
2354,52.9005149169825,0.5702080088667572,0
2355,52.91366841702256,0.5332499858923256,0
2356,52.925986249989364,0.6334999925456941,0
2357,52.939217082981486,0.7301670266315341,0
2358,52.952376000001095,0.46370801283046603,0
2359,52.965521792008076,0.6989159737713635,0
2360,52.97882125002798,0.5807079724036157,0
2361,52.9920356249786,0.6963330088183284,0
2362,53.00533470802475,0.6314589991234243,0
2363,53.01856624998618,0.5685000214725733,0
2364,53.029572167026345,0.6089159869588912,0
2365,53.04282691702247,0.6191660067997873,0
2366,53.05588549998356,0.7855420117266476,0
2367,53.06934774998808,0.6026250193826854,0
2368,53.082574416999705,1.1312910355627537,0
2369,53.09631504199933,0.5777910118922591,0
2370,53.10763391701039,0.5607500206679106,0
2371,53.12079850002192,0.49762497656047344,0
2372,53.13399591698544,0.8109580376185477,0
2373,53.14625262498157,0.4870830453000963,0
2374,53.1583847500151,1.1252500116825104,0
2375,53.172088958031964,0.5685419891960919,0
2376,53.185257916979026,0.4693330265581608,0
2377,53.19816729199374,0.6167080136947334,0
2378,53.21135629201308,0.41758298175409436,0
2379,53.22436908300733,0.5836670170538127,0
2380,53.2369230830227,0.42395899072289467,0
2381,53.24994029197842,0.5415000487118959,0
2382,53.26305016700644,0.5303749931044877,0
2383,53.2747809169814,0.6593330181203783,0
2384,53.288076083001215,0.7607500301674008,0
2385,53.30148962500971,0.45020796824246645,0
2386,53.31391700002132,0.3755000070668757,0
2387,53.32607970800018,,1
2388,53.43938674998935,0.3986670053564012,0
2389,53.4523467500112,0.28062501223757863,0
2390,53.46516370802419,0.2716669696383178,0
2391,53.47798308299389,0.33704203087836504,0
2392,53.489756375027355,0.5075829685665667,0
2393,53.50110766699072,0.5499999970197678,0
2394,53.5139180420083,0.5545829772017896,0
2395,53.52707070799079,0.36975002149119973,0
2396,53.54004008299671,,1
2397,53.65397541702259,0.5771249998360872,0
2398,53.66716679203091,0.3367500030435622,0
2399,53.68010012502782,0.5680829635821283,0
2400,53.69326154200826,,1
2401,53.806995458027814,0.4217919777147472,0
2402,53.81994829198811,0.3482910105958581,0
2403,53.83287720801309,0.42462500277906656,0
2404,53.843989291985054,0.4569580196402967,0
2405,53.85591404198203,0.6152910063974559,0
2406,53.86913754203124,0.32949994783848524,0
2407,53.882059500028845,0.4622499691322446,0
2408,53.893381875008345,,1
2409,54.007273000024725,0.5919579998590052,0
2410,54.02048825001111,0.6078329752199352,0
2411,54.03370420803549,0.31629198929294944,0
2412,54.046396833029576,0.41929195867851377,0
2413,54.059408458007965,0.7542920066043735,0
2414,54.071751667011995,0.5822079838253558,0
2415,54.084948375006206,0.5219579907134175,0
2416,54.09625737502938,0.5661249742843211,0
2417,54.107694374979474,0.5554580129683018,0
2418,54.11965829198016,0.5162910092622042,0
2419,54.13277395803016,0.3155419835820794,0
2420,54.14547633298207,0.5342920194379985,0
2421,54.158615083026234,0.35612500505521894,0
2422,54.1715687920223,0.3829160123132169,0
2423,54.18348312500166,0.4610830219462514,0
2424,54.19654845801415,0.5763749941252172,0
2425,54.20868708298076,0.34954200964421034,0
2426,54.221250333008356,0.5107499891892076,0
2427,54.233946458029095,0.48216700088232756,0
2428,54.24701649998315,0.43875002302229404,0
2429,54.2600532079814,0.4305840120650828,0
2430,54.27308529202128,0.5889160092920065,0
2431,54.2861105829943,0.5490420153364539,0
2432,54.29927441698965,0.48104103188961744,0
2433,54.31233616702957,0.5050409818068147,0
2434,54.32556708302582,0.8697919547557831,0
2435,54.339044374995865,0.5763749941252172,0
2436,54.35223670798587,0.37700001848861575,0
2437,54.363950832979754,0.5597920389845967,0
2438,54.37710737501038,0.47729199286550283,0
2439,54.39022683299845,,1
2440,54.50296379200881,,1
2441,54.616213832981884,0.988209038041532,0
2442,54.63002837501699,0.46933296835049987,0
2443,54.64313691703137,0.6232909508980811,0
2444,54.656362708017696,0.41433400474488735,0
2445,54.672275457996875,1.3478749897331,0
2446,54.684558667009696,0.5353749729692936,0
2447,54.695495292020496,0.38716598646715283,0
2448,54.70848687499529,0.6945420172996819,0
2449,54.72174716700101,0.37595798494294286,0
2450,54.735085332999006,0.31333399238064885,0
2451,54.74725833302364,2.797874971292913,0
2452,54.762638374988455,0.4697919939644635,0
2453,54.773386874992866,0.2773749874904752,0
2454,54.7852483750321,0.3279169904999435,0
2455,54.79830879200017,0.4557910142466426,0
2456,54.80931604199577,,1
2457,54.9229954170296,1.638165966141969,0
2458,54.93672720802715,,1
2459,55.05013083299855,0.9987920057028532,0
2460,55.06435616698582,0.6418330012820661,0
2461,55.07545704202494,0.6723749684169888,0
2462,55.08728920802241,0.3409999771974981,0
2463,55.100213667028584,,1
2464,55.213918082998134,0.5304170190356672,0
2465,55.22677358298097,0.5040000542066991,0
2466,55.23944354202831,0.5924159777350724,0
2467,55.250771292019635,0.6542499759234488,0
2468,55.26311120798346,,1
2469,55.37472424999578,0.8636669954285026,0
2470,55.38827404199401,,1
2471,55.50005608302308,0.3886669874191284,0
2472,55.51308916701237,0.27858297107741237,0
2473,55.52589970797999,0.38350000977516174,0
2474,55.53880462498637,0.2814170438796282,0
2475,55.55108495801687,,1
2476,55.66296225000406,0.5558329867199063,0
2477,55.674858874990605,0.6905420450493693,0
2478,55.68792979198042,0.7589580491185188,0
2479,55.70144291699398,0.5466660368256271,0
2480,55.71396420802921,0.5557919503189623,0
2481,55.725816207996104,0.5967090255580842,0
2482,55.73844074999215,0.5967080360278487,0
2483,55.75116004201118,0.48816599883139133,0
2484,55.763511208002456,0.4932500305585563,0
2485,55.77543475001585,0.6487920181825757,0
2486,55.78867745801108,0.43758400715887547,0
2487,55.7993284999975,0.8202079916372895,0
2488,55.81272387498757,0.5308330291882157,0
2489,55.82586587499827,0.6014580139890313,0
2490,55.83927004202269,5.990290956106037,0
2491,55.85785804199986,0.42933301301673055,0
2492,55.87091454199981,0.5282500060275197,0
2493,55.88414641702548,0.42337499326094985,0
2494,55.89633841702016,0.5369159625843167,0
2495,55.90951224998571,0.39066700264811516,0
2496,55.92248966702027,0.5975409876555204,0
2497,55.935705167008564,0.5740830092690885,0
2498,55.948906207981054,,1
2499,56.061432917020284,,1
2500,56.175211458001286,0.8962919819168746,0
2501,56.1886526250164,0.6319169769994915,0
2502,56.20119233301375,0.47983397962525487,0
2503,56.21391841699369,0.4652080242522061,0
2504,56.226598375011235,0.6418749690055847,0
2505,56.238405833020806,0.5544589948840439,0
2506,56.250250292010605,0.41208299808204174,0
2507,56.26322662498569,0.4433330032043159,0
2508,56.276285083033144,0.4742089658975601,0
2509,56.28841045801528,0.6195419700816274,0
2510,56.300857249996625,0.5973750376142561,0
2511,56.31290600000648,0.3953329869545996,0
2512,56.324915917008184,0.5289160180836916,0
2513,56.33805812499486,0.7087920093908906,0
2514,56.35136595799122,0.5170000367797911,0
2515,56.36309829202946,0.49824995221570134,0
2516,56.37630770797841,0.5984590388834476,0
2517,56.38950816699071,0.5898750387132168,0
2518,56.40270437498111,0.5995000246912241,0
2519,56.415911332995165,1.030416984576732,0
2520,56.428114291979,0.47325005289167166,0
2521,56.43943883298198,0.6660420331172645,0
2522,56.450329957995564,0.5705420044250786,0
2523,56.46347866702126,0.5106659955345094,0
2524,56.476583958021365,,1
2525,56.59045245801099,0.709792017005384,0
2526,56.60315308300778,0.6450840155594051,0
2527,56.61645887501072,,1
2528,56.730405666981824,,1
2529,56.8449752079905,0.5399170331656933,0
2530,56.85814045800362,0.6542920018546283,0
2531,56.871236332983244,0.692834029905498,0
2532,56.882884333026595,1.1058339732699096,0
2533,56.8966693750117,0.46383298467844725,0
2534,56.90889116702601,0.7507909904234111,0
2535,56.92227604199434,0.8993330411612988,0
2536,56.9358138749958,0.6458749994635582,0
2537,56.947258375003,0.7537499768659472,0
2538,56.960619000019506,0.4752500099129975,0
2539,56.97172891697846,0.6606250535696745,0
2540,56.985012500023004,0.6172499852254987,0
2541,56.99725650000619,0.5954999942332506,0
2542,57.0094541250146,0.8726249798201025,0
2543,57.02299066702835,0.7522910018451512,0
2544,57.03437516698614,0.5736250313930213,0
2545,57.04754066700116,0.6280409870669246,0
2546,57.05938587500714,0.7797079742886126,0
2547,57.07276229199488,0.5620000301860273,0
2548,57.08362520800438,,1
2549,57.197291625023354,0.7156669744290411,0
2550,57.20926483301446,0.659500015899539,0
2551,57.22251925000455,,1
2552,57.33615262497915,0.5504170549102128,0
2553,57.347516958019696,0.7988339639268816,0
2554,57.35946883301949,0.8533750078640878,0
2555,57.3729375419789,0.6599580519832671,0
2556,57.38410745799774,0.4556250059977174,0
2557,57.39714666700456,0.45845803106203675,0
2558,57.41019866702845,0.5195830017328262,0
2559,57.42138979199808,0.6501660100184381,0
2560,57.432451875007246,1.7690000240691006,0
2561,57.4458259579842,0.523459049873054,0
2562,57.45894799998496,0.6879580323584378,0
2563,57.47230716701597,0.5751659628003836,0
2564,57.48355441703461,0.43366599129512906,0
2565,57.496560833009426,0.5202500033192337,0
2566,57.509724457981065,0.6577920285053551,0
2567,57.521740500000305,0.5713750142604113,0
2568,57.53491354198195,0.5104580195620656,0
2569,57.54729495802894,0.5189169896766543,0
2570,57.55976570799248,,1
2571,57.67359879199648,0.32950000604614615,0
2572,57.686495542002376,0.2640410093590617,0
2573,57.69932345801499,0.26175001403316855,0
2574,57.70970187499188,0.25687500601634383,0
2575,57.7224840419949,2.7114159893244505,0
2576,57.73817516700365,0.49129099352285266,0
2577,57.75141145801172,0.3593749715946615,0
2578,57.76392341702012,0.38066599518060684,0
2579,57.776483041991014,0.3636250039562583,0
2580,57.788414417009335,0.8439579978585243,0
2581,57.799759624991566,1.4568330370821059,0
2582,57.81412195798475,0.9067089995369315,0
2583,57.82761337503325,0.45487500028684735,0
2584,57.838470500020776,0.5165829788893461,0
2585,57.849764625018,,1
2586,57.963159666978754,,1
2587,58.07528395799454,0.6228749989531934,0
2588,58.086749083013274,0.30516699189320207,0
2589,58.09862766700098,0.4083749954588711,0
2590,58.10928249999415,0.3747920272871852,0
2591,58.12024833302712,0.1824169885367155,0
2592,58.13298150000628,0.2087079919874668,0
2593,58.14575850003166,,1
2594,58.25957270798972,0.4830000107176602,0
2595,58.27263262501219,0.4034169833175838,0
2596,58.28562041698024,0.31687505543231964,0
2597,58.297842582978774,0.20158401457592845,0
2598,58.3085028330097,0.5320839700289071,0
2599,58.32124741701409,0.6332499906420708,0
2600,58.33219016698422,0.5338750197552145,0
2601,58.34530545800226,0.47083402751013637,0
2602,58.358371249982156,0.6293750484474003,0
2603,58.37162904202705,0.3751249751076102,0
2604,58.38459949998651,0.39195804856717587,0
2605,58.39757274999283,0.2845420385710895,0
2606,58.41043508303119,0.2090419875457883,0
2607,58.423192041984294,0.19470800179988146,0
2608,58.43594245798886,0.26712502585723996,0
2609,58.4468356249854,0.3515420248731971,0
2610,58.45873470802326,0.6715839845128357,0
2611,58.47197583300294,0.32508402364328504,0
2612,58.48489091702504,,1
2613,58.60078770801192,1.663499977439642,0
2614,58.612669833004475,0.29791699489578605,0
2615,58.62553504202515,0.3032079548574984,0
2616,58.63845358300023,0.44350000098347664,0
2617,58.65149758302141,,1
2618,58.76389962498797,0.4657499957829714,0
2619,58.77497895801207,0.57366699911654,0
2620,58.78812895802548,0.5047919694334269,0
2621,58.80123804201139,,1
2622,58.9139251250308,0.27904199669137597,0
2623,58.92511650000233,0.4539170186035335,0
2624,58.93816741701448,0.4337910213507712,0
2625,58.951180208008736,0.33900002017617226,0
2626,58.9640894170152,0.4524160176515579,0
2627,58.977116041991394,0.4421659978106618,0
2628,58.990133374987636,0.4200420225970447,0
2629,59.002440624986775,0.44233299558982253,0
2630,59.01321870798711,0.4027500399388373,0
2631,59.02546504198108,0.5387500277720392,0
2632,59.03789020801196,0.36100001307204366,0
2633,59.05103329202393,0.5952079663984478,0
2634,59.06419687502785,0.6079580052755773,0
2635,59.07524287502747,,1
2636,59.18840783298947,0.7256250246427953,0
2637,59.20174308301648,0.5897919763810933,0
2638,59.213961708010174,0.513958977535367,0
2639,59.22706595802447,0.49166695680469275,0
2640,59.239532625011634,0.7657919777557254,0
2641,59.252158874995075,0.40320801781490445,0
2642,59.263918875018135,0.6844999734312296,0
2643,59.27652895799838,0.9454999817535281,0
2644,59.2884179999819,0.7521250518038869,0
2645,59.30040829197969,0.8674580021761358,0
2646,59.313884083007,0.5970839993096888,0
2647,59.32708449999336,0.3951250109821558,0
2648,59.33839762501884,0.7065419922582805,0
2649,59.35196233302122,0.6043749745003879,0
2650,59.36496299999999,2.9080419917590916,0
2651,59.38049437501468,0.624332984443754,0
2652,59.392836041981354,0.6596660241484642,0
2653,59.40508612501435,0.6163750076666474,0
2654,59.41762162500527,0.38595800288021564,0
2655,59.43058220803505,0.6643749657087028,0
2656,59.44384316698415,0.483625044580549,0
2657,59.45553199999267,0.6500000017695129,0
2658,59.468815250031184,0.6262079696170986,0
2659,59.48059191700304,0.6001659785397351,0
2660,59.49378399999114,0.4765419871546328,0
2661,59.50616970798001,0.7192500052042305,0
2662,59.51889025000855,0.6192500004544854,0
2663,59.53213208302623,0.7494169985875487,0
2664,59.54361479199724,0.4635000368580222,0
2665,59.55659870803356,0.7544169784523547,0
2666,59.56995833298424,0.5190420197322965,0
2667,59.58210029202746,0.870916002895683,0
2668,59.59557795798173,0.51183404866606,0
2669,59.60869670799002,0.9367919992655516,0
2670,59.62178279203363,0.5688329692929983,0
2671,59.634534291981254,0.4201660049147904,0
2672,59.64624229201581,0.5213330150581896,0
2673,59.65934708301211,0.625459011644125,0
2674,59.67257579200668,,1
2675,59.78643104201183,,1
2676,59.900204417004716,,1
2677,60.014177082979586,1.5117500443011522,0
2678,60.02838095801417,0.6943339831195772,0
2679,60.041685292031616,0.8702909690327942,0
2680,60.05515929200919,,1
2681,60.169246957986616,0.7492920267395675,0
2682,60.18259683297947,1.0478750336915255,0
2683,60.19631229201332,0.6642079679295421,0
2684,60.209165667009074,0.8888749871402979,0
2685,60.220881332992576,0.5950420163571835,0
2686,60.23412074998487,0.5209580413065851,0
2687,60.246242207998876,0.5334169836714864,0
2688,60.257563291990664,0.6398330442607403,0
2689,60.27081562503008,0.5937919486314058,0
2690,60.28395875002025,0.5557920085266232,0
2691,60.2962244169903,,1
2692,60.40877062501386,,1
2693,60.521168250008486,0.6577079766429961,0
2694,60.53228141699219,0.769832986406982,0
2695,60.546213417022955,0.6320829852484167,0
2696,60.558775792014785,0.6740830140188336,0
2697,60.570260583015624,0.40304200956597924,0
2698,60.582113249984104,0.3013330278918147,0
2699,60.59499104198767,0.392707996070385,0
2700,60.608047167013865,0.4267499898560345,0
2701,60.621044958010316,0.39533397648483515,0
2702,60.6323791249888,0.4991250461898744,0
2703,60.64545100001851,0.49224996473640203,0
2704,60.656632042024285,0.4594579804688692,0
2705,60.66968208301114,,1
2706,60.784764916985296,0.41325000347569585,0
2707,60.79783816699637,0.5567499902099371,0
2708,60.81101312499959,0.4903330118395388,0
2709,60.82403395802248,0.4705419996753335,0
2710,60.8370957080042,0.5352500011213124,0
2711,60.850237458013,0.5519589758478105,0
2712,60.86335283302469,0.3360839909873903,0
2713,60.876130749995355,0.6126670050434768,0
2714,60.88841716700699,0.6038750289008021,0
2715,60.90174204198411,0.5424580303952098,0
2716,60.91291979199741,0.4259580164216459,0
2717,60.92593270802172,0.3751249751076102,0
2718,60.93887333298335,0.20875001791864634,0
2719,60.95108525000978,0.4652499919757247,0
2720,60.964138332987204,0.4793340340256691,0
2721,60.97609829198336,0.795625033788383,0
2722,60.98949100001482,0.5331250140443444,0
2723,61.00247700000182,0.5551250069402158,0
2724,61.015065416984726,0.7887500105425715,0
2725,61.028444750001654,0.5060830153524876,0
2726,61.04160104203038,0.7221659761853516,0
2727,61.054916458029766,0.7184999994933605,0
2728,61.06824187497841,1.0599580127745867,0
2729,61.08189912501257,1.0215420043095946,0
2730,61.095627125003375,0.5306670209392905,0
2731,61.108457916998304,0.8815000182949007,0
2732,61.121738917019684,0.6527079967781901,0
2733,61.13311179203447,0.9304999839514494,0
2734,61.1462507499964,0.5789999850094318,0
2735,61.15841650002403,0.6006669718772173,0
2736,61.170807417016476,0.5266660009510815,0
2737,61.18394120800076,0.5705840303562582,0
2738,61.19622724998044,0.49775000661611557,0
2739,61.20933833299205,0.7830000249668956,0
2740,61.22270558302989,0.5697499727830291,0
2741,61.23585841699969,0.4278330015949905,0
2742,61.24724545801291,0.6370000191964209,0
2743,61.26047058298718,0.41658402187749743,0
2744,61.272955125023145,0.6334579666145146,0
2745,61.285755791992415,0.4511660081334412,0
2746,61.29845270799706,1.387750031426549,0
2747,61.312405042001046,0.48824999248608947,0
2748,61.32351541699609,,1
2749,61.435544417006895,0.7165410206653178,0
2750,61.448928500001784,0.8858750225044787,0
2751,61.46241191698937,0.553040998056531,0
2752,61.47428791702259,0.6246659904718399,0
2753,61.48560016701231,0.6639159983024001,0
2754,61.498886957997456,0.9186670067720115,0
2755,61.51240033301292,0.571209006011486,0
2756,61.52456966700265,0.6681249942630529,0
2757,61.537842707999516,0.7239999831654131,0
2758,61.55116104200715,1.0604580165818334,0
2759,61.56290641700616,0.5734579754061997,0
2760,61.57834795798408,0.5515000084415078,0
2761,61.59139995800797,0.4852919955737889,0
2762,61.60324958298588,0.49341702833771706,0
2763,61.61634495801991,0.47624995931982994,0
2764,61.629405791987665,0.40250003803521395,0
2765,61.642868374998216,0.7552499882876873,0
2766,61.65620854200097,0.4202910349704325,0
2767,61.6670548330294,0.45354198664426804,0
2768,61.680105875013396,0.45262498315423727,0
2769,61.69091595802456,0.5612919921986759,0
2770,61.70413633302087,0.5836669588461518,0
2771,61.715895708010066,,1
2772,61.826752833032515,0.5280839977785945,0
2773,61.838413375022355,0.669625005684793,0
2774,61.851688875001855,0.6445830222219229,0
2775,61.865236666984856,1.0580000234767795,0
2776,61.87708945799386,0.45591703383252025,0
2777,61.89016025001183,0.6370000191964209,0
2778,61.90310395800043,0.42987498454749584,0
2779,61.914191625022795,0.31595799373462796,0
2780,61.92706779198488,1.059875008650124,0
2781,61.940673500008415,0.2625419874675572,0
2782,61.95348087500315,,1
2783,62.06722162500955,0.3934170235879719,0
2784,62.080194999987725,0.5922080017626286,0
2785,62.09339629200986,0.576250022277236,0
2786,62.10507804201916,0.7508330163545907,0
2787,62.11648899997817,0.8037080406211317,0
2788,62.129988667031284,0.6788329919800162,0
2789,62.14344808302121,0.43758400715887547,0
2790,62.155083291989285,0.6588750402443111,0
2791,62.1683629170293,0.5789579590782523,0
2792,62.18166583299171,0.9130840189754963,0
2793,62.19394991698209,0.4339580191299319,0
2794,62.20697400002973,0.6280829547904432,0
2795,62.220209958031774,0.5519589758478105,0
2796,62.232405000017025,0.7978329667821527,0
2797,62.24499720800668,0.6013339734636247,0
2798,62.25821491703391,0.6834999658167362,0
2799,62.27149312500842,0.8030419703572989,0
2800,62.28468541702023,0.48283301293849945,0
2801,62.296311957994476,0.5157089908607304,0
2802,62.30946700001368,0.7740830187685788,0
2803,62.32173970801523,0.6589170079678297,0
2804,62.33501329203136,0.6494160043075681,0
2805,62.34827962500276,1.2079579755663872,0
2806,62.360207749996334,0.5130000063218176,0
2807,62.37175749999005,0.7348750368691981,0
2808,62.38334812503308,0.9977919980883598,0
2809,62.3969266670174,0.5085829761810601,0
2810,62.41006424999796,0.6682919920422137,0
2811,62.42174616700504,0.660583027638495,0
2812,62.43274012499023,0.7015420123934746,0
2813,62.446042708004825,0.5344999954104424,0
2814,62.457046875031665,0.6189169944263995,0
2815,62.470278583001345,0.5900840042158961,0
2816,62.483465792029165,0.6527910009026527,0
2817,62.49623525002971,,1
2818,62.61013575003017,0.5497079691849649,0
2819,62.62172716698842,0.49637502525001764,0
2820,62.63481145800324,0.3683340037241578,0
2821,62.647246124979574,0.4963329993188381,0
2822,62.65855145797832,,1
2823,62.7720381669933,0.7643330027349293,0
2824,62.783760874997824,0.7263330044224858,0
2825,62.79715908301296,0.6825419841334224,0
2826,62.809645291999914,0.7216660305857658,0
2827,62.82285925000906,0.60916697839275,0
2828,62.83608229202218,0.6062499596737325,0
2829,62.84930483298376,1.06637499993667,0
2830,62.86302487499779,0.5432080361060798,0
2831,62.876198832993396,0.613209034781903,0
2832,62.889418500009924,0.6986670196056366,0
2833,62.902348749979865,0.6196670001372695,0
2834,62.91391608299455,0.5872090114280581,0
2835,62.927891416999046,0.4687909968197346,0
2836,62.94096579198958,0.6529160309582949,0
2837,62.95423283299897,0.5930840270593762,0
2838,62.967139457992744,0.6299589877016842,0
2839,62.979568667011335,0.5200409796088934,0
2840,62.99158937501488,0.7831249968148768,0
2841,63.00504225003533,0.6716669886372983,0
2842,63.01633025001502,0.8709169924259186,0
2843,63.02982350002276,0.5772080039605498,0
2844,63.043019042001106,0.7020829943940043,0
2845,63.05633358302293,0.6529999664053321,0
2846,63.06960416701622,0.5260829930193722,0
2847,63.08196387498174,0.7598750526085496,0
2848,63.0938037080341,0.38649997441098094,0
2849,63.106257541978266,0.6515410495921969,0
2850,63.11949845799245,0.5435420316644013,0
2851,63.13155433302745,,1
2852,63.2447389169829,0.4315410042181611,0
2853,63.257769917021506,0.5684159696102142,0
2854,63.27094408299308,0.470584025606513,0
2855,63.28330037498381,0.4528750432655215,0
2856,63.29626562498743,0.4391249967738986,0
2857,63.308696250023786,0.5319580086506903,0
2858,63.321821583027486,0.5107089527882636,0
2859,63.33491891698213,0.39850000757724047,0
2860,63.346285499981605,0.4321250016801059,0
2861,63.359321458032355,0.7653749780729413,0
2862,63.37268849997781,0.6967500085011125,0
2863,63.385998582991306,,1
2864,63.49990558298305,1.1997499968856573,0
2865,63.51369699998759,0.5847919965162873,0
2866,63.52690016699489,0.6406250176951289,0
2867,63.53929425001843,0.6731249741278589,0
2868,63.55035750003299,0.9256670018658042,0
2869,63.56396162498277,0.5989580531604588,0
2870,63.57604154199362,0.9410000056959689,0
2871,63.58771550003439,0.5993329687044024,0
2872,63.59889041702263,1.0182909900322556,0
2873,63.61044387501897,0.404624966904521,0
2874,63.622595167020336,0.6700409576296806,0
2875,63.634845166991,0.6181659991852939,0
2876,63.6462860419997,,1
2877,63.760179417033214,0.6725830025970936,0
2878,63.772838125005364,0.6264999974519014,0
2879,63.78605862503173,,1
2880,63.9001200000057,0.9076669812202454,0
2881,63.913624249980785,0.5412080208770931,0
2882,63.926143750024494,0.698957999702543,0
2883,63.93946291698376,0.6793750217184424,0
2884,63.95040324999718,0.8774999878369272,0
2885,63.962927417014726,0.4452909925021231,0
2886,63.97501929203281,0.6426249747164547,0
2887,63.98790283303242,0.5747089744545519,0
2888,63.9996982080047,0.8471250184811652,0
2889,64.01290220802184,0.44583401177078485,0
2890,64.02476512501016,0.6594579899683595,0
2891,64.0372607500176,0.6783750141039491,0
2892,64.05058195802849,,1
2893,64.1641157080303,0.523333961609751,0
2894,64.17722729203524,0.4022909561172128,0
2895,64.19023587502306,0.5151249933987856,0
2896,64.20223004202126,0.31058298191055655,0
2897,64.21510533301625,0.7561669917777181,0
2898,64.22803341702092,,1
2899,64.34008341701701,0.7699159905314445,0
2900,64.35161454201443,0.6042079767212272,0
2901,64.36390925000887,0.578042003326118,0
2902,64.377084458014,0.46387501060962677,0
2903,64.39015429199208,0.6726660067215562,0
2904,64.40344458300387,0.606624991632998,0
2905,64.41665591701167,0.859291001688689,0
2906,64.42956433299696,0.5301249912008643,0
2907,64.4426289999974,,1
2908,64.5566614579875,0.7801250321790576,0
2909,64.57008920802036,,1
2910,64.68283358297776,0.9718750370666385,0
2911,64.6962709579966,0.5474589997902513,0
2912,64.70760604197858,0.5558750126510859,0
2913,64.71909891703399,0.5557079566642642,0
2914,64.73058745800517,0.5952920182608068,0
2915,64.74220695800614,0.8477499941363931,0
2916,64.75551674998133,0.7023750222288072,0
2917,64.76757804199588,0.5209579830989242,0
2918,64.78058345802128,0.4106669803149998,0
2919,64.79297337500611,0.6473750108852983,0
2920,64.80628925003111,0.5524169537238777,0
2921,64.81788674998097,0.47683302545920014,0
2922,64.83059291698737,0.40625000838190317,0
2923,64.84358704200713,0.3719580126926303,0
2924,64.85654779203469,0.6217909976840019,0
2925,64.86978616699344,0.4909160197712481,0
2926,64.88202416698914,0.6121250335127115,0
2927,64.89338437502738,0.3581669880077243,0
2928,64.90633829199942,0.6647499976679683,0
2929,64.9195967920241,0.5627499776892364,0
2930,64.93154870800208,0.9731670143082738,0
2931,64.94513070798712,0.55779202375561,0
2932,64.95587879198138,0.6763330311514437,0
2933,64.96680591697805,0.9055410046130419,0
2934,64.98028220800916,,1
2935,65.09412737499224,,1
2936,65.20628458302235,0.6229589926078916,0
2937,65.21759499999462,0.6174580194056034,0
2938,65.23062045802362,0.5112499929964542,0
2939,65.24163183302153,1.5573339769616723,0
2940,65.25402462499915,0.6489169900305569,0
2941,65.26728670799639,,1
2942,65.38058583298698,0.4866670351475477,0
2943,65.39238350000232,0.46733301132917404,0
2944,65.40545020799618,0.5381670198403299,0
2945,65.41858679201687,0.5802499945275486,0
2946,65.43177754199132,0.6582910427823663,0
2947,65.44508008297998,0.44820900075137615,0
2948,65.45813283300959,0.6516249850392342,0
2949,65.47115816699807,0.646832981146872,0
2950,65.48362524999538,0.510375015437603,0
2951,65.49422291701194,0.3678330103866756,0
2952,65.50613704201533,,1
2953,65.61902483302401,0.519708963111043,0
2954,65.6321435419959,0.9970410028472543,0
2955,65.64571791701019,0.6062079919502139,0
2956,65.65857870801119,0.8034170023165643,0
2957,65.6705936670187,0.5537079996429384,0
2958,65.68150258302921,0.8434169576503336,0
2959,65.69295995798893,0.7241670391522348,0
2960,65.7050984170055,0.5417499924078584,0
2961,65.71757929201704,0.5387499695643783,0
2962,65.73058650002349,0.5333749577403069,0
2963,65.743701667001,0.44966599671170115,0
2964,65.75679279200267,0.6328750168904662,0
2965,65.77002524997806,0.592542055528611,0
2966,65.78299737500492,0.8956670062616467,0
2967,65.79648737498792,0.46858302084729075,0
2968,65.80954541702522,0.4861659836024046,0
2969,65.82263766700635,0.6598749896511436,0
2970,65.83547662501223,0.6257499917410314,0
2971,65.84651141701033,0.5043330020271242,0
2972,65.85894145799102,0.7513340096920729,0
2973,65.8708362079924,0.5735839949920774,0
2974,65.8828422499937,0.966041989158839,0
2975,65.89643083303235,0.5640839808620512,0
2976,65.9097451249836,0.741666997782886,0
2977,65.92258258297807,,1
2978,66.03658808302134,0.7917499751783907,0
2979,66.04954766703304,0.9329999447800219,0
2980,66.06289712502621,0.5183749599382281,0
2981,66.07610079197912,0.721791002433747,0
2982,66.08843725000042,0.5912500200793147,0
2983,66.1007341670338,0.42624998604878783,0
2984,66.11290145799285,0.472417043056339,0
2985,66.12397933303146,0.5370419821701944,0
2986,66.13584266701946,0.5816249758936465,0
2987,66.14725883299252,0.6349590257741511,0
2988,66.16050370800076,,1
2989,66.27438629203243,,1
2990,66.3882829999784,0.6716250209137797,0
2991,66.40165349998279,0.5995000246912241,0
2992,66.41423033300089,0.8053749916143715,0
2993,66.42614574998152,,1
2994,66.53940175002208,0.740207964554429,0
2995,66.55275462497957,0.5843750550411642,0
2996,66.56539762503235,0.844749971292913,0
2997,66.57661774998996,0.40862499736249447,0
2998,66.58964145800564,0.6572499987669289,0
2999,66.60249958297936,0.6030000513419509,0
3000,66.6157180829905,0.8572500082664192,0
3001,66.6291632920038,,1
3002,66.74305316701066,0.47274999087676406,0
3003,66.75518466701033,0.6307910080067813,0
3004,66.76839429198299,0.38545799907296896,0
3005,66.77958349999972,0.4659999976865947,0
3006,66.79155358299613,0.6051670061424375,0
3007,66.80350616702344,,1
3008,66.91739454201888,0.47383300261572003,0
3009,66.93047191703226,0.5847499705851078,0
3010,66.94280575000448,0.8338749757967889,0
3011,66.95501133298967,0.6899170111864805,0
3012,66.96721237502061,0.5152499652467668,0
3013,66.97958799998742,0.5083330324850976,0
3014,66.99271241703536,0.7098749629221857,0
3015,67.00509695801884,0.6507500074803829,0
3016,67.01634199998807,,1
3017,67.1295904580038,0.5419169901870191,0
3018,67.14239683299093,0.708750041667372,0
3019,67.1550676249899,0.4409580142237246,0
3020,67.16673495800933,0.5316250026226044,0
3021,67.17821579199517,0.5299579934217036,0
3022,67.18991158303106,0.5029999883845448,0
3023,67.20302045799326,0.5273750284686685,0
3024,67.21555629197974,0.44958305079489946,0
3025,67.22849370801123,0.49808400217443705,0
3026,67.2416000830126,0.7274170056916773,0
3027,67.25308954203501,0.5012079491280019,0
3028,67.26617937500123,1.1994169908575714,0
3029,67.2799433330074,0.48383401008322835,0
3030,67.29119579202961,0.5402499809861183,0
3031,67.30214300000807,0.5513330106623471,0
3032,67.312909958011,0.41720899753272533,0
3033,67.32591529202182,0.8092079660855234,0
3034,67.33901895798044,6.748250045347959,0
3035,67.35836783301784,0.6406669854186475,0
3036,67.37124254199443,0.6195410387590528,0
3037,67.38454275002005,0.37291698390617967,0
3038,67.39749825000763,0.5003329715691507,0
3039,67.4106235000072,0.43100002221763134,0
3040,67.42186791700078,0.6353749777190387,0
3041,67.43375237501459,0.3838330158032477,0
3042,67.44556525000371,0.3910000086762011,0
3043,67.45855933299754,0.5386670236475766,0
3044,67.46921854198445,0.585333036724478,0
3045,67.48063787497813,0.6422500009648502,0
3046,67.49146433302667,0.9127089870162308,0
3047,67.50503766699694,0.6505409837700427,0
3048,67.51677899999777,0.34125003730878234,0
3049,67.52970312500838,0.5695419968105853,0
3050,67.5429090000107,0.790167017839849,0
3051,67.55633583298186,0.6483750184997916,0
3052,67.56820837501436,0.47966698184609413,0
3053,67.58129295799881,0.9833750082179904,0
3054,67.59440483298386,0.7805000059306622,0
3055,67.60781741701066,0.6831659702584147,0
3056,67.62114300002577,0.5837079952470958,0
3057,67.63238508300856,0.5803339881822467,0
3058,67.64556020800956,0.45074999798089266,0
3059,67.6565370419994,,1
3060,67.77047295798548,,1
3061,67.8844156669802,0.3678330103866756,0
3062,67.89736929198261,0.44016604078933597,0
3063,67.91039887501393,0.4004579968750477,0
3064,67.92339966702275,0.5123749724589288,0
3065,67.93517112499103,0.6432920345105231,0
3066,67.9463335829787,0.43629202991724014,0
3067,67.95937391702319,0.7083750097081065,0
3068,67.97270174999721,0.5995419924147427,0
3069,67.98592529201414,,1
3070,68.0992625420331,0.9196659666486084,0
3071,68.11297879199265,0.6590000120922923,0
3072,68.1262735829805,,1
3073,68.24030558299273,0.5528749898076057,0
3074,68.25244629202643,0.43541600462049246,0
3075,68.26391541701742,0.4426249652169645,0
3076,68.27566791698337,0.7670830236747861,0
3077,68.289031332999,0.5044590216130018,0
3078,68.30215683300048,0.8084590081125498,0
3079,68.31634187500458,0.6579170003533363,0
3080,68.32842804200482,0.3612909931689501,0
3081,68.34138804202667,,1
3082,68.45507291698596,0.4770000232383609,0
3083,68.46777950000251,0.36045798333361745,0
3084,68.48072699998738,1.0476250317879021,0
3085,68.4928375420277,0.7042500074021518,0
3086,68.50613566703396,0.5082499701529741,0
3087,68.5191142919939,0.5307079991325736,0
3088,68.53154829202686,,1
3089,68.64572887500981,0.6114169955253601,0
3090,68.65894937497796,0.8412920287810266,0
3091,68.67182945803506,0.588166993111372,0
3092,68.68501374998596,0.5823330138809979,0
3093,68.69820616702782,0.8020829991437495,0
3094,68.71162474999437,0.5531249917112291,0
3095,68.72478495800169,0.7285419851541519,0
3096,68.7379177500261,0.7364999619312584,0
3097,68.75076575001003,0.4402080085128546,0
3098,68.76290520798648,0.5346669931896031,0
3099,68.77602987497812,0.8165420149452984,0
3100,68.7895297500072,,1
3101,68.90346045797924,0.6531670223921537,0
3102,68.9206837079837,2.065375039819628,0
3103,68.93295412498992,0.2744999947026372,0
3104,68.9448288329877,0.40654203621670604,0
3105,68.9576184580219,9.399208996910602,0
3106,68.97808858298231,0.3493340336717665,0
3107,68.99101545801386,0.3067500074394047,0
3108,69.00389191700378,0.32366602681577206,0
3109,69.01678554201499,0.25350000942125916,0
3110,69.02959849999752,,1
3111,69.14406458300073,0.42495899833738804,0
3112,69.15583941701334,0.43366599129512906,0
3113,69.16885187500156,,1
3114,69.28270229202462,,1
3115,69.39415087498492,0.5834170151501894,0
3116,69.40734804200474,0.6499160081148148,0
3117,69.42061550001381,0.6906670168973505,0
3118,69.43352470803075,0.33645896473899484,0
3119,69.44651241699466,0.4717910196632147,0
3120,69.45959799998673,0.4591670003719628,0
3121,69.47263666702202,0.5064579891040921,0
3122,69.4857399170287,0.47870795242488384,0
3123,69.49725466698874,0.4255000385455787,0
3124,69.51015483302763,0.5299169570207596,0
3125,69.52089054201497,0.5440000095404685,0
3126,69.53434670798015,0.6130420370027423,0
3127,69.54658374999417,0.478917034342885,0
3128,69.55970829201397,0.6740830140188336,0
3129,69.5711069580284,0.5996669642627239,0
3130,69.58304933301406,0.8186249760910869,0
3131,69.59648391703377,0.5034999921917915,0
3132,69.60957675002282,0.4422079655341804,0
3133,69.62261666700942,0.6455000257119536,0
3134,69.63381112500792,0.7266249740496278,0
3135,69.64713091700105,0.7796250283718109,0
3136,69.65910475002602,0.6762499688193202,0
3137,69.67175579199102,0.71162503445521,0
3138,69.68506195797818,0.5005420534871519,0
3139,69.69628041703254,0.595040968619287,0
3140,69.70948579203105,0.7357079884968698,0
3141,69.72281258302974,0.3798749530687928,0
3142,69.73576333298115,0.336292025167495,0
3143,69.74623416701797,0.36508298944681883,0
3144,69.75765391701134,0.6223749951459467,0
3145,69.77088795800228,0.5277090240269899,0
3146,69.78401587501867,0.4401669721119106,0
3147,69.79706399998395,0.4681670106947422,0
3148,69.81010633299593,,1
3149,69.92249316698872,0.696416012942791,0
3150,69.93581483303569,0.6232089945115149,0
3151,69.94725124997785,0.5037920200265944,0
3152,69.96035466698231,0.5173330428078771,0
3153,69.97346212499542,,1
3154,70.08555241703289,0.6539999740198255,0
3155,70.0982818750199,,1
3156,70.21091929200338,0.46250002924352884,0
3157,70.222064917034,0.3466659691184759,0
3158,70.23465708299773,0.5270420224405825,0
3159,70.2472291670274,0.32883300445973873,0
3160,70.25988904200494,0.41924999095499516,0
3161,70.2725087919971,0.6233330350369215,0
3162,70.28574445802951,0.4557499778456986,0
3163,70.29725983302342,0.9139589965343475,0
3164,70.30930700001772,0.7649579783901572,0
3165,70.3226733750198,0.5412079626694322,0
3166,70.335816292034,0.512832950334996,0
3167,70.347086667025,0.36800000816583633,0
3168,70.36005320801632,0.4905840032733977,0
3169,70.3731445830199,0.5840839585289359,0
3170,70.3843600419932,0.4237079992890358,0
3171,70.39734729198972,0.4099160432815552,0
3172,70.41001824999694,0.5180829903110862,0
3173,70.42313762498088,0.5290000117383897,0
3174,70.43456104199868,0.7354160188697278,0
3175,70.44652429199778,0.7947910344228148,0
3176,70.4589006670285,0.9147909586317837,0
3177,70.4704114170163,0.839749991428107,0
3178,70.48385825002333,0.5944169824942946,0
3179,70.49668637500145,0.27424999279901385,0
3180,70.50950958300382,0.22420898312702775,0
3181,70.5222587499884,,1
3182,70.63596158300061,0.56395900901407,0
3183,70.64914699998917,0.5628330400213599,0
3184,70.66232108301483,0.49395899986848235,0
3185,70.67500645801192,,1
3186,70.78905562503496,0.7266249740496278,0
3187,70.80229345802218,0.5143749876879156,0
3188,70.81391295802314,0.4843749920837581,0
3189,70.826116250013,0.4747919738292694,0
3190,70.83918675000314,0.7077499758452177,0
3191,70.85238699999172,0.468374986667186,0
3192,70.86461937503191,0.3822079743258655,0
3193,70.87580562499352,0.8316250168718398,0
3194,70.88921133300755,0.44829200487583876,0
3195,70.90226183302002,0.5070840124972165,0
3196,70.9139234580216,0.48433401389047503,0
3197,70.92468087503221,0.6210829596966505,0
3198,70.93794179201359,0.5723750218749046,0
3199,70.95112087501911,,1
3200,71.06515387498075,,1
3201,71.17858137498843,0.643625040538609,0
3202,71.19188058300642,0.8866669959388673,0
3203,71.20538025000133,0.6469580112025142,0
3204,71.21784083300736,0.5891249747946858,0
3205,71.23064025002532,,1
3206,71.34455229202285,0.4275409737601876,0
3207,71.35508391703479,0.6222909432835877,0
3208,71.36830204201397,0.4383749910630286,0
3209,71.3806390420068,0.5710410187020898,0
3210,71.39284737501293,0.6405420135706663,0
3211,71.40618591703242,0.5786249530501664,0
3212,71.41855912498431,0.5449580494314432,0
3213,71.43059441703372,,1
3214,71.5425520830322,1.8948339857161045,0
3215,71.55747095798142,0.584250024985522,0
3216,71.5693598749931,0.6251250160858035,0
3217,71.58262312499573,,1
3218,71.69668950000778,0.6746249855495989,0
3219,71.7099687079899,0.5898340023122728,0
3220,71.72316350002075,0.7141669630073011,0
3221,71.73469870799454,0.8276670123450458,0
3222,71.74724970798707,0.5517090321518481,0
3223,71.76039449998643,0.4848749958910048,0
3224,71.77347245800775,0.6353749777190387,0
3225,71.78671287500765,0.7070419960655272,0
3226,71.80043145798845,1.0817089932970703,0
3227,71.81409362499835,,1
3228,71.92678312503267,0.7223749998956919,0
3229,71.93887741700746,0.8051660261116922,0
3230,71.9505735419807,0.8650410454720259,0
3231,71.96402529202169,0.590000010561198,0
3232,71.97620858298615,0.8539590053260326,0
3233,71.98893362499075,0.8242920157499611,0
3234,72.00021683302475,,1
3235,72.1139124170295,,1
3236,72.22615933301859,0.8387920097447932,0
3237,72.23885058303131,0.592124997638166,0
3238,72.25036345800618,0.33666699891909957,0
3239,72.26328791701235,0.4183750133961439,0
3240,72.27500229200814,0.5210409872233868,0
3241,72.28794733301038,0.666000007186085,0
3242,72.30121175001841,0.5156249972060323,0
3243,72.31432454200694,0.494415988214314,0
3244,72.32613108301302,0.7154169725254178,0
3245,72.33841608301736,0.5849999724887311,0
3246,72.34941716701724,0.6742909899912775,0
3247,72.36286520800786,0.48270897241309285,0
3248,72.37400333298137,0.5325000383891165,0
3249,72.38717754202662,0.591415970120579,0
3250,72.39976720802952,0.912124989554286,0
3251,72.41423841699725,0.9238329948857427,0
3252,72.42796200001612,0.4515830078162253,0
3253,72.44100329198409,0.654833042062819,0
3254,72.45428212499246,0.633792020380497,0
3255,72.46714179200353,0.4262080183252692,0
3256,72.47800674999598,0.34083303762599826,0
3257,72.49008158303332,0.5858339718542993,0
3258,72.50255033298163,0.4614590434357524,0
3259,72.51412787497975,0.5270830006338656,0
3260,72.52724854199914,0.3546660300344229,0
3261,72.5401981670293,0.6602499634027481,0
3262,72.55291654198663,1.6920000198297203,0
3263,72.56836633302737,1.5337920049205422,0
3264,72.58269870799268,1.2446669861674309,0
3265,72.59628875000635,,1
3266,72.70925891702063,0.7117079803720117,0
3267,72.72189941699617,1.619082991965115,0
3268,72.7356937500299,0.45845797285437584,0
3269,72.74765495798783,0.5511670024134219,0
3270,72.76081429200713,0.4327080096118152,0
3271,72.77384237502702,0.5742079811170697,0
3272,72.78702525002882,0.6236669723875821,0
3273,72.80039995798143,0.4620840190909803,0
3274,72.81343795801513,0.37349999183788896,0
3275,72.82597491698107,0.7549160509370267,0
3276,72.83944304200122,0.6342910346575081,0
3277,72.85197241703281,0.3584579681046307,0
3278,72.86390116700204,0.5142079899087548,0
3279,72.87699808302568,0.4606249858625233,0
3280,72.89005779201398,,1
3281,73.00398708297871,0.6843750015832484,0
3282,73.01548216701485,1.2094579869881272,0
3283,73.02932516700821,0.622207997366786,0
3284,73.0425629580277,,1
3285,73.15509404201293,0.7805000059306622,0
3286,73.16849412501324,0.6589170079678297,0
3287,73.18182154203532,,1
3288,73.29618079197826,0.5669580423273146,0
3289,73.30889625003329,0.6582919741049409,0
3290,73.31991966703208,0.48224994679912925,0
3291,73.33299879200058,0.7709580240771174,0
3292,73.34635762497783,0.49329205648973584,0
3293,73.35946416703518,0.7138749933801591,0
3294,73.37276674999157,0.5131250363774598,0
3295,73.38587175001157,0.5217079888097942,0
3296,73.39815512503264,0.3472079988569021,0
3297,73.41045191697776,0.3612080472521484,0
3298,73.42173629201716,0.5614999681711197,0
3299,73.43489333300386,0.49091700930148363,0
3300,73.44730570801767,,1
3301,73.56115566700464,1.4264159835875034,0
3302,73.57521179202013,0.5107909673824906,0
3303,73.58835099998396,0.5632080137729645,0
3304,73.60151654202491,0.512540980707854,0
3305,73.61392066703411,0.48562500160187483,0
3306,73.62555570801487,0.8317090105265379,0
3307,73.63877904199762,0.6556250154972076,0
3308,73.65153400000418,,1
3309,73.76453212503111,1.0060420027002692,0
3310,73.7758921670029,0.7099580252543092,0
3311,73.78919529198902,0.6110829999670386,0
3312,73.80241166701308,0.5698329769074917,0
3313,73.81566620798549,0.6173750152811408,0
3314,73.8286270420067,0.5585830076597631,0
3315,73.84175645798678,0.6140840123407543,0
3316,73.85492108302424,0.3535419818945229,0
3317,73.86783904198091,0.26229105424135923,0
3318,73.87959333299659,0.32033398747444153,0
3319,73.89247479202459,0.730415980797261,0
3320,73.90584966703318,,1
3321,74.01975199999288,0.6561250193044543,0
3322,74.03059212502558,0.5390419973991811,0
3323,74.04372658301145,0.4823749768547714,0
3324,74.05578491702909,0.6760829710401595,0
3325,74.06907808303367,0.541791960131377,0
3326,74.082377291983,0.9573750430718064,0
3327,74.09592300001532,0.5388329736888409,0
3328,74.10786450002342,0.6143329665064812,0
3329,74.11883454199415,0.37945801159366965,0
3330,74.13155112502864,0.8464999846182764,0
3331,74.14498762501171,0.4533330211415887,0
3332,74.15807120798854,0.5974590312689543,0
3333,74.17125533299986,0.7121670059859753,0
3334,74.18451204203302,0.6041249725967646,0
3335,74.19644029199844,0.5664160125888884,0
3336,74.20842124999035,0.4633750068023801,0
3337,74.2214722079807,0.4335420089773834,0
3338,74.23449733300367,0.5891670007258654,0
3339,74.24770879198331,0.49829104682430625,0
3340,74.25919862498995,0.7526249974034727,0
3341,74.27261095802533,0.5631669773720205,0
3342,74.2857812080183,0.5161669687367976,0
3343,74.29799162503332,,1
3344,74.41241266700672,0.5819579819217324,0
3345,74.425594832981,0.7110840524546802,0
3346,74.4384287080029,0.6046670023351908,0
3347,74.45164045802085,0.5794169846922159,0
3348,74.46291387500241,0.5815830081701279,0
3349,74.47611699998379,0.8745830273255706,0
3350,74.4885827919934,0.5911249900236726,0
3351,74.50010937498882,1.0262500145472586,0
3352,74.51290012500249,0.4414580180309713,0
3353,74.52592170803109,0.5693749990314245,0
3354,74.53912633302389,,1
3355,74.65131641703192,,1
3356,74.76558862498496,0.41491701267659664,0
3357,74.77837508299854,0.2853749901987612,0
3358,74.7912253329996,0.3310000174678862,0
3359,74.80409858300118,0.28545898385345936,0
3360,74.816919667006,0.32770802499726415,0
3361,74.82978983299108,0.24795898934826255,0
3362,74.8426174169872,,1
3363,74.95571233303053,0.8529589977115393,0
3364,74.9691858330043,0.47849997645244,0
3365,74.98713541700272,3.4260409884154797,0
3366,75.00317912502214,0.4922079970128834,0
3367,75.01626291702269,0.3839999553747475,0
3368,75.02928537502885,0.5586670013144612,0
3369,75.04244450002443,,1
3370,75.15643295802874,0.566749949939549,0
3371,75.16961679200176,,1
3372,75.28294729202753,1.1414159671403468,0
3373,75.29670287499903,,1
3374,75.40982429200085,0.8460410172119737,0
3375,75.42328250000719,0.856374972499907,0
3376,75.43674487498356,0.7043330115266144,0
3377,75.44846966699697,1.5588329988531768,0
3378,75.46261591702932,0.6001659785397351,0
3379,75.47462845803238,0.7315419497899711,0
3380,75.48798412497854,4.39225003356114,0
3381,75.50498349999543,0.5564580205827951,0
3382,75.51645229198039,0.3796250093728304,0
3383,75.52941804198781,0.5039160023443401,0
3384,75.54255895799724,0.516542000696063,0
3385,75.55513125000289,0.5159170250408351,0
3386,75.56825245800428,0.31804200261831284,0
3387,75.58112475002417,0.2690419787541032,0
3388,75.59190029202728,0.487915996927768,0
3389,75.60496687499108,0.4353750264272094,0
3390,75.61799895798322,0.543709029443562,0
3391,75.62961591698695,0.4617910017259419,0
3392,75.64268433302641,0.5153749953024089,0
3393,75.65579612500733,0.5815000040456653,0
3394,75.66742041701218,0.49233296886086464,0
3395,75.67956904199673,0.45379099901765585,0
3396,75.69217833300354,0.7541250088252127,0
3397,75.70553049998125,0.5123750306665897,0
3398,75.71665979200043,0.7807909860275686,0
3399,75.72882262500934,0.5379170179367065,0
3400,75.741976624995,0.5449170130304992,0
3401,75.75328337500105,0.5035420181229711,0
3402,75.76391270803288,,1
3403,75.87784566701157,0.4742079763673246,0
3404,75.89093179203337,0.5938329850323498,0
3405,75.90414624998812,0.5901250406168401,0
3406,75.91694158298196,0.6546250078827143,0
3407,75.92958270799136,,1
3408,76.04145570797846,0.4686250467784703,0
3409,76.054507791996,0.2365410327911377,0
3410,76.06580979202408,0.2727079554460943,0
3411,76.07866225001635,0.4463749937713146,0
3412,76.09173654200276,0.770999991800636,0
3413,76.10508050001226,0.6299999658949673,0
3414,76.1183156670304,0.546208000741899,0
3415,76.1305832079961,0.6668749847449362,0
3416,76.14327933301684,0.4342499887570739,0
3417,76.15631079202285,0.5094159860163927,0
3418,76.16942329198355,,1
3419,76.28332104202127,,1
3420,76.39726258302107,0.7186249713413417,0
3421,76.41057050001109,0.3862499725073576,0
3422,76.42356291698525,0.679041026160121,0
3423,76.43686283298302,0.6461670272983611,0
3424,76.44909295800608,0.6575839943252504,0
3425,76.46213345800061,0.635584001429379,0
3426,76.47362566698575,0.39791601011529565,0
3427,76.48545283300336,0.5374589818529785,0
3428,76.49725770798977,0.4670420312322676,0
3429,76.50935129198479,0.3404160379432142,0
3430,76.52029804198537,0.5088330362923443,0
3431,76.53302579198498,1.2935000122524798,0
3432,76.54623079200974,0.5147079937160015,0
3433,76.55908737500431,0.7868329994380474,0
3434,76.5717558329925,0.8983340230770409,0
3435,76.5854098330019,0.2947920002043247,0
3436,76.5972654580255,0.4122089594602585,0
3437,76.60780316701857,0.45745796523988247,0
3438,76.62084541702643,0.5178329884074628,0
3439,76.63218566699652,0.7203330169431865,0
3440,76.64550441701431,0.5287079839035869,0
3441,76.65864691702882,,1
3442,76.7720178749878,0.7582500111311674,0
3443,76.78539966698736,0.5644999910145998,0
3444,76.79725679202238,,1
3445,76.9103596250061,0.3392919898033142,0
3446,76.92299112502951,0.2419579541310668,0
3447,76.93578545801574,0.3132089623250067,0
3448,76.94723120803246,0.2846669522114098,0
3449,76.96009287500056,0.24462502915412188,0
3450,76.97286970802816,0.2969169872812927,0
3451,76.98568970803171,0.24554197443649173,0
3452,76.9986103749834,0.5324170342646539,0
3453,77.01037745800568,0.3765840083360672,0
3454,77.02333500003442,,1
3455,77.13723954203306,0.6926659843884408,0
3456,77.15062462503556,0.5268329987302423,0
3457,77.1637498330092,0.6167090032249689,0
3458,77.17696324997814,0.4645420121960342,0
3459,77.19002908299444,0.6479590083472431,0
3460,77.20329216698883,0.6240000366233289,0
3461,77.21596366702579,0.7808329537510872,0
3462,77.22978491702816,0.6490409723483026,0
3463,77.2430307919858,,1
3464,77.35507304198109,0.8171250228770077,0
3465,77.36850762501126,0.4421250196173787,0
3466,77.38059283298207,0.6099590100347996,0
3467,77.39379912498407,0.5235000280663371,0
3468,77.40511220798362,0.7220840197987854,0
3469,77.41791737498716,0.4395830328576267,0
3470,77.43061412498355,,1
3471,77.55842524999753,0.2809580182656646,0
3472,77.57141987502109,2.104082959704101,0
3473,77.58610004198272,0.3630410064943135,0
3474,77.59903004200896,0.31166599364951253,0
3475,77.60951949999435,0.3147920360788703,0
3476,77.62240699998802,0.33725000685080886,0
3477,77.63534308300586,0.40262500988319516,0
3478,77.64826233300846,0.29449997236952186,0
3479,77.66112474998226,0.3666250267997384,0
3480,77.67406770802336,0.3671669983305037,0
3481,77.68703762500081,0.5062500131316483,0
3482,77.70015066699125,,1
3483,77.81402074999642,0.7095829932950437,0
3484,77.82603954197839,0.4106660489924252,0
3485,77.8390243750182,0.3215419710613787,0
3486,77.85066524997819,,1
3487,77.96292454202194,0.5477909580804408,0
3488,77.97610650002025,0.8362499647773802,0
3489,77.9888258749852,0.59833301929757,0
3490,78.00116275000619,0.494792009703815,0
3491,78.01395295799011,0.5412920145317912,0
3492,78.02509624999948,0.7628329913131893,0
3493,78.03851429198403,0.6569999968633056,0
3494,78.0518057080335,0.5936669767834246,0
3495,78.0649994580308,0.8497919770888984,0
3496,78.07648862502538,0.6176669849082828,0
3497,78.08970566699281,0.6448749918490648,0
3498,78.10296099999687,0.5679579917341471,0
3499,78.11613174999366,0.8297080057673156,0
3500,78.13013462501112,0.5568329943343997,0
3501,78.1433070829953,,1
3502,78.25718575000064,,1
3503,78.37117604201194,0.7986659766174853,0
3504,78.38347887498094,0.5543750012293458,0
3505,78.39662687497912,0.6842920556664467,0
3506,78.41015958302887,,1
3507,78.52380779199302,0.6189999985508621,0
3508,78.5364704169915,0.6179580232128501,0
3509,78.54979258298408,0.927375047467649,0
3510,78.56294400000479,0.6369170150719583,0
3511,78.57576370798051,0.8650420350022614,0
3512,78.58930641697953,0.8175410330295563,0
3513,78.60109291702975,5.259624973405153,0
3514,78.61896570801036,0.43458398431539536,0
3515,78.63078037498053,0.9288330329582095,0
3516,78.64434050000273,0.45845803106203675,0
3517,78.6569528330001,0.48845901619642973,0
3518,78.66812520800158,0.40883402107283473,0
3519,78.67959804198472,0.3498330479487777,0
3520,78.6925352080143,0.7976670167408884,0
3521,78.70348695799476,0.533167039975524,0
3522,78.71666341699893,0.3298749797977507,0
3523,78.72958779201144,,1
3524,78.84254437498748,0.7814580458216369,0
3525,78.85429854202084,0.5406250129453838,0
3526,78.86745804199018,0.5459579988382757,0
3527,78.88017804198898,0.5261659971438348,0
3528,78.89250087499386,0.6067079957574606,0
3529,78.90570833301172,0.7004169747233391,0
3530,78.91826345800655,0.4920419887639582,0
3531,78.93058408302022,0.5614589899778366,0
3532,78.94374829198932,0.6539580062963068,0
3533,78.95701866701711,0.6416660035029054,0
3534,78.96863175003091,0.6146669620648026,0
3535,78.98059799999464,0.6240830407477915,0
3536,78.99382512498414,0.5021250108256936,0
3537,79.00510604202282,0.5783329834230244,0
3538,79.01689737499692,0.7184169953688979,0
3539,79.03019349998794,0.5597080453298986,0
3540,79.04260824999074,1.153249992057681,0
3541,79.05466420802986,,1
3542,79.16770308301784,1.143125002272427,0
3543,79.18142766703386,1.0582079994492233,0
3544,79.19508033298189,0.6143340142443776,0
3545,79.2084837500006,0.9293329785577953,0
3546,79.22098441701382,0.6307910080067813,0
3547,79.23288154200418,0.3660829970613122,0
3548,79.24583470798098,0.5194590194150805,0
3549,79.25896133302012,0.7514999597333372,0
3550,79.27232529199682,0.4452909925021231,0
3551,79.28340058302274,0.4057500045746565,0
3552,79.29556925001089,0.5103329895064235,0
3553,79.30713795800693,1.3295839889906347,0
3554,79.32116145803593,0.3974589635618031,0
3555,79.33414345799247,0.3480000304989517,0
3556,79.34708658303134,,1
3557,79.4616823749966,,1
3558,79.57541575003415,0.27112499810755253,0
3559,79.5868973750039,0.47675002133473754,0
3560,79.6000490830047,,1
3561,79.71391358302208,0.5322090000845492,0
3562,79.72695070802001,0.45954197412356734,0
3563,79.739999582991,,1
3564,79.85249045799719,0.6114169955253601,0
3565,79.86394041700987,2.075499971397221,0
3566,79.87866024998948,0.40612503653392196,0
3567,79.8914518749807,0.4881670465692878,0
3568,79.90363462502137,0.5107919569127262,0
3569,79.9154615830048,0.777459004893899,0
3570,79.92884812498232,,1
3571,80.04275670798961,0.6636670441366732,0
3572,80.05607170797884,0.7035840535536408,0
3573,80.06758154201088,0.48099999548867345,0
3574,80.0806283330312,0.5795419565401971,0
3575,80.0914261250291,0.858499959576875,0
3576,80.10508262499934,0.8322499925270677,0
3577,80.11683558300138,0.39245898369699717,0
3578,80.12982241698774,0.5183329922147095,0
3579,80.14292237500194,0.6639169878326356,0
3580,80.15529970801435,0.8966670138761401,0
3581,80.16878758301027,0.37349999183788896,0
3582,80.17956270801369,0.5232499679550529,0
3583,80.19112912501441,0.46383298467844725,0
3584,80.20421183301369,0.5621250020340085,0
3585,80.21736604202306,0.3541659680195153,0
3586,80.23032416700153,0.6602079956792295,0
3587,80.24214670801302,0.7766669732518494,0
3588,80.25447816698579,0.6937500438652933,0
3589,80.26778024999658,0.5187920178286731,0
3590,80.27898416703101,0.5251249531283975,0
3591,80.29213000001619,0.7974579930305481,0
3592,80.30572362500243,0.6000830326229334,0
3593,80.31728975003352,0.4789169761352241,0
3594,80.33038708299864,0.4896250320598483,0
3595,80.3435705419979,,1
3596,80.45612908300245,,1
3597,80.5688127920148,0.6554159917868674,0
3598,80.5805954579846,0.6925420020706952,0
3599,80.59252333303448,0.8842919487506151,0
3600,80.60537620802643,0.7030419656075537,0
3601,80.61868574999971,0.5753330187872052,0
3602,80.63185445801355,0.616749981418252,0
3603,80.64423683303175,0.5259589524939656,0
3604,80.65736933302833,0.664916995447129,0
3605,80.67063208302716,0.5394999752752483,0
3606,80.68148550001206,0.8065419970080256,0
3607,80.6948716249899,0.35200000274926424,0
3608,80.70781125000212,0.6751670152880251,0
3609,80.72110683302162,0.846249982714653,0
3610,80.7332837919821,0.3951250109821558,0
3611,80.74627279199194,0.5765000241808593,0
3612,80.7594802500098,0.7295829709619284,0
3613,80.77174645802006,0.6845839670859277,0
3614,80.7850503330119,0.5660419701598585,0
3615,80.79828912502853,0.8969579939730465,0
3616,80.81177416699938,,1
3617,80.92562200000975,0.8339579799212515,0
3618,80.9384156250162,0.7059999625198543,0
3619,80.94940841698553,1.4651250094175339,0
3620,80.9628961670096,0.5455000209622085,0
3621,80.97570374998031,0.7269170018844306,0
3622,80.98841216700384,,1
3623,81.10106495802756,0.6153339636512101,0
3624,81.11390875000507,0.6345830042846501,0
3625,81.12715283298166,,1
3626,81.24091412499547,0.3370000049471855,0
3627,81.25379404198611,,1
3628,81.36606316699181,,1
3629,81.48010316700675,0.7688329787924886,0
3630,81.49319729203125,0.8059159736149013,0
3631,81.50562304200139,0.8560830028727651,0
3632,81.5187143330113,0.4967499990016222,0
3633,81.53184729203349,0.9625829989090562,0
3634,81.54335045802873,0.7827499648556113,0
3635,81.55673916701926,0.6413329974748194,0
3636,81.56999366701348,0.7087910198606551,0
3637,81.58331058302429,0.5172920064069331,0
3638,81.59640416700859,0.6000410066917539,0
3639,81.60970304202056,0.6744579877704382,0
3640,81.6217401670292,0.7557909702882171,0
3641,81.63514041702729,,1
3642,81.74928079202073,1.059749978594482,0
3643,81.76290479203453,0.5448749870993197,0
3644,81.77604920801241,0.7120000082068145,0
3645,81.78936279198388,0.5354160093702376,0
3646,81.80251729203155,0.5355000030249357,0
3647,81.81581695802743,0.5404590046964586,0
3648,81.82652666699141,0.6976660224609077,0
3649,81.8398417920107,0.5997910047881305,0
3650,81.85236037499271,0.5538330296985805,0
3651,81.86306166701252,0.41804101783782244,0
3652,81.8760725419852,0.4492910229600966,0
3653,81.88912854198134,0.6337910308502614,0
3654,81.90235166699858,0.33141602762043476,0
3655,81.91391574998852,0.38783304626122117,0
3656,81.92689179198351,0.46020804438740015,0
3657,81.93863033299567,,1
3658,82.0504049169831,0.5492910277098417,0
3659,82.06355366698699,,1
3660,82.17702083301265,,1
3661,82.2908690830227,0.5133749800734222,0
3662,82.3039818329853,0.28904201462864876,0
3663,82.31682787497994,0.2750830026343465,0
3664,82.32966770802159,0.288833980448544,0
3665,82.34045612503542,0.4522079834714532,0
3666,82.3535003750003,0.5641669849865139,0
3667,82.36510724999243,0.4926249966956675,0
3668,82.37805691699032,0.38791599217802286,0
3669,82.39040166698396,,1
3670,82.50320816697786,0.6034160032868385,0
3671,82.51645375002408,0.8426670101471245,0
3672,82.52956375002395,0.5162919987924397,0
3673,82.54269912501331,0.7340830052271485,0
3674,82.55603949999204,0.693832989782095,0
3675,82.56934204202844,0.5909159663133323,0
3676,82.58068012498552,2.7420000405982137,0
3677,82.59497629199177,,1
3678,82.7088170000352,0.8656669524498284,0
3679,82.7210455419845,0.7570000016130507,0
3680,82.73463041702053,0.9464159957133234,0
3681,82.74725441698683,0.6244580144993961,0
3682,82.75839620799525,,1
3683,82.87107599998126,0.6920830346643925,0
3684,82.88299295800971,0.9617920150049031,0
3685,82.89664099999936,0.5827079876326025,0
3686,82.90830479201395,0.7425830117426813,0
3687,82.92174700001488,0.6204579840414226,0
3688,82.9349744580104,0.624749984126538,0
3689,82.94826849998208,,1
3690,83.06249308300903,0.7214589859358966,0
3691,83.07587120798416,0.7598340162076056,0
3692,83.08770687499782,0.6383750005625188,0
3693,83.10096241702558,0.4475410096347332,0
3694,83.11391262500547,0.6512079853564501,0
3695,83.1271625420195,0.5032909684814513,0
3696,83.1402878750232,0.6939579616300762,0
3697,83.15184250002494,0.6384999724105,0
3698,83.16392037499463,0.6123750354163349,0
3699,83.17713600001298,0.5227500223554671,0
3700,83.18841091700597,0.6528749945573509,0
3701,83.20104329200694,0.5093329818919301,0
3702,83.21414150000783,0.5673749838024378,0
3703,83.22509154200088,0.5300409975461662,0
3704,83.23790658300277,0.7934590103104711,0
3705,83.25121108302847,0.5825419793836772,0
3706,83.26441291702213,0.7364159682765603,0
3707,83.27776966698002,0.5165000329725444,0
3708,83.29088724998292,0.6552500417456031,0
3709,83.3021890000091,0.582417007535696,0
3710,83.31290087499656,0.48325001262128353,0
3711,83.32580454199342,0.7785410271026194,0
3712,83.33767816697946,0.6554580177180469,0
3713,83.34910058300011,0.9457090054638684,0
3714,83.36299916700227,0.3579159965738654,0
3715,83.37343195802532,0.2555839600972831,0
3716,83.38622220803518,,1
3717,83.50006500002928,,1
3718,83.61547850002535,,1
3719,83.7294177080039,0.707667029928416,0
3720,83.74148587498348,0.6267499993555248,0
3721,83.75472187501146,0.6961670005694032,0
3722,83.7667295000283,0.5203749751672149,0
3723,83.77981408301275,,1
3724,83.89319983299356,,1
3725,84.00619749998441,,1
3726,84.11981300002662,0.551957986317575,0
3727,84.1329755000188,0.29916700441390276,0
3728,84.14586504199542,0.47391600674018264,0
3729,84.15892866702052,0.6458329735323787,0
3730,84.17162754200399,0.28445798670873046,0
3731,84.18448541703401,0.3321249969303608,0
3732,84.19741312501719,0.3065000055357814,0
3733,84.21028920798562,0.43650000588968396,0
3734,84.22330700000748,0.5522500141523778,0
3735,84.23645675001899,0.5829170113429427,0
3736,84.2472514170222,0.490790989715606,0
3737,84.26032662502257,0.45537500409409404,0
3738,84.27337770798476,,1
3739,84.38730416703038,0.6570409750565886,0
3740,84.39830300002359,0.8272079867310822,0
3741,84.40935545798857,0.6105840438976884,0
3742,84.42255449999357,0.6574580329470336,0
3743,84.43580716702854,0.5815409822389483,0
3744,84.44900462502846,1.3508329866454005,0
3745,84.46293745801086,0.6457919953390956,0
3746,84.47565575002227,0.7786669884808362,0
3747,84.48904462502105,,1
3748,84.6023857499822,0.5285420338623226,0
3749,84.61553541698959,0.7448330288752913,0
3750,84.62888299999759,0.5750419804826379,0
3751,84.64187525003217,0.6184579688124359,0
3752,84.6550956669962,0.7095829932950437,0
3753,84.66841383301653,0.5916249938309193,0
3754,84.67996774998028,0.49225002294406295,0
3755,84.69298566703219,0.7352909888140857,0
3756,84.70632604201091,0.6143330247141421,0
3757,84.71733225003118,0.7201669504866004,0
3758,84.72962137497962,0.6055420381017029,0
3759,84.74042416701559,1.5950410161167383,0
3760,84.75500308303162,0.37279195385053754,0
3761,84.76794879202498,0.33725000685080886,0
3762,84.78082120802719,0.2624589833430946,0
3763,84.79345950001152,0.29312499100342393,0
3764,84.80631299997913,,1
3765,84.91915899998276,0.6448750500567257,0
3766,84.93058625003323,0.5170829826965928,0
3767,84.94370250002248,0.3751249751076102,0
3768,84.95667099999264,0.5951669882051647,0
3769,84.96987949998584,0.5908330203965306,0
3770,84.98310254199896,1.099625020287931,0
3771,84.99441400001524,0.3869999782182276,0
3772,85.00509970798157,0.49758399836719036,0
3773,85.01671170798363,0.5551670328713953,0
3774,85.02958129200852,0.5195409758016467,0
3775,85.04268554202281,,1
3776,85.15508295799373,0.662375008687377,0
3777,85.16740462498274,0.8132079965434968,0
3778,85.17959433299256,0.57516701053828,0
3779,85.19277112500276,0.7175829960033298,0
3780,85.20607420802116,0.5820840015076101,0
3781,85.21923933300423,0.5695840227417648,0
3782,85.23059137503151,0.5344169912859797,0
3783,85.2426481670118,,1
3784,85.35650620801607,0.7217499660328031,0
3785,85.36985133303097,0.6241249502636492,0
3786,85.38308991701342,1.1751250131055713,0
3787,85.3968423330225,0.5728339892812073,0
3788,85.408385000017,0.5615419941022992,0
3789,85.4212464580196,0.6937920115888119,0
3790,85.43355437502032,0.5625829799100757,0
3791,85.44671787502011,0.555582984816283,0
3792,85.46011275000637,0.5284170038066804,0
3793,85.47113108303165,0.5745419766753912,0
3794,85.4832167919958,0.9726660209707916,0
3795,85.4962951670168,0.6660409853793681,0
3796,85.50871050002752,0.46374998055398464,0
3797,85.51954366703285,0.2663329942151904,0
3798,85.53235395799857,0.2720000338740647,0
3799,85.54515295801684,0.2334589953534305,0
3800,85.55790187499952,0.26833300944417715,0
3801,85.57069175003562,0.2577919512987137,0
3802,85.5834717079997,0.26699999580159783,0
3803,85.59627837501466,0.42925000889226794,0
3804,85.60861612501321,0.5866669816896319,0
3805,85.6218410829897,,1
3806,85.73403087502811,,1
3807,85.84726583299926,0.7638339884579182,0
3808,85.86064700002316,0.5234169657342136,0
3809,85.87190483300947,0.7721669971942902,0
3810,85.88468429201748,0.6637499900534749,0
3811,85.89725054200971,0.5343329976312816,0
3812,85.91037300002063,0.390583008993417,0
3813,85.92316325003048,0.5680829635821283,0
3814,85.93633691698778,0.5927500315010548,0
3815,85.94833441701485,,1
3816,86.06307116698008,2.4711250443942845,0
3817,86.07772454200312,,1
3818,86.1915726250154,0.6881669978611171,0
3819,86.2045869579888,0.7059170166030526,0
3820,86.21790479199262,0.4812910337932408,0
3821,86.23059587500757,0.5721669876947999,0
3822,86.24233983299928,1.0625420254655182,0
3823,86.2536634579883,,1
3824,86.36724408302689,0.675041985232383,0
3825,86.37837462499738,1.20524998055771,0
3826,86.39223887497792,0.809708028100431,0
3827,86.4056528750225,0.4594579804688692,0
3828,86.41803200001596,0.3279999946244061,0
3829,86.43094629200641,0.5658330046571791,0
3830,86.44280754198553,0.685541017446667,0
3831,86.45610820798902,0.5240000318735838,0
3832,86.46925841702614,0.5579160060733557,0
3833,86.48058183299145,0.624750042334199,0
3834,86.49370179203106,0.5396249471232295,0
3835,86.50511362502584,,1
3836,86.61768974998267,,1
3837,86.73198383301497,0.9763339767232537,0
3838,86.74531133298296,0.37020904710516334,0
3839,86.75827795802616,0.5564999883063138,0
3840,86.77124116697814,0.5994580569677055,0
3841,86.78346966701793,0.5224999622441828,0
3842,86.795791291981,0.6759579991921782,0
3843,86.80858020798769,0.49041700549423695,0
3844,86.82168558298144,0.6189999985508621,0
3845,86.83492187497905,0.49050000961869955,0
3846,86.84803741698852,0.5315000307746232,0
3847,86.86147499998333,0.8045000140555203,0
3848,86.87488058302552,,1
3849,86.98872104199836,,1
3850,87.10237704199972,0.6704999832436442,0
3851,87.11395458300831,0.664916995447129,0
3852,87.12600512499921,0.6763330311514437,0
3853,87.1384087500046,0.6861250149086118,0
3854,87.15170933300396,0.6641250220127404,0
3855,87.16499562503304,0.8835829794406891,0
3856,87.17674900003476,0.498749956022948,0
3857,87.1898700420279,0.6473329849541187,0
3858,87.2010603750241,0.6331249605864286,0
3859,87.21391933300765,0.5789999850094318,0
3860,87.22709350002697,0.48029195750132203,0
3861,87.24016908300109,0.6469170330092311,0
3862,87.25235691701528,0.38616597885265946,0
3863,87.2632443329785,0.6059170118533075,0
3864,87.27610704198014,0.5802080268040299,0
3865,87.28900504199555,0.4117080243304372,0
3866,87.30200816702563,0.30104100005701184,0
3867,87.31486587499967,0.1902080257423222,0
3868,87.32764016703004,0.28391595697030425,0
3869,87.34051187499426,0.5455000209622085,0
3870,87.35171487502521,0.4470829735510051,0
3871,87.36476191697875,0.6460410077124834,0
3872,87.37613858300028,0.41079201037064195,0
3873,87.38916083303047,0.5740000051446259,0
3874,87.40157704200828,0.5399580113589764,0
3875,87.41392833302962,0.4712090012617409,0
3876,87.42699445801554,0.45962497824802995,0
3877,87.44006633298704,0.4847090458497405,0
3878,87.45170116698137,0.45958301052451134,0
3879,87.46292108303169,0.416958995629102,0
3880,87.47555149998516,0.8182080346159637,0
3881,87.4875895419973,0.5908330203965306,0
3882,87.50017266703071,0.37162494845688343,0
3883,87.51313333300641,0.4373749834485352,0
3884,87.52593266702024,,1
3885,87.63748316699639,0.672499998472631,0
3886,87.65077616699273,0.32720802119001746,0
3887,87.66229645803105,0.25937496684491634,0
3888,87.67508683301276,,1
3889,87.78651983302552,0.592875003349036,0
3890,87.79728954198072,0.6426250329241157,0
3891,87.81039079203038,0.4452909925021231,0
3892,87.8223159579793,0.6222500232979655,0
3893,87.83459312497871,0.49412500811740756,0
3894,87.84723820799263,0.5984170129522681,0
3895,87.86045733297942,0.5494170472957194,0
3896,87.8736101249815,0.6557080196216702,0
3897,87.88705016701715,0.9314159979112446,0
3898,87.90000995801529,1.2222090153954923,0
3899,87.91384254198056,0.8992080111056566,0
3900,87.92733504198259,0.4277910338714719,0
3901,87.93839995801682,0.5887500010430813,0
3902,87.95149137498811,0.9451250080019236,0
3903,87.96342379198177,0.4490830469876528,0
3904,87.9763552499935,,1
3905,88.0905457920162,0.6010410143062472,0
3906,88.10173095803475,0.5652089603245258,0
3907,88.11488979199203,0.8922910201363266,0
3908,88.12598179199267,0.6946250214241445,0
3909,88.14520662499126,0.49404200399294496,0
3910,88.1583001249819,0.30279200291261077,0
3911,88.17117662500823,0.5634999834001064,0
3912,88.18434937502025,0.45779196079820395,0
3913,88.1972450420144,0.4478750051930547,0
3914,88.2102874169941,0.3862500307150185,0
3915,88.22379254200496,1.3496659812517464,0
3916,88.2457418750273,0.4397080047056079,0
3917,88.25877933303127,0.439041992649436,0
3918,88.27031562500633,0.2916249795816839,0
3919,88.28317879198585,0.30975003028288484,0
3920,88.29606933298055,0.4982920363545418,0
3921,88.30716550000943,0.45179197331890464,0
3922,88.32021466700826,,1
3923,88.43381566699827,0.2791250008158386,0
3924,88.44666637503542,0.36995799746364355,0
3925,88.45960391702829,0.3405409515835345,0
3926,88.47004250000464,0.23875001352280378,0
3927,88.48289149999619,0.46891701640561223,0
3928,88.49593158299103,,1
3929,88.60880741698202,,1
3930,88.72260570799699,0.48970902571454644,0
3931,88.73569491703529,0.5947499885223806,0
3932,88.7472522080061,0.45233400305733085,0
3933,88.76031795801828,0.43112499406561255,0
3934,88.77334120799787,0.5934170330874622,0
3935,88.78653212502832,0.4850829718634486,0
3936,88.79832066700328,,1
3937,88.91292600001907,0.6985419895499945,0
3938,88.92625004198635,,1
3939,89.03767487499863,0.6800420233048499,0
3940,89.05096274998505,0.44650002382695675,0
3941,89.06347158300923,0.482834002468735,0
3942,89.0765612500254,0.4909579874947667,0
3943,89.08737283298979,0.6191669963300228,0
3944,89.10059566702694,0.39187498623505235,0
3945,89.11356912500923,0.5656249704770744,0
3946,89.12672400003066,0.46787498285993934,0
3947,89.13809816702269,0.516125001013279,0
3948,89.15119687502738,0.7441669586114585,0
3949,89.16454579198034,0.8238330483436584,0
3950,89.17796145798638,,1
3951,89.29180395801086,0.7498749764636159,0
3952,89.30525754200062,0.6969579844735563,0
3953,89.3162889170344,1.1082079727202654,0
3954,89.32998058298836,,1
3955,89.44366937503219,0.48691697884351015,0
3956,89.45499929197831,0.6685000262223184,0
3957,89.46698554197792,,1
3958,89.57959529198706,0.6678749923594296,0
3959,89.59217066701967,1.5776659711264074,0
3960,89.60399804200279,0.6602909998036921,0
3961,89.61729004199151,0.5264159990474582,0
3962,89.63047395797912,0.5522500141523778,0
3963,89.64363154198509,0.34670799504965544,0
3964,89.65560250001727,0.4445830127224326,0
3965,89.67357558303047,0.48320897622033954,0
3966,89.6853911249782,0.4723330494016409,0
3967,89.70385895803338,3.348416998051107,0
3968,89.71978099999251,0.26712502585723996,0
3969,89.73112591699464,1.8440000130794942,0
3970,89.74455649999436,0.26483304100111127,0
3971,89.75642295798752,0.3801670391112566,0
3972,89.76802866702201,0.9130829712375998,0
3973,89.78056666703196,0.464749988168478,0
3974,89.79143558302894,0.294625002425164,0
3975,89.80328333302168,0.26166700990870595,0
3976,89.8160964170238,0.3020829753950238,0
3977,89.82670070801396,,1
3978,89.93865775002632,0.3831670037470758,0
3979,89.95161162503064,0.28095796005800366,0
3980,89.96272100001806,1.7222079914063215,0
3981,89.9762323750183,0.2833330072462559,0
3982,89.98808087501675,0.30929199419915676,0
3983,90.00137412501499,0.29399996856227517,0
3984,90.01390787499258,0.40025002090260386,0
3985,90.02689079201082,0.34187501296401024,0
3986,90.03752695798175,,1
3987,90.1499608749873,0.60299999313429,0
3988,90.16313858301146,,1
3989,90.27477329201065,0.5716250161640346,0
3990,90.28791754198028,0.7287909975275397,0
3991,90.30131041700952,0.4544580006040633,0
3992,90.3143771670293,0.5042499979026616,0
3993,90.32609783299267,0.7482920191250741,0
3994,90.33840004203375,0.6045409827493131,0
3995,90.35169058298925,0.769167032558471,0
3996,90.36348699999508,0.5924170254729688,0
3997,90.3766994579928,0.44458400225266814,0
3998,90.38844320800854,0.6411669892258942,0
3999,90.40061891701771,0.5043330020271242,0
4000,90.41371679201256,0.5867910222150385,0
4001,90.42691074998584,0.49979204777628183,0
4002,90.43772995797917,0.6883750320412219,0
4003,90.45094008301385,0.5887500010430813,0
4004,90.46410516701872,0.6796249654144049,0
4005,90.4761191669968,,1
4006,90.59009895799682,0.5631670355796814,0
4007,90.60327141702874,0.4961660015396774,0
4008,90.61635962501168,0.3793329815380275,0
4009,90.6293420830043,0.4954169853590429,0
4010,90.64224387501599,0.4809579695574939,0
4011,90.65530808299081,0.5597090348601341,0
4012,90.6684527079924,0.3224170068278909,0
4013,90.68150225002319,0.9007079643197358,0
4014,90.69365854200441,0.4165000282227993,0
4015,90.7042937920196,,1
4016,90.81693362502847,0.7170419557951391,0
4017,90.83021270798054,0.5180420121178031,0
4018,90.84332762501435,0.5356670008040965,0
4019,90.85415208298946,0.5291670095175505,0
4020,90.86730533302762,1.0910419514402747,0
4021,90.87957849999657,0.5315000307746232,0
4022,90.89270383300027,0.5611670203506947,0
4023,90.9058739580214,,1
4024,91.01859854202485,0.6577079766429961,0
4025,91.03057095798431,0.5865000421181321,0
4026,91.0437527920003,0.6154580041766167,0
4027,91.05613245803397,0.7376249996013939,0
4028,91.06805333303055,0.5471669719554484,0
4029,91.08058691699989,0.6387080065906048,0
4030,91.09382558299694,,1
4031,91.20765895798104,0.619709026068449,0
4032,91.219043124991,0.5545419990085065,0
4033,91.23211675003404,0.6069999653846025,0
4034,91.24536549998447,0.6094170385040343,0
4035,91.25860900001135,0.6078750011511147,0
4036,91.27183037501527,0.7752919918857515,0
4037,91.28519608301576,0.42204197961837053,0
4038,91.2958002500236,,1
4039,91.40888129197992,0.8100000559352338,0
4040,91.42177258298034,,1
4041,91.539096374996,0.9075829875655472,0
4042,91.55184591701254,0.770999991800636,0
4043,91.56527429202106,1.805415959097445,0
4044,91.57965324999532,0.40324998553842306,0
4045,91.59267479198752,0.5971250357106328,0
4046,91.60587179200957,0.6275830091908574,0
4047,91.61912841699086,0.6207909900695086,0
4048,91.63229529198725,0.5744160152971745,0
4049,91.644010582997,0.5424169939942658,0
4050,91.6560016250005,0.15054200775921345,0
4051,91.66869650001172,0.25174999609589577,0
4052,91.67949000000954,0.2574169775471091,0
4053,91.6923119170242,0.343457970302552,0
4054,91.70299458299996,0.1774590346030891,0
4055,91.71572183299577,0.2691249828785658,0
4056,91.72855358303059,0.22299995180219412,0
4057,91.74132316699252,0.19808299839496613,0
4058,91.75406404200476,0.25541603099554777,0
4059,91.7668752919999,0.3973750281147659,0
4060,91.77883850003127,0.3607499529607594,0
4061,91.79177295800764,0.36574999103322625,0
4062,91.80435308301821,0.24874997325241566,0
4063,91.81715562503086,0.30924996826797724,0
4064,91.83002691698493,,1
4065,91.941243749985,0.27908303309231997,0
4066,91.95410124998307,0.26008300483226776,0
4067,91.96483087498927,0.4386249929666519,0
4068,91.9778302499908,0.2423750120215118,0
4069,91.99060662498232,0.20662503084167838,0
4070,92.00336733303266,0.3066249773837626,0
4071,92.01484245801112,0.393084017559886,0
4072,92.02786041703075,0.33650000113993883,0
4073,92.04076958302176,0.31395896803587675,0
4074,92.05336850002641,0.44229195918887854,0
4075,92.06638158299029,0.2601669984869659,0
4076,92.07851845800178,0.35091699101030827,0
4077,92.09145362500567,0.8345419773831964,0
4078,92.10320062498795,,1
4079,92.21464625000954,0.562082976102829,0
4080,92.22545729199192,0.5314580048434436,0
4081,92.23708475002786,0.3447500057518482,0
4082,92.24962816701736,,1
4083,92.36121283302782,0.28962496435269713,0
4084,92.37405520799803,,1
4085,92.4907064170111,0.30324998078867793,0
4086,92.50359237502562,0.4648329922929406,0
4087,92.51663954200922,0.2163749886676669,0
4088,92.52806691703154,0.2632499672472477,0
4089,92.53983970801346,0.3112090053036809,0
4090,92.55198375001783,0.5340420175343752,0
4091,92.563421208004,0.4981249803677201,0
4092,92.57696762500564,0.2815420157276094,0
4093,92.58982833300252,0.4451249842531979,0
4094,92.60264337499393,0.5133330123499036,0
4095,92.61559270799626,0.45774999307468534,0
4096,92.6286537499982,0.4612079937942326,0
4097,92.64061008300632,0.4163340199738741,0
4098,92.65302041702671,0.49966596998274326,0
4099,92.66433812503237,2.59087496669963,0
4100,92.67918120801914,1.0824589990079403,0
4101,92.69307133299299,0.7867920212447643,0
4102,92.7064530000207,0.57441700482741,0
4103,92.71828641701723,0.5125830066390336,0
4104,92.72894966701278,0.48295798478648067,0
4105,92.74204350000946,0.4926249966956675,0
4106,92.75512454198906,0.34845800837501884,0
4107,92.76804741699016,0.3486250061541796,0
4108,92.78098870802205,0.536041974555701,0
4109,92.79411454201909,0.43658301001414657,0
4110,92.80713295802707,0.5202500033192337,0
4111,92.82028429198544,0.6898750434629619,0
4112,92.83384854200995,0.4830000107176602,0
4113,92.84691283298889,0.41212502401322126,0
4114,92.85959512501722,0.5326250102370977,0
4115,92.87196304200916,0.6257909699343145,0
4116,92.88500966702122,0.48933300422504544,0
4117,92.8972467079875,0.593625009059906,0
4118,92.90823100000853,0.6543750059790909,0
4119,92.92124341701856,,1
4120,93.03448375000153,0.6758749950677156,0
4121,93.04754137498094,0.7410830003209412,0
4122,93.06092283298494,0.4873750149272382,0
4123,93.07199983298779,0.625500048045069,0
4124,93.08524470799603,,1
4125,93.19916499999817,0.9771250188350677,0
4126,93.2109725420014,0.5263750208541751,0
4127,93.22188470797846,0.5480000399984419,0
4128,93.23502625001129,,1
4129,93.34727037500124,0.8342079818248749,0
4130,93.36079670803156,0.532749982085079,0
4131,93.37393708300078,0.6782090058550239,0
4132,93.38725187501404,0.6948749651201069,0
4133,93.40122820797842,0.5727500538341701,0
4134,93.41296954202699,0.5427500000223517,0
4135,93.42613137501758,0.821291992906481,0
4136,93.43841254198924,,1
4137,93.55033854203066,1.1070409673266113,0
4138,93.56404124997789,0.674333015922457,0
4139,93.57628999999724,0.8518749964423478,0
4140,93.58978345798096,0.6434170063585043,0
4141,93.60304491699208,0.5877499934285879,0
4142,93.6159439579933,0.8181250304915011,0
4143,93.62942212499911,0.5915419897064567,0
4144,93.6421672499855,0.7730830111540854,0
4145,93.65508441702696,0.6668749847449362,0
4146,93.66699008300202,1.3781249872408807,0
4147,93.68057437503012,0.6148329703137279,0
4148,93.69380008301232,0.5034590139985085,0
4149,93.70691616699332,0.6477080169133842,0
4150,93.71886583301239,0.577291997615248,0
4151,93.73117724998156,1.1203750036656857,0
4152,93.74509366700659,0.4719159915111959,0
4153,93.75744741701055,0.64970797393471,0
4154,93.77070308302063,0.5644169868901372,0
4155,93.78386712499196,0.5492920172400773,0
4156,93.7970247080084,0.6039590225555003,0
4157,93.80855179199716,3.288166015408933,0
4158,93.82445474999258,0.6456249975599349,0
4159,93.83758308301913,0.5978340050205588,0
4160,93.85088641702896,,1
4161,93.96477754198713,,1
4162,94.07948033302091,0.43641700176522136,0
4163,94.090171458025,0.2945419983007014,0
4164,94.10221237502992,0.24795799981802702,0
4165,94.11499666702002,,1
4166,94.22875829198165,0.6290830206125975,0
4167,94.24201370798983,1.0079590138047934,0
4168,94.25442120799562,0.555959006305784,0
4169,94.2677856250084,0.6732919719070196,0
4170,94.28058775002137,0.7077499758452177,0
4171,94.29221045802115,,1
4172,94.40629729197826,0.7055000169202685,0
4173,94.41960604197811,0.36041601561009884,0
4174,94.43130537500838,0.21849997574463487,0
4175,94.44407920801314,0.1806669752113521,0
4176,94.45455800002674,0.11208298383280635,0
4177,94.46689620800316,,1
4178,94.58073945803335,,1
4179,94.69456691702362,0.5308749969117343,0
4180,94.70766695798375,0.28437504079192877,0
4181,94.71978370798752,0.461542047560215,0
4182,94.7328054580139,0.3725839778780937,0
4183,94.74573758302722,0.20991696510463953,0
4184,94.75876620801864,0.22766698384657502,0
4185,94.77157512499252,0.2352920128032565,0
4186,94.78435400000308,0.20670797675848007,0
4187,94.7971033329959,0.1822920166887343,0
4188,94.8098228329909,0.2126250183209777,0
4189,94.82257462502457,0.25866698706522584,0
4190,94.83538645802764,0.2096669632010162,0
4191,94.84815291699488,0.34270802279934287,0
4192,94.86105016700458,0.4802910261787474,0
4193,94.87185870797839,0.39170903619378805,0
4194,94.88481175003108,0.38770795799791813,0
4195,94.89726975001395,0.37295802030712366,0
4196,94.91022287501255,0.3849170170724392,0
4197,94.9231553330319,0.324999971780926,0
4198,94.9360385829932,0.37270900793373585,0
4199,94.94720787502592,0.4129169974476099,0
4200,94.96024379198207,0.4248750046826899,0
4201,94.97322812501807,0.4046669928357005,0
4202,94.98370637500193,0.3492499818094075,0
4203,94.99662779201753,0.4125830018892884,0
4204,95.0096115830238,0.35754195414483547,0
4205,95.02121962502133,0.3494579577818513,0
4206,95.03287616698071,0.3649580175988376,0
4207,95.04580316698411,0.4377500154078007,0
4208,95.0580022080103,,1
4209,95.17180137499236,0.49120798939839005,0
4210,95.18486529198708,0.3891250235028565,0
4211,95.19781033298932,0.3352499916218221,0
4212,95.21069795801304,0.29904197435826063,0
4213,95.22378912498243,1.0264170123264194,0
4214,95.23601679201238,0.46387501060962677,0
4215,95.24722474999726,0.44766702922061086,0
4216,95.26025504199788,0.3507910296320915,0
4217,95.27315654198173,0.32316602300852537,0
4218,95.2860273750266,0.30399998649954796,0
4219,95.29875229200115,0.33833301858976483,0
4220,95.3115009579924,0.29962504049763083,0
4221,95.32439575000899,0.4384170169942081,0
4222,95.33738683297997,0.437250011600554,0
4223,95.3503784170025,0.4668750334531069,0
4224,95.36339841701556,,1
4225,95.47721345798345,0.5164589965716004,0
4226,95.49029975000303,0.42287498945370317,0
4227,95.50237300002482,0.4452499561011791,0
4228,95.51398795802379,0.4044589586555958,0
4229,95.52501129201846,0.3923329641111195,0
4230,95.53581537498394,0.39429200114682317,0
4231,95.54649758298183,0.46062504407018423,0
4232,95.55951533303596,0.43179199565202,0
4233,95.57251766702393,0.4397080047056079,0
4234,95.58384379203198,0.40908297523856163,0
4235,95.59680316701997,0.3321249969303608,0
4236,95.60972570802551,0.3279169904999435,0
4237,95.62081458303146,,1
4238,95.73456320801051,0.47791696852073073,0
4239,95.7476033330313,0.27345895068719983,0
4240,95.75848183297785,0.24770904565230012,0
4241,95.77127587498398,0.23933302145451307,0
4242,95.7840556250303,0.23354199947789311,0
4243,95.7950918750139,0.27537497226148844,0
4244,95.80792245798511,0.25683402782306075,0
4245,95.8207383750123,,1
4246,95.93448016699404,0.5308749969117343,0
4247,95.94622695801081,0.3873750101774931,0
4248,95.95917366701178,,1
4249,96.07296966703143,0.706499966327101,0
4250,96.08395425003255,0.3754579811356962,0
4251,96.09690008300822,0.39529200876131654,0
4252,96.10985754203284,0.3269159933552146,0
4253,96.12160908302758,,1
4254,96.23534887499409,0.32470800215378404,0
4255,96.24821562500438,,1
4256,96.3619104999816,0.48283301293849945,0
4257,96.37480983301066,0.5403750110417604,0
4258,96.38715174997924,0.48154202522709966,0
4259,96.39981633302523,0.43095898581668735,0
4260,96.41282520798268,0.39520900463685393,0
4261,96.42580358299892,0.5767919938080013,0
4262,96.43788991699694,0.42891601333394647,0
4263,96.45088575000409,,1
4264,96.56393291702261,0.5598749849013984,0
4265,96.5770625420264,0.40562497451901436,0
4266,96.5892863330082,0.39604201447218657,0
4267,96.60011775000021,0.4051669966429472,0
4268,96.6117892920156,0.3760000108741224,0
4269,96.6226575000328,0.428917002864182,0
4270,96.63563554198481,0.3962500486522913,0
4271,96.6467013329966,0.487209006678313,0
4272,96.65727404202335,0.3419159911572933,0
4273,96.66940329200588,0.3912079846486449,0
4274,96.68233783298638,0.3090000245720148,0
4275,96.69307704200037,0.27066603070124984,0
4276,96.7046795419883,0.369583023712039,0
4277,96.71629504201701,0.33845799043774605,0
4278,96.72788558300817,0.31162501545622945,0
4279,96.74074079201091,0.3469579969532788,0
4280,96.75363504199777,0.3499999875202775,0
4281,96.76410629198654,0.3507499932311475,0
4282,96.77700104203541,0.3215829492546618,0
4283,96.78988029202446,0.3863750025629997,0
4284,96.80283175001387,0.46920799650251865,0
4285,96.81584270799067,0.416958995629102,0
4286,96.82827870798064,0.4632089985534549,0
4287,96.84130041702883,0.2584579633548856,0
4288,96.85333470802289,0.14641700545325875,0
4289,96.86520362499868,0.23012503515928984,0
4290,96.87800279201474,0.30999997397884727,0
4291,96.89087754202774,0.2572499797679484,0
4292,96.90370374999475,0.3802920109592378,0
4293,96.9166678750189,0.34858298022300005,0
4294,96.92842366703553,0.3048329963348806,0
4295,96.94129433302442,0.3356669913046062,0
4296,96.95419399999082,,1
4297,97.06783254200127,0.6687080021947622,0
4298,97.07958837499609,0.450999999884516,0
4299,97.09263229201315,0.8285829680971801,0
4300,97.10608370800037,0.663833983708173,0
4301,97.1193537079962,0.5990000208839774,0
4302,97.13372887502192,1.7323329811915755,0
4303,97.14724862499861,0.5295000155456364,0
4304,97.16037016699556,0.4701249999925494,0
4305,97.17344137502369,0.6446669576689601,0
4306,97.18669541698182,0.5265410291031003,0
4307,97.19990162499016,0.6762080010958016,0
4308,97.21295579202706,0.5547499749809504,0
4309,97.22611687501194,0.8152920054271817,0
4310,97.23841370799346,0.6070000235922635,0
4311,97.25049054203555,0.66633295500651,0
4312,97.26221299997997,,1
4313,97.37462695798604,0.5571670481003821,0
4314,97.38778450002428,,1
4315,97.49862974998541,1.091333047952503,0
4316,97.51239404198714,0.5435000057332218,0
4317,97.52555374999065,0.6980420439504087,0
4318,97.53899416700006,0.6552080158144236,0
4319,97.55225687503116,0.5206670030020177,0
4320,97.56295841699466,0.6301660323515534,0
4321,97.57624424999813,0.8775420137681067,0
4322,97.58789662498748,0.5167080089449883,0
4323,97.59944229200482,1.2293329928070307,0
4324,97.61290758301038,0.5264590145088732,0
4325,97.62604662502417,0.8170829969458282,0
4326,97.6385107919923,0.6470410153269768,0
4327,97.65176362503553,0.684416969306767,0
4328,97.66391066700453,0.592875003349036,0
4329,97.67712595802732,0.5224169581197202,0
4330,97.69024658302078,0.679416989441961,0
4331,97.70251025003381,0.5256669828668237,0
4332,97.7165763329831,0.7191250333562493,0
4333,97.72993558301823,0.6135419826023281,0
4334,97.74201862502377,0.8094169897958636,0
4335,97.75542533298722,0.5830420413985848,0
4336,97.76711620797869,0.6155000301077962,0
4337,97.77955970802577,0.5376249901019037,0
4338,97.7924983749981,0.7257920224219561,0
4339,97.80583825003123,0.7084999815560877,0
4340,97.81917662499472,0.7154580089263618,0
4341,97.83058825001353,0.6462080054916441,0
4342,97.84390016703401,0.4117909702472389,0
4343,97.85655833303463,,1
4344,97.97012504201848,0.5716659943573177,0
4345,97.98331883299397,0.9448340279050171,0
4346,97.99455329199554,0.43658301001414657,0
4347,98.00756129203364,0.3273749607615173,0
4348,98.01823450002121,0.3525000065565109,0
4349,98.03116441698512,0.30629104003310204,0
4350,98.044034541992,0.2572500379756093,0
4351,98.05685020802775,0.19362499006092548,0
4352,98.06778954202309,,1
4353,98.18152254202869,0.45929098268970847,0
4354,98.1927047080244,0.33487495966255665,0
4355,98.2056102079805,0.23179204436019063,0
4356,98.21623525000177,0.24966697674244642,0
4357,98.2268406249932,0.38600002881139517,0
4358,98.23962499998743,0.2756670000962913,0
4359,98.2524701670045,0.25112502044066787,0
4360,98.265269000025,0.200167007278651,0
4361,98.27801495802123,0.3357089590281248,0
4362,98.29090358299436,0.315624987706542,0
4363,98.3021102080238,0.2982919686473906,0
4364,98.31497112498619,0.2655000425875187,0
4365,98.3277948750183,0.30149996746331453,0
4366,98.34046500001568,0.3453330136835575,0
4367,98.3519349580165,0.29070896562188864,0
4368,98.36410416703438,0.42241596383973956,0
4369,98.37465354200685,0.29208301566541195,0
4370,98.38749074999942,0.27466699248179793,0
4371,98.40029154199874,0.2347499830648303,0
4372,98.41304979199776,0.1617909874767065,0
4373,98.42574149998836,0.24983304319903255,0
4374,98.43790320801781,0.31525001395493746,0
4375,98.45070637500612,0.27733301976695657,0
4376,98.46353854198242,,1
4377,98.5756920829881,0.38162502460181713,0
4378,98.58688883302966,0.5490839830599725,0
4379,98.60006412502844,0.3684169496409595,0
4380,98.61300612502964,0.37774996599182487,0
4381,98.62594229198294,0.2655830467119813,0
4382,98.63875887502218,0.26291696121916175,0
4383,98.65157420799369,0.3397919936105609,0
4384,98.66447895800229,,1
4385,98.7785052920226,,1
4386,98.89048579201335,0.33125001937150955,0
4387,98.90128554200055,0.48520800191909075,0
4388,98.91349995799828,0.4336669808253646,0
4389,98.92650212498847,0.16429199604317546,0
4390,98.9392231249949,,1
4391,99.0510129579925,,1
4392,99.16392970801098,0.33775001065805554,0
4393,99.17581045802217,,1
4394,99.28844483301509,0.4638339742086828,0
4395,99.30148908297997,0.3759590326808393,0
4396,99.31444929202553,0.25412498507648706,0
4397,99.32731249998324,0.3171670250594616,0
4398,99.34020416700514,0.24470797507092357,0
4399,99.35300612502033,0.2918749814853072,0
4400,99.36435849999543,0.3310000174678862,0
4401,99.37724350002827,0.254457991104573,0
4402,99.38812358299037,0.30266703106462955,0
4403,99.39999941701535,0.265665992628783,0
4404,99.41052375000436,,1
4405,99.52333708299557,0.45283400686457753,0
4406,99.53415208298247,0.3842090372927487,0
4407,99.54666454199469,0.7062500226311386,0
4408,99.55876637500478,0.8241250179708004,0
4409,99.5726564170327,0.47749996883794665,0
4410,99.5839473750093,0.5637080175802112,0
4411,99.59712116699666,0.38583303103223443,0
4412,99.61061237502145,0.5527499597519636,0
4413,99.62131270801183,0.37391699152067304,0
4414,99.63427279202733,0.5984999588690698,0
4415,99.64502112503396,,1
4416,99.75892104202649,0.6885000038892031,0
4417,99.77218716702191,0.4765829653479159,0
4418,99.78305579198059,0.49875001423060894,0
4419,99.79614391701762,0.4059579805471003,0
4420,99.80913433298701,0.321459025144577,0
4421,99.81990275002318,0.31591695733368397,0
4422,99.83278816699749,0.4808329977095127,0
4423,99.84361179202097,0.35620800917968154,0
4424,99.85452054202324,1.064457988832146,0
4425,99.86816266702954,0.5109159974381328,0
4426,99.88124466699082,0.6007080082781613,0
4427,99.89230079198023,0.7647500024177134,0
4428,99.91043616703246,0.5292909918352962,0
4429,99.92232270800741,0.5583339952863753,0
4430,99.93419262499083,1.1111670173704624,0
4431,99.94790516700596,0.7632499909959733,0
4432,99.96127737499774,0.5578330019488931,0
4433,99.97367762500653,0.3682500100694597,0
4434,99.98554866702762,0.4083329695276916,0
4435,99.99624079198111,0.3850830253213644,0
4436,100.00912800000515,0.513250008225441,0
4437,100.02221454202663,0.40095800068229437,0
4438,100.03518162498949,0.24866702733561397,0
4439,100.04799562500557,,1
4440,100.16104641702259,0.28799998108297586,0
4441,100.17302016698522,0.4082500236108899,0
4442,100.18510895798681,0.4622090491466224,0
4443,100.1981609580107,0.30854198848828673,0
4444,100.2109096670174,0.39249996189028025,0
4445,100.2222910419805,0.2977910335175693,0
4446,100.23347666702466,0.43299997923895717,0
4447,100.246469833015,0.2725839731283486,0
4448,100.25908816698939,0.3249580040574074,0
4449,100.27197412500391,0.2496250090189278,0
4450,100.28478300001007,0.3886669874191284,0
4451,100.2971842919942,0.37274998612701893,0
4452,100.30902891699225,0.26608299231156707,0
4453,100.32071166700916,0.28858298901468515,0
4454,100.33256225002697,,1
4455,100.44547466700897,0.45204098569229245,0
4456,100.45849558297778,0.31154201133176684,0
4457,100.47136249998584,0.23495801724493504,0
4458,100.48413724999409,0.282666995190084,0
4459,100.49661783297779,0.2582920133136213,0
4460,100.50941733299987,0.22170902229845524,0
4461,100.52003474999219,0.220416986849159,0
4462,100.53443620802136,0.22554199676960707,0
4463,100.54718533298,0.20220904843881726,0
4464,100.55990466702497,0.23599999258294702,0
4465,100.57275204203324,0.2419159864075482,0
4466,100.58554687502328,0.40841696318238974,0
4467,100.59853962500347,0.39549998473376036,0
4468,100.61152237502392,0.39495795499533415,0
4469,100.62331595801516,0.46087498776614666,0
4470,100.63634354202077,0.5947079625912011,0
4471,100.6495163749787,0.5402920069172978,0
4472,100.6626486669993,0.42400002712383866,0
4473,100.67576045799069,0.38654200034216046,0
4474,100.68660570803331,0.2811249578371644,0
4475,100.69946091697784,0.5199580336920917,0
4476,100.7126197500038,,1
4477,100.82642420800403,0.5409169825725257,0
4478,100.83760541700758,,1
4479,100.95104683301179,0.5550420028157532,0
4480,100.96234437503153,0.3555829753167927,0
4481,100.97527645801893,0.2672919654287398,0
4482,100.98810054198839,0.567540992051363,0
4483,100.99989700003061,,1
4484,101.1136503330199,0.44762500328943133,0
4485,101.1248836669838,0.3167910035699606,0
4486,101.13776433299063,0.3333750064484775,0
4487,101.1502667919849,0.5181250162422657,0
4488,101.16211379203014,0.5379579961299896,0
4489,101.17526795802405,,1
4490,101.2883966669906,0.5027500446885824,0
4491,101.30148758302676,0.4087499692104757,0
4492,101.31289604201447,0.2947910106740892,0
4493,101.32575141702546,0.335165997967124,0
4494,101.33760779199656,0.3166660317219794,0
4495,101.34867379203206,0.4037909675389528,0
4496,101.3616468749824,0.36470801569521427,0
4497,101.3745680419961,0.3470410010777414,0
4498,101.38746487500612,0.31633302569389343,0
4499,101.39926662499784,0.3118750173598528,0
4500,101.41135333298007,0.32475002808496356,0
4501,101.4242211250239,0.3117919550277293,0
4502,101.4370757919969,,1
4503,101.55206700001145,0.6102920160628855,0
4504,101.56525862502167,0.44841697672381997,0
4505,101.57826350000687,0.3465000190772116,0
4506,101.59116441698279,0.3227080451324582,0
4507,101.6023792080232,0.3322089905850589,0
4508,101.61350074998336,0.3328750026412308,0
4509,101.62637591699604,0.3077500150538981,0
4510,101.63923354202416,0.3368330071680248,0
4511,101.65051745797973,0.3510000533424318,0
4512,101.66342108300887,0.30433398205786943,0
4513,101.67627783300122,0.3471249947324395,0
4514,101.68920262501342,0.32474996987730265,0
4515,101.70176241698209,0.3993330174125731,0
4516,101.71449712500907,0.39008300518617034,0
4517,101.72743412503041,,1
4518,101.84121899999445,0.411542016081512,0
4519,101.85419262503274,0.23904198314994574,0
4520,101.86698054202134,0.22691598860546947,0
4521,101.87933941703523,0.29154098592698574,0
4522,101.8921848750324,0.27545797638595104,0
4523,101.90263679198688,0.2496660454198718,0
4524,101.91544662503293,0.34987495746463537,0
4525,101.92687158298213,,1
4526,102.04054575000191,0.5387080018408597,0
4527,102.05147741700057,0.4154160269536078,0
4528,102.06446358299581,0.400334014557302,0
4529,102.07741162501043,0.4339580191299319,0
4530,102.09040333301527,0.47504197573289275,0
4531,102.10343308298616,0.4627500311471522,0
4532,102.11647424998228,0.5917500238865614,0
4533,102.12962345802225,0.44295896077528596,0
4534,102.14224458299577,0.790917023550719,0
4535,102.15418424998643,0.8114170050248504,0
4536,102.16756091703428,0.45729096746072173,0
4537,102.18059775000438,0.43754198122769594,0
4538,102.19362233299762,0.3587090177461505,0
4539,102.20654708298389,,1
4540,102.31811766698956,0.7527910056523979,0
4541,102.33062937500654,0.6422500009648502,0
4542,102.34141058300156,0.6985419895499945,0
4543,102.35475729202153,0.563915993552655,0
4544,102.36787966702832,0.6125409854575992,0
4545,102.38107379199937,0.5392080056481063,0
4546,102.39230483298888,0.5702089983969927,0
4547,102.40518870798405,0.6009170319885015,0
4548,102.41714775003493,0.9024579776450992,0
4549,102.42958462500246,,1
4550,102.54342104203533,,1
4551,102.65518862497993,0.4038750194013119,0
4552,102.66816491703503,0.2533329534344375,0
4553,102.68096645799233,0.2827920252457261,0
4554,102.69134679198032,0.2073750365525484,0
4555,102.70409566699527,0.21137500880286098,0
4556,102.71612137497868,0.3973750281147659,0
4557,102.72789316700073,0.4069579881615937,0
4558,102.74092237500008,0.5491669871844351,0
4559,102.7528254580102,,1
4560,102.86497024999699,0.7092920131981373,0
4561,102.87828504201025,0.4837079904973507,0
4562,102.89134999999078,0.41333300760015845,0
4563,102.90435149997938,0.44825003715232015,0
4564,102.9159958329983,0.464749988168478,0
4565,102.92841175000649,0.437250011600554,0
4566,102.93924637499731,0.4057500045746565,0
4567,102.95105500001227,0.6365419831126928,0
4568,102.96268670802237,0.6054170080460608,0
4569,102.97452212503413,0.4621249972842634,0
4570,102.98714812501566,0.47749996883794665,0
4571,103.0001982920221,0.4081249935552478,0
4572,103.01289716700558,0.4851659759879112,0
4573,103.02595704200212,,1
4574,103.13976566703059,0.587040965911001,0
4575,103.15296675002901,,1
4576,103.26674020802602,0.5737089668400586,0
4577,103.27989466697909,0.4449580446816981,0
4578,103.29290016699815,0.5254999850876629,0
4579,103.30604333302472,0.5363340023905039,0
4580,103.31682637502672,0.4012080025859177,0
4581,103.32979508303106,0.34479197347536683,0
4582,103.3427197500132,0.3115829895250499,0
4583,103.35350958298659,0.31100003980100155,0
4584,103.36388770799385,,1
4585,103.47770429198863,,1
4586,103.59101479197852,0.4599160165525973,0
4587,103.60406704200432,0.4630410112440586,0
4588,103.61712166701909,0.4943329840898514,0
4589,103.63021154201124,0.5275830044411123,0
4590,103.64166195801226,0.506000011228025,0
4591,103.65301449998515,0.3778330283239484,0
4592,103.66436908300966,0.6355419754981995,0
4593,103.67671366699506,0.542291032616049,0
4594,103.68984649999766,0.5346250254660845,0
4595,103.70288720802637,,1
4596,103.81676079198951,0.5369579885154963,0
4597,103.82986983301817,,1
4598,103.94210870802635,0.6032499950379133,0
4599,103.95501199999126,0.5141250439919531,0
4600,103.96810404199641,0.5355000030249357,0
4601,103.98123874998419,0.4166250000707805,0
4602,103.99421174998861,0.4135000053793192,0
4603,104.00718337501166,0.49524998757988214,0
4604,104.0197709579952,0.4804590134881437,0
4605,104.03286487498553,0.5124169983901083,0
4606,104.04597533302149,0.30279200291261077,0
4607,104.0588396670064,0.3653750172816217,0
4608,104.06971599999815,0.25104201631620526,0
4609,104.08233791700331,0.3986249794252217,0
4610,104.09447391697904,,1
4611,104.20775812503416,0.6540829781442881,0
4612,104.2210644169827,0.5333330482244492,0
4613,104.23371866700472,0.5046660080552101,0
4614,104.24555125000188,0.5735420272685587,0
4615,104.25868237501709,0.49641699297353625,0
4616,104.270955917018,0.47095800982788205,0
4617,104.282384250022,0.5329579580575228,0
4618,104.29316454200307,0.521583016961813,0
4619,104.30625604197849,0.5271250265650451,0
4620,104.3193472920102,,1
4621,104.43324637500336,0.6497499998658895,0
4622,104.44444429199211,0.631291011814028,0
4623,104.4551862499793,0.5908750463277102,0
4624,104.46824179199757,0.6236250046640635,0
4625,104.48068949999288,0.561750028282404,0
4626,104.49326870799996,0.5935840308666229,0
4627,104.50508408300811,0.6085420027375221,0
4628,104.51667483302299,0.6239169742912054,0
4629,104.52992004202679,0.6551249534823,0
4630,104.5431554170209,,1
4631,104.65651929198066,0.5175000405870378,0
4632,104.66880808299175,0.5136670079082251,0
4633,104.68062904203543,0.5239159800112247,0
4634,104.69261820800602,0.8815000182949007,0
4635,104.70607820799341,0.7189590251073241,0
4636,104.7193817080115,0.46533398563042283,0
4637,104.73243425000692,0.3790420014411211,0
4638,104.74538454198046,0.36391604226082563,0
4639,104.7583428749931,0.39429200114682317,0
4640,104.771242332994,0.3910000086762011,0
4641,104.78285791701637,0.6508330116048455,0
4642,104.79464166698745,0.45545800821855664,0
4643,104.80586891702842,0.21145795471966267,0
4644,104.81863108300604,0.21570897661149502,0
4645,104.831379249983,0.25591702433303,0
4646,104.84416625002632,0.2827919670380652,0
4647,104.85698408301687,0.23504201089963317,0
4648,104.8697727919789,,1
4649,104.98259037500247,,1
4650,105.0953682080144,0.5747919785790145,0
4651,105.10807841701899,0.4851659759879112,0
4652,105.11933216702892,0.4051249707117677,0
4653,105.13081216701539,0.4331250092945993,0
4654,105.14147650002269,0.5408329889178276,0
4655,105.15457533299923,0.4326250054873526,0
4656,105.16758508299245,0.5207920330576599,0
4657,105.1802562919911,0.7202079868875444,0
4658,105.19354862498585,0.46962499618530273,0
4659,105.2052464580047,0.33470900962129235,0
4660,105.2171732080169,0.5347499973140657,0
4661,105.23031570803141,0.4971669986844063,0
4662,105.24341187498067,0.2572920056991279,0
4663,105.25623916700715,0.2710000262595713,0
4664,105.26906120800413,0.32954197376966476,0
4665,105.2806417500251,0.2483749995008111,0
4666,105.29342779202852,0.4325829795561731,0
4667,105.30641483300133,0.44470903230831027,0
4668,105.31940500001656,0.4604170098900795,0
4669,105.33097237499896,0.5222079926170409,0
4670,105.3440590830287,0.41733396938070655,0
4671,105.35703241702868,0.4629159811884165,0
4672,105.37005620799027,0.4186670412309468,0
4673,105.38303612498567,,1
4674,105.4968552920036,0.7172499899752438,0
4675,105.51017029199284,0.6272500031627715,0
4676,105.52336954203201,0.5991249927319586,0
4677,105.53654220799217,0.5737920291721821,0
4678,105.54777520801872,0.6054170080460608,0
4679,105.56095020798966,0.47200004337355494,0
4680,105.57184966700152,0.5547500331886113,0
4681,105.58506933302851,0.600083963945508,0
4682,105.5982366669923,0.5313330329954624,0
4683,105.61078533303225,0.6556249572895467,0
4684,105.62175666698022,0.5133330123499036,0
4685,105.63485062500695,0.47620799159631133,0
4686,105.64622479199897,0.17045799177139997,0
4687,105.65894129202934,,1
4688,105.7727460419992,0.6846659816801548,0
4689,105.78377229202306,1.0204580030404031,0
4690,105.79729691700777,0.6558329914696515,0
4691,105.80921195802512,0.6561669870279729,0
4692,105.82247112499317,0.5793329910375178,0
4693,105.83566541702021,0.49875001423060894,0
4694,105.84754191699903,0.5665409844368696,0
4695,105.85961654200219,0.30262500513345003,0
4696,105.87174295802834,0.3297919756732881,0
4697,105.8846413330175,0.39004196878522635,0
4698,105.8973027500324,0.4134170012548566,0
4699,105.90879179199692,0.526999996509403,0
4700,105.9221879169927,1.04283302789554,0
4701,105.93464054202195,0.4575829952955246,0
4702,105.94730900001014,0.42441696859896183,0
4703,105.96030704199802,0.2829160075634718,0
4704,105.97315204201732,0.40516600711271167,0
4705,105.9850584170199,0.41937496280297637,0
4706,105.99716379202437,0.6727909785695374,0
4707,106.01168624998536,0.9401250281371176,0
4708,106.02519370801747,0.4639169783331454,0
4709,106.03823641699273,0.5433750338852406,0
4710,106.05136012501316,0.5221249884925783,0
4711,106.06446800002595,0.384374987334013,0
4712,106.07603083300637,,1
4713,106.1879856250016,0.681874982547015,0
4714,106.20124816702446,0.5221249884925783,0
4715,106.21322291699471,0.5359160131774843,0
4716,106.22632349998457,0.42100000428035855,0
4717,106.23853000003146,0.43712498154491186,0
4718,106.25094816699857,0.48879103269428015,0
4719,106.26392591698095,0.5265410291031003,0
4720,106.27703354199184,,1
4721,106.39097449998371,0.7167920120991766,0
4722,106.4043007500004,0.6108750239945948,0
4723,106.4164865000057,0.4985000123269856,0
4724,106.42810870800167,,1
4725,106.5419474579976,0.6343339919112623,0
4726,106.55515391699737,0.4433750291354954,0
4727,106.56727450003382,0.5313329747878015,0
4728,106.58043016702868,0.5557909607887268,0
4729,106.59311879199231,0.4349160008132458,0
4730,106.60508370801108,0.6810419727116823,0
4731,106.6183396250126,0.44074998004361987,0
4732,106.63136300002225,0.3220830112695694,0
4733,106.6428543329821,0.2899170503951609,0
4734,106.65569237503223,0.3113329876214266,0
4735,106.66855491697788,0.31520804623141885,0
4736,106.68022212502547,0.4314999678172171,0
4737,106.69320874998812,,1
4738,106.8047786669922,0.5868329899385571,0
4739,106.81693204201292,0.5666249780915678,0
4740,106.83006745798048,0.4163340199738741,0
4741,106.84304033301305,0.40670897578820586,0
4742,106.8560022499878,0.3689170116558671,0
4743,106.86892675003037,0.40441699093207717,0
4744,106.88080450001871,,1
4745,106.9945239170338,0.27174997376278043,0
4746,107.00733300001593,0.20725000649690628,0
4747,107.02007770800265,0.1782089821062982,0
4748,107.0328012080281,0.16908399993553758,0
4749,107.04550345800817,0.1940840156748891,0
4750,107.05804049997823,0.22529205307364464,0
4751,107.0685949579929,0.36733399610966444,0
4752,107.08153466699878,0.35991601180285215,0
4753,107.09447029198054,0.20991603378206491,0
4754,107.10723112500273,0.18170801922678947,0
4755,107.11995641700923,,1
4756,107.2325723330141,0.3606670070439577,0
4757,107.24379024998052,0.3826669999398291,0
4758,107.25428250001278,0.26649999199435115,0
4759,107.26555891701719,0.5086250021122396,0
4760,107.27634258300532,0.3053750260733068,0
4761,107.28922199999215,0.4057080368511379,0
4762,107.30027054197853,0.32287504291161895,0
4763,107.31270887498977,0.333750038407743,0
4764,107.32561066700146,,1
4765,107.4380242920015,0.8837499772198498,0
4766,107.45150333299534,0.4455000162124634,0
4767,107.46240854199277,0.5162500310689211,0
4768,107.4730303750257,0.5189999938011169,0
4769,107.48616254201625,0.5469159805215895,0
4770,107.49692612502258,,1
4771,107.61120345798554,0.37587503902614117,0
4772,107.6225414579967,0.3099170280620456,0
4773,107.63544591702521,0.3664999967440963,0
4774,107.6483274170314,0.3501249593682587,0
4775,107.65885070798686,0.42100000428035855,0
4776,107.67185270797927,0.25733403163030744,0
4777,107.68468916701386,0.29504101257771254,0
4778,107.69561270799022,0.2546670148149133,0
4779,107.7084227920277,0.2906249719671905,0
4780,107.71949341701111,0.28962502256035805,0
4781,107.73139425000409,0.5021669785492122,0
4782,107.74445241701324,0.2530830097384751,0
4783,107.75506362499436,,1
4784,107.86876233300427,0.5317499744705856,0
4785,107.8818879169994,0.47324999468401074,0
4786,107.89247495803284,0.3475419944152236,0
4787,107.90416470798664,0.42683404171839356,0
4788,107.91496150003513,0.43049996020272374,0
4789,107.92800758301746,0.47033396549522877,0
4790,107.9400692920317,0.8637079736217856,0
4791,107.95295875001466,0.3998330212198198,0
4792,107.96543520799605,0.5132920341566205,0
4793,107.97898420802085,2.8104999801144004,0
4794,107.99404295801651,0.3399169654585421,0
4795,108.00475616700714,,1
4796,108.11829050001688,0.5163329769857228,0
4797,108.12927387503441,0.44354196870699525,0
4798,108.14231808303157,0.3762499545700848,0
4799,108.15528045798419,0.26933400658890605,0
4800,108.16814495803555,0.3190419520251453,0
4801,108.18109141703462,,1
4802,108.2949179999996,0.28383301105350256,0
4803,108.3101357499836,,1
4804,108.4240392500069,0.48754201270639896,0
4805,108.43679783301195,0.6024590111337602,0
4806,108.44998725003097,0.4847919917665422,0
4807,108.46140500000911,0.31870801467448473,0
4808,108.47429470799398,0.36979198921471834,0
4809,108.48726570798317,0.4897500039078295,0
4810,108.49867724999785,0.5856670322827995,0
4811,108.51062991702929,,1
4812,108.62456933298381,0.42754202149808407,0
4813,108.63756875001127,0.20454201148822904,0
4814,108.65034116699826,0.2893329947255552,0
4815,108.66264729201794,0.3957909648306668,0
4816,108.67562454199651,0.3363750292919576,0
4817,108.6885343749891,0.2840830129571259,0
4818,108.70104658300988,0.3914170083589852,0
4819,108.71290945803048,0.2784589887596667,0
4820,108.72575679200236,,1
4821,108.83838124998147,0.5022920086048543,0
4822,108.85106554202503,,1
4823,108.96401145798154,0.45058404793962836,0
4824,108.97645975003252,0.29333296697586775,0
4825,108.98930904199369,0.2484580036252737,0
4826,108.99963308300357,0.1787500223144889,0
4827,109.01234616700094,0.21858297986909747,0
4828,109.02285408298485,0.2543750451877713,0
4829,109.03567987499991,0.24150003446266055,0
4830,109.04609570803586,0.20508398301899433,0
4831,109.05769033299293,,1
4832,109.17077533301199,0.35904202377423644,0
4833,109.18368937500054,0.5194999976083636,0
4834,109.19742791698081,0.6769580068066716,0
4835,109.20982925000135,0.659167009871453,0
4836,109.22382054198533,0.6544160423800349,0
4837,109.23707162501523,0.5769580020569265,0
4838,109.25023537501693,0.4314580000936985,0
4839,109.26289875002112,0.516875006724149,0
4840,109.27601733303163,0.48387498827651143,0
4841,109.28790216700872,0.45499997213482857,0
4842,109.30091408302542,,1
4843,109.4138859169907,0.7184160058386624,0
4844,109.42716766701778,,1
4845,109.54107120801928,0.825208961032331,0
4846,109.5545356249786,0.7801250321790576,0
4847,109.56793412502157,0.6639169878326356,0
4848,109.58120512502501,0.6608749972656369,0
4849,109.5944517920143,0.4921249928884208,0
4850,109.60752183297882,0.4554590559564531,0
4851,109.62054099998204,0.4199999966658652,0
4852,109.63242074998561,0.5132080405019224,0
4853,109.645474207995,0.35012501757591963,0
4854,109.65838420798536,0.4304590402171016,0
4855,109.67136308300542,0.3869999782182276,0
4856,109.68329620797886,0.40245900163426995,0
4857,109.69557154201902,0.4742500022985041,0
4858,109.70860970800277,0.5174169782549143,0
4859,109.72170016699238,0.5462910048663616,0
4860,109.73483666701941,0.6107909721322358,0
4861,109.74558320798678,0.5663750343956053,0
4862,109.75743987498572,0.5154170212335885,0
4863,109.7705612499849,0.5595420370809734,0
4864,109.78126962500392,0.5115420208312571,0
4865,109.79320579202613,0.5965830059722066,0
4866,109.80542624997906,0.3512080293148756,0
4867,109.81813874997897,,1
4868,109.93055541702779,0.6052079843357205,0
4869,109.94164866697975,0.548791023902595,0
4870,109.95479737501591,0.47374999849125743,0
4871,109.96790874999715,0.3118750173598528,0
4872,109.98067645798437,0.2558340202085674,0
4873,109.99141499999678,0.3481250023469329,0
4874,110.00432770798216,0.43754203943535686,0
4875,110.0149040420074,0.31625002156943083,0
4876,110.02689966699108,0.24050002684816718,0
4877,110.03875279199565,0.28258300153538585,0
4878,110.05159145803191,0.2657499862834811,0
4879,110.0644072080031,0.24908402701839805,0
4880,110.07717137498548,0.2975420211441815,0
4881,110.08986220799852,0.3012500237673521,0
4882,110.10083841701271,0.41087501449510455,0
4883,110.11154695798177,0.26333401910960674,0
4884,110.12436262500705,0.2966250176541507,0
4885,110.13727237499552,0.3060000017285347,0
4886,110.15013108303538,0.27583399787545204,0
4887,110.16062783298548,0.2582500455901027,0
4888,110.17165412503527,,1
4889,110.28561900003115,,1
4890,110.3994914580253,0.3360839909873903,0
4891,110.41245612502098,,1
4892,110.52959662501235,0.5992079968564212,0
4893,110.54155179200461,0.2910830080509186,0
4894,110.55440595798427,0.29604200972244143,0
4895,110.56727983301971,0.40962500497698784,0
4896,110.57957487500971,0.3481669700704515,0
4897,110.59253491699928,0.4044999950565398,0
4898,110.60467116703512,0.2999999560415745,0
4899,110.6175270419917,0.2419159864075482,0
4900,110.63034262502333,0.2856669598259032,0
4901,110.6432020420325,0.3885829937644303,0
4902,110.6565356249921,0.341750041116029,0
4903,110.66761474998202,0.3305000136606395,0
4904,110.6795897919801,1.072875049430877,0
4905,110.69328945799498,0.3539170138537884,0
4906,110.70572112500668,0.2833330072462559,0
4907,110.7185661669937,0.32945803832262754,0
4908,110.73145562503487,0.2815419575199485,0
4909,110.74642420798773,0.3120000474154949,0
4910,110.75856724998448,0.25387504138052464,0
4911,110.77126358298119,0.33583404729142785,0
4912,110.7821414580103,0.3625419922173023,0
4913,110.79398329200922,0.3987909876741469,0
4914,110.80697933299234,0.2530000056140125,0
4915,110.81931533303577,0.2833749749697745,0
4916,110.83214866701746,,1
4917,110.94435050000902,0.4075419856235385,0
4918,110.95517337502679,0.41220796993002295,0
4919,110.96753212501062,0.3314170171506703,0
4920,110.98042416700628,0.37162500666454434,0
4921,110.99334774998715,0.45004201820120215,0
4922,111.00517841702094,0.563874957151711,0
4923,111.01797933300259,0.5375000182539225,0
4924,111.03106879198458,0.7733330130577087,0
4925,111.04302924999502,0.9513749973848462,0
4926,111.05920945800608,0.920084014069289,0
4927,111.07448208302958,2.9089999734424055,0
4928,111.08966462500393,0.38124999264255166,0
4929,111.10266608302481,0.4347919602878392,0
4930,111.11412562499754,0.5352500011213124,0
4931,111.12597087502945,0.4629579489119351,0
4932,111.13789483299479,0.43816701509058475,0
4933,111.14962333301082,,1
4934,111.26342112501152,0.36141701275482774,0
4935,111.27632466697833,0.21916604600846767,0
4936,111.28831174998777,0.35695801489055157,0
4937,111.2992005419801,0.33962505403906107,0
4938,111.31210445798934,0.35483401734381914,0
4939,111.3250272499863,0.3203750238753855,0
4940,111.33648145798361,0.2897920203395188,0
4941,111.34932891698554,0.3435830003581941,0
4942,111.36224487499567,,1
4943,111.47555070801172,0.669625005684793,0
4944,111.48881200002506,0.4707499756477773,0
4945,111.50184650003212,0.48029195750132203,0
4946,111.51396658300655,0.45604200568050146,0
4947,111.52700616698712,0.6154580041766167,0
4948,111.54016837500967,0.5872920155525208,0
4949,111.55334145802772,0.5742089706473053,0
4950,111.56407145800767,0.47016702592372894,0
4951,111.57605245802552,0.39358396315947175,0
4952,111.58899575000396,0.3345420118421316,0
4953,111.60187866701744,0.3535000141710043,0
4954,111.61400549998507,0.32058299984782934,0
4955,111.62687854201067,0.4646250163204968,0
4956,111.63992329197936,0.4998330259695649,0
4957,111.6526422080351,0.4318339633755386,0
4958,111.6651912080124,,1
4959,111.77897462499095,,1
4960,111.89291266701184,0.6292079924605787,0
4961,111.90613200003281,0.3950419486500323,0
4962,111.91908933297964,0.20454201148822904,0
4963,111.93187087500701,0.1800419995561242,0
4964,111.94274929200765,0.3137079766020179,0
4965,111.95448091701837,0.3602079814299941,0
4966,111.96742012503091,0.2281669876538217,0
4967,111.98020350001752,0.17974997172132134,0
4968,111.99292958300794,,1
4969,112.1062798750354,0.4054579767398536,0
4970,112.11924129200634,0.23320800391957164,0
4971,112.13202620798256,0.20020903320983052,0
4972,112.14248154201778,,1
4973,112.25441983301425,0.5426249699667096,0
4974,112.26752408302855,0.23916695499792695,0
4975,112.27874941698974,,1
4976,112.38981412502471,0.28870796086266637,0
4977,112.40026808303082,0.2364169922657311,0
4978,112.41296049999073,0.22183300461620092,0
4979,112.42475549998926,0.44641701970249414,0
4980,112.43775770801585,0.3612919826991856,0
4981,112.45071320800344,0.29016699409112334,0
4982,112.46359616698464,0.2519580302760005,0
4983,112.4764014580287,0.2573339734226465,0
4984,112.48920391697902,0.25512505089864135,0
4985,112.50200712500373,0.2526250318624079,0
4986,112.51399179198779,0.2674580318853259,0
4987,112.52533733303426,0.6150839617475867,0
4988,112.5385393750039,0.5359170027077198,0
4989,112.54990199999884,0.5696670268662274,0
4990,112.56243012502091,0.45970798237249255,0
4991,112.57466920802835,0.38287497591227293,0
4992,112.58656641701236,0.3470410010777414,0
4993,112.59868758299854,0.3462089807726443,0
4994,112.61158554203575,0.34499994944781065,0
4995,112.62450179201551,0.5724999937228858,0
4996,112.63763820799068,0.41504204273223877,0
4997,112.6484722919995,0.3567080129869282,0
4998,112.66138137498638,0.3030420048162341,0
4999,112.67423220799537,0.26812503347173333,0
5000,112.68483566702344,0.3814579686149955,0
5001,112.69737708300818,0.45704201329499483,0
5002,112.70820962497965,0.525958021171391,0
5003,112.72062420798466,4.177167022135109,0
5004,112.73757595801726,0.6518340087495744,0
5005,112.74965775001328,0.4731249646283686,0
5006,112.76276574999793,0.46308303717523813,0
5007,112.7751997919986,0.5098329856991768,0
5008,112.78827408299549,0.5128339980728924,0
5009,112.80134937498951,0.4671250353567302,0
5010,112.81401037500473,0.6513749831356108,0
5011,112.82529320800677,1.0009590187110007,0
5012,112.841959375015,0.6564169889315963,0
5013,112.85735637502512,0.8152920054271817,0
5014,112.86860754201189,0.5393750034272671,0
5015,112.88172699999996,0.6430420326068997,0
5016,112.89459595800145,0.538584019523114,0
5017,112.90776479203487,,1
5018,113.02006554201944,0.5463329725898802,0
5019,113.03167233301792,0.4035420133732259,0
5020,113.04466891702032,0.6490829982794821,0
5021,113.05790033302037,0.38179196417331696,0
5022,113.06835604202934,0.3464579931460321,0
5023,113.08127025002614,0.4412920097820461,0
5024,113.0920839580358,0.2746249665506184,0
5025,113.10359499999322,0.6798750255256891,0
5026,113.11683566699503,0.4884160007350147,0
5027,113.12987654202152,0.4101659869775176,0
5028,113.14177979202941,1.1624159524217248,0
5029,113.15455908299191,0.3635840257629752,0
5030,113.16749066702323,0.41629100451245904,0
5031,113.18047870800365,0.3457919810898602,0
5032,113.19338933302788,0.39366696728393435,0
5033,113.20519333297852,0.4634170327335596,0
5034,113.21788229199592,0.36150001687929034,0
5035,113.23065391700948,0.3626249963417649,0
5036,113.24356691702269,0.3639159840531647,0
5037,113.25650116702309,0.3820830024778843,0
5038,113.26944591698702,0.30291604343801737,0
5039,113.28062274999684,0.2785830292850733,0
5040,113.29344525001943,0.2210419625043869,0
5041,113.306205083034,0.29199995333328843,0
5042,113.3185794170131,0.7035830058157444,0
5043,113.3306247080327,0.41254196548834443,0
5044,113.34356150001986,0.565707974601537,0
5045,113.35672241699649,0.30100002186372876,0
5046,113.36941887502326,0.20483299158513546,0
5047,113.38216283300426,0.17979199765250087,0
5048,113.3948702919879,,1
5049,113.5085223329952,0.49279199447482824,0
5050,113.52158537501236,0.536833016667515,0
5051,113.53258912498131,0.4689580528065562,0
5052,113.54494541703025,0.3637499758042395,0
5053,113.55621029197937,0.6282910471782088,0
5054,113.56845449999673,0.5997080006636679,0
5055,113.58004604198504,,1
5056,113.69146841700422,0.3531660186126828,0
5057,113.70333354198374,0.4448750405572355,0
5058,113.71639008302009,,1
5059,113.83032854198245,0.6042080349288881,0
5060,113.84194908302743,0.6055840058252215,0
5061,113.85518762498396,0.6442500161938369,0
5062,113.8677751669893,0.5070000188425183,0
5063,113.88089124998078,0.659167009871453,0
5064,113.89419533300679,0.5629590013995767,0
5065,113.90565058297943,0.5910840118303895,0
5066,113.91749766701832,0.32462499802932143,0
5067,113.93038704199716,0.42591599049046636,0
5068,113.94337591703515,0.469457998406142,0
5069,113.95502141700126,,1
5070,114.0684208330349,0.660541991237551,0
5071,114.08167216699803,0.4199999966658652,0
5072,114.09465270797955,,1
5073,114.20671962498454,0.8038330124691129,0
5074,114.21826133300783,0.5893749766983092,0
5075,114.23066674999427,0.5225419881753623,0
5076,114.2416963329888,0.8562500006519258,0
5077,114.25519024999812,0.580625026486814,0
5078,114.26838108303491,,1
5079,114.38074699998833,0.6864170427434146,0
5080,114.39401512499899,0.5275420262478292,0
5081,114.40710220800247,0.44941698433831334,0
5082,114.41989525000099,0.9200000204145908,0
5083,114.43312133301515,0.5174999823793769,0
5084,114.44621954200557,0.4672909853979945,0
5085,114.45927537500393,0.8953330107033253,0
5086,114.47097633301746,0.3566250088624656,0
5087,114.48389316699468,0.48166600754484534,0
5088,114.49624624999706,0.3976250300183892,0
5089,114.50844308303203,0.4208749742247164,0
5090,114.52142641699174,0.34783303271979094,0
5091,114.53189220803324,0.5458749947138131,0
5092,114.54336604202399,1.0977909551002085,0
5093,114.55673441698309,0.6323330453597009,0
5094,114.5699671250186,0.5150829674676061,0
5095,114.58310312498361,0.2910830080509186,0
5096,114.59539974998916,0.28137501794844866,0
5097,114.60805920802522,0.2738749608397484,0
5098,114.6186799579882,,1
5099,114.72942754201358,0.32824999652802944,0
5100,114.74232495803153,0.5051249754615128,0
5101,114.75310099998023,0.2772920415736735,0
5102,114.76489108300302,0.32641697907820344,0
5103,114.77780862501822,0.29679201543331146,0
5104,114.79067187500186,0.2288329997099936,0
5105,114.80345408298308,0.2042090054601431,0
5106,114.81631575000938,0.24554197443649173,0
5107,114.82838012499269,0.21895801182836294,0
5108,114.84113629203057,0.22554094903171062,0
5109,114.85393137502251,0.41099998634308577,0
5110,114.86499733303208,0.4386249929666519,0
5111,114.87800741702085,0.5217079888097942,0
5112,114.89098637498682,0.5214580451138318,0
5113,114.90237450000132,,1
5114,115.0154266669997,0.672958034556359,0
5115,115.0266994999838,0.5325000383891165,0
5116,115.03983704198617,0.9726250427775085,0
5117,115.05341812502593,,1
5118,115.16667945799418,0.5951669882051647,0
5119,115.17985754198162,0.4753330140374601,0
5120,115.19290112500312,,1
5121,115.30672895803582,0.5627089994959533,0
5122,115.31949579203501,0.4818749730475247,0
5123,115.33256508299382,0.5077500245533884,0
5124,115.34568008303177,0.7302499725483358,0
5125,115.35818412498338,0.4925000248476863,0
5126,115.3706862499821,0.5251670372672379,0
5127,115.38386416702997,0.5259999888949096,0
5128,115.39699012500932,0.40612497832626104,0
5129,115.40843133302405,0.4145840066485107,0
5130,115.42141158302547,0.3777089877985418,0
5131,115.43439562502317,0.3457499551586807,0
5132,115.44729620800354,0.36875001387670636,0
5133,115.46022137498949,0.39350002771243453,0
5134,115.4731727920007,0.3831249778158963,0
5135,115.48398895800347,0.5155000253580511,0
5136,115.4951138329925,0.4801250179298222,0
5137,115.50814787502168,0.2815829939208925,0
5138,115.5184726670268,0.2211249666288495,0
5139,115.53123687498737,0.24750002194195986,0
5140,115.54401391698048,0.19683304708451033,0
5141,115.55705624999246,0.25516701862215996,0
5142,115.56983820802998,0.26349996915087104,0
5143,115.58049491699785,,1
5144,115.69421945803333,0.5528339534066617,0
5145,115.70736891700653,0.424250029027462,0
5146,115.71838216698961,0.3368750330992043,0
5147,115.73130295798182,0.5267090164124966,0
5148,115.74447512498591,0.7403750205412507,0
5149,115.75679483299609,0.5390840233303607,0
5150,115.76994354202179,0.32649998320266604,0
5151,115.78033829201013,0.24345802376046777,0
5152,115.793147917022,0.3297909861430526,0
5153,115.80604054202558,0.23783301003277302,0
5154,115.81794174999231,0.18575001740828156,0
5155,115.83073095802683,0.20249997032806277,0
5156,115.84389541699784,0.28124998789280653,0
5157,115.85674320801627,0.3047090140171349,0
5158,115.86962437501643,,1
5159,115.9833247080096,0.6215000175870955,0
5160,115.99654150003335,0.4426249652169645,0
5161,116.00955791701563,0.24066597688943148,0
5162,116.02234179200605,0.25649997405707836,0
5163,116.03516924998257,,1
5164,116.14717470802134,0.58133399579674,0
5165,116.16032850003103,0.5156249972060323,0
5166,116.1712537080166,0.4438749747350812,0
5167,116.18425500002922,0.38829195545986295,0
5168,116.19715062499745,0.23716699797660112,0
5169,116.20944637502544,0.27370796306058764,0
5170,116.22122512501664,,1
5171,116.33488425001269,0.4390829708427191,0
5172,116.3471360830008,,1
5173,116.46089350001421,0.3678330103866756,0
5174,116.47384545800742,,1
5175,116.58675004198449,0.5072500207461417,0
5176,116.59981949999928,0.33970799995586276,0
5177,116.61056704202201,0.2674999996088445,0
5178,116.62338191701565,0.2833749749697745,0
5179,116.63621420803247,0.23862498346716166,0
5180,116.64900829200633,0.3512080293148756,0
5181,116.66045504203066,0.29566598823294044,0
5182,116.67122204200132,0.2211660030297935,0
5183,116.68399070802843,0.20937499357387424,0
5184,116.69673587498255,0.19691704073920846,0
5185,116.70946787501452,0.30166696524247527,0
5186,116.72232295799768,0.33362500835210085,0
5187,116.73520466702757,,1
5188,116.84808091702871,0.3797079552896321,0
5189,116.86101970798336,0.3061250317841768,0
5190,116.87193249998381,,1
5191,116.98431999998866,0.6440830184146762,0
5192,116.9962327919784,0.49470801604911685,0
5193,117.0090874999878,,1
5194,117.12167920800857,0.6279170047491789,0
5195,117.1348824169836,0.49275002675130963,0
5196,117.14794450002955,0.5011250032112002,0
5197,117.1609995419858,0.48229104140773416,0
5198,117.17176295799436,0.43062499025836587,0
5199,117.18475295801181,0.43174996972084045,0
5200,117.1962904999964,0.5767919938080013,0
5201,117.207377291983,,1
5202,117.32122808299027,0.38237503031268716,0
5203,117.33318837499246,0.35512499744072556,0
5204,117.34611070802202,0.2952089998871088,0
5205,117.35897170798853,0.2644170308485627,0
5206,117.37181566702202,,1
5207,117.48512887500692,0.5842919927090406,0
5208,117.498315542005,0.5159580032341182,0
5209,117.51142075000098,0.2845419803634286,0
5210,117.5242781250272,0.36104198079556227,0
5211,117.53719791700132,0.3346250159665942,0
5212,117.55024658300681,0.9261249797418714,0
5213,117.561263917014,0.4500409704633057,0
5214,117.572895875026,0.6188330007717013,0
5215,117.58611541701248,0.5744160152971745,0
5216,117.59717987501062,1.1575829703360796,0
5217,117.60907737503294,1.0603329865261912,0
5218,117.62093666702276,0.5106249591335654,0
5219,117.6335697080358,1.2815839727409184,0
5220,117.64626687503187,0.3339169779792428,0
5221,117.6580785830156,0.3559169708751142,0
5222,117.66909724997822,0.305917055811733,0
5223,117.68195033300435,0.26179198175668716,0
5224,117.69473845802713,0.22591697052121162,0
5225,117.70748550002463,0.25245797587558627,0
5226,117.72025933302939,0.3321249969303608,0
5227,117.73311945801834,0.2536670072004199,0
5228,117.74680566700408,1.5478749992325902,0
5229,117.77773695799988,0.4859589971601963,0
5230,117.79108758299844,,1
5231,117.90401300002122,0.2921670093201101,0
5232,117.91801562497858,,1
5233,118.03177883301396,0.3267920110374689,0
5234,118.04315979202511,,1
5235,118.15456520800944,0.47908397391438484,0
5236,118.16762237501098,0.45774999307468534,0
5237,118.18076208297862,0.468042038846761,0
5238,118.19198075000895,0.623999978415668,0
5239,118.20518054201966,0.2625829656608403,0
5240,118.21924587502144,4.371582996100187,0
5241,118.23622116702609,0.4610829637385905,0
5242,118.24929204198997,0.5153749953024089,0
5243,118.26244533300633,0.49524998757988214,0
5244,118.27483641699655,0.4657499957829714,0
5245,118.28793612500886,0.4588330048136413,0
5246,118.30098845798057,0.44587504817172885,0
5247,118.31392295798287,0.4455000162124634,0
5248,118.32605237502139,,1
5249,118.43868779198965,0.7241250132210553,0
5250,118.45202295802301,0.5498339887708426,0
5251,118.46397199999774,1.5062500024214387,0
5252,118.47809066699119,0.7075000321492553,0
5253,118.49067479203222,0.6244579562917352,0
5254,118.50353891699342,0.6085410132072866,0
5255,118.51684220798779,0.9504590416327119,0
5256,118.53614308300894,0.7674170192331076,0
5257,118.54872974997852,0.6176670431159437,0
5258,118.5619643329992,0.6078750011511147,0
5259,118.57517712499248,0.4040420171804726,0
5260,118.58814499998698,0.3083330229856074,0
5261,118.6012212500209,0.5802919622510672,0
5262,118.61439216701547,0.5194160039536655,0
5263,118.62751245801337,0.45712501741945744,0
5264,118.63974845799385,0.6550840334966779,0
5265,118.6530177500099,0.5687500233761966,0
5266,118.66639841703,0.9449579520151019,0
5267,118.67994470801204,0.5949169863015413,0
5268,118.69132729200646,0.6009159842506051,0
5269,118.70359475002624,0.5930829793214798,0
5270,118.71563491702545,,1
5271,118.83692820800934,0.381499994546175,0
5272,118.84987154201372,,1
5273,118.96569629199803,2.0201249863021076,0
5274,118.97956779203378,0.3971659461967647,0
5275,118.99255487503251,,1
5276,119.10640024999157,0.7189169991761446,0
5277,119.11878841702128,0.6168329855427146,0
5278,119.1295563330059,0.3993749851360917,0
5279,119.14255283301463,0.5440840031951666,0
5280,119.15421054197941,0.4964160034433007,0
5281,119.16731341701234,0.6278330110944808,0
5282,119.17901429202175,0.6510409875772893,0
5283,119.19029216701165,0.5796659970656037,0
5284,119.20104850002099,0.408999971114099,0
5285,119.21390700002667,0.38479198701679707,0
5286,119.22438862500712,0.6536670261994004,0
5287,119.23763383302139,0.5018339725211263,0
5288,119.25010524998652,0.334500044118613,0
5289,119.2630027080304,0.3386249882169068,0
5290,119.2752223330317,0.6438749842345715,0
5291,119.28670270799194,0.4528750432655215,0
5292,119.29974695801502,0.6108749657869339,0
5293,119.31322604202433,0.5459159729070961,0
5294,119.3260951670236,,1
5295,119.43841787503334,0.6627919501625001,0
5296,119.45109470799798,0.7534170290455222,0
5297,119.46443320799153,0.534999999217689,0
5298,119.47761362500023,0.38412498543038964,0
5299,119.48846904200036,0.5947910249233246,0
5300,119.49980012502056,0.5665000062435865,0
5301,119.51295441703405,0.5220829625613987,0
5302,119.52409783302573,0.49695896450430155,0
5303,119.53675083298003,0.5060840048827231,0
5304,119.54999974998645,0.6790000479668379,0
5305,119.5632799580344,0.565374968573451,0
5306,119.57614204200218,0.6684160325676203,0
5307,119.58933141699526,0.6308330339379609,0
5308,119.60255545802647,0.5375839537009597,0
5309,119.61568691697903,0.5301250494085252,0
5310,119.62883045797935,0.4567500436678529,0
5311,119.64186891698046,0.7709580240771174,0
5312,119.6552470420138,0.6415829993784428,0
5313,119.66708525002468,0.49949996173381805,0
5314,119.68017566698836,0.44945802073925734,0
5315,119.69180216698442,,1
5316,119.80562975001521,0.40558300679549575,0
5317,119.81777579203481,0.266374961938709,0
5318,119.83060233300785,,1
5319,119.94217512500472,0.7525419932790101,0
5320,119.95507133298088,0.5805840482935309,0
5321,119.96826533298008,0.49516704166308045,0
5322,119.98139754199656,1.057000015862286,0
5323,119.99506729200948,0.3790829796344042,0
5324,120.00736325001344,0.18649996491149068,0
5325,120.0189822500106,0.19799999427050352,0
5326,120.03150358301355,0.2923340070992708,0
5327,120.04436400003033,0.20295794820412993,0
5328,120.05505416699452,0.23062503896653652,0
5329,120.06783612503204,0.2739999908953905,0
5330,120.0795630000066,0.2792499726638198,0
5331,120.09131762501784,0.3018329734914005,0
5332,120.10418558301171,0.22062502102926373,0
5333,120.11697433301015,0.3832089714705944,0
5334,120.12895712500904,0.4586669965647161,0
5335,120.142018500017,0.45245798537507653,0
5336,120.15504054201301,0.2229160163551569,0
5337,120.16559829202015,0.3300409880466759,0
5338,120.17746279202402,0.19595801131799817,0
5339,120.19020712497877,0.17479201778769493,0
5340,120.20050845801597,0.42225001379847527,0
5341,120.21353929198813,0.3007500199601054,0
5342,120.22969991702121,0.35991601180285215,0
5343,120.24576200003503,0.3054169937968254,0
5344,120.25940129201626,5.231749964877963,0
5345,120.27479220798705,1.2566670193336904,0
5346,120.2886344169965,0.29795803129673004,0
5347,120.30150616698666,0.41137501830235124,0
5348,120.31230879202485,0.310208008158952,0
5349,120.32317187503213,0.22612494649365544,0
5350,120.335951999994,0.25629199808463454,0
5351,120.34876737499144,0.3629170241765678,0
5352,120.36171962501248,0.36574999103322625,0
5353,120.37382441700902,0.3191659925505519,0
5354,120.38672179199057,0.3802080173045397,0
5355,120.3997214580304,0.49949996173381805,0
5356,120.41280970798107,0.4020840278826654,0
5357,120.4251974170329,0.6109160021878779,0
5358,120.43840116698993,0.28237502556294203,0
5359,120.45125737501075,0.3827500040642917,0
5360,120.46295816701604,0.42229099199175835,0
5361,120.47596937499475,0.775667023845017,0
5362,120.48931879200973,0.3119580214843154,0
5363,120.50219795800513,0.28074998408555984,0
5364,120.5150426250184,0.24883297737687826,0
5365,120.52785341703566,0.4172499757260084,0
5366,120.54085370799294,0.33170898677781224,0
5367,120.55374062497867,0.2930000191554427,0
5368,120.56659379199846,0.3423329908400774,0
5369,120.57950237498153,0.30016701202839613,0
5370,120.59236779197818,0.39537501288577914,0
5371,120.60386720800307,,1
5372,120.71599512500688,0.401417026296258,0
5373,120.72900216700509,0.515083025675267,0
5374,120.74171541701071,0.20337500609457493,0
5375,120.75295862503117,0.4004999645985663,0
5376,120.76595145801548,0.3617919865064323,0
5377,120.77889454201795,0.2710410044528544,0
5378,120.7908985419781,0.47504104441031814,0
5379,120.80271295801504,0.30091701773926616,0
5380,120.81557558302302,,1
5381,120.92688541702228,0.4112079623155296,0
5382,120.93875475000823,0.2869580057449639,0
5383,120.95160370803205,0.3066670033149421,0
5384,120.9644715419854,0.2749999985098839,0
5385,120.97731237503467,,1
5386,121.09107391699217,0.39370800368487835,0
5387,121.10274108301383,0.30800001695752144,0
5388,121.11562175001018,0.32291701063513756,0
5389,121.12659674999304,0.3144170041196048,0
5390,121.1394774580258,0.27704198146238923,0
5391,121.15231504198164,0.24562503676861525,0
5392,121.16512187500484,0.2163749886676669,0
5393,121.1779048750177,0.2928749890998006,0
5394,121.18843249999918,0.37949997931718826,0
5395,121.20140579203144,,1
5396,121.31287679198431,0.5488330498337746,0
5397,121.32490458298707,0.6716670468449593,0
5398,121.33818683301797,0.7308750064112246,0
5399,121.35023645800538,0.5136670079082251,0
5400,121.3633482499863,0.6305419956333935,0
5401,121.3760377499857,1.0895830346271396,0
5402,121.38952675001929,0.6847920012660325,0
5403,121.40208358300151,0.5142089794389904,0
5404,121.41529008297948,0.8524590521119535,0
5405,121.42873691703426,0.5662909825332463,0
5406,121.44140687503386,,1
5407,121.55431325000245,1.2296669883653522,0
5408,121.56750787503552,0.4350829985924065,0
5409,121.5787049169885,0.5462500266730785,0
5410,121.59123104199534,0.7632080232724547,0
5411,121.604664375016,0.7727919728495181,0
5412,121.62008412502473,0.5756249884143472,0
5413,121.63173620798625,1.020084018819034,0
5414,121.64299974997994,0.5802920204587281,0
5415,121.6550726669957,0.7140830275602639,0
5416,121.66627920803148,1.1172089725732803,0
5417,121.67998112499481,0.6682500243186951,0
5418,121.69116916699568,,1
5419,121.80514791700989,0.7441249908879399,0
5420,121.81631150003523,1.0888329707086086,0
5421,121.82759787503164,0.5317920004017651,0
5422,121.84073766699294,0.62691600760445,0
5423,121.85190220799996,0.6514590349979699,0
5424,121.86391062499024,0.7335830014199018,0
5425,121.87518395797815,0.8123750449158251,0
5426,121.88845345802838,0.7287089829333127,0
5427,121.89958891703282,0.641416001599282,0
5428,121.91281845798949,0.5132090300321579,0
5429,121.92592529201647,0.8808749844320118,0
5430,121.9394081250066,0.6595830200240016,0
5431,121.95219929201994,0.4290000069886446,0
5432,121.96516870800406,0.3243749961256981,0
5433,121.97804179199738,0.18987501971423626,0
5434,121.99074929201743,0.17379096243530512,0
5435,122.00130775000434,0.26516697835177183,0
5436,122.0139177920064,0.15174999134615064,0
5437,122.02602266700706,0.23395800963044167,0
5438,122.03840645798482,0.2703750506043434,0
5439,122.05125200003386,0.3065419732593,0
5440,122.06414445798146,0.31033402774482965,0
5441,122.07557650003582,0.34383294405415654,0
5442,122.08852416701848,0.4088749992661178,0
5443,122.10153716697823,0.40133303264155984,0
5444,122.11450991698075,0.29516604263335466,0
5445,122.12736458302243,0.36991696106269956,0
5446,122.14031254203292,0.3994579892605543,0
5447,122.15330983302556,0.5115839885547757,0
5448,122.16646395798307,0.6448340136557817,0
5449,122.17721808300121,0.49687502905726433,0
5450,122.18912012502551,0.4393329727463424,0
5451,122.20215341699077,0.37700001848861575,0
5452,122.2151090829866,0.381499994546175,0
5453,122.22807145799743,0.3695000195875764,0
5454,122.24103799997829,0.39429200114682317,0
5455,122.25402945798123,0.3712090547196567,0
5456,122.26698516699253,0.378625001758337,0
5457,122.2799539170228,0.27237500762566924,0
5458,122.29279816697817,0.3975410363636911,0
5459,122.30578033300117,0.37166703259572387,0
5460,122.31695200002287,0.38245797622948885,0
5461,122.32991058297921,0.3505420172587037,0
5462,122.3428276249906,0.39304199162870646,0
5463,122.35561999998754,0.6570420227944851,0
5464,122.3687787920353,0.7206249865703285,0
5465,122.3816240830347,,1
5466,122.49647587502841,0.5612919921986759,0
5467,122.50965274998453,0.6112499977461994,0
5468,122.52175104198977,0.6980409962125123,0
5469,122.53510883299168,0.49620901700109243,0
5470,122.5475656670169,1.5098750009201467,0
5471,122.56094566703541,0.5365409888327122,0
5472,122.57191483298084,1.2489590444602072,0
5473,122.58480029198108,0.5721250199712813,0
5474,122.5980115000275,1.3041250058449805,0
5475,122.61248279199935,0.4539579967968166,0
5476,122.62553237500833,0.7631250191479921,0
5477,122.63892150000902,0.5485829897224903,0
5478,122.65001279202988,0.3868749481625855,0
5479,122.66296233300818,0.40070898830890656,0
5480,122.67598045797786,,1
5481,122.78982929198537,0.6521660252474248,0
5482,122.80309920798754,,1
5483,122.91703275003238,0.4908749833703041,0
5484,122.93011412501801,1.1381669901311398,0
5485,122.94384491699748,0.4410829860717058,0
5486,122.95688545802841,0.6663340027444065,0
5487,122.96897124999668,0.6088329828344285,0
5488,122.98225462500704,,1
5489,123.09668058302486,0.5934999790042639,0
5490,123.10886041697813,0.7949160062707961,0
5491,123.12226258299779,0.6203340017236769,0
5492,123.13516787497792,0.5650000530295074,0
5493,123.1472609170014,0.4922079970128834,0
5494,123.1603434170247,0.48220797907561064,0
5495,123.17343233298743,0.6207090336829424,0
5496,123.18572975002462,0.546916970051825,0
5497,123.19725654198555,0.6243330426514149,0
5498,123.21046625002054,0.38420798955485225,0
5499,123.22344062500633,0.6655000033788383,0
5500,123.23452504200395,,1
5501,123.3462535830331,0.7165419519878924,0
5502,123.35958733299049,0.5959999980404973,0
5503,123.37279812502675,0.6782499840483069,0
5504,123.3844632920227,0.6725409766659141,0
5505,123.39725891698617,0.6407910259440541,0
5506,123.41049629199551,0.42454100912436843,0
5507,123.42354179202812,0.5573329981416464,0
5508,123.43671270803316,0.6460839649662375,0
5509,123.4484310830012,,1
5510,123.56288004200906,0.5840000230818987,0
5511,123.57608933298616,,1
5512,123.68845812499058,0.6852920050732791,0
5513,123.700699582987,0.4337920108810067,0
5514,123.71372445800807,0.5497499951161444,0
5515,123.72689870803151,,1
5516,123.8404662500252,0.7326249615289271,0
5517,123.85382383299293,0.6453340174630284,0
5518,123.86709524999605,0.7460420019924641,0
5519,123.88043508300325,0.5670840037055314,0
5520,123.89359854202485,0.5210409872233868,0
5521,123.90673637500731,0.5752500146627426,0
5522,123.91992933303118,0.5745840026065707,0
5523,123.93313554202905,1.2029579957015812,0
5524,123.94623400003184,0.5149169592186809,0
5525,123.95934720803052,0.834291975479573,0
5526,123.97280358301941,,1
5527,124.08402683300665,0.4436669987626374,0
5528,124.09610691701528,0.3410410135984421,0
5529,124.10901845799526,0.46125001972541213,0
5530,124.12202604202321,0.2127499901689589,0
5531,124.13477562501794,0.2519169938750565,0
5532,124.14754958299454,0.24058402050286531,0
5533,124.1603129170253,0.22300001000985503,0
5534,124.1730844170088,0.43058302253484726,0
5535,124.18607941700611,0.5227500223554671,0
5536,124.19725395803107,,1
5537,124.31184316700092,,1
5538,124.42578429199057,0.7446249946951866,0
5539,124.4384209580021,0.7056249887682498,0
5540,124.45106241700705,0.6892909877933562,0
5541,124.46396800002549,0.5743329529650509,0
5542,124.47713308298262,0.47312502283602953,0
5543,124.48840591701446,0.6362500134855509,0
5544,124.5004984579864,0.5909590399824083,0
5545,124.51369308301946,0.5607499624602497,0
5546,124.52685579203535,0.5278329481370747,0
5547,124.53999033302534,0.7221669657155871,0
5548,124.5513875419856,0.6599160260520875,0
5549,124.56470837502275,1.0144999832846224,0
5550,124.57807462499477,0.4098750068806112,0
5551,124.5900601670146,0.965000013820827,0
5552,124.60231212503277,0.5990829668007791,0
5553,124.61509020801168,1.221959013491869,0
5554,124.62891483301064,0.5939590046182275,0
5555,124.64216133300215,0.8905000286176801,0
5556,124.6551300000283,0.6021249573677778,0
5557,124.66832420800347,,1
5558,124.7816313750227,1.533708011265844,0
5559,124.79578350001248,,1
5560,124.90667304198723,0.5599160213023424,0
5561,124.91985391703201,0.6259159999899566,0
5562,124.93309937498998,0.511875026859343,0
5563,124.94619849999435,0.4831670084968209,0
5564,124.95756766700651,0.6158750038594007,0
5565,124.97081299999263,0.7157080108299851,0
5566,124.98358275002101,0.6929999799467623,0
5567,124.99630837503355,0.4992079921066761,0
5568,125.00945399998454,0.36512501537799835,0
5569,125.0217397499946,0.450999999884516,0
5570,125.03479591698851,0.6920000305399299,0
5571,125.04724504199112,0.5722910282202065,0
5572,125.06042758299736,0.5731669953092933,0
5573,125.07361704198411,0.7247910252772272,0
5574,125.08451512502506,,1
5575,125.19709620799404,4.686459025833756,0
5576,125.21379191701999,0.4492079606279731,0
5577,125.22684216703055,0.5029579624533653,0
5578,125.23965441703331,0.5694999708794057,0
5579,125.25284899998223,0.5540000274777412,0
5580,125.26601562503492,,1
5581,125.37995912501356,0.4351249663159251,0
5582,125.39298250002321,,1
5583,125.50507037498755,0.7661670097149909,0
5584,125.51846062502591,0.6409999914467335,0
5585,125.53057645802619,0.5053339991718531,0
5586,125.54368345800322,0.4653750220313668,0
5587,125.55512370797805,0.6152920541353524,0
5588,125.56584208301501,0.8631669916212559,0
5589,125.57929562497884,0.5342500517144799,0
5590,125.59244254202349,0.6561659974977374,0
5591,125.60507945797872,0.6504590273834765,0
5592,125.61666400003014,1.1449999874457717,0
5593,125.6295793330064,0.44058397179469466,0
5594,125.64261325000552,,1
5595,125.75552050000988,0.7591670146211982,0
5596,125.76920070801862,,1
5597,125.88326158298878,1.1162090231664479,0
5598,125.89623858302366,0.7134999614208937,0
5599,125.90960733301472,,1
5600,126.02182658301899,0.7917920011095703,0
5601,126.03476445801789,0.954833987634629,0
5602,126.04844829201465,1.3727499754168093,0
5603,126.06059125001775,0.44433301081880927,0
5604,126.07364854199113,0.7109580328688025,0
5605,126.08583470800659,0.6094169802963734,0
5606,126.09907229198143,1.247375039383769,0
5607,126.11293533298885,,1
5608,126.22680633299751,0.4555420018732548,0
5609,126.23852837498998,0.4178330418653786,0
5610,126.25000900001032,0.4682919825427234,0
5611,126.26301104202867,0.21920795552432537,0
5612,126.2757560830214,0.23979198886081576,0
5613,126.28851633303566,0.28545898385345936,0
5614,126.30132241698448,0.21129101514816284,0
5615,126.31412066699704,1.1972080101259053,0
5616,126.3275192080182,0.4222919815219939,0
5617,126.3392918750178,0.7457920000888407,0
5618,126.35196425003232,,1
5619,126.46588954201434,0.7447910029441118,0
5620,126.47870350000449,0.48708298709243536,0
5621,126.4901105419849,0.5163750029169023,0
5622,126.50167441699887,0.6083750049583614,0
5623,126.51370487501845,0.5547920009121299,0
5624,126.52686933299992,0.48587500350549817,0
5625,126.53773008298595,0.6200000061653554,0
5626,126.55097908299649,0.578042003326118,0
5627,126.56391366699245,,1
5628,126.68134491698584,1.6262500430457294,0
5629,126.69348816701677,0.39308296982198954,0
5630,126.70649266702821,0.6763329729437828,0
5631,126.71882520802319,0.5729169934056699,0
5632,126.73058791703079,0.5902079865336418,0
5633,126.74377245799406,,1
5634,126.85763279203093,0.7429159595631063,0
5635,126.8709996669786,,1
5636,126.98362887499388,0.7315829861909151,0
5637,126.99697970802663,0.4865839728154242,0
5638,127.01052399998298,0.9187080431729555,0
5639,127.02404370799195,0.49941701581701636,0
5640,127.03714312502416,0.4901249776594341,0
5641,127.04917308298172,1.2694590259343386,0
5642,127.0629197920207,0.4690829664468765,0
5643,127.07613987498917,0.809375022072345,0
5644,127.0895656250068,0.5493750213645399,0
5645,127.102721208008,0.5697919987142086,0
5646,127.11392033298034,,1
5647,127.22634841699619,0.4160000244155526,0
5648,127.23848558298778,,1
5649,127.35110037500272,0.5755830206908286,0
5650,127.36396458302625,1.2018340057693422,0
5651,127.37626375001855,0.7479579653590918,0
5652,127.38840329198865,0.6730000022798777,0
5653,127.40166945802048,0.555959006305784,0
5654,127.41291337501025,0.5000829696655273,0
5655,127.42505462502595,0.6389169720932841,0
5656,127.43836912501138,0.6553329876624048,0
5657,127.4504342500004,0.8925420115701854,0
5658,127.46394908300135,0.5405420088209212,0
5659,127.47707504202845,0.37274998612701893,0
5660,127.49002999998629,0.6376670207828283,0
5661,127.50231499999063,0.5240000318735838,0
5662,127.51542320800945,0.7907089893706143,0
5663,127.52908991702134,0.4778750007972121,0
5664,127.54235295800027,,1
5665,127.65634629200213,0.7226659799925983,0
5666,127.66967320803087,0.595749996136874,0
5667,127.68289187498158,1.12679204903543,0
5668,127.69624641700648,0.6103329942561686,0
5669,127.70935970800929,0.7453750004060566,0
5670,127.72272704198258,0.7508330163545907,0
5671,127.73608008300653,0.6072919932194054,0
5672,127.74728687503375,1.3969999854452908,0
5673,127.76132454199251,0.4143330152146518,0
5674,127.7728171669878,0.7283750455826521,0
5675,127.78614045801805,,1
5676,127.90029495803174,0.802416994702071,0
5677,127.91369579202728,0.5187079659663141,0
5678,127.92681854200782,0.4957910277880728,0
5679,127.93993766698986,0.6734160124324262,0
5680,127.95234666700708,0.6340409745462239,0
5681,127.96391104202485,0.5991249927319586,0
5682,127.97615058301017,,1
5683,128.09000320802443,0.5951669882051647,0
5684,128.10320679203141,0.6487499922513962,0
5685,128.11404600000242,,1
5686,128.2256664999877,0.8847500430420041,0
5687,128.2385538329836,0.9484170004725456,0
5688,128.25078004202805,0.5351660074666142,0
5689,128.26392712502275,0.35266700433567166,0
5690,128.2768612499931,0.49216701881960034,0
5691,128.2875647500041,0.42987498454749584,0
5692,128.30011754203588,0.9132909472100437,0
5693,128.31302412500372,0.37754199001938105,0
5694,128.32466220803326,0.5137919797562063,0
5695,128.33775962499203,0.48870802856981754,0
5696,128.3497075830237,0.5640419549308717,0
5697,128.36174320802093,0.5986249889247119,0
5698,128.37466220802162,0.6705839768983424,0
5699,128.3876077500172,0.34374999813735485,0
5700,128.40050774998963,0.18395803635939956,0
5701,128.41322425002,0.24279201170429587,0
5702,128.4259870829992,0.39179198211058974,0
5703,128.43890104198363,,1
5704,128.55129270802718,2.828500000759959,0
5705,128.56687041698024,1.060625014360994,0
5706,128.5805881670094,0.8287079981528223,0
5707,128.59413250000216,0.4532919847406447,0
5708,128.60529412498,,1
5709,128.7193848330062,0.5682500195689499,0
5710,128.73071870801505,,1
5711,128.8437403329881,0.5906670121476054,0
5712,128.85611866699765,,1
5713,128.9698198750266,0.6585419760085642,0
5714,128.98072516702814,0.4999159718863666,0
5715,128.99199754203437,0.4356249701231718,0
5716,129.00404329202138,,1
5717,129.11785650003003,0.44479197822511196,0
5718,129.13088533299742,0.7378340233117342,0
5719,129.14302008302184,,1
5720,129.25643583299825,0.819500011857599,0
5721,129.26989412499825,0.6834579980932176,0
5722,129.28081258299062,,1
5723,129.39456854201853,0.5093329818919301,0
5724,129.40768262499478,0.6123750354163349,0
5725,129.41930670803413,0.5890839966014028,0
5726,129.43007699999725,0.5135000101290643,0
5727,129.44236683298368,0.7296670228242874,0
5728,129.45334399997955,0.5861670360900462,0
5729,129.46656020800583,1.080708985682577,0
5730,129.47969179198844,0.4670000053010881,0
5731,129.4927901669871,0.7251659990288317,0
5732,129.5061319579836,0.6765840225853026,0
5733,129.5192710830015,0.44654199155047536,0
5734,129.5323736250284,0.732957967557013,0
5735,129.54571466700872,0.6208749837242067,0
5736,129.55859841703204,0.9262499515898526,0
5737,129.57212929200614,0.5918749957345426,0
5738,129.58424679201562,0.5798329948447645,0
5739,129.597377625003,,1
5740,129.70922658301424,2.0204170141369104,0
5741,129.723872750008,0.6383750005625188,0
5742,129.73463650001213,0.627957982942462,0
5743,129.74824770801933,2.178249997086823,0
5744,129.76304341701325,0.5624999757856131,0
5745,129.7755780830048,0.5980840069241822,0
5746,129.78876475000288,0.672166992444545,0
5747,129.80204725003568,0.52445795154199,0
5748,129.81565175001742,0.6099999882280827,0
5749,129.82803108298685,0.40787499165162444,0
5750,129.84046999999555,0.5292920395731926,0
5751,129.85358024999732,0.5709170363843441,0
5752,129.86675887502497,0.6697080098092556,0
5753,129.88001974998042,0.5573329981416464,0
5754,129.89318408299005,0.6234589964151382,0
5755,129.90496404201258,0.7865829975344241,0
5756,129.9170840419829,,1
5757,130.03078333300073,0.5859999801032245,0
5758,130.0439653749927,0.4010419943369925,0
5759,130.0569429580355,0.34770899219438434,0
5760,130.0698863749858,0.5880829994566739,0
5761,130.0811949170311,0.47737499698996544,0
5762,130.09425029199338,0.34866604255512357,0
5763,130.10495795798488,,1
5764,130.21653558302205,0.2906249719671905,0
5765,130.22940116701648,0.42758299969136715,0
5766,130.24241445801454,0.5099169793538749,0
5767,130.25549145799596,0.25224999990314245,0
5768,130.26693229202647,0.36054098745808005,0
5769,130.2798687919858,0.3191659925505519,0
5770,130.29276350000873,0.5543329752981663,0
5771,130.30591987498337,0.6023330497555435,0
5772,130.3171939580352,1.5573749551549554,0
5773,130.32993170799455,0.46308402670547366,0
5774,130.34298083302565,0.4127919673919678,0
5775,130.35629170801258,1.0886670206673443,0
5776,130.36769041698426,0.5148750497028232,0
5777,130.38070199999493,0.5277920281514525,0
5778,130.39383324998198,0.5228330264799297,0
5779,130.4069587920094,0.6104580243118107,0
5780,130.4208945829887,0.5962499999441206,0
5781,130.4333690829808,0.6227500271052122,0
5782,130.44658079202054,0.4624580033123493,0
5783,130.4581761250156,0.7173750200308859,0
5784,130.47151250002207,0.5674579879269004,0
5785,130.48425645800307,1.088000019080937,0
5786,130.49792116699973,1.4139580307528377,0
5787,130.51169233303517,0.44074998004361987,0
5788,130.52455887501128,0.42699999175965786,0
5789,130.53707570797997,0.2940000267699361,0
5790,130.5499534580158,0.32462499802932143,0
5791,130.56281450000824,0.23250002413988113,0
5792,130.57557904202258,,1
5793,130.689295166987,0.6025000475347042,0
5794,130.7010372080258,0.3973339917138219,0
5795,130.71335329202702,0.5186249618418515,0
5796,130.72647004202008,0.6009999779053032,0
5797,130.73802995798178,0.5803340463899076,0
5798,130.75120816699928,0.3756660153158009,0
5799,130.7640404580161,0.655833980999887,0
5800,130.77693200000795,0.6676249904558063,0
5801,130.79029412503587,0.638082972727716,0
5802,130.80261987500126,0.5255829892121255,0
5803,130.81579187500756,0.7773329853080213,0
5804,130.8292239169823,0.5807080306112766,0
5805,130.8424038750236,0.8567919721826911,0
5806,130.8541139169829,0.6014580139890313,0
5807,130.8661064580083,1.000459014903754,0
5808,130.87786566698924,0.4814580315724015,0
5809,130.89028337498894,0.5561250145547092,0
5810,130.90213620802388,0.5919169634580612,0
5811,130.91404620802496,0.5720839835703373,0
5812,130.92621866700938,0.8303329814225435,0
5813,130.93884866702138,0.8215410052798688,0
5814,130.95227437501308,,1
5815,131.06615995801985,0.3094999701716006,0
5816,131.0790510000079,0.48762501683086157,0
5817,131.0898021250032,0.5748330149799585,0
5818,131.10234729200602,,1
5819,131.2140937920194,0.4885409725829959,0
5820,131.2247878750204,0.5112919607199728,0
5821,131.23705979197985,0.29745802748948336,0
5822,131.2493944580201,2.1007920149713755,0
5823,131.26207100000465,0.6407499895431101,0
5824,131.2752878330066,0.6756670190952718,0
5825,131.28738129202975,0.3629580023698509,0
5826,131.2993180420017,0.26875000912696123,0
5827,131.31216654198943,0.38833299186080694,0
5828,131.3251375000109,0.47920801443979144,0
5829,131.33802979200846,0.3856659750454128,0
5830,131.35041370801628,0.3303340054117143,0
5831,131.3609404580202,0.26599998818710446,0
5832,131.3719213749864,0.36804203409701586,0
5833,131.38490400003502,0.3576249582692981,0
5834,131.39736212498974,0.3285830025561154,0
5835,131.41026737500215,0.38166699232533574,0
5836,131.42331049998756,0.4186670412309468,0
5837,131.4363323749858,0.30616699950769544,0
5838,131.4493981670239,0.3347079618833959,0
5839,131.4623072919785,0.39133301470428705,0
5840,131.475295250013,0.40333298966288567,0
5841,131.48828637500992,0.32762502087280154,0
5842,131.50117787503405,0.305499997921288,0
5843,131.51404054200975,0.3316659713163972,0
5844,131.52695208298974,0.4228340112604201,0
5845,131.53852275002282,0.3472079988569021,0
5846,131.55026724998606,0.4538330249488354,0
5847,131.56330716703087,0.44066598638892174,0
5848,131.57390062499326,0.4337080172263086,0
5849,131.5869126250036,0.3635829780250788,0
5850,131.60079837503145,0.42141700396314263,0
5851,131.6137942079804,0.5247500375844538,0
5852,131.62691400002223,,1
5853,131.73854200000642,0.6116249714978039,0
5854,131.75065591698512,0.2752910368144512,0
5855,131.76336804201128,0.4672079812735319,0
5856,131.77645008300897,0.6550420075654984,0
5857,131.78776625002502,0.5884579732082784,0
5858,131.80097241699696,0.3671250306069851,0
5859,131.81396441702964,0.5030829925090075,0
5860,131.8260608750279,0.6573749706149101,0
5861,131.83853720797924,0.6037090206518769,0
5862,131.85040645801928,0.37279201205819845,0
5863,131.86310020799283,0.5230840179137886,0
5864,131.87487587501528,0.5880419630557299,0
5865,131.8880653330125,0.6271669990383089,0
5866,131.90128512500087,0.6549580139108002,0
5867,131.91404279199196,0.5523330182768404,0
5868,131.9270151249948,0.43120799819007516,0
5869,131.9400558330235,0.7331669912673533,0
5870,131.95339508302277,0.6065419875085354,0
5871,131.96661829203367,1.2727499706670642,0
5872,131.97971283301013,0.6179169868119061,0
5873,131.99293304199819,0.8440830279141665,0
5874,132.00478145800298,0.6252499879337847,0
5875,132.01700195798185,0.9518750011920929,0
5876,132.02920799999265,0.5594170070253313,0
5877,132.04237004200695,0.47154101775959134,0
5878,132.05519554199418,0.6155830342322588,0
5879,132.0684972500312,0.45558298006653786,0
5880,132.0807126670261,0.5577079718932509,0
5881,132.0918614580296,0.676833966281265,0
5882,132.10516899998765,0.6329170428216457,0
5883,132.11839970800793,0.4847089876420796,0
5884,132.13128008303465,1.0154589544981718,0
5885,132.14489404199412,0.4746250342577696,0
5886,132.15798345801886,0.636667013168335,0
5887,132.17123187502148,0.8445419953204691,0
5888,132.18468316702638,0.6047500064596534,0
5889,132.19737270800397,,1
5890,132.31212516699452,0.5797499907203019,0
5891,132.32418983301613,0.5619999719783664,0
5892,132.33737079199636,0.5323329824022949,0
5893,132.35050570801832,0.39066700264811516,0
5894,132.36167650000425,0.4729169886559248,0
5895,132.37477183301235,0.60224998742342,0
5896,132.38798529200722,0.4913330194540322,0
5897,132.39897495799232,0.9333750349469483,0
5898,132.4125091250171,0.5517079844139516,0
5899,132.4256637080107,0.8592919912189245,0
5900,132.43914816703182,0.6364579894579947,0
5901,132.45139591698535,0.4321660380810499,0
5902,132.46439016703516,0.40395796531811357,0
5903,132.47737237502588,0.39549998473376036,0
5904,132.49036404199433,0.33720803912729025,0
5905,132.50238254200667,0.5328329862095416,0
5906,132.51404370798264,0.41595904622226954,0
5907,132.52703958301572,0.41912501910701394,0
5908,132.53854212502483,0.5619169678539038,0
5909,132.5516983330017,0.5096669774502516,0
5910,132.56405799998902,0.5296670133247972,0
5911,132.5771823329851,0.4710840294137597,0
5912,132.5885428750189,0.6923750042915344,0
5913,132.60185583302518,0.7111669983714819,0
5914,132.6142145000049,1.4197920099832118,0
5915,132.62599795800634,0.6750840111635625,0
5916,132.63925487501547,,1
5917,132.75314116699155,0.4707080079242587,0
5918,132.76404199999524,,1
5919,132.87751387502067,0.40395796531811357,0
5920,132.89053337502992,0.6443329621106386,0
5921,132.90264829201624,0.5456249928101897,0
5922,132.914038042014,0.8405409753322601,0
5923,132.92507645802107,0.6534589920192957,0
5924,132.9383757080068,0.7262920262292027,0
5925,132.95080916699953,0.5050830077379942,0
5926,132.96302733302582,0.4282089648768306,0
5927,132.9745142920292,0.5730830016545951,0
5928,132.98688441701233,0.558124971576035,0
5929,133.000056333025,1.0733339586295187,0
5930,133.013795958017,1.244042010512203,0
5931,133.027627457981,,1
5932,133.14148312498583,0.6815420347265899,0
5933,133.1533754169941,0.5734580336138606,0
5934,133.1654137080186,,1
5935,133.2784457920352,0.6252909661270678,0
5936,133.29170833301032,0.942917016800493,0
5937,133.3031375000137,0.49287499859929085,0
5938,133.3165344169829,0.9906660416163504,0
5939,133.32975179201458,3.7933330168016255,0
5940,133.34614533302374,,1
5941,133.45824437501142,0.7624169811606407,0
5942,133.47092970798258,0.659167009871453,0
5943,133.48287083301693,,1
5944,133.59698958299123,0.7065000245347619,0
5945,133.60934895800892,0.7622090051881969,0
5946,133.6227517920197,0.6120000034570694,0
5947,133.63598233298399,0.5329590057954192,0
5948,133.64923425001325,0.5919999675825238,0
5949,133.6624102499918,0.5905000143684447,0
5950,133.67565870803082,,1
5951,133.7873332920135,0.6045830086804926,0
5952,133.8005439999979,0.40612503653392196,0
5953,133.81130050000502,1.124541973695159,0
5954,133.82519458298339,0.8121670107357204,0
5955,133.83858845802024,0.3605419769883156,0
5956,133.851526250015,0.3523330087773502,0
5957,133.86445866699796,0.3959159948863089,0
5958,133.87686175003182,0.3037919523194432,0
5959,133.8897294169874,0.2352500450797379,0
5960,133.9025198330055,0.3149170079268515,0
5961,133.9140867079841,0.27775001944974065,0
5962,133.92692304198863,0.34850003430619836,0
5963,133.9398390420247,0.43883296893909574,0
5964,133.95285637502093,0.39004196878522635,0
5965,133.96581287501613,0.9693329920992255,0
5966,133.97944558301242,1.0284999734722078,0
5967,133.99309037503554,0.7294579991139472,0
5968,134.00644120801007,0.5726669915020466,0
5969,134.01754808297846,0.6871250225231051,0
5970,134.0308122499846,0.5586250335909426,0
5971,134.0439499579952,0.4575839848257601,0
5972,134.05469487502705,0.6447499617934227,0
5973,134.06795699999202,0.601958017796278,0
5974,134.07971904199803,0.6426660111173987,0
5975,134.09258749999572,0.7758330320939422,0
5976,134.1054651250015,0.602708023507148,0
5977,134.11867441702634,0.5927909514866769,0
5978,134.13070687500294,0.5692919949069619,0
5979,134.14388704200974,0.45433297054842114,0
5980,134.15583312499803,0.5861670360900462,0
5981,134.16902716702316,0.6886660121381283,0
5982,134.18236141698435,2.018291037529707,0
5983,134.19702341698576,0.6353330099955201,0
5984,134.2103154999786,0.44245802564546466,0
5985,134.2220697500161,,1
5986,134.33398400002625,0.639874953776598,0
5987,134.3472334999824,0.5835420452058315,0
5988,134.36041720799403,0.40025002090260386,0
5989,134.37328562501352,0.5471250042319298,0
5990,134.38643562502693,0.6257079658098519,0
5991,134.39736583299236,0.5516250384971499,0
5992,134.4105064169853,,1
5993,134.52436241699615,0.6286249845288694,0
5994,134.53682045801543,0.6141670164652169,0
5995,134.5502499170252,0.9848329937085509,0
5996,134.56205729203066,0.4242499708198011,0
5997,134.57510104199173,0.705790997017175,0
5998,134.58699954202166,0.6168750114738941,0
5999,134.60060620802687,0.6291249883361161,0
6000,134.61380691698287,0.5028750165365636,0
6001,134.62690337502863,0.49470795784145594,0
6002,134.63853129203198,0.5581659497693181,0
6003,134.6505105830147,0.7113749743439257,0
6004,134.66379933297867,0.5526670138351619,0
6005,134.67695629200898,,1
6006,134.79083004198037,0.7013750146143138,0
6007,134.80413820798276,0.38870901335030794,0
6008,134.81623024999863,0.420625030528754,0
6009,134.82785433297977,0.2227920340374112,0
6010,134.84062066703336,0.2467079902999103,0
6011,134.85339512501378,0.2658329904079437,0
6012,134.8661853329977,0.22650003666058183,0
6013,134.8789488329785,,1
6014,134.99040312500438,0.6295000202953815,0
6015,135.00363879202632,0.5982079892419279,0
6016,135.01685387501493,0.544374983292073,0
6017,135.0299699170282,0.5547499749809504,0
6018,135.04313545802142,0.7013339782133698,0
6019,135.05645600002026,,1
6020,135.16916145803407,0.686999992467463,0
6021,135.18072004202986,0.606624991632998,0
6022,135.19172699999763,0.6024169852025807,0
6023,135.20312004198786,0.6078330334275961,0
6024,135.21598108299077,1.0379590094089508,0
6025,135.2295949580148,0.60450000455603,0
6026,135.2410254580318,0.6338339881040156,0
6027,135.2525175830233,0.5919999675825238,0
6028,135.2640413750196,0.5679999594576657,0
6029,135.27719704201445,,1
6030,135.39101429202128,,1
6031,135.5047311669914,0.7840830367058516,0
6032,135.51746995799476,0.7747089839540422,0
6033,135.53071175003424,0.5849169683642685,0
6034,135.54262041702168,,1
6035,135.65626291697845,0.7528330315835774,0
6036,135.66771391703514,,1
6037,135.78076770802727,0.7867089589126408,0
6038,135.7941690000007,0.5161670269444585,0
6039,135.80704220803455,0.5726669915020466,0
6040,135.82021299999906,,1
6041,135.9333712499938,0.8423750405199826,0
6042,135.9470815419918,1.0989580187015235,0
6043,135.96077841700753,0.4871250130236149,0
6044,135.97322712501045,0.6425000028684735,0
6045,135.98649224999826,0.6573330028913915,0
6046,135.99736470798962,0.6206250400282443,0
6047,136.0099044170347,0.7844579522497952,0
6048,136.02331408299506,,1
6049,136.1367610830348,0.6673749885521829,0
6050,136.14980883302633,1.0997499921359122,0
6051,136.16349129198352,0.5486660520546138,0
6052,136.17516495799646,0.6321670371107757,0
6053,136.188047292002,0.6202909862622619,0
6054,136.20125733298482,0.4188750172033906,0
6055,136.2140485830023,0.5784169770777225,0
6056,136.22644316701917,,1
6057,136.33855066698743,0.7616250077262521,0
6058,136.35194937500637,1.0265419841744006,0
6059,136.36404845799552,0.5345839890651405,0
6060,136.37718420801684,0.4924999666400254,0
6061,136.38793454202823,0.7167499861679971,0
6062,136.40125470800558,0.5518340039998293,0
6063,136.41404729202623,0.6019999855197966,0
6064,136.4272468329873,0.5054590292274952,0
6065,136.44001399999252,0.5472500342875719,0
6066,136.45316062500933,0.6251250160858035,0
6067,136.4640925420099,0.5339580238796771,0
6068,136.47617295803502,0.7749999640509486,0
6069,136.48853483301355,,1
6070,136.6024445000221,0.600875006057322,0
6071,136.61577970802318,0.9335840004496276,0
6072,136.62932520802133,0.5182499880902469,0
6073,136.64083212503465,,1
6074,136.7545773750171,0.806791998911649,0
6075,136.76800170802744,0.8829589933156967,0
6076,136.780709750019,0.6017499836161733,0
6077,136.79202708299272,0.6560840411111712,0
6078,136.80531008302933,0.631249975413084,0
6079,136.81854716700036,0.5283330101519823,0
6080,136.83095783297904,0.5644170450977981,0
6081,136.84289316699142,0.6101659964770079,0
6082,136.85527804202866,0.6863749586045742,0
6083,136.86859012499917,,1
6084,136.98148512502667,,1
6085,137.09282987500774,,1
6086,137.20681733300444,0.7892089779488742,0
6087,137.2189299580059,0.6053340039215982,0
6088,137.23215145798167,0.5650840466842055,0
6089,137.24531966698123,0.5897500086575747,0
6090,137.25850891700247,0.5954999942332506,0
6091,137.27169645798858,0.6285840063355863,0
6092,137.28492037497927,0.49345800653100014,0
6093,137.2957977920305,0.5396250053308904,0
6094,137.30895908299135,0.5765000241808593,0
6095,137.32213049998973,0.620042032096535,0
6096,137.33536349999486,0.5906249862164259,0
6097,137.34738254197873,0.5825830157846212,0
6098,137.3605629170197,0.4753330140374601,0
6099,137.37423737498466,0.571542012039572,0
6100,137.38740833301563,0.5725420196540654,0
6101,137.4006653749966,0.6044580368325114,0
6102,137.41385579202324,0.8459159871563315,0
6103,137.42730045801727,0.46312500489875674,0
6104,137.4385374999838,0.5575830000452697,0
6105,137.44989150000038,0.4549170262180269,0
6106,137.46303320798324,0.5188750219531357,0
6107,137.4751331669977,0.6810409831814468,0
6108,137.48804999998538,0.723250035662204,0
6109,137.50057974999072,,1
6110,137.61464545800118,,1
6111,137.72852787503507,0.4233329673297703,0
6112,137.74153270799434,,1
6113,137.85539700003574,0.6845829775556922,0
6114,137.86796295800013,0.40429201908409595,0
6115,137.8807227499783,0.5937920068390667,0
6116,137.89275741699385,0.7542080129496753,0
6117,137.904532207991,0.6114169955253601,0
6118,137.91652529203566,1.1182499583810568,0
6119,137.93021875002887,0.5916249938309193,0
6120,137.94234345800942,,1
6121,138.05631283298135,0.5616249982267618,0
6122,138.06839404202765,0.3411250072531402,0
6123,138.07972612499725,0.40791701758280396,0
6124,138.0924807920237,0.7800409803166986,0
6125,138.10520870803157,0.5792089505121112,0
6126,138.11791029199958,0.48291601706296206,0
6127,138.1296878749854,0.5039170500822365,0
6128,138.142815625004,0.6364579894579947,0
6129,138.1560659580282,0.5753339501097798,0
6130,138.1672211670084,0.5119160050526261,0
6131,138.18031741701998,0.8921659900806844,0
6132,138.19380237499718,0.46250002924352884,0
6133,138.20520187501097,0.6713750190101564,0
6134,138.21701208298327,0.7885840022936463,0
6135,138.22969120799098,0.554917030967772,0
6136,138.24149508302798,0.673208967782557,0
6137,138.2533947500051,0.6141670164652169,0
6138,138.266972833022,0.5164589965716004,0
6139,138.28006045799702,0.42637501610442996,0
6140,138.29174037498888,0.5919579998590052,0
6141,138.30327066703467,0.6173329893499613,0
6142,138.31406483298633,0.595084042288363,0
6143,138.32590195798548,0.626209017354995,0
6144,138.33919762499863,,1
6145,138.45311783300713,0.6535419961437583,0
6146,138.4640522080008,0.5914170178584754,0
6147,138.47723062499426,0.4425829974934459,0
6148,138.49026720802067,0.6479590083472431,0
6149,138.50356049998663,0.5991249927319586,0
6150,138.51680450001732,1.0111670126207173,0
6151,138.52970070799347,0.613874988630414,0
6152,138.54122854198795,0.516875006724149,0
6153,138.55250329198316,0.6984579958952963,0
6154,138.56451545801247,2.3195419926196337,0
6155,138.57924383302452,0.46795897651463747,0
6156,138.5911393330316,,1
6157,138.70495441701496,0.5590830114670098,0
6158,138.7181209580158,0.5289170076139271,0
6159,138.72962745802943,0.4752919776365161,0
6160,138.74160141701577,0.6840829737484455,0
6161,138.75471900001867,0.6306669674813747,0
6162,138.76795091701206,,1
6163,138.8819332080311,1.1029589804820716,0
6164,138.89564741699724,0.5178750143386424,0
6165,138.90877745801117,1.002584001980722,0
6166,138.92238412500592,0.680833007209003,0
6167,138.93568266701186,0.5714580183848739,0
6168,138.9473777920357,0.5624999757856131,0
6169,138.9605343330186,0.47020899364724755,0
6170,138.97361191699747,0.6497910362668335,0
6171,138.9868867500336,0.6542920018546283,0
6172,138.99813720799284,3.374834021087736,0
6173,139.014051791979,0.6023750174790621,0
6174,139.02724600001238,0.4569169832393527,0
6175,139.04033016698668,0.5764579982496798,0
6176,139.05350983300013,0.5868750158697367,0
6177,139.06671908299904,0.8114590309560299,0
6178,139.0801315419958,0.6378330290317535,0
6179,139.09335804200964,0.2698330208659172,0
6180,139.10449233301915,0.2980839926749468,0
6181,139.1173519580043,0.26333401910960674,0
6182,139.1301509999903,0.2507499884814024,0
6183,139.14292820799164,0.23183401208370924,0
6184,139.15568137500668,0.2853749901987612,0
6185,139.1684938329854,0.20854204194620252,0
6186,139.18125566700473,0.8919580141082406,0
6187,139.19472545798635,,1
6188,139.30756091699004,0.6921660387888551,0
6189,139.31915679201484,,1
6190,139.43300008302322,,1
6191,139.54698475002078,0.8454169728793204,0
6192,139.55905629199697,0.6849580095149577,0
6193,139.57236099999864,0.8234999841079116,0
6194,139.5846148750279,0.4985419800505042,0
6195,139.59637295798166,0.4116670461371541,0
6196,139.60907854198013,0.6370830233208835,0
6197,139.6223179170047,0.5687079974450171,0
6198,139.63549466698896,,1
6199,139.74937408301048,0.5724999937228858,0
6200,139.76251195801888,0.4539169603958726,0
6201,139.77382233302342,0.30616699950769544,0
6202,139.78672545799054,0.44166704174131155,0
6203,139.79934716701973,0.37812499795109034,0
6204,139.81230783299543,0.4421669873408973,0
6205,139.82533224998042,0.643208040855825,0
6206,139.83862766699167,0.5533749936148524,0
6207,139.85179337498266,0.5453750491142273,0
6208,139.8647918329807,0.9311670437455177,0
6209,139.87614549999125,,1
6210,139.99019316700287,0.6769159808754921,0
6211,140.00348758301698,0.650834001135081,0
6212,140.01679729198804,1.0332080419175327,0
6213,140.03042591700796,0.5896249786019325,0
6214,140.04243174998555,0.7087080157361925,0
6215,140.05573800002458,0.6876249681226909,0
6216,140.06904337502783,0.57441700482741,0
6217,140.08078058302635,0.6589589756913483,0
6218,140.0928622080246,0.6056249840185046,0
6219,140.10501858300995,0.6523749907501042,0
6220,140.1179323749966,0.42283302173018456,0
6221,140.1297195830266,0.5774999735876918,0
6222,140.142913083022,0.6295840139500797,0
6223,140.15418529201997,,1
6224,140.26810595800634,0.579875020775944,0
6225,140.28129241702845,,1
6226,140.39311900001485,0.680833007209003,0
6227,140.40644799999427,0.5738750332966447,0
6228,140.41963858302915,0.5107499891892076,0
6229,140.4307153330301,0.4402499762363732,0
6230,140.4423279580078,,1
6231,140.55649058299605,2.061125007458031,0
6232,140.57117041700985,0.776791013777256,0
6233,140.58461566700134,0.46912499237805605,0
6234,140.59637058299268,4.6996670425869524,0
6235,140.6136628750246,0.5488749593496323,0
6236,140.6272215829813,0.5547920009121299,0
6237,140.64038420800352,0.4592500044964254,0
6238,140.6534980830038,0.630917027592659,0
6239,140.66674537502695,0.5055000074207783,0
6240,140.67988445801893,0.60450000455603,0
6241,140.6931545829866,0.8222089963965118,0
6242,140.7066356249852,0.5660000024363399,0
6243,140.71982804202707,0.49354095244780183,0
6244,140.7305072080344,0.5367499543353915,0
6245,140.7436521250056,,1
6246,140.85743341699708,0.4481659852899611,0
6247,140.87047866702778,,1
6248,140.98413158301264,0.5583749734796584,0
6249,140.99637229199288,,1
6250,141.11017687502317,,1
6251,141.2229135829839,0.49516704166308045,0
6252,141.23600775003433,0.42449997272342443,0
6253,141.24856687500142,,1
6254,141.362605500035,0.42050000047311187,0
6255,141.3741005830234,0.4515839973464608,0
6256,141.38716137502342,0.5453329649753869,0
6257,141.4003920829855,0.7104169926606119,0
6258,141.4122222919832,0.4071250441484153,0
6259,141.42524708301062,0.5093750078231096,0
6260,141.43837833299767,,1
6261,141.55119875003584,0.3273749607615173,0
6262,141.56303629203467,0.3655829932540655,0
6263,141.57597449998138,0.27070799842476845,0
6264,141.5868940000073,0.48741698265075684,0
6265,141.59970908303512,0.5497499951161444,0
6266,141.61282262502937,0.25279197143390775,0
6267,141.62488583300728,0.47545897541567683,0
6268,141.63796658301726,0.6244169780984521,0
6269,141.64976041699992,0.5563750164583325,0
6270,141.66288804198848,0.3220000071451068,0
6271,141.67457087500952,0.3262080135755241,0
6272,141.6868838330265,0.33024995354935527,0
6273,141.6991534170229,0.6129159592092037,0
6274,141.71063658298226,0.34487503580749035,0
6275,141.7235520830145,0.36637496668845415,0
6276,141.7343341250089,0.27837499510496855,0
6277,141.74916770798154,1.5883750165812671,0
6278,141.7633818750037,0.2579580177552998,0
6279,141.7762126250309,0.41024998063221574,0
6280,141.78909979201853,0.318541016895324,0
6281,141.8019892500015,0.30104198958724737,0
6282,141.81403054198017,0.3225830150768161,0
6283,141.82686412503244,0.3132499987259507,0
6284,141.83974720799597,0.38645899621769786,0
6285,141.85271499998635,0.424250029027462,0
6286,141.8657874999917,0.5176670383661985,0
6287,141.87899779202417,0.3564999788068235,0
6288,141.8919416249846,0.5124580347910523,0
6289,141.9050390420016,,1
6290,142.01840441703098,0.4427499952726066,0
6291,142.0297072919784,0.40425005136057734,0
6292,142.0415655419929,0.4950829898007214,0
6293,142.05355308298022,0.4628340248018503,0
6294,142.06665533297928,0.6469590007327497,0
6295,142.07987175002927,,1
6296,142.19167245802237,0.8634589612483978,0
6297,142.20480133302044,0.35729201044887304,0
6298,142.21773395797936,0.4005000228062272,0
6299,142.2297219579923,0.36441703559830785,0
6300,142.24214774998836,0.4117920179851353,0
6301,142.25515591702424,,1
6302,142.36783683300018,0.5453340127132833,0
6303,142.37970154202776,0.41758298175409436,0
6304,142.39078962500207,0.3785419976338744,0
6305,142.4037438330124,0.33595901913940907,0
6306,142.4147472080076,0.34179200883954763,0
6307,142.42571079201298,0.5829579895362258,0
6308,142.4385437919991,,1
6309,142.55235595803242,0.6364999571815133,0
6310,142.56560658302624,0.6454169633798301,0
6311,142.57897787500406,0.5920830299146473,0
6312,142.59048233303474,0.8539589471183717,0
6313,142.6021547500277,0.3927919897250831,0
6314,142.61512470798334,1.2923339963890612,0
6315,142.62887374998536,0.5455830250866711,0
6316,142.6420579580008,0.7591249886900187,0
6317,142.65520108299097,0.5963339935988188,0
6318,142.66853858303512,0.566749949939549,0
6319,142.68071279203286,0.524790957570076,0
6320,142.69383383297827,0.4516670014709234,0
6321,142.70629954198375,0.6130000110715628,0
6322,142.71951949998038,0.605583016294986,0
6323,142.7307141670026,0.5477080121636391,0
6324,142.7427772920346,0.5207909853197634,0
6325,142.75520987500204,0.5517079844139516,0
6326,142.76810804201523,0.49291597679257393,0
6327,142.78078379202634,0.5592909874394536,0
6328,142.79234233300667,0.5176669801585376,0
6329,142.8051996669965,0.651500013191253,0
6330,142.81632724998053,1.3322080485522747,0
6331,142.82976562500698,0.5668749799951911,0
6332,142.8427200000151,0.6014580139890313,0
6333,142.8535683749942,0.5406670388765633,0
6334,142.8659654170042,,1
6335,142.97957262501586,0.6762080010958016,0
6336,142.99288391700247,1.1972910142503679,0
6337,143.00663800002076,0.3584579681046307,0
6338,143.0195880830288,0.6515419809147716,0
6339,143.03062862501247,0.5473750061355531,0
6340,143.04376516700722,0.4967499990016222,0
6341,143.05688237497816,0.6906670168973505,0
6342,143.0695482500014,,1
6343,143.18349304201547,0.4515830078162253,0
6344,143.1965159579995,0.4128339933231473,0
6345,143.20856983301928,0.5494169890880585,0
6346,143.2213648330071,0.6827089819125831,0
6347,143.23465654201573,0.37520797923207283,0
6348,143.24800391698955,0.5825000116601586,0
6349,143.2594369170256,0.6422079750336707,0
6350,143.27185766701587,,1
6351,143.38572999997996,0.378292053937912,0
6352,143.3963201669976,0.3005830221809447,0
6353,143.40925170801347,0.4206249723210931,0
6354,143.42221141699702,0.28445798670873046,0
6355,143.43501787498826,0.23779203183948994,0
6356,143.44777841703035,,1
6357,143.56217916699825,0.5797910271212459,0
6358,143.57343916699756,0.6784999859519303,0
6359,143.58676704199752,0.5024159909226,0
6360,143.59987737500342,0.8153750095516443,0
6361,143.61303370801033,0.48741698265075684,0
6362,143.6259704999975,0.7041670032776892,0
6363,143.6385311250342,0.5148329655639827,0
6364,143.65166462498019,0.7367920479737222,0
6365,143.6650832919986,1.140250009484589,0
6366,143.67782812501537,0.48708298709243536,0
6367,143.690926167008,0.5234580021351576,0
6368,143.70407512498787,0.5914579960517585,0
6369,143.7154642920359,,1
6370,143.82807354198303,0.4516660119406879,0
6371,143.8424396670307,2.3566249874420464,0
6372,143.85543841699837,0.5302500212565064,0
6373,143.86858845798997,0.48804201651364565,0
6374,143.8807326250244,,1
6375,143.9953955829842,0.45437499647960067,0
6376,144.00847050000448,0.5224579945206642,0
6377,144.02136995800538,0.6050840020179749,0
6378,144.03458149998914,0.43758301762863994,0
6379,144.04739416699158,0.5135000101290643,0
6380,144.06050224998035,0.4615000216290355,0
6381,144.07356204203097,0.5085829761810601,0
6382,144.08498483302537,0.43254200136289,0
6383,144.0973715420114,0.34970801789313555,0
6384,144.1102945000166,0.41512498864904046,0
6385,144.12329541699728,0.5345410318113863,0
6386,144.1357731249882,0.5140830180607736,0
6387,144.14896166702965,0.9729999583214521,0
6388,144.1624965830124,0.4694999661296606,0
6389,144.17440262500895,0.6026250193826854,0
6390,144.18725116702262,0.6045409827493131,0
6391,144.20034637500066,0.5177920102141798,0
6392,144.21302079199813,0.4163749981671572,0
6393,144.22499620798044,0.7473340374417603,0
6394,144.2359223330277,0.3456669510342181,0
6395,144.2488621249795,0.3998330212198198,0
6396,144.26070195803186,0.4142089746892452,0
6397,144.2737540830276,0.4117919597774744,0
6398,144.28513241698965,0.3726659924723208,0
6399,144.29808583302656,0.8364999666810036,0
6400,144.31149191700388,0.4331659874878824,0
6401,144.32263574999524,0.5175829865038395,0
6402,144.33537170803174,0.5409589502960443,0
6403,144.34738666698104,0.47750002704560757,0
6404,144.3604501670343,0.4909159615635872,0
6405,144.37187866697786,0.7244580192491412,0
6406,144.3852229579934,,1
6407,144.49738716700813,0.7764159818179905,0
6408,144.50890845799586,0.7885840022936463,0
6409,144.5213032499887,0.7757080020383,0
6410,144.53469275002135,0.5934169748798013,0
6411,144.54638254200108,0.6084159831516445,0
6412,144.55946920800488,0.6151249981485307,0
6413,144.57093129202258,0.6633749580942094,0
6414,144.5836479170248,0.8672080002725124,0
6415,144.59636270802002,,1
6416,144.71022579201963,0.6283330149017274,0
6417,144.7234777919948,0.6745409918949008,0
6418,144.735935374978,0.48808305291458964,0
6419,144.74903150001774,0.5315419984981418,0
6420,144.76217841700418,,1
6421,144.87449520803057,0.6353339995257556,0
6422,144.88775029202225,0.612374977208674,0
6423,144.9001913330285,,1
6424,145.0140670419787,0.7150000310502946,0
6425,145.02738425001735,0.5038749659433961,0
6426,145.04050304199336,0.676916039083153,0
6427,145.05182562500704,0.5377500201575458,0
6428,145.06331504200352,0.44412497663870454,0
6429,145.07609558303375,0.9125419892370701,0
6430,145.0896260419977,0.7717910339124501,0
6431,145.10304012498818,0.5700830370187759,0
6432,145.11405099998228,0.5717080202884972,0
6433,145.1266212920309,0.5630409577861428,0
6434,145.1398162500118,0.6353330099955201,0
6435,145.15062704199227,0.5736660095863044,0
6436,145.1637780420133,0.5733749712817371,0
6437,145.175902625022,0.6199579802341759,0
6438,145.18750808300683,0.520500005222857,0
6439,145.2008582080016,0.41787500958889723,0
6440,145.2130299169803,0.5647080251947045,0
6441,145.22625145799248,0.8513749926351011,0
6442,145.23854183300864,0.6662500090897083,0
6443,145.2517947080196,0.559584004804492,0
6444,145.26485445798608,0.8913750061765313,0
6445,145.27833887498127,,1
6446,145.3908489170135,0.5934999790042639,0
6447,145.4023969580303,0.569708994589746,0
6448,145.41405312501593,0.5343749653548002,0
6449,145.4271717920201,0.45566598419100046,0
6450,145.440225792001,0.6254159961827099,0
6451,145.45345545798773,0.5453749909065664,0
6452,145.46428691700567,0.542916008271277,0
6453,145.4752637920319,0.7119159563444555,0
6454,145.48860983300256,0.554917030967772,0
6455,145.4997504579951,0.4413340357132256,0
6456,145.51098249998176,0.3092920524068177,0
6457,145.52186658303253,0.5305419908836484,0
6458,145.53499000001466,0.33066701143980026,0
6459,145.54788199998438,0.28062501223757863,0
6460,145.56069529202068,,1
6461,145.6729575000354,0.6784999859519303,0
6462,145.6853643329814,0.6522920448333025,0
6463,145.6967441670131,0.5540829733945429,0
6464,145.70991000003414,0.5156669649295509,0
6465,145.72196383302798,0.6480839801952243,0
6466,145.73424912500195,0.5610830266959965,0
6467,145.74638995801797,0.6208749837242067,0
6468,145.75961599999573,,1
6469,145.8734478750266,0.7352499524131417,0
6470,145.88680441700853,0.6336660007946193,0
6471,145.90046737500234,0.6757079972885549,0
6472,145.91255670803366,0.5877919611521065,0
6473,145.92533012502827,,1
6474,146.03855004202342,0.7607080042362213,0
6475,146.05026024999097,0.6530419923365116,0
6476,146.0635922080255,0.528791977558285,0
6477,146.0761525830021,0.7747089839540422,0
6478,146.08955970802344,0.6154169677756727,0
6479,146.10228979203384,0.4051249707117677,0
6480,146.11496654199436,0.9308329899795353,0
6481,146.1285108330194,0.5660419701598585,0
6482,146.14017720799893,0.5935420049354434,0
6483,146.15181737497915,0.42787502752617,0
6484,146.1641711249831,0.5962499999441206,0
6485,146.17739050003001,0.48579199938103557,0
6486,146.18854566698428,0.8555829990655184,0
6487,146.20168350002496,0.48762495862320065,0
6488,146.2139962920337,0.5093749496154487,0
6489,146.2271170830354,0.5139999557286501,0
6490,146.24025404202985,0.5379999638535082,0
6491,146.25300333299674,0.2966250176541507,0
6492,146.26587862498127,0.21283305250108242,0
6493,146.2786509169964,,1
6494,146.39225325000007,0.43229199945926666,0
6495,146.4052778329933,0.3860840224660933,0
6496,146.4182526670047,0.36866602022200823,0
6497,146.4312159169931,,1
6498,146.54497124999762,0.5573329981416464,0
6499,146.55813412502175,0.46066701179370284,0
6500,146.57118795800488,0.3659590147435665,0
6501,146.5841551250196,0.4016669699922204,0
6502,146.59715575003065,,1
6503,146.71067895798478,0.5254590068943799,0
6504,146.72186799999326,0.6395830423571169,0
6505,146.73432720801793,0.6726249703206122,0
6506,146.74760033300845,0.6332499906420708,0
6507,146.76087295799516,0.5039169918745756,0
6508,146.77396533300634,0.3331669722683728,0
6509,146.78566275001504,,1
6510,146.89944566698978,0.3173750010319054,0
6511,146.9123258329928,0.3981670015491545,0
6512,146.92530787503347,0.43545797234401107,0
6513,146.93832208303502,0.34358398988842964,0
6514,146.95107520802412,0.4489590064622462,0
6515,146.96303933300078,0.2994170063175261,0
6516,146.9758863330353,,1
6517,147.09032975003356,0.4383749910630286,0
6518,147.10293458303204,0.5434589693322778,0
6519,147.11544554203283,0.4037079634144902,0
6520,147.12851758301258,,1
6521,147.2403025830281,0.6487499922513962,0
6522,147.25316658301745,0.516542000696063,0
6523,147.2660765000037,,1
6524,147.37898625002708,0.574749952647835,0
6525,147.39216595800826,0.6726249703206122,0
6526,147.40334120800253,0.5215840064920485,0
6527,147.41404308303026,0.3600000054575503,0
6528,147.426985625003,0.49237499479204416,0
6529,147.44007570802933,0.5409589502960443,0
6530,147.45321562502068,0.548749987501651,0
6531,147.46409345802385,0.5217919824644923,0
6532,147.47704512497876,0.4771670210175216,0
6533,147.48771979199955,0.5399580113589764,0
6534,147.50098750001052,0.506417010910809,0
6535,147.5130307499785,0.4645000444725156,0
6536,147.52610412501963,0.798832974396646,0
6537,147.53853391698794,0.5352500011213124,0
6538,147.5516656669788,0.6654580356553197,0
6539,147.56493808300002,1.2850839993916452,0
6540,147.5789352080319,0.59570895973593,0
6541,147.59084175003227,0.4932079464197159,0
6542,147.60394716699375,0.5834160256199539,0
6543,147.61719374998938,0.8621670422144234,0
6544,147.6307022080291,0.7812089752405882,0
6545,147.64411787502468,0.6757079972885549,0
6546,147.6561840000213,1.3054579612798989,0
6547,147.6701465420192,1.4200829900801182,0
6548,147.68305220798356,0.3421250148676336,0
6549,147.6936491249944,0.2216250286437571,0
6550,147.70394962502178,0.3427919582463801,0
6551,147.71682358300313,,1
6552,147.8306327080354,,1
6553,147.94273912499193,0.8535420056432486,0
6554,147.95622175000608,0.7053749868646264,0
6555,147.968531874998,0.5139579880051315,0
6556,147.98163674998796,1.3372080284170806,0
6557,147.99564187502256,,1
6558,148.10900075000245,1.0125000262632966,0
6559,148.12103166698944,0.6725830025970936,0
6560,148.13253441703273,0.827415962703526,0
6561,148.1460901669925,0.6231660372577608,0
6562,148.15931891702348,0.8328749681822956,0
6563,148.17200262501137,,1
6564,148.28573433298152,0.6980420439504087,0
6565,148.29741712502437,1.4583749580197036,0
6566,148.31161066703498,,1
6567,148.42513079202035,0.3713329788297415,0
6568,148.43805241701193,0.34929101821035147,0
6569,148.4509629579843,,1
6570,148.56408512499183,0.7630420150235295,0
6571,148.57746804202907,0.5240829777903855,0
6572,148.58817104197806,0.6391250062733889,0
6573,148.60140779201174,0.6730409804731607,0
6574,148.61689587502042,0.7795830024406314,0
6575,148.63030291697942,0.5450410535559058,0
6576,148.64345208299346,0.5525420419871807,0
6577,148.65648458298529,0.6503750337287784,0
6578,148.66822695801966,0.5094999796710908,0
6579,148.6798734170152,0.5394159816205502,0
6580,148.69304816698423,0.5172500386834145,0
6581,148.7061592080281,0.6363749853335321,0
6582,148.71940070798155,0.5721670459024608,0
6583,148.73071170801995,0.6380419945344329,0
6584,148.7427417919971,0.7882909849286079,0
6585,148.7561769169988,,1
6586,148.86906916700536,0.49937498988583684,0
6587,148.88070375000825,0.6131670088507235,0
6588,148.89156945800642,0.6102920160628855,0
6589,148.90477833303157,0.7024169899523258,0
6590,148.91596008301713,0.736958987545222,0
6591,148.9292860000278,0.5323749501258135,0
6592,148.94244408298982,0.8928340394049883,0
6593,148.9551958750235,,1
6594,149.06663733301684,0.3433749661780894,0
6595,149.0779052079888,0.38345903158187866,0
6596,149.09085179201793,0.22808299399912357,0
6597,149.1036435830174,0.24454196682199836,0
6598,149.11643895797897,0.1859170151874423,0
6599,149.12918079202063,0.177707988768816,0
6600,149.1411723329802,0.1781670143827796,0
6601,149.15324900002452,0.1604579738341272,0
6602,149.16594604199054,0.15770801110193133,0
6603,149.17645779199665,0.1747080241329968,0
6604,149.1875751669868,0.16062502982094884,0
6605,149.2002782500349,,1
6606,149.3130939169787,0.29870803700760007,0
6607,149.32596037501935,0.2553749945946038,0
6608,149.3387605000171,0.25866698706522584,0
6609,149.35002037498634,0.2666670479811728,0
6610,149.36175316700246,0.34020800376310945,0
6611,149.37464137503412,0.38774998392909765,0
6612,149.38758824998513,0.3103330382145941,0
6613,149.40030275000026,0.3089170204475522,0
6614,149.4107555419905,0.2532910439185798,0
6615,149.42357629199978,0.29691599775105715,0
6616,149.43642375001218,0.28841698076575994,0
6617,149.44735416700132,,1
6618,149.56112987501547,0.39066700264811516,0
6619,149.57196341699455,0.27537503046914935,0
6620,149.58480120799504,,1
6621,149.69736145803472,0.35154196666553617,0
6622,149.7102716669906,0.2596660051494837,0
6623,149.7216504579992,0.4135000053793192,0
6624,149.73467262502527,0.32008299604058266,0
6625,149.74631137499819,0.2619170118123293,0
6626,149.75913220801158,0.3463340108282864,0
6627,149.77203087502858,0.24754198966547847,0
6628,149.78290641697822,,1
6629,149.89572416699957,0.35437499172985554,0
6630,149.90866366698174,,1
6631,150.02243779198034,0.5573329981416464,0
6632,150.03556412499165,0.3843330196104944,0
6633,150.04854983300902,0.40366698522120714,0
6634,150.06151195801795,0.34954200964421034,0
6635,150.07196920801653,,1
6636,150.18572358298115,0.44637505197897553,0
6637,150.1987861249945,0.3434169921092689,0
6638,150.21168370801024,0.3398749977350235,0
6639,150.22457112499978,0.2934579970315099,0
6640,150.23741579201305,0.30816596699878573,0
6641,150.24988258298254,0.3610420390032232,0
6642,150.26279070798773,0.2915840013884008,0
6643,150.27562637499068,0.2952080103568733,0
6644,150.28846449998673,0.27416704688221216,0
6645,150.30131058301777,0.2983749727718532,0
6646,150.31374804198276,0.3850409993901849,0
6647,150.3266959169996,0.36862498382106423,0
6648,150.3396222080337,,1
6649,150.45106054202188,0.6077910074964166,0
6650,150.46213154197903,0.4770000232383609,0
6651,150.47518624999793,0.4385419888421893,0
6652,150.48781912500272,0.3897499991580844,0
6653,150.5008203330217,0.35566696897149086,0
6654,150.5137352499878,0.500541995279491,0
6655,150.52680862502893,0.40095800068229437,0
6656,150.53976745798718,0.4043340450152755,0
6657,150.55272716702893,0.4421659978106618,0
6658,150.56404020800255,0.4290000069886446,0
6659,150.5770231250208,0.4015419981442392,0
6660,150.58998116699513,,1
6661,150.70128437498352,0.5056250374764204,0
6662,150.71294966700953,0.4736660048365593,0
6663,150.72598679200746,0.392416026443243,0
6664,150.73893166700145,0.33429102040827274,0
6665,150.751855666982,0.31179102370515466,0
6666,150.7647151669953,0.3183750086463988,0
6667,150.77757799997926,,1
6668,150.89136583299842,0.609499984420836,0
6669,150.90455720800674,0.4395840223878622,0
6670,150.91746349999448,0.4794999840669334,0
6671,150.92970087501453,0.45183300971984863,0
6672,150.94219062500633,0.3803750150837004,0
6673,150.95512579201022,0.36687497049570084,0
6674,150.96805008302908,0.3464589826762676,0
6675,150.9809435000061,,1
6676,151.09469137497945,0.41791703552007675,0
6677,151.10767370800022,0.3433339879848063,0
6678,151.12057416699827,0.3118750173598528,0
6679,151.1322425000253,0.28325000312179327,0
6680,151.14507516700542,0.24333299370482564,0
6681,151.15547979198163,0.23354100994765759,0
6682,151.16825737501495,0.22987497504800558,0
6683,151.1807005419978,0.23391598369926214,0
6684,151.19347870798083,0.2155840047635138,0
6685,151.20624704199145,0.31995802419260144,0
6686,151.21911245799856,,1
6687,151.33285195799544,0.2755839959718287,0
6688,151.344578291988,0.3536250442266464,0
6689,151.3562353749876,0.24429202312603593,0
6690,151.36904299998423,0.287083035800606,0
6691,151.3808045000187,,1
6692,151.49479274998885,,1
6693,151.60869562497828,0.7340000011026859,0
6694,151.6213740420062,0.6472080131061375,0
6695,151.63462716701906,0.6385829765349627,0
6696,151.64637645799667,0.4855419974774122,0
6697,151.65954637498362,0.6918330327607691,0
6698,151.67375066701788,,1
6699,151.786266583018,,1
6700,151.90009808301693,,1
6701,152.01301612501265,0.25170797016471624,0
6702,152.02587233303348,0.24545897031202912,0
6703,152.03758779203054,0.31695800134912133,0
6704,152.0497723330045,0.33787498250603676,0
6705,152.06267829198623,0.2680410398170352,0
6706,152.0755031669978,0.2690830151550472,0
6707,152.08692720800173,,1
6708,152.20073308300925,,1
6709,152.31366916699335,0.7474999874830246,0
6710,152.32703920803033,0.5169999785721302,0
6711,152.33894250000594,0.6793329957872629,0
6712,152.35222025000257,0.3962080227211118,0
6713,152.3631028329837,0.47258404083549976,0
6714,152.37616600003093,0.36812498001381755,0
6715,152.38913620798849,0.5131670041009784,0
6716,152.40226574998815,0.5144170136190951,0
6717,152.41539375000866,0.9329169988632202,0
6718,152.4267505420139,0.4055409808643162,0
6719,152.4385362920002,0.7384580094367266,0
6720,152.4510630830191,,1
6721,152.56437779200496,0.6657079793512821,0
6722,152.57781395799248,0.33250002888962626,0
6723,152.59011383302277,0.5817089695483446,0
6724,152.60331787500763,0.5221249884925783,0
6725,152.61504679202335,,1
6726,152.72877687501023,,1
6727,152.84240333299385,,1
6728,152.9554193749791,0.5649580270983279,0
6729,152.9685707919998,0.3107910160906613,0
6730,152.9814344579936,0.33250002888962626,0
6731,152.9943304170156,0.2937910030595958,0
6732,153.00718458299525,0.34016702556982636,0
6733,153.01835583301727,0.5155419930815697,0
6734,153.03109725000104,0.36583299515768886,0
6735,153.04401650000364,0.33537502167746425,0
6736,153.0569487499888,0.3245419939048588,0
6737,153.06982291699387,0.3060000017285347,0
6738,153.0821540420293,0.30274997698143125,0
6739,153.09500016702805,0.2651249524205923,0
6740,153.10533400002168,,1
6741,153.21903495799052,0.41137501830235124,0
6742,153.23070283298148,0.3550840192474425,0
6743,153.24361400003545,0.30104198958724737,0
6744,153.25646970799426,0.30095898546278477,0
6745,153.26721062499564,0.32654200913384557,0
6746,153.28009420802118,,1
6747,153.3938468330307,0.5734169972129166,0
6748,153.40469337499235,0.41791703552007675,0
6749,153.41730154200923,0.4011659766547382,0
6750,153.43027487501968,0.4642079584300518,0
6751,153.44288591702934,0.3761659609153867,0
6752,153.4536752080312,0.4249169724062085,0
6753,153.4666602499783,0.43750001350417733,0
6754,153.47966737498064,0.36270800046622753,0
6755,153.49257345800288,0.3556670271791518,0
6756,153.5054828330176,0.3512499970383942,0
6757,153.51838570798282,0.3824590239673853,0
6758,153.53129016701132,0.45841600513085723,0
6759,153.5443070420297,0.3868749481625855,0
6760,153.55724129203008,0.4753749817609787,0
6761,153.57029316702392,0.482457980979234,0
6762,153.5816148330341,0.4087919951416552,0
6763,153.5921837920323,0.4980829544365406,0
6764,153.6034096670337,,1
6765,153.7170205420116,0.7652909844182432,0
6766,153.7304324170109,0.7686250028200448,0
6767,153.7438230830012,0.772459025029093,0
6768,153.7562946670223,0.6352500058710575,0
6769,153.76795737503562,0.5477079539559782,0
6770,153.77988229203038,0.6490829982794821,0
6771,153.7931470000185,0.6345830042846501,0
6772,153.80639616702683,0.5852909525856376,0
6773,153.8196665830328,0.6367499590851367,0
6774,153.8307178330142,0.6114999996498227,0
6775,153.8439262920292,,1
6776,153.95781745802378,0.6890840013511479,0
6777,153.97111941699404,0.6179999909363687,0
6778,153.9843282920192,0.6342499982565641,0
6779,153.99755924998317,0.58637501206249,0
6780,154.01074054202763,0.5219999584369361,0
6781,154.02386125002522,0.4937080084346235,0
6782,154.03474787500454,0.5066670128144324,0
6783,154.04635999997845,0.5001670215278864,0
6784,154.05945549998432,0.5196250276640058,0
6785,154.07141787500586,0.5043330020271242,0
6786,154.08219783299137,0.5659169983118773,0
6787,154.09535612503532,0.48925000010058284,0
6788,154.10846066701924,,1
6789,154.2224778329837,0.46470900997519493,0
6790,154.2330652080127,0.5579169956035912,0
6791,154.24619137501577,0.4836249863728881,0
6792,154.2592655000044,0.5196669953875244,0
6793,154.27237420802703,0.5260839825496078,0
6794,154.28435395803535,0.5132499500177801,0
6795,154.29761158302426,0.6749589811079204,0
6796,154.31087562500034,0.5488329916261137,0
6797,154.32400912500452,0.5546670290641487,0
6798,154.33714008302195,0.5555839743465185,0
6799,154.34846587502398,0.5942920106463134,0
6800,154.36108708300162,0.46549999387934804,0
6801,154.3741375830141,0.5710839759558439,0
6802,154.38729395798873,0.5204590270295739,0
6803,154.40040220803348,0.4770839586853981,0
6804,154.41345791699132,0.5504580331034958,0
6805,154.42661287501687,0.4926249966956675,0
6806,154.43967379198875,0.5018750089220703,0
6807,154.4527182080201,0.5158339627087116,0
6808,154.46403645799728,0.7046249811537564,0
6809,154.4773177499883,,1
6810,154.59046512498753,0.6710000452585518,0
6811,154.6036355830147,0.5773339653387666,0
6812,154.61524958303198,0.5099999834783375,0
6813,154.62834816699615,0.48233300913125277,0
6814,154.64140900003258,0.4528329591266811,0
6815,154.65443020802923,0.42695895535871387,0
6816,154.66742933302885,0.4909169510938227,0
6817,154.67856949998531,0.46912505058571696,0
6818,154.69160012499196,0.428958039265126,0
6819,154.70459983299952,0.42133399983868003,0
6820,154.71759216702776,0.4201249685138464,0
6821,154.7305778330192,0.4877090104855597,0
6822,154.743634457991,0.40179200004786253,0
6823,154.75543454202125,0.4160829703323543,0
6824,154.76598575001117,0.36979198921471834,0
6825,154.77757270802977,0.4623339627869427,0
6826,154.79062954202527,0.43720798566937447,0
6827,154.80363312503323,,1
6828,154.9173823330202,0.6478339782916009,0
6829,154.9306130000041,0.5052920314483345,0
6830,154.94369400001597,0.5160829750820994,0
6831,154.9567925420124,0.5204160115681589,0
6832,154.96839583298424,0.5324590019881725,0
6833,154.98070950002875,,1
6834,155.0946982500027,0.6384170264936984,0
6835,155.10792837501504,0.5306669627316296,0
6836,155.12103583302815,,1
6837,155.2348570000031,0.6356670055538416,0
6838,155.2480836249888,0.4432080313563347,0
6839,155.2595948749804,,1
6840,155.37345695798285,0.8024999988265336,0
6841,155.38686929200776,0.6160829798318446,0
6842,155.40008341701468,0.4843329661525786,0
6843,155.41313445800915,0.477084016893059,0
6844,155.42479504202493,0.4818330053240061,0
6845,155.43786116701085,0.4402910126373172,0
6846,155.45085666701198,0.48766599502414465,0
6847,155.4628112920327,0.3993329592049122,0
6848,155.47411054198164,0.49625005340203643,0
6849,155.48598337499425,0.4229170153848827,0
6850,155.4989617500105,0.40858297143131495,0
6851,155.51194862503326,0.33787498250603676,0
6852,155.52483883302193,0.4432919668033719,0
6853,155.53783649997786,0.4457080503925681,0
6854,155.55091575003462,0.5710419500246644,0
6855,155.56403191701975,0.30408299062401056,0
6856,155.57688250002684,0.32187497708946466,0
6857,155.5897610830143,0.34379196586087346,0
6858,155.6023699999787,,1
6859,155.71555633301614,0.4344999906606972,0
6860,155.72855108301155,0.31804200261831284,0
6861,155.74141308298567,0.3015840193256736,0
6862,155.75300987501396,0.3084170166403055,0
6863,155.76402820798103,0.30854204669594765,0
6864,155.77688162500272,0.2658329904079437,0
6865,155.78969533299096,0.31204201513901353,0
6866,155.80238000000827,,1
6867,155.9140472500003,0.5591670051217079,0
6868,155.92717537499266,0.34254201455041766,0
6869,155.93853004201083,0.36033301148563623,0
6870,155.95050533302128,0.31529198167845607,0
6871,155.96201995800948,0.2879590028896928,0
6872,155.9735917079961,0.3028750070370734,0
6873,155.98521887499373,0.3368330071680248,0
6874,155.99735995801166,0.27879199478775263,0
6875,156.01018191699404,0.29437500052154064,0
6876,156.02302408299875,0.30104198958724737,0
6877,156.03435633302433,0.36387500585988164,0
6878,156.04692345799413,0.3131669946014881,0
6879,156.0597951670061,0.3007079940289259,0
6880,156.07222849997925,0.34783303271979094,0
6881,156.08388708299026,0.37095899460837245,0
6882,156.09438783302903,0.5685419891960919,0
6883,156.10752787499223,0.4165830323472619,0
6884,156.11930033302633,0.4656669916585088,0
6885,156.13234775001183,0.2633329713717103,0
6886,156.14517037500627,0.2026250003837049,0
6887,156.1579222920118,,1
6888,156.27136383298784,0.3544590435922146,0
6889,156.28425995801808,0.18145900685340166,0
6890,156.29696250002598,0.14712498523294926,0
6891,156.3096288330271,0.14887499855831265,0
6892,156.32230025000172,0.14958297833800316,0
6893,156.33497120800894,,1
6894,156.4486387920333,0.5746659589931369,0
6895,156.4617812919896,0.41687500197440386,0
6896,156.47476137499325,0.44591701589524746,0
6897,156.4877760829986,0.4568750155158341,0
6898,156.50079850002658,,1
6899,156.61394975002622,0.545124989002943,0
6900,156.6270791250281,0.216791988350451,0
6901,156.63880299997982,,1
6902,156.75246200000402,0.4076670156791806,0
6903,156.76320525002666,0.2313329605385661,0
6904,156.77598108298844,0.2126250183209777,0
6905,156.78875637502642,0.2313329605385661,0
6906,156.8015505829826,0.2125840401276946,0
6907,156.81430937501136,0.2817499917000532,0
6908,156.82694179198006,0.2197500434704125,0
6909,156.83855858299648,,1
6910,156.95140845800051,0.5550840287469327,0
6911,156.96453375002602,0.33958296990022063,0
6912,156.97744004201377,0.3156659658998251,0
6913,156.99033004202647,0.3226249828003347,0
6914,157.00168166699586,0.31833298271521926,0
6915,157.01269029203104,0.2746660029515624,0
6916,157.0252638750244,,1
6917,157.13901087502018,0.5055419751442969,0
6918,157.15208966698265,0.4195829969830811,0
6919,157.1636383330333,0.25933398865163326,0
6920,157.17523866699776,0.22454099962487817,0
6921,157.18802366702585,,1
6922,157.30169454199495,0.3108329838141799,0
6923,157.31403804197907,0.300083018373698,0
6924,157.32688162499107,0.27179199969395995,0
6925,157.33971079200273,0.29674998950213194,0
6926,157.35256091703195,0.365540967322886,0
6927,157.36441275000107,0.4015000304207206,0
6928,157.37611762498273,0.5740420310758054,0
6929,157.38924774999032,0.4111670423299074,0
6930,157.4022102500312,0.3444169997237623,0
6931,157.41402125003515,0.37945795338600874,0
6932,157.4269440000062,0.3339999821037054,0
6933,157.43853300000774,0.41504198452457786,0
6934,157.45149583299644,0.31691702315583825,0
6935,157.46435495797778,0.3619170165620744,0
6936,157.47665399999823,0.40737498784437776,0
6937,157.4896164580132,0.3667499986477196,0
6938,157.5025332919904,0.3304160200059414,0
6939,157.51542458299082,0.4431669949553907,0
6940,157.52834741701372,0.37233298644423485,0
6941,157.54126487503527,0.36816694773733616,0
6942,157.55243575002532,0.46808295883238316,0
6943,157.56403937499272,0.43408299097791314,0
6944,157.5769564579823,,1
6945,157.69073095801286,0.5420839879661798,0
6946,157.70237737498246,0.3761670086532831,0
6947,157.71530749998055,0.3005420439876616,0
6948,157.72671662498033,0.2738330513238907,0
6949,157.73835883301217,0.3117920132353902,0
6950,157.74995995801874,0.26216701371595263,0
6951,157.7627731669927,0.2734159934334457,0
6952,157.77562291698996,0.26895804330706596,0
6953,157.78607725002803,0.45020796824246645,0
6954,157.79908920801245,0.444458972197026,0
6955,157.81209691701224,0.47625001752749085,0
6956,157.82513562502572,0.4248329787515104,0
6957,157.838154957979,,1
6958,157.95189191697864,0.4787500365637243,0
6959,157.96471137501067,0.3750830073840916,0
6960,157.97631912498036,0.33775001065805554,0
6961,157.9892099580029,0.3957920125685632,0
6962,158.00216337502934,0.40316698141396046,0
6963,158.01511650002794,0.35037496127188206,0
6964,158.02736474998528,0.3309580497443676,0
6965,158.04021350003313,0.35562500124797225,0
6966,158.05311654199613,0.34429103834554553,0
6967,158.06601770798443,0.35970902536064386,0
6968,158.07892395800445,0.32391701824963093,0
6969,158.09179454197874,0.354000017978251,0
6970,158.10470758302836,0.32654195092618465,0
6971,158.11603541701334,0.32841600477695465,0
6972,158.12724920798792,0.28183404356241226,0
6973,158.1388585829991,0.3268339787609875,0
6974,158.15047420799965,0.3000840079039335,0
6975,158.16207879199646,0.2710830303840339,0
6976,158.17489812499844,0.31641701934859157,0
6977,158.1854032499832,0.30387501465156674,0
6978,158.19732083298732,0.5287500098347664,0
6979,158.21039974997984,0.32866705441847444,0
6980,158.2232817080221,0.28908398235216737,0
6981,158.233796000015,0.3317499649710953,0
6982,158.24666725000134,,1
6983,158.35946870798944,0.4349169903434813,0
6984,158.37249545799568,0.5357920308597386,0
6985,158.38559212500695,0.3350829938426614,0
6986,158.3973552500247,0.2869999734684825,0
6987,158.41019525000593,0.22237497614696622,0
6988,158.422948750027,0.19929197151213884,0
6989,158.43567049998092,0.1521250233054161,0
6990,158.4483459580224,0.16058399342000484,0
6991,158.46104145800928,,1
6992,158.57463612500578,0.607708003371954,0
6993,158.58585062500788,0.38408301770687103,0
6994,158.59879324998474,0.3516669967211783,0
6995,158.60930137499236,0.3326250007376075,0
6996,158.6221927080187,0.33416697988286614,0
6997,158.63508058298612,0.29504200210794806,0
6998,158.64736987499055,0.39104203460738063,0
6999,158.66031458298676,0.30862499261274934,0
7000,158.67292833299143,0.31762500293552876,0
7001,158.68448720802553,0.35262497840449214,0
7002,158.6974005830125,0.324334017932415,0
7003,158.71028445800766,,1
7004,158.8240356669994,0.5391659797169268,0
7005,158.83556487498572,0.3898750292137265,0
7006,158.8485382500221,0.4407920059747994,0
7007,158.8615465000039,0.3801250131800771,0
7008,158.8738277920056,0.46454102266579866,0
7009,158.8868417920312,0.3162909997627139,0
7010,158.89969804201974,0.32854097662493587,0
7011,158.9125860420172,0.39008300518617034,0
7012,158.92527720797807,0.3266670391894877,0
7013,158.93805362499552,0.2934170188382268,0
7014,158.95089454198023,,1
7015,159.06403925002087,0.4682500148192048,0
7016,159.076046125032,0.37599995266646147,0
7017,159.08886200003326,0.3655419568531215,0
7018,159.1017763330019,0.3065000055357814,0
7019,159.11463591700885,0.31583302188664675,0
7020,159.12751212500734,0.3689579898491502,0
7021,159.1404399999883,0.38658303674310446,0
7022,159.153376207978,0.31350000062957406,0
7023,159.1640390420216,0.32316596480086446,0
7024,159.17690900003072,0.30037498800083995,0
7025,159.18975395802408,0.29083399567753077,0
7026,159.20104204199743,0.3049160004593432,0
7027,159.21293329203036,0.28858298901468515,0
7028,159.2244009579881,0.2798340283334255,0
7029,159.2356071670074,0.2958329860121012,0
7030,159.24844549997943,0.3344580181874335,0
7031,159.2600374169997,0.28733297949656844,0
7032,159.27288383297855,0.31145900720730424,0
7033,159.28436624997994,0.275125028565526,0
7034,159.2971872080234,,1
7035,159.4101586670149,0.5760829662904143,0
7036,159.42140783299692,0.5262090126052499,0
7037,159.43336458300473,0.4383340128697455,0
7038,159.4463006670121,0.41799998143687844,0
7039,159.45874970802106,0.40541699854657054,0
7040,159.471706042008,0.39537501288577914,0
7041,159.48465566697996,0.3676250344142318,0
7042,159.49514370801626,0.3463749890215695,0
7043,159.50803958298638,0.340208993293345,0
7044,159.52092612499837,0.39495801320299506,0
7045,159.53387679200387,0.43641601223498583,0
7046,159.54687925003236,0.5127499462105334,0
7047,159.55995737499325,0.4522080416791141,0
7048,159.57297287503025,0.47154194908216596,0
7049,159.58431108301738,0.500958994962275,0
7050,159.59738216700498,0.46454102266579866,0
7051,159.6104086249834,0.3720000386238098,0
7052,159.62333849997958,0.36916701355949044,0
7053,159.6362616670085,,1
7054,159.74863029201515,0.5075829685665667,0
7055,159.76169487502193,0.41087495628744364,0
7056,159.7746632079943,,1
7057,159.88875562499743,0.5445000133477151,0
7058,159.90186429198366,0.4161660326644778,0
7059,159.91402050002944,0.3547499654814601,0
7060,159.92694012500579,0.4294170066714287,0
7061,159.93853408301948,0.3911249805241823,0
7062,159.95105254201917,0.35158300306648016,0
7063,159.96396237501176,0.3535000141710043,0
7064,159.97687345801387,0.35262497840449214,0
7065,159.98977979202755,0.35904097603634,0
7066,160.00229904201115,0.23929099552333355,0
7067,160.01508658297826,0.26641704607754946,0
7068,160.0254922080203,0.25804201140999794,0
7069,160.03747779200785,0.209915975574404,0
7070,160.04868191701826,0.26304100174456835,0
7071,160.06149095803266,0.2708749962039292,0
7072,160.07431512500625,0.2732920111157,0
7073,160.08716037502745,0.23583299480378628,0
7074,160.0982584580197,0.28420897433534265,0
7075,160.11109004198806,0.24454103549942374,0
7076,160.12177658302244,0.2358339843340218,0
7077,160.13319104199763,,1
7078,160.24706654198235,,1
7079,160.36102008301532,,1
7080,160.47486879199278,0.6981249898672104,0
7081,160.4881647080183,0.4804590134881437,0
7082,160.50121037499048,,1
7083,160.61386804201175,0.5232080002315342,0
7084,160.62696562497877,0.2603750326670706,0
7085,160.6397772920318,0.28804095927625895,0
7086,160.65069224999752,0.35099999513477087,0
7087,160.66359895799542,0.311249983496964,0
7088,160.67563379200874,0.27204101206734776,0
7089,160.68843625002773,0.28899998869746923,0
7090,160.69921054202132,0.36645797081291676,0
7091,160.71213816700038,0.30416599474847317,0
7092,160.72498395800358,0.30212500132620335,0
7093,160.73786654201103,0.27174997376278043,0
7094,160.75022766698385,0.2768750418908894,0
7095,160.7627153749927,0.28783304151147604,0
7096,160.77554375003092,0.2716250019147992,0
7097,160.78594016702846,0.25587499840185046,0
7098,160.79873995803064,0.2768339472822845,0
7099,160.80940454202937,0.3190829884260893,0
7100,160.8222692499985,0.3311249893158674,0
7101,160.83515112497844,0.2988750347867608,0
7102,160.84737124998355,0.34775002859532833,0
7103,160.85939095797949,0.5108340410515666,0
7104,160.87187479203567,0.4872499848715961,0
7105,160.88491316698492,,1
7106,160.99870524997823,0.47150003956630826,0
7107,161.0117434170097,0.21241599461063743,0
7108,161.02449158299714,0.12733403127640486,0
7109,161.03554954199353,0.20254100672900677,0
7110,161.04597812501015,0.19583298126235604,0
7111,161.05872058297973,0.22133404854685068,0
7112,161.06962654198287,0.21637504687532783,0
7113,161.0807015420287,0.2108750049956143,0
7114,161.09345279203262,0.27183297788724303,0
7115,161.10522387502715,0.2587079652585089,0
7116,161.11683237500256,0.2429169835522771,0
7117,161.12961950001772,0.21579198073595762,0
7118,161.14084433298558,0.21937501151114702,0
7119,161.15360316698207,0.2039160463027656,0
7120,161.1663769169827,0.2004160196520388,0
7121,161.17914029199164,0.39545801701024175,0
7122,161.19211908301804,0.3944169729948044,0
7123,161.20456295798067,,1
7124,161.3184098750353,,1
7125,161.43173945799936,0.6360840052366257,0
7126,161.44495320803253,0.4104999825358391,0
7127,161.4562697079964,0.46325003495439887,0
7128,161.4682743329904,0.42862503323704004,0
7129,161.48070704203565,0.5408749566413462,0
7130,161.49379908299306,0.3262090031057596,0
7131,161.50667529198108,0.37100003100931644,0
7132,161.51793708303012,0.38166699232533574,0
7133,161.528979833005,0.36741700023412704,0
7134,161.54189766698983,0.39841601392254233,0
7135,161.55485854198923,0.4889580304734409,0
7136,161.567913707986,0.4831670084968209,0
7137,161.58095941698411,0.5337500479072332,0
7138,161.592839458026,0.48091699136421084,0
7139,161.60589254199294,0.4420410259626806,0
7140,161.61888908297988,0.41191704804077744,0
7141,161.63070645800326,0.39362499956041574,0
7142,161.64365662500495,,1
7143,161.75738149997778,0.42625004425644875,0
7144,161.77035895799054,0.35916699562221766,0
7145,161.78328620799584,0.35245902836322784,0
7146,161.7961869169958,0.3202499938197434,0
7147,161.8090530000045,0.33320800866931677,0
7148,161.82194175000768,0.4092919989489019,0
7149,161.83490324998274,0.365958025213331,0
7150,161.84783275000518,0.4737080307677388,0
7151,161.85980208299588,0.3944170312024653,0
7152,161.87186904199189,0.4551660385914147,0
7153,161.88487695797812,0.41850004345178604,0
7154,161.89636866701767,0.362665974535048,0
7155,161.90935420797905,0.46975002624094486,0
7156,161.92044833302498,0.39716699393466115,0
7157,161.93345241702627,0.39679097244516015,0
7158,161.9449480830226,0.3338750102557242,0
7159,161.95784087502398,0.27887499891221523,0
7160,161.97016441699816,0.24274998577311635,0
7161,161.9806948750047,0.3214579774066806,0
7162,161.9935618750169,0.20162499276921153,0
7163,162.0063055420178,0.21974998526275158,0
7164,162.01807624998037,0.22654200438410044,0
7165,162.03085187502438,0.234166975133121,0
7166,162.043647375016,0.21374999778345227,0
7167,162.0564019579906,0.20233402028679848,0
7168,162.06881529203383,,1
7169,162.18156066699885,0.2616660203784704,0
7170,162.19439041701844,0.318541016895324,0
7171,162.2072857079911,0.31887501245364547,0
7172,162.2201681670267,0.2628329675644636,0
7173,162.23140674998285,0.21487503545358777,0
7174,162.24191824998707,0.15929201617836952,0
7175,162.25375575001817,0.8613329846411943,0
7176,162.26718262501527,0.3637499758042395,0
7177,162.27834575000452,0.20925002172589302,0
7178,162.28926437499467,0.25216699577867985,0
7179,162.3020733750309,0.2133749658241868,0
7180,162.31403200002387,0.234208011534065,0
7181,162.32681329199113,0.21945801563560963,0
7182,162.33959437499288,0.32579200342297554,0
7183,162.35248554201098,0.21383300190791488,0
7184,162.36419454199495,,1
7185,162.47794383298606,0.3340000403113663,0
7186,162.49082533299224,0.25924999499693513,0
7187,162.5023633330129,0.22308400366455317,0
7188,162.51513416698435,0.26016600895673037,0
7189,162.5260515830014,0.21254201419651508,0
7190,162.53881458297838,0.24329201551154256,0
7191,162.55161220801529,0.26062497636303306,0
7192,162.564032083028,0.24937500711530447,0
7193,162.57605416700244,0.35629101330414414,0
7194,162.58898100000806,0.2941670245490968,0
7195,162.60181895800633,0.2851249882951379,0
7196,162.61468220798997,0.44949998846277595,0
7197,162.62678608298302,0.39770902367308736,0
7198,162.63972400000785,0.3530830144882202,0
7199,162.65262487501604,0.409332977142185,0
7200,162.66558641701704,0.2804999821819365,0
7201,162.67843412503134,0.3332499763928354,0
7202,162.68944958300563,0.20391697762534022,0
7203,162.70219587499741,0.15970802633091807,0
7204,162.71488012501504,0.2062079729512334,0
7205,162.7276094580302,0.18266699044033885,0
7206,162.74032612500014,0.27941702865064144,0
7207,162.75317145802546,0.25579199427738786,0
7208,162.7659723330289,,1
7209,162.87972641701344,0.6582909845747054,0
7210,162.89153941703262,0.42004097485914826,0
7211,162.90453300002264,0.41799998143687844,0
7212,162.9175300829811,0.40379201527684927,0
7213,162.9305133750313,0.43641700176522136,0
7214,162.94352470798185,0.378292053937912,0
7215,162.95646204199875,0.33679098123684525,0
7216,162.96907900000224,0.3321670228615403,0
7217,162.98198466701433,0.4124999977648258,0
7218,162.99495791702066,0.3126249648630619,0
7219,163.0078178329859,0.3177089965902269,0
7220,163.0196847920306,0.3101250040344894,0
7221,163.0307357920101,0.3834579838439822,0
7222,163.0436719999998,0.31625002156943083,0
7223,163.05565845803358,0.3136249724775553,0
7224,163.06852224998875,0.3480419982224703,0
7225,163.08141704200534,0.31770800705999136,0
7226,163.09428050002316,0.3242919920012355,0
7227,163.1071529170149,,1
7228,163.2209014580003,,1
7229,163.33428816701053,0.48695801524445415,0
7230,163.3473422920215,0.44316600542515516,0
7231,163.36034662503516,0.48279197653755546,0
7232,163.3731163329794,0.5470840260386467,0
7233,163.38622295798268,0.4128750297240913,0
7234,163.39814533299068,0.6119169993326068,0
7235,163.4113275000127,0.38354197749868035,0
7236,163.42426616698503,,1
7237,163.53712445800193,0.524875009432435,0
7238,163.54981291701552,0.5114160012453794,0
7239,163.56148470798507,0.3785000299103558,0
7240,163.57444533298258,0.3200420178472996,0
7241,163.58735670801252,0.26125001022592187,0
7242,163.60018729203148,,1
7243,163.71165220800322,0.45583402970805764,0
7244,163.72468083299464,0.30329200671985745,0
7245,163.73754691699287,0.27304101968184114,0
7246,163.75036358297803,0.23625005269423127,0
7247,163.7631770829903,0.22891699336469173,0
7248,163.77564591699047,0.21616602316498756,0
7249,163.78715770802228,0.22308400366455317,0
7250,163.79995616700035,0.22958300542086363,0
7251,163.81273416703334,0.21858297986909747,0
7252,163.8254995419993,,1
7253,163.93902824999532,0.6165829836390913,0
7254,163.95223024999723,0.46608300181105733,0
7255,163.96405016700737,0.3768749884329736,0
7256,163.9769855000195,0.32900000223889947,0
7257,163.98987120803213,0.3392089856788516,0
7258,164.00276091700653,0.3251659800298512,0
7259,164.01564691698877,0.31224999111145735,0
7260,164.02718112501316,0.38595800288021564,0
7261,164.0401224999805,0.341750041116029,0
7262,164.05301962501835,0.3018329734914005,0
7263,164.06586687499657,0.37525000516325235,0
7264,164.07880008302163,0.3446249756962061,0
7265,164.0904422919848,0.3560830373317003,0
7266,164.10237479198258,0.3429159987717867,0
7267,164.11333633301547,0.3671669983305037,0
7268,164.12569254200207,,1
7269,164.23939645802602,,1
7270,164.35147387499455,,1
7271,164.46402374998434,0.5886669969186187,0
7272,164.4766004999983,0.4724580212496221,0
7273,164.4895373749896,0.41087501449510455,0
7274,164.5023819580092,0.38350000977516174,0
7275,164.51327733299695,0.3950420068576932,0
7276,164.52622870798223,0.42970903450623155,0
7277,164.53916350001236,0.46429201029241085,0
7278,164.5521916670259,0.48987497575581074,0
7279,164.56403937499272,0.4556250059977174,0
7280,164.5770367080113,0.3892499953508377,0
7281,164.5899958750233,0.4508749698288739,0
7282,164.60237475001486,0.393416965380311,0
7283,164.61403645802056,0.450958963483572,0
7284,164.6270442919922,0.3738329978659749,0
7285,164.63997191702947,,1
7286,164.75308745802613,4.771999956574291,0
7287,164.76845862501068,0.36862498382106423,0
7288,164.78030912502436,0.1807079534046352,0
7289,164.7930313749821,0.15970802633091807,0
7290,164.80572804203257,0.24654099252074957,0
7291,164.81741216703085,0.20612496882677078,0
7292,164.82793645799393,0.1329589867964387,0
7293,164.8406159169972,0.16270799096673727,0
7294,164.85330479202094,0.1564159756526351,0
7295,164.86371225002222,0.1552079920656979,0
7296,164.87638537498424,,1
7297,164.9900201249984,0.37475000135600567,0
7298,165.00241183303297,0.41383400093764067,0
7299,165.01538779202383,0.3179580089636147,0
7300,165.02826112502953,0.28199999360367656,0
7301,165.04108158301096,0.1804589992389083,0
7302,165.05384870799026,1.3130000443197787,0
7303,165.06776966701727,0.35687501076608896,0
7304,165.0807051670272,,1
7305,165.19315220799763,0.5884169950149953,0
7306,165.2063296670094,0.4867080133408308,0
7307,165.21941349998815,0.3260000376030803,0
7308,165.23231004201807,0.22329099010676146,0
7309,165.24507766700117,0.20150002092123032,0
7310,165.2578188329935,0.19629200687631965,0
7311,165.27056070801336,0.2874169731512666,0
7312,165.28340424998896,0.22616703063249588,0
7313,165.29618295800174,0.19845901988446712,0
7314,165.30892183299875,0.195500033441931,0
7315,165.32165825000266,0.288875016849488,0
7316,165.33449045801535,0.28141698567196727,0
7317,165.3473218330182,0.3017919952981174,0
7318,165.3601707079797,0.4598340019583702,0
7319,165.37321370799327,0.4884999943897128,0
7320,165.3862706249929,0.39666699012741446,0
7321,165.39734887500526,0.36279199412092566,0
7322,165.41026541701285,0.3650410217233002,0
7323,165.42327462503454,0.4177919472567737,0
7324,165.43416870798683,0.40895899292081594,0
7325,165.4471482920344,0.4374159616418183,0
7326,165.45893633301603,0.34545897506177425,0
7327,165.4718308330048,0.40183402597904205,0
7328,165.48260679200757,0.42945798486471176,0
7329,165.4955716250115,0.35345798823982477,0
7330,165.5084870000137,0.3581250202842057,0
7331,165.52139812498353,0.40133303264155984,0
7332,165.5343576670275,0.4005410009995103,0
7333,165.54603329201927,0.41754101403057575,0
7334,165.5589995420305,0.43987500248476863,0
7335,165.57199987501372,0.40433299727737904,0
7336,165.584951249999,,1
7337,165.69790374999866,0.3587499959394336,0
7338,165.71080295799766,0.2564589958637953,0
7339,165.72360512497835,0.32533303601667285,0
7340,165.73648591700476,0.3976660082116723,0
7341,165.74943658302072,0.34733396023511887,0
7342,165.76345425000181,0.3234579926356673,0
7343,165.7763215000159,,1
7344,165.88803933298914,0.6065840134397149,0
7345,165.90125395799987,,1
7346,166.01502987497952,0.4597500083036721,0
7347,166.02804883301724,0.3694589831866324,0
7348,166.04097545798868,0.3963750205002725,0
7349,166.05395191698335,0.35387504613026977,0
7350,166.06489650002914,0.2887499867938459,0
7351,166.0777267080266,0.3684999537654221,0
7352,166.09044579201145,0.4237079992890358,0
7353,166.10332887503318,0.36929198540747166,0
7354,166.11625254200771,0.38541597314178944,0
7355,166.1291901670047,0.36641600308939815,0
7356,166.14211125002475,,1
7357,166.2552138750325,0.520832953043282,0
7358,166.26832500001183,0.42399996891617775,0
7359,166.28071133303456,0.4005839582532644,0
7360,166.29367279203143,0.3767909947782755,0
7361,166.30659112503054,0.35379198379814625,0
7362,166.319495792035,0.4427909734658897,0
7363,166.33249954198254,0.4278330015949905,0
7364,166.34359270799905,0.3868750063702464,0
7365,166.35594433301594,,1
7366,166.4697439169977,0.5726660019718111,0
7367,166.482894167013,0.4510830040089786,0
7368,166.49591012502788,0.4060829523950815,0
7369,166.5088809169829,0.39425003342330456,0
7370,166.5200151670142,0.4017080063931644,0
7371,166.5328790830099,0.441625015810132,0
7372,166.54467000003206,0.3837919794023037,0
7373,166.55611470801523,0.4992500180378556,0
7374,166.56821325002238,0.5518329562619328,0
7375,166.58071720798034,,1
7376,166.69451745803235,0.518666987773031,0
7377,166.70668616698822,0.4776249988935888,0
7378,166.71972362499218,0.5270420224405825,0
7379,166.73281795799267,0.4023750079795718,0
7380,166.74577462498564,0.3090830286964774,0
7381,166.75863883300917,0.32287498470395803,0
7382,166.7715119170025,0.39125001057982445,0
7383,166.7844589999877,0.3779580001719296,0
7384,166.7973692920059,0.3915830166079104,0
7385,166.8103127499926,,1
7386,166.92359883303288,0.5210419767536223,0
7387,166.93670079199364,0.5050830077379942,0
7388,166.9497717919876,0.24449999909847975,0
7389,166.9602530419943,0.1437499886378646,0
7390,166.97293695801636,0.15537498984485865,0
7391,166.98561625002185,0.14404195826500654,0
7392,166.99828208301915,0.13995898189023137,0
7393,167.0109475000063,0.15529198572039604,0
7394,167.02364854200277,0.24279102217406034,0
7395,167.03645870799664,0.17354200826957822,0
7396,167.04753312503453,0.17858296632766724,0
7397,167.06024900003104,0.20891695749014616,0
7398,167.07275904202834,,1
7399,167.18495258298935,0.3712500329129398,0
7400,167.1973701249808,0.31266704900190234,0
7401,167.20968391699716,0.3150000120513141,0
7402,167.2225469169789,0.28137501794844866,0
7403,167.23527258302784,0.24495896650478244,0
7404,167.24698845803505,0.32241694862022996,0
7405,167.25855720799882,0.3536249860189855,0
7406,167.27144704200327,0.26070798048749566,0
7407,167.28424437501235,,1
7408,167.39798366703326,0.4931250005029142,0
7409,167.4094275420066,0.3138749743811786,0
7410,167.42187091702363,0.3679579822346568,0
7411,167.43480437499238,0.3700000233948231,0
7412,167.4465124999988,0.3242919920012355,0
7413,167.4593834580155,0.34604198299348354,0
7414,167.47228225000435,0.373166985809803,0
7415,167.48397699999623,0.3327500307932496,0
7416,167.49686458299402,0.35966699942946434,0
7417,167.50979670800734,0.31920900801196694,0
7418,167.52203887503128,0.4000829649157822,0
7419,167.53499866701895,,1
7420,167.6474548749975,0.6655420293100178,0
7421,167.65904429199873,0.4594160127453506,0
7422,167.67066612502094,0.44766697101294994,0
7423,167.68369158299174,0.3687090356834233,0
7424,167.69664291699883,0.37233298644423485,0
7425,167.70960425003432,0.49279199447482824,0
7426,167.72035349998623,,1
7427,167.83416412502993,,1
7428,167.94679733301746,0.5902089760638773,0
7429,167.9599670000025,0.35500002559274435,0
7430,167.97287387499819,0.3148330142721534,0
7431,167.9857457500184,0.44133298797532916,0
7432,167.99733937502606,,1
7433,168.1108330829884,0.5279590259306133,0
7434,168.12392241699854,0.3805410233326256,0
7435,168.1359937079833,0.39358402136713266,0
7436,168.14667483302765,0.32870896393433213,0
7437,168.15755083301337,0.33541698940098286,0
7438,168.16988445800962,0.30808401061221957,0
7439,168.18091837503016,,1
7440,168.2949099999969,0.4032920114696026,0
7441,168.30786787503166,0.25466695660725236,0
7442,168.32067554199602,0.3072909894399345,0
7443,168.33243929198943,0.3316660295240581,0
7444,168.34531637502369,0.2714999718591571,0
7445,168.35814312502043,0.4646249581128359,0
7446,168.3687267919886,0.433333043474704,0
7447,168.38171058299486,0.40429201908409595,0
7448,168.39304108300712,0.5288749816827476,0
7449,168.40612512500957,0.31633302569389343,0
7450,168.41898825002136,0.3815419622696936,0
7451,168.43070016702404,0.38712500827386975,0
7452,168.44364025001414,0.38358301389962435,0
7453,168.45624274999136,0.43991702841594815,0
7454,168.46922924998216,0.38866704562678933,0
7455,168.4806854579947,0.38570899050682783,0
7456,168.49361979198875,0.4047910333611071,0
7457,168.50658358301735,0.39345899131149054,0
7458,168.51818954199553,0.3982909838669002,0
7459,168.52979670802597,0.44291699305176735,0
7460,168.54278966702987,0.41341595351696014,0
7461,168.55469904199708,0.41558302473276854,0
7462,168.56767895800294,0.5848340224474669,0
7463,168.58022599999094,0.5797080229967833,0
7464,168.59185658302158,1.7013339675031602,0
7465,168.6061393750133,0.4432499990798533,0
7466,168.6191594999982,,1
7467,168.73296695802128,0.627624976914376,0
7468,168.74618208303582,0.4253339720889926,0
7469,168.7591685000225,0.3857499687001109,0
7470,168.77212645800319,0.3950420068576932,0
7471,168.7850960000069,0.3577499883249402,0
7472,168.79800287500257,0.36216701846569777,0
7473,168.81091749999905,0.3689170116558671,0
7474,168.82384808303323,0.3564590006135404,0
7475,168.8367583330255,0.43108395766466856,0
7476,168.84907879203092,0.5213329568505287,0
7477,168.862157125026,0.47379196621477604,0
7478,168.87522541702492,0.5690829711966217,0
7479,168.88834945799317,0.4557089996524155,0
7480,168.90091000002576,0.39366696728393435,0
7481,168.91284266702132,0.40962500497698784,0
7482,168.92455420800252,0.3523339983075857,0
7483,168.9374509580084,0.3905000048689544,0
7484,168.9504025829956,,1
7485,169.06403537502047,0.45250001130625606,0
7486,169.07604670798173,0.3705840208567679,0
7487,169.08895758300787,0.19558402709662914,0
7488,169.1001522919978,0.19629101734608412,0
7489,169.1128754580277,0.1616249792277813,0
7490,169.1255583750317,0.15016697579994798,0
7491,169.1382370000356,0.144416990224272,0
7492,169.15090154198697,0.14991604257375002,0
7493,169.16360700002406,0.28020795434713364,0
7494,169.17645208298927,0.1496670302003622,0
7495,169.18883770803222,,1
7496,169.30250158300623,0.40420901495963335,0
7497,169.3154613749939,0.3220830112695694,0
7498,169.32835000002524,0.25699997786432505,0
7499,169.3404505830258,0.33545895712450147,0
7500,169.35190704202978,0.3448329516686499,0
7501,169.36479283298831,0.33995899138972163,0
7502,169.37735949998023,,1
7503,169.49110412498703,0.5658750305883586,0
7504,169.5023767920211,0.411874963901937,0
7505,169.51536145800492,,1
7506,169.6291679579881,0.5630840314552188,0
7507,169.64229916699696,0.3945000353269279,0
7508,169.6545080000069,0.4130000015720725,0
7509,169.66748354199808,0.3547079977579415,0
7510,169.68039491702802,0.32720796298235655,0
7511,169.69112683302956,0.309416966047138,0
7512,169.70398841699352,0.361250014975667,0
7513,169.71612179197837,0.448125007096678,0
7514,169.72911929199472,0.37366600008681417,0
7515,169.7420552080148,0.3922089817933738,0
7516,169.75499679200584,0.3774579963646829,0
7517,169.76627612498123,0.31050003599375486,0
7518,169.7791295829811,0.2922500134445727,0
7519,169.7894745420199,0.29579096008092165,0
7520,169.80233841697918,,1
7521,169.9161186250276,0.6678749923594296,0
7522,169.92937933298526,0.5223750486038625,0
7523,169.94040700001642,0.41516701458022,0
7524,169.95104449999053,0.38179202238097787,0
7525,169.9639774170355,0.3132499987259507,0
7526,169.97682979202364,0.32379099866375327,0
7527,169.98971483303467,0.3249589935876429,0
7528,170.00275687500834,0.33383298432454467,0
7529,170.01564204198075,0.31466601649299264,0
7530,170.02849524997873,0.29666704358533025,0
7531,170.04133637499763,,1
7532,170.1550550829852,0.4312090459279716,0
7533,170.1670669580344,0.35958399530500174,0
7534,170.17842754203593,0.2870829775929451,0
7535,170.19126083300216,0.3161670174449682,0
7536,170.20412841701182,0.36233296850696206,0
7537,170.21705287502846,0.38658297853544354,0
7538,170.22999320802046,0.2912919735535979,0
7539,170.2428274580161,0.30987500213086605,0
7540,170.25364549999358,0.31404203036800027,0
7541,170.2654895830201,0.5254590068943799,0
7542,170.277271458006,0.3331669722683728,0
7543,170.28871724999044,0.2899999963119626,0
7544,170.30031587497797,0.3018750576302409,0
7545,170.31308095803251,0.33074995735660195,0
7546,170.32370687503135,0.3596249734982848,0
7547,170.33662008302053,0.4117499920539558,0
7548,170.34959975001402,0.47916697803884745,0
7549,170.36262662499212,0.47329202061519027,0
7550,170.37321916699875,0.5763330264016986,0
7551,170.3863608330139,,1
7552,170.49794758303324,0.4954999894835055,0
7553,170.50957420800114,0.3801250131800771,0
7554,170.5225267080241,,1
7555,170.63631012500264,0.5151670193299651,0
7556,170.64939033298288,0.4008340183645487,0
7557,170.66235020803288,0.31849998049438,0
7558,170.67522387503413,0.35924999974668026,0
7559,170.68814058299176,0.3332089981995523,0
7560,170.7010296669905,0.31995802419260144,0
7561,170.7139128749841,0.34845800837501884,0
7562,170.72681633301545,0.32524997368454933,0
7563,170.73794383299537,0.3095000283792615,0
7564,170.75078808300896,0.3297089715488255,0
7565,170.76366729201982,0.3702499670907855,0
7566,170.77632158302004,0.34058396704494953,0
7567,170.78921037499094,0.32837502658367157,0
7568,170.80208616697928,0.3028750070370734,0
7569,170.81403845798923,,1
7570,170.9277483749902,0.49216701881960034,0
7571,170.94080345798284,0.45658403541892767,0
7572,170.9538195420173,,1
7573,171.0651264580083,0.42683398351073265,0
7574,171.07604116701987,0.39420800749212503,0
7575,171.08698941703187,,1
7576,171.2001184580149,0.5256669828668237,0
7577,171.21322199999122,0.445583020336926,0
7578,171.22623545798706,0.3729590098373592,0
7579,171.23734833300114,0.20037498325109482,0
7580,171.2500826669857,0.16320799477398396,0
7581,171.26277283299714,0.14583399752154946,0
7582,171.27544183301507,0.15724997501820326,0
7583,171.28812095802277,,1
7584,171.4017938330071,,1
7585,171.5138027499779,0.6943750195205212,0
7586,171.52712795801926,0.46800001291558146,0
7587,171.54018879198702,0.5069160251878202,0
7588,171.55082479200792,0.5796659970656037,0
7589,171.5639861249947,0.5367500125430524,0
7590,171.5760425000335,0.3760829567909241,0
7591,171.58899120800197,0.3785419976338744,0
7592,171.60065187502187,0.27299998328089714,0
7593,171.61226104199886,,1
7594,171.72601924999617,0.4950420116074383,0
7595,171.73911545798182,,1
7596,171.85225412499858,0.3890420193783939,0
7597,171.86328108300222,,1
7598,171.97709208301967,0.502375012729317,0
7599,171.99016791698523,0.2322500222362578,0
7600,172.00237837497843,0.2175000263378024,0
7601,172.01308683300158,0.17850002041086555,0
7602,172.02580891700927,,1
7603,172.13950008299435,0.3178750048391521,0
7604,172.15236595802708,,1
7605,172.26434841699665,0.24766603019088507,0
7606,172.27714170800755,0.21845899755135179,0
7607,172.28991975000827,0.1932079903781414,0
7608,172.3024102920317,0.1872080028988421,0
7609,172.31344425003044,0.17133296933025122,0
7610,172.32615725003416,0.2496249508112669,0
7611,172.33895850001136,0.26300002355128527,0
7612,172.35177766700508,0.43966597877442837,0
7613,172.36402629199438,0.3933330299332738,0
7614,172.37593949999427,0.5135830142535269,0
7615,172.38803458301118,0.4152919864282012,0
7616,172.4010292920284,0.408999971114099,0
7617,172.41399391699815,0.5652499967254698,0
7618,172.42713458300568,0.5142500158399343,0
7619,172.4385459580226,0.5446249851956964,0
7620,172.45104929199442,0.452833017334342,0
7621,172.4637540000258,2.632416959386319,0
7622,172.47896829200909,,1
7623,172.58998041698942,0.37954101571813226,0
7624,172.6009300419828,0.40141603676602244,0
7625,172.61377983301645,0.4818339948542416,0
7626,172.62858158303425,1.0103339445777237,0
7627,172.64220950001618,0.28212496545165777,0
7628,172.65505470801145,0.2524169976823032,0
7629,172.66695174999768,0.2560830325819552,0
7630,172.67977412499022,0.3625000244937837,0
7631,172.6919724579784,0.5969170015305281,0
7632,172.70455583301373,0.2649999805726111,0
7633,172.71514575002948,0.3452079836279154,0
7634,172.72605479200138,0.323207990732044,0
7635,172.7383097920101,,1
7636,172.85152891703183,0.3477499703876674,0
7637,172.86428812501254,,1
7638,172.97810454200953,0.4101250087842345,0
7639,172.9910769169801,0.28075004229322076,0
7640,173.00394525000593,,1
7641,173.1151772920275,0.5231659743003547,0
7642,173.12641079199966,0.4101659869775176,0
7643,173.1385806670296,0.41454099118709564,0
7644,173.15054499998223,0.2791670267470181,0
7645,173.16193266701885,0.22737501421943307,0
7646,173.17470954201417,0.262790999840945,0
7647,173.18746666703373,0.2625829656608403,0
7648,173.20028058299795,,1
7649,173.3139694170095,0.3982079797424376,0
7650,173.3269192079897,0.31808402854949236,0
7651,173.33978658303386,0.36287499824538827,0
7652,173.35271666699555,0.4974580369889736,0
7653,173.36462333297823,1.3991250307299197,0
7654,173.37691620801343,0.33491698559373617,0
7655,173.38983520801412,0.22425001952797174,0
7656,173.40259762498317,0.1478750491514802,0
7657,173.41527812503045,0.14470797032117844,0
7658,173.42794729198795,0.14120800187811255,0
7659,173.44060466700466,0.1611660118214786,0
7660,173.45331641699886,0.3476249985396862,0
7661,173.46414779202314,0.32841600477695465,0
7662,173.47703833301784,0.2596669946797192,0
7663,173.48744008300127,,1
7664,173.6002147080144,0.6027499912306666,0
7665,173.61344345798716,0.4312500241212547,0
7666,173.62573899998097,0.6304580019786954,0
7667,173.63761195802363,0.39612496038898826,0
7668,173.64948675001506,0.5853750044479966,0
7669,173.6613599580014,0.3790840273723006,0
7670,173.67320845799986,0.8490420295856893,0
7671,173.68671370798256,0.7202920387499034,0
7672,173.7001016670256,0.5954160005785525,0
7673,173.71387962502195,1.1633329559117556,0
7674,173.72657808300573,0.6068340153433383,0
7675,173.73785304202465,0.550166005268693,0
7676,173.7486831669812,0.34804100869223475,0
7677,173.76180320803542,0.46674994518980384,0
7678,173.7748854170204,0.579457962885499,0
7679,173.78805491700768,0.46737497905269265,0
7680,173.80113929201616,0.4749579820781946,0
7681,173.81185170798562,0.5136670079082251,0
7682,173.8249887499842,0.33558299764990807,0
7683,173.83792079199338,0.5034999921917915,0
7684,173.8506185830338,0.49466697964817286,0
7685,173.8634417920257,0.4290000069886446,0
7686,173.8753313330235,0.5909589817747474,0
7687,173.88853483297862,0.6687090499326587,0
7688,173.90098516701255,0.5524579901248217,0
7689,173.91284879198065,0.36025000736117363,0
7690,173.92473241698463,,1
7691,174.03806458303006,0.581999949645251,0
7692,174.05054783303058,0.2579999854788184,0
7693,174.06242324999766,0.22004201309755445,0
7694,174.0751963329967,0.2067500026896596,0
7695,174.0887329169782,0.20937505178153515,0
7696,174.1014945830102,0.1989169977605343,0
7697,174.1135078750085,0.14174997340887785,0
7698,174.1257571669994,0.21908298367634416,0
7699,174.1372837080271,0.23133400827646255,0
7700,174.15007658302784,0.22708397591486573,0
7701,174.16061983298277,0.15070900553837419,0
7702,174.17330804199446,0.24212501011788845,0
7703,174.18560979200993,0.20016601774841547,0
7704,174.19688270799816,0.1893340377137065,0
7705,174.20962595799938,0.20883401157334447,0
7706,174.22016145801172,0.21308398572728038,0
7707,174.23294937500032,0.20520802354440093,0
7708,174.24570087500615,0.20112498896196485,0
7709,174.25845462502912,0.20579196279868484,0
7710,174.27120904199546,0.2169160288758576,0
7711,174.28362229198683,0.19545800751075149,0
7712,174.29638591699768,0.2644159831106663,0
7713,174.30850166699383,0.11433300096541643,0
7714,174.3216169999796,0.306583009660244,0
7715,174.3333850830095,0.2672090195119381,0
7716,174.34467645798577,0.25616702623665333,0
7717,174.35749812499853,0.3738750237971544,0
7718,174.3704388749902,0.4253750084899366,0
7719,174.38226770801703,0.5087089957669377,0
7720,174.39412537502358,0.2412499743513763,0
7721,174.40693520801142,,1
7722,174.51904987503076,0.4503329982981086,0
7723,174.5307212920161,0.3608330152928829,0
7724,174.54269379202742,0.28733297949656844,0
7725,174.5555450830143,0.3209169954061508,0
7726,174.56799825001508,0.3115829895250499,0
7727,174.57897058298113,0.3105420037172735,0
7728,174.5901910000248,0.29558298410847783,0
7729,174.6030324579915,,1
7730,174.71676820801804,0.43587497202679515,0
7731,174.72863120801048,0.4989170120097697,0
7732,174.74111945799086,0.3060420276597142,0
7733,174.75238737498876,0.5045830039307475,0
7734,174.7654682919965,0.3684160183183849,0
7735,174.77790291700512,0.19279099069535732,0
7736,174.79064416699111,0.18025003373622894,0
7737,174.80336970801,0.16583397518843412,0
7738,174.81533750001108,0.1811669790185988,0
7739,174.82810337498086,0.1302080345340073,0
7740,174.84076191700296,0.2563329762779176,0
7741,174.8535688330303,0.2887919545173645,0
7742,174.8663942500134,,1
7743,174.9801243750262,0.499082962051034,0
7744,174.99319320800714,0.33233402064070106,0
7745,175.00608904199908,0.3029999788850546,0
7746,175.0189766670228,0.32712495885789394,0
7747,175.0307295829989,0.2780840150080621,0
7748,175.04241812502733,0.2797499764710665,0
7749,175.05524150002748,0.2924169530160725,0
7750,175.0680860420107,0.28899998869746923,0
7751,175.08092450001277,0.2716250019147992,0
7752,175.09266912500607,,1
7753,175.2063686249894,,1
7754,175.32016133301659,0.5022090044803917,0
7755,175.333238332998,0.42454199865460396,0
7756,175.34623616700992,0.35687501076608896,0
7757,175.3591960420017,0.7017080206423998,0
7758,175.37137125001755,0.5638750153593719,0
7759,175.38453237502836,0.43041695607826114,0
7760,175.3975245000329,0.3900829469785094,0
7761,175.40997287502978,0.3969169920310378,0
7762,175.42291487503098,0.42870797915384173,0
7763,175.43590462498832,0.4277920234017074,0
7764,175.44738645799225,0.4762920434586704,0
7765,175.46042200003285,,1
7766,175.57420333300252,0.3814590163528919,0
7767,175.58712966699386,0.2013749908655882,0
7768,175.5998794999905,0.26233302196487784,0
7769,175.61270237498684,0.213958031963557,0
7770,175.62351979198866,0.1746250200085342,0
7771,175.63623129198095,0.25458302116021514,0
7772,175.6467225420056,0.2616660203784704,0
7773,175.65866695798468,0.249417033046484,0
7774,175.67138220800553,0.24091702653095126,0
7775,175.6841767919832,0.24020799901336432,0
7776,175.69695845799288,0.24162500631064177,0
7777,175.70975070801796,0.23037497885525227,0
7778,175.72252170799766,0.2239589812234044,0
7779,175.73378504201537,0.2288329997099936,0
7780,175.74656308302656,0.2541669528000057,0
7781,175.75930750003317,0.254457991104573,0
7782,175.7721356250113,0.2300000051036477,0
7783,175.78491674998077,0.24275004398077726,0
7784,175.7977074580267,0.27045898605138063,0
7785,175.8084919580142,0.2947920002043247,0
7786,175.8213393749902,0.29137503588572145,0
7787,175.8340138749918,0.30025001615285873,0
7788,175.84606916701887,0.28249999741092324,0
7789,175.85892216698267,0.5992079968564212,0
7790,175.8721029580338,0.2964589511975646,0
7791,175.8849552500178,0.2615830162540078,0
7792,175.89640216698172,0.16887503443285823,0
7793,175.9082282499876,0.1883750082924962,0
7794,175.9197271669982,0.2306249807588756,0
7795,175.93064658303047,0.4171669716015458,0
7796,175.94167429202935,0.3192909643985331,0
7797,175.9540076670237,0.3154999576508999,0
7798,175.965989792021,0.43958297464996576,0
7799,175.9766785830143,0.39695901796221733,0
7800,175.9896183750243,0.35633298102766275,0
7801,176.00252612499753,0.3423329908400774,0
7802,176.0130287919892,0.4716250114142895,0
7803,176.02593295800034,0.42574998224154115,0
7804,176.03854345798027,0.4009590484201908,0
7805,176.05154433299322,0.4533749888651073,0
7806,176.06404741702136,0.38716598646715283,0
7807,176.07699237501947,0.33466698369011283,0
7808,176.08896179200383,0.9563330095261335,0
7809,176.102476458007,0.39420899702236056,0
7810,176.11542137502693,0.33024995354935527,0
7811,176.12667483300902,0.3429169883020222,0
7812,176.13748666702304,,1
7813,176.2511799579952,,1
7814,176.3638604580192,0.7406249642372131,0
7815,176.37482491700212,0.8546250173822045,0
7816,176.38802358298562,0.48874999629333615,0
7817,176.3997816669871,0.5136250401847064,0
7818,176.4128758329898,0.5825420375913382,0
7819,176.42525625001872,0.6466250051744282,0
7820,176.43680229200982,1.110540993977338,0
7821,176.45052562502678,0.5378329660743475,0
7822,176.46367604198167,0.5988750490359962,0
7823,176.47691533301258,0.5978749832138419,0
7824,176.49013504199684,0.7017080206423998,0
7825,176.50349554198328,0.46325003495439887,0
7826,176.5157510000281,0.6487499922513962,0
7827,176.52851291699335,0.6442500161938369,0
7828,176.54122341697803,0.6118330056779087,0
7829,176.5545232500299,0.5960830021649599,0
7830,176.56773162499303,0.4967080312781036,0
7831,176.58084129198687,0.8930000476539135,0
7832,176.59440591698512,0.6663750391453505,0
7833,176.60774212499382,0.6293330225162208,0
7834,176.62100899999496,0.6755000213161111,0
7835,176.6320357079967,0.6258750217966735,0
7836,176.64528300001984,0.4760000156238675,0
7837,176.65837820799788,0.6318750092759728,0
7838,176.67165120801656,0.6937090074643493,0
7839,176.684994500014,0.7798330043442547,0
7840,176.69744858302874,0.7227089954540133,0
7841,176.7108513750136,0.6964579806663096,0
7842,176.7241788749816,0.6177080213092268,0
7843,176.7374855829985,0.4431250272318721,0
7844,176.75011983298464,0.5361250368878245,0
7845,176.76327024999773,0.59833301929757,0
7846,176.7764985000249,0.5217499565333128,0
7847,176.78803837503074,0.4011249984614551,0
7848,176.80058158299653,0.3708750009536743,0
7849,176.81302808300825,0.4442919744178653,0
7850,176.8260447080247,0.4533749888651073,0
7851,176.83855441701598,0.4980000085197389,0
7852,176.85057516698726,,1
7853,176.9644415830262,0.5504169967025518,0
7854,176.97759629198117,0.43045805068686604,0
7855,176.99060895800358,0.4213749780319631,0
7856,177.00362224999117,0.3832500078715384,0
7857,177.0165914579993,0.48733397852629423,0
7858,177.02982087503187,0.848083000164479,0
7859,177.04327387502417,0.5146669573150575,0
7860,177.05409241700545,0.6417080294340849,0
7861,177.06732566701248,0.4926249966956675,0
7862,177.0804761670297,0.5037079681642354,0
7863,177.093604166992,0.5002079997211695,0
7864,177.10671829199418,0.44541602255776525,0
7865,177.11976491700625,0.4711250076070428,0
7866,177.132836417004,,1
7867,177.24625179200666,0.4949580179527402,0
7868,177.25931058300193,0.24100003065541387,0
7869,177.27135900000576,0.28837501304224133,0
7870,177.28421683300985,0.4302500165067613,0
7871,177.29636616702192,0.25420798920094967,0
7872,177.30694870802108,,1
7873,177.4180386249791,0.45404204865917563,0
7874,177.42906604200834,0.4565829876810312,0
7875,177.44211929198354,0.3905000048689544,0
7876,177.45335054199677,0.4974580369889736,0
7877,177.46651541697793,0.3232500166632235,0
7878,177.4773170420085,0.4587500006891787,0
7879,177.49034016701626,0.2673330018296838,0
7880,177.50315570802195,0.23016700288280845,0
7881,177.51593579200562,0.3781659761443734,0
7882,177.52888200001325,0.33116701524704695,0
7883,177.54153500002576,0.4460419877432287,0
7884,177.55460229201708,0.4599579842761159,0
7885,177.56764912500512,0.39474997902289033,0
7886,177.58063470799243,0.35804201615974307,0
7887,177.5935599170043,0.2654999843798578,0
7888,177.60466458299197,0.2602500026114285,0
7889,177.617538416991,0.299000006634742,0
7890,177.63042241701623,0.5326250102370977,0
7891,177.64311270799953,0.26462500682100654,0
7892,177.6551914170268,0.2431659959256649,0
7893,177.6654905829928,0.1431670389138162,0
7894,177.67816766700707,0.18037500558421016,0
7895,177.69089391699526,0.1829580287449062,0
7896,177.7036193329841,,1
7897,177.81732758303406,0.4373749834485352,0
7898,177.83259704202646,0.5852499743923545,0
7899,177.84450008301064,0.34241698449477553,0
7900,177.85740658303257,0.31695899087935686,0
7901,177.8702902920195,,1
7902,177.98413441702724,0.5187499918974936,0
7903,177.9972710420261,,1
7904,178.10890983301215,0.8454169728793204,0
7905,178.12239137501456,1.0433749994263053,0
7906,178.1360408749897,0.6687919958494604,0
7907,178.14931725000497,0.5879999953322113,0
7908,178.16168170800665,,1
7909,178.27561025001341,0.5929999751970172,0
7910,178.288786042016,0.6042909808456898,0
7911,178.3013490830199,,1
7912,178.41358574997867,0.6565000512637198,0
7913,178.4268317919923,0.3155409940518439,0
7914,178.43736245803302,0.779291964136064,0
7915,178.45079149998492,0.34508301177993417,0
7916,178.46305108303204,0.46549999387934804,0
7917,178.47485962498467,0.41137501830235124,0
7918,178.48787241702667,0.3714580088853836,0
7919,178.49965954199433,0.6238750065676868,0
7920,178.5129364170134,0.44895801693201065,0
7921,178.5252367919893,0.5995830288156867,0
7922,178.53843229199992,0.5609160289168358,0
7923,178.54935045802267,0.45137497363612056,0
7924,178.56240500003332,0.45783299719914794,0
7925,178.5750354169868,,1
7926,178.68669383303495,0.41208398761227727,0
7927,178.69902779202675,0.41445798706263304,0
7928,178.71201645798283,0.39929203921929,0
7929,178.7239065829781,0.35720900632441044,0
7930,178.73461091698846,0.34783303271979094,0
7931,178.74685525003588,0.23624999448657036,0
7932,178.75962958298624,0.3432920202612877,0
7933,178.77252808300545,0.43512502452358603,0
7934,178.78536550002173,0.4391669644974172,0
7935,178.79837412503548,0.5467919982038438,0
7936,178.81149312498746,0.47274999087676406,0
7937,178.82342637499096,0.6795420194976032,0
7938,178.83667637500912,0.5647920188494027,0
7939,178.84737883298658,0.5719170439988375,0
7940,178.8605307500111,0.5489999894052744,0
7941,178.87350308301393,0.47845899825915694,0
7942,178.88579491700511,0.5070830229669809,0
7943,178.89835512498394,,1
7944,179.01219529198715,0.6302500260062516,0
7945,179.02540433302056,0.5321669741533697,0
7946,179.0377381669823,,1
7947,179.1515824170201,0.6622499786317348,0
7948,179.1642046670313,0.5415829946286976,0
7949,179.17731345799984,0.48329198034480214,0
7950,179.1903605000116,0.45020796824246645,0
7951,179.20311200001743,0.45416696229949594,0
7952,179.21407008299138,0.4961669910699129,0
7953,179.22713449998992,0.409417029004544,0
7954,179.2399840420112,0.2699579927138984,0
7955,179.2528167500277,,1
7956,179.36660154198762,0.6250410224311054,0
7957,179.37969491700642,0.48291601706296206,0
7958,179.39277212502202,0.40912500116974115,0
7959,179.40574370801914,0.42679201578721404,0
7960,179.4168545419816,0.5479160463437438,0
7961,179.43000883300556,0.48812502063810825,0
7962,179.44307191699045,0.5172500386834145,0
7963,179.45369512500474,0.49754203064367175,0
7964,179.46644099999685,0.4967499990016222,0
7965,179.47949820803478,0.5234999698586762,0
7966,179.49445441702846,0.5697909509763122,0
7967,179.50879479199648,0.6892909877933562,0
7968,179.51987533300417,0.5194999976083636,0
7969,179.53298000001814,,1
7970,179.64684412500355,0.5142500158399343,0
7971,179.65993808303028,0.42091700015589595,0
7972,179.67293950001476,0.33891701605170965,0
7973,179.68584837502567,0.3975419676862657,0
7974,179.69994133303408,0.5101669812574983,0
7975,179.71303699997952,0.7641250267624855,0
7976,179.7263797079795,,1
7977,179.83978508302243,0.24745898554101586,0
7978,179.85260045801988,,1
7979,179.96557524998207,0.47675002133473754,0
7980,179.97663662501145,0.4285000031813979,0
7981,179.98849858302856,0.3528340021148324,0
7982,179.99957020801958,0.7577919750474393,0
7983,180.01314670802094,0.33841701224446297,0
7984,180.0247766249813,0.44425000669434667,0
7985,180.0356247079908,0.32229203497990966,0
7986,180.04715612501604,0.5444170092232525,0
7987,180.05833341699326,1.7587910406291485,0
7988,180.07266633299878,0.3427499905228615,0
7989,180.08559149998473,0.34241704270243645,0
7990,180.0974429170019,0.41745800990611315,0
7991,180.11047091701766,0.4196660011075437,0
7992,180.12178462499287,,1
7993,180.23561533301836,0.629084010142833,0
7994,180.24885858298512,0.3313340130262077,0
7995,180.2617642499972,0.2144580357708037,0
7996,180.2724133330048,0.26983401039615273,0
7997,180.28523004200542,,1
7998,180.39701558300294,0.441916985437274,0
7999,180.4102931250236,0.6290829624049366,0
8000,180.42208691698033,0.5043330020271242,0
8001,180.43517037498532,0.5184580222703516,0
8002,180.44638054200914,0.4426250234246254,0
8003,180.45870204200037,0.5896249786019325,0
8004,180.46969179197913,0.4300830187276006,0
8005,180.48158162500476,0.5276669980958104,0
8006,180.49471516703488,0.4635409568436444,0
8007,180.50777166703483,0.338749960064888,0
8008,180.52010154200252,0.562541012186557,0
8009,180.53324920800515,,1
8010,180.64709975000005,0.8203330216929317,0
8011,180.66052670800127,0.661291996948421,0
8012,180.67376541701378,0.390583008993417,0
8013,180.68451475002803,0.4003749927505851,0
8014,180.6987698749872,0.6762500270269811,0
8015,180.71204662503442,0.6340419640764594,0
8016,180.72534516698215,0.6153750000521541,0
8017,180.73925595800392,0.43812498915940523,0
8018,180.75169883301714,0.6046249764040112,0
8019,180.76487449998967,0.5470000323839486,0
8020,180.7780087920255,0.6641660002060235,0
8021,180.79125083301915,0.5877090152353048,0
8022,180.80441270803567,,1
8023,180.91783737501828,0.6335419602692127,0
8024,180.93106658302713,0.49758399836719036,0
8025,180.94311129202833,0.3932499676011503,0
8026,180.95520912500797,0.3546249936334789,0
8027,180.96815495798364,0.3437920240685344,0
8028,180.9807004170143,0.2955410163849592,0
8029,180.99216470803367,,1
8030,181.10529812501045,0.6719169905409217,0
8031,181.11857170797884,0.38208405021578074,0
8032,181.12970545800636,0.45175000559538603,0
8033,181.1408712079865,0.40191703010350466,0
8034,181.15383412502706,,1
8035,181.26732024998637,0.47575001372024417,0
8036,181.2816581670195,0.562832981813699,0
8037,181.29430887498893,0.2567920018918812,0
8038,181.30616233299952,,1
8039,181.4199107500026,0.4397500306367874,0
8040,181.4329287080327,0.35324995405972004,0
8041,181.4445240420173,0.2549999626353383,0
8042,181.45495229202788,2.552707970608026,0
8043,181.4700760000269,0.2936669625341892,0
8044,181.48216941702412,0.496207969263196,0
8045,181.4940325000207,0.28249999741092324,0
8046,181.5048447920126,0.47041598008945584,0
8047,181.5179046249832,0.49833301454782486,0
8048,181.53061933303252,0.2327919937670231,0
8049,181.54280591697898,0.2970000496134162,0
8050,181.55331283301348,0.47133397310972214,0
8051,181.5648103330168,0.38108398439362645,0
8052,181.57759083301062,0.5176669801585376,0
8053,181.5907114170259,0.4023329820483923,0
8054,181.60188550001476,0.41033298475667834,0
8055,181.61430808302248,0.3714169724844396,0
8056,181.6272745000315,0.48408296424895525,0
8057,181.64036491699517,0.38129102904349566,0
8058,181.65182612498756,0.5097080138511956,0
8059,181.6649360830197,0.48166699707508087,0
8060,181.67801404203055,0.5035829963162541,0
8061,181.6910971670295,0.37412496749311686,0
8062,181.7034715419868,0.29691599775105715,0
8063,181.7138751670136,0.3838330158032477,0
8064,181.7263061249978,0.5492080235853791,0
8065,181.73940545797814,0.17850002041086555,0
8066,181.75197937502526,,1
8067,181.86570174997905,0.525958021171391,0
8068,181.87726033298532,,1
8069,181.98852945800172,,1
8070,182.10037975001615,0.5497499951161444,0
8071,182.11224225000478,0.5119169945828617,0
8072,182.12413825001568,0.4140419769100845,0
8073,182.13713141699554,0.33837498631328344,0
8074,182.14989433297887,,1
8075,182.2630556250224,0.4271669895388186,0
8076,182.275981416984,0.9503330220468342,0
8077,182.28951183299068,0.3498340374790132,0
8078,182.30164087499725,0.4342499887570739,0
8079,182.31349666701863,0.4427499952726066,0
8080,182.32535991701297,0.4979579825885594,0
8081,182.33847120800056,0.3707919968292117,0
8082,182.35141437500715,,1
8083,182.46470508299535,0.5749170086346567,0
8084,182.47575366700767,0.43949997052550316,0
8085,182.48881183302728,0.39654196007177234,0
8086,182.50214095797855,0.2738340408541262,0
8087,182.51334166701417,0.27370802126824856,0
8088,182.52445954200812,,1
8089,182.6375850419863,0.3392910002730787,0
8090,182.64945537497988,0.46479201409965754,0
8091,182.6625045830151,0.2968339831568301,0
8092,182.67486129200552,0.4481659852899611,0
8093,182.6879031669814,0.3553749993443489,0
8094,182.70082154200645,0.5828330176882446,0
8095,182.7139757500263,,1
8096,182.82759187498596,,1
8097,182.9393680000212,0.3542499616742134,0
8098,182.95115654199617,0.39837503572925925,0
8099,182.9642031249823,1.1814170284196734,0
8100,182.97675170801813,0.26641698786988854,0
8101,182.99017350003123,0.7552079623565078,0
8102,183.00354050000897,0.30220800545066595,0
8103,183.01443616702454,0.5266660009510815,0
8104,183.0440793330199,1.1957499664276838,0
8105,183.05785679200199,0.4825409851036966,0
8106,183.07093462499324,0.4563329857774079,0
8107,183.0840825830237,0.44249999336898327,0
8108,183.09708700003102,0.30741695081815124,0
8109,183.10955774999456,,1
8110,183.2228222080157,0.33595901913940907,0
8111,183.23372583300807,0.27137500001117587,0
8112,183.24557075003395,0.38370798574760556,0
8113,183.25743195798714,0.3132499987259507,0
8114,183.27030995802488,0.3254589973948896,0
8115,183.2832283329917,0.3444590256549418,0
8116,183.2971113329986,0.9917920106090605,0
8117,183.3091322919936,2.5557909975759685,0
8118,183.32430520799244,0.5135420360602438,0
8119,183.3371293329983,0.4212500061839819,0
8120,183.35021816700464,0.4344580229371786,0
8121,183.36328516702633,0.5498749669641256,0
8122,183.37485495803412,0.2856669598259032,0
8123,183.38605287502287,0.5068749887868762,0
8124,183.39732954202918,0.7367499638348818,0
8125,183.4106404170161,0.2646659850142896,0
8126,183.42347949999385,,1
8127,183.53672095801448,0.43537496821954846,0
8128,183.54973025002982,0.5225419881753623,0
8129,183.56286766700214,0.39433297934010625,0
8130,183.5748610830051,0.4887920222245157,0
8131,183.58556391700404,0.3615409950725734,0
8132,183.5975476250169,0.46033301623538136,0
8133,183.6081892499933,0.3972920239903033,0
8134,183.62117145798402,0.28075004229322076,0
8135,183.6317912079976,,1
8136,183.7456057079835,0.6771670305170119,0
8137,183.75887212500675,0.6310419994406402,0
8138,183.7719867079868,0.541459012310952,0
8139,183.7851751249982,0.586042006034404,0
8140,183.79834262502845,0.5867919535376132,0
8141,183.80945279198932,0.3183750086463988,0
8142,183.81996370799607,0.4480420029722154,0
8143,183.8329947500024,0.25037501472979784,0
8144,183.8452105000033,0.296416983474046,0
8145,183.85806529200636,0.2557080006226897,0
8146,183.87089341698447,0.3702500252984464,0
8147,183.8838436669903,0.24341599782928824,0
8148,183.89635458303383,0.24349999148398638,0
8149,183.90847920801025,0.44933398021385074,0
8150,183.92149033298483,0.19029201939702034,0
8151,183.9327405000222,0.2632919931784272,0
8152,183.94555570802186,0.21820899564772844,0
8153,183.95711937500164,0.293541990686208,0
8154,183.9699638329912,0.21116703283041716,0
8155,183.9807437080308,0.33116695703938603,0
8156,183.9919555420056,0.2936659730039537,0
8157,184.00481066701468,0.32658298732712865,0
8158,184.01559570798418,0.3431670484133065,0
8159,184.02767974999733,0.4724999889731407,0
8160,184.04072970798006,0.3516670549288392,0
8161,184.05367620801553,0.38899999344721437,0
8162,184.06469883298269,0.502792012412101,0
8163,184.07780254201498,0.408291001804173,0
8164,184.0908064999967,0.33058301778510213,0
8165,184.10183520801365,0.2767500118352473,0
8166,184.11465187498834,0.23125001462176442,0
8167,184.12740883301012,0.2489169710315764,0
8168,184.1401833749842,0.21083303727209568,0
8169,184.15236266702414,0.22200000239536166,0
8170,184.16512962500565,0.43399998685345054,0
8171,184.1781505830004,0.4486250109039247,0
8172,184.19054208300076,0.8029590244404972,0
8173,184.20394274999853,0.579542014747858,0
8174,184.2168459999957,0.5957920220680535,0
8175,184.2300890830229,0.5007499712519348,0
8176,184.2431762079941,0.6156670278869569,0
8177,184.25642624998,0.8707500528544188,0
8178,184.26859637501184,1.964624971151352,0
8179,184.28264991700416,0.7639580289833248,0
8180,184.29977824998787,0.44779200106859207,0
8181,184.3266185420216,0.3576249582692981,0
8182,184.33959179202793,0.4130000015720725,0
8183,184.35050800000317,0.2703330246731639,0
8184,184.3630128329969,0.2578340354375541,0
8185,184.37486516701756,0.4450000124052167,0
8186,184.38694745802786,0.36037497920915484,0
8187,184.39980474999174,0.551957986317575,0
8188,184.4132745829993,1.6762919840402901,0
8189,184.43044691701652,0.3245410043746233,0
8190,184.44142258301144,0.3265839768573642,0
8191,184.45327549998183,0.3773330245167017,0
8192,184.46622062503593,0.25566696422174573,0
8193,184.47903841699008,0.3808329929597676,0
8194,184.49087654199684,0.7822500192560256,0
8195,184.5044344170019,0.5065830191597342,0
8196,184.5175534170121,0.4261659923940897,0
8197,184.52845929202158,0.43750001350417733,0
8198,184.54021804203512,0.41612499626353383,0
8199,184.55103475000942,0.4724580212496221,0
8200,184.56204233301105,0.43279200326651335,0
8201,184.57506000000285,0.3831670037470758,0
8202,184.58803341700695,0.30154100386425853,0
8203,184.60089995799353,0.4035420133732259,0
8204,184.612236667017,0.30116597190499306,0
8205,184.62530304200482,0.3792499774135649,0
8206,184.63804012502078,0.47862500650808215,0
8207,184.65028112498112,0.4699170240201056,0
8208,184.6626041670097,0.3814579686149955,0
8209,184.6748910000315,0.813291990198195,0
8210,184.6882738749846,0.47079200157895684,0
8211,184.7010315420339,0.4866659874096513,0
8212,184.71408150001662,0.25483296485617757,0
8213,184.72490179201122,0.7784999907016754,0
8214,184.73825770802796,0.3105420037172735,0
8215,184.7497637500055,0.4047499969601631,0
8216,184.7618316669832,0.49170805141329765,0
8217,184.77492691698717,0.3957080189138651,0
8218,184.78790266701253,0.36241597263142467,0
8219,184.79992675001267,0.4782920004799962,0
8220,184.81280075001996,0.41270797373726964,0
8221,184.82581166701857,0.5471250042319298,0
8222,184.83697875001235,0.27541699819266796,0
8223,184.84982520801714,0.46479201409965754,0
8224,184.86289708298864,0.4186670412309468,0
8225,184.87462287500966,0.4719169810414314,0
8226,184.88590729201678,0.9394160006195307,0
8227,184.89806004200364,1.1242909822613,0
8228,184.91043862502556,0.3071249811910093,0
8229,184.92292812501546,0.2770000137388706,0
8230,184.93578004202573,0.37841597804799676,0
8231,184.94637233298272,0.5119590205140412,0
8232,184.9582523329882,0.29716704739257693,0
8233,184.97111945803044,0.31591695733368397,0
8234,184.98364724998828,0.31650002347305417,0
8235,184.99654179200297,0.2800829824991524,0
8236,185.0093798750313,0.2758329501375556,0
8237,185.02220745797968,0.18908403581008315,0
8238,185.03493937500753,0.2663329942151904,0
8239,185.04776508302893,,1
8240,185.16089383303188,0.5397499771788716,0
8241,185.1740106670186,0.27537497226148844,0
8242,185.18582895799773,0.235249986872077,0
8243,185.19789337500697,0.3736669896170497,0
8244,185.209743082989,0.33054203959181905,0
8245,185.22194991703145,0.5184579640626907,0
8246,185.23400225001387,0.45254197902977467,0
8247,185.24705624999478,0.5705420044250786,0
8248,185.25806020799791,0.408667023293674,0
8249,185.2694260830176,,1
8250,185.38319370802492,0.379666977096349,0
8251,185.39613266702509,0.34737499663606286,0
8252,185.40905329200905,0.38300000596791506,0
8253,185.42201587499585,0.39599998854100704,0
8254,185.43500641698483,,1
8255,185.5466919169994,0.6374579970724881,0
8256,185.55995237501338,,1
8257,185.67283091699937,0.42758299969136715,0
8258,185.68583270802628,0.5108749610371888,0
8259,185.69773279200308,0.5578750278800726,0
8260,185.71088425000198,0.57591701624915,0
8261,185.72403962502722,0.4089580033905804,0
8262,185.7370425830013,0.5311670247465372,0
8263,185.7485631669988,0.46104099601507187,0
8264,185.7616200830089,0.4656669916585088,0
8265,185.77424200001406,0.43462502071633935,0
8266,185.78724112501368,0.35570800537243485,0
8267,185.80014816700714,0.3440830041654408,0
8268,185.81304833298782,0.24783401750028133,0
8269,185.8269254579791,0.29841699870303273,0
8270,185.8380200000247,0.2830000012181699,0
8271,185.84918412502157,,1
8272,185.96259833301883,0.5670000100508332,0
8273,185.97553412499838,0.5242080078460276,0
8274,185.9886224999791,0.48391701420769095,0
8275,186.00132845802,0.5324590019881725,0
8276,186.0140329580172,0.7658340036869049,0
8277,186.0252075419994,0.371375004760921,0
8278,186.03814025002066,0.2721669734455645,0
8279,186.05011075001676,0.14120800187811255,0
8280,186.0625611669966,0.23745803628116846,0
8281,186.07317045802483,0.2993340021930635,0
8282,186.08519416698255,0.32650004141032696,0
8283,186.09565412503434,0.4439999465830624,0
8284,186.1104497500346,1.8959999433718622,0
8285,186.1228345420095,0.74712501373142,0
8286,186.13632645801408,0.9177089668810368,0
8287,186.14799333299743,,1
8288,186.26058404200012,,1
8289,186.37391570798354,0.52845902973786,0
8290,186.38710824999725,0.5870420136488974,0
8291,186.40030295803444,0.3249169676564634,0
8292,186.41278237500228,0.5389170255511999,0
8293,186.42596470803255,0.3929169615730643,0
8294,186.43957370799035,0.44208404142409563,0
8295,186.4567739170161,0.5747079849243164,0
8296,186.47004129202105,0.43720798566937447,0
8297,186.48123962501995,,1
8298,186.59235300001455,0.38516701897606254,0
8299,186.6111083329888,1.8740000086836517,0
8300,186.6261323330109,1.0034170118160546,0
8301,186.63798933301587,0.6820000126026571,0
8302,186.70697158301482,1.053249987307936,0
8303,186.71865774999605,2.1585419890470803,0
8304,186.73182233300759,0.2995000104419887,0
8305,186.7454862500308,9.716250002384186,0
8306,186.76595066703157,0.39412500336766243,0
8307,186.77880858298158,6.061459018383175,0
8308,186.79626829200424,3.7457909784279764,0
8309,186.81518320803298,2.147958963178098,0
8310,186.82872300001327,2.9810419655404985,0
8311,186.84396141703473,17.843624984379858,0
8312,186.8741861670278,0.49008295172825456,0
8313,186.8853460830287,0.9797089733183384,0
8314,186.8980430419906,0.5644580232910812,0
8315,186.90887191699585,0.7024999940767884,0
8316,186.9223175829975,0.534959021024406,0
8317,186.9354196250206,0.3582919598557055,0
8318,186.94835454202257,0.33483299193903804,0
8319,186.96132329199463,0.6465410115197301,0
8320,186.97224666702095,1.4932079939171672,0
8321,186.98427691700635,0.6707499851472676,0
8322,186.9971472499892,0.5796250188723207,0
8323,187.0079634169815,1.1399160139262676,0
8324,187.01946700003464,0.3212919691577554,0
8325,187.0307474170113,0.3732909681275487,0
8326,187.0436899170163,0.43949997052550316,0
8327,187.05670695798472,0.32333401031792164,0
8328,187.06824941700324,0.379708013497293,0
8329,187.0802958330023,2.3650419898331165,0
8330,187.09533991699573,0.3371660131961107,0
8331,187.10825058299815,0.34833402605727315,0
8332,187.12167108303402,0.43395895045250654,0
8333,187.13487937499303,0.2673750277608633,0
8334,187.1469494579942,0.9743340197019279,0
8335,187.16216095798882,,1
8336,187.27362116699805,0.6397499819286168,0
8337,187.28586087498115,0.7272500079125166,0
8338,187.29734283301514,0.4074589814990759,0
8339,187.31035704200622,0.3392910002730787,0
8340,187.32189783302601,0.4111669841222465,0
8341,187.3347067499999,,1
8342,187.4474380420288,0.2887499867938459,0
8343,187.45922412502114,0.8679580059833825,0
8344,187.47419254202396,0.387999985832721,0
8345,187.48719483299647,0.5430839955806732,0
8346,187.5003838330158,0.4753340035676956,0
8347,187.51242037501652,0.43408299097791314,0
8348,187.52546133298893,0.469834019895643,0
8349,187.53856616700068,0.48695801524445415,0
8350,187.55213008302962,1.0042919893749058,0
8351,187.5648299169843,1.1114579974673688,0
8352,187.57604658300988,0.33466698369011283,0
8353,187.5891027500038,0.5206670030020177,0
8354,187.60223654203583,0.5560829886235297,0
8355,187.61335808300646,0.4824590287171304,0
8356,187.62523033301113,0.48566696932539344,0
8357,187.637118750019,0.5914579960517585,0
8358,187.65038516698405,0.8844580152072012,0
8359,187.66324125003302,0.5033329944126308,0
8360,187.67493400000967,0.5024580168537796,0
8361,187.68818929203553,1.1686660000123084,0
8362,187.70068691699998,0.5634580156765878,0
8363,187.71387608302757,0.5771669675596058,0
8364,187.72689679200994,0.5671249818988144,0
8365,187.73865983303403,1.0461669880896807,0
8366,187.75233920803294,0.43874996481463313,0
8367,187.76538841699949,0.42637501610442996,0
8368,187.77842170803342,0.45499997213482857,0
8369,187.79147245798958,0.4603750421665609,0
8370,187.80608087498695,1.0034580482169986,0
8371,187.8176979169948,0.39549998473376036,0
8372,187.83068412501598,0.45908300671726465,0
8373,187.843054166995,,1
8374,187.95841229200596,0.675833027344197,0
8375,187.97168975003297,2.4627079837955534,0
8376,187.98675441701198,0.4321250016801059,0
8377,187.99852675001603,,1
8378,188.11004333302844,0.5545419990085065,0
8379,188.12136054201983,0.30579097801819444,0
8380,188.13338462501997,0.23987499298527837,0
8381,188.14619091700297,0.3672079765237868,0
8382,188.15712975000497,0.2876250073313713,0
8383,188.168062791985,0.4380830214358866,0
8384,188.18109679198824,0.47270802315324545,0
8385,188.19285116699757,0.2116659888997674,0
8386,188.20470845798263,0.48083404544740915,0
8387,188.21778566698777,0.34495803993195295,0
8388,188.23070333298529,0.4170840256847441,0
8389,188.24183374998393,,1
8390,188.35525212500943,0.5574169917963445,0
8391,188.36843991698697,0.3529160167090595,0
8392,188.38136733300053,0.24391699116677046,0
8393,188.3933653330314,0.4266249598003924,0
8394,188.4055176670081,0.5239999736659229,0
8395,188.4186532080057,,1
8396,188.53294779203134,0.38899999344721437,0
8397,188.54590079199988,0.3339159884490073,0
8398,188.55883666698355,0.29687501955777407,0
8399,188.57166362501448,0.5274579743854702,0
8400,188.58473325002706,,1
8401,188.69846137502464,0.36341696977615356,0
8402,188.7099786250037,0.3849579952657223,0
8403,188.7229285829817,0.30337501084432006,0
8404,188.7357696670224,0.21895801182836294,0
8405,188.74851499998476,0.19708304898813367,0
8406,188.7592536250013,0.1653329818509519,0
8407,188.77193954202812,0.12562499614432454,0
8408,188.7847869580146,0.4563339753076434,0
8409,188.79776891699294,0.3637080080807209,0
8410,188.81359020801028,0.8517500245943666,0
8411,188.8330569579848,1.506166998296976,0
8412,188.84718016698025,1.3550830190069973,0
8413,188.85893308301456,0.5341669893823564,0
8414,188.87224937498104,0.3922500181943178,0
8415,188.88526316703064,0.36520796129480004,0
8416,188.8964117920259,0.2734999870881438,0
8417,188.9092684169882,,1
8418,189.02301904198248,0.36645802902057767,0
8419,189.03593033301877,0.19870896358042955,0
8420,189.04865625000093,0.1295830006711185,0
8421,189.06134416698478,0.24104100884869695,0
8422,189.07354466698598,0.4353750264272094,0
8423,189.08539683301933,0.45541697181761265,0
8424,189.0971024170285,0.5343329976312816,0
8425,189.11023429199122,0.3838330158032477,0
8426,189.1232088750112,,1
8427,189.23706050001783,0.4605000140145421,0
8428,189.25010454200674,,1
8429,189.36395512497984,0.5390000296756625,0
8430,189.37708479200955,,1
8431,189.49090808298206,0.5107500473968685,0
8432,189.5023901250097,0.28983299853280187,0
8433,189.5152377919876,0.23250002413988113,0
8434,189.5280209580087,0.24754198966547847,0
8435,189.54081387503538,0.21416699746623635,0
8436,189.55358608299866,0.4466670216061175,0
8437,189.5666401250055,0.4052920266985893,0
8438,189.57965362502728,0.3320419928058982,0
8439,189.59029579203343,0.2988749765790999,0
8440,189.60205720801605,0.39129197830334306,0
8441,189.6150046249968,0.4033750155940652,0
8442,189.62797866703477,0.2782499650493264,0
8443,189.6403314580093,0.29254198307171464,0
8444,189.65321170800598,,1
8445,189.76682470802916,0.44945895206183195,0
8446,189.77892337500816,0.2899579703807831,0
8447,189.7895301670069,0.26004097890108824,0
8448,189.80233575002057,0.24408299941569567,0
8449,189.8151254170225,0.30591600807383657,0
8450,189.82799262501067,0.26712496764957905,0
8451,189.84044083300978,0.28262496925890446,0
8452,189.85152387502603,0.2868750016205013,0
8453,189.86316433298634,,1
8454,189.976877374982,0.39900001138448715,0
8455,189.990229292016,0.32537500374019146,0
8456,190.00309012498474,0.246542040258646,0
8457,190.0155955000082,0.2661250182427466,0
8458,190.0284117499832,0.30395801877602935,0
8459,190.0412639999995,0.25420798920094967,0
8460,190.0540702919825,0.305499997921288,0
8461,190.06692429201212,0.3143749781884253,0
8462,190.0797864170163,0.30112499371171,0
8463,190.0926319580176,0.2720420015975833,0
8464,190.10544616699917,0.2526250318624079,0
8465,190.11585850000847,0.3649580175988376,0
8466,190.12794245802797,0.3076669527217746,0
8467,190.1407966670231,0.25220797397196293,0
8468,190.15358625003137,0.22504199296236038,0
8469,190.16486700001406,0.4883329966105521,0
8470,190.17795049998676,0.3826250322163105,0
8471,190.18859954201616,0.389833003282547,0
8472,190.2010364169837,0.2740410272963345,0
8473,190.21390304202214,,1
8474,190.32769708300475,,1
8475,190.44153916701907,0.4973749746568501,0
8476,190.4536648329813,0.2173340180888772,0
8477,190.46643733303063,0.2257499727420509,0
8478,190.47720179200405,0.325749977491796,0
8479,190.48782495799242,0.23162498837336898,0
8480,190.49933633301407,0.21429196931421757,0
8481,190.5121112500201,0.19774999236688018,0
8482,190.52485504199285,0.1920409849844873,0
8483,190.53759004198946,,1
8484,190.65132958302274,0.5301249912008643,0
8485,190.66442787501728,0.30820799292996526,0
8486,190.67729487502947,0.28366700280457735,0
8487,190.6885440000333,0.22474996512755752,0
8488,190.70132920797914,0.2298750332556665,0
8489,190.71410904201912,,1
8490,190.82781479199184,0.33137499121949077,0
8491,190.84073195798555,0.301209045574069,0
8492,190.85151304199826,0.31937501626089215,0
8493,190.8643920419854,0.32950000604614615,0
8494,190.8772812919924,0.26541599072515965,0
8495,190.89010633301223,0.28654199559241533,0
8496,190.9015074580093,,1
8497,191.0151865420048,0.3245000261813402,0
8498,191.02680283301743,0.39666699012741446,0
8499,191.039767417009,0.3466659691184759,0
8500,191.05267791700317,0.3303330158814788,0
8501,191.06555775000015,0.28779200511053205,0
8502,191.07839162502205,0.27466699248179793,0
8503,191.09009466698626,0.3142910427413881,0
8504,191.10237366700312,0.37999998312443495,0
8505,191.11529520800104,0.2441669930703938,0
8506,191.12811658298597,0.258500047493726,0
8507,191.1402442919789,0.24383305571973324,0
8508,191.15303537499858,0.23866700939834118,0
8509,191.16581766703166,0.23045798297971487,0
8510,191.178613917029,0.2128329942934215,0
8511,191.19139841699507,0.2181660383939743,0
8512,191.2040336250211,0.21237495820969343,0
8513,191.2167864170042,0.20316598238423467,0
8514,191.22956300002988,0.3011669614352286,0
8515,191.24240408302285,0.24816696532070637,0
8516,191.25519995798822,0.316042045596987,0
8517,191.2680584170157,0.2673749695532024,0
8518,191.28088033298263,0.3305000136606395,0
8519,191.29247987503186,0.3165419911965728,0
8520,191.30294050002703,,1
8521,191.41663370799506,0.3332500346004963,0
8522,191.42952841700753,0.29633298981934786,0
8523,191.44237150001572,0.28525001835078,0
8524,191.45370341703529,0.19004096975550056,0
8525,191.46642841701396,,1
8526,191.58028629201,0.559207983314991,0
8527,191.59344991698163,0.4107910208404064,0
8528,191.60464249999495,0.36741700023412704,0
8529,191.617586791981,0.3482910105958581,0
8530,191.62880241702078,0.37641596281901,0
8531,191.63946666702395,0.22020796313881874,0
8532,191.65223875001539,0.20700000459328294,0
8533,191.66269158298383,0.19545899704098701,0
8534,191.67428779200418,0.21062500309199095,0
8535,191.68704095802968,0.1854169531725347,0
8536,191.69751866703155,,1
8537,191.81123216700507,0.45666599180549383,0
8538,191.82428674999392,0.2500000409781933,0
8539,191.8371109580039,0.1840839977376163,0
8540,191.8484524579835,0.1823750208131969,0
8541,191.86015616700752,0.18912501400336623,0
8542,191.87173183303094,0.18191698472946882,0
8543,191.88445733301342,0.18720899242907763,0
8544,191.8948765420355,,1
8545,192.00858912500553,0.4950420116074383,0
8546,192.02165308297845,,1
8547,192.13545212498866,,1
8548,192.249324082979,0.5160420550964773,0
8549,192.26241658302024,0.251874967943877,0
8550,192.27521687501576,0.18933298997581005,0
8551,192.28795058303513,0.20733400015160441,0
8552,192.3007322080084,0.20833400776609778,0
8553,192.31348112499109,0.18862501019611955,0
8554,192.32621037500212,0.17745798686519265,0
8555,192.33782566699665,0.17558300169184804,0
8556,192.35056387499208,,1
8557,192.46281599998474,0.501750037074089,0
8558,192.47458379203454,0.3202909720130265,0
8559,192.48691466700984,0.4289579810574651,0
8560,192.49991737498203,0.2298750332556665,0
8561,192.51269712502835,0.18687499687075615,0
8562,192.52385387499817,,1
8563,192.63755679200403,0.5031659966334701,0
8564,192.64951462502358,0.276917009614408,0
8565,192.66112875001272,0.22670801263302565,0
8566,192.67275279201567,0.19904098007827997,0
8567,192.6843545830343,0.19433395937085152,0
8568,192.69709154200973,,1
8569,192.80961033300264,0.4450419801287353,0
8570,192.82262875000015,,1
8571,192.93634841701714,0.3216249751858413,0
8572,192.94923033303348,0.3043749602511525,0
8573,192.96213450003415,0.2150419750250876,0
8574,192.97490308299894,0.2032500342465937,0
8575,192.98765533301048,0.2043339773081243,0
8576,193.00040341698332,0.17270800890401006,0
8577,193.01311816700036,0.1741250162012875,0
8578,193.02399720798712,0.1924170064739883,0
8579,193.0367393750348,0.31712499912828207,0
8580,193.04878545802785,0.36508397897705436,0
8581,193.05943937500706,0.29679201543331146,0
8582,193.0714090000256,0.2372079761698842,0
8583,193.0841897079954,0.3884590114466846,0
8584,193.0964235420106,0.49100001342594624,0
8585,193.10947908298112,0.4342920146882534,0
8586,193.12041516700992,0.46341598499566317,0
8587,193.13349054200808,0.5254999850876629,0
8588,193.14667487499537,0.5263329949229956,0
8589,193.15770229202462,0.43654098408296704,0
8590,193.17075470800046,,1
8591,193.2837487499928,0.5286250379867852,0
8592,193.2968716250034,0.2937079989351332,0
8593,193.30973199999426,0.31091703567653894,0
8594,193.32262633298524,,1
8595,193.43649541703053,0.3377909888513386,0
8596,193.44721795798978,0.26041700039058924,0
8597,193.4590252499911,0.20750000840052962,0
8598,193.47179670800688,0.4075000179000199,0
8599,193.48268237500452,0.26116700610145926,0
8600,193.49550479202298,0.25841599563136697,0
8601,193.50640070799273,0.23091700859367847,0
8602,193.51919154200004,0.2527079777792096,0
8603,193.52982441702625,0.561332970391959,0
8604,193.54166124999756,,1
8605,193.65473441698123,0.3052500542253256,0
8606,193.66762066702358,0.3612079890444875,0
8607,193.6785196249839,0.36566704511642456,0
8608,193.69147424999392,0.3546670195646584,0
8609,193.70299287501257,0.3469579969532788,0
8610,193.71342975000152,0.25204202393069863,0
8611,193.72654545801925,0.539999979082495,0
8612,193.73968549998244,0.4134170012548566,0
8613,193.7526776670129,0.26775000151246786,0
8614,193.76550933299586,0.3372090286575258,0
8615,193.7784235419822,0.34612504532560706,0
8616,193.79135691700503,0.3671660088002682,0
8617,193.80431970802601,0.3646669792942703,0
8618,193.8165956250159,0.3614579909481108,0
8619,193.82812612497946,0.317458005156368,0
8620,193.841060250008,0.538958003744483,0
8621,193.85296874999767,0.2971250214613974,0
8622,193.86583329201676,0.27062499430030584,0
8623,193.87866045802366,0.293541990686208,0
8624,193.89151816698723,0.3050410305149853,0
8625,193.90439862501808,0.46374998055398464,0
8626,193.91744708298938,0.3148340038023889,0
8627,193.92787045799196,0.31808402854949236,0
8628,193.94076508301077,0.40479202289134264,0
8629,193.95284383301623,0.368458975572139,0
8630,193.96580524998717,0.5619170260615647,0
8631,193.97730683302507,0.46254199696704745,0
8632,193.98917595803505,0.4115839838050306,0
8633,194.00221291702474,0.46670797746628523,0
8634,194.0148852079874,0.46016700798645616,0
8635,194.02675120800268,0.43795898091048,0
8636,194.03807991702342,0.45729096746072173,0
8637,194.0511505830218,0.48887496814131737,0
8638,194.0630286670057,0.368500011973083,0
8639,194.07597287499812,0.3792080096900463,0
8640,194.0889235000359,0.43124996591359377,0
8641,194.10202895803377,0.3023749450221658,0
8642,194.1148897500243,0.33858296228572726,0
8643,194.12779316701926,0.3400410059839487,0
8644,194.14070200000424,,1
8645,194.2545118330163,0.522291986271739,0
8646,194.2676134170033,0.370333029422909,0
8647,194.28057229198748,,1
8648,194.39446924999356,0.6657920312136412,0
8649,194.40773558302317,0.6217499612830579,0
8650,194.4200425830204,0.4237499670125544,0
8651,194.43354529200587,,1
8652,194.54619579203427,0.6699999794363976,0
8653,194.5596300829784,0.7803750340826809,0
8654,194.5730209579924,0.57516701053828,0
8655,194.58620512502966,0.5109169869683683,0
8656,194.59934345801594,0.4752089735120535,0
8657,194.61239816702437,0.42587495408952236,0
8658,194.6249583750032,0.4974579787813127,0
8659,194.63803008303512,0.4825419746339321,0
8660,194.65110504202312,0.5467080045491457,0
8661,194.66422583302483,0.5800419603474438,0
8662,194.67739366699243,0.5372909945435822,0
8663,194.6905339580262,0.5056249792687595,0
8664,194.70361520798178,0.4950420116074383,0
8665,194.71668866701657,0.5190409719944,0
8666,194.72813775000395,0.5109169869683683,0
8667,194.74122500000522,0.5087080062367022,0
8668,194.75430008303374,0.35437499172985554,0
8669,194.76520645798882,,1
8670,194.87860483297845,0.5218750447966158,0
8671,194.89025745802792,0.45724998926743865,0
8672,194.90185312501853,0.3301670076325536,0
8673,194.91303745802725,,1
8674,195.026188458025,0.34545897506177425,0
8675,195.03907037503086,0.2749999985098839,0
8676,195.05187083303463,0.24629198014736176,0
8677,195.06465904199285,0.2692500129342079,0
8678,195.07747345801909,0.28170901350677013,0
8679,195.09033745800843,0.38879201747477055,0
8680,195.10237949999282,,1
8681,195.21534495800734,0.5688749952241778,0
8682,195.22719579201657,0.43779099360108376,0
8683,195.24021208297927,0.3569170366972685,0
8684,195.25110804202268,0.3447079798206687,0
8685,195.26302579202456,0.39062497671693563,0
8686,195.27598137501627,0.40320801781490445,0
8687,195.28894695802592,0.3747089649550617,0
8688,195.30189970799256,0.45583402970805764,0
8689,195.3139914170024,0.4559159860946238,0
8690,195.3270052500302,0.41516695637255907,0
8691,195.33998866699403,0.3732499899342656,0
8692,195.35291904199403,0.4117910284548998,0
8693,195.36591579200467,,1
8694,195.47741662501357,0.6151249981485307,0
8695,195.49063570803264,0.5126249743625522,0
8696,195.50373825000133,0.4736250266432762,0
8697,195.51679224998225,0.6298330263234675,0
8698,195.5300170420087,0.5556659889407456,0
8699,195.54317050002282,0.5524170119315386,0
8700,195.55633120803395,0.5713339778594673,0
8701,195.5695504579926,0.5696670268662274,0
8702,195.58269879198633,0.5534160300157964,0
8703,195.59584129200084,0.47850003466010094,0
8704,195.60889720800333,0.5073340144008398,0
8705,195.62167354201665,0.4907500115223229,0
8706,195.63475183298578,0.5444590351544321,0
8707,195.6478621669812,0.4901660140603781,0
8708,195.66093845799332,0.5289170076139271,0
8709,195.6740515829879,0.4425420193001628,0
8710,195.68708783300826,,1
8711,195.80010466702515,0.596500001847744,0
8712,195.81326316698687,0.43337501119822264,0
8713,195.82486187497852,0.370333029422909,0
8714,195.83783891698113,0.4670000053010881,0
8715,195.8509090419975,,1
8716,195.96418266702676,0.661625002976507,0
8717,195.97744158300338,0.5017499788664281,0
8718,195.99055083299754,0.4420420154929161,0
8719,196.00358320801752,0.4205419681966305,0
8720,196.01657500001602,0.3714999766089022,0
8721,196.0295161670074,0.41633297223597765,0
8722,196.0425092499936,0.5626670317724347,0
8723,196.05564770800993,0.5506669986061752,0
8724,196.06877895799698,0.5214590346440673,0
8725,196.08190320798894,0.6328750168904662,0
8726,196.0951243750169,0.491917016915977,0
8727,196.10818275000202,0.4630829789675772,0
8728,196.12120041699382,0.4600409884005785,0
8729,196.13421512499917,0.47091703163459897,0
8730,196.147257582983,0.4944170359522104,0
8731,196.16031929198653,0.4985830164514482,0
8732,196.17337766702985,0.4884579684585333,0
8733,196.18476554198423,0.4802910261787474,0
8734,196.19636541698128,0.5180830485187471,0
8735,196.20945174997905,0.5217920406721532,0
8736,196.22137270797975,0.5238750018179417,0
8737,196.23450208298163,0.5545419990085065,0
8738,196.24762616702355,0.4778750007972121,0
8739,196.26046029198915,0.4605830181390047,0
8740,196.27348358300515,0.3494169795885682,0
8741,196.28638645802857,0.34729199251160026,0
8742,196.29929329198785,0.38233300438150764,0
8743,196.31224333302816,,1
8744,196.42606304201763,0.609208014793694,0
8745,196.4392783329822,0.5800000508315861,0
8746,196.45245745801367,0.3813749644905329,0
8747,196.46420983300777,0.24949997896328568,0
8748,196.4760787920095,0.2114999806508422,0
8749,196.48883612500504,0.18274999456480145,0
8750,196.50158537499374,0.3451670054346323,0
8751,196.51367620797828,0.1900000497698784,0
8752,196.52555079199374,0.2702500205487013,0
8753,196.53837333299452,0.1632919884286821,0
8754,196.55073691700818,0.30570797389373183,0
8755,196.56167462503072,0.31166698317974806,0
8756,196.5737679169979,0.1651250058785081,0
8757,196.585794041981,0.37633301690220833,0
8758,196.59878704202129,0.3900409792549908,0
8759,196.61180766701,0.3816660027951002,0
8760,196.62479679199168,0.34370803041383624,0
8761,196.63747766701272,0.40670798625797033,0
8762,196.6495388750336,0.3545419895090163,0
8763,196.66139949997887,0.37629203870892525,0
8764,196.67223675001878,0.5989999626763165,0
8765,196.68548866698984,0.3766660229302943,0
8766,196.6984688329976,0.4507920239120722,0
8767,196.71132583299186,0.42679201578721404,0
8768,196.72436887503136,0.37174997851252556,0
8769,196.73737175000133,0.4017500323243439,0
8770,196.75039012503112,0.3504169872030616,0
8771,196.76332341699162,0.3321249969303608,0
8772,196.7762302919873,0.3560830373317003,0
8773,196.78736445802497,0.34674996277317405,0
8774,196.7992121669813,0.28083304641768336,0
8775,196.81131950003328,0.28745795134454966,0
8776,196.82416274998104,,1
8777,196.93757462501526,0.5869580199941993,0
8778,196.95075462502427,0.3512499970383942,0
8779,196.962752750027,0.3375000087544322,0
8780,196.9732289580279,0.29312499100342393,0
8781,196.98447408300126,0.38412498543038964,0
8782,196.99743841699092,0.44179102405905724,0
8783,197.00999387499178,0.49516704166308045,0
8784,197.02089495799737,,1
8785,197.13498366699787,0.743833021260798,0
8786,197.14778195798863,0.33362500835210085,0
8787,197.16026174998842,0.2626670175231993,0
8788,197.17304954200517,0.20012498134747148,0
8789,197.18577504198765,0.23758300812914968,0
8790,197.19853704201523,0.23974996292963624,0
8791,197.2112988330191,0.21683401428163052,0
8792,197.22403174999636,,1
8793,197.33769604202826,,1
8794,197.45105775003321,0.6690419977530837,0
8795,197.4643387499964,0.5804169923067093,0
8796,197.47754641697975,0.5602080491371453,0
8797,197.49073345802026,0.5362089723348618,0
8798,197.50386862503365,0.5444579874165356,0
8799,197.5170013330062,0.41266699554398656,0
8800,197.52999325003475,0.5585419712588191,0
8801,197.54312554199714,0.2764160162769258,0
8802,197.55596679198788,,1
8803,197.66882212500786,,1
8804,197.78272387501784,0.4891249700449407,0
8805,197.7957874169806,0.3334160428494215,0
8806,197.80635612498736,0.4989580484107137,0
8807,197.8194549169857,0.4100410151295364,0
8808,197.83245537499897,0.4059170023538172,0
8809,197.84544433298288,0.31400000443682075,0
8810,197.85832504200516,0.33679098123684525,0
8811,197.87122345803073,0.22429198725149035,0
8812,197.8839922079933,0.28600002406165004,0
8813,197.89683783298824,0.30162499751895666,0
8814,197.909701333032,0.3072089748457074,0
8815,197.92256004200317,0.2793750027194619,0
8816,197.93538983300095,0.4027920076623559,0
8817,197.94662487501046,0.37391699152067304,0
8818,197.95954529201845,0.4022080102004111,0
8819,197.97250466700643,0.36399997770786285,0
8820,197.98430254199775,0.3905000048689544,0
8821,197.99721020803554,0.39904197910800576,0
8822,198.00869966699975,0.3904579789377749,0
8823,198.02167633298086,,1
8824,198.13548558298498,0.6302500260062516,0
8825,198.14873370801797,0.5446249851956964,0
8826,198.16236050002044,0.5031669861637056,0
8827,198.1754481670214,0.4705829778686166,0
8828,198.18748345802305,,1
8829,198.3013177079847,0.6092090043239295,0
8830,198.314453125,0.4461249918676913,0
8831,198.32604595803423,0.37691695615649223,0
8832,198.33837054198375,0.2767500118352473,0
8833,198.35120662499685,0.3524170024320483,0
8834,198.3641265000333,0.32237498089671135,0
8835,198.37702370801708,0.45245897490531206,0
8836,198.39006933302153,0.357583980076015,0
8837,198.40237345802598,,1
8838,198.51610179198906,0.5977080436423421,0
8839,198.5292951670126,0.42354100150987506,0
8840,198.5423257080256,0.4802089533768594,0
8841,198.5533237500349,0.5689579993486404,0
8842,198.56649208301678,0.5636250134557486,0
8843,198.57963687501615,,1
8844,198.69351358298445,0.7086250116117299,0
8845,198.70572416699724,0.6035410333424807,0
8846,198.7189388750121,0.4902919754385948,0
8847,198.72983133298112,0.3970000543631613,0
8848,198.742810500029,0.38433296140283346,0
8849,198.75577508303104,0.2026250003837049,0
8850,198.76794300001347,0.16783300088718534,0
8851,198.78031216701493,0.16900000628083944,0
8852,198.7911905000219,0.3719169762916863,0
8853,198.8023699580226,0.18112501129508018,0
8854,198.81509662501048,0.1795829739421606,0
8855,198.82604508299846,0.16379199223592877,0
8856,198.83764795801835,0.17087499145418406,0
8857,198.85036450001644,0.2587079652585089,0
8858,198.86319166701287,0.17629098147153854,0
8859,198.87591904198052,0.16412499826401472,0
8860,198.88864224997815,0.2145000034943223,0
8861,198.8993139580125,0.21199998445808887,0
8862,198.91011229198193,0.3774160286411643,0
8863,198.92176945798565,0.18200004706159234,0
8864,198.93449129199143,0.16783300088718534,0
8865,198.9472036670195,0.16145798144862056,0
8866,198.95991099998355,0.1717080012895167,0
8867,198.97076387499692,0.19470800179988146,0
8868,198.98273966700071,0.1760409795679152,0
8869,198.99545783299254,0.19412499386817217,0
8870,199.0059730419889,0.1747910282574594,0
8871,199.0175950829871,,1
8872,199.13135220803088,0.6735839997418225,0
8873,199.14271116699092,0.5782500375062227,0
8874,199.1545814999845,0.6430830108001828,0
8875,199.1678659580066,0.5519589758478105,0
8876,199.18104529200355,0.589290983043611,0
8877,199.19176820799476,0.6455840193666518,0
8878,199.20503004197963,,1
8879,199.31874020799296,0.32699998700991273,0
8880,199.33160458301427,0.26237498968839645,0
8881,199.344384792028,0.283040979411453,0
8882,199.3572066249908,,1
8883,199.47041004203493,0.7539159851148725,0
8884,199.48200004198588,0.5666660144925117,0
8885,199.49361429200508,0.5887079751119018,0
8886,199.50683487503557,0.5779169732704759,0
8887,199.5200222079875,,1
8888,199.6329428750323,0.7587499567307532,0
8889,199.6463235419942,0.639250036329031,0
8890,199.65958904201398,0.6594579899683595,0
8891,199.67287129198667,0.5940830451436341,0
8892,199.68518279201817,0.5981249851174653,0
8893,199.69677770801354,0.5618340219371021,0
8894,199.70995670801494,0.5496669909916818,0
8895,199.72309475002112,0.5310419946908951,0
8896,199.73623108299216,0.5246250075288117,0
8897,199.74903708300553,0.5079170223325491,0
8898,199.76213833299698,0.4912919830530882,0
8899,199.77521729201544,0.4915000172331929,0
8900,199.78637716697995,0.46966603258624673,0
8901,199.79943862499204,0.4913330194540322,0
8902,199.8125288329902,0.5069590406492352,0
8903,199.82563420798397,0.4402500344440341,0
8904,199.83867108298,0.4356250283308327,0
8905,199.85172062501078,,1
8906,199.96381716697942,0.5511250346899033,0
8907,199.97694204200525,0.34920801408588886,0
8908,199.9898477080278,0.2573339734226465,0
8909,200.0023763750214,0.2579169813543558,0
8910,200.01517558301566,0.24037499679252505,0
8911,200.0276677919901,0.24758302606642246,0
8912,200.0404652080033,0.2400419907644391,0
8913,200.05324720800854,0.20504201529547572,0
8914,200.06599408300826,0.23616699036210775,0
8915,200.0787811250193,,1
8916,200.19251237501157,0.4752500099129975,0
8917,200.20457458298188,0.5421670502983034,0
8918,200.21771737502422,0.45304198283702135,0
8919,200.229629791982,0.5312910070642829,0
8920,200.2420973330154,0.6052089738659561,0
8921,200.2553106250125,0.4907500115223229,0
8922,200.2684276670334,0.4272499936632812,0
8923,200.2814521670225,0.3999159671366215,0
8924,200.29444433300523,0.5349169950932264,0
8925,200.30630270799156,0.41750003583729267,0
8926,200.31931283301674,0.3982500056736171,0
8927,200.33230654202634,0.45724998926743865,0
8928,200.34535700001288,0.39179198211058974,0
8929,200.35602808301337,0.4950420116074383,0
8930,200.36912154202582,0.4609999596141279,0
8931,200.3821812500246,0.38649997441098094,0
8932,200.393162708031,0.37279195385053754,0
8933,200.40611804201035,0.3803329891525209,0
8934,200.41908566700295,0.40324998553842306,0
8935,200.43208137498004,0.43462502071633935,0
8936,200.44510479201563,0.39612501859664917,0
8937,200.457188667031,,1
8938,200.57078516698675,0.545457995031029,0
8939,200.58390616701217,0.2395409974269569,0
8940,200.59669120801846,0.23424997925758362,0
8941,200.60947120800847,0.17662497702986002,0
8942,200.61977312498493,0.18041703151538968,0
8943,200.63249995798105,0.18162501510232687,0
8944,200.64522704202682,0.21554098930209875,0
8945,200.6561743330094,0.20112498896196485,0
8946,200.66893450001953,0.2240829635411501,0
8947,200.68170145800104,0.19791699014604092,0
8948,200.6944408750278,0.19820797024294734,0
8949,200.7071772920317,,1
8950,200.82093724998413,0.5074170185253024,0
8951,200.83280891698087,0.3690000157803297,0
8952,200.8457473749877,0.3890420193783939,0
8953,200.85778062499594,0.38516701897606254,0
8954,200.8707407080219,0.4127919673919678,0
8955,200.88372070802143,0.16841699834913015,0
8956,200.89642520801863,0.15549996169283986,0
8957,200.9091163330013,0.17512502381578088,0
8958,200.92182620801032,0.1645419979467988,0
8959,200.93453650001902,0.29333296697586775,0
8960,200.94507387501653,0.22774998797103763,0
8961,200.9578472499852,0.16304204473271966,0
8962,200.97054579202086,0.16341597074642777,0
8963,200.98324391699862,0.1509999856352806,0
8964,200.9959280830226,0.15645899111405015,0
8965,201.0086207499844,0.17795804888010025,0
8966,201.02133570803562,0.1693339436315,0
8967,201.03219404199626,,1
8968,201.14587787498021,0.38958300137892365,0
8969,201.1588430419797,0.3684580442495644,0
8970,201.17219287500484,0.22616703063249588,0
8971,201.18497583299177,0.3635840257629752,0
8972,201.19587316701654,0.2317500184290111,0
8973,201.20865633297944,0.1698750420473516,0
8974,201.2213647920289,0.17608300549909472,0
8975,201.2340954170213,0.3327499725855887,0
8976,201.24476354202488,0.35033299354836345,0
8977,201.25769408303313,0.3963339840993285,0
8978,201.27067870798055,0.4154170164838433,0
8979,201.28211004199693,0.39183301851153374,0
8980,201.29506174998824,0.17195800319314003,0
8981,201.30778362503042,0.2579999854788184,0
8982,201.32060095801717,0.37237501237541437,0
8983,201.3335434999899,0.1866249949671328,0
8984,201.3462840419961,0.2598330029286444,0
8985,201.35910958301974,,1
8986,201.47282612498384,,1
8987,201.58654808299616,0.43254200136289,0
8988,201.59851425001398,0.20212499657645822,0
8989,201.61127404199215,0.3578329924494028,0
8990,201.62178475002293,0.28270797338336706,0
8991,201.6346330420347,0.2738749608397484,0
8992,201.64747070800513,0.38412498543038964,0
8993,201.66042733303038,,1
8994,201.7742660419899,0.6960410391911864,0
8995,201.78657920798287,0.538584019523114,0
8996,201.79970241698902,0.5705830408260226,0
8997,201.81194975000108,0.47633302165195346,0
8998,201.82500754197827,0.42933301301673055,0
8999,201.8380210000323,0.4809579695574939,0
9000,201.85107145801885,0.516875006724149,0
9001,201.86419008299708,,1
9002,201.9780807500356,,1
9003,202.09206541703315,0.5001249955967069,0
9004,202.10520737501793,0.6398750119842589,0
9005,202.1185048330226,0.46904198825359344,0
9006,202.1315914170118,0.37191598676145077,0
9007,202.14457125001354,0.46779197873547673,0
9008,202.15762333298335,0.4769590450450778,0
9009,202.1709775829804,0.6950840470381081,0
9010,202.18437904200982,0.36995799746364355,0
9011,202.19551254203543,0.9142079507000744,0
9012,202.20723383303266,0.41679199784994125,0
9013,202.22024204197805,0.4765410558320582,0
9014,202.23288537497865,,1
9015,202.3464371250011,0.4422499914653599,0
9016,202.35948233300587,0.376791984308511,0
9017,202.371585957997,0.34679198870435357,0
9018,202.38452629197855,0.46662503154948354,0
9019,202.39758995798184,,1
9020,202.51145491702482,0.5952909705229104,0
9021,202.52463933301624,0.5364170065149665,0
9022,202.5355456250254,0.45008299639448524,0
9023,202.54645162500674,0.5206249770708382,0
9024,202.55718708300265,0.3938750014640391,0
9025,202.57013516698498,0.4177080118097365,0
9026,202.58311820798554,,1
9027,202.69700329197804,0.6876250263303518,0
9028,202.7103086669813,0.6862080190330744,0
9029,202.72361074999208,0.6005420000292361,0
9030,202.73680954199517,0.555250036995858,0
9031,202.74994987499667,0.3921670140698552,0
9032,202.76290962501662,0.16970798606052995,0
9033,202.7756297920132,0.3153749858029187,0
9034,202.7884970420273,0.2841249806806445,0
9035,202.80133716698037,0.367791042663157,0
9036,202.81183025002247,0.3690829616971314,0
9037,202.82476729201153,0.4601660184562206,0
9038,202.8378112920327,0.4142909892834723,0
9039,202.84888175001834,0.48345798859372735,0
9040,202.86194158298895,0.4301250446587801,0
9041,202.87493979203282,0.39137498242780566,0
9042,202.8866217500181,0.4181669792160392,0
9043,202.89961087499978,0.4028750117868185,0
9044,202.91258212499088,0.3742920234799385,0
9045,202.92552333301865,0.46016700798645616,0
9046,202.93737804202829,0.42279099579900503,0
9047,202.95036524999887,,1
9048,203.06335625000065,0.6167080136947334,0
9049,203.0747432920034,0.7466250099241734,0
9050,203.08826433302602,,1
9051,203.20216012501623,0.5661670002155006,0
9052,203.21530587499728,0.30695798341184855,0
9053,203.22816820803564,0.26283395709469914,0
9054,203.24098633299582,0.3392500220797956,0
9055,203.253886874998,0.27541699819266796,0
9056,203.26675770798465,0.2436250215396285,0
9057,203.27846116700675,,1
9058,203.3922012919793,,1
9059,203.50487987499218,0.4211250343360007,0
9060,203.51786974997958,0.3042920143343508,0
9061,203.53075654199347,0.2690000110305846,0
9062,203.54357545799576,0.25795900728553534,0
9063,203.5563892920036,0.42870797915384173,0
9064,203.56876049999846,0.4812920233234763,0
9065,203.5812457500142,0.30274997698143125,0
9066,203.59317662502872,0.23045798297971487,0
9067,203.60593920800602,0.1585420104674995,0
9068,203.61862174997805,0.1526250271126628,0
9069,203.63129900000058,0.15608302783221006,0
9070,203.64403662498808,0.24145800853148103,0
9071,203.65658216702286,0.1481659710407257,0
9072,203.66927412501536,,1
9073,203.78305012499914,0.5778750055469573,0
9074,203.79622658301378,0.4425839870236814,0
9075,203.80842625000514,0.7162499823607504,0
9076,203.81991500000004,0.5368749843910336,0
9077,203.83223066700157,0.23458298528566957,0
9078,203.8440733749885,0.3119170432910323,0
9079,203.85696129198186,0.3118330496363342,0
9080,203.8698812079965,0.47845899825915694,0
9081,203.8817236670293,,1
9082,203.99476812500507,0.35337498411536217,0
9083,204.00770933303284,0.3487089998088777,0
9084,204.02062404202297,0.24108297657221556,0
9085,204.03336016699905,0.2376250340603292,0
9086,204.04472920799162,0.20479201339185238,0
9087,204.0575030000182,0.34670799504965544,0
9088,204.07044466701336,0.2964999875985086,0
9089,204.08330450003268,0.2395829651504755,0
9090,204.0960942080128,0.19574997713789344,0
9091,204.1079638330266,0.16783399041742086,0
9092,204.1203989579808,0.9682090021669865,0
9093,204.13415508298203,0.2560419961810112,0
9094,204.14696870802436,0.1960420049726963,0
9095,204.15935412503313,0.33612496918067336,0
9096,204.1705076249782,0.3023330355063081,0
9097,204.18111804203363,0.3273329930379987,0
9098,204.19394791702507,0.21137500880286098,0
9099,204.20443741697818,0.19683304708451033,0
9100,204.2172031670343,0.17562496941536665,0
9101,204.22993654198945,,1
9102,204.34357720799744,0.42504200246185064,0
9103,204.3565560830175,0.4237499670125544,0
9104,204.3672586249886,0.41916704503819346,0
9105,204.3802450830117,0.3611670108512044,0
9106,204.39322079200065,0.3655410255305469,0
9107,204.40612825000426,0.32370799453929067,0
9108,204.41900283301948,0.24458399275317788,0
9109,204.4318384170183,0.23520796094089746,0
9110,204.44462479202775,0.24508300703018904,0
9111,204.45741295802873,0.22291700588539243,0
9112,204.47017987503204,0.26533298660069704,0
9113,204.48299208300887,0.3182920045219362,0
9114,204.49563145800494,0.26383402291685343,0
9115,204.50844766700175,0.24883297737687826,0
9116,204.52104991703527,0.2473329659551382,0
9117,204.53233933303272,0.3434999962337315,0
9118,204.5440423330292,0.3268749569542706,0
9119,204.55700020800577,0.534999999217689,0
9120,204.56809858302586,0.4152499604970217,0
9121,204.57905112497974,0.536792038474232,0
9122,204.5921983330045,0.30637497548013926,0
9123,204.60441308299778,0.47149998135864735,0
9124,204.6164806250017,0.2796670305542648,0
9125,204.62933725002222,0.22495799930766225,0
9126,204.64211679203436,0.18829095643013716,0
9127,204.65437237499282,0.19254203652963042,0
9128,204.66711241699522,0.21020800340920687,0
9129,204.6776090420317,,1
9130,204.79136962501798,0.3987079835496843,0
9131,204.8043484580121,0.24308398133143783,0
9132,204.81631779199233,0.21716603077948093,0
9133,204.82908287498867,0.18279202049598098,0
9134,204.8418427919969,0.18262502271682024,0
9135,204.85458670801017,0.1811669790185988,0
9136,204.86732929199934,,1
9137,204.98098058300093,0.3433750243857503,0
9138,204.9938770000008,0.20891701569780707,0
9139,205.00653729197802,0.35033305175602436,0
9140,205.01949962502113,0.47808297676965594,0
9141,205.0313109580311,0.37691695615649223,0
9142,205.04423925001174,0.09137496817857027,0
9143,205.05480033298954,0.16108399722725153,0
9144,205.06751104199793,0.1867079990915954,0
9145,205.08025354199344,0.26954099303111434,0
9146,205.0931096249842,0.19225000869482756,0
9147,205.1058770000236,0.1783329644240439,0
9148,205.11862075002864,0.17708295490592718,0
9149,205.13134012499359,,1
9150,205.245001125033,0.39720797212794423,0
9151,205.25795125000877,0.2127080224454403,0
9152,205.2707384999958,0.19329198403283954,0
9153,205.283503499988,0.20066701108589768,0
9154,205.29624649998732,0.16904203221201897,0
9155,205.30898520798655,,1
9156,205.42051550000906,0.3267920110374689,0
9157,205.43294895801228,0.232374994084239,0
9158,205.44572762498865,0.19316701218485832,0
9159,205.45847666700138,0.17670798115432262,0
9160,205.4711974579841,0.17583405133336782,0
9161,205.48392658302328,0.18024997552856803,0
9162,205.49664529203437,0.1664579613134265,0
9163,205.5093515419867,0.17687503714114428,0
9164,205.52206320798723,0.17108401516452432,0
9165,205.53463591699256,0.19291602075099945,0
9166,205.54648212500615,0.19087502732872963,0
9167,205.55924062500708,0.23345800582319498,0
9168,205.5708061250043,0.1908330013975501,0
9169,205.58354316698387,0.18270802684128284,0
9170,205.59467008302454,0.1799589954316616,0
9171,205.60739616700448,0.19545800751075149,0
9172,205.6178786670207,0.1734999823383987,0
9173,205.63059179199627,0.17512502381578088,0
9174,205.64330599998357,0.1705830218270421,0
9175,205.65602950000903,0.18583302153274417,0
9176,205.66878029203508,0.17970794579014182,0
9177,205.6809467499843,0.19458302995190024,0
9178,205.6936945419875,,1
9179,205.80707470799098,0.42699999175965786,0
9180,205.82009812502656,0.2994999522343278,0
9181,205.8326370830182,0.19220897229388356,0
9182,205.8453677080106,0.16541697550565004,0
9183,205.85590224998305,0.2240000176243484,0
9184,205.86750329198549,0.2145830076187849,0
9185,205.88026320800418,0.19112502923235297,0
9186,205.89302579202922,0.21608296083286405,0
9187,205.9058091249899,0.19170803716406226,0
9188,205.91802174999611,0.18666702089831233,0
9189,205.930780625029,0.1991249737329781,0
9190,205.9435192500241,0.1977919600903988,0
9191,205.9562587920227,0.19862496992573142,0
9192,205.96899704198586,0.19808299839496613,0
9193,205.98175912501756,0.19216700457036495,0
9194,205.9945231670281,0.18679100321605802,0
9195,206.00675987498835,,1
9196,206.12045004201354,0.3565829829312861,0
9197,206.13339249999262,0.23137498646974564,0
9198,206.14373495802283,0.2429590094834566,0
9199,206.15654595801607,0.20549999317154288,0
9200,206.16929487499874,,1
9201,206.28296462498838,0.396332994569093,0
9202,206.2959354579798,0.3125420189462602,0
9203,206.3088048750069,0.25512499269098043,0
9204,206.3209412919823,0.24395802756771445,0
9205,206.33372945798328,0.2707090461626649,0
9206,206.3465686669806,0.259166001342237,0
9207,206.35937362501863,0.23966701701283455,0
9208,206.3721607500338,0.2946669701486826,0
9209,206.38306908297818,0.33891701605170965,0
9210,206.39596483303467,,1
9211,206.50902329199016,0.43533300049602985,0
9212,206.5218440000317,0.3173329751007259,0
9213,206.53421312500723,0.45908300671726465,0
9214,206.5458547080052,0.37454202538356185,0
9215,206.55879708298016,0.3907920327037573,0
9216,206.57078966702102,0.3619999624788761,0
9217,206.5815064579947,0.42391702299937606,0
9218,206.594494207995,0.38529199082404375,0
9219,206.60744441702263,0.424915982875973,0
9220,206.6204528749804,0.37333305226638913,0
9221,206.63341412501177,0.18454197561368346,0
9222,206.64535820798483,0.16408402007073164,0
9223,206.65806545800297,0.16491702990606427,0
9224,206.6707710000337,0.1681249705143273,0
9225,206.68349637498613,0.1729580108076334,0
9226,206.69621691701468,0.3174159792251885,0
9227,206.7087657499942,0.24937500711530447,0
9228,206.72155879199272,0.2746250247582793,0
9229,206.73437916702824,0.31004095217213035,0
9230,206.74726604198804,0.34991599386557937,0
9231,206.7601806250168,0.2620419836603105,0
9232,206.77302262501325,0.2589999930933118,0
9233,206.7858232500148,0.2233749837614596,0
9234,206.7974725420354,0.24229096015915275,0
9235,206.80946766701527,0.23570796474814415,0
9236,206.82228166703135,0.258082989603281,0
9237,206.8351014580112,0.25695899967104197,0
9238,206.84725058299955,0.3244170220568776,0
9239,206.8601208750042,0.2228749799542129,0
9240,206.8728901669965,0.20037498325109482,0
9241,206.88563883298775,,1
9242,206.99938612501137,0.5242080078460276,0
9243,207.01106475002598,0.3469579969532788,0
9244,207.0226637920132,0.31575001776218414,0
9245,207.03553141700104,0.30345801496878266,0
9246,207.04596770799253,0.4099590005353093,0
9247,207.05894204200013,0.43179100612178445,0
9248,207.07194816699484,0.3661250229924917,0
9249,207.08486549998634,0.32837502658367157,0
9250,207.09775195800466,0.3410420031286776,0
9251,207.1097258750233,0.29333296697586775,0
9252,207.12234591698507,0.2245830255560577,0
9253,207.13512962503592,0.2521249698475003,0
9254,207.14795970800333,,1
9255,207.26068200002192,0.37587498081848025,0
9256,207.27362558298046,0.28520904015749693,0
9257,207.28647150000324,0.26474997866898775,0
9258,207.2992842500098,0.2703749923966825,0
9259,207.312104541983,0.28608302818611264,0
9260,207.32494075002614,0.24333299370482564,0
9261,207.33772804198088,,1
9262,207.44837770803133,0.33491698559373617,0
9263,207.46126262500184,0.2615419798530638,0
9264,207.47407070803456,0.2376669435761869,0
9265,207.48689587501576,,1
9266,207.6000082080136,0.46612496953457594,0
9267,207.61305412498768,,1
9268,207.72507766698254,0.36954099778085947,0
9269,207.73687691701343,0.3140409826301038,0
9270,207.74974325002404,0.2714999718591571,0
9271,207.76256020797882,0.3078750451095402,0
9272,207.7754525000346,0.2513749641366303,0
9273,207.78828704199987,0.2322500222362578,0
9274,207.79866358300205,0.4040839849039912,0
9275,207.809463166981,0.288166047539562,0
9276,207.82230524998158,0.3257080097682774,0
9277,207.8351868329919,0.25329203344881535,0
9278,207.84801437502028,0.40024996269494295,0
9279,207.8604158749804,0.333750038407743,0
9280,207.87330212502275,0.45437499647960067,0
9281,207.88634520798223,0.19099999917671084,0
9282,207.89906745799817,,1
9283,208.01271616702434,0.3928329679183662,0
9284,208.02568841702305,0.27554098051041365,0
9285,208.03852983302204,0.2078340039588511,0
9286,208.0512939170003,,1
9287,208.16505445801886,0.42562501039355993,0
9288,208.17788437497802,0.2513750223442912,0
9289,208.19131433300208,0.2215420245192945,0
9290,208.20408504200168,0.19291602075099945,0
9291,208.2168483749847,0.18287502462044358,0
9292,208.229574166995,0.1789579982869327,0
9293,208.24229229200864,,1
9294,208.35593145800522,0.28191698947921395,0
9295,208.36873704200843,,1
9296,208.48245004197815,0.4879160551354289,0
9297,208.49552608298836,0.350042013451457,0
9298,208.5084431670257,0.275790982414037,0
9299,208.52126687503187,0.2477919915691018,0
9300,208.53406104200985,0.2615409903228283,0
9301,208.5465211669798,0.35508302971720695,0
9302,208.5594522919855,0.45783299719914794,0
9303,208.57251970801735,0.39004196878522635,0
9304,208.58548687503207,0.26649999199435115,0
9305,208.59831158298766,0.22862502373754978,0
9306,208.61110812501283,0.2471249899826944,0
9307,208.62391475000186,0.21595798898488283,0
9308,208.63645737501793,,1
9309,208.7501100000227,0.29979198006913066,0
9310,208.7629632499884,0.21866703173145652,0
9311,208.77572829200653,0.2122080186381936,0
9312,208.7873922919971,0.18933298997581005,0
9313,208.7977560830186,0.21229201229289174,0
9314,208.8105176250101,0.22300001000985503,0
9315,208.8232859580312,0.18816697411239147,0
9316,208.83383791701635,0.1883750082924962,0
9317,208.84657008299837,0.1941670197993517,0
9318,208.85930837498745,0.17425004625692964,0
9319,208.87205079197884,,1
9320,208.98573308298364,,1
9321,209.09952887502732,0.4437500028871,0
9322,209.11255600000732,0.29749999521300197,0
9323,209.1254130420275,0.26658299611881375,0
9324,209.1382588330307,0.24849997134879231,0
9325,209.1510557080037,0.2476670197211206,0
9326,209.16385604202515,0.2532079815864563,0
9327,209.17600433301413,0.24387496523559093,0
9328,209.18880624999292,0.36566698690876365,0
9329,209.2017286249902,,1
9330,209.315410582989,0.2952500362880528,0
9331,209.3282677080133,0.23454200709238648,0
9332,209.3404394580284,0.22916699526831508,0
9333,209.35322387499036,0.22791704395785928,0
9334,209.36599337501684,0.21320796804502606,0
9335,209.37876808299916,0.2257919986732304,0
9336,209.39153720799368,0.21241698414087296,0
9337,209.4042952079908,0.20754203433170915,0
9338,209.41574125003535,0.20579196279868484,0
9339,209.42849245801335,0.18450000789016485,0
9340,209.4409375420073,0.19345799228176475,0
9341,209.45367262500804,0.1967499847523868,0
9342,209.46641166700283,0.19208301091566682,0
9343,209.4791517080157,0.18516700947657228,0
9344,209.49187570798676,0.171584018971771,0
9345,209.5023651670199,0.2115829847753048,0
9346,209.51511916698655,0.18695800099521875,0
9347,209.52679949998856,,1
9348,209.64046770799905,0.3928749938495457,0
9349,209.6534194169799,0.2626250497996807,0
9350,209.66623162501492,0.30212500132620335,0
9351,209.67909770802362,0.24649995611980557,0
9352,209.69190258299932,0.21579198073595762,0
9353,209.70237200002884,0.31358300475403666,0
9354,209.71523691702168,0.22074999287724495,0
9355,209.7279995830031,0.20145898452028632,0
9356,209.74074545799522,0.19216700457036495,0
9357,209.7510469169938,,1
9358,209.86468554200837,0.30224997317418456,0
9359,209.87753854203038,0.31233299523591995,0
9360,209.89039470802527,0.2648750087246299,0
9361,209.90197120798985,0.25754200760275126,0
9362,209.91477120801574,0.2167089842259884,0
9363,209.9251737500308,0.23462495300918818,0
9364,209.9379539170186,0.21979096345603466,0
9365,209.948402583017,,1
9366,210.0620124579873,0.31683401903137565,0
9367,210.07457916700514,0.23495801724493504,0
9368,210.08739429200068,0.1972910249605775,0
9369,210.0995997079881,0.25104201631620526,0
9370,210.1109532500268,0.33429195173084736,0
9371,210.12286266701994,0.3166249953210354,0
9372,210.1343709580251,0.2665839856490493,0
9373,210.14597833302105,0.24379196111112833,0
9374,210.15876408299664,0.23316702572628856,0
9375,210.17154041700996,0.26429101126268506,0
9376,210.1843506669975,0.2607500064186752,0
9377,210.19716441701166,0.23029098520055413,0
9378,210.2096189170261,0.228749995585531,0
9379,210.22122012497857,0.24800002574920654,0
9380,210.23282441700576,0.2471249899826944,0
9381,210.2457486250205,,1
9382,210.35941633302718,0.3451249795034528,0
9383,210.37231316702673,,1
9384,210.4847491250257,0.35616697277873755,0
9385,210.4976613750332,0.2573749516159296,0
9386,210.51008404203458,,1
9387,210.62177879200317,0.666750012896955,0
9388,210.63506570801837,0.5694999708794057,0
9389,210.6482282920042,,1
9390,210.76212283299537,0.5433339974842966,0
9391,210.77526133297943,0.4455840098671615,0
9392,210.78830275003565,0.4129169974476099,0
9393,210.80028349999338,,1
9394,210.91383741702884,0.6463750032708049,0
9395,210.924838832987,0.5178340361453593,0
9396,210.9379544170224,0.5685409996658564,0
9397,210.95105224999133,0.41458301711827517,0
9398,210.9640746670193,0.41691598016768694,0
9399,210.9761184999952,0.36854203790426254,0
9400,210.98905670800013,0.3587499959394336,0
9401,211.00197987502906,0.35387498792260885,0
9402,211.01491550001083,0.3926249919459224,0
9403,211.02708683302626,0.374208961147815,0
9404,211.03965966700343,0.3846660256385803,0
9405,211.05133037501946,0.3120829933322966,0
9406,211.064196583,0.35020901123061776,0
9407,211.07710379199125,0.3707080031745136,0
9408,211.090044667013,0.41745800990611315,0
9409,211.10305770800915,0.4237089888192713,0
9410,211.1160430830205,0.4088749992661178,0
9411,211.1290136250318,0.3872919478453696,0
9412,211.14195916702738,0.3862909507006407,0
9413,211.15491270797793,0.4225000157020986,0
9414,211.16738162498223,0.41491701267659664,0
9415,211.17841954203323,0.4352079704403877,0
9416,211.19141312502325,,1
9417,211.3052509999834,0.5316250026226044,0
9418,211.31837704201462,,1
9419,211.43210666702362,0.3507499932311475,0
9420,211.44371387502179,,1
9421,211.55742429202655,,1
9422,211.6712352919858,0.4175830399617553,0
9423,211.6821349170059,0.27195800794288516,0
9424,211.6949630000163,0.19150000298395753,0
9425,211.7076994170202,,1
9426,211.82142945798114,0.4855000297538936,0
9427,211.83451104199048,0.28629100415855646,0
9428,211.8467102079885,0.2792089944705367,0
9429,211.8582649580203,0.2667919616214931,0
9430,211.87107829202432,0.24279096396639943,0
9431,211.88389637501677,0.24254200980067253,0
9432,211.8966964170104,0.276540988124907,0
9433,211.9095248330268,0.2544999588280916,0
9434,211.92214066698216,0.2412500325590372,0
9435,211.9349284170312,0.20658294670283794,0
9436,211.9453043329995,0.215750013012439,0
9437,211.9569402920315,0.20887498976662755,0
9438,211.96969229198294,0.20829105051234365,0
9439,211.98012470803224,0.21879200357943773,0
9440,211.9917604579823,0.18870900385081768,0
9441,212.00237954198383,0.3035000408999622,0
9442,212.01522337499773,0.1947919954545796,0
9443,212.02736133302096,0.1948749995790422,0
9444,212.04009641701123,0.20641600713133812,0
9445,212.05285133299185,0.19887503003701568,0
9446,212.06563679198734,,1
9447,212.17847883299692,0.36079203709959984,0
9448,212.1910550420289,0.18695800099521875,0
9449,212.20238199998857,0.13408303493633866,0
9450,212.21506808302365,0.14733400894328952,0
9451,212.22776845801855,0.17304200446233153,0
9452,212.24050520802848,0.17508398741483688,0
9453,212.25322083302308,0.17462496180087328,0
9454,212.26595037500374,0.20958302775397897,0
9455,212.27626583300298,0.14866702258586884,0
9456,212.28780604200438,0.17537502571940422,0
9457,212.30052912503015,0.1706249895505607,0
9458,212.3132451249985,0.18841703422367573,0
9459,212.32597787497798,0.18741702660918236,0
9460,212.3387114169891,0.17033301992341876,0
9461,212.3514231669833,,1
9462,212.4650875829975,0.24137500440701842,0
9463,212.47790291701676,0.18754100892692804,0
9464,212.48984587501036,,1
9465,212.60352050000802,0.47795800492167473,0
9466,212.6165973750176,0.32120797550305724,0
9467,212.62948941701325,0.24116598069667816,0
9468,212.6419038749882,,1
9469,212.75563433300704,0.37700001848861575,0
9470,212.76857200002996,0.22891699336469173,0
9471,212.7795280420105,0.23645797045901418,0
9472,212.79231929202797,0.22279098629951477,0
9473,212.8031430420233,0.2567080082371831,0
9474,212.81569312501233,0.22420799359679222,0
9475,212.8285116670304,0.2069159527309239,0
9476,212.84304112498648,3.656707995105535,0
9477,212.85806191700976,0.7506249821744859,0
9478,212.87144258298213,0.631667033303529,0
9479,212.88472141698003,0.3852910012938082,0
9480,212.89733812498162,0.22116705076768994,0
9481,212.90911725000478,0.1846670056693256,0
9482,212.92176758300047,0.20820897771045566,0
9483,212.93453916703584,0.20504096755757928,0
9484,212.94559287501033,0.18316699424758554,0
9485,212.9583369580214,0.17262500477954745,0
9486,212.97104904201115,0.1669580233283341,0
9487,212.983784208016,0.1829999964684248,0
9488,212.99650866701268,0.1622500130906701,0
9489,213.00921120803105,0.17708400264382362,0
9490,213.02193145803176,0.17604196909815073,0
9491,213.03464320802595,0.16220897668972611,0
9492,213.04527058301028,0.16237498493865132,0
9493,213.05797495803563,0.171166961081326,0
9494,213.07069249998312,0.17679203301668167,0
9495,213.08308083302109,0.1775840064510703,0
9496,213.09580120799365,0.17075001960620284,0
9497,213.1085125420359,0.1682079746387899,0
9498,213.1212211670354,0.18320797244086862,0
9499,213.1339455830166,0.17129199113696814,0
9500,213.14470845798496,0.2102089929394424,0
9501,213.15746324998327,0.17712503904476762,0
9502,213.16840708302334,0.19874999998137355,0
9503,213.18091958301375,0.1866249949671328,0
9504,213.19365575001575,0.19579200306907296,0
9505,213.20499025000026,0.1835830044001341,0
9506,213.21659912500763,0.18516700947657228,0
9507,213.22932391701033,0.1735410187393427,0
9508,213.23980879201554,0.16958301421254873,0
9509,213.25253100000555,,1
9510,213.36617183301132,0.24491699878126383,0
9511,213.3789647499798,0.2025420544669032,0
9512,213.39171391702257,0.21654099691659212,0
9513,213.40314850001596,0.8076669764705002,0
9514,213.4165067920112,0.47924998216331005,0
9515,213.42956820799736,0.4008340183645487,0
9516,213.4425322500174,,1
9517,213.5562367499806,0.5372080486267805,0
9518,213.56936629198026,,1
9519,213.6826643330278,0.3939169691875577,0
9520,213.69562625000253,0.2647920046001673,0
9521,213.7084501250065,0.24554197443649173,0
9522,213.71881308301818,0.2836249768733978,0
9523,213.73165800003335,0.2597499988041818,0
9524,213.74300729198148,0.2637500292621553,0
9525,213.75585583300563,0.24429202312603593,0
9526,213.76864449999994,,1
9527,213.88232074998086,0.2864170237444341,0
9528,213.8946282499819,0.22404204355552793,0
9529,213.90740195801482,,1
9530,214.02116841700627,0.4486659890972078,0
9531,214.03421587502817,0.29574998188763857,0
9532,214.04628958302783,0.2548339543864131,0
9533,214.05683833302464,0.26000000070780516,0
9534,214.06964729202446,0.21533295512199402,0
9535,214.08153991698055,0.2340000355616212,0
9536,214.0943219580222,0.21708395797759295,0
9537,214.10476916702464,,1
9538,214.21611500001745,0.35570800537243485,0
9539,214.22792683303123,0.36433397326618433,0
9540,214.23861262499122,0.3588750259950757,0
9541,214.2503037499846,0.37741701817139983,0
9542,214.26186358300038,,1
9543,214.37419775000308,0.5647080251947045,0
9544,214.38734845799627,0.24687498807907104,0
9545,214.4001468750066,0.20820798818022013,0
9546,214.4129115419928,0.9191660210490227,0
9547,214.42644854198443,0.2637910074554384,0
9548,214.4392732080305,0.33712497679516673,0
9549,214.4521931670024,0.2942910068668425,0
9550,214.46413700003177,0.33208297099918127,0
9551,214.4770430829958,0.21466700127348304,0
9552,214.488879291981,0.18045800970867276,0
9553,214.5016051250277,0.1871249987743795,0
9554,214.51304083300056,0.18420902779325843,0
9555,214.52579583303304,0.1996669452637434,0
9556,214.5385607079952,0.17862499225884676,0
9557,214.55128895799862,0.19608403090387583,0
9558,214.5640296250349,0.16954197781160474,0
9559,214.57604433299275,0.1812500413507223,0
9560,214.5880032919813,0.1966660493053496,0
9561,214.60074495803565,0.21499994909390807,0
9562,214.61340800003381,0.1859169569797814,0
9563,214.62505620799493,0.2930000191554427,0
9564,214.6379132079892,0.37287501618266106,0
9565,214.65083333302755,0.39599998854100704,0
9566,214.66203691699775,0.3394579980522394,0
9567,214.6749353330233,,1
9568,214.789060332987,0.576250022277236,0
9569,214.8014939170098,0.5199160077609122,0
9570,214.8132932499866,0.48587500350549817,0
9571,214.82511337503092,0.48987497575581074,0
9572,214.83821270801127,0.40362501749768853,0
9573,214.84987725003157,0.5122079746797681,0
9574,214.8629897920182,0.44358300510793924,0
9575,214.8736831669812,,1
9576,214.98748441698262,0.4551250021904707,0
9577,214.99951862503076,0.3754999488592148,0
9578,215.01209679199383,0.510375015437603,0
9579,215.02519925002707,0.5147499614395201,0
9580,215.03833341703285,0.4837499582208693,0
9581,215.05138304200955,0.3215830074623227,0
9582,215.0642615419929,0.5122500006109476,0
9583,215.07603583298624,,1
9584,215.18915874999948,0.5113750230520964,0
9585,215.20225883298554,0.3167919931001961,0
9586,215.21495420800056,0.3154589794576168,0
9587,215.22783329198137,,1
9588,215.34044529200764,0.4040410276502371,0
9589,215.35343550000107,0.36208302481099963,0
9590,215.3663886670256,0.3613749868236482,0
9591,215.37933595798677,0.3862500307150185,0
9592,215.3923046250129,0.4295419785194099,0
9593,215.40508991701063,0.354750023689121,0
9594,215.41570612502983,0.22429198725149035,0
9595,215.4277196250041,11.96700002765283,0
9596,215.45191266702022,0.3870410146191716,0
9597,215.46517254202627,0.4005410009995103,0
9598,215.47815058298875,0.377209042198956,0
9599,215.4911190830171,0.3653339808806777,0
9600,215.50312433298677,0.29091699980199337,0
9601,215.51429366698721,0.3035830450244248,0
9602,215.52482404198963,0.286333030089736,0
9603,215.53765487502096,0.17987500177696347,0
9604,215.5493277499918,0.3605830133892596,0
9605,215.56225366698345,0.41625002631917596,0
9606,215.57418166700518,0.4415410221554339,0
9607,215.58717179199448,0.32654101960361004,0
9608,215.5997898330097,0.31695899087935686,0
9609,215.61266270797933,0.3421250148676336,0
9610,215.62544108298607,0.4753750399686396,0
9611,215.63846720801666,0.3719169762916863,0
9612,215.64962387498235,0.653333030641079,0
9613,215.6608722920064,0.2881659893319011,0
9614,215.67275258299196,0.32508402364328504,0
9615,215.68564883299405,0.47070899745449424,0
9616,215.6986936670146,0.42349996510893106,0
9617,215.71089045802364,0.789834011811763,0
9618,215.7242425000295,0.37941697519272566,0
9619,215.73596854199423,0.3975830040872097,0
9620,215.7476920420304,0.4415829898789525,0
9621,215.76069783302955,0.39066700264811516,0
9622,215.7733257500222,0.43120799819007516,0
9623,215.78630445798626,0.4087919951416552,0
9624,215.79917775001377,0.44908298877999187,0
9625,215.81137341703288,0.5175829865038395,0
9626,215.82446074998006,0.4311670199967921,0
9627,215.83744862501044,0.39000000106170774,0
9628,215.84862795798108,0.2959170378744602,0
9629,215.86008708301233,,1
9630,215.97387745801825,,1
9631,216.08607845799997,0.5224589840508997,0
9632,216.09917375002988,0.41854195296764374,0
9633,216.1118562920019,0.3939580055885017,0
9634,216.1248122919933,0.409041007515043,0
9635,216.13778958300827,0.4275839892216027,0
9636,216.15077812498203,0.3700000233948231,0
9637,216.1631826669909,0.4209160106256604,0
9638,216.17616033297963,0.36925001768395305,0
9639,216.18696933297906,0.3657920169644058,0
9640,216.19872591702733,0.3815409727394581,0
9641,216.2116512079956,,1
9642,216.32456420798553,0.5380000220611691,0
9643,216.33770166698378,0.5067909951321781,0
9644,216.35089687502477,2.021999971475452,0
9645,216.3657020420069,0.4604579880833626,0
9646,216.37875304202316,0.43791596544906497,0
9647,216.39176683302503,0.4521249793469906,0
9648,216.40367133298423,0.5125839961692691,0
9649,216.41674708301434,0.34012499963864684,0
9650,216.4296335830004,0.2662090118974447,0
9651,216.44244095799513,0.21900003775954247,0
9652,216.4551840419881,,1
9653,216.5688875829801,0.5267920205369592,0
9654,216.57975824997993,0.3005000180564821,0
9655,216.59262041701004,0.23087498266249895,0
9656,216.60540691699134,0.2199580194428563,0
9657,216.61743954202393,0.3043749602511525,0
9658,216.63031770801172,0.24854199727997184,0
9659,216.64311687502777,,1
9660,216.75610120798228,0.6204170058481395,0
9661,216.76931320800213,0.3245419939048588,0
9662,216.78219954197994,0.26220805011689663,0
9663,216.79502108303132,0.26487495051696897,0
9664,216.80785291700158,0.2907909802161157,0
9665,216.82069758302532,0.2667089574970305,0
9666,216.8321541250334,0.24658296024426818,0
9667,216.84496466699056,0.24104100884869695,0
9668,216.8563369170297,0.22841600002720952,0
9669,216.86911312502343,0.31154201133176684,0
9670,216.87954316701507,0.14279101742431521,0
9671,216.89221999997972,0.23029203293845057,0
9672,216.9049699170282,0.18620799528434873,0
9673,216.91767220798647,0.13112503802403808,0
9674,216.93032991699874,0.156416033860296,0
9675,216.94300787500106,0.17804198432713747,0
9676,216.9557076250203,0.13837497681379318,0
9677,216.96837212500395,0.13449997641146183,0
9678,216.9810254999902,0.1289580250158906,0
9679,216.9936763329897,0.14212500536814332,0
9680,217.00634000002174,0.13079197378829122,0
9681,217.01899366703583,0.146915961522609,0
9682,217.03169108298607,0.3083750489167869,0
9683,217.04412095801672,0.2726250095292926,0
9684,217.0550691250246,0.2382919774390757,0
9685,217.0678692079964,0.2523750299587846,0
9686,217.08068474999163,0.24908303748816252,0
9687,217.093490750005,0.23912498727440834,0
9688,217.1059516670066,0.1984999980777502,0
9689,217.11718370800372,0.20216702250763774,0
9690,217.129935999983,0.34366705222055316,0
9691,217.1428400420118,,1
9692,217.25660116702784,0.49437495181337,0
9693,217.26809650001815,0.3095829742960632,0
9694,217.28008683299413,0.2398340147919953,0
9695,217.29288254200947,,1
9696,217.40659425000194,0.4761249874718487,0
9697,217.41940695798257,0.2583340392448008,0
9698,217.43150966701796,0.24183298228308558,0
9699,217.44318908301648,0.27312501333653927,0
9700,217.45601416699355,0.23549998877570033,0
9701,217.46880516700912,0.21433300571516156,0
9702,217.48156191699672,,1
9703,217.5953069170355,,1
9704,217.70933004200924,0.5232080002315342,0
9705,217.72137479198864,0.2613330143503845,0
9706,217.7342071669991,0.24566601496189833,0
9707,217.7470217079972,,1
9708,217.85975487501128,0.5214170087128878,0
9709,217.87237566697877,0.2789160353131592,0
9710,217.8852145000128,0.5569999921135604,0
9711,217.89834762498504,0.452083011623472,0
9712,217.91137941699708,0.2632079995237291,0
9713,217.92420062498422,0.2417920040898025,0
9714,217.93701120797778,0.2410420565865934,0
9715,217.94768316700356,0.2164160250686109,0
9716,217.95929970801808,0.2364999963901937,0
9717,217.972092083015,0.20241696620360017,0
9718,217.9824538329849,,1
9719,218.09614337503444,0.4419999895617366,0
9720,218.1083065830171,0.2720420015975833,0
9721,218.12115504202666,0.21566596115007997,0
9722,218.13211683300324,0.2602500026114285,0
9723,218.14493120799307,,1
9724,218.25870616699103,0.45141601003706455,0
9725,218.27078212500783,0.30516699189320207,0
9726,218.2825920000323,0.2935829688794911,0
9727,218.29518125002505,0.2859169617295265,0
9728,218.30801595799858,,1
9729,218.42173895798624,0.4147920408286154,0
9730,218.43472837499576,0.24816702352836728,0
9731,218.44753470801516,0.25229196762666106,0
9732,218.45851016702363,0.2847909927368164,0
9733,218.47013949998654,0.24804199347272515,0
9734,218.481738707982,0.19737501861527562,0
9735,218.49335137498565,0.21837500389665365,0
9736,218.50542275002226,,1
9737,218.619150582992,0.4146250430494547,0
9738,218.63213254202856,0.27437496464699507,0
9739,218.6441138330265,0.2566250041127205,0
9740,218.65693245799048,0.24879199918359518,0
9741,218.66973870800575,0.2257919986732304,0
9742,218.68250291701406,0.16133300960063934,0
9743,218.69519808300538,0.19954197341576219,0
9744,218.7079412920284,0.213540974073112,0
9745,218.72070233302657,0.26050000451505184,0
9746,218.73351391701726,0.2792499726638198,0
9747,218.74634983303258,0.27012499049305916,0
9748,218.75917395798024,0.2369590220041573,0
9749,218.77196320798248,,1
9750,218.88563029200304,0.28020801255479455,0
9751,218.89843695802847,0.15254196478053927,0
9752,218.91085604199907,0.2223330084234476,0
9753,218.92360770801315,0.1615419751033187,0
9754,218.93635737500153,0.15291699673980474,0
9755,218.94906766701024,0.28154096798971295,0
9756,218.96192683302797,0.3284169943071902,0
9757,218.97435112501262,,1
9758,219.08804866700666,,1
9759,219.20106741698692,,1
9760,219.31495112500852,0.5438749794848263,0
9761,219.32675745798042,0.31808402854949236,0
9762,219.3396432499867,0.28208299772813916,0
9763,219.35248854203383,0.28966600075364113,0
9764,219.3653364580241,0.3207089612260461,0
9765,219.37808070803294,0.3072499530389905,0
9766,219.39098308299435,0.36087504122406244,0
9767,219.4039547080174,0.23533398052677512,0
9768,219.41436929203337,0.27074996614828706,0
9769,219.4271912080003,0.23245898773893714,0
9770,219.43996929202694,0.19570795120671391,0
9771,219.45104229199933,0.25529100093990564,0
9772,219.46385499997996,0.22175000049173832,0
9773,219.47436891699908,0.19270798657089472,0
9774,219.48598666698672,0.23504102136939764,0
9775,219.49744191701757,0.220040965359658,0
9776,219.51022583298618,0.2371250302530825,0
9777,219.52301391703077,0.20666595082730055,0
9778,219.53576358302962,0.2044169814325869,0
9779,219.54706979199545,0.33491599606350064,0
9780,219.5599656670238,0.3007079940289259,0
9781,219.57211499998812,0.27187500381842256,0
9782,219.58415883302223,,1
9783,219.69788629200775,0.3920830204151571,0
9784,219.71083379199263,0.3546660300344229,0
9785,219.72376733302372,0.2418339718133211,0
9786,219.73659112502355,0.2554579987190664,0
9787,219.74722041701898,,1
9788,219.8609551669797,0.506791053339839,0
9789,219.87404437502846,1.2574999709613621,0
9790,219.88786591700045,0.26237498968839645,0
9791,219.9006793749868,0.2263750066049397,0
9792,219.91344829200534,0.25829102378338575,0
9793,219.92626849998487,0.3131250268779695,0
9794,219.93914004199905,0.24604098871350288,0
9795,219.95039200002793,0.2833749749697745,0
9796,219.9620137080201,0.22408401127904654,0
9797,219.97361245797947,0.21341704996302724,0
9798,219.986371957988,0.20270899403840303,0
9799,219.99912629200844,0.3102499758824706,0
9800,220.01199775002897,0.252624973654747,0
9801,220.02383287501289,0.23341696942225099,0
9802,220.03493637498468,,1
9803,220.148648375005,0.5540419952012599,0
9804,220.16183641698444,0.35204103915020823,0
9805,220.1743930419907,0.4717500414699316,0
9806,220.18745583301643,0.3226670087315142,0
9807,220.20035295799607,0.35012501757591963,0
9808,220.21331129199825,0.5372500163502991,0
9809,220.22524649999104,,1
9810,220.33905258303275,0.5199589650146663,0
9811,220.35027916700346,,1
9812,220.46402983303415,0.39470900082960725,0
9813,220.4769852500176,0.24154200218617916,0
9814,220.48979754198808,0.20908302394673228,0
9815,220.5018665830139,0.17966696759685874,0
9816,220.513470417005,0.18741597887128592,0
9817,220.52619966701604,0.17549999756738544,0
9818,220.53817912499653,0.19170803716406226,0
9819,220.55092141701607,0.2514999941922724,0
9820,220.56246820802335,,1
9821,220.67615204199683,0.20933302585035563,0
9822,220.688888958015,0.15404197620227933,0
9823,220.70157654199284,0.14700001338496804,0
9824,220.7142546250252,0.1681249705143273,0
9825,220.7269525830052,0.1526250271126628,0
9826,220.73962624999695,0.14237500727176666,0
9827,220.75228945800336,0.14983402797952294,0
9828,220.76496116700582,0.15029101632535458,0
9829,220.77763566700742,0.1474579912610352,0
9830,220.79030383302597,0.14983396977186203,0
9831,220.80299108300824,0.2591669908724725,0
9832,220.81580799998483,0.20891701569780707,0
9833,220.82795300002908,0.17808296252042055,0
9834,220.840453916986,0.24416600354015827,0
9835,220.85135625000112,0.2865000278688967,0
9836,220.86422074999427,0.24870800552889705,0
9837,220.87703745800536,,1
9838,220.98950120800873,0.3489169757813215,0
9839,221.00181783299195,0.2493340289220214,0
9840,221.01462237501983,0.24129200028255582,0
9841,221.02741212502588,0.20541698904708028,0
9842,221.04019025003072,0.24029199266806245,0
9843,221.0530144170043,,1
9844,221.166689375008,,1
9845,221.27974462503335,0.31183299142867327,0
9846,221.29261116700945,0.21795800421386957,0
9847,221.30539483303437,0.21049997303634882,0
9848,221.3181564169936,0.21354103228077292,0
9849,221.33092812501127,0.20458298968151212,0
9850,221.3436732920236,0.1897079637274146,0
9851,221.35518424998736,,1
9852,221.4688772080117,0.27725001564249396,0
9853,221.48174075002316,0.22237497614696622,0
9854,221.49453500000527,0.1992079778574407,0
9855,221.50727649999317,0.18470804207026958,0
9856,221.51777337503154,0.21787500008940697,0
9857,221.52868129202398,0.261999957729131,0
9858,221.54148424998857,0.1496670302003622,0
9859,221.55417729198234,0.34329103073105216,0
9860,221.5670710830018,0.3723339759744704,0
9861,221.5800063330098,0.4016669699922204,0
9862,221.59296575002372,0.3198749618604779,0
9863,221.60583775001578,0.30820799292996526,0
9864,221.61869124998339,0.27300004148855805,0
9865,221.63150754198432,,1
9866,221.74413808301324,0.514708983246237,0
9867,221.75576929200906,0.26370800333097577,0
9868,221.76859391701873,0.2507499884814024,0
9869,221.77897158300038,0.18212501890957355,0
9870,221.79169895802625,0.17587497131899,0
9871,221.8044156670221,0.17020798986777663,0
9872,221.81713212502655,0.17804198432713747,0
9873,221.82985325000482,0.17312500858679414,0
9874,221.8404527080129,0.19270897610113025,0
9875,221.85321412503254,0.17841695807874203,0
9876,221.865965917008,0.19491597777232528,0
9877,221.87764654197963,,1
9878,221.99139095802093,0.4896669997833669,0
9879,222.00239550002152,0.3263329854235053,0
9880,222.01528754201718,0.23641600273549557,0
9881,222.02808316698065,0.24787505390122533,0
9882,222.04088033299195,0.21229201229289174,0
9883,222.05178179201903,0.2358749625273049,0
9884,222.0645689999801,0.2042920095846057,0
9885,222.07634075003443,,1
9886,222.19006191700464,0.37604098906740546,0
9887,222.2023774170084,0.2616660203784704,0
9888,222.2152094580233,0.21829199977219105,0
9889,222.2279716670164,0.2128329942934215,0
9890,222.2407364579849,0.24033401859924197,0
9891,222.25353762501618,0.2097499673254788,0
9892,222.2649444580311,0.2285839873366058,0
9893,222.27774112502811,0.19812496611848474,0
9894,222.28978962497786,0.20883302204310894,0
9895,222.30236433300888,0.1859589829109609,0
9896,222.31509004201507,,1
9897,222.42873362498358,0.2895829966291785,0
9898,222.44157062500017,0.23554201470687985,0
9899,222.45234304200858,0.21233299048617482,0
9900,222.4639421669999,0.20054099150002003,0
9901,222.47668783302652,0.20108395256102085,0
9902,222.48789320798824,0.18791703041642904,0
9903,222.50062620802782,0.2103750011883676,0
9904,222.5133783330093,0.18737500067800283,0
9905,222.52610866702162,0.18745800480246544,0
9906,222.53790604200913,0.19216601504012942,0
9907,222.550597708032,0.2363339881412685,0
9908,222.56337770802202,0.24399999529123306,0
9909,222.57606070803013,0.24612498236820102,0
9910,222.58885162498336,0.22016704315319657,0
9911,222.60161866701674,0.256291008554399,0
9912,222.6144452500157,0.25058299070224166,0
9913,222.62723787501454,0.2072919742204249,0
9914,222.63810191699304,0.22362498566508293,0
9915,222.64842208300252,0.2227919758297503,0
9916,222.6611920830328,,1
9917,222.7748941250029,0.2633749973028898,0
9918,222.7877290000324,0.21033297525718808,0
9919,222.8004852500162,0.2210419625043869,0
9920,222.8132467920077,0.30445802258327603,0
9921,222.82388058298966,0.2702500205487013,0
9922,222.8344414579915,0.2601669984869659,0
9923,222.84724675002508,0.24429196491837502,0
9924,222.860024292022,0.19454100402072072,0
9925,222.87274079199415,0.11766602983698249,0
9926,222.88540012500016,0.18924998585134745,0
9927,222.89821154199308,0.1623330172151327,0
9928,222.91093050001655,0.3159170155413449,0
9929,222.9216263749986,0.25525002274662256,0
9930,222.93443695799215,0.19400002202019095,0
9931,222.94494737498462,0.19920803606510162,0
9932,222.95769279199885,0.19054103177040815,0
9933,222.97042779199546,0.17941603437066078,0
9934,222.98314833303448,0.1712499652057886,0
9935,222.9958757919958,0.17549999756738544,0
9936,223.00860995799303,0.1757090212777257,0
9937,223.02132529200753,,1
9938,223.13474541698815,0.3102500340901315,0
9939,223.14824879198568,0.1997910439968109,0
9940,223.1609959580237,0.19187497673556209,0
9941,223.17373516701628,,1
9942,223.2874380419962,0.32475002808496356,0
9943,223.29988441697787,0.2312080468982458,0
9944,223.3123918750207,0.21991698304191232,0
9945,223.32308750000084,0.21287502022460103,0
9946,223.33469183300622,0.2306249807588756,0
9947,223.3463137500221,0.21858297986909747,0
9948,223.35790474998066,0.2202920150011778,0
9949,223.36998933303403,0.1996249775402248,0
9950,223.38274087500758,0.21525000920519233,0
9951,223.39550354197854,0.21287502022460103,0
9952,223.40708070801338,0.21054199896752834,0
9953,223.41983708302723,0.19354198593646288,0
9954,223.432588458003,0.20629202481359243,0
9955,223.44499241700396,0.19991601584479213,0
9956,223.45773908297997,0.21000002743676305,0
9957,223.46824054198805,0.19362499006092548,0
9958,223.48094395798398,,1
9959,223.5946348750149,0.39724999805912375,0
9960,223.60759154200787,0.2556659746915102,0
9961,223.62039466702845,0.21245796233415604,0
9962,223.63315308303572,,1
9963,223.7453802920063,0.3465830232016742,0
9964,223.7582819579984,0.27770898304879665,0
9965,223.77110825001728,0.22158300271257758,0
9966,223.78387345798546,0.19791704835370183,0
9967,223.79662704200018,,1
9968,223.91029279201757,0.2506250166334212,0
9969,223.92308837501332,0.22308301413431764,0
9970,223.9358844999806,0.220458023250103,0
9971,223.9486782500171,,1
9972,224.06235137500335,0.30629202956333756,0
9973,224.072708917025,0.2758330083452165,0
9974,224.08527575002518,0.3534999559633434,0
9975,224.09820091701113,0.30408299062401056,0
9976,224.11106233298779,0.30208402313292027,0
9977,224.123938542034,0.2722499775700271,0
9978,224.13675770798,0.2578340354375541,0
9979,224.14738700003363,0.2871249453164637,0
9980,224.16022658301517,0.2964999875985086,0
9981,224.1730784579995,0.39008399471640587,0
9982,224.1860247500008,0.3284169943071902,0
9983,224.19890787499025,0.287083035800606,0
9984,224.21173879201524,0.27308298740535975,0
9985,224.22287529200548,0.25829102378338575,0
9986,224.23507254198194,0.24875003146007657,0
9987,224.24610020802356,0.23737497394904494,0
9988,224.25888162502088,0.2817499917000532,0
9989,224.27170874999138,0.22600003285333514,0
9990,224.28448179201223,0.2187080099247396,0
9991,224.29724933300167,0.2341250074096024,0
9992,224.31002033298137,0.21466700127348304,0
9993,224.32154962501954,0.2728750114329159,0
9994,224.33315041702008,0.27537497226148844,0
9995,224.3447538749897,0.2400000230409205,0
9996,224.35753637499874,0.22879202151671052,0
9997,224.36798400001135,,1
9998,224.48020400002133,0.5025829887017608,0
9999,224.49146558297798,,1
