seq,times_elapsed_secs,rtt_ms,lost
0,1.5420373529195786e-06,0.44845795491710305,0
1,0.012993917043786496,0.4392499686218798,0
2,0.02598837501136586,0.2321670181117952,0
3,0.038765834004152566,0.2615409903228283,0
4,0.051565084024332464,0.1907499972730875,0
5,0.06429087498690933,0.16075000166893005,0
6,0.07641475001582876,0.13720901915803552,0
7,0.08907404204364866,0.17333298455923796,0
8,0.10176629200577736,0.20754203433170915,0
9,0.11448920902330428,0.2423750120215118,0
10,0.12725945899728686,0.24383299751207232,0
11,0.14003408403368667,0.21829101024195552,0
12,0.15093383402563632,0.3186659887433052,0
13,0.16349516704212874,0.2466669538989663,0
14,0.1762894589919597,0.370624999050051,0
15,0.18920875003095716,0.27470896020531654,0
16,0.20201770903076977,0.22212497424334288,0
17,0.21477066702209413,0.2275420119985938,0
18,0.2259853750001639,0.2477919915691018,0
19,0.23633829201571643,0.2304170047864318,0
20,0.24910695903236046,0.26012497255578637,0
21,0.2618972090422176,0.2857910003513098,0
22,0.2724305000156164,0.275125028565526,0
23,0.2852694590110332,0.2900410327129066,0
24,0.29568787501193583,0.26341702323406935,0
25,0.30605737504083663,0.3248339635320008,0
26,0.31650991702917963,0.21224998636171222,0
27,0.3292515840148553,0.25945802917703986,0
28,0.3420376669964753,0.2940419944934547,0
29,0.35488541703671217,0.29379199258983135,0
30,0.36773333401652053,0.30112499371171,0
31,0.38057091704104096,0.228749995585531,0
32,0.39306991698686033,0.28845801716670394,0
33,0.40589033399010077,0.28900004690513015,0
34,0.41870320902671665,0.1765000051818788,0
35,0.43140466703334823,0.23158296244218946,0
36,0.44238670903723687,0.2842909889295697,0
37,0.45520962501177564,0.24949997896328568,0
38,0.4679831670364365,0.23004197282716632,0
39,0.4807452920358628,0.27016695821657777,0
40,0.4930862920009531,0.2727920073084533,0
41,0.5059005420189351,0.3571669803932309,0
42,0.51880900003016,0.3826249740086496,0
43,0.5299062500125729,0.4349590162746608,0
44,0.5407038340345025,0.47883298248052597,0
45,0.55312287498964,0.4348340444266796,0
46,0.565640542015899,0.5379170179367065,0
47,0.5773706249892712,0.41183404391631484,0
48,0.5903732920414768,0.4260829882696271,0
49,0.6013862090185285,0.6063749897293746,0
50,0.6128487500245683,0.6501249736174941,0
51,0.6241244589909911,0.5875000497326255,0
52,0.6363662090152502,1.2496249983087182,0
53,0.6477406250196509,0.8076669764705002,0
54,0.6623251250130124,0.7567090215161443,0
55,0.6756574170431122,0.2387919812463224,0
56,0.6894753749947995,6.078500009607524,0
57,0.7066791669931263,0.37391704972833395,0
58,0.7184602500055917,0.378625001758337,0
59,0.7312950839987025,0.3980410401709378,0
60,0.743070250027813,0.3096669679507613,0
61,0.7535135840298608,0.2714999718591571,0
62,0.766325542004779,0.24525000480934978,0
63,0.7791519589954987,0.32483303220942616,0
64,0.7920222090324387,0.24341599782928824,0
65,0.8023565420298837,0.3537499578669667,0
66,0.8152925000176765,0.21591701079159975,0
67,0.8259871670161374,0.19095797324553132,0
68,0.8387134170043282,0.22062502102926373,0
69,0.8503301670425572,0.23037497885525227,0
70,0.8631572090089321,0.3184580127708614,0
71,0.8754767919890583,0.349333044141531,0
72,0.888409250008408,0.3594590234570205,0
73,0.9013129590312019,0.36808301229029894,0
74,0.914236709009856,0.3863750025629997,0
75,0.9252406670129858,0.2889580209739506,0
76,0.9367420420167036,0.34387496998533607,0
77,0.9475729590049013,0.22329099010676146,0
78,0.959797375020571,0.2567920018918812,0
79,0.9725944999954663,0.2610000083222985,0
80,0.9853962089982815,0.280875014141202,0
81,0.9982031669933349,0.19229203462600708,0
82,1.0097919999971054,0.2292920253239572,0
83,1.0225395419984125,0.22479199105873704,0
84,1.0353024170035496,0.39354199543595314,0
85,1.048269041988533,0.4635000368580222,0
86,1.061286417010706,0.2785830292850733,0
87,1.0741101250168867,0.3494169795885682,0
88,1.0870222090161406,0.3373749786987901,0
89,1.0999040420283563,0.288125011138618,0
90,1.1127445840393193,0.20970799960196018,0
91,1.1234192090341821,0.23254100233316422,0
92,1.1362067920272239,0.20416697952896357,0
93,1.1489555420121178,0.216833024751395,0
94,1.1597955420147628,0.1977920182980597,0
95,1.1725241669919342,0.16529200365766883,0
96,1.185228125017602,0.1925419783219695,0
97,1.1979585840017535,0.2572080120444298,0
98,1.2107648340170272,0.3498750156722963,0
99,1.2236679590423591,0.22608297877013683,0
100,1.2364427089923993,0.23129105102270842,0
101,1.2485191670130007,0.22537499899044633,0
102,1.2598046670318581,0.30758295906707644,0
103,1.2725116669898853,0.9192080469802022,0
104,1.283624084026087,0.3210409777238965,0
105,1.2959257090114988,0.5007910076528788,0
106,1.3066784589900635,0.3507910296320915,0
107,1.3184185840073042,0.33908302430063486,0
108,1.3310665840399452,0.490790989715606,0
109,1.3579906669910997,1.662124996073544,0
110,1.3705576250213198,0.4294589743949473,0
111,1.3810985840391368,0.22916594753041863,0
112,1.3938739590230398,0.18912501400336623,0
113,1.4042166250292212,0.23075001081451774,0
114,1.4170540840132162,0.24591601686552167,0
115,1.429848416999448,0.24754198966547847,0
116,1.442638167005498,0.17733301501721144,0
117,1.4553503339993767,0.17866602865979075,0
118,1.4679674170329235,0.22541696671396494,0
119,1.4807288750307634,0.21287496201694012,0
120,1.4934790839906782,0.2055829972960055,0
121,1.5062267089961097,0.22025004727765918,0
122,1.5189884999999776,0.22945902310311794,0
123,1.5294146669912152,0.5075420485809445,0
124,1.542518000002019,0.32870902214199305,0
125,1.553004375018645,0.3695000195875764,0
126,1.56593929202063,0.31174998730421066,0
127,1.5763286250294186,0.5945839802734554,0
128,1.5889210420427844,0.34487497759982944,0
129,1.6046012919978239,0.21404202561825514,0
130,1.6173489170032553,0.2246249932795763,0
131,1.6301130420179106,0.28500001644715667,0
132,1.6429359170142561,0.2616249839775264,0
133,1.6557286670431495,0.24120794842019677,0
134,1.6684971250360832,0.28737500542774796,0
135,1.6805867500370368,0.6726669962517917,0
136,1.6938022089889273,0.36108301719650626,0
137,1.7067210000241175,0.298208964522928,0
138,1.7195645840256475,0.23683300241827965,0
139,1.7322115420247428,0.23762497585266829,0
140,1.7450069999904372,0.30375004280358553,0
141,1.757872749993112,0.2957090036943555,0
142,1.7683638340095058,0.3690000157803297,0
143,1.781303875031881,0.3486669738776982,0
144,1.7941985839861445,0.2721660421229899,0
145,1.8070931670372374,0.826000003144145,0
146,1.8185934170032851,0.5001249955967069,0
147,1.8317132500233129,1.9844999769702554,0
148,1.8464587919879705,0.460083014331758,0
149,1.858278125000652,0.4907500115223229,0
150,1.871373834030237,2.5789999635890126,0
151,1.885024708986748,0.3012910019606352,0
152,1.897891000029631,0.2978749689646065,0
153,1.910784584004432,0.4268329939804971,0
154,1.9214087500004098,0.49354200018569827,0
155,1.9346278340090066,0.5528330220840871,0
156,1.9478379590436816,0.3988329553976655,0
157,1.9598705840180628,0.2875829814001918,0
158,1.9727499590371735,0.39545795880258083,0
159,1.9842779590399005,0.4535829648375511,0
160,1.996140250004828,0.4255000385455787,0
161,2.006853584025521,0.28791598742827773,0
162,2.0176018750062212,0.38591702468693256,0
163,2.030554042023141,0.35016698529943824,0
164,2.0432240000227466,0.45645900536328554,0
165,2.056266792002134,0.3012919914908707,0
166,2.06859279202763,0.3114169812761247,0
167,2.081489917007275,0.3356250235810876,0
168,2.094187917013187,0.35979202948510647,0
169,2.107121167005971,0.3160000196658075,0
170,2.119578542013187,0.34779199631884694,0
171,2.1308446250041015,0.43950002873316407,0
172,2.1438816250301898,0.4634169745258987,0
173,2.1569615839980543,0.47529098810628057,0
174,2.167620291991625,0.4747080383822322,0
175,2.1807151670218445,0.5059170071035624,0
176,2.1921911250101402,0.40191703010350466,0
177,2.2033500419929624,0.543292029760778,0
178,2.2164674589876086,0.44700002763420343,0
179,2.22889299999224,0.5409590085037053,0
180,2.2420491669909097,0.504625029861927,0
181,2.254637584032025,0.28316600946709514,0
182,2.2672169170109555,0.8072920027188957,0
183,2.280462416994851,0.4412920097820461,0
184,2.291812959010713,0.48462499398738146,0
185,2.3048813749919645,0.4294170066714287,0
186,2.317902250040788,0.4539999645203352,0
187,2.330949667026289,0.3957079607062042,0
188,2.3439279590384103,0.4087910056114197,0
189,2.3569297090289183,0.4647909663617611,0
190,2.369989208993502,0.4385830252431333,0
191,2.3807856250205077,0.5206670030020177,0
192,2.3928755840170197,0.46962499618530273,0
193,2.405834417033475,0.408249965403229,0
194,2.41883666702779,0.4105420084670186,0
195,2.431835375027731,0.4226249875500798,0
196,2.4437056250171736,0.6535419961437583,0
197,2.4564110840437934,0.445165962446481,0
198,2.468998708995059,0.43750001350417733,0
199,2.4820395419956185,0.4332500393502414,0
200,2.493479542026762,0.4404580104164779,0
201,2.5057796250330284,0.4131249734200537,0
202,2.517710709013045,0.46737497905269265,0
203,2.5292679170379415,0.41408295510336757,0
204,2.5402371250092983,1.948416989762336,0
205,2.5526290420093574,0.9150420082733035,0
206,2.5650477500166744,0.44270901707932353,0
207,2.5780754170264117,0.3956669825129211,0
208,2.5910762500134297,0.41720899753272533,0
209,2.6025682920007966,0.4508750280365348,0
210,2.613934958993923,0.4438750329427421,0
211,2.626408917014487,0.48649997916072607,0
212,2.6371605840395205,0.42170798406004906,0
213,2.64801487501245,0.36670902045443654,0
214,2.660969667020254,0.43391698272898793,0
215,2.6739986670436338,0.452791980933398,0
216,2.685589875036385,0.5187919596210122,0
217,2.6973350000334904,0.5125419702380896,0
218,2.709297667024657,0.5139170098118484,0
219,2.722431000031065,0.3772089839912951,0
220,2.7353608339908533,0.29275001725181937,0
221,2.7481946669868194,0.27308304561302066,0
222,2.7609989590127952,0.30408299062401056,0
223,2.7738360420335084,0.26354199508205056,0
224,2.786635250027757,0.2549169585108757,0
225,2.8012120840139687,0.45616598799824715,0
226,2.814209292002488,0.2418750082142651,0
227,2.8264475000323728,0.40004198672249913,0
228,2.839393417001702,0.30516699189320207,0
229,2.852236083999742,0.2857910003513098,0
230,2.8639195840223692,0.32608298351988196,0
231,2.8764626249903813,0.35787501838058233,0
232,2.8893621250172146,0.24887500330805779,0
233,2.9021683339960873,0.2714580041356385,0
234,2.914990209043026,0.3029999788850546,0
235,2.9279357920167968,0.5448330193758011,0
236,2.9412527499953285,0.37154200254008174,0
237,2.9542024999973364,0.32300001475960016,0
238,2.9670925000100397,0.33125001937150955,0
239,2.9799986670259386,0.6269579753279686,0
240,2.9919127090252005,0.7218329701572657,0
241,3.004763417004142,0.2412500325590372,0
242,3.0171047920011915,0.30262500513345003,0
243,3.029442625003867,0.2941249986179173,0
244,3.03984154202044,0.3624999662861228,0
245,3.0503535000025295,0.27374998899176717,0
246,3.0631872920203023,0.23487501312047243,0
247,3.075973458995577,0.38295803824439645,0
248,3.0879237499902956,0.3617920447140932,0
249,3.1008399589918554,0.3387500182725489,0
250,3.113270250032656,0.2477499656379223,0
251,3.126046709017828,0.24120800662785769,0
252,3.1388163749943487,0.1685839961282909,0
253,3.150428374996409,0.17741700867190957,0
254,3.1606455420260318,0.23729196982458234,0
255,3.1733984170132317,0.23141701240092516,0
256,3.185902333992999,0.20595802925527096,0
257,3.198620084032882,0.20129099721089005,0
258,3.209820459014736,0.20100001711398363,0
259,3.222534542030189,0.2180419978685677,0
260,3.2358467919984832,0.4117920179851353,0
261,3.2488069999963045,0.3205840475857258,0
262,3.2598332090419717,0.3962499904446304,0
263,3.272791417024564,0.3569169784896076,0
264,3.2857201250153594,0.31220901291817427,0
265,3.2986123749869876,0.3760000108741224,0
266,3.3115412920014933,0.23683300241827965,0
267,3.324321250023786,0.33654196886345744,0
268,3.3372363750240766,0.3926670178771019,0
269,3.3501734590390697,0.21208298858255148,0
270,3.3629182089935057,0.25354104582220316,0
271,3.375708667037543,0.2210419625043869,0
272,3.3885100840125233,0.2418750082142651,0
273,3.4004562090267427,0.4725829930976033,0
274,3.4134753340040334,0.3127080271951854,0
275,3.4266142090200447,0.30100002186372876,0
276,3.439575458993204,0.27187500381842256,0
277,3.4504037920269184,0.38070796290412545,0
278,3.461253500019666,1.5199590125121176,0
279,3.4745766250416636,0.45674998546019197,0
280,3.486593959038146,0.46866596676409245,0
281,3.4996221670298837,0.2869169693440199,0
282,3.512134209042415,0.37720799446105957,0
283,3.5240625840378925,0.4711249493993819,0
284,3.5371014589909464,0.266083050519228,0
285,3.5499252090230584,0.24091597879305482,0
286,3.562707292032428,0.19220798276364803,0
287,3.575429874996189,0.24441699497401714,0
288,3.588220250036102,0.3160839551128447,0
289,3.601089292031247,0.20154198864474893,0
290,3.613819667021744,0.18283299868926406,0
291,3.626398166990839,0.17450004816055298,0
292,3.6391110839904286,0.29095803620293736,0
293,3.649487834016327,0.30104100005701184,0
294,3.662442375032697,0.2186669735237956,0
295,3.6728163340012543,0.21237501641735435,0
296,3.6855641250149347,0.26945897843688726,0
297,3.6983989999862388,0.2287500537931919,0
298,3.7111787920002826,0.37279201205819845,0
299,3.722122292034328,0.31091697746887803,0
300,3.734326792007778,0.435416994150728,0
301,3.747314375010319,0.20683399634435773,0
302,3.7597564170137048,0.4171670298092067,0
303,3.772742583998479,0.25095802266150713,0
304,3.785546625033021,0.3987919772043824,0
305,3.7985255420207977,0.4176669754087925,0
306,3.8097622920176946,0.3964169882237911,0
307,3.822746374993585,0.32466702396050096,0
308,3.8356224999879487,0.473500054795295,0
309,3.8486710420111194,0.3007500199601054,0
310,3.8597386250039563,0.5895420326851308,0
311,3.8716804170398973,1.0266249882988632,0
312,3.8853042920236476,0.3767079906538129,0
313,3.8974705840228125,0.5320410127751529,0
314,3.9109683340066113,0.40016602724790573,0
315,3.921641167020425,0.31245796708390117,0
316,3.9345157089992426,0.2675830037333071,0
317,3.947361667000223,1.0379580198787153,0
318,3.960648709035013,1.599124982021749,0
319,3.974874792038463,0.4372919793240726,0
320,3.987883875030093,0.2583339810371399,0
321,4.000685167033225,0.21962495520710945,0
322,4.013434624997899,0.2849590382538736,0
323,4.026277834025677,0.4648329922929406,0
324,4.039321625023149,0.30679197516292334,0
325,4.051593125041109,0.2607089700177312,0
326,4.064427625038661,0.288833980448544,0
327,4.076606000016909,0.3921249881386757,0
328,4.08953370898962,0.24045800091698766,0
329,4.100985041994136,0.16208301531150937,0
330,4.111891584005207,0.825249997433275,0
331,4.125332750030793,0.3317499649710953,0
332,4.1364349169889465,0.2656250144354999,0
333,4.1469989999895915,0.6711670430377126,0
334,4.160358167020604,0.4724580212496221,0
335,4.177828625019174,1.554208982270211,0
336,4.226813499990385,0.4755000118166208,0
337,4.237430375011172,0.36212499253451824,0
338,4.248618792043999,0.2716249437071383,0
339,4.2614307919866405,0.2536250394769013,0
340,4.274210083996877,0.28508302057161927,0
341,4.287030792038422,0.2868750016205013,0
342,4.298924250004347,0.31525001395493746,0
343,4.311787709011696,0.25874999118968844,0
344,4.323149875039235,0.28029194800183177,0
345,4.3338611670187674,0.3012079978361726,0
346,4.346682542003691,0.23787503596395254,0
347,4.359450666990597,0.2435420174151659,0
348,4.372212250018492,0.23883400717750192,0
349,4.384048084029928,0.30279101338237524,0
350,4.396880917018279,0.3569169784896076,0
351,4.407820541993715,0.3867500345222652,0
352,4.418388625024818,0.4266250180080533,0
353,4.431411417026538,0.2484169672243297,0
354,4.444199541991111,0.23829203564673662,0
355,4.456994250009302,0.3096250002272427,0
356,4.5185507500427775,67.79016699874774,0
357,4.601353125006426,0.35070901503786445,0
358,4.6142948340275325,0.26141596026718616,0
359,4.6272292920039035,0.32654200913384557,0
360,4.639944166992791,0.33195799915120006,0
361,4.652841375034768,0.31591695733368397,0
362,4.667339209001511,1.9878330058418214,0
363,4.679767250025179,0.37279201205819845,0
364,4.692730874987319,0.3278340445831418,0
365,4.705639042018447,0.21766702411696315,0
366,4.954536042001564,2.7442080317996442,0
367,4.973648625018541,5.530541995540261,0
368,4.989462334022392,4.183500015642494,0
369,5.0070710420259275,0.7045000093057752,0
370,5.021790792001411,0.8576250402256846,0
371,5.03505295899231,2.1254580351524055,0
372,5.053866208996624,18.549750035163015,0
373,5.089560792024713,1.7488329904153943,0
374,5.106204667012207,1.299833005759865,0
375,5.1212048750021495,0.3904170007444918,0
376,5.137070375028998,1.491208968218416,0
377,5.152747999993153,0.5448750453069806,0
378,5.1644012500182725,0.34012499963864684,0
379,5.175967417017091,0.3818750265054405,0
380,5.18703720899066,0.4083749954588711,0
381,5.198833959002513,0.43925002682954073,0
382,5.213605209020898,0.982708006631583,0
383,5.228001292038243,3.0499169952236116,0
384,5.249578584043775,19.203332951292396,0
385,5.279290292004589,0.27779198717325926,0
386,5.289876417024061,0.5071670166216791,0
387,5.305093250004575,2.8290420304983854,0
388,5.321363167022355,5.225375003647059,0
389,5.337813500023913,2.141791977919638,0
390,5.350270125025418,0.5249169771559536,0
391,5.3633932920056395,4.139417025726289,0
392,5.380099917005282,0.21529203513637185,0
393,5.390898042009212,0.8214170229621232,0
394,5.4042882500216365,0.3280420205555856,0
395,5.417324459005613,0.2467079902999103,0
396,5.429339208989404,0.24200003826990724,0
397,5.440223500016145,0.8459169766865671,0
398,5.452359709015582,0.3411250072531402,0
399,5.463642416987568,0.5244170315563679,0
400,5.477264084038325,0.5835409974679351,0
401,5.490903666999657,2.1375420037657022,0
402,5.50534716702532,0.611750001553446,0
403,5.5169099170016125,0.5271669942885637,0
404,5.529530500003602,0.31525001395493746,0
405,5.540141000004951,0.45458402018994093,0
406,5.550986916990951,1.8124580383300781,0
407,5.566538709041197,0.27920794673264027,0
408,5.577329459018074,0.4112499882467091,0
409,5.589905834000092,0.31366600887849927,0
410,5.600685750017874,6.8662919802591205,0
411,5.61898645904148,3.2522909459657967,0
412,5.633286666998174,0.36979198921471834,0
413,5.644720042007975,0.39483298314735293,0
414,5.656309749989305,0.3262090031057596,0
415,5.672488167008851,0.29079202795401216,0
416,5.685212959011551,0.9995410218834877,0
417,5.696969542012084,0.43629202991724014,0
418,5.71003587503219,0.3517500008456409,0
419,5.723306500003673,0.6332090124487877,0
420,5.736938459041994,0.6487499922513962,0
421,5.750183166994248,0.34291704650968313,0
422,5.763092917040922,0.25762495351955295,0
423,5.77592058404116,0.39795797783881426,0
424,5.786595624987967,0.33233402064070106,0
425,5.798682541993912,1.480833045206964,0
426,5.833872916991822,6.4355829963460565,0
427,5.851719375001267,0.3331670304760337,0
428,5.869050834036898,1.3220830005593598,0
429,5.884134833991993,2.1547500509768724,0
430,5.908040125039406,8.764166967011988,0
431,5.958491333993152,0.9637910407036543,0
432,5.9720315000158735,0.2905420260503888,0
433,5.984574459027499,0.3631250001490116,0
434,5.9955915420432575,0.32104196725413203,0
435,6.0060410420410335,1.2327079894021153,0
436,6.019941542006563,0.4724169848486781,0
437,6.030921125027817,0.2674589632079005,0
438,6.043789750023279,0.2441669930703938,0
439,6.056309000006877,0.8502500131726265,0
440,6.069788000022527,0.37979200715199113,0
441,6.082753584021702,0.4113329923711717,0
442,6.094257541990373,1.9083750084973872,0
443,6.109445667010732,0.40433299727737904,0
444,6.122450917027891,0.2631249953992665,0
445,6.1352735420223325,0.6417919648811221,0
446,6.148554791987408,0.609208014793694,0
447,6.161201375012752,2.0709590171463788,0
448,6.175875459040981,0.4387079970911145,0
449,6.188906292023603,0.49883301835507154,0
450,6.19980583403958,0.4146249848417938,0
451,6.212273625016678,0.3760840045288205,0
452,6.223232374992222,0.30975003028288484,0
453,6.233698417025153,0.3654169850051403,0
454,6.244422958989162,0.352958042640239,0
455,6.25602945900755,0.7632080232724547,0
456,6.267227542004548,0.3518330049701035,0
457,6.278203958994709,0.24312501773238182,0
458,6.2886269169976,0.26941701071336865,0
459,6.300855500041507,0.2649169764481485,0
460,6.313634167017881,0.7481250213459134,0
461,6.324852209014352,0.4223749856464565,0
462,6.337853125005495,0.25924999499693513,0
463,6.350730250007473,0.41512498864904046,0
464,6.363754292018712,0.4463329678401351,0
465,6.375759209040552,0.4654160002246499,0
466,6.386864292027894,1.5454579843208194,0
467,6.3985706670209765,0.29758299933746457,0
468,6.4096223750384524,0.2519589615985751,0
469,6.4225173750310205,0.7990419981069863,0
470,6.433423542010132,3.121291985735297,0
471,6.458193583996035,4.440666001755744,0
472,6.475624417013023,0.21720799850299954,0
473,6.488187749986537,0.3770840121433139,0
474,6.50099858402973,0.9785409783944488,0
475,6.51461058401037,0.3012910019606352,0
476,6.52747716702288,0.2650829846970737,0
477,6.540300542023033,0.29079196974635124,0
478,6.552132542012259,0.5326669779606164,0
479,6.5638282500440255,0.4861249472014606,0
480,6.576516334025655,0.35849999403581023,0
481,6.589465834025759,0.23108301684260368,0
482,6.601575709006283,0.33970799995586276,0
483,6.614488416991662,0.28245802968740463,0
484,6.626537667005323,0.33320800866931677,0
485,6.639429125003517,0.2108340268023312,0
486,6.651418749999721,0.3849170170724392,0
487,6.664474749995861,0.32758404267951846,0
488,6.67680700001074,0.3691249876283109,0
489,6.6918486669892445,0.2781250514090061,0
490,6.710682750039268,6.773458968382329,0
491,6.730991124990396,5.001792043913156,0
492,6.750900792016182,1.3197080115787685,0
493,6.76485912501812,0.3957090084441006,0
494,6.777890708995983,0.4030410200357437,0
495,6.788987000007182,0.5880420212633908,0
496,6.802168624999467,0.322542036883533,0
497,6.81476899998961,0.6019590073265135,0
498,6.827970499987714,0.2155840047635138,0
499,6.838331959035713,1.9224580028094351,0
500,6.854130249994341,15.784584044013172,0
501,6.8824817090062425,0.3332910127937794,0
502,6.894401542027481,0.4047919646836817,0
503,6.907408084021881,0.3162079956382513,0
504,6.9182586669921875,0.3061250317841768,0
505,6.930681333993562,0.2716660383157432,0
506,6.942684084002394,0.2809999859891832,0
507,6.954309042019304,0.23150001652538776,0
508,6.966138750023674,0.5347499973140657,0
509,6.979230249999091,0.4288339987397194,0
510,6.992188042029738,0.22716698003932834,0
511,7.00500645901775,0.26362499920651317,0
512,7.017669000022579,0.3260420053265989,0
513,7.02824341703672,0.27495797257870436,0
514,7.041079334041569,0.23208296624943614,0
515,7.0518469589878805,0.5869160522706807,0
516,7.062600875040516,0.37349999183788896,0
517,7.075644458993338,0.29679102590307593,0
518,7.086041208996903,0.23804104421287775,0
519,7.098826750006992,0.23433403111994267,0
520,7.111626334022731,0.2199580194428563,0
521,7.121968291990925,0.23300002794712782,0
522,7.134160084009636,0.22441602777689695,0
523,7.1444887919933535,0.25700003607198596,0
524,7.155223209003452,0.25641603861004114,0
525,7.165722292033024,0.3921669558621943,0
526,7.17785554198781,0.39166701026260853,0
527,7.1885161669924855,0.33650000113993883,0
528,7.19907295901794,0.45308301923796535,0
529,7.211636750027537,0.5530419875867665,0
530,7.224764709011652,0.465832999907434,0
531,7.237810791993979,0.32216700492426753,0
532,7.250749542028643,0.6247079581953585,0
533,7.263964209007099,0.3412080113776028,0
534,7.27688975003548,0.5764169618487358,0
535,7.288245000003371,0.28883403865620494,0
536,7.2987442089943215,0.6482910248450935,0
537,7.309590000018943,0.3528749803081155,0
538,7.32029829203384,0.4676670068874955,0
539,7.331566000008024,0.44345902279019356,0
540,7.343750292027835,0.30408299062401056,0
541,7.356610500020906,0.27704198146238923,0
542,7.3671259169932455,0.5642500473186374,0
543,7.380350166989956,0.36870804615318775,0
544,7.393232750007883,0.3238340141251683,0
545,7.40615091699874,0.2912500058300793,0
546,7.416679042042233,0.48870797036215663,0
547,7.429805624997243,0.3569170366972685,0
548,7.44275245902827,0.24766597198322415,0
549,7.4555603340268135,0.3429999924264848,0
550,7.467105209012516,0.2450409810990095,0
551,7.479897459037602,0.3102079499512911,0
552,7.493744584033266,0.22499996703118086,0
553,7.506499584007543,0.20462501561269164,0
554,7.5192830840242095,0.29270799132063985,0
555,7.532128249993548,0.35058404318988323,0
556,7.545039292017464,0.3028750070370734,0
557,7.5563840420218185,0.42916700476780534,0
558,7.569376084022224,0.3012079978361726,0
559,7.582217750023119,0.27474999660626054,0
560,7.595036750019062,0.27304200921207666,0
561,7.607751167030074,0.2394579933024943,0
562,7.6184234590036795,0.3878750139847398,0
563,7.631363874999806,0.31104200752452016,0
564,7.644215750042349,0.23024994879961014,0
565,7.656981834035832,0.2542909933254123,0
566,7.669761375000235,0.198375026229769,0
567,7.682482459000312,0.1877500326372683,0
568,7.6952487920061685,0.3539170138537884,0
569,7.708167500037234,0.4087919951416552,0
570,7.721181667002384,0.24158303858712316,0
571,7.731611417024396,0.453874992672354,0
572,7.744667917024344,0.2994579845108092,0
573,7.757532084011473,0.4196250229142606,0
574,7.7705310840392485,0.2954999799840152,0
575,7.78088725003181,0.2935839584097266,0
576,7.7937177090207115,0.3369160112924874,0
577,7.806592792039737,0.2520830021239817,0
578,7.819361750036478,0.25412498507648706,0
579,7.829758875013795,0.31641701934859157,0
580,7.842622750031296,0.25112496223300695,0
581,7.85543245903682,0.3697079955600202,0
582,7.868340334040113,0.16141595551744103,0
583,7.881028334028088,0.17454096814617515,0
584,7.8918063750024885,0.20529201719909906,0
585,7.904800500022247,0.3695840132422745,0
586,7.917723583988845,0.3374580410309136,0
587,7.9282230840181,0.17141597345471382,0
588,7.938767292012926,0.9397080284543335,0
589,7.951155958988238,0.34795800456777215,0
590,7.961633459024597,0.45491597848013043,0
591,7.9733662090147845,0.6565410294570029,0
592,7.984516250027809,0.4200839903205633,0
593,7.995583542040549,0.32587494933977723,0
594,8.008481917029712,0.4436669987626374,0
595,8.021562417037785,0.2749169943854213,0
596,8.034411334025208,0.2657499862834811,0
597,8.047236874990631,0.3046670462936163,0
598,8.059874917031266,0.20566699095070362,0
599,8.072617041994818,0.22025004727765918,0
600,8.085376625007484,0.3356669913046062,0
601,8.098259959020652,0.3300409880466759,0
602,8.111153417034075,0.3750419709831476,0
603,8.124076417007018,0.25337497936561704,0
604,8.134529625007417,0.6243750103749335,0
605,8.149127542041242,0.5284169455990195,0
606,8.162278500036336,0.4449999541975558,0
607,8.174876042001415,0.520166999194771,0
608,8.187970167025924,0.20162499276921153,0
609,8.200755833997391,0.44358300510793924,0
610,8.213798209035303,0.30745798721909523,0
611,8.226512834022287,0.34837500425055623,0
612,8.239430042041931,0.19845797214657068,0
613,8.251273792004213,0.6373330252245069,0
614,8.262184959021397,0.20420801592990756,0
615,8.274952000007033,0.24274998577311635,0
616,8.287779584003147,0.3367500030435622,0
617,8.298804541991558,0.2815000480040908,0
618,8.310302625002805,0.32887503039091825,0
619,8.323297834023833,0.23750000400468707,0
620,8.336108708987013,0.46562502393499017,0
621,8.347850834019482,0.23512501502409577,0
622,8.3598859590129,0.3648329875431955,0
623,8.370673333993182,0.25212502805516124,0
624,8.381429709028453,1.5644580125808716,0
625,8.39379275002284,0.4367089713923633,0
626,8.40548758400837,0.2602500026114285,0
627,8.416274958988652,0.22800004808232188,0
628,8.429080834030174,0.29912497848272324,0
629,8.440721334016416,0.31287502497434616,0
630,8.451928708993364,1.0723750456236303,0
631,8.463710084033664,0.22987497504800558,0
632,8.475072959030513,0.5210409872233868,0
633,8.488159459026065,0.5735830054618418,0
634,8.514689709001686,3.500582999549806,0
635,8.528696042019874,0.2864580019377172,0
636,8.546141875034664,0.3061249735765159,0
637,8.569112416997086,5.6707499898038805,0
638,8.586864834011067,0.39029098115861416,0
639,8.598832459014375,0.9017079719342291,0
640,8.612609000003431,0.33345900010317564,0
641,8.625102791993413,0.7133750477805734,0
642,8.638482584035955,1.9774999818764627,0
643,8.661752084037289,0.608040951192379,0
644,8.67388545902213,1.0819999733939767,0
645,8.685782584012486,2.281915978528559,0
646,8.70058008399792,6.1297910287976265,0
647,8.719132250000257,1.494541997089982,0
648,8.7341691670008,0.7442079950124025,0
649,8.746796792023815,0.43041701428592205,0
650,8.759685166995041,2.2759580169804394,0
651,8.772503042011522,0.4793750122189522,0
652,8.7842367090052,2.273583027999848,0
653,8.798556333989836,0.42416603537276387,0
654,8.809388959023636,0.5221659666858613,0
655,8.82059391704388,0.3720419481396675,0
656,8.831636624992825,0.6240420043468475,0
657,8.847000375040807,1.2654999736696482,0
658,8.864318709005602,1.887999998871237,0
659,8.88236083398806,0.38762501208111644,0
660,8.895171875017695,0.5677500157617033,0
661,8.906892500002868,0.43995899613946676,0
662,8.917639459017664,0.37466600770130754,0
663,8.928220125031658,0.5086669698357582,0
664,8.940383500012103,0.4027090035378933,0
665,8.951292874990031,0.5061250412836671,0
666,8.964416083996184,0.5113750230520964,0
667,8.975857167039067,0.6337919621728361,0
668,8.9870412920136,0.48395799240097404,0
669,8.997676917002536,0.3298750380054116,0
670,9.008568084042054,0.48808299470692873,0
671,9.021620917017572,0.35320798633620143,0
672,9.033938209002372,0.37191598676145077,0
673,9.045395374996588,0.6545420037582517,0
674,9.058658624999225,0.2677920274436474,0
675,9.071470208989922,0.22362504387274384,0
676,9.084221208991949,0.11312501737847924,0
677,9.096866750041954,0.24095899425446987,0
678,9.10967737500323,0.29308401281014085,0
679,9.122501000005286,0.2000840031541884,0
680,9.133084542001598,0.13520801439881325,0
681,9.145787084009498,0.28837501304224133,0
682,9.15745674999198,0.3986670053564012,0
683,9.170064917008858,0.4184580175206065,0
684,9.220999000011943,7.82466703094542,0
685,9.240960167022422,0.9865000029094517,0
686,9.25450700003421,0.31712499912828207,0
687,9.2674035000382,0.39954198291525245,0
688,9.28036879200954,0.2959999837912619,0
689,9.293224875000305,0.33645902294665575,0
690,9.306214584037662,0.5222909967415035,0
691,9.317925749986898,0.3878340357914567,0
692,9.330952749995049,0.33950002398341894,0
693,9.343303208996076,0.5175830447115004,0
694,9.354301084007602,0.2604160108603537,0
695,9.367143500014208,0.3886250196956098,0
696,9.379334042023402,0.6701669772155583,0
697,9.39336645900039,1.5257500344887376,0
698,9.407197042019106,0.2959580160677433,0
699,9.419152416987345,0.5945420125499368,0
700,9.43117804202484,1.5433329972438514,0
701,9.444185750035103,0.35154196666553617,0
702,9.456151999998838,0.21704199025407434,0
703,9.467874458990991,0.441625015810132,0
704,9.478519249998499,0.8262500050477684,0
705,9.491913167003077,0.3281250246800482,0
706,9.50478695903439,0.27358299121260643,0
707,9.517633584036957,0.5384579999372363,0
708,9.530787875002716,0.5188750219531357,0
709,9.542845416988712,0.5374170141294599,0
710,9.554681750014424,0.3605419769883156,0
711,9.56757562502753,0.7544590043835342,0
712,9.580942667031195,0.4978749784640968,0
713,9.59407812502468,0.5504589644260705,0
714,9.606092959002126,0.36591599928215146,0
715,9.617693709034938,0.4474999732337892,0
716,9.630733333993703,0.4041659994982183,0
717,9.643730792042334,0.5669579841196537,0
718,9.656971084012184,0.4604579880833626,0
719,9.669471834029537,0.40495797293260694,0
720,9.682070749986451,0.4923340165987611,0
721,9.693252291996032,0.304749992210418,0
722,9.704232625022996,0.6592919817194343,0
723,9.715075541986153,0.40733302012085915,0
724,9.728070084005594,0.4107080167159438,0
725,9.740482709021308,0.41345797944813967,0
726,9.753520750033204,0.7680839626118541,0
727,9.766898417030461,0.2619170118123293,0
728,9.77989508403698,0.646832981146872,0
729,9.791650875005871,0.5471670301631093,0
730,9.803498584020417,0.5112079670652747,0
731,9.81639074999839,0.7651670021004975,0
732,9.829773250035942,0.4936250043101609,0
733,9.842866791994311,0.448125007096678,0
734,9.855877500027418,0.3458749852143228,0
735,9.868783749989234,0.3256250056438148,0
736,9.88170283404179,0.46754098730161786,0
737,9.894775292021222,1.3202080153860152,0
738,9.909895792021416,0.6548750097863376,0
739,9.92315258400049,0.4218330141156912,0
740,9.934367209032644,1.0334579856134951,0
741,9.947705750004388,0.4324589972384274,0
742,9.959886750031728,0.45345898251980543,0
743,9.971436417021323,0.49354200018569827,0
744,9.984476250014268,0.427833991125226,0
745,9.997487124986947,0.5099170375615358,0
746,10.008916291990317,0.5877920193597674,0
747,10.02211212500697,0.3533340059220791,0
748,10.035053041996434,0.41441700886934996,0
749,10.046624542039353,0.6368749891407788,0
750,10.059878583997488,0.3785410081036389,0
751,10.07288316701306,0.42400002712383866,0
752,10.08526212500874,0.5884590209461749,0
753,10.09846175002167,0.414084002841264,0
754,10.111462166998535,0.4920830251649022,0
755,10.124590791994706,0.5955420201644301,0
756,10.137452249997295,0.5039999959990382,0
757,10.150580084009562,0.7384580094367266,0
758,10.163907584035769,0.3704159753397107,0
759,10.17553108400898,0.3624160308390856,0
760,10.186896709026769,0.3114579594694078,0
761,10.198788084031548,0.5263749626465142,0
762,10.211907709017396,0.40570797864347696,0
763,10.224923917034175,0.3529999521560967,0
764,10.237745792022906,0.4023329820483923,0
765,10.250748416990973,0.34854200202971697,0
766,10.263683500001207,0.4540000227279961,0
767,10.27675779198762,0.8276670123450458,0
768,10.28780629200628,0.6483329925686121,0
769,10.299979459028691,0.47108298167586327,0
770,10.313055209000595,0.9203749941661954,0
771,10.325522500032093,0.3678339999169111,0
772,10.338512084039394,0.32470800215378404,0
773,10.351406792004127,0.44058298226445913,0
774,10.364453834015876,0.4167080041952431,0
775,10.375081334030256,0.21724996622651815,0
776,10.387322709022556,0.46795798698440194,0
777,10.400370625022333,0.36083400482311845,0
778,10.413474250002764,0.3672090242616832,0
779,10.424540917039849,0.3346249577589333,0
780,10.437540084007196,0.509625009726733,0
781,10.450921749987174,0.6271669990383089,0
782,10.461902542039752,0.14812499284744263,0
783,10.473994083993603,0.3209160058759153,0
784,10.485652417002711,0.14287501107901335,0
785,10.497551417036448,0.3208749694749713,0
786,10.510948167007882,1.0635830112732947,0
787,10.523236584034748,0.2379159559495747,0
788,10.534362250007689,0.6331250187940896,0
789,10.546282417024486,0.46854198444634676,0
790,10.559232584026176,1.9653330091387033,0
791,10.572614792035893,0.6455419934354722,0
792,10.584407167043537,0.41512498864904046,0
793,10.596161541994661,0.45179203152656555,0
794,10.608874875004403,0.30854198848828673,0
795,10.621234417019878,0.9765420109033585,0
796,10.634792917000595,0.39020803524181247,0
797,10.647077209025156,0.31604099785909057,0
798,10.659959042037372,0.3441249718889594,0
799,10.672910834022332,0.3042499884031713,0
800,10.684360500017647,0.3066249773837626,0
801,10.698537959018722,0.5424579721875489,0
802,10.709186166990548,0.6210000137798488,0
803,10.720086125016678,0.259542022831738,0
804,10.731825458991807,8.090166025795043,0
805,10.750469667022116,0.558874977286905,0
806,10.768712792021688,3.208666981663555,0
807,10.795454959035851,0.7928749546408653,0
808,10.808443624991924,0.3913750406354666,0
809,10.823766459012404,2.382999984547496,0
810,10.838722958986182,0.813000020571053,0
811,10.849967917019967,0.7259579724632204,0
812,10.862625292036682,1.5267079579643905,0
813,10.874838916992303,0.6255829939618707,0
814,10.88858833402628,0.2983330050483346,0
815,10.898969500034582,0.3017499693669379,0
816,10.910220541991293,0.5273330025374889,0
817,10.921089250012301,0.3262499812990427,0
818,10.934004792012274,0.378625001758337,0
819,10.944700499996543,0.28600002406165004,0
820,10.955741250014398,0.29608397744596004,0
821,10.967678499990143,0.35008403938263655,0
822,10.980585459037684,0.23362500360235572,0
823,10.992292209004518,0.28258300153538585,0
824,11.004013249999844,0.4117499920539558,0
825,11.016989291994832,0.2416670322418213,0
826,11.02977770898724,0.3044160548597574,0
827,11.041663334006444,0.25879102759063244,0
828,11.054330250015482,0.23020897060632706,0
829,11.065089749987237,0.42441702680662274,0
830,11.078073334007058,0.35566597944125533,0
831,11.09111220901832,0.2693330170586705,0
832,11.103912291990127,0.25104201631620526,0
833,11.11668312503025,0.2062499988824129,0
834,11.129408042004798,0.2328749978914857,0
835,11.142217417014763,0.17549999756738544,0
836,11.154915624996647,0.1912090228870511,0
837,11.167638334038202,0.3477909485809505,0
838,11.179412959027104,0.24933298118412495,0
839,11.192212167021353,0.1992079778574407,0
840,11.204932374996133,0.2209169906564057,0
841,11.217671916994732,0.3019580035470426,0
842,11.230502000020351,0.31320902053266764,0
843,11.241056333994493,0.45837502693757415,0
844,11.254104166990146,0.31141703948378563,0
845,11.264469584042672,0.2989579807035625,0
846,11.27730050001992,0.22166699636727571,0
847,11.290058584010694,0.3310000174678862,0
848,11.302922083996236,0.9374160435982049,0
849,11.316414875036571,0.29912497848272324,0
850,11.328312708996236,0.3769160248339176,0
851,11.339252667035908,0.4819169989787042,0
852,11.352329917019233,0.4355830023996532,0
853,11.3646369590424,0.335165997967124,0
854,11.377373124996666,0.4555420018732548,0
855,11.39040145900799,0.5051250336691737,0
856,11.401277458993718,0.42408303124830127,0
857,11.414263624988962,0.46370900236070156,0
858,11.42652854201151,0.5673749838024378,0
859,11.43947066704277,0.40916696889325976,0
860,11.452463084016927,0.5377079942263663,0
861,11.464624709042255,0.3358329995535314,0
862,11.47791745903669,1.353665953502059,0
863,11.490496292011812,0.3107080119661987,0
864,11.503404000017326,0.3652920131571591,0
865,11.516345709038433,0.32049999572336674,0
866,11.52922170900274,0.2872080076485872,0
867,11.542083709035069,0.3072079853154719,0
868,11.554696167004295,0.5543750012293458,0
869,11.567859834001865,0.5630410159938037,0
870,11.581012292008381,0.45054202200844884,0
871,11.593413625028916,0.5208749789744616,0
872,11.60553829203127,0.3279169904999435,0
873,11.617524959030561,0.32066600397229195,0
874,11.630421334004495,0.4933330346830189,0
875,11.643503625004087,0.4359590238891542,0
876,11.657787542033475,0.3392499638721347,0
877,11.670591292029712,0.38420798955485225,0
878,11.683549042034429,0.28795795515179634,0
879,11.694313374988269,0.25704200379550457,0
880,11.707126958994195,0.2643750049173832,0
881,11.71816770901205,0.432165979873389,0
882,11.731174874992575,0.2684170030988753,0
883,11.744030542031396,0.2918749814853072,0
884,11.757105291995686,1.0671670315787196,0
885,11.770717625040561,0.5633749533444643,0
886,11.783140459039714,0.40866597555577755,0
887,11.794767125044018,0.4967919667251408,0
888,11.807860917004291,0.2964999875985086,0
889,11.820847709022928,0.32595801167190075,0
890,11.831553291995078,0.2941249986179173,0
891,11.844437375024427,0.47441700007766485,0
892,11.855906624987256,0.3017500275745988,0
893,11.868770542030688,0.3577499883249402,0
894,11.881717749987729,0.26654201792553067,0
895,11.894549000018742,0.2620419836603105,0
896,11.907370250031818,0.28191698947921395,0
897,11.920224875037093,0.2916249795816839,0
898,11.930930750037078,0.27016695821657777,0
899,11.943771708989516,0.4022080102004111,0
900,11.956764042028226,0.38470799336209893,0
901,11.968727333995048,0.37512503331527114,0
902,11.980162333988119,0.45366602716967463,0
903,11.993224792007823,0.4015830345451832,0
904,12.004321459040511,0.5239579477347434,0
905,12.017529167002067,2.284125017467886,0
906,12.032456666987855,0.9673330350778997,0
907,12.045446959033143,0.2924999571405351,0
908,12.05830945901107,0.3690409939736128,0
909,12.071251999994274,0.42445899453014135,0
910,12.084256250003818,2.9595420346595347,0
911,12.098716084030457,0.3933329717256129,0
912,12.10958158399444,0.35149999894201756,0
913,12.122486250009388,0.4147500148974359,0
914,12.134459834021982,1.8132500117644668,0
915,12.14786579203792,0.47162495320662856,0
916,12.160898125031963,0.43291697511449456,0
917,12.171820209012367,0.6357909878715873,0
918,12.183861249999609,0.2881670370697975,0
919,12.196698459039908,0.24158298037946224,0
920,12.209729499998502,0.3071250393986702,0
921,12.22113308403641,0.3440830041654408,0
922,12.233846666989848,0.2008330193348229,0
923,12.246570459043141,0.21437497343868017,0
924,12.259311875037383,0.3474999684840441,0
925,12.272220084036235,0.341624952852726,0
926,12.283252416993491,0.38949999725446105,0
927,12.296235917019658,0.43700000969693065,0
928,12.306940042006318,0.41366700315847993,0
929,12.319940084009431,0.8090410265140235,0
930,12.333339375036303,0.4272919613867998,0
931,12.344927333993837,0.38587499875575304,0
932,12.355919416993856,0.5370830185711384,0
933,12.36670704203425,0.3468749928288162,0
934,12.378604750032537,0.37037499714642763,0
935,12.391554125002585,0.31929201213642955,0
936,12.404450167028699,0.3844170132651925,0
937,12.417450750013813,1.6559590003453195,0
938,12.431728249997832,0.39704202208667994,0
939,12.444717709033284,0.4022909561172128,0
940,12.457494792004582,0.38991699693724513,0
941,12.470477666996885,0.4956250195391476,0
942,12.483588584000245,0.5244160420261323,0
943,12.496751333994325,0.5507910391315818,0
944,12.508746584004257,0.6299160304479301,0
945,12.520340334041975,0.48304098891094327,0
946,12.533433125005104,2.506083983462304,0
947,12.54736791702453,0.5595419788733125,0
948,12.560126417025458,0.5741249769926071,0
949,12.573332333995495,0.5182500462979078,0
950,12.585366125043947,0.8106249733828008,0
951,12.598800667037722,0.31529198167845607,0
952,12.611479125043843,0.6736669456586242,0
953,12.622953167010564,0.41745800990611315,0
954,12.635965167020913,0.43537496821954846,0
955,12.649006708990782,0.487915996927768,0
956,12.662110709003173,0.474166008643806,0
957,12.674594167037867,0.46633300371468067,0
958,12.687662874988746,0.5063340067863464,0
959,12.698280709038954,0.5212079850025475,0
960,12.710602250008378,0.3665839903987944,0
961,12.722117291996256,0.3785000299103558,0
962,12.735078792029526,0.3373749786987901,0
963,12.748016875004396,0.5296670133247972,0
964,12.761102250020485,0.430708983913064,0
965,12.773405792017002,0.6462919991463423,0
966,12.785457250021864,0.5688340170308948,0
967,12.79709270899184,0.4948750138282776,0
968,12.81018737499835,0.5461249966174364,0
969,12.823377542023081,0.5140419816598296,0
970,12.836505459039472,0.6051249802112579,0
971,12.84844916703878,0.39783294778317213,0
972,12.861142625042703,0.5869999877177179,0
973,12.874442833999638,0.5732499994337559,0
974,12.887635666993447,0.503125018440187,0
975,12.900517625035718,0.5811669980175793,0
976,12.91386216704268,0.4914169549010694,0
977,12.925620959023945,2.979625016450882,0
978,12.939542875043117,0.5277499440126121,0
979,12.953543000039645,1.0375419515185058,0
980,12.965484875021502,1.9413749687373638,0
981,12.979123750003055,0.5685419891960919,0
982,12.991795999987517,0.36920903949066997,0
983,13.005120916990563,0.528833013959229,0
984,13.018462125037331,1.522334001492709,0
985,13.03309987502871,0.549791962839663,0
986,13.046265084005427,0.33662503119558096,0
987,13.058264333987609,0.509666046127677,0
988,13.071383959031664,0.41974999476224184,0
989,13.082090250041801,0.6118339952081442,0
990,13.095078749989625,0.5699589964933693,0
991,13.107721042004414,0.5821670056320727,0
992,13.1209118340048,0.5351660074666142,0
993,13.134082542033866,0.57441700482741,0
994,13.147465916990768,0.7835830328986049,0
995,13.160877209040336,0.41499995859339833,0
996,13.173271709005348,0.47383300261572003,0
997,13.186339250009041,0.6837919936515391,0
998,13.199642958992627,0.44783303746953607,0
999,13.21277037501568,0.4628750029951334,0
1000,13.225904666993301,0.5997080006636679,0
1001,13.239237750007305,0.5409169825725257,0
1002,13.253982583992183,1.1178330169059336,0
1003,13.270048125006724,1.3330000219866633,0
1004,13.283943709044252,4.009165975730866,0
1005,13.300671709002927,3.2486250274814665,0
1006,13.314737250038888,0.35574997309595346,0
1007,13.327686459000688,0.6157500320114195,0
1008,13.339067000022624,0.33591699320822954,0
1009,13.350881749996915,2.007375005632639,0
1010,13.365479959000368,0.4356660065241158,0
1011,13.376527625019662,0.4301670123822987,0
1012,13.38806237501558,0.4194590146653354,0
1013,13.401029959029984,0.305499997921288,0
1014,13.41368695901474,0.7431249832734466,0
1015,13.427035459026229,0.5102499853819609,0
1016,13.440153542032931,0.4956249613314867,0
1017,13.452650583989453,0.5304579972289503,0
1018,13.465802500024438,0.6258749635890126,0
1019,13.484924749995116,1.890834013465792,0
1020,13.498398208990693,0.34975004382431507,0
1021,13.511313959024847,0.427457969635725,0
1022,13.524301500001457,0.29908400028944016,0
1023,13.53715316700982,0.3286669962108135,0
1024,13.547845375025645,0.2584999892860651,0
1025,13.558850208995864,0.24979101726785302,0
1026,13.570483624993358,0.3188340342603624,0
1027,13.58209199999692,0.2495000371709466,0
1028,13.594869834021665,0.36758300848305225,0
1029,13.60564374999376,0.20854204194620252,0
1030,13.618380542029627,0.24704198585823178,0
1031,13.631168209016323,0.3132079727947712,0
1032,13.643628459016327,0.5063749849796295,0
1033,13.654954458994325,0.6002910085953772,0
1034,13.667975042015314,0.32058299984782934,0
1035,13.680106042011175,0.3016670234501362,0
1036,13.692952917015646,0.26420800713822246,0
1037,13.703504167031497,0.24445797316730022,0
1038,13.716300375002902,0.4324170295149088,0
1039,13.729322792030871,0.32708299113437533,0
1040,13.742208834039047,0.29075000202283263,0
1041,13.752791959035676,0.13216596562415361,0
1042,13.76545604201965,0.13391696847975254,0
1043,13.77811000001384,0.17862499225884676,0
1044,13.790814459032845,0.2187909558415413,0
1045,13.803559834021144,0.3762909909710288,0
1046,13.816484084003605,0.3153749858029187,0
1047,13.82924491702579,0.43420796282589436,0
1048,13.842254500021227,0.1984169939532876,0
1049,13.855000375013333,0.30729197897017,0
1050,13.867900917015504,0.4760000156238675,0
1051,13.880673042032868,0.5731249693781137,0
1052,13.893239125027321,0.5843339604325593,0
1053,13.906383167020977,0.4135830095037818,0
1054,13.918044459016528,0.3114999854005873,0
1055,13.928860209009144,0.5292909918352962,0
1056,13.940690874995198,0.3850000211969018,0
1057,13.95178574998863,0.5116670508868992,0
1058,13.964011917007156,0.27175003197044134,0
1059,13.975543334032409,0.2354579628445208,0
1060,13.987391250033397,0.44595898361876607,0
1061,14.00040404201718,0.390874978620559,0
1062,14.01094029203523,0.3445830079726875,0
1063,14.022811500006355,0.4182920092716813,0
1064,14.035801750025712,0.2871250035241246,0
1065,14.04627991700545,0.5095000378787518,0
1066,14.057640500017442,0.32175000524148345,0
1067,14.069932250014972,0.534999999217689,0
1068,14.083095292036887,0.5598329589702189,0
1069,14.096277459000703,0.49162498908117414,0
1070,14.107071084028576,0.5689579993486404,0
1071,14.118917709041853,0.45674998546019197,0
1072,14.130822959006764,0.5823749816045165,0
1073,14.142461834009737,0.5397910135798156,0
1074,14.15560766699491,0.3766670124605298,0
1075,14.17014908400597,0.5106250173412263,0
1076,14.183241542021278,0.43124996591359377,0
1077,14.195668625005055,0.5243750056251884,0
1078,14.20656262501143,0.5529589834623039,0
1079,14.217453541990835,0.43183303205296397,0
1080,14.231095416995231,0.6039580330252647,0
1081,14.243254542001523,0.5638329894281924,0
1082,14.257266500033438,2.35633400734514,0
1083,14.274828125024214,0.5404590046964586,0
1084,14.287967542011756,0.5901249824091792,0
1085,14.299536250007804,0.5685000214725733,0
1086,14.312723334005568,0.5748330149799585,0
1087,14.325240750040393,0.5727499956265092,0
1088,14.337205625022762,0.9057499701157212,0
1089,14.35089279199019,0.9322080295532942,0
1090,14.36335462500574,0.35037501947954297,0
1091,14.376273917034268,0.8884999551810324,0
1092,14.388434624997899,0.348208996001631,0
1093,14.400944959023036,0.35091600148007274,0
1094,14.416545666987076,0.7258330006152391,0
1095,14.432086542015895,1.2852500076405704,0
1096,14.44482837500982,0.7667500176467001,0
1097,14.457491750014015,0.7361670141108334,0
1098,14.469931667030323,0.8365829708054662,0
1099,14.483094124996569,0.591459043789655,0
1100,14.496763125003781,0.39879203541204333,0
1101,14.507896042021457,0.37058297311887145,0
1102,14.518623167008627,0.28737500542774796,0
1103,14.531460917030927,0.2383749815635383,0
1104,14.54424250003649,0.25174999609589577,0
1105,14.557039167033508,0.4890419659204781,0
1106,14.567712749994826,0.34491700353100896,0
1107,14.580619874992408,0.3078750451095402,0
1108,14.59121458401205,0.4172910121269524,0
1109,14.60445924999658,0.6362090352922678,0
1110,14.61589095898671,0.40308304596692324,0
1111,14.627013250021264,0.313459022436291,0
1112,14.639893584011588,0.2811659942381084,0
1113,14.652405667002313,0.7998750079423189,0
1114,14.665766875026748,0.30791701283305883,0
1115,14.678638625016902,0.36266702227294445,0
1116,14.689933124987874,0.27537503046914935,0
1117,14.701964084000792,0.7345000049099326,0
1118,14.715310959029011,0.4130409797653556,0
1119,14.727477459004149,1.2761660036630929,0
1120,14.741543999989517,0.40262500988319516,0
1121,14.753142792033032,0.5491669871844351,0
1122,14.76483433402609,0.5406250129453838,0
1123,14.776637959002983,0.30633300775662065,0
1124,14.788493542000651,0.4095000331290066,0
1125,14.800777167023625,1.208541973028332,0
1126,14.81392795901047,0.5419160006567836,0
1127,14.825889667030424,0.2846249844878912,0
1128,14.83735958399484,0.5082910065539181,0
1129,14.850465124996845,0.6984590436331928,0
1130,14.863205875037238,0.27545896591618657,0
1131,14.876049917016644,0.3616670146584511,0
1132,14.886962499993388,0.1686670002527535,0
1133,14.89969462499721,0.3390840138308704,0
1134,14.91273641702719,0.36204198841005564,0
1135,14.925985042005777,0.4088749992661178,0
1136,14.939163500035647,0.5555420066229999,0
1137,14.951432917034253,0.4390829708427191,0
1138,14.964457291993313,0.3403750015422702,0
1139,14.978991834039334,2.333124983124435,0
1140,14.992206791997887,0.29262504540383816,0
1141,15.006013584032189,0.2846249844878912,0
1142,15.019629209011327,0.7064579986035824,0
1143,15.032899167039432,0.25941699277609587,0
1144,15.045721667003818,0.41283300379291177,0
1145,15.062220250023529,0.7888749823905528,0
1146,15.07677554199472,0.3838750417344272,0
1147,15.089139959018212,0.32362499041482806,0
1148,15.100703792006243,0.24491699878126383,0
1149,15.112129709043074,0.3031659871339798,0
1150,15.125020917039365,0.45362499076873064,0
1151,15.137343500042334,0.4195419605821371,0
1152,15.150342167005874,0.3440000000409782,0
1153,15.1632762090303,0.4261659923940897,0
1154,15.174955792026594,0.5767499678768218,0
1155,15.188093709002715,0.3115410218015313,0
1156,15.200978875043802,0.7015419541858137,0
1157,15.214243667025585,0.41033298475667834,0
1158,15.227223750029225,0.25795900728553534,0
1159,15.238219084043521,0.4292079829610884,0
1160,15.25258249999024,0.604459026362747,0
1161,15.265792916994542,0.5194999976083636,0
1162,15.277565666998271,0.5243330379016697,0
1163,15.290688125009183,0.4182499833405018,0
1164,15.301503834023606,0.8616250124759972,0
1165,15.313325292023364,0.4367500077933073,0
1166,15.326352292031515,0.4954999894835055,0
1167,15.33944066701224,0.3209169954061508,0
1168,15.350985000026412,0.5475420039147139,0
1169,15.364141208992805,0.4294580430723727,0
1170,15.377179709030315,0.45237498125061393,0
1171,15.390211542020552,0.3850419889204204,0
1172,15.402659500017762,0.636667013168335,0
1173,15.416853667004034,0.608458009082824,0
1174,15.430116959032603,0.4205830045975745,0
1175,15.441437959030736,0.41583296842873096,0
1176,15.454445917042904,0.45133294770494103,0
1177,15.467503792024218,0.4475829773582518,0
1178,15.479208625038154,0.4593749763444066,0
1179,15.49077454203507,0.31049997778609395,0
1180,15.502643209008966,0.5634999834001064,0
1181,15.515789208991919,0.3488750080578029,0
1182,15.52871458401205,0.4350829985924065,0
1183,15.54166983399773,2.022750035393983,0
1184,15.556539709039498,0.7594159687869251,0
1185,15.5698769169976,0.3470830270089209,0
1186,15.58166920900112,0.8392080198973417,0
1187,15.595114500029013,0.48929196782410145,0
1188,15.607316792011261,0.4975000047124922,0
1189,15.619184584007598,0.7244999869726598,0
1190,15.630820250022225,0.58058399008587,0
1191,15.642669584020041,0.5009580054320395,0
1192,15.655861042032484,0.3964999923482537,0
1193,15.668374333996326,0.5867080180905759,0
1194,15.681536042015068,0.23141701240092516,0
1195,15.694334166997578,0.480332993902266,0
1196,15.707432250026613,0.5405839765444398,0
1197,15.72058725001989,0.5595000111497939,0
1198,15.733804667019285,1.8194579752162099,0
1199,15.748321834020317,0.5932080093771219,0
1200,15.75935250002658,0.6854590028524399,0
1201,15.770348459016532,0.9315409697592258,0
1202,15.7820613340009,0.5087080062367022,0
1203,15.79345141700469,2.515750005841255,0
1204,15.80863116699038,0.3516669967211783,0
1205,15.819830666994676,0.8718330063857138,0
1206,15.831159959023353,1.4653329853899777,0
1207,15.843499250011519,0.3629589919000864,0
1208,15.854112208995502,0.4338750150054693,0
1209,15.867158792039845,0.391624984331429,0
1210,15.880118917033542,0.4759999574162066,0
1211,15.893171625037212,0.4230419872328639,0
1212,15.906127709022257,0.29325002105906606,0
1213,15.919004625000525,0.16720901476219296,0
1214,15.931713625031989,0.19083399092778563,0
1215,15.94218820903916,0.20066596334800124,0
1216,15.95269979198929,0.31450000824406743,0
1217,15.965561749995686,0.2702500205487013,0
1218,15.978364834038075,0.20837498595938087,0
1219,15.99109700002009,0.1747499918565154,0
1220,16.00131700001657,0.1337499707005918,0
1221,16.011989124992397,0.188250036444515,0
1222,16.02314975002082,0.42162497993558645,0
1223,16.036149416991975,0.5467080045491457,0
1224,16.048606917029247,0.4404169740155339,0
1225,16.060852334019728,0.6082910113036633,0
1226,16.07408008404309,0.4494579625315964,0
1227,16.08713295898633,0.35020802170038223,0
1228,16.10007329203654,0.5854999762959778,0
1229,16.113314250018448,0.5145419854670763,0
1230,16.125941000005696,0.5240419995971024,0
1231,16.13906295900233,0.2644580090418458,0
1232,16.15149391698651,0.2821670495904982,0
1233,16.163367375032976,0.20466698333621025,0
1234,16.17526212503435,0.21516700508072972,0
1235,16.188013292034157,0.2240829635411501,0
1236,16.19898824999109,0.175209017470479,0
1237,16.210852416988928,0.3393750521354377,0
1238,16.22377783403499,0.5213329568505287,0
1239,16.236630792031065,0.4755829577334225,0
1240,16.249957624997478,0.5536670214496553,0
1241,16.2631211670232,0.46312500489875674,0
1242,16.27627054200275,0.4337499849498272,0
1243,16.289293792040553,0.49474998377263546,0
1244,16.301791250007227,0.34191698068752885,0
1245,16.314801042026374,0.5587079795077443,0
1246,16.328533874999266,4.763375036418438,0
1247,16.345318542036694,0.3927499637939036,0
1248,16.356887167028617,0.3926249919459224,0
1249,16.36934487504186,0.5057919770479202,0
1250,16.380933334003203,0.3969160025008023,0
1251,16.395597834023647,0.48887496814131737,0
1252,16.406225625018124,0.4936250043101609,0
1253,16.419559209025465,1.2186659732833505,0
1254,16.43229612504365,0.3179169725626707,0
1255,16.44381412502844,0.3475839621387422,0
1256,16.456726959033404,0.3874579560942948,0
1257,16.46974779199809,0.3136669984087348,0
1258,16.480231125024147,0.3297500079497695,0
1259,16.493144000007305,0.23987499298527837,0
1260,16.505284624989145,0.3090000245720148,0
1261,16.516829000029247,0.2894169883802533,0
1262,16.5296874170308,3.643208008725196,0
1263,16.544261333998293,0.29250001534819603,0
1264,16.55712479201611,0.3184580127708614,0
1265,16.57002416701289,0.22779201390221715,0
1266,16.581464084039908,0.2342079533264041,0
1267,16.595688125002198,1.2797919916920364,0
1268,16.60728137503611,0.6774169742129743,0
1269,16.619264417036902,0.41849998524412513,0
1270,16.63078966701869,0.3605830133892596,0
1271,16.642576042038854,0.3238329663872719,0
1272,16.654437459015753,0.3202909720130265,0
1273,16.667198375042062,0.19504199735820293,0
1274,16.678117000032216,0.22608396830037236,0
1275,16.69089999998687,0.3701250534504652,0
1276,16.703825875010807,0.30762498499825597,0
1277,16.716672542039305,0.2740829950198531,0
1278,16.72949595900718,0.34091598354279995,0
1279,16.741325625043828,0.28954196022823453,0
1280,16.75415279204026,0.12983300257474184,0
1281,16.766802333993837,0.08604099275544286,0
1282,16.779409417009447,0.42216700967401266,0
1283,16.792377084027976,0.26554096257314086,0
1284,16.80516345903743,0.2599159488454461,0
1285,16.817939708998892,0.19479100592434406,0
1286,16.830689500027802,0.3678339999169111,0
1287,16.843614334007725,0.23616600083187222,0
1288,16.853997625003103,0.6737920339219272,0
1289,16.867238292004913,0.329792033880949,0
1290,16.879607250040863,0.2782499650493264,0
1291,16.892490875034127,0.27550000231713057,0
1292,16.90539579204051,0.25949999690055847,0
1293,16.918194084020797,0.1889580162242055,0
1294,16.93091087503126,0.21783396368846297,0
1295,16.943662459030747,0.2211660030297935,0
1296,16.95645533403149,0.2894159988500178,0
1297,16.96928137500072,0.33245899248868227,0
1298,16.982167792040855,0.3477499703876674,0
1299,16.99532058404293,0.2026250003837049,0
1300,17.00807479204377,0.24583295453339815,0
1301,17.0208910839865,0.27729105204343796,0
1302,17.033566875034012,0.24466699687764049,0
1303,17.046344458998647,0.17433299217373133,0
1304,17.059043125016615,0.17908401787281036,0
1305,17.07173825002974,0.15816697850823402,0
1306,17.083761084009893,0.13687502359971404,0
1307,17.094542209000792,0.18954102415591478,0
1308,17.10726570902625,0.2815829939208925,0
1309,17.120104625006206,0.31445903005078435,0
1310,17.1307815000182,0.4141670069657266,0
1311,17.143125125032384,0.4882089560851455,0
1312,17.156205959036015,0.3017499693669379,0
1313,17.16676620900398,0.628374982625246,0
1314,17.17777233402012,0.7602080004289746,0
1315,17.191163250012323,0.8434170158579946,0
1316,17.203441000019666,0.6114999996498227,0
1317,17.216665000014473,0.6932499818503857,0
1318,17.229094000009354,0.30437501845881343,0
1319,17.248296750010923,7.37645901972428,0
1320,17.26988691702718,3.1453329720534384,0
1321,17.286501792026684,2.5994579773396254,0
1322,17.300634042010643,0.32599997939541936,0
1323,17.313536959001794,0.2734999870881438,0
1324,17.32602625002619,0.41379197500646114,0
1325,17.339471959043294,0.4967499990016222,0
1326,17.35236525000073,0.3270840388722718,0
1327,17.365254417003598,0.41570799658074975,0
1328,17.375906125002075,0.6949999951757491,0
1329,17.387776334013324,0.2894159988500178,0
1330,17.400679417012725,0.5348750273697078,0
1331,17.412074833991937,0.5343750235624611,0
1332,17.423925292037893,0.8407499990426004,0
1333,17.438405250024516,0.33887499012053013,0
1334,17.45133120904211,0.6437079864554107,0
1335,17.46424720901996,0.40074996650218964,0
1336,17.47722674999386,0.5358339985832572,0
1337,17.488949374994263,0.4349999944679439,0
1338,17.50208870903589,0.4652499919757247,0
1339,17.51339450001251,0.34479203168302774,0
1340,17.525712500035297,0.3506669891066849,0
1341,17.536919584032148,0.40312495548278093,0
1342,17.549890208989382,0.24562503676861525,0
1343,17.56268545903731,0.22537499899044633,0
1344,17.575463209010195,0.23504102136939764,0
1345,17.586335250001866,0.5034590139985085,0
1346,17.599460416997317,0.6986670196056366,0
1347,17.6127564170165,0.3426669863983989,0
1348,17.625640792015474,0.2960829879157245,0
1349,17.63731933402596,0.3884999896399677,0
1350,17.649556459044106,0.3264579572714865,0
1351,17.66244954202557,0.48758299089968204,0
1352,17.675735500000883,0.49229199066758156,0
1353,17.688817250018474,0.3167089889757335,0
1354,17.701703583996277,0.5264999927021563,0
1355,17.714856667036656,0.7457080064341426,0
1356,17.726707125024404,5.332749977242202,0
1357,17.74467149999691,0.9800420375540853,0
1358,17.758468792017084,1.1389999999664724,0
1359,17.770057666988578,0.4558330401778221,0
1360,17.78312800003914,0.5717919557355344,0
1361,17.8057987090433,5.575124989263713,0
1362,17.822957750002388,0.43454201659187675,0
1363,17.8351851250045,0.3563750069588423,0
1364,17.8469812500407,0.2886669826693833,0
1365,17.85983391699847,0.36037503741681576,0
1366,17.87275891698664,0.2869580057449639,0
1367,17.885140250029508,0.2941249986179173,0
1368,17.897986500000115,0.2855840139091015,0
1369,17.910829166998155,0.27904199669137597,0
1370,17.923656833998393,0.27950003277510405,0
1371,17.934037709026597,0.270040996838361,0
1372,17.946850250009447,0.2482919953763485,0
1373,17.95964879199164,0.34012499963864684,0
1374,17.972588083997834,0.19816600251942873,0
1375,17.98439162503928,0.258041953202337,0
1376,17.997208249988034,0.2922090352512896,0
1377,18.010059499996714,0.27000001864507794,0
1378,18.022905874997377,0.26408402482047677,0
1379,18.035742500040215,0.3552089910954237,0
1380,18.048669250041712,0.5767499678768218,0
1381,18.061710125009995,0.3832090296782553,0
1382,18.073028834012803,0.5803750245831907,0
1383,18.086203459009994,0.30745798721909523,0
1384,18.09776466700714,0.25933299912139773,0
1385,18.109912959043868,0.5106659955345094,0
1386,18.124417042010464,0.3398749977350235,0
1387,18.13707516703289,0.4742079763673246,0
1388,18.149751249991823,0.43504202039912343,0
1389,18.17344112502178,1.6875839792191982,0
1390,18.18774966703495,0.4526670090854168,0
1391,18.20002575003309,0.3892089589498937,0
1392,18.21204629202839,1.2802499695681036,0
1393,18.22641308401944,0.7261660066433251,0
1394,18.23970520903822,0.7400829927064478,0
1395,18.251974917016923,0.4617079976014793,0
1396,18.26597229199251,1.0100830113515258,0
1397,18.27747187501518,0.4348750226199627,0
1398,18.292169541993644,8.779917028732598,0
1399,18.31601520901313,0.49000000581145287,0
1400,18.328305250033736,0.8487089653499424,0
1401,18.340048834041227,1.0075409663841128,0
1402,18.35346745903371,0.4206660087220371,0
1403,18.37495825003134,0.9023339953273535,0
1404,18.387334875005763,0.47850003466010094,0
1405,18.403264291991945,5.225917033385485,0
1406,18.453659416991286,2.9943330446258187,0
1407,18.482138541992754,0.4206669982522726,0
1408,18.493409875023644,0.5637920112349093,0
1409,18.50653241702821,0.3393329679965973,0
1410,18.519433667010162,0.6445000180974603,0
1411,18.53266204200918,0.3011670196428895,0
1412,18.543366542027798,0.27654197765514255,0
1413,18.556206459004898,0.29433303279802203,0
1414,18.56796670902986,0.3548749955371022,0
1415,18.58089625003049,0.3063339972868562,0
1416,18.593761917029042,0.234208011534065,0
1417,18.60654429200804,0.2370420261286199,0
1418,18.618542209034786,0.2758749760687351,0
1419,18.63136120903073,0.203415984287858,0
1420,18.644111834000796,0.310208008158952,0
1421,18.657040250021964,0.26345899095758796,0
1422,18.669057041988708,0.3899580333381891,0
1423,18.67957487498643,0.3052500542253256,0
1424,18.690606541989837,0.21125003695487976,0
1425,18.703364874992985,0.2737500471994281,0
1426,18.716189375030808,0.26408396661281586,0
1427,18.7266988340416,0.8020829991437495,0
1428,18.740399583999533,0.2717080060392618,0
1429,18.75400987500325,0.3421250148676336,0
1430,18.766436750011053,0.39045902667567134,0
1431,18.778117000008933,0.38941699312999845,0
1432,18.79107145901071,0.39079098496586084,0
1433,18.803864541987423,0.5379580543376505,0
1434,18.817115625017323,0.3183750086463988,0
1435,18.828124042018317,0.37995801540091634,0
1436,18.83860820904374,0.33733295276761055,0
1437,18.852076709037647,0.3186249523423612,0
1438,18.864961334038526,0.6709159933961928,0
1439,18.876848125015385,0.553834019228816,0
1440,18.890051750000566,0.52920903544873,0
1441,18.901965167024173,3.9274999871850014,0
1442,18.91872387501644,0.31274999491870403,0
1443,18.931615792040247,0.4551250021904707,0
1444,18.944740167004056,0.3220420330762863,0
1445,18.96143208403373,0.8119579870253801,0
1446,18.97633204201702,0.4034169833175838,0
1447,18.98933583399048,0.3019580035470426,0
1448,19.001038999995217,0.4153750487603247,0
1449,19.0129061670159,0.3137079766020179,0
1450,19.02468208404025,0.2603749744594097,0
1451,19.03659295901889,0.2622079919092357,0
1452,19.049450709018856,0.19079097546637058,0
1453,19.06217958399793,0.18883304437622428,0
1454,19.07242954202229,0.18108298536390066,0
1455,19.085097584000323,0.3370410413481295,0
1456,19.0976112090284,0.3941659815609455,0
1457,19.11059204203775,0.360167003236711,0
1458,19.1234171250253,0.3017089911736548,0
1459,19.13627900002757,0.2995419781655073,0
1460,19.149150792043656,0.27724995743483305,0
1461,19.163050709001254,0.2840830129571259,0
1462,19.17588658403838,0.40991598507389426,0
1463,19.187381917028688,0.6542499759234488,0
1464,19.200621208990924,0.27733301976695657,0
1465,19.213449875009246,0.3451249795034528,0
1466,19.225549041992053,0.3837500116787851,0
1467,19.237347042013425,0.3922079922631383,0
1468,19.250318417034578,0.47745800111442804,0
1469,19.263452459010296,0.3612909931689501,0
1470,19.27637841703836,0.35966699942946434,0
1471,19.28930525004398,0.2952499780803919,0
1472,19.301932500035036,0.3844169550575316,0
1473,19.312962334020995,0.4807079676538706,0
1474,19.3249074590276,0.34141598735004663,0
1475,19.33781216701027,0.3225419786758721,0
1476,19.348228792019654,0.29904197435826063,0
1477,19.35888066701591,0.2766670077107847,0
1478,19.370720542035997,0.2027080045081675,0
1479,19.38211487501394,0.22591702872887254,0
1480,19.39487670903327,0.2833749749697745,0
1481,19.407710125029553,0.29666698537766933,0
1482,19.420544833992608,0.3155409940518439,0
1483,19.43342862499412,0.2518750261515379,0
1484,19.446236292016692,0.3404580056667328,0
1485,19.459138542006258,0.33304200042039156,0
1486,19.471128417004365,0.26058300863951445,0
1487,19.48392595903715,0.14670798555016518,0
1488,19.49659337499179,0.16658403910696507,0
1489,19.509286499989685,0.32816705061122775,0
1490,19.522161459026393,0.26345800142735243,0
1491,19.534419709001668,0.2550830249674618,0
1492,19.547009625006467,0.3137090243399143,0
1493,19.559862499998417,0.26875000912696123,0
1494,19.572664834035095,0.23337500169873238,0
1495,19.58376175002195,0.22783398162573576,0
1496,19.5965033340035,0.22600003285333514,0
1497,19.60924725001678,0.23033400066196918,0
1498,19.621993292006664,0.2038329839706421,0
1499,19.634730709018186,0.22666598670184612,0
1500,19.646012417040765,0.20583299919962883,0
1501,19.658737000019755,0.2346250112168491,0
1502,19.67149104201235,0.22145803086459637,0
1503,19.683766792004462,0.22670801263302565,0
1504,19.696518749988172,0.2357920166105032,0
1505,19.70927837502677,0.2310419804416597,0
1506,19.722023334004916,0.20837498595938087,0
1507,19.73476208403008,0.36179099697619677,0
1508,19.747688584029675,0.41691598016768694,0
1509,19.76069995900616,0.4540410009212792,0
1510,19.77152145904256,0.38245797622948885,0
1511,19.78239383402979,0.38708298234269023,0
1512,19.79536587500479,0.3963339840993285,0
1513,19.808394625026267,3.637125017121434,0
1514,19.823687041993253,0.4241670249029994,0
1515,19.836713500029873,0.4264590097591281,0
1516,19.849539000017103,0.4016250022687018,0
1517,19.86108012503246,0.4317089915275574,0
1518,19.874102167028468,0.41387497913092375,0
1519,19.884687292040326,0.4687919863499701,0
1520,19.89774791704258,0.3839579876512289,0
1521,19.910361666989047,0.38345804205164313,0
1522,19.922136917011812,0.37987501127645373,0
1523,19.935146042029373,0.38004200905561447,0
1524,19.947815417021047,0.503457966260612,0
1525,19.960954750014935,0.5162089946679771,0
1526,19.97406245901948,0.3199159982614219,0
1527,19.98698270902969,0.29454100877046585,0
1528,19.99958262499422,0.173417036421597,0
1529,20.010655709018465,0.2912079798988998,0
1530,20.02350283402484,0.30170800164341927,0
1531,20.034315083990805,0.33308303682133555,0
1532,20.04565183399245,0.3913750406354666,0
1533,20.057861875044182,0.4945419495925307,0
1534,20.07096379203722,0.4854999715462327,0
1535,20.084054125007242,0.3677920321933925,0
1536,20.097000125038903,0.41149999015033245,0
1537,20.109969625016674,0.337334000505507,0
1538,20.122196917014662,0.44766702922061086,0
1539,20.135224458994344,0.17579103587195277,0
1540,20.145459417020902,0.17087499145418406,0
1541,20.158203417027835,0.4859169712290168,0
1542,20.17126191704301,0.21837494568899274,0
1543,20.183806459011976,0.5282909842208028,0
1544,20.195547500043176,0.21766696590930223,0
1545,20.20671279198723,0.4876670427620411,0
1546,20.218863584042992,0.5219579907134175,0
1547,20.231979792006314,0.2857500221580267,0
1548,20.242789667041507,0.32349996035918593,0
1549,20.25525045901304,0.4694160306826234,0
1550,20.267125874990597,0.43395900866016746,0
1551,20.278770125005394,0.5672090337611735,0
1552,20.29192220902769,0.2253329730592668,0
1553,20.30471579200821,0.46841701259836555,0
1554,20.317782792029902,0.5033329944126308,0
1555,20.330714250041638,0.28358399868011475,0
1556,20.343560917011928,0.20066701108589768,0
1557,20.356320667022374,0.3695000195875764,0
1558,20.367647500010207,0.23549998877570033,0
1559,20.380426792020444,0.19341701408848166,0
1560,20.39317341701826,0.423832971137017,0
1561,20.406174042029306,0.3440830041654408,0
1562,20.419109874987043,0.5135840037837625,0
1563,20.431629166996572,0.5735420272685587,0
1564,20.444828042003792,0.5514170043170452,0
1565,20.457981500017922,0.49237499479204416,0
1566,20.47108687501168,0.6202090298756957,0
1567,20.48286170902429,0.5007499712519348,0
1568,20.49596600001678,0.594333978369832,0
1569,20.508555375039577,0.32179197296500206,0
1570,20.521484500030056,0.433583976700902,0
1571,20.533792292000726,0.24933303939178586,0
1572,20.546076750033535,0.30258396873250604,0
1573,20.55895254202187,0.2282079658471048,0
1574,20.57047179201618,0.34445797791704535,0
1575,20.582290999998804,0.4402920021675527,0
1576,20.59530895901844,0.4146249848417938,0
1577,20.60618116700789,0.44291699305176735,0
1578,20.61922658403637,0.806415977422148,0
1579,20.63135683402652,0.790541002061218,0
1580,20.644930667011067,0.6875420222058892,0
1581,20.658191542024724,0.4087499692104757,0
1582,20.67075566702988,0.24149997625499964,0
1583,20.682119625038467,0.4200839903205633,0
1584,20.69420212501427,0.24804199347272515,0
1585,20.706491250020918,0.26533397613093257,0
1586,20.717904458986595,0.3215830074623227,0
1587,20.730792459042277,0.2934579970315099,0
1588,20.74364995904034,0.2768749836832285,0
1589,20.75545979203889,0.23562496062368155,0
1590,20.768352292012423,0.2768749836832285,0
1591,20.781289042031858,2.213291998486966,0
1592,20.795159250032157,0.6714589544571936,0
1593,20.808414500032086,0.3190839779563248,0
1594,20.820906709006522,0.7125409902073443,0
1595,20.832960208994336,1.0117500205524266,0
1596,20.846244834014215,0.29920798260718584,0
1597,20.858006416994613,0.3871670342050493,0
1598,20.86854887503432,0.27887499891221523,0
1599,20.880773667013273,0.2763749798759818,0
1600,20.8928890840034,0.3499999875202775,0
1601,20.905407000042032,0.26416697073727846,0
1602,20.917116124997847,1.3392920373007655,0
1603,20.93102587503381,0.23791700368747115,0
1604,20.942744459025562,0.35466597182676196,0
1605,20.955665084009524,0.2423750120215118,0
1606,20.966500792012084,0.512500002514571,0
1607,20.978328166995198,0.3287500003352761,0
1608,20.991220417025033,0.2773749874904752,0
1609,21.004063625005074,1.6603749827481806,0
1610,21.01766354200663,1.0447920067235827,0
1611,21.031296667002607,0.26345800142735243,0
1612,21.0441339170211,0.2590829972177744,0
1613,21.05516429198906,0.274375022854656,0
1614,21.067980416992214,0.23383303778246045,0
1615,21.08121066703461,0.2767919795587659,0
1616,21.09228412504308,0.2939589903689921,0
1617,21.105135584017262,0.30816602520644665,0
1618,21.117558541998733,2.0191670046187937,0
1619,21.12998837500345,0.37399999564513564,0
1620,21.14295750000747,0.6103339837864041,0
1621,21.154108292015735,0.2654999843798578,0
1622,21.16652729199268,0.46254199696704745,0
1623,21.177642167021986,0.8216669666580856,0
1624,21.191073000023607,0.26362499920651317,0
1625,21.202098250039853,0.2501249546185136,0
1626,21.214908458990976,0.2854160265997052,0
1627,21.22744770901045,0.27195800794288516,0
1628,21.23910549998982,0.35791704431176186,0
1629,21.252045500034,0.265624956227839,0
1630,21.26480441703461,0.3784169675782323,0
1631,21.277200000011362,0.29845902463421226,0
1632,21.288370250025764,0.2561250003054738,0
1633,21.301750292012002,0.3090000245720148,0
1634,21.314622584031895,0.39499998092651367,0
1635,21.325891459011473,0.8569579804316163,0
1636,21.337631667032838,0.35449996357783675,0
1637,21.349594917031936,0.3891249652951956,0
1638,21.362559834029526,0.3104159841313958,0
1639,21.37315804202808,0.32245798502117395,0
1640,21.38562254200224,0.2785419928841293,0
1641,21.3985574170365,0.28779200511053205,0
1642,21.411411709035747,0.37162500666454434,0
1643,21.42248050001217,1.3457920285873115,0
1644,21.436394374992233,0.2221250324510038,0
1645,21.44794358400395,0.28679100796580315,0
1646,21.46079316700343,0.3761670086532831,0
1647,21.47197337500984,1.607834012247622,0
1648,21.48523358401144,0.464749988168478,0
1649,21.498271583986934,0.3607500111684203,0
1650,21.508896875020582,0.3973339917138219,0
1651,21.521862249996047,0.32458401983603835,0
1652,21.534377834002953,0.3899160074070096,0
1653,21.547357083996758,0.5406659911386669,0
1654,21.560503334039822,0.39720797212794423,0
1655,21.572731624997687,0.5218750447966158,0
1656,21.585856209043413,0.3594579757191241,0
1657,21.59878783399472,0.510375015437603,0
1658,21.61026666703401,0.34841697197407484,0
1659,21.62318120902637,0.3328750026412308,0
1660,21.63401012500981,0.24025002494454384,0
1661,21.64679283404257,0.2646249486133456,0
1662,21.65959237504285,0.2816249616444111,0
1663,21.672398667025845,0.18345797434449196,0
1664,21.68510233401321,0.15112501569092274,0
1665,21.69777645904105,0.2758329501375556,0
1666,21.70989133400144,0.13200001558288932,0
1667,21.722541499999352,0.1568750012665987,0
1668,21.73521058401093,0.1674999948590994,0
1669,21.747895459004212,0.265000038780272,0
1670,21.76073149999138,0.2458750386722386,0
1671,21.77351633401122,0.3387500182725489,0
1672,21.78410262503894,0.23720896570011973,0
1673,21.79687045898754,0.2935000229626894,0
1674,21.808882125013042,0.3320000250823796,0
1675,21.82036800001515,0.3406250034458935,0
1676,21.833281917031854,0.33187499502673745,0
1677,21.84613870899193,0.5790000432170928,0
1678,21.859307209029794,0.27670798590406775,0
1679,21.872154999990016,0.32816705061122775,0
1680,21.8851099589956,0.437291048001498,0
1681,21.89816345903091,0.517957960255444,0
1682,21.908852874999866,0.4982920363545418,0
1683,21.921932541998103,0.44108304427936673,0
1684,21.935947542020585,0.8885000133886933,0
1685,21.947337084042374,0.5095409578643739,0
1686,21.95933550002519,0.42320898501202464,0
1687,21.97122941701673,0.5869999877177179,0
1688,21.98441208404256,0.4332909593358636,0
1689,21.997430542018265,0.33549999352544546,0
1690,22.00888533401303,0.27783302357420325,0
1691,22.0201053339988,0.550166005268693,0
1692,22.031430000031833,0.29370898846536875,0
1693,22.04430050001247,0.42845902498811483,0
1694,22.05568845901871,0.36466598976403475,0
1695,22.067729375034105,0.418374955188483,0
1696,22.07930074998876,0.378292053937912,0
1697,22.092214333999436,0.24233304429799318,0
1698,22.102797792002093,0.48170803347602487,0
1699,22.115855834039394,0.39204099448397756,0
1700,22.128816250013188,0.34433399559929967,0
1701,22.139879167021718,0.3915419802069664,0
1702,22.150516416993923,0.5099170375615358,0
1703,22.1636322090053,0.5624159821309149,0
1704,22.176762584014796,0.28450001263991,0
1705,22.187335541995708,0.5849580047652125,0
1706,22.200503667001612,0.5568329943343997,0
1707,22.213670667028055,0.39795797783881426,0
1708,22.2266451670439,0.2770829596556723,0
1709,22.239127417036798,0.2257499727420509,0
1710,22.25189383403631,0.2448749728500843,0
1711,22.26223995903274,0.2467909944243729,0
1712,22.272602875018492,0.5091250059194863,0
1713,22.284486958989874,0.45237503945827484,0
1714,22.297501583991107,0.36737503251060843,0
1715,22.310450459015556,0.27420802507549524,0
1716,22.32329316699179,0.3736670478247106,0
1717,22.33548237499781,0.3677920321933925,0
1718,22.348447625001427,0.5235000280663371,0
1719,22.36130683403462,0.45674998546019197,0
1720,22.372152500029188,0.619291968178004,0
1721,22.38542129204143,0.5186249618418515,0
1722,22.397389249992557,0.4855000297538936,0
1723,22.40891387499869,0.43983402429148555,0
1724,22.42392212501727,0.49275002675130963,0
1725,22.43698762502754,0.2755839959718287,0
1726,22.4498368340428,0.39312499575316906,0
1727,22.460913292015903,0.3154170117340982,0
1728,22.4727469169884,0.2976250252686441,0
1729,22.48432791698724,0.29445800464600325,0
1730,22.49625362502411,0.3356249653734267,0
1731,22.509172875026707,0.3375419764779508,0
1732,22.520277334027924,0.29574998188763857,0
1733,22.530933834030293,0.30458299443125725,0
1734,22.542223084019497,0.28141599614173174,0
1735,22.55265700002201,0.2874999772757292,0
1736,22.563339000043925,0.29274995904415846,0
1737,22.574260958994273,0.28929102700203657,0
1738,22.58711837499868,0.4015000304207206,0
1739,22.598975125001743,0.34262501867488027,0
1740,22.611887125007343,0.21966698113828897,0
1741,22.624668375006877,0.3558340249583125,0
1742,22.635765542043373,0.2791250008158386,0
1743,22.648425250023138,0.36445900332182646,0
1744,22.660851583990734,0.501750037074089,0
1745,22.672105250007007,0.6804590229876339,0
1746,22.684175750007853,0.5644590128213167,0
1747,22.697346709028352,0.35941600799560547,0
1748,22.70996887498768,0.44983404222875834,0
1749,22.7230228750268,0.48866699216887355,0
1750,22.734413750004023,0.5680840113200247,0
1751,22.74757187499199,0.3797500394284725,0
1752,22.758914959034882,0.3287500003352761,0
1753,22.771793209016323,0.3191250143572688,0
1754,22.78463875001762,0.21429196931421757,0
1755,22.797379625029862,0.23245898773893714,0
1756,22.808892917004414,0.2827499993145466,0
1757,22.821702625020407,0.4184169811196625,0
1758,22.834451500035357,0.24412496713921428,0
1759,22.84547925001243,0.25941699277609587,0
1760,22.85699450003449,0.31174998730421066,0
1761,22.86883991700597,0.2572920056991279,0
1762,22.880782250023913,0.4497499903663993,0
1763,22.892638291988987,0.417000032030046,0
1764,22.904451042006258,0.3655829932540655,0
1765,22.91632241703337,0.43641700176522136,0
1766,22.927613167033996,0.4044999950565398,0
1767,22.93960479198722,0.33483305014669895,0
1768,22.952517667028587,0.4331250092945993,0
1769,22.96485012501944,0.6731249741278589,0
1770,22.978133458993398,0.4534579929895699,0
1771,22.989028999989387,0.5940840346738696,0
1772,23.000751167011913,0.5727080279029906,0
1773,23.013951000000816,0.4788750084117055,0
1774,23.02649412502069,1.272291992790997,0
1775,23.040388374996837,0.49287499859929085,0
1776,23.052164625027217,0.325749977491796,0
1777,23.063857750035822,0.5149999633431435,0
1778,23.076638208993245,0.9075830457732081,0
1779,23.089049917005468,0.6886250339448452,0
1780,23.102540916996077,0.5142920417711139,0
1781,23.114719709032215,0.5652499967254698,0
1782,23.127902584034018,0.47087500570341945,0
1783,23.14044616703177,0.5140419816598296,0
1784,23.152168125030585,0.34912500996142626,0
1785,23.165022250032052,0.9608339751139283,0
1786,23.176825334026944,0.9135410073213279,0
1787,23.190356667037122,0.5006249994039536,0
1788,23.201701250043698,0.9133749990724027,0
1789,23.21701004198985,0.6644170498475432,0
1790,23.229969250038266,0.3992089768871665,0
1791,23.242976834008005,0.4820409812964499,0
1792,23.256107083987445,0.47995802015066147,0
1793,23.267723167024087,0.3668330027721822,0
1794,23.27834104199428,0.6372920470312238,0
1795,23.2915972089977,0.4955410258844495,0
1796,23.303458542039152,1.9010419491678476,0
1797,23.317730084003415,0.4175830399617553,0
1798,23.330755750008393,0.6234170286916196,0
1799,23.34337358403718,0.4807909717783332,0
1800,23.35515200003283,0.397041963879019,0
1801,23.36773170903325,0.4284160095266998,0
1802,23.380767750029918,0.5069589824415743,0
1803,23.393229709006846,0.30933303060010076,0
1804,23.403732125007082,0.45712501741945744,0
1805,23.416827459004708,0.5562080186791718,0
1806,23.429412792029325,0.34366699401289225,0
1807,23.439936292008497,0.534582999534905,0
1808,23.451033791992813,0.46962499618530273,0
1809,23.464088917011395,0.41508302092552185,0
1810,23.477112292021047,0.395249982830137,0
1811,23.490109125035815,0.447333964984864,0
1812,23.502035000012256,0.5540840211324394,0
1813,23.514368709002156,0.4954580217599869,0
1814,23.527469041990116,0.5215000128373504,0
1815,23.540390875015873,1.6062919748947024,0
1816,23.554713834018912,0.6440000142902136,0
1817,23.570729208993725,1.7950410256162286,0
1818,23.585504584014416,0.30279101338237524,0
1819,23.598381833988242,0.5729580298066139,0
1820,23.610979875025805,0.41145901195704937,0
1821,23.623993834014982,0.5455000209622085,0
1822,23.635604417009745,0.29841699870303273,0
1823,23.646669999987353,0.6169170374050736,0
1824,23.659886334033217,0.689165957737714,0
1825,23.670731667021755,0.39499998092651367,0
1826,23.683714709011838,0.4719580174423754,0
1827,23.696776875003707,0.4154170164838433,0
1828,23.709766749991104,0.6833340157754719,0
1829,23.720837834000122,0.3891660016961396,0
1830,23.73381954198703,0.5725000519305468,0
1831,23.747060624998994,0.361250014975667,0
1832,23.7597470000037,0.4303749883547425,0
1833,23.77172362501733,0.630584021564573,0
1834,23.784445542027242,0.7083750097081065,0
1835,23.79721841699211,0.4433750291354954,0
1836,23.810347124992404,0.5350420251488686,0
1837,23.82119516702369,0.3980000037699938,0
1838,23.833122459007427,0.3448330098763108,0
1839,23.84603016701294,0.32958301017060876,0
1840,23.858884042012505,0.3189580165781081,0
1841,23.871838541992474,0.36875001387670636,0
1842,23.88591454201378,0.5287079839035869,0
1843,23.899022625002544,0.24929200299084187,0
1844,23.911796334024984,0.24941598530858755,0
1845,23.92458070901921,0.4010829725302756,0
1846,23.937551375012845,0.31795899849385023,0
1847,23.949242333997972,0.389833003282547,0
1848,23.96218641701853,0.3939169691875577,0
1849,23.974725667038,0.37591694854199886,0
1850,23.98766758403508,0.4461249918676913,0
1851,23.99842883402016,0.27608301024883986,0
1852,24.011259125021752,0.24729198776185513,0
1853,24.023394042043947,0.36445795558393,0
1854,24.03629895899212,0.28554099844768643,0
1855,24.04912666702876,0.22262497805058956,0
1856,24.061484375037253,0.16437500016763806,0
1857,24.07420195901068,0.31241599936038256,0
1858,24.085247250040993,0.3653749590739608,0
1859,24.09701741702156,0.3519579768180847,0
1860,24.1099198749871,0.34200004301965237,0
1861,24.120689625036903,0.3736669896170497,0
1862,24.13363154203398,0.47437497414648533,0
1863,24.146709083986934,0.4841250483877957,0
1864,24.159801041998435,0.476707995403558,0
1865,24.17165491700871,0.4152500187046826,0
1866,24.183502750005573,0.4240419948473573,0
1867,24.19541924999794,0.39345899131149054,0
1868,24.20839295902988,0.34033297561109066,0
1869,24.22131354198791,0.35500002559274435,0
1870,24.23423520900542,0.49462501192465425,0
1871,24.247320291993674,0.2003330155275762,0
1872,24.26007837499492,0.30512502416968346,0
1873,24.27370737498859,1.147459028288722,0
1874,24.28631262498675,0.47908403212204576,0
1875,24.298972167016473,0.28829200891777873,0
1876,24.31022079201648,0.26116700610145926,0
1877,24.323047000041697,0.3007499617524445,0
1878,24.333711625018623,0.3588749677874148,0
1879,24.346641167008784,0.44783297926187515,0
1880,24.35966533399187,0.36933302180841565,0
1881,24.371633959002793,0.3262500395067036,0
1882,24.384523375018034,0.3266669809818268,0
1883,24.39688054198632,0.2405420527793467,0
1884,24.40971262502717,0.28724997537210584,0
1885,24.42146533401683,0.2804999821819365,0
1886,24.43424125004094,0.25941699277609587,0
1887,24.4470539590111,0.4117080243304372,0
1888,24.46005116699962,0.41500001680105925,0
1889,24.47105312498752,0.308792048599571,0
1890,24.483925709035248,0.2559999702498317,0
1891,24.495527625025716,0.3440839936956763,0
1892,24.507140834000893,0.31241599936038256,0
1893,24.520078584027942,0.5591249791905284,0
1894,24.533573542023078,0.9620829951018095,0
1895,24.54692500003148,0.42195897549390793,0
1896,24.558601917000487,0.4937080084346235,0
1897,24.57288995903218,1.4212499954737723,0
1898,24.586341999995057,0.4605000140145421,0
1899,24.59939370903885,0.411124958191067,0
1900,24.612352708994877,0.31700002728030086,0
1901,24.623656084004324,0.39112503873184323,0
1902,24.63596049998887,1.6607920406386256,0
1903,24.649930874991696,0.3872090019285679,0
1904,24.662908250000328,0.4964590189047158,0
1905,24.674689750012476,0.3955420106649399,0
1906,24.69103924999945,2.312834025360644,0
1907,24.7058856250369,0.29908400028944016,0
1908,24.718567209027242,0.2799999783746898,0
1909,24.72941912501119,0.3998340107500553,0
1910,24.74239020899404,0.2804160467348993,0
1911,24.753230292000808,0.28858298901468515,0
1912,24.765126167039853,0.41974999476224184,0
1913,24.777352000004612,0.3034590044990182,0
1914,24.790246084041428,0.4007909446954727,0
1915,24.803262208995875,0.6304580019786954,0
1916,24.814261208986863,0.3718750085681677,0
1917,24.82558008399792,0.32779102912172675,0
1918,24.836289292026777,0.35666697658598423,0
1919,24.84698183403816,0.3465829649940133,0
1920,24.860042584012263,0.265665992628783,0
1921,24.87287991703488,0.47562498366460204,0
1922,24.885442209022585,0.31254097120836377,0
1923,24.89826583402464,0.3816660027951002,0
1924,24.911123334022705,0.42954098898917437,0
1925,24.921868334000465,0.2764580422081053,0
1926,24.93284725002013,0.42158400174230337,0
1927,24.94585233402904,0.46679098159074783,0
1928,24.958890125039034,0.3260839730501175,0
1929,24.971815249999054,0.5466250004246831,0
1930,24.984949209028855,0.3552910056896508,0
1931,24.99600691703381,0.2431249595247209,0
1932,25.008817334019113,0.36387500585988164,0
1933,25.021744124998804,0.40187500417232513,0
1934,25.03378395899199,0.32729102531448007,0
1935,25.04667408403475,0.3880829899571836,0
1936,25.05847608402837,0.2657499862834811,0
1937,25.07138804200804,0.36508298944681883,0
1938,25.08399420900969,0.32829103292897344,0
1939,25.096577875025105,0.3124169888906181,0
1940,25.109488916990813,0.42554200626909733,0
1941,25.12091366702225,0.3726669820025563,0
1942,25.133847667020746,0.31170801958069205,0
1943,25.145354417036287,0.39420800749212503,0
1944,25.15833800000837,0.3413340309634805,0
1945,25.171982625033706,0.4764169570989907,0
1946,25.18277950002812,0.418792013078928,0
1947,25.19518354203319,0.3248749999329448,0
1948,25.206358875031583,0.2601669984869659,0
1949,25.21711041702656,0.27537497226148844,0
1950,25.227977792033926,0.26720797177404165,0
1951,25.240808750037104,0.367750006262213,0
1952,25.251711916993372,0.2761250361800194,0
1953,25.263513709011022,0.2561250003054738,0
1954,25.275557667016983,0.25216699577867985,0
1955,25.286244708986487,0.31983305234462023,0
1956,25.296900667017326,0.26762497145682573,0
1957,25.309763542027213,0.3189580165781081,0
1958,25.322552166995592,0.288875016849488,0
1959,25.334458917030133,0.24112500250339508,0
1960,25.347245917015243,0.22933300351724029,0
1961,25.35795070900349,0.2504159929230809,0
1962,25.369240167026874,0.2525000018067658,0
1963,25.38077291700756,0.23674999829381704,0
1964,25.39357920899056,0.3357080277055502,0
1965,25.406502292025834,0.24333299370482564,0
1966,25.418625249993056,0.21912500960752368,0
1967,25.431396417028736,0.36162498872727156,0
1968,25.444324749987572,0.4324590554460883,0
1969,25.456060500000603,0.22695900406688452,0
1970,25.46845912502613,0.3289589658379555,0
1971,25.481079666991718,0.3060420276597142,0
1972,25.49292799999239,0.3706670249812305,0
1973,25.506018584012054,0.37354102823883295,0
1974,25.51896175002912,0.35608396865427494,0
1975,25.531890749989543,0.2727500395849347,0
1976,25.543894375034142,0.2503749565221369,0
1977,25.55551616701996,0.3361669951118529,0
1978,25.567724417021964,0.25941699277609587,0
1979,25.580540459020995,0.23025000700727105,0
1980,25.593328584043775,0.3269159933552146,0
1981,25.606222500035074,0.337334000505507,0
1982,25.616757500043605,0.2929999609477818,0
1983,25.628028084000107,0.28237502556294203,0
1984,25.640899792022537,0.3749169991351664,0
1985,25.653687999991234,0.3900840529240668,0
1986,25.66664300003322,0.26416697073727846,0
1987,25.679469541995786,0.2553749945946038,0
1988,25.692236167029478,0.28495799051597714,0
1989,25.70279304200085,0.5243330379016697,0
1990,25.713432209042367,0.2543329610489309,0
1991,25.726251417014282,0.41087501449510455,0
1992,25.737685917003546,0.3845830215141177,0
1993,25.75065329199424,0.3619170165620744,0
1994,25.761881500016898,2.5049169780686498,0
1995,25.777031250006985,0.2547919866628945,0
1996,25.78761704202043,0.5125830066390336,0
1997,25.800171709037386,2.273040998261422,0
1998,25.815039792039897,0.28849998489022255,0
1999,25.827886792016216,0.33241702476516366,0
2000,25.838678875006735,0.6759589887224138,0
2001,25.850054542010184,0.2965829917229712,0
2002,25.86187504202826,0.2983749727718532,0
2003,25.873399292002432,0.2969999914057553,0
2004,25.888088167004753,0.3261250094510615,0
2005,25.900978458987083,0.25450001703575253,0
2006,25.91234733402962,0.31179096549749374,0
2007,25.923047459044028,0.6227499688975513,0
2008,25.934080709004775,0.27733301976695657,0
2009,25.947157334012445,0.39537501288577914,0
2010,25.958501250017434,0.34362502628937364,0
2011,25.969369500002358,0.2161670126952231,0
2012,25.982127416995354,0.24108303477987647,0
2013,25.994909042026848,0.26770797558128834,0
2014,26.007770291995257,0.31887501245364547,0
2015,26.020973500038963,0.3214169992133975,0
2016,26.033847375016194,1.9560839864425361,0
2017,26.048378792009316,0.2742920187301934,0
2018,26.061198292009067,0.26466703275218606,0
2019,26.07400433399016,0.21545804338529706,0
2020,26.086770833993796,0.21566601935774088,0
2021,26.09956008399604,0.23012503515928984,0
2022,26.112361792009324,0.4254580126143992,0
2023,26.123577499995008,0.3670839942060411,0
2024,26.137327500036918,25.868083990644664,0
2025,26.1789723749971,0.21408399334177375,0
2026,26.190126084024087,0.39920798735693097,0
2027,26.20306733401958,0.2818329958245158,0
2028,26.215913375024684,0.2977499971166253,0
2029,26.22629208402941,0.4185409634374082,0
2030,26.23937466699863,0.2691670088097453,0
2031,26.25069437501952,3.1412920216098428,0
2032,26.266067792021204,0.29566697776317596,0
2033,26.276781500026118,0.17687497893348336,0
2034,26.28950029204134,0.21062494488433003,0
2035,26.300603667041287,0.1908330013975501,0
2036,26.312154499988537,0.19862502813339233,0
2037,26.324455916997977,0.16395800048485398,0
2038,26.337084500002675,0.30516699189320207,0
2039,26.34808104200056,0.2663329942151904,0
2040,26.359897167014424,0.24558301083743572,0
2041,26.370351375022437,0.41849998524412513,0
2042,26.380922250042204,0.42754196329042315,0
2043,26.392238875036128,0.6506670033559203,0
2044,26.4054917920148,0.25287497555837035,0
2045,26.417351500014775,0.4029999836347997,0
2046,26.43031870899722,0.28008304070681334,0
2047,26.4432517500245,0.2844170085154474,0
2048,26.45475712500047,2.6217090198770165,0
2049,26.471722209011205,3.326833015307784,0
2050,26.488316959002987,0.2602910390123725,0
2051,26.5010766669875,0.36666705273091793,0
2052,26.514040417037904,0.46779197873547673,0
2053,26.527199292031582,2.0964579889550805,0
2054,26.540357624995522,0.33583404729142785,0
2055,26.55343000002904,0.5012499750591815,0
2056,26.566543749999255,0.4288339987397194,0
2057,26.580117875011638,0.6344590219669044,0
2058,26.592763292021118,0.6513749831356108,0
2059,26.60611400002381,0.25287497555837035,0
2060,26.618801125034224,2.2375420085154474,0
2061,26.63368625001749,0.35429198760539293,0
2062,26.64600629202323,1.6943750088103116,0
2063,26.660428250033874,0.7967089768499136,0
2064,26.67396933399141,0.3032080130651593,0
2065,26.685574000002816,0.6952920230105519,0
2066,26.699121042038314,0.27612497797235847,0
2067,26.71271254203748,0.6112079718150198,0
2068,26.725960084004328,1.6087500262074172,0
2069,26.740710749989375,1.6081250505521894,0
2070,26.760746709012892,4.37187502393499,0
2071,26.775411584007088,0.4646659945137799,0
2072,26.78888845903566,2.808791003189981,0
2073,26.80553879198851,0.8787080296315253,0
2074,26.818623750004917,1.0250420309603214,0
2075,26.83148070902098,0.8286249940283597,0
2076,26.844907708989922,0.4843330243602395,0
2077,26.856115917034913,0.5931669729761779,0
2078,26.86906508402899,0.6693750037811697,0
2079,26.880590334010776,0.48233300913125277,0
2080,26.893283499986865,4.2982500162906945,0
2081,26.908975792001,0.43833302333950996,0
2082,26.91999616700923,0.49062498146668077,0
2083,26.931704375019763,0.6995419971644878,0
2084,26.945093584014103,0.291000003926456,0
2085,26.957922625006177,0.1912500010803342,0
2086,26.969943500007503,0.37216703640297055,0
2087,26.980677374987863,0.3172920551151037,0
2088,26.993594583997037,0.40854100370779634,0
2089,27.006497959024273,0.2596660051494837,0
2090,27.019419167016167,0.7255829987116158,0
2091,27.032744084019214,0.2930000191554427,0
2092,27.045227084017824,0.24891598150134087,0
2093,27.056873916997574,0.339917023666203,0
2094,27.069778083998244,0.2732910215854645,0
2095,27.08259912498761,0.3452500095590949,0
2096,27.093715041992255,0.36391703179106116,0
2097,27.106662083999254,0.27616601437330246,0
2098,27.11960795900086,0.3997500170953572,0
2099,27.130785499990452,0.3018340212292969,0
2100,27.14322520903079,0.30633300775662065,0
2101,27.156089500000235,0.27770904125645757,0
2102,27.166804667038377,0.3334579523652792,0
2103,27.179727000009734,0.3292500041425228,0
2104,27.190333209000528,0.23812503786757588,0
2105,27.20108141703531,0.4033749573864043,0
2106,27.2140802500071,0.3796670353040099,0
2107,27.224813375039957,0.533458951395005,0
2108,27.23740225000074,0.4391249967738986,0
2109,27.2504403340281,0.3917909925803542,0
2110,27.263439834001474,0.3988330136053264,0
2111,27.27721475000726,13.967459031846374,0
2112,27.308066666999366,20.236207987181842,0
2113,27.348710166988894,6.526917044539005,0
2114,27.366580458998214,2.381208003498614,0
2115,27.3796767090098,0.45379099901765585,0
2116,27.391921834030654,0.7693329825997353,0
2117,27.405290084017906,0.29795797308906913,0
2118,27.41781362501206,0.477084016893059,0
2119,27.43089262500871,0.49458403373137116,0
2120,27.442269875027705,0.5991249927319586,0
2121,27.453059250023216,0.4337920108810067,0
2122,27.46492425003089,0.46604196541011333,0
2123,27.47801979200449,0.3541249898262322,0
2124,27.49096320901299,0.2560829743742943,0
2125,27.50377666699933,0.2556249964982271,0
2126,27.514676875027362,0.4835419822484255,0
2127,27.52775345899863,0.2746660029515624,0
2128,27.53982708399417,0.2948330366052687,0
2129,27.551693042041734,0.2978749689646065,0
2130,27.564581834012643,0.5612500244751573,0
2131,27.577780959021766,0.32116600777953863,0
2132,27.589290375006385,0.3744169953279197,0
2133,27.602255459001753,0.6187080289237201,0
2134,27.615499292034656,0.49229199066758156,0
2135,27.628769459028263,0.7892500143498182,0
2136,27.642158458998892,0.414125039242208,0
2137,27.655169084027875,0.3089999663643539,0
2138,27.6680463340017,0.4683330189436674,0
2139,27.681149084004574,1.9118330092169344,0
2140,27.694109667034354,0.31637499341741204,0
2141,27.7069973340258,0.36416598595678806,0
2142,27.717974000028335,0.6541669717989862,0
2143,27.72974520904245,0.7952909800224006,0
2144,27.741552709019743,0.4499159986153245,0
2145,27.754608542018104,0.3581669880077243,0
2146,27.767171250015963,1.3700840063393116,0
2147,27.77914416702697,0.60299999313429,0
2148,27.79269375000149,1.00004201522097,0
2149,27.804602749994956,0.49825001042336226,0
2150,27.816640292003285,0.3884999896399677,0
2151,27.82875054201577,0.6666670087724924,0
2152,27.839979042008054,1.0582079994492233,0
2153,27.853656583989505,0.406875042244792,0
2154,27.866677709040232,0.33908296609297395,0
2155,27.879564375034533,0.36516698310151696,0
2156,27.892538709042128,0.4509579739533365,0
2157,27.905606334039476,0.2983329468406737,0
2158,27.917404667008668,0.5379579961299896,0
2159,27.92949316703016,0.44341699685901403,0
2160,27.942541584023274,0.46929100062698126,0
2161,27.95561612502206,0.38954196497797966,0
2162,27.966636958997697,0.16487500397488475,0
2163,27.978515374998096,0.5107090109959245,0
2164,27.991635792015586,0.48520800191909075,0
2165,28.00471158401342,0.5344160017557442,0
2166,28.01783450000221,0.579125015065074,0
2167,28.030727500037756,0.5255419528111815,0
2168,28.04180595901562,0.4076249897480011,0
2169,28.054264625010546,0.6215000175870955,0
2170,28.06749733403558,0.5368329584598541,0
2171,28.080446459003724,0.4177910159341991,0
2172,28.091154834022745,0.2990409848280251,0
2173,28.104028667032253,0.79774996265769,0
2174,28.23893670900725,0.513250008225441,0
2175,28.250316500023473,1.0234169894829392,0
2176,28.26198062504409,0.5213749827817082,0
2177,28.272679709014483,0.7086659898050129,0
2178,28.28451575001236,0.5852499743923545,0
2179,28.296133292024024,0.500541995279491,0
2180,28.309201917028986,0.24220801424235106,0
2181,28.322000000043772,0.4415419534780085,0
2182,28.335019542020746,0.2679169992916286,0
2183,28.345486125035677,0.3108749515376985,0
2184,28.358279625012074,0.364833977073431,0
2185,28.36972991703078,0.452083011623472,0
2186,28.381847334036138,0.36354095209389925,0
2187,28.392463667027187,0.4112499882467091,0
2188,28.4030293750111,0.33941701985895634,0
2189,28.414429542026483,0.3703329712152481,0
2190,28.42740958399372,0.3909580409526825,0
2191,28.43995825003367,1.0385419591329992,0
2192,28.45356024999637,0.21541700698435307,0
2193,28.466318375023548,0.2311249845661223,0
2194,28.479085667000618,0.22362498566508293,0
2195,28.491878334025387,0.3000409924425185,0
2196,28.50472650001757,0.29908400028944016,0
2197,28.517056167009287,0.224041985347867,0
2198,28.529820709023625,0.2745409728959203,0
2199,28.54264649999095,0.25616702623665333,0
2200,28.555441792006604,0.23908301955088973,0
2201,28.565757292031776,0.2199579612351954,0
2202,28.576576167019084,0.3019580035470426,0
2203,28.589432917011436,0.3810829948633909,0
2204,28.602092917019036,0.4052500007674098,0
2205,28.615060209005605,0.3964999923482537,0
2206,28.625643917010166,0.4205420264042914,0
2207,28.63772166700801,0.4210420302115381,0
2208,28.650744959013537,0.3017500275745988,0
2209,28.66361179202795,0.3077079891227186,0
2210,28.676456750021316,0.2530000056140125,0
2211,28.68923487502616,0.21354196360334754,0
2212,28.701971209025942,0.22849999368190765,0
2213,28.714710334024858,0.20187499467283487,0
2214,28.726562750001904,0.23179198615252972,0
2215,28.739323000016157,0.25400001322850585,0
2216,28.75098320899997,0.17091602785512805,0
2217,28.76366441702703,0.22212497424334288,0
2218,28.77640541701112,0.21170801483094692,0
2219,28.78912766702706,0.23787497775629163,0
2220,28.800555458990857,0.2436659997329116,0
2221,28.813312959042378,0.2436249633319676,0
2222,28.82606970902998,0.25062495842576027,0
2223,28.838833792018704,0.23487501312047243,0
2224,28.85160575003829,0.32829196425154805,0
2225,28.86292979202699,1.5333750052377582,0
2226,28.877082834020257,0.4176250076852739,0
2227,28.888459167035762,0.5442919791676104,0
2228,28.9015797090251,0.5000829696655273,0
2229,28.91240412503248,0.5606669583357871,0
2230,28.92427154199686,0.6011250079609454,0
2231,28.935130959027447,0.6303329719230533,0
2232,28.94833824998932,0.6498750299215317,0
2233,28.96159187500598,0.6024590111337602,0
2234,28.97410462499829,0.4193340428173542,0
2235,28.985879542015027,0.3658750210888684,0
2236,28.998857208993286,0.42325002141296864,0
2237,29.011873750016093,0.4586669965647161,0
2238,29.023721709032543,0.7782909669913352,0
2239,29.03523291699821,0.35808299435302615,0
2240,29.046109792019706,0.3993749851360917,0
2241,29.05908025003737,0.4058339982293546,0
2242,29.070600875013042,0.4436669987626374,0
2243,29.082130292023066,0.4764579934999347,0
2244,29.09522141702473,0.5389999714680016,0
2245,29.106264667003416,0.4497499903663993,0
2246,29.119205542025156,0.536791980266571,0
2247,29.131960792001337,0.4787500365637243,0
2248,29.145040875009727,0.41725003393366933,0
2249,29.156618542037904,0.44249999336898327,0
2250,29.16743441700237,0.5228749942034483,0
2251,29.18058166699484,0.520833011250943,0
2252,29.19258199998876,0.21170900436118245,0
2253,29.20539875002578,0.55704201804474,0
2254,29.21620270900894,0.4101250087842345,0
2255,29.229190959013067,0.5090410122647882,0
2256,29.240879959019367,0.2614160184748471,0
2257,29.25371337501565,0.42845902498811483,0
2258,29.266192084003706,0.5689579993486404,0
2259,29.277855042018928,0.3233330207876861,0
2260,29.290771417028736,0.3845419851131737,0
2261,29.303000667016022,0.4005830269306898,0
2262,29.31548508402193,12.904624978546053,0
2263,29.34658054204192,4.2518749833106995,0
2264,29.381494000030216,0.7849169778637588,0
2265,29.39580245903926,0.8378749480471015,0
2266,29.409242041991092,0.3951670369133353,0
2267,29.42061075003585,0.3362089628353715,0
2268,29.433502250001766,0.2827920252457261,0
2269,29.446364417031873,0.4635829827748239,0
2270,29.459408792026807,0.3356669913046062,0
2271,29.47230791702168,0.36162498872727156,0
2272,29.483287917042617,0.2847499563358724,0
2273,29.496156584005803,0.3231249866075814,0
2274,29.50905341701582,0.3382079885341227,0
2275,29.520651584025472,0.42604096233844757,0
2276,29.53248395898845,0.450999999884516,0
2277,29.54314320901176,0.39145798655226827,0
2278,29.557909291994292,2.4047920014709234,0
2279,29.57190537499264,0.305499997921288,0
2280,29.585181750007905,0.7227500318549573,0
2281,29.598497792030685,0.8013329934328794,0
2282,29.609579125011805,0.5019999807700515,0
2283,29.622697125014383,0.405042024794966,0
2284,29.635691084025893,0.37995801540091634,0
2285,29.647146000002977,0.5047920276410878,0
2286,29.65852758398978,0.5516250384971499,0
2287,29.670604625018314,0.39491697680205107,0
2288,29.683580542041454,0.5677919834852219,0
2289,29.695947875035927,0.39008399471640587,0
2290,29.708919833996333,0.47466601245105267,0
2291,29.721963791991584,0.35316700814291835,0
2292,29.736174791993108,0.37350005004554987,0
2293,29.74912629200844,0.35970803583040833,0
2294,29.759825250017457,0.7517089834436774,0
2295,29.773363667016383,0.5498750251717865,0
2296,29.784304167027585,0.6976249860599637,0
2297,29.797599916986655,0.4640000406652689,0
2298,29.810680375027005,0.5399169749580324,0
2299,29.823816291987896,0.30100002186372876,0
2300,29.83575079200091,0.3826250322163105,0
2301,29.84877708402928,0.5362500087358057,0
2302,29.861132792022545,0.5411250167526305,0
2303,29.872885958990082,0.36216602893546224,0
2304,29.88349154201569,0.4420420154929161,0
2305,29.896534083993174,0.3718750085681677,0
2306,29.908256291993894,0.2952500362880528,0
2307,29.91900637501385,0.2899169921875,0
2308,29.930563542002346,0.3287080326117575,0
2309,29.943440333998296,0.30766602139919996,0
2310,29.95542487502098,0.41620898991823196,0
2311,29.968600834021345,0.4124579718336463,0
2312,29.979256541992072,0.4105830448679626,0
2313,29.992242000007536,0.4015000304207206,0
2314,30.005279417033307,1.036957954056561,0
2315,30.016701417043805,0.3821249702014029,0
2316,30.028305875021033,0.45529199996963143,0
2317,30.04134795902064,0.464041018858552,0
2318,30.054108209034894,0.5549159832298756,0
2319,30.06676262500696,0.3626249963417649,0
2320,30.077419667039067,0.3957499866373837,0
2321,30.09040325001115,0.42687501991167665,0
2322,30.103309500031173,0.8255839929915965,0
2323,30.115269709029235,0.3697499632835388,0
2324,30.126574709021952,0.4432079731486738,0
2325,30.139618874993175,0.4907500115223229,0
2326,30.152189459011424,0.4413750139065087,0
2327,30.165196124988142,0.31795899849385023,0
2328,30.178088709013537,0.45504100853577256,0
2329,30.189714542008005,0.45712501741945744,0
2330,30.2018983750022,0.35550002939999104,0
2331,30.212706708989572,0.3725000424310565,0
2332,30.225692125037313,0.4135419731028378,0
2333,30.238691750040743,0.501624948810786,0
2334,30.252081874990836,0.45345904072746634,0
2335,30.26510695903562,0.3196659963577986,0
2336,30.277996000018902,0.40016701677814126,0
2337,30.290991958987433,0.5022080149501562,0
2338,30.30408329202328,0.33474998781457543,0
2339,30.31500279199099,0.45570801012218,0
2340,30.328094416996464,0.5068330210633576,0
2341,30.339634000032675,0.5177090060897171,0
2342,30.351188709028065,0.44966599671170115,0
2343,30.36422233399935,0.48212503315880895,0
2344,30.37484233401483,0.39670802652835846,0
2345,30.38780470902566,0.3962499904446304,0
2346,30.400459917029366,0.49641699297353625,0
2347,30.41354920901358,0.5028329906053841,0
2348,30.426648874999955,0.4033750155940652,0
2349,30.439643750025425,0.3445000038482249,0
2350,30.450802667008247,0.8094169897958636,0
2351,30.464227459044196,0.48583297757431865,0
2352,30.475236291997135,0.5923749995417893,0
2353,30.487079667043872,0.7029169937595725,0
2354,30.498479625035543,0.5099169793538749,0
2355,30.51156729203649,0.49420795403420925,0
2356,30.524575166986324,0.43470802484080195,0
2357,30.53542016702704,0.42358296923339367,0
2358,30.548441333987284,0.48479100223630667,0
2359,30.561528666992672,0.38879201747477055,0
2360,30.57231233402854,0.3280829987488687,0
2361,30.584694167017005,0.4427499952726066,0
2362,30.597373542026617,0.576582970097661,0
2363,30.60818616702454,2.070707967504859,0
2364,30.621461625036318,0.5564169841818511,0
2365,30.6333128749975,2.1157090086489916,0
2366,30.646218999987468,0.6708750152029097,0
2367,30.659631750022527,0.4633339704014361,0
2368,30.672412709041964,0.29104098211973906,0
2369,30.68525820900686,0.4443750367499888,0
2370,30.698276999988593,0.4590840544551611,0
2371,30.710187792021316,0.303666980471462,0
2372,30.722022417001426,0.18883298616856337,0
2373,30.73331987502752,0.25816698325797915,0
2374,30.746129292005207,0.37650001468136907,0
2375,30.759071167034563,0.2288329997099936,0
2376,30.76940749998903,0.32937503419816494,0
2377,30.782327292021364,0.29795797308906913,0
2378,30.793111584032886,0.26495795464143157,0
2379,30.805960541998502,0.27466699248179793,0
2380,30.818811917037237,0.2767919795587659,0
2381,30.831628459040076,0.23141596466302872,0
2382,30.84439637500327,0.2963750157505274,0
2383,30.857216625008732,0.1644589938223362,0
2384,30.869904458988458,0.1979580265469849,0
2385,30.882626459002495,0.1962080132216215,0
2386,30.89536304201465,0.2524169976823032,0
2387,30.906648250005674,0.5297919851727784,0
2388,30.919825833989307,0.29558304231613874,0
2389,30.93266545899678,0.40745799196884036,0
2390,30.945229250006378,0.3992919810116291,0
2391,30.95637800003169,0.37774996599182487,0
2392,30.967693667043932,0.47199998516589403,0
2393,30.97959175001597,0.3527089720591903,0
2394,30.992400709015783,0.3174159792251885,0
2395,31.00528220902197,0.3240829682908952,0
2396,31.018155833997298,0.3096660366281867,0
2397,31.031061459041666,0.3179579507559538,0
2398,31.043947542028036,3.3908329787664115,0
2399,31.058853375026956,0.6224589888006449,0
2400,31.06985725002596,0.3289589658379555,0
2401,31.080327125033364,0.3986670053564012,0
2402,31.090934709005523,0.34487503580749035,0
2403,31.102817709033843,0.40083297062665224,0
2404,31.113698708999436,0.2687909873202443,0
2405,31.126456291996874,0.29429199639707804,0
2406,31.139331875019707,0.30391698237508535,0
2407,31.152165584033355,0.2235409920103848,0
2408,31.16491849999875,0.22845901548862457,0
2409,31.17542558402056,0.22325001191347837,0
2410,31.187254334043246,0.24349999148398638,0
2411,31.200043875025585,0.3031669766642153,0
2412,31.21129133400973,0.361250014975667,0
2413,31.22423454199452,0.5008750013075769,0
2414,31.237333542027045,0.3803329891525209,0
2415,31.250285209040157,0.27666595997288823,0
2416,31.263121417025104,0.4095829790458083,0
2417,31.274540667014662,0.4065830144099891,0
2418,31.285156333993655,0.3451250377111137,0
2419,31.2980677090236,0.3014159738086164,0
2420,31.31094654201297,0.360500009264797,0
2421,31.323251124995295,0.41258399141952395,0
2422,31.335103792021982,0.3950420068576932,0
2423,31.348062584002037,0.26649999199435115,0
2424,31.359789542038925,0.23224996402859688,0
2425,31.371923208993394,0.22729102056473494,0
2426,31.384685542027,0.2529170014895499,0
2427,31.397297959018033,0.32774999272078276,0
2428,31.409542084031273,0.2477499656379223,0
2429,31.42234804201871,0.7361670141108334,0
2430,31.434985083993524,0.3956250147894025,0
2431,31.44635433400981,0.3483329783193767,0
2432,31.458888249995653,0.5664170021191239,0
2433,31.472034084028564,0.4130409797653556,0
2434,31.48409729200648,0.41633303044363856,0
2435,31.49567425000714,0.47254201490432024,0
2436,31.508736499992665,0.3535420401021838,0
2437,31.521656375029124,0.2993749803863466,0
2438,31.53450829203939,0.2655829885043204,0
2439,31.544949500006624,0.26870903093367815,0
2440,31.558121084002778,0.5055409856140614,0
2441,31.57051033404423,0.4058749764226377,0
2442,31.583491917001083,0.3886669874191284,0
2443,31.59644766699057,0.3355000517331064,0
2444,31.613973125000484,10.832500003743917,0
2445,31.635617833992,0.4625410074368119,0
2446,31.655421500036027,0.2936669625341892,0
2447,31.668156417028513,0.3375419764779508,0
2448,31.680416459043045,0.36512495717033744,0
2449,31.693387000006624,1.3529169955290854,0
2450,31.70767087501008,0.25445898063480854,0
2451,31.720274874998722,0.4150840104557574,0
2452,31.732171042007394,0.6018329877406359,0
2453,31.74304925004253,0.6721249665133655,0
2454,31.756397833989467,0.367750006262213,0
2455,31.767878042010125,0.3155830199830234,0
2456,31.78077900002245,0.5680419853888452,0
2457,31.793957334011793,0.4227079916745424,0
2458,31.8049353340175,0.34245802089571953,0
2459,31.817647834017407,0.5643329932354391,0
2460,31.829139542009216,0.375000003259629,0
2461,31.842107209027745,0.3191659925505519,0
2462,31.852708209014963,0.41045801481232047,0
2463,31.865720959031023,0.445165962446481,0
2464,31.88025079201907,1.2344999704509974,0
2465,31.891830834036227,0.49770798068493605,0
2466,31.903453584003728,0.742041040211916,0
2467,31.916817209043074,0.4487499827519059,0
2468,31.929989584023133,0.41158299427479506,0
2469,31.94069916702574,0.48170797526836395,0
2470,31.95261079201009,0.38583303103223443,0
2471,31.965588874998502,0.5156249972060323,0
2472,31.978899292007554,0.7539999787695706,0
2473,31.991826167039108,0.46112498966977,0
2474,32.00490666698897,0.6456249975599349,0
2475,32.017606667010114,0.37916703149676323,0
2476,32.03056441701483,0.47329202061519027,0
2477,32.0436502090306,0.5488329916261137,0
2478,32.055085583997425,0.33495802199468017,0
2479,32.06760624999879,0.3298750380054116,0
2480,32.078773459012154,0.4999160300940275,0
2481,32.0904990840354,0.5779999773949385,0
2482,32.10368008399382,0.4540410009212792,0
2483,32.116182458994444,0.4244160372763872,0
2484,32.12744712503627,0.8617499843239784,0
2485,32.14088700001594,0.33658399479463696,0
2486,32.15387170901522,1.6920830239541829,0
2487,32.16865679202601,0.4622919950634241,0
2488,32.179556959017646,0.2803750103339553,0
2489,32.192403834022116,0.45137497363612056,0
2490,32.205446500040125,0.3548749955371022,0
2491,32.21848345902981,0.41454099118709564,0
2492,32.23148629203206,0.3584579681046307,0
2493,32.24268537503667,0.47033396549522877,0
2494,32.25330375001067,0.34129200503230095,0
2495,32.26520887500374,0.2875840291380882,0
2496,32.278068666986655,0.6215830217115581,0
2497,32.291272125032265,0.44112501200288534,0
2498,32.30426629201975,0.39125001057982445,0
2499,32.31720275001135,0.42562501039355993,0
2500,32.33017429203028,0.25637500220909715,0
2501,32.34295241703512,0.23479200899600983,0
2502,32.355738374986686,0.18329202430322766,0
2503,32.368440375023056,0.15262496890500188,0
2504,32.38110987498658,0.21304201800376177,0
2505,32.39365437498782,0.17800001660361886,0
2506,32.40639987500617,0.41387503733858466,0
2507,32.41755787504371,0.33308396814391017,0
2508,32.43046191701433,0.4038750194013119,0
2509,32.44347070902586,0.4547910066321492,0
2510,32.45572254201397,0.579875020775944,0
2511,32.46760166704189,0.3572499845176935,0
2512,32.48053674999392,0.33950002398341894,0
2513,32.49341166700469,0.28612499590963125,0
2514,32.50409220904112,0.3037079586647451,0
2515,32.516938625019975,0.398874981328845,0
2516,32.527486584032886,0.27237500762566924,0
2517,32.54026470903773,0.43116597225889564,0
2518,32.55322741699638,0.26641704607754946,0
2519,32.566018917015754,0.2894169883802533,0
2520,32.57883508398663,0.2975830575451255,0
2521,32.590525792038534,0.2610829542391002,0
2522,32.60332245903555,0.2531659556552768,0
2523,32.616103084001224,0.28974999440833926,0
2524,32.627058500016574,0.45966700417920947,0
2525,32.640116917027626,0.37116697058081627,0
2526,32.65091133402893,1.0740410070866346,0
2527,32.6646880840417,0.37824996979907155,0
2528,32.6777046250063,0.5426250281743705,0
2529,32.68916574999457,0.2672090195119381,0
2530,32.701029249990825,0.16900000628083944,0
2531,32.71296895900741,0.3132080310024321,0
2532,32.726063167036045,0.35091699101030827,0
2533,32.73896024998976,0.2731670392677188,0
2534,32.75175787502667,0.21966698113828897,0
2535,32.76449404202867,0.20516698714345694,0
2536,32.77721112500876,0.22954202722758055,0
2537,32.78995408402989,0.22712501231580973,0
2538,32.80269512499217,0.21850003395229578,0
2539,32.81542354199337,0.210291997063905,0
2540,32.82724566699471,0.26475003687664866,0
2541,32.84007133403793,0.4315829719416797,0
2542,32.853074125014246,0.3279999946244061,0
2543,32.865967124991585,0.35545905120670795,0
2544,32.87888033402851,0.27366599533706903,0
2545,32.891693916986696,0.24075002875179052,0
2546,32.904214500042144,0.23199996212497354,0
2547,32.916980334033724,0.28737500542774796,0
2548,32.9298207500251,0.348208996001631,0
2549,32.94210770900827,0.2839579829014838,0
2550,32.95394854201004,0.4438750329427421,0
2551,32.96582979202503,0.3625419922173023,0
2552,32.977437624998856,0.2666669897735119,0
2553,32.990263834013604,0.39141601882874966,0
2554,33.00305808399571,0.41199999395757914,0
2555,33.016045333992224,0.5019580130465329,0
2556,33.02854966704035,0.336957979016006,0
2557,33.041445500042755,0.2702089841477573,0
2558,33.052189250011,0.4527500132098794,0
2559,33.06531937501859,0.4682500148192048,0
2560,33.077828959038015,0.3751249751076102,0
2561,33.09114491700893,0.35554199712350965,0
2562,33.1035153340199,0.4920000210404396,0
2563,33.115269500005525,0.4201669944450259,0
2564,33.12825420900481,0.36416598595678806,0
2565,33.14116533403285,0.2943329745903611,0
2566,33.15391787502449,0.29329198878258467,0
2567,33.1667457500007,0.26775000151246786,0
2568,33.17955279198941,0.33670803532004356,0
2569,33.192477000004146,0.38416701136156917,0
2570,33.20329308399232,0.30095799593254924,0
2571,33.21613816701574,0.3035829868167639,0
2572,33.22733691701433,0.252292025834322,0
2573,33.24011891701957,0.2608330105431378,0
2574,33.25167087500449,0.3136250306852162,0
2575,33.26452641701326,0.35445799585431814,0
2576,33.27588591701351,0.7929580169729888,0
2577,33.287100167013705,0.3940419992431998,0
2578,33.298957791994326,0.3431670484133065,0
2579,33.311862125003245,0.3516250289976597,0
2580,33.324803917028476,2.348167006857693,0
2581,33.339766833989415,0.40187500417232513,0
2582,33.35266237502219,0.39295898750424385,0
2583,33.36329750000732,0.5428339936770499,0
2584,33.375454500026535,0.33904198789969087,0
2585,33.38834574999055,0.27466705068945885,0
2586,33.40115254203556,0.21095795091241598,0
2587,33.41388179198839,0.2079170080833137,0
2588,33.426608167006634,0.18454203382134438,0
2589,33.43932145903818,0.267457973677665,0
2590,33.45091866701841,0.20520802354440093,0
2591,33.46363925002515,0.21312496392056346,0
2592,33.4763791669975,0.5607920465990901,0
2593,33.489490875042975,0.2560839639045298,0
2594,33.50229633401614,0.3488750080578029,0
2595,33.51522762503009,0.4515000036917627,0
2596,33.52653579204343,0.3700419911183417,0
2597,33.53727550001349,0.38049998693168163,0
2598,33.548039874993265,0.43754203943535686,0
2599,33.56105550000211,0.38695900002494454,0
2600,33.57215937500587,0.41483400855213404,0
2601,33.58427970902994,0.4597500083036721,0
2602,33.59707120899111,0.26466604322195053,0
2603,33.60899020900251,0.3144580405205488,0
2604,33.620605542033445,0.4599579842761159,0
2605,33.63332279201131,0.3465830232016742,0
2606,33.64442254201276,1.0317920241504908,0
2607,33.65686725004343,0.9886249899864197,0
2608,33.67045166704338,0.40495797293260694,0
2609,33.68160462501692,0.33116701524704695,0
2610,33.693371375033166,0.40183396777138114,0
2611,33.70506395900156,0.516583037097007,0
2612,33.71747895900626,2.151083026546985,0
2613,33.73223374999361,0.4169170279055834,0
2614,33.74292616703315,0.48108299961313605,0
2615,33.75579137500608,0.4652090137824416,0
2616,33.768877167021856,0.3928329679183662,0
2617,33.78094145900104,0.4862910136580467,0
2618,33.79211862501688,0.417709001339972,0
2619,33.80516487499699,0.48679200699552894,0
2620,33.81824629200855,0.40737498784437776,0
2621,33.83117983402917,0.47158298548310995,0
2622,33.84402645903174,0.46012498205527663,0
2623,33.857061374990735,0.32591703347861767,0
2624,33.86855650000507,0.3831670037470758,0
2625,33.87928325001849,0.4587500006891787,0
2626,33.89238050003769,0.5069169565103948,0
2627,33.90319191699382,0.4082500236108899,0
2628,33.91616825002711,0.39249996189028025,0
2629,33.92918691702653,0.568249961361289,0
2630,33.94233550003264,0.30679197516292334,0
2631,33.95431350002764,0.45424996642395854,0
2632,33.966047500027344,0.38095901254564524,0
2633,33.9790343749919,0.30733400490134954,0
2634,33.989712000009604,0.247584015596658,0
2635,34.002544334041886,0.39020797703415155,0
2636,34.01383250002982,0.5192499957047403,0
2637,34.02606241701869,0.5822919774800539,0
2638,34.037487209017854,0.5232910043559968,0
2639,34.050639958994,0.6149160326458514,0
2640,34.063912000041455,0.5568749620579183,0
2641,34.07503562502097,0.42287498945370317,0
2642,34.085862584004644,0.4308749921619892,0
2643,34.09840262500802,0.424250029027462,0
2644,34.10916262504179,0.24591694818809628,0
2645,34.11951129202498,0.3370830090716481,0
2646,34.132390709011815,0.26945798890665174,0
2647,34.143911459017545,0.34616602351889014,0
2648,34.154385292029474,0.25454198475927114,0
2649,34.166456750012,0.49983401549980044,0
2650,34.1775674590026,0.3945000353269279,0
2651,34.188570333993994,0.4611250478774309,0
2652,34.19964941701619,0.37104199873283505,0
2653,34.21017274999758,0.43929199455305934,0
2654,34.22234491701238,0.41858298936858773,0
2655,34.23549508402357,0.7771250093355775,0
2656,34.24781958403764,0.4856659797951579,0
2657,34.26081649999833,0.4937920020893216,0
2658,34.272355500026606,0.3897089627571404,0
2659,34.283792292000726,0.4552500322461128,0
2660,34.295073292043526,0.4130419692955911,0
2661,34.308205917011946,0.4146670107729733,0
2662,34.31917841703398,0.4575419588945806,0
2663,34.331758209038526,0.4492499865591526,0
2664,34.34479579201434,0.4360420280136168,0
2665,34.35781474999385,0.3719170344993472,0
2666,34.36907275003614,0.345249951351434,0
2667,34.38274062500568,1.101875037420541,0
2668,34.39581954199821,0.39116700645536184,0
2669,34.407042084028944,0.5047079757787287,0
2670,34.4183036670438,0.35045796539634466,0
2671,34.428848334006034,0.4719159915111959,0
2672,34.43995595903834,0.28808298520743847,0
2673,34.45093541702954,0.2763749798759818,0
2674,34.46376929199323,0.2550000208429992,0
2675,34.47416149999481,0.3242500242777169,0
2676,34.485139500000514,0.28954201843589544,0
2677,34.49799766700016,0.29016699409112334,0
2678,34.509128875040915,0.1954169711098075,0
2679,34.521879375039134,0.2773749874904752,0
2680,34.532785875024274,0.31229201704263687,0
2681,34.544652834010776,0.272165983915329,0
2682,34.556199667043984,0.17820799257606268,0
2683,34.568686542043,0.16620795940980315,0
2684,34.579613667039666,0.20812498405575752,0
2685,34.590293999994174,0.3712920006364584,0
2686,34.60142987500876,0.28500001644715667,0
2687,34.61183100001654,0.3939999733120203,0
2688,34.62476933404105,0.3602079814299941,0
2689,34.63737620902248,0.258082989603281,0
2690,34.65017487498699,0.28850004309788346,0
2691,34.66301929199835,0.22062502102926373,0
2692,34.675251417036634,0.24279195349663496,0
2693,34.687126792036,0.17045799177139997,0
2694,34.69985141704092,0.19812496611848474,0
2695,34.710872458992526,0.6230830331332982,0
2696,34.72347045899369,0.4628330352716148,0
2697,34.734171250020154,0.5219589802436531,0
2698,34.74730216700118,0.38229202618822455,0
2699,34.7602640420082,0.36979198921471834,0
2700,34.77322312502656,1.422917004674673,0
2701,34.78650516702328,2.0596669637598097,0
2702,34.79911612503929,0.5141669535078108,0
2703,34.81164433399681,0.4069580463692546,0
2704,34.82349833403714,0.34258299274370074,0
2705,34.835101834032685,0.4070829600095749,0
2706,34.846102334035095,0.5109999910928309,0
2707,34.85703262500465,0.43870898662135005,0
2708,34.870032709033694,0.2717080060392618,0
2709,34.882832500035875,0.21595897851511836,0
2710,34.8955967919901,0.32350001856684685,0
2711,34.908423667016905,0.37162500666454434,0
2712,34.92094779200852,0.3255420015193522,0
2713,34.93384737503948,0.264959002379328,0
2714,34.94581558404025,0.48824999248608947,0
2715,34.957670584029984,0.4492079606279731,0
2716,34.96863854199182,0.3124580252915621,0
2717,34.98151791701093,0.5083330324850976,0
2718,34.99462187499739,0.48733403673395514,0
2719,35.005839916993864,0.5220420425757766,0
2720,35.01820245903218,0.30883296858519316,0
2721,35.031071667035576,0.25720795383676887,0
2722,35.04192874999717,0.5684590432792902,0
2723,35.05370991700329,0.445541983935982,0
2724,35.06675320898648,0.5457500228658319,0
2725,35.07968920900021,0.4915830213576555,0
2726,35.09150395903271,0.5084999720565975,0
2727,35.1044524590252,0.260207976680249,0
2728,35.11727054201765,0.37575000897049904,0
2729,35.1302194170421,0.463999982457608,0
2730,35.14264579198789,0.25345804169774055,0
2731,35.15546162502142,0.335542019456625,0
2732,35.16720029199496,0.3249170258641243,0
2733,35.179055292042904,0.2460419782437384,0
2734,35.19184608402429,0.3208749694749713,0
2735,35.2031430840143,0.22558297496289015,0
2736,35.21476983401226,0.3493750118650496,0
2737,35.22687312500784,0.31033402774482965,0
2738,35.23823800001992,0.30970899388194084,0
2739,35.250568708986975,0.2757500042207539,0
2740,35.263389875006396,0.18800003454089165,0
2741,35.27499408402946,0.1830830005928874,0
2742,35.287695292034186,0.16495800809934735,0
2743,35.300361250003334,0.21299999207258224,0
2744,35.31188929203199,0.19166700076311827,0
2745,35.32461929199053,0.28912501875311136,0
2746,35.33534975000657,0.24587498046457767,0
2747,35.34814862499479,0.30741700902581215,0
2748,35.35911804198986,0.28666702564805746,0
2749,35.37092629203107,0.30399998649954796,0
2750,35.38275937503204,0.34729199251160026,0
2751,35.394750709005166,0.35279098665341735,0
2752,35.40660950000165,0.27045898605138063,0
2753,35.418457209016196,0.27487502666190267,0
2754,35.431283625017386,0.22004201309755445,0
2755,35.44404733402189,0.21266599651426077,0
2756,35.45620175002841,0.3360839909873903,0
2757,35.46803537500091,0.3297500079497695,0
2758,35.48093533399515,0.30866602901369333,0
2759,35.49380920903059,0.2644580090418458,0
2760,35.50653879198944,0.2845420385710895,0
2761,35.517153666995,0.27020799461752176,0
2762,35.529981292027514,0.24816696532070637,0
2763,35.542779250012245,0.190042017493397,0
2764,35.55387941701338,0.3065419732593,0
2765,35.565784625010565,0.42799999937415123,0
2766,35.57881716702832,0.3215000033378601,0
2767,35.59007458400447,0.2949159825220704,0
2768,35.60087120899698,0.2120830467902124,0
2769,35.613625709025655,0.2506250166334212,0
2770,35.626426250033546,0.3090419922955334,0
2771,35.63833337504184,0.3078749869018793,0
2772,35.65045233402634,0.2699579927138984,0
2773,35.663295459002256,0.3244580002501607,0
2774,35.676167500030715,0.21904200548306108,0
2775,35.68701491702814,0.2049169852398336,0
2776,35.69869216700317,0.3719580126926303,0
2777,35.71167587500531,0.322542036883533,0
2778,35.722480083990376,0.533208018168807,0
2779,35.73378416703781,0.2793329767882824,0
2780,35.74669287499273,0.34191703889518976,0
2781,35.75748691702029,0.539666973054409,0
2782,35.77060450002318,0.3499169833958149,0
2783,35.78356662503211,0.44595898361876607,0
2784,35.79522441700101,0.26829203125089407,0
2785,35.807073750009295,0.3302919794805348,0
2786,35.818968584004324,0.49766601296141744,0
2787,35.83203687501373,0.24324998958036304,0
2788,35.844038749986794,0.25337503757327795,0
2789,35.85442533402238,0.5289160180836916,0
2790,35.86711141699925,0.24112500250339508,0
2791,35.8799471250386,0.42462500277906656,0
2792,35.892970959015656,0.30116597190499306,0
2793,35.90376954199746,0.35383302019909024,0
2794,35.9150332499994,0.3515420248731971,0
2795,35.92558454204118,0.5086250021122396,0
2796,35.93865733401617,0.25112502044066787,0
2797,35.9513065420324,0.4952079616487026,0
2798,35.96224462502869,0.44158397940918803,0
2799,35.97332575003384,0.37104199873283505,0
2800,35.983819624991156,0.293209042865783,0
2801,35.994326499989256,0.3112090053036809,0
2802,36.00721524999244,0.2916250377893448,0
2803,36.02005808398826,0.25108305271714926,0
2804,36.03106683399528,0.3227080451324582,0
2805,36.042149875022005,0.35212497459724545,0
2806,36.0529026670265,0.4894169978797436,0
2807,36.06466829200508,1.0634170030243695,0
2808,36.076491874991916,0.7157920044846833,0
2809,36.08985691703856,0.2937079989351332,0
2810,36.102031374990474,0.2190840314142406,0
2811,36.11447491700528,0.2638750011101365,0
2812,36.127267834031954,0.19658298697322607,0
2813,36.138494791986886,0.2536250394769013,0
2814,36.15010600001551,0.29441702645272017,0
2815,36.16299516701838,0.26691699167713523,0
2816,36.17384470900288,0.20491599570959806,0
2817,36.18658141698688,0.24533300893381238,0
2818,36.19935437501408,0.15933398390188813,0
2819,36.21178770903498,0.24374999338760972,0
2820,36.22359616699396,1.0360830347053707,0
2821,36.23510754201561,0.32133300555869937,0
2822,36.24726933403872,0.3904159530065954,0
2823,36.259063917037565,0.7382079493254423,0
2824,36.272379417030606,0.30987500213086605,0
2825,36.28522424999392,0.2114590024575591,0
2826,36.29796933400212,0.16420800238847733,0
2827,36.310669417027384,0.2484580036252737,0
2828,36.32347516703885,0.3578749601729214,0
2829,36.334281750023365,0.3956669825129211,0
2830,36.34723166702315,0.27070799842476845,0
2831,36.35826370900031,0.49875001423060894,0
2832,36.37259158398956,0.30766602139919996,0
2833,36.38525412499439,0.3255000337958336,0
2834,36.39694104203954,0.5398329813033342,0
2835,36.41030991700245,0.22962503135204315,0
2836,36.42308841703925,0.27249997947365046,0
2837,36.43591716699302,0.27425005100667477,0
2838,36.44875795900589,0.27008302276954055,0
2839,36.46160579199204,0.3886250196956098,0
2840,36.472904541995376,0.2844170085154474,0
2841,36.48427779204212,0.3702079993672669,0
2842,36.4972163750208,0.34554197918623686,0
2843,36.51009845902445,0.2763749798759818,0
2844,36.5229349170113,0.250832992605865,0
2845,36.53541141701862,0.360167003236711,0
2846,36.548135542019736,0.29137497767806053,0
2847,36.561001959024,0.413707981351763,0
2848,36.57400766701903,0.2691670088097453,0
2849,36.5870895840344,1.5779999666847289,0
2850,36.599398875026964,1.7577919643372297,0
2851,36.61428770900238,1.109000004362315,0
2852,36.62795650004409,0.23608398623764515,0
2853,36.64126991701778,0.269667012616992,0
2854,36.65411141701043,0.39133301470428705,0
2855,36.6670729170437,0.24520797887817025,0
2856,36.67988708399935,0.43512502452358603,0
2857,36.69292666699039,0.3415830433368683,0
2858,36.70355999999447,0.4117090138606727,0
2859,36.71656041702954,0.3067079815082252,0
2860,36.729447291989345,0.3287500003352761,0
2861,36.74234758398961,0.30025001615285873,0
2862,36.75520416704239,0.3108329838141799,0
2863,36.76742754201405,0.6377919926308095,0
2864,36.78061083401553,0.19695801893249154,0
2865,36.79311025002971,0.342042010743171,0
2866,36.80599741701735,0.29966700822114944,0
2867,36.81887104199268,0.207458040677011,0
2868,36.82938350003678,0.19299995619803667,0
2869,36.84212520899018,0.27316604973748326,0
2870,36.85495908401208,0.2586659975349903,0
2871,36.867634124995675,0.3071250393986702,0
2872,36.88050562504213,0.25041698245331645,0
2873,36.89211608399637,0.23816601606085896,0
2874,36.90300804201979,0.2835419727489352,0
2875,36.91586670902325,0.3559159813448787,0
2876,36.928083584003616,0.35020802170038223,0
2877,36.94160658400506,0.6136660231277347,0
2878,36.953645166999195,0.35983300767838955,0
2879,36.96658670902252,0.479582988191396,0
2880,36.97919333400205,0.48575003165751696,0
2881,36.990357917035,0.48679200699552894,0
2882,37.00148437503958,0.47020899364724755,0
2883,37.0139105420094,0.4182499833405018,0
2884,37.02573804202257,0.5236669676378369,0
2885,37.0369166249875,0.6260420195758343,0
2886,37.049358875025064,0.48320897622033954,0
2887,37.06244237499777,0.5150000215508044,0
2888,37.07307550002588,0.4349590162746608,0
2889,37.08468820899725,0.4262080183252692,0
2890,37.096096292021684,0.4989170120097697,0
2891,37.10920970904408,0.420207972638309,0
2892,37.12221950001549,0.40554202860221267,0
2893,37.13536579202628,0.514332961756736,0
2894,37.146323917026166,10.09237498510629,0
2895,37.1701958340127,7.576750009320676,0
2896,37.190459083998576,0.5199160077609122,0
2897,37.20357679203153,0.2887920127250254,0
2898,37.21647024998674,0.3067500074394047,0
2899,37.22786087502027,0.3259590012021363,0
2900,37.24075816699769,0.4402500344440341,0
2901,37.2512856250396,0.33183395862579346,0
2902,37.26371333398856,0.3207910340279341,0
2903,37.27553537499625,0.38462504744529724,0
2904,37.287326292018406,0.27541699819266796,0
2905,37.29769929201575,0.4414169816300273,0
2906,37.3105819170014,0.3066670033149421,0
2907,37.322395458992105,0.29550003819167614,0
2908,37.33313000004273,0.3552499692887068,0
2909,37.3461665000068,0.27779198717325926,0
2910,37.35901295900112,0.2709580003283918,0
2911,37.37024687504163,0.6390420021489263,0
2912,37.383314834034536,0.44487498234957457,0
2913,37.39632558403537,0.29695796547457576,0
2914,37.41135750000831,11.013249983079731,0
2915,37.43428899999708,0.8679170277900994,0
2916,37.44773533398984,0.4218330141156912,0
2917,37.4598404589924,0.3529160167090595,0
2918,37.47037345904391,0.5917499656789005,0
2919,37.48360129201319,0.2590829972177744,0
2920,37.49641133402474,0.23875001352280378,0
2921,37.50918774999445,0.2632919931784272,0
2922,37.52200279204408,0.33841695403680205,0
2923,37.53405399998883,0.7296250551007688,0
2924,37.54736479202984,0.2305000089108944,0
2925,37.5598406670033,0.3416250110603869,0
2926,37.572760625043884,0.2963339793495834,0
2927,37.58560962503543,0.22316700778901577,0
2928,37.59837595903082,0.22374995751306415,0
2929,37.60919654200552,0.25533302687108517,0
2930,37.62200387503253,0.21649996051564813,0
2931,37.634775042010006,0.24183298228308558,0
2932,37.64759133401094,0.37829100620001554,0
2933,37.659784459043294,0.2722079516388476,0
2934,37.672634459042456,0.2620829618535936,0
2935,37.68543054204201,0.18966698553413153,0
2936,37.69815350003773,0.24887500330805779,0
2937,37.71090741700027,0.25933299912139773,0
2938,37.72371300001396,0.25579199427738786,0
2939,37.73652545904042,0.31191599555313587,0
2940,37.74719650001498,0.3308749874122441,0
2941,37.758703334024176,0.29324996285140514,0
2942,37.77155995898647,0.3456250415183604,0
2943,37.78432054200675,0.32175000524148345,0
2944,37.79626083403127,0.30687497928738594,0
2945,37.80914012499852,0.3053339896723628,0
2946,37.821839084033854,0.30104100005701184,0
2947,37.83368475001771,0.27641700580716133,0
2948,37.846515625016764,0.3429999924264848,0
2949,37.85942695901031,0.42787502752617,0
2950,37.872445666987915,0.5126250325702131,0
2951,37.88488312502159,0.28479198226705194,0
2952,37.89773150003748,0.33954199170693755,0
2953,37.91061295900727,0.19975000759586692,0
2954,37.923338834021706,0.25708298198878765,0
2955,37.934268542041536,0.41033298475667834,0
2956,37.94722662499407,0.2406249986961484,0
2957,37.95975954202004,0.27858297107741237,0
2958,37.97160758404061,0.25066599482670426,0
2959,37.98437650001142,0.15708402497693896,0
2960,37.997047000040766,0.21612498676404357,0
2961,38.00984287500614,0.1841670018620789,0
2962,38.02255341701675,0.24500000290572643,0
2963,38.035351958998945,0.2912080381065607,0
2964,38.05141979199834,0.42162503814324737,0
2965,38.06440408399794,0.2710000262595713,0
2966,38.077549750043545,0.3809169866144657,0
2967,38.090483625011984,0.3476249985396862,0
2968,38.10187679203227,0.46079198364168406,0
2969,38.114913500030525,0.2659590099938214,0
2970,38.127721666998696,0.2032500342465937,0
2971,38.14045495900791,0.23383297957479954,0
2972,38.153229625022504,0.2520419657230377,0
2973,38.16601987503236,0.18841697601601481,0
2974,38.17642675002571,0.31979201594367623,0
2975,38.18929183401633,0.26070798048749566,0
2976,38.20209745899774,0.25108299450948834,0
2977,38.21493683400331,0.21945801563560963,0
2978,38.22769779199734,0.2966250176541507,0
2979,38.24060220899992,0.22383301984518766,0
2980,38.25093629199546,0.22266700398176908,0
2981,38.26370204199338,0.2702920464798808,0
2982,38.27578424999956,0.2589999930933118,0
2983,38.28859904198907,0.31820801086723804,0
2984,38.29906187503366,0.325749977491796,0
2985,38.31196850002743,0.27829199098050594,0
2986,38.32242145901546,0.5446660215966403,0
2987,38.335540333995596,0.25404099142178893,0
2988,38.34606841701316,0.3399580018594861,0
2989,38.35899641702417,0.4048330010846257,0
2990,38.37176858400926,0.2289160038344562,0
2991,38.384570459020324,1.0580829693935812,0
2992,38.39651504199719,0.6172500434331596,0
2993,38.409831167024095,0.46270800521597266,0
2994,38.42256520903902,0.41325000347569585,0
2995,38.43558408401441,0.40600000647827983,0
2996,38.448569750005845,0.39841700345277786,0
2997,38.46032604202628,0.28912496054545045,0
2998,38.47146100003738,0.2583339810371399,0
2999,38.48204308398999,0.2590000513009727,0
3000,38.49423720902996,0.34808297641575336,0
3001,38.507163333997596,0.45366602716967463,0
3002,38.51965400000336,0.5001670215278864,0
3003,38.53187537501799,0.48154202522709966,0
3004,38.544922917033546,0.34745800076052547,0
3005,38.55783845903352,0.5323329824022949,0
3006,38.57099974999437,0.49450004007667303,0
3007,38.58407895901473,0.14791602734476328,0
3008,38.596841917023994,0.437250011600554,0
3009,38.6098748340155,0.3048750222660601,0
3010,38.622765792009886,0.5628750077448785,0
3011,38.634268458990846,0.4058330086991191,0
3012,38.64722808403894,0.335165997967124,0
3013,38.6579527920112,0.4830000107176602,0
3014,38.66915566701209,0.838249980006367,0
3015,38.68071275000693,0.35491702146828175,0
3016,38.69264820899116,0.5925410077907145,0
3017,38.70355566701619,0.29779202304780483,0
3018,38.71592275000876,0.24129200028255582,0
3019,38.72700787498616,0.34245901042595506,0
3020,38.73905333399307,0.2982080332003534,0
3021,38.75170462502865,0.2846249844878912,0
3022,38.76456604199484,0.2692500129342079,0
3023,38.777397709025536,0.2693330170586705,0
3024,38.7899548340356,0.5697080050595105,0
3025,38.80239370901836,4.292208002880216,0
3026,38.81816283403896,0.2764159580692649,0
3027,38.83101445902139,0.2860410022549331,0
3028,38.843793167034164,0.2501669805496931,0
3029,38.85524133400759,0.264250033069402,0
3030,38.868069750024006,0.4479589988477528,0
3031,38.880107292032335,0.3077079891227186,0
3032,38.89211766701192,0.46862498857080936,0
3033,38.90501316700829,0.40258298395201564,0
3034,38.91558862500824,0.5460840184241533,0
3035,38.92839625000488,0.6198339979164302,0
3036,38.941239000007045,0.500958994962275,0
3037,38.95332050003344,0.6014169775880873,0
3038,38.966566667018924,0.6285419804044068,0
3039,38.977931542031,0.5622080061584711,0
3040,38.989739209006075,0.4077079938724637,0
3041,39.00195058400277,0.4896250320598483,0
3042,39.01506425003754,0.47629198525100946,0
3043,39.02809537498979,0.7193339988589287,0
3044,39.0402699590195,0.46387501060962677,0
3045,39.05094149999786,0.33429200993850827,0
3046,39.06384600000456,0.4118339857086539,0
3047,39.07645620900439,0.4636659868992865,0
3048,39.0875680000172,0.49516698345541954,0
3049,39.10065870900871,0.4547910066321492,0
3050,39.113678625028115,0.33712497679516673,0
3051,39.124875459005125,0.523374998010695,0
3052,39.1358253750368,0.4663749714381993,0
3053,39.14891762501793,0.5030420143157244,0
3054,39.16111120901769,0.6784159922972322,0
3055,39.173858167021535,0.43474999256432056,0
3056,39.18590670899721,0.43233303586021066,0
3057,39.19892191700637,0.41725003393366933,0
3058,39.209804916987196,0.7351250387728214,0
3059,39.22278091701446,0.41562499245628715,0
3060,39.23578345903661,0.4660409758798778,0
3061,39.248834375001024,0.3819590201601386,0
3062,39.26178533403436,0.651540991384536,0
3063,39.27501174999634,0.43587503023445606,0
3064,39.28587491699727,0.42708299588412046,0
3065,39.29725258401595,0.5677500157617033,0
3066,39.30993300001137,0.7722090231254697,0
3067,39.32342945900746,0.7420409820042551,0
3068,39.3369160000002,1.5835840022191405,0
3069,39.351093042001594,0.4083749954588711,0
3070,39.36410241702106,0.41016697650775313,0
3071,39.37655275000725,0.8164590108208358,0
3072,39.389958999992814,0.4861250054091215,0
3073,39.40506499999901,0.6014170357957482,0
3074,39.4180035419995,0.4075830220244825,0
3075,39.42996054200921,0.5225419881753623,0
3076,39.44307712500449,1.5836670063436031,0
3077,39.45665345899761,0.5488750175572932,0
3078,39.469786084024236,0.6633329903706908,0
3079,39.48306387499906,0.5261250189505517,0
3080,39.49516200000653,0.5806669942103326,0
3081,39.50683454202954,0.541832996532321,0
3082,39.51771120901685,0.4754579858854413,0
3083,39.530793834012,0.7046249811537564,0
3084,39.54415816703113,0.6102919578552246,0
3085,39.55739395902492,0.4742500022985041,0
3086,39.570471542014275,0.524875009432435,0
3087,39.58359091699822,0.343875028192997,0
3088,39.59651649999432,0.460459035821259,0
3089,39.60732862498844,0.4118750221095979,0
3090,39.62034741701791,0.5217500147409737,0
3091,39.632629375031684,0.2661669859662652,0
3092,39.644442624994554,0.3445000038482249,0
3093,39.65689987502992,0.5177920102141798,0
3094,39.670095542038325,0.550583004951477,0
3095,39.68136058404343,0.4047909751534462,0
3096,39.6931182499975,0.5253750132396817,0
3097,39.70620083401445,0.28187502175569534,0
3098,39.717589334002696,0.17270800890401006,0
3099,39.73028258403065,0.20520796533674002,0
3100,39.743002041999716,0.2862500259652734,0
3101,39.755835417017806,0.38879201747477055,0
3102,39.76884058403084,0.4749579820781946,0
3103,39.782323834020644,0.33650000113993883,0
3104,39.79369725001743,0.41749997762963176,0
3105,39.80659425002523,0.5263339844532311,0
3106,39.8197025420377,0.3346249577589333,0
3107,39.83258858398767,0.2239580499008298,0
3108,39.84535787499044,0.2940840204246342,0
3109,39.85820800001966,0.3950420068576932,0
3110,39.87114820902934,0.23212499218061566,0
3111,39.8839273340418,0.30037498800083995,0
3112,39.896767875005025,0.2667499938979745,0
3113,39.90957100002561,0.3617919865064323,0
3114,39.92257579200668,0.37399999564513564,0
3115,39.933096209017094,0.36758300848305225,0
3116,39.946022999996785,0.25395903503522277,0
3117,39.95884045900311,0.38541603134945035,0
3118,39.971322584024165,0.32020796788856387,0
3119,39.983163958997466,0.16500003403052688,0
3120,39.99443479202455,0.44991698814556,0
3121,40.007480500033125,0.3825000021606684,0
3122,40.02022304199636,0.5790830473415554,0
3123,40.03297229204327,0.4041249630972743,0
3124,40.04597295902204,0.31420798040926456,0
3125,40.058856624993496,0.30512502416968346,0
3126,40.071439250023104,0.2668749657459557,0
3127,40.084264417004306,0.2525830059312284,0
3128,40.095649750030134,0.3884590114466846,0
3129,40.10620466701221,0.28666702564805746,0
3130,40.116742875019554,0.29366702074185014,0
3131,40.128521334030665,0.2730409614741802,0
3132,40.14036841702182,0.5698750028386712,0
3133,40.152517959009856,0.291750009637326,0
3134,40.16388404200552,0.33658300526440144,0
3135,40.17545308399713,0.3219580394215882,0
3136,40.18804691702826,0.3155419835820794,0
3137,40.20289320900338,0.655165989883244,0
3138,40.21520641702227,0.48699998296797276,0
3139,40.227519750013016,0.3321249969303608,0
3140,40.240420959016774,0.30212500132620335,0
3141,40.25276320899138,0.4498330526985228,0
3142,40.26581991702551,0.5140419816598296,0
3143,40.278191875026096,0.4402499762363732,0
3144,40.29129125003237,0.5119589623063803,0
3145,40.303878875041846,0.44466694816946983,0
3146,40.316911667003296,0.4504169919528067,0
3147,40.32995404204121,0.4231249913573265,0
3148,40.342124167014845,0.41904201498255134,0
3149,40.35291020903969,0.3493329859338701,0
3150,40.3658563340432,0.4243329749442637,0
3151,40.37659400003031,0.5325420061126351,0
3152,40.389711374999024,0.375000003259629,0
3153,40.40094595903065,0.3994999569840729,0
3154,40.41398987499997,0.4140000091865659,0
3155,40.425668792042416,0.4065829562023282,0
3156,40.436332000012044,0.3992500132881105,0
3157,40.4473840839928,0.3244160325266421,0
3158,40.45909000001848,0.38004200905561447,0
3159,40.470836583990604,0.4486660473048687,0
3160,40.483813084021676,0.5312910070642829,0
3161,40.496945167018566,0.4077500198036432,0
3162,40.50898995902389,0.5296249873936176,0
3163,40.520209459005855,0.4635410150513053,0
3164,40.53185041702818,0.39304199162870646,0
3165,40.54306900000665,0.5167920025996864,0
3166,40.55737162503647,0.5376669578254223,0
3167,40.5714568340336,0.6228749989531934,0
3168,40.58573037502356,0.5472089978866279,0
3169,40.59702758403728,0.40516594890505075,0
3170,40.60879045899492,0.47229102347046137,0
3171,40.62063208402833,0.4657499957829714,0
3172,40.633697667042725,0.5247919471003115,0
3173,40.64687837503152,0.44762500328943133,0
3174,40.659996834001504,0.760458002332598,0
3175,40.67336225003237,0.4146249848417938,0
3176,40.68636758404318,0.39487495087087154,0
3177,40.69935229199473,0.6848750053904951,0
3178,40.71263920899946,0.5260829930193722,0
3179,40.725766792020295,0.39908301550894976,0
3180,40.73682829202153,0.32991700572893023,0
3181,40.749737875012215,0.3291670000180602,0
3182,40.76266004203353,0.49700000090524554,0
3183,40.775731250003446,0.2923749852925539,0
3184,40.78858329204377,0.35254197428002954,0
3185,40.80151516699698,0.38579199463129044,0
3186,40.814502709021326,0.4082079976797104,0
3187,40.82551416702336,0.4562499816529453,0
3188,40.83729883399792,0.5595409893430769,0
3189,40.85046400001738,1.9479169859550893,0
3190,40.86502812500112,0.4017500323243439,0
3191,40.87655891699251,1.0253330110572278,0
3192,40.89055637503043,0.4552499740384519,0
3193,40.902251333987806,0.4226660239510238,0
3194,40.915271000005305,0.4498339840210974,0
3195,40.927637749991845,0.4632920026779175,0
3196,40.94069804198807,0.42491703061386943,0
3197,40.95371420902666,0.4711250076070428,0
3198,40.96678362501552,0.4099590005353093,0
3199,40.978434542019386,0.36808301229029894,0
3200,40.99088387499796,0.42795902118086815,0
3201,41.0025756250252,0.6797919631935656,0
3202,41.01394062500913,0.3737090155482292,0
3203,41.026905709004495,0.4379579913802445,0
3204,41.039904750010464,0.2726250095292926,0
3205,41.05270137503976,0.251874967943877,0
3206,41.06546825001715,0.23308402160182595,0
3207,41.07821391703328,0.21316698985174298,0
3208,41.09093762503471,0.27595896972343326,0
3209,41.10259504202986,0.24337496142834425,0
3210,41.114647084032185,0.1919579808600247,0
3211,41.127360375015996,0.2370420261286199,0
3212,41.14012354199076,0.1721670269034803,0
3213,41.1518559170072,0.1710830256342888,0
3214,41.16454266704386,0.2395829651504755,0
3215,41.17732325004181,0.29145897133275867,0
3216,41.19016354199266,0.3231250448152423,0
3217,41.201361374987755,0.40316703962162137,0
3218,41.214327041991055,0.38595800288021564,0
3219,41.22500629199203,0.367750006262213,0
3220,41.23795120901195,0.525958021171391,0
3221,41.25146350002615,1.7912499606609344,0
3222,41.26351841702126,0.3784169675782323,0
3223,41.27407358400524,0.3386660246178508,0
3224,41.285869542043656,0.4366249777376652,0
3225,41.29888245899929,0.29087503207847476,0
3226,41.309694959025364,0.4402910126373172,0
3227,41.32269683398772,0.373208022210747,0
3228,41.33427833399037,0.3929160302504897,0
3229,41.34502195898676,0.2643750049173832,0
3230,41.35686637501931,0.34841697197407484,0
3231,41.36767458403483,0.3113329876214266,0
3232,41.3793390840292,0.30570797389373183,0
3233,41.39220691699302,0.29616703977808356,0
3234,41.403545875044074,0.2928339526988566,0
3235,41.41638841701206,0.16837503062561154,0
3236,41.42722304200288,0.2526250318624079,0
3237,41.44003612501547,0.28079201001673937,0
3238,41.450574917020276,1.9105829996988177,0
3239,41.464662624988705,0.38829201366752386,0
3240,41.47753333399305,0.3239160287193954,0
3241,41.48821500001941,0.34787500044330955,0
3242,41.50095204199897,0.37408299976959825,0
3243,41.513702084019314,0.3748330054804683,0
3244,41.525557124987245,0.27250003768131137,0
3245,41.53740787500283,0.2689590328373015,0
3246,41.549246834008954,0.2882910193875432,0
3247,41.56106912501855,0.23312499979510903,0
3248,41.57290374999866,0.24250004207715392,0
3249,41.585712041996885,0.23220799630507827,0
3250,41.59654216701165,0.19658298697322607,0
3251,41.609271791996434,0.23891701130196452,0
3252,41.622043542040046,0.22179196821525693,0
3253,41.635102584026754,0.18162501510232687,0
3254,41.647799084021244,0.21779100643470883,0
3255,41.66053658403689,0.2716659801080823,0
3256,41.67333050002344,0.19354198593646288,0
3257,41.68604304199107,0.28529204428195953,0
3258,41.69810945901554,0.17733301501721144,0
3259,41.710801292036194,0.19175000488758087,0
3260,41.72350912500406,0.1622500130906701,0
3261,41.736189209041186,0.1622499548830092,0
3262,41.747781625017524,0.1709589851088822,0
3263,41.76047183398623,0.1520830555818975,0
3264,41.7731482500094,0.23549998877570033,0
3265,41.7859139170032,0.18154201097786427,0
3266,41.7986295419978,0.20395801402628422,0
3267,41.81135341699701,0.19687501480802894,0
3268,41.82407437503571,0.37599995266646147,0
3269,41.8369841669919,0.29312504921108484,0
3270,41.84978441701969,0.3339580143801868,0
3271,41.862658541998826,0.329042028170079,0
3272,41.87554020900279,0.35391602432355285,0
3273,41.88844400004018,0.31529198167845607,0
3274,41.89901945902966,0.22145797265693545,0
3275,41.91113779199077,0.3250419977121055,0
3276,41.92399516701698,0.21787500008940697,0
3277,41.93675420898944,0.34433300606906414,0
3278,41.94822662504157,0.28470897814258933,0
3279,41.96103391703218,0.2663329942151904,0
3280,41.97381941700587,0.33537502167746425,0
3281,41.98667120898608,0.22716604871675372,0
3282,41.9994098340394,0.2455829526297748,0
3283,42.012172874994576,0.20812504226341844,0
3284,42.02324091701303,0.20549999317154288,0
3285,42.03597070899559,0.3952080151066184,0
3286,42.048894459032454,0.2657079603523016,0
3287,42.061676042038016,0.22441695909947157,0
3288,42.0744184590294,0.2257499727420509,0
3289,42.08715974999359,0.2352920128032565,0
3290,42.099908750038594,0.17899996601045132,0
3291,42.112617292033974,0.3742919652722776,0
3292,42.12544612499187,0.3950840327888727,0
3293,42.13842308399035,0.4265000461600721,0
3294,42.15072187501937,0.44995901407673955,0
3295,42.163015500002075,0.6463340250775218,0
3296,42.17626800003927,0.5177499842830002,0
3297,42.18744750000769,0.5828340072184801,0
3298,42.19905108399689,0.4107080167159438,0
3299,42.21205587498844,0.593625009059906,0
3300,42.2252355000237,0.40962500497698784,0
3301,42.238227333989926,0.5151660297997296,0
3302,42.251245166989975,0.44704205356538296,0
3303,42.26206383400131,0.4865830414928496,0
3304,42.27590279199649,2.4200830375775695,0
3305,42.28863237501355,0.49775000661611557,0
3306,42.301734834036324,0.6232909508980811,0
3307,42.314352500019595,0.5174169782549143,0
3308,42.32619833399076,0.5272080306895077,0
3309,42.33933512499789,0.41483400855213404,0
3310,42.352470834041014,1.3760000001639128,0
3311,42.365711499995086,0.45354204485192895,0
3312,42.3774165000068,0.42920903069898486,0
3313,42.38975133403437,0.3386249882169068,0
3314,42.400826124998275,0.36208401434123516,0
3315,42.41276737500448,0.48158399295061827,0
3316,42.42544474999886,0.4389589885249734,0
3317,42.43640741700074,0.7330420194193721,0
3318,42.44972641702043,0.3887080238200724,0
3319,42.462692375003826,0.37112500285729766,0
3320,42.47547587502049,0.5981670110486448,0
3321,42.48812237504171,0.3855419927276671,0
3322,42.50095033401158,0.4631659830920398,0
3323,42.51400854199892,0.5596670089289546,0
3324,42.527174709015526,0.30437501845881343,0
3325,42.54038429202046,0.5668330122716725,0
3326,42.55231145903235,0.4795409622602165,0
3327,42.56539150001481,0.3616670146584511,0
3328,42.576104459003545,0.7957080379128456,0
3329,42.58950337499846,0.5039590178057551,0
3330,42.601986291992944,0.7904170197434723,0
3331,42.61352137499489,0.35625003511086106,0
3332,42.625443709024694,0.33029098995029926,0
3333,42.636053333990276,0.5332500440999866,0
3334,42.64826987503329,0.3821669961325824,0
3335,42.65885266702389,0.4789999802596867,0
3336,42.67201258399291,0.36383303813636303,0
3337,42.68344395898748,0.27475005481392145,0
3338,42.69482858403353,1.0759999859146774,0
3339,42.70673870900646,0.24095800472423434,0
3340,42.717819459037855,0.3762909909710288,0
3341,42.73077500000363,0.43062499025836587,0
3342,42.743140709004365,1.9906660309061408,0
3343,42.75751529203262,0.3573329886421561,0
3344,42.770222208986524,0.7055000169202685,0
3345,42.783528625033796,0.33229199470952153,0
3346,42.79607058403781,0.47095795162022114,0
3347,42.806878125004005,0.3630000283010304,0
3348,42.819245041988324,0.37633301690220833,0
3349,42.83059808402322,0.38225000025704503,0
3350,42.842102667025756,0.2228749799542129,0
3351,42.85488158400403,0.23641600273549557,0
3352,42.867672791995574,0.3560830373317003,0
3353,42.879383374995086,0.27470901841297746,0
3354,42.892124959034845,0.38970797322690487,0
3355,42.905086916987784,0.2572920056991279,0
3356,42.91790620901156,0.36399997770786285,0
3357,42.93082554201828,0.23329199757426977,0
3358,42.94362491701031,0.2582920133136213,0
3359,42.956450333993416,0.37579104537144303,0
3360,42.966987124993466,0.26825000531971455,0
3361,42.97981379198609,0.2012920449487865,0
3362,42.99258262501098,0.736250018235296,0
3363,43.00524754199432,0.309124996419996,0
3364,43.017573292017914,0.3939580055885017,0
3365,43.03054558404256,0.4677909892052412,0
3366,43.04312916699564,0.44954201439395547,0
3367,43.054982500034384,0.4520840011537075,0
3368,43.068043625040445,0.508208991959691,0
3369,43.07870449998882,0.4343340406194329,0
3370,43.089249667013064,0.36624999484047294,0
3371,43.1021530420403,0.2965829917229712,0
3372,43.113993584003765,0.27604098431766033,0
3373,43.12686100002611,0.2819590154103935,0
3374,43.13970141700702,0.3249580040574074,0
3375,43.15142554201884,0.2625419874675572,0
3376,43.16242929198779,0.34187501296401024,0
3377,43.17419270903338,0.2697499585337937,0
3378,43.18555741698947,0.27650000993162394,0
3379,43.19659554201644,0.2223330084234476,0
3380,43.20936666702619,0.262749963440001,0
3381,43.219685291987844,0.24458300322294235,0
3382,43.23249216703698,0.3501249593682587,0
3383,43.244483958987985,0.25241600815206766,0
3384,43.25578129204223,0.35912496969103813,0
3385,43.26870900002541,0.24558400036767125,0
3386,43.28051900002174,0.3628340200521052,0
3387,43.2934535840177,0.2738750190474093,0
3388,43.30628054199042,0.2709170221351087,0
3389,43.31761320901569,0.30570797389373183,0
3390,43.329252334020566,0.4339580191299319,0
3391,43.340922542032786,0.25770795764401555,0
3392,43.35219937498914,0.33158401492983103,0
3393,43.36402991699288,0.2594170509837568,0
3394,43.37567587499507,1.4254170237109065,0
3395,43.387344959017355,0.27845799922943115,0
3396,43.4001809170004,0.24250004207715392,0
3397,43.41299987502862,0.3385419840924442,0
3398,43.425905417010654,0.30270800925791264,0
3399,43.43881991703529,0.3783749998547137,0
3400,43.45094395900378,0.5101659917272627,0
3401,43.46403533400735,0.5559159908443689,0
3402,43.47759379202034,0.35758299054577947,0
3403,43.49039991700556,0.2709170221351087,0
3404,43.50356516701868,0.5515830125659704,0
3405,43.51684625004418,0.4076249897480011,0
3406,43.5295580420061,4.6258330112323165,0
3407,43.54649537499063,0.3890840453095734,0
3408,43.55961895902874,0.5268329987302423,0
3409,43.57295116700698,0.42995798867195845,0
3410,43.58534962503472,0.6673749885521829,0
3411,43.598629750020336,0.28829200891777873,0
3412,43.61148654203862,0.36279199412092566,0
3413,43.623881334031466,0.8968749898485839,0
3414,43.637392750009894,0.6011670338921249,0
3415,43.65089995902963,1.1106249876320362,0
3416,43.66462854202837,0.3073749830946326,0
3417,43.67546595900785,1.1213329853489995,0
3418,43.688951749994885,0.3118340391665697,0
3419,43.701113584043924,0.2990829525515437,0
3420,43.71406970900716,0.3208750276826322,0
3421,43.72544666699832,0.32637501135468483,0
3422,43.736492083990015,0.5422080284915864,0
3423,43.749620750022586,0.32279198057949543,0
3424,43.76251495903125,0.3120829933322966,0
3425,43.77380391699262,0.29387499671429396,0
3426,43.78587600000901,0.5144589813426137,0
3427,43.79901883401908,0.44070801232010126,0
3428,43.812066874990705,0.31995901372283697,0
3429,43.8252339590108,0.5918749957345426,0
3430,43.83844800002407,0.5263749626465142,0
3431,43.850913542031776,0.4725829930976033,0
3432,43.863973000028636,0.5016250070184469,0
3433,43.87661458400544,0.9253750322386622,0
3434,43.88967758399667,0.5770830321125686,0
3435,43.90253745904192,0.43399998685345054,0
3436,43.91555270901881,0.4226249875500798,0
3437,43.927755084005184,0.38170802872627974,0
3438,43.93963108403841,0.3341659903526306,0
3439,43.952549750043545,0.5199589650146663,0
3440,43.96535837498959,0.556709012016654,0
3441,43.97717837500386,0.2910839975811541,0
3442,43.9890427920036,0.3998330212198198,0
3443,44.00202775001526,0.38883398519828916,0
3444,44.01276108401362,0.31883298652246594,0
3445,44.025648000009824,0.3707089927047491,0
3446,44.03835691703716,0.2887919545173645,0
3447,44.05028145899996,1.3892080169171095,0
3448,44.0621052919887,0.4135420313104987,0
3449,44.07508445903659,0.31283299904316664,0
3450,44.08579970902065,0.5228329682722688,0
3451,44.098926250007935,0.3090000245720148,0
3452,44.109806291991845,0.5598750431090593,0
3453,44.12246362504084,0.46024995390325785,0
3454,44.134287792025134,0.40087499655783176,0
3455,44.144865334033966,0.4350829985924065,0
3456,44.15675187500892,0.5077089881524444,0
3457,44.167657000012696,0.3446249756962061,0
3458,44.178511125035584,0.3284999984316528,0
3459,44.19041074998677,0.2809590077959001,0
3460,44.20077100000344,0.5840840167365968,0
3461,44.2139172499883,0.33233402064070106,0
3462,44.225339959026314,1.23066600644961,0
3463,44.2391738340375,0.3214579774066806,0
3464,44.25211925001349,0.2619170118123293,0
3465,44.264693167002406,0.311999989207834,0
3466,44.27679974999046,0.23658404825255275,0
3467,44.28786170901731,0.18962501781061292,0
3468,44.30044349998934,0.31579204369336367,0
3469,44.31336079200264,0.33895799424499273,0
3470,44.32778104202589,14.922166999895126,0
3471,44.36329783400288,19.152624998241663,0
3472,44.39313341700472,0.2151250373572111,0
3473,44.405884750012774,0.2543749869801104,0
3474,44.4162690420053,0.21858303807675838,0
3475,44.427291375002824,0.31337502878159285,0
3476,44.44014804199105,0.23066700669005513,0
3477,44.452901542012114,0.16604200936853886,0
3478,44.46525258402107,0.18320797244086862,0
3479,44.47795125003904,0.21358398953452706,0
3480,44.49068620899925,0.147333019413054,0
3481,44.50141333398642,0.15400000847876072,0
3482,44.51408233400434,0.16254099318757653,0
3483,44.526421541988384,0.14141702558845282,0
3484,44.539076459011994,0.1515829935669899,0
3485,44.551737750007305,0.17491698963567615,0
3486,44.56443304201821,0.14112499775364995,0
3487,44.57711966702482,0.31233299523591995,0
3488,44.58943525003269,0.234166975133121,0
3489,44.60142979200464,0.2270829863846302,0
3490,44.61421433399664,0.36462501157075167,0
3491,44.624763042025734,0.23604201851412654,0
3492,44.637563374999445,0.2955840318463743,0
3493,44.6485134169925,0.3107500378973782,0
3494,44.66080741700716,0.23566698655486107,0
3495,44.6722819590359,0.3080409951508045,0
3496,44.682749334024265,0.255499966442585,0
3497,44.693749084020965,0.4190829931758344,0
3498,44.70587395899929,0.3232500166632235,0
3499,44.71774787502363,0.2590839867480099,0
3500,44.72858112503309,0.41091698221862316,0
3501,44.74140975001501,1.7545840237289667,0
3502,44.755781750020105,0.6380840204656124,0
3503,44.76696045900462,0.60224998742342,0
3504,44.780207375006285,0.46737503726035357,0
3505,44.793160459026694,0.4612079937942326,0
3506,44.80459137499565,0.4657920217141509,0
3507,44.81790262501454,0.5441249813884497,0
3508,44.83104800002184,0.45120896538719535,0
3509,44.843558666994795,0.40095800068229437,0
3510,44.85657587501919,0.31812500674277544,0
3511,44.868050749995746,0.6007500342093408,0
3512,44.88097704201937,0.49512501573190093,0
3513,44.89312683400931,0.39420800749212503,0
3514,44.90452445903793,0.29745796928182244,0
3515,44.91488529200433,0.33125001937150955,0
3516,44.92764829203952,0.41441695066168904,0
3517,44.93897029198706,0.45966700417920947,0
3518,44.95087995904032,0.3589579719118774,0
3519,44.96148749999702,0.3148750402033329,0
3520,44.97335754201049,0.3582080244086683,0
3521,44.98541412502527,0.32950000604614615,0
3522,44.99831312499009,0.4204590222798288,0
3523,45.011310834030155,0.35683298483490944,0
3524,45.02216912503354,0.6039169966243207,0
3525,45.035339959023986,0.39612501859664917,0
3526,45.046571292041335,0.3528749803081155,0
3527,45.058326333994046,0.4931250005029142,0
3528,45.071400000015274,0.4669170011766255,0
3529,45.08378008403815,0.28724997537210584,0
3530,45.09664087503916,0.4579589585773647,0
3531,45.1096785000409,0.3471249947324395,0
3532,45.120586750039365,0.4087499692104757,0
3533,45.13355887500802,0.3284169943071902,0
3534,45.146450375032146,0.3262499812990427,0
3535,45.15934345900314,0.4362500039860606,0
3536,45.17208737501642,0.36033400101587176,0
3537,45.18378470902098,0.3404999733902514,0
3538,45.195663709018845,0.4128749715164304,0
3539,45.20866541704163,0.5325419479049742,0
3540,45.2217962089926,0.4534580511972308,0
3541,45.23482295899885,0.490875041577965,0
3542,45.24792966700625,0.4693330265581608,0
3543,45.2609588750056,0.4605419817380607,0
3544,45.27285308402497,0.42337499326094985,0
3545,45.28432216699002,0.7681670249439776,0
3546,45.29750895901816,0.49933302216231823,0
3547,45.30966441700002,0.33762503881007433,0
3548,45.32104679202894,0.4474169691093266,0
3549,45.3335429590079,0.49687502905726433,0
3550,45.344381500035524,0.3506249631755054,0
3551,45.356047000037506,1.9308339687995613,0
3552,45.3724850420258,1.203457999508828,0
3553,45.38384391699219,1.6101250075735152,0
3554,45.39807275001658,0.3522500046528876,0
3555,45.411001792002935,0.5610000225715339,0
3556,45.42413191701053,0.3417080151848495,0
3557,45.43526529200608,0.23316702572628856,0
3558,45.44805745902704,0.24466600734740496,0
3559,45.45851450000191,0.4070000140927732,0
3560,45.47037116700085,0.3137500025331974,0
3561,45.4832441250328,0.31804200261831284,0
3562,45.49407987500308,0.4259590059518814,0
3563,45.50680629198905,0.6742500117979944,0
3564,45.51919691701187,0.4303330206312239,0
3565,45.53220620902721,0.40675001218914986,0
3566,45.5452028750442,0.40770898340269923,0
3567,45.55820108402986,0.6259159999899566,0
3568,45.57143220899161,0.5002910038456321,0
3569,45.582590500009246,0.4593339981511235,0
3570,45.59561795904301,0.44191599590703845,0
3571,45.606271750002634,0.47029199777171016,0
3572,45.619311375019606,0.34899997990578413,0
3573,45.632216792029794,0.4993329639546573,0
3574,45.64527470903704,0.3815829986706376,0
3575,45.65822616702644,0.5255829892121255,0
3576,45.670582042017486,0.5702499765902758,0
3577,45.68371891701827,0.4005829687230289,0
3578,45.69668191700475,0.42170798406004906,0
3579,45.708810375013854,0.39850000757724047,0
3580,45.721745375019964,0.3410420031286776,0
3581,45.73420895903837,0.34708296880126,0
3582,45.744693459011614,0.3704159753397107,0
3583,45.75763258402003,0.3440409782342613,0
3584,45.77019750000909,0.5135840037837625,0
3585,45.78328324999893,0.38600002881139517,0
3586,45.79624545900151,0.39833300979807973,0
3587,45.80733533401508,0.38720801239833236,0
3588,45.8196377500426,0.5167089984752238,0
3589,45.83271024998976,0.5133340018801391,0
3590,45.84503575001145,0.3737499937415123,0
3591,45.856908834015485,0.27825002325698733,0
3592,45.86974358401494,0.39912498323246837,0
3593,45.880605667014606,0.36154198460280895,0
3594,45.89225416700356,0.40362501749768853,0
3595,45.904053167032544,0.42574998224154115,0
3596,45.91706366703147,0.5145829636603594,0
3597,45.92916158400476,0.4933330346830189,0
3598,45.94048420898616,0.9037500130943954,0
3599,45.95403045899002,0.2168750506825745,0
3600,45.96683508402202,0.6058330181986094,0
3601,45.97772454202641,0.35320798633620143,0
3602,45.98878091701772,0.3291249740868807,0
3603,46.001681709021796,1.5402910066768527,0
3604,46.01497133402154,0.3560829791240394,0
3605,46.02684837504057,0.48349995631724596,0
3606,46.039886125014164,0.34199998481199145,0
3607,46.05217750003794,0.5064999568276107,0
3608,46.06532687501749,0.33779197838157415,0
3609,46.07822625001427,0.30041701393201947,0
3610,46.08877058402868,0.2775409957394004,0
3611,46.099327750038356,0.4036249592900276,0
3612,46.110752667009365,0.4860420012846589,0
3613,46.12337129202206,1.5949169755913317,0
3614,46.13729570899159,0.49716600915417075,0
3615,46.15038608398754,0.33775001065805554,0
3616,46.16185612499248,0.3770840121433139,0
3617,46.17480458400678,0.47633302165195346,0
3618,46.187877500022296,0.33483398146927357,0
3619,46.20080804202007,1.7518330132588744,0
3620,46.21327258402016,0.5288749816827476,0
3621,46.22546491702087,0.4872920108027756,0
3622,46.23696008400293,0.4622910055331886,0
3623,46.248822333989665,0.46683300752192736,0
3624,46.26185762503883,0.3232089802622795,0
3625,46.27255837502889,0.287041999399662,0
3626,46.283792292000726,0.27908303309231997,0
3627,46.29661554202903,0.4563750117085874,0
3628,46.309683084022254,0.5056249792687595,0
3629,46.322781459020916,0.5072500207461417,0
3630,46.33570470899576,0.4825410433113575,0
3631,46.347805625002366,0.41612499626353383,0
3632,46.360811459016986,0.487915996927768,0
3633,46.375041917024646,0.5513749783858657,0
3634,46.3867143340176,0.43829099740833044,0
3635,46.39973912498681,0.39300002390518785,0
3636,46.412728625000454,0.5247500375844538,0
3637,46.42597104201559,0.6826670141890645,0
3638,46.439288249996025,0.5270839901641011,0
3639,46.451302792003844,0.3812920185737312,0
3640,46.46425850002561,0.40854199323803186,0
3641,46.47722599998815,0.2173750544898212,0
3642,46.48999820899917,0.4605000140145421,0
3643,46.50088279199554,0.3030420048162341,0
3644,46.513185292016715,0.4118329961784184,0
3645,46.5236897499999,0.19108399283140898,0
3646,46.53490283404244,0.2615409903228283,0
3647,46.54771895898739,0.2604160108603537,0
3648,46.56051149999257,0.16720901476219296,0
3649,46.57319970900426,0.17370801651850343,0
3650,46.58589504199335,0.2227920340374112,0
3651,46.598664375022054,0.2798339701257646,0
3652,46.61149425001349,0.2875840291380882,0
3653,46.62200695899082,0.27487502666190267,0
3654,46.6348393750377,3.484208951704204,0
3655,46.65049900003942,0.5762919900007546,0
3656,46.66369991702959,0.4847919917665422,0
3657,46.676801834022626,0.4432499990798533,0
3658,46.689152875042055,0.4421669873408973,0
3659,46.701279667031486,1.1909579625353217,0
3660,46.71318950003479,0.4403339698910713,0
3661,46.72616120899329,0.4563750117085874,0
3662,46.736885000020266,0.49875001423060894,0
3663,46.75006200000644,0.6085000350140035,0
3664,46.76172420900548,0.43666601413860917,0
3665,46.773998541990295,1.2047920026816428,0
3666,46.7873889170005,0.5249580135568976,0
3667,46.80049770901678,0.3564999788068235,0
3668,46.81269604200497,0.3987500094808638,0
3669,46.82544645899907,0.4652910283766687,0
3670,46.83850070904009,0.36512495717033744,0
3671,46.8504690839909,0.31583302188664675,0
3672,46.86333691701293,0.5320829804986715,0
3673,46.87556008400861,0.6341250264085829,0
3674,46.88763587502763,0.4541249945759773,0
3675,46.900461000041105,0.3279169904999435,0
3676,46.911295416997746,0.29854202875867486,0
3677,46.923514875001274,0.21995900897309184,0
3678,46.93592337501468,0.3974999999627471,0
3679,46.946652750018984,0.3819999983534217,0
3680,46.95880520902574,0.5035829963162541,0
3681,46.970776959031355,0.43987500248476863,0
3682,46.98378025001148,0.3874169779010117,0
3683,46.99677366699325,0.4588330048136413,0
3684,47.00956529204268,0.3695829655043781,0
3685,47.02135004202137,0.43104198994114995,0
3686,47.03377091704169,0.22141699446365237,0
3687,47.04488554201089,0.2352920128032565,0
3688,47.05595558398636,0.2672500559128821,0
3689,47.066573125019204,0.22987497504800558,0
3690,47.07731900003273,0.23499998496845365,0
3691,47.09010475000832,0.2665839856490493,0
3692,47.10112649999792,0.23025000700727105,0
3693,47.111641374998726,0.3998340107500553,0
3694,47.12457500002347,0.17833401216194034,0
3695,47.13730649999343,0.22408401127904654,0
3696,47.14874116703868,0.31358300475403666,0
3697,47.161609875038266,0.28437498258426785,0
3698,47.17443637503311,0.22012495901435614,0
3699,47.18473904201528,0.3982500056736171,0
3700,47.19626475003315,0.2535840030759573,0
3701,47.208818417042494,0.42266695527359843,0
3702,47.21947520901449,0.31112501164898276,0
3703,47.23138925002422,0.24870899505913258,0
3704,47.242640000011306,0.28358399868011475,0
3705,47.25548312498722,0.3067500074394047,0
3706,47.26736612501554,0.20366697572171688,0
3707,47.28014083398739,0.24108303477987647,0
3708,47.29216808400815,0.3013749956153333,0
3709,47.30507504200796,0.2620419836603105,0
3710,47.31788495898945,0.22300001000985503,0
3711,47.32969687500736,0.19879202591255307,0
3712,47.34214029199211,0.338125042617321,0
3713,47.354806417017244,0.2549170167185366,0
3714,47.367610459041316,0.3270409652031958,0
3715,47.37938450003276,0.7083339733071625,0
3716,47.39026841701707,0.24904200108721852,0
3717,47.40308037499199,0.24241703795269132,0
3718,47.415896916994825,0.19412499386817217,0
3719,47.42864862503484,0.41691696969792247,0
3720,47.4414696249878,0.2363750245422125,0
3721,47.45331429201178,0.26120798429474235,0
3722,47.46538295899518,0.3475830308161676,0
3723,47.4772103340365,0.25708298198878765,0
3724,47.48882016702555,0.21891697542741895,0
3725,47.501130209013354,0.20349997794255614,0
3726,47.5139480420039,0.2924170112237334,0
3727,47.52679537498625,0.22900005569681525,0
3728,47.53967091703089,0.2905830042436719,0
3729,47.55193650000729,0.237459025811404,0
3730,47.562943166994955,0.1705830218270421,0
3731,47.57565895898733,0.24404103169217706,0
3732,47.586803624988534,0.28137501794844866,0
3733,47.59966212499421,0.3274170449003577,0
3734,47.61255583399907,0.23941602557897568,0
3735,47.62536624999484,0.31095900340005755,0
3736,47.637307875033,0.25879195891320705,0
3737,47.65011716703884,0.2846249844878912,0
3738,47.66061525000259,0.307709036860615,0
3739,47.67240454204148,0.24104199837893248,0
3740,47.683767209004145,0.16266602324321866,0
3741,47.695907875022385,0.31758396653458476,0
3742,47.709939208987635,1.3387500075623393,0
3743,47.72180150001077,0.35316700814291835,0
3744,47.73470712499693,0.29187503969296813,0
3745,47.747552084038034,0.3197499900124967,0
3746,47.760412834002636,0.2744580269791186,0
3747,47.77323479199549,0.3010420477949083,0
3748,47.786119666998275,0.3214169992133975,0
3749,47.79899404203752,0.33195799915120006,0
3750,47.81188508402556,0.3739579697139561,0
3751,47.824827084026765,0.31429098453372717,0
3752,47.840315959008876,3.8464160170406103,0
3753,47.85661608399823,0.3613330191001296,0
3754,47.86755620903568,0.35504100378602743,0
3755,47.87827400001697,0.25083398213610053,0
3756,47.88912175002042,0.974374997895211,0
3757,47.90254812501371,0.4223340074531734,0
3758,47.91583120904397,0.2930409973487258,0
3759,47.92869916703785,0.35749998642131686,0
3760,47.939289542031474,0.2964999875985086,0
3761,47.95214612502605,0.24108396610245109,0
3762,47.96502754202811,0.43054198613390326,0
3763,47.97706141701201,0.29383302899077535,0
3764,47.989170750021,0.33587496727705,0
3765,48.00205587502569,0.27774996124207973,0
3766,48.01485595898703,0.23729103850200772,0
3767,48.02768850000575,0.2215839922428131,0
3768,48.03819383401424,0.24695799220353365,0
3769,48.04856712499168,0.21820899564772844,0
3770,48.05934575002175,0.3690419835038483,0
3771,48.07129870902281,0.3345829900354147,0
3772,48.091474000015296,1.0202089906670153,0
3773,48.10264516703319,0.33433298813179135,0
3774,48.11340904200915,0.3208330017514527,0
3775,48.125468000012916,0.5659169983118773,0
3776,48.136248958995566,0.5827909917570651,0
3777,48.14938954199897,0.22658304078504443,0
3778,48.16178783401847,0.3773330245167017,0
3779,48.1747040420305,0.1567919971421361,0
3780,48.18704787502065,0.2538749831728637,0
3781,48.19871962501202,0.2572090015746653,0
3782,48.21052870899439,0.19529100973159075,0
3783,48.22328450001078,0.3630000283010304,0
3784,48.23540770902764,0.18233299488201737,0
3785,48.24721787503222,0.4180839750915766,0
3786,48.25914741703309,0.6613750010728836,0
3787,48.27260458399542,0.3058750298805535,0
3788,48.28477399999974,0.29779202304780483,0
3789,48.296783833997324,0.4725829930976033,0
3790,48.30741241702344,0.532749982085079,0
3791,48.31909775000531,0.24387502344325185,0
3792,48.3318938339944,0.2263330388814211,0
3793,48.3437018750119,0.2512499922886491,0
3794,48.355127417016774,0.35029201535508037,0
3795,48.36588420899352,0.2550409990362823,0
3796,48.37869279203005,0.2460419782437384,0
3797,48.39010966703063,0.2535419771447778,0
3798,48.40071512502618,0.3625419922173023,0
3799,48.413643417006824,0.260957982391119,0
3800,48.423971500014886,0.17487502191215754,0
3801,48.43671770900255,0.2515410305932164,0
3802,48.44898195902351,0.6844159797765315,0
3803,48.46006383403437,0.2269999822601676,0
3804,48.472095042001456,0.2820420195348561,0
3805,48.484433167031966,0.25287497555837035,0
3806,48.495508834021166,0.2247079974040389,0
3807,48.50606537499698,0.24141703033819795,0
3808,48.51702412503073,0.2739169867709279,0
3809,48.528740959009156,0.24462502915412188,0
3810,48.54153899999801,0.3053339896723628,0
3811,48.554377917025704,0.25520799681544304,0
3812,48.567161709012,0.16208301531150937,0
3813,48.579852499999106,0.2529170014895499,0
3814,48.59209537500283,0.21904200548306108,0
3815,48.6048457500292,0.2108750049956143,0
3816,48.61687491700286,0.2720420015975833,0
3817,48.629680624988396,0.17654203111305833,0
3818,48.64083162503084,0.17066695727407932,0
3819,48.65184520900948,0.23208302445709705,0
3820,48.66410137503408,0.19095896277576685,0
3821,48.676818750042,0.1947919954545796,0
3822,48.68954529199982,0.13795803533867002,0
3823,48.702399542031344,0.22158300271257758,0
3824,48.71358558401698,0.16308302292600274,0
3825,48.72626512503484,0.20154198864474893,0
3826,48.739005834038835,0.24883297737687826,0
3827,48.75178275001235,0.16758398851379752,0
3828,48.763589334033895,0.27662498177960515,0
3829,48.77638679201482,0.18966698553413153,0
3830,48.78911708400119,0.14604104217141867,0
3831,48.801788459008094,0.1942500239238143,0
3832,48.81407908402616,0.2579999854788184,0
3833,48.826898041996174,0.26754202554002404,0
3834,48.839688584033865,0.2459999523125589,0
3835,48.85245308402227,0.25233300402760506,0
3836,48.86467220901977,0.11020799865946174,0
3837,48.87732200004393,0.18224999075755477,0
3838,48.88793412502855,0.11049996828660369,0
3839,48.90058933402179,0.15629100380465388,0
3840,48.9110048750299,0.1782499602995813,0
3841,48.92377608403331,0.1337499707005918,0
3842,48.93450766702881,0.20962499547749758,0
3843,48.947259709006175,0.1414580037817359,0
3844,48.959913333994336,0.14554103836417198,0
3845,48.97258787503233,0.2282499917782843,0
3846,48.98536445898935,0.13941602082923055,0
3847,48.998042042017914,0.24708302225917578,0
3848,49.01084574998822,0.24379201931878924,0
3849,49.023173000023235,0.2364999963901937,0
3850,49.03444879199378,0.20991702331230044,0
3851,49.047036959032994,0.33012498170137405,0
3852,49.05741745902924,0.1860829652287066,0
3853,49.068185250042006,0.23304199567064643,0
3854,49.07988391700201,0.2929170150309801,0
3855,49.0921598339919,0.2542080474086106,0
3856,49.10300120903412,0.31337497057393193,0
3857,49.11419916700106,0.24066702462732792,0
3858,49.12698837503558,0.3325419966131449,0
3859,49.13989541702904,0.3784169675782323,0
3860,49.15283850004198,0.3617089823819697,0
3861,49.165778500027955,0.23516698274761438,0
3862,49.1775769169908,0.3938750014640391,0
3863,49.18805400002748,0.25579199427738786,0
3864,49.20087079203222,0.26691699167713523,0
3865,49.213702250039205,0.27895899256691337,0
3866,49.22412237501703,0.20570901688188314,0
3867,49.23556916700909,0.3559580072760582,0
3868,49.24849950004136,0.37637498462572694,0
3869,49.26090691704303,0.15362497651949525,0
3870,49.27299941703677,0.23162498837336898,0
3871,49.284747417026665,0.21258299238979816,0
3872,49.29628025001148,0.31733402283862233,0
3873,49.30809920903994,0.21562498295679688,0
3874,49.31995762500446,0.32837502658367157,0
3875,49.332842875039205,0.23341696942225099,0
3876,49.34544708399335,0.5018750089220703,0
3877,49.3566060840385,0.33741595689207315,0
3878,49.36864120903192,0.26608299231156707,0
3879,49.38045504200272,0.4101250087842345,0
3880,49.392106125014834,0.213916995562613,0
3881,49.403866542037576,0.287707953248173,0
3882,49.41671133402269,0.255499966442585,0
3883,49.42904129199451,0.28733303770422935,0
3884,49.43938362499466,0.31754199881106615,0
3885,49.45087629201589,0.2043750137090683,0
3886,49.463621959032025,0.23254100233316422,0
3887,49.476432875031605,0.22899999748915434,0
3888,49.489210750034545,0.23629196221008897,0
3889,49.50191166700097,0.27908303309231997,0
3890,49.513025459018536,0.25574996834620833,0
3891,49.52584466699045,0.24620804470032454,0
3892,49.538636709039565,0.20062498515471816,0
3893,49.548936834034976,0.20237499848008156,0
3894,49.561344249988906,0.24720904184505343,0
3895,49.57414633402368,0.26245799381285906,0
3896,49.58695374999661,0.2737500471994281,0
3897,49.59950687503442,0.19975000759586692,0
3898,49.61226025002543,0.26716699358075857,0
3899,49.625078042037785,0.22429198725149035,0
3900,49.637853874999564,0.17549999756738544,0
3901,49.64840591698885,0.3072500112466514,0
3902,49.66126095899381,0.15179102774709463,0
3903,49.67157537501771,0.29495899798348546,0
3904,49.68441675003851,0.13462494825944304,0
3905,49.6969952500076,0.768084020819515,0
3906,49.70837075001327,0.342792016454041,0
3907,49.71940745902248,0.6115409778431058,0
3908,49.73094287503045,0.3043749602511525,0
3909,49.743394375022035,0.3131249686703086,0
3910,49.75582583399955,0.35504100378602743,0
3911,49.767545750015415,0.23908400908112526,0
3912,49.78032791701844,0.22654200438410044,0
3913,49.79309433401795,0.19812502432614565,0
3914,49.80589533399325,0.375000003259629,0
3915,49.81891062500654,0.2452090266160667,0
3916,49.83000295900274,0.26400003116577864,0
3917,49.842133500031196,0.3121249610558152,0
3918,49.854999125003815,0.4104999825358391,0
3919,49.86800887499703,0.3925840137526393,0
3920,49.88078829203732,0.2574579557403922,0
3921,49.89260445901891,0.25649997405707836,0
3922,49.90447429200867,0.41437498293817043,0
3923,49.917966125009116,0.3522920305840671,0
3924,49.9308843750041,0.36491703940555453,0
3925,49.9421322090202,0.393458001781255,0
3926,49.95327904203441,0.39424997521564364,0
3927,49.96568245900562,0.36033301148563623,0
3928,49.97619670903077,0.3078329609706998,0
3929,49.98734250001144,0.32983400160446763,0
3930,50.00005529203918,0.3342079580761492,0
3931,50.01060708402656,0.42212498374283314,0
3932,50.023585459042806,0.16495794989168644,0
3933,50.03401537501486,0.2903750282712281,0
3934,50.046420750033576,0.3290419699624181,0
3935,50.05931020900607,0.39145798655226827,0
3936,50.0722486670129,0.16270799096673727,0
3937,50.08480654202867,0.18554198322817683,0
3938,50.09731133404421,0.40320795960724354,0
3939,50.10898466699291,0.341000035405159,0
3940,50.121888209017925,0.2803750103339553,0
3941,50.1327229590388,0.28325000312179327,0
3942,50.14556883403566,0.2744999947026372,0
3943,50.156425249995664,0.31229201704263687,0
3944,50.169299709028564,0.349665991961956,0
3945,50.18221170903416,0.3791659837588668,0
3946,50.19448862504214,0.33312494633719325,0
3947,50.20670229202369,0.4184169811196625,0
3948,50.21950129204197,0.2816249616444111,0
3949,50.23234870901797,0.34691597102209926,0
3950,50.24384850001661,0.4294170066714287,0
3951,50.25684375001583,0.42699999175965786,0
3952,50.268875542038586,0.22316694958135486,0
3953,50.27940379199572,0.29387499671429396,0
3954,50.29228045901982,0.44358300510793924,0
3955,50.30449629202485,0.48574997344985604,0
3956,50.317551834043115,0.2525409800000489,0
3957,50.33011758403154,0.408999971114099,0
3958,50.34294970904011,0.22687495220452547,0
3959,50.353818292031065,0.3059579757973552,0
3960,50.36559495900292,0.4635410150513053,0
3961,50.37862650002353,0.43633399764075875,0
3962,50.38926837500185,0.6046250346116722,0
3963,50.4024650840438,0.3199159982614219,0
3964,50.41532529203687,0.26712496764957905,0
3965,50.4281380000175,0.49858400598168373,0
3966,50.4387157500023,0.42400002712383866,0
3967,50.45171391702024,0.4912919830530882,0
3968,50.465494042029604,0.3179999766871333,0
3969,50.47838258399861,0.41145802242681384,0
3970,50.491388291993644,0.46375003876164556,0
3971,50.5020457089995,0.3929579979740083,0
3972,50.515029667003546,0.507791992276907,0
3973,50.52853537502233,0.5818339996039867,0
3974,50.54006179200951,0.44466700637713075,0
3975,50.55077100003837,1.6895000007934868,0
3976,50.56506670900853,0.47391600674018264,0
3977,50.57814804202644,0.44291699305176735,0
3978,50.59029508399544,0.4776249988935888,0
3979,50.601389791991096,1.2811670312657952,0
3980,50.61528525000904,0.43474999256432056,0
3981,50.627681875019334,0.2864999696612358,0
3982,50.64054020901676,0.29145798180252314,0
3983,50.65340745903086,0.3852079971693456,0
3984,50.66517329204362,0.35408296389505267,0
3985,50.67808845901163,0.397083000279963,0
3986,50.6910666670301,0.28612499590963125,0
3987,50.70378091704333,0.25629199808463454,0
3988,50.71432941703824,0.3652919549494982,0
3989,50.727418459020555,0.39237499004229903,0
3990,50.740154917002656,0.2727080136537552,0
3991,50.75206062500365,0.2810420119203627,0
3992,50.76366837503156,0.2553749945946038,0
3993,50.775845292024314,0.3112920094281435,0
3994,50.788724999991246,0.4211670020595193,0
3995,50.800981000007596,0.6122500053606927,0
3996,50.8137483340106,0.351875030901283,0
3997,50.825873958994634,0.527041032910347,0
3998,50.837478125002235,0.3107090014964342,0
3999,50.85037325002486,0.27058401610702276,0
4000,50.86320329201408,0.35870802821591496,0
4001,50.87612354202429,0.43166696559637785,0
4002,50.88842224999098,0.4261250142008066,0
4003,50.90089579200139,0.7147919968701899,0
4004,50.91407479200279,0.3886669874191284,0
4005,50.926577500009444,0.3190839779563248,0
4006,50.93705820903415,0.38300000596791506,0
4007,50.9500172919943,0.22650003666058183,0
4008,50.96164329198655,0.41204201988875866,0
4009,50.97219495900208,0.2645410131663084,0
4010,50.98493270901963,0.27958297869190574,0
4011,50.997813916997984,0.38070802111178637,0
4012,51.01146408403292,0.8640000014565885,0
4013,51.024202792032156,0.332249968778342,0
4014,51.03710654203314,0.34316699020564556,0
4015,51.05014900001697,0.3474170225672424,0
4016,51.06061429204419,0.6361249834299088,0
4017,51.073944959032815,0.3375000087544322,0
4018,51.08696174999932,0.4430839908309281,0
4019,51.099960374995135,0.42216700967401266,0
4020,51.110648625006434,0.6139589822851121,0
4021,51.12384420901071,0.34612498711794615,0
4022,51.13674741704017,0.25466695660725236,0
4023,51.149629583989736,0.2745410311035812,0
4024,51.16245483403327,0.25295797968283296,0
4025,51.17396829201607,0.2698749885894358,0
4026,51.18680145899998,0.24891603970900178,0
4027,51.19755008403445,0.248999975156039,0
4028,51.21035654202569,0.3282079705968499,0
4029,51.22124616702786,0.25112496223300695,0
4030,51.232912292005494,0.24841702543199062,0
4031,51.24761195899919,0.7838330348022282,0
4032,51.261049500026274,0.34770899219438434,0
4033,51.27407658402808,0.4331659874878824,0
4034,51.28717012499692,0.5481250118464231,0
4035,51.30036229203688,0.3386669559404254,0
4036,51.31181841698708,0.2150830114260316,0
4037,51.32468662504107,0.5407919525168836,0
4038,51.335661666991655,0.25395804550498724,0
4039,51.34658983402187,0.27845799922943115,0
4040,51.35814454202773,0.7591670146211982,0
4041,51.37065724999411,1.2577500310726464,0
4042,51.38390670903027,0.45920797856524587,0
4043,51.3969697499997,0.3635000321082771,0
4044,51.40993220900418,0.42879098327830434,0
4045,51.42262141703395,0.6184169906191528,0
4046,51.43558179202955,0.6396669778041542,0
4047,51.44886016700184,0.33841701224446297,0
4048,51.460208584030624,0.4013329744338989,0
4049,51.473185000009835,0.5162089946679771,0
4050,51.48532483400777,0.3259159857407212,0
4051,51.4975459590205,0.2240000176243484,0
4052,51.50939341704361,0.2502079587429762,0
4053,51.52174320904305,0.29199995333328843,0
4054,51.53320350003196,0.5402499809861183,0
4055,51.544924709014595,0.3660410293377936,0
4056,51.55600250000134,0.5255420110188425,0
4057,51.56762979202904,0.44308300130069256,0
4058,51.579009417037014,0.24933298118412495,0
4059,51.59002566704294,0.3179169725626707,0
4060,51.60186637501465,0.267833995167166,0
4061,51.614713500021026,0.39108400233089924,0
4062,51.62771612498909,0.2393340109847486,0
4063,51.63936108403141,0.3178750048391521,0
4064,51.650872291997075,0.276917009614408,0
4065,51.66373583400855,0.29220798751339316,0
4066,51.67660116701154,0.224083021748811,0
4067,51.68879041704349,0.2847499563358724,0
4068,51.701610666990746,0.36575004924088717,0
4069,51.71405104204314,0.287041999399662,0
4070,51.725933584035374,0.273957964964211,0
4071,51.73734475002857,0.29925000853836536,0
4072,51.74963379203109,0.4249169724062085,0
4073,51.76151691703126,0.4255829844623804,0
4074,51.773263874987606,0.3268750151619315,0
4075,51.78509658400435,0.225124997086823,0
4076,51.79787191702053,0.25237497175112367,0
4077,51.81070087500848,0.4641250125132501,0
4078,51.823746209032834,0.28316600946709514,0
4079,51.83659979200456,0.46250002924352884,0
4080,51.84966408403125,0.5361249786801636,0
4081,51.86241845902987,0.9209999698214233,0
4082,51.87759529199684,0.4848330281674862,0
4083,51.89098575001117,0.2870000316761434,0
4084,51.90383700001985,0.3792499774135649,0
4085,51.915015917038545,0.3046669880859554,0
4086,51.927921375026926,0.40720897959545255,0
4087,51.93871025001863,0.30112499371171,0
4088,51.950577625015285,0.4579169908538461,0
4089,51.96349666704191,0.7522499654442072,0
4090,51.9768553749891,0.49808400217443705,0
4091,51.989972459035926,0.29566598823294044,0
4092,52.00179633399239,0.4888750263489783,0
4093,52.01487050001742,0.5434589693322778,0
4094,52.02653845900204,0.43237500358372927,0
4095,52.039538709039334,0.3797079552896321,0
4096,52.05250595899997,0.7990830345079303,0
4097,52.06340041704243,0.27129199588671327,0
4098,52.075685999996495,0.3380000125616789,0
4099,52.08710908400826,0.3471660311333835,0
4100,52.09938379202504,0.31924998620525,0
4101,52.112262375012506,0.23912498727440834,0
4102,52.12468762503704,0.26633398374542594,0
4103,52.137263792043086,0.29108294984325767,0
4104,52.14769750001142,0.2681249752640724,0
4105,52.16052395902807,0.4653749638237059,0
4106,52.17404566699406,1.0071670403704047,0
4107,52.18733170902124,0.44845801312476397,0
4108,52.20035749999806,0.2969590132124722,0
4109,52.21176108403597,0.22441596956923604,0
4110,52.224531042040326,0.24158298037946224,0
4111,52.235115792020224,0.24804199347272515,0
4112,52.24661983404076,0.2680409816093743,0
4113,52.259446542011574,0.2502499846741557,0
4114,52.2709128340357,0.2502079587429762,0
4115,52.2837051670067,0.21058303536847234,0
4116,52.29646187502658,0.2899589599110186,0
4117,52.30761050002184,0.25579199427738786,0
4118,52.31866920902394,0.2698329626582563,0
4119,52.33121004200075,0.23387500550597906,0
4120,52.34310333401663,0.26649999199435115,0
4121,52.3544696670142,0.4220000118948519,0
4122,52.36751633399399,0.24050002684816718,0
4123,52.378487000009045,0.6671670125797391,0
4124,52.39182337501552,0.2892499906010926,0
4125,52.402315000013914,0.7488750270567834,0
4126,52.414054583990946,0.8451250032521784,0
4127,52.427036292036064,0.2716250019147992,0
4128,52.43774016702082,2.8314170194789767,0
4129,52.45313466701191,0.24208298418670893,0
4130,52.46601708402159,0.2871250035241246,0
4131,52.47653254203033,0.2601669984869659,0
4132,52.48814870900242,0.5654580309055746,0
4133,52.50003483402543,0.4510409780777991,0
4134,52.51323416701052,0.38937502540647984,0
4135,52.52515370899346,1.6307079931721091,0
4136,52.53934166702675,0.2799999783746898,0
4137,52.55254037503619,0.23058400256559253,0
4138,52.563151209033094,0.32433297019451857,0
4139,52.574125792016275,0.31520798802375793,0
4140,52.58638629200868,0.5543750012293458,0
4141,52.59957433398813,0.4082500236108899,0
4142,52.611096667009406,0.4395830328576267,0
4143,52.62348812504206,0.265624956227839,0
4144,52.6355344170006,0.7975000189617276,0
4145,52.64893329201732,0.24441699497401714,0
4146,52.662055667024106,0.29262498719617724,0
4147,52.6728535000002,0.24833402130752802,0
4148,52.68545383401215,0.9325830033048987,0
4149,52.69896562502254,0.37349999183788896,0
4150,52.71190887503326,0.2690840046852827,0
4151,52.724752334004734,0.298250000923872,0
4152,52.73730883403914,0.23629097267985344,0
4153,52.750135125010274,0.2853749901987612,0
4154,52.76334945904091,0.25699997786432505,0
4155,52.77518754202174,0.336957979016006,0
4156,52.78701833402738,0.36333297612145543,0
4157,52.79838104202645,0.2655420103110373,0
4158,52.81119670899352,0.31112501164898276,0
4159,52.82403466699179,0.23870804579928517,0
4160,52.83682341699023,0.22058305330574512,0
4161,52.84788408403983,0.14249997911974788,0
4162,52.860564167029224,0.3008329658769071,0
4163,52.87122766702669,0.2684170030988753,0
4164,52.88404754200019,0.2828750293701887,0
4165,52.89639812504174,0.212083978112787,0
4166,52.908772792026866,0.35804201615974307,0
4167,52.91925904201344,1.0393330012448132,0
4168,52.93111679202411,0.6745000137016177,0
4169,52.943429917038884,0.4621249972842634,0
4170,52.95570529199904,0.30337501084432006,0
4171,52.96856733399909,0.2643750049173832,0
4172,52.97996291698655,0.35487505374476314,0
4173,52.99286983400816,0.24204101646319032,0
4174,53.00392995902803,0.22866600193083286,0
4175,53.01669379201485,0.17383298836648464,0
4176,53.029397000034805,0.18854200607165694,0
4177,53.041107875003945,0.26362499920651317,0
4178,53.052922792034224,0.26070798048749566,0
4179,53.06572708400199,0.2817080239765346,0
4180,53.078577084001154,0.28795801335945725,0
4181,53.0914333750261,0.259124964941293,0
4182,53.10224387503695,0.42991695227101445,0
4183,53.11525487503968,0.3248749999329448,0
4184,53.12561975000426,0.18120900494977832,0
4185,53.137427959009074,0.26891601737588644,0
4186,53.14996854204219,0.26000000070780516,0
4187,53.16279366699746,0.31979201594367623,0
4188,53.1754360840423,0.22037496091797948,0
4189,53.188306334021036,0.270040996838361,0
4190,53.20114250003826,0.7429589750245214,0
4191,53.21440687502036,0.2204999909736216,0
4192,53.227182709029876,0.4440409829840064,0
4193,53.23993912502192,0.27187500381842256,0
4194,53.252827499993145,0.46170904533937573,0
4195,53.265902667015325,0.22358301794156432,0
4196,53.27750150003703,0.3117919550277293,0
4197,53.290370834001806,0.244333001319319,0
4198,53.30293033400085,0.48562500160187483,0
4199,53.31600145902485,0.5450829630717635,0
4200,53.329128042038064,0.23520796094089746,0
4201,53.34191712504253,0.29558397363871336,0
4202,53.35291729203891,0.2667919616214931,0
4203,53.36373654199997,0.39054203080013394,0
4204,53.3746330839931,0.3058750298805535,0
4205,53.38522970903432,0.8315409650094807,0
4206,53.39863812504336,0.46070897951722145,0
4207,53.41168908402324,0.36087498301640153,0
4208,53.42217754200101,0.3107080119661987,0
4209,53.434033792000264,1.6231670160777867,0
4210,53.44648370903451,0.558124971576035,0
4211,53.45965320902178,0.6061659660190344,0
4212,53.471103209012654,0.4767909995280206,0
4213,53.48185029200977,0.8695420110598207,0
4214,53.49538137501804,0.5162919987924397,0
4215,53.50851941702422,0.6143749924376607,0
4216,53.52020850003464,0.5606249906122684,0
4217,53.533393541991245,0.6867080228403211,0
4218,53.54515166702913,0.4128749715164304,0
4219,53.55618399998639,0.6527920486405492,0
4220,53.567959875043016,0.4514589672908187,0
4221,53.58051241701469,0.3601249773055315,0
4222,53.593451916996855,0.4300830187276006,0
4223,53.60600087500643,0.37050002720206976,0
4224,53.617601667006966,0.2507499884814024,0
4225,53.63043416698929,0.47820800682529807,0
4226,53.64355904201511,0.3896669950336218,0
4227,53.65475412498927,1.2949590454809368,0
4228,53.66875491698738,0.4484170349314809,0
4229,53.68201179202879,1.001583004835993,0
4230,53.69402858399553,0.742041040211916,0
4231,53.7073480419931,0.2626250497996807,0
4232,53.7205947090406,0.20541599951684475,0
4233,53.73121766699478,1.2353750062175095,0
4234,53.74565400002757,0.8063749992288649,0
4235,53.758976667013485,0.39912498323246837,0
4236,53.77205520903226,0.48241595504805446,0
4237,53.78427262499463,0.726416998077184,0
4238,53.79530724999495,0.6552500417456031,0
4239,53.80874991702149,0.34245802089571953,0
4240,53.82026229199255,0.438000017311424,0
4241,53.83136720902985,0.2324579982087016,0
4242,53.8419005839969,0.6702500395476818,0
4243,53.85916783398716,66.62920804228634,0
4244,53.976795084017795,15.899666002951562,0
4245,54.01680462498916,15.36316704005003,0
4246,54.04909529199358,0.44704199535772204,0
4247,54.065674042038154,8.771999971941113,0
4248,54.090843334037345,0.28624996775761247,0
4249,54.103819959040266,1.0383329936303198,0
4250,54.11748079198878,4.282125039026141,0
4251,54.13351574999979,0.44220901327207685,0
4252,54.14674408402061,0.7994580082595348,0
4253,54.16041370900348,0.6984160281717777,0
4254,54.17467945901444,4.306707996875048,0
4255,54.191878792014904,0.5569580243900418,0
4256,54.20576816704124,0.40441699093207717,0
4257,54.21874495904194,0.5319579504430294,0
4258,54.23055487498641,0.25162502424791455,0
4259,54.24337149999337,0.3428750205785036,0
4260,54.25586708402261,0.45537500409409404,0
4261,54.2668961249874,0.32762502087280154,0
4262,54.27978933398845,0.7574160117655993,0
4263,54.29350033402443,0.26524998247623444,0
4264,54.30601941701025,0.5317500326782465,0
4265,54.31743279204238,0.24429196491837502,0
4266,54.328627500042785,0.2800419460982084,0
4267,54.34147429204313,0.3251249436289072,0
4268,54.3525051670149,0.507833028677851,0
4269,54.36416883399943,0.8459580130875111,0
4270,54.37698525004089,0.6731249741278589,0
4271,54.38795608404325,0.3927910001948476,0
4272,54.3985523339943,0.377874996047467,0
4273,54.41007725003874,0.5037919618189335,0
4274,54.4209218340111,0.4450000124052167,0
4275,54.43299233401194,4.431249981280416,0
4276,54.44856079202145,0.20487501751631498,0
4277,54.46133399999235,1.4200840378180146,0
4278,54.474456541996915,0.7141249952837825,0
4279,54.48775558400666,1.0848750243894756,0
4280,54.50048179202713,1.216583012137562,0
4281,54.5144334170036,0.7233330397866666,0
4282,54.52676712500397,1.167000038549304,0
4283,54.54013079201104,0.653291994240135,0
4284,54.5923695419915,5.242792016360909,0
4285,54.647465833986644,5.0049580167979,0
4286,54.66757983400021,0.7128750439733267,0
4287,54.71669087500777,40.90304201235995,0
4288,54.7768731249962,16.28529204754159,0
4289,54.80575454200152,1.275208021979779,0
4290,54.81742208398646,5.313708039466292,0
4291,54.83442741702311,3.2915420015342534,0
4292,54.850449084013235,0.25625003036111593,0
4293,54.8626412920421,0.31945796217769384,0
4294,54.874943167029414,0.5949999904260039,0
4295,54.888200459012296,0.29104098211973906,0
4296,54.90044300002046,0.7202919805422425,0
4297,54.91243679198669,0.30729203717783093,0
4298,54.924001750012394,0.2975839888677001,0
4299,54.936005917028524,0.2714999718591571,0
4300,54.94980649999343,0.35141699481755495,0
4301,54.96178079204401,0.6104999920353293,0
4302,54.97510062501533,0.37404202157631516,0
4303,54.98820320900995,0.39545801701024175,0
4304,54.99950670899125,1.0053330333903432,0
4305,55.011227834038436,0.40983298094943166,0
4306,55.02311145904241,0.29291596729308367,0
4307,55.03697145899059,0.24670804850757122,0
4308,55.04889133403776,0.2621249877847731,0
4309,55.062035709037445,0.3904159530065954,0
4310,55.07465450000018,0.3064590273424983,0
4311,55.0875285420334,0.28241699328646064,0
4312,55.09815258398885,1.3583750114776194,0
4313,55.11257658404065,0.48037496162578464,0
4314,55.12494787503965,0.7740839500911534,0
4315,55.14096683403477,0.4241249989718199,0
4316,55.15425037499517,0.35387504613026977,0
4317,55.19981449999614,5.980125046335161,0
4318,55.25446354201995,91.1580829997547,0
4319,55.398914791992866,7.14241701643914,0
4320,55.42479583399836,25.196500006131828,0
4321,55.46461983403424,5.598832969553769,0
4322,55.483784375013784,4.292958998121321,0
4323,55.49895108403871,0.4740830045193434,0
4324,55.51101408404065,1.273999980185181,0
4325,55.52495462499792,0.2459170063957572,0
4326,55.5408895839937,4.548541037365794,0
4327,55.557337084028404,2.458499977365136,0
4328,55.572564458998386,2.6153330109082162,0
4329,55.59483483398799,2.543000038713217,0
4330,55.61050675000297,0.6803750293329358,0
4331,55.62169416702818,1.2062079622410238,0
4332,55.6343672919902,1.2242080410942435,0
4333,55.648706792038865,0.25895796716213226,0
4334,55.66156958398642,0.23866601986810565,0
4335,55.67221950000385,0.3696670173667371,0
4336,55.68539466703078,1.5067079802975059,0
4337,55.699424542021006,0.1990830060094595,0
4338,55.70988075004425,0.7976249908097088,0
4339,55.72397375002038,1.9348339992575347,0
4340,55.73958166700322,0.5262080230750144,0
4341,55.7537207500427,6.23749999795109,0
4342,55.7712487920071,0.28525001835078,0
4343,55.78639275004389,4.401041951496154,0
4344,55.80418420903152,1.8021249561570585,0
4345,55.822713166999165,0.4445830127224326,0
4346,55.838017000001855,2.9701670282520354,0
4347,55.8610010840348,1.8253749585710466,0
4348,55.87529954203637,12.54979195073247,0
4349,55.905483125010505,14.33020900003612,0
4350,55.9324442500365,0.34595897886902094,0
4351,55.9487497920054,0.5660420283675194,0
4352,55.992253334028646,4.960833000950515,0
4353,56.04536529199686,24.461958033498377,0
4354,56.11531179200392,2.1748750004917383,0
4355,56.164771209005266,0.781790993642062,0
4356,56.21662662504241,4.15316695580259,0
4357,56.27120579202892,1.434416975826025,0
4358,56.32209716702346,2.9990000184625387,0
4359,56.37465033400804,4.029375035315752,0
4360,56.427324459014926,2.57349997991696,0
4361,56.53693529200973,2.950125024653971,0
4362,56.587744917022064,1.1657499708235264,0
4363,56.63949000003049,1.372499973513186,0
4364,56.68896041699918,6.171374989207834,0
4365,56.741025333991274,52.395541046280414,0
4366,56.84494587499648,55.163417011499405,0
4367,56.948709167016204,95.6122080096975,0
4368,57.098823542008176,2.354542026296258,0
4369,57.11346908402629,0.3827500040642917,0
4370,57.125498125038575,1.6367919743061066,0
4371,57.14821929199388,0.548417039681226,0
4372,57.190825875033624,7.996291969902813,0
4373,57.22571154200705,0.2307079848833382,0
4374,57.278178000007756,0.4823339986614883,0
4375,57.29748712503351,69.66633396223187,0
4376,57.47715683403658,0.779666006565094,0
4377,57.51777945901267,10.615499981213361,0
4378,57.54908075003186,50.40025000926107,0
4379,57.65140520903515,26.11124998657033,0
4380,57.698762459040154,0.2306659589521587,0
4381,57.71158329199534,1.1578330304473639,0
4382,57.725763500027824,14.597249974031001,0
4383,57.750765250006225,13.189584016799927,0
4384,57.81124875001842,2.400917001068592,0
4385,57.83075337501941,7.594167022034526,0
4386,57.85542279202491,45.11816700687632,0
4387,57.91429108398734,38.960833044257015,0
4388,57.96367025002837,1.224084000568837,0
4389,57.99800900003174,0.4717090050689876,0
4390,58.03078725002706,13.823834015056491,0
4391,58.05951604200527,0.25770801585167646,0
4392,58.07412775000557,0.35500002559274435,0
4393,58.08621974999551,1.1027500149793923,0
4394,58.09812737500761,0.28766703326255083,0
4395,58.11063529201783,0.25591702433303,0
4396,58.131955125019886,14.58516699494794,0
4397,58.16177691699704,0.7937499904073775,0
4398,58.179070459038485,2.867499948479235,0
4399,58.19733170903055,0.7344579789787531,0
4400,58.20963816699805,1.60529202548787,0
4401,58.22381962504005,1.2055839761160314,0
4402,58.238478459010366,0.9280830272473395,0
4403,58.25105037499452,1.1530420160852373,0
4404,58.26614512503147,3.911999985575676,0
4405,58.28588479204336,0.30749995494261384,0
4406,58.298807834042236,0.42820797534659505,0
4407,58.31202075001784,1.94041698705405,0
4408,58.326573292026296,0.27845799922943115,0
4409,58.33775008399971,1.1378750205039978,0
4410,58.354853124998044,0.6797090172767639,0
4411,58.370264667028096,2.7406669687479734,0
4412,58.398933042015415,0.3540419857017696,0
4413,58.41519550001249,15.413584013003856,0
4414,58.46629783400567,4.1553330374881625,0
4415,58.48381345899543,6.768916035071015,0
4416,58.50343433400849,0.42325002141296864,0
4417,58.516464875021484,0.35670900251716375,0
4418,58.53010004200041,0.5251250113360584,0
4419,58.54377466702135,0.9655830217525363,0
4420,58.557299500040244,0.5065839504823089,0
4421,58.57037095900159,1.2532910332083702,0
4422,58.584204209037125,4.596415965352207,0
4423,58.6166195840342,13.728790974710137,0
4424,58.64312945900019,1.654916035477072,0
4425,58.65801683400059,0.2622079919092357,0
4426,58.67082462500548,0.46854198444634676,0
4427,58.687027875042986,3.4767499892041087,0
4428,58.70518616703339,0.5406249547377229,0
4429,58.72274954203749,25.516833004076034,0
4430,58.773284709022846,18.575249996501952,0
4431,58.80941033404088,2.14095797855407,0
4432,58.82223995903041,7.696624961681664,0
4433,58.842715959006455,1.8008750048466027,0
4434,58.85488183400594,3.777500009164214,0
4435,58.87486025004182,3.3984999754466116,0
4436,58.88901308400091,0.7028750260360539,0
4437,58.900886874995194,1.9984590471722186,0
4438,58.914722292043734,0.35083299735561013,0
4439,58.930427584040444,0.23691594833508134,0
4440,58.944034334039316,3.1509159598499537,0
4441,58.95833258400671,0.5357500049285591,0
4442,58.97157175000757,0.25220902170985937,0
4443,58.98663050000323,0.3515839925967157,0
4444,58.99795379198622,0.2460000105202198,0
4445,59.013720666989684,0.6006670300848782,0
4446,59.02869266702328,14.617917011491954,0
4447,59.05490358400857,3.3875409862957895,0
4448,59.077836959040724,5.626874975860119,0
4449,59.09746666700812,0.9914999827742577,0
4450,59.113510916999076,1.5442920266650617,0
4451,59.13713537500007,6.664084037765861,0
4452,59.15645383403171,33.41362497303635,0
4453,59.21751354204025,5.33112499397248,0
4454,59.24822929198854,9.49162500910461,0
4455,59.2701464589918,0.46916602877900004,0
4456,59.2970357920276,31.242957978975028,0
4457,59.34098266699584,1.8758749938569963,0
4458,59.35688554198714,3.1373330275528133,0
4459,59.41971058404306,5.81858295481652,0
4460,59.47246641700622,35.388833028264344,0
4461,59.57202762499219,3.8410419947467744,0
4462,59.64814591698814,59.889083029702306,0
4463,59.79122275003465,1.0722089791670442,0
4464,59.84391537500778,7.366334029939026,0
4465,59.94429316703463,,1
4466,60.448547125037294,1.7147919861599803,0
4467,60.50082100002328,4.27841697819531,0
4468,60.55337237502681,1.275916991289705,0
4469,60.60911933402531,,1
4470,60.90918037499068,7.272709044627845,0
4471,60.97005737503059,27.24816696718335,0
4472,61.03816962504061,54.10787498112768,0
4473,61.14499112503836,28.105166973546147,0
4474,61.21953283401672,51.37329100398347,0
4475,61.321404792019166,1.8642080249264836,0
4476,61.36775995901553,106.81429097894579,0
4477,61.56664820900187,127.16991599882022,0
4478,61.74591470899759,7.42987502599135,0
4479,61.76620237500174,3.7937500164844096,0
4480,61.782609416986816,13.755958003457636,0
4481,61.81486375001259,0.5809590220451355,0
4482,61.83932625001762,61.727499996777624,0
4483,61.93029150000075,0.7332090171985328,0
4484,61.94222558400361,0.3809159970842302,0
4485,61.95703141699778,0.4770419909618795,0
4486,61.97014400002081,5.115958978421986,0
4487,61.989926834008656,0.6566660013049841,0
4488,62.00358595902799,0.559957989025861,0
4489,62.025142209022306,23.451916000340134,0
4490,62.05988979199901,0.7598749944008887,0
4491,62.12601320899557,0.8023330010473728,0
4492,62.17761449998943,0.5238340236246586,0
4493,62.21801808400778,9.540957980789244,0
4494,62.23822550004115,0.5704999784938991,0
4495,62.25674375001108,19.05216701561585,0
4496,62.28981833404396,4.475374997127801,0
4497,62.30717641703086,4.418833006639034,0
4498,62.323709541989956,1.1215420090593398,0
4499,62.33736891701119,0.19104202510789037,0
4500,62.35016575001646,0.3422499867156148,0
4501,62.36534612503601,1.6567090060561895,0
4502,62.380887792038266,0.3120419569313526,0
4503,62.393381000030786,4.034709010738879,0
4504,62.41022691701073,0.7803330081515014,0
4505,62.42161366704386,3.9376249769702554,0
4506,62.438241542025935,0.24458300322294235,0
4507,62.45129791699583,2.208125020842999,0
4508,62.46626200003084,6.280833971686661,0
4509,62.4869544589892,2.4765830021351576,0
4510,62.503332792024594,3.251250018365681,0
4511,62.54930037498707,5.5912090465426445,0
4512,62.600755667022895,5.266791966278106,0
4513,62.72816983400844,70.77262498205528,0
4514,62.81416516698664,19.229042052756995,0
4515,62.84930720902048,0.5118749686516821,0
4516,62.872411750024185,5.744833964854479,0
4517,62.894453084038105,4.072624957188964,0
4518,62.91310720902402,0.9516659774817526,0
4519,62.92576654203003,6.0566249885596335,0
4520,62.95765558403218,0.5530829657800496,0
4521,62.9756763339974,22.826291038654745,0
4522,63.04213220899692,1.4364999951794744,0
4523,63.097614541999064,2.448583021759987,0
4524,63.14936812501401,5.935958994086832,0
4525,63.24362975003896,1.7041669925674796,0
4526,63.29576537501998,2.2486670059151947,0
4527,63.34923950000666,2.994249982293695,0
4528,63.44817300001159,0.3842089790850878,0
4529,63.461618625035044,1.6132500022649765,0
4530,63.49028908403125,6.1427499749697745,0
4531,63.51788875000784,2.724417019635439,0
4532,63.53721662500175,1.9874999998137355,0
4533,63.553165499994066,0.6409170455299318,0
4534,63.590091667021625,0.801375019364059,0
4535,63.623811958997976,20.744500041473657,0
4536,63.65838212502422,5.996041989419609,0
4537,63.6798385840375,5.489540984854102,0
4538,63.69810412504012,0.2679169992916286,0
4539,63.71749524999177,6.042459048330784,0
4540,63.73907216702355,0.40787499165162444,0
4541,63.759138541994616,7.208833005279303,0
4542,63.78032750001876,18.804459017701447,0
4543,63.8426580420346,6.7707079579122365,0
4544,63.86662887502462,35.183208994567394,0
4545,63.95818291703472,7.984332973137498,0
4546,64.08329583401792,,1
4547,64.26897637499496,44.94470899226144,0
4548,64.32675233401824,1.19162502232939,0
4549,64.34032779204426,0.5779169732704759,0
4550,64.35268758400343,0.2562080044299364,0
4551,64.365520249994,0.40658400394022465,0
4552,64.37853145902045,0.5304579972289503,0
4553,64.39219762501307,0.3248749999329448,0
4554,64.4054052500287,0.36750000435858965,0
4555,64.41772274998948,1.152500044554472,0
4556,64.4292867500335,1.3462919741868973,0
4557,64.44152258400572,0.5579580320045352,0
4558,64.45474600000307,0.3933340194635093,0
4559,64.47137033403851,1.1216249549761415,0
4560,64.4860911249998,0.2977499971166253,0
4561,64.49967558402568,0.2793329767882824,0
4562,64.5125272499863,0.25704200379550457,0
4563,64.52466016699327,0.25533302687108517,0
4564,64.53657816699706,0.2673750277608633,0
4565,64.54940541699762,0.27954200049862266,0
4566,64.56224379199557,0.26987504679709673,0
4567,64.57506312499754,1.1374590103514493,0
4568,64.588742833992,0.3445830079726875,0
4569,64.60199166700477,0.39783300599083304,0
4570,64.61475441703806,0.2717080060392618,0
4571,64.62649708404206,0.8148749475367367,0
4572,64.63998716702918,0.397041963879019,0
4573,64.65328025002964,0.26641698786988854,0
4574,64.66380362503696,0.28066697996109724,0
4575,64.67597004200798,0.2810420119203627,0
4576,64.68883716699202,0.4261250142008066,0
4577,64.70163850003155,0.3063339972868562,0
4578,64.714501709037,0.32175000524148345,0
4579,64.72740949998843,0.2982090227305889,0
4580,64.73852504201932,0.28379197465255857,0
4581,64.75170116702793,0.3225830150768161,0
4582,64.76211391703691,0.32216700492426753,0
4583,64.77500025002519,0.42454199865460396,0
4584,64.7878109170124,0.2965829917229712,0
4585,64.80007624998689,9.233042015694082,0
4586,64.82188624999253,0.32575003569945693,0
4587,64.8348138750298,0.43529196409508586,0
4588,64.84779783402337,0.39391597965732217,0
4589,64.85973279201426,0.32945798011496663,0
4590,64.87284625001485,0.9263340034522116,0
4591,64.88547262502834,0.2819590154103935,0
4592,64.89832220901735,0.3613330191001296,0
4593,64.91005212499294,0.3110840334556997,0
4594,64.92293250001967,0.33779197838157415,0
4595,64.93690604204312,0.32879196805879474,0
4596,64.94741862500086,0.262417015619576,0
4597,64.96025125001324,0.28604199178516865,0
4598,64.97232729202369,0.31154201133176684,0
4599,64.98272041702876,0.4083749954588711,0
4600,64.99604645901127,0.37174997851252556,0
4601,65.00739458401222,0.49050000961869955,0
4602,65.02046158403391,0.26545795844867826,0
4603,65.03328708402114,0.2699579927138984,0
4604,65.04545479203807,0.3172919969074428,0
4605,65.05887129204348,0.2905000001192093,0
4606,65.07112508401042,0.35500002559274435,0
4607,65.08404354203958,0.27054199017584324,0
4608,65.09631216700654,0.27550000231713057,0
4609,65.10915670898976,0.42225001379847527,0
4610,65.11998524999944,0.32900000223889947,0
4611,65.13097275001928,0.3158340114168823,0
4612,65.14394679199904,0.35625003511086106,0
4613,65.15742208401207,1.175958022940904,0
4614,65.17352945898892,2.0210830261930823,0
4615,65.18801583402092,0.32304099295288324,0
4616,65.20090758398874,0.21891604410484433,0
4617,65.213672709011,0.22350001381710172,0
4618,65.2264365000301,0.2560419961810112,0
4619,65.23902050004108,0.9586249943822622,0
4620,65.25257775001228,0.20670902449637651,0
4621,65.26531741704093,0.21895795362070203,0
4622,65.27807920903433,0.2472909982316196,0
4623,65.29106875002617,0.4574169870465994,0
4624,65.30368012504186,0.27420895639806986,0
4625,65.31650750001427,0.338084006216377,0
4626,65.32942820899189,0.2507910248823464,0
4627,65.3421424170374,0.2293749712407589,0
4628,65.35515187500278,0.2477089874446392,0
4629,65.367194749997,0.23479200899600983,0
4630,65.3799732089974,0.29200001154094934,0
4631,65.39280775003135,0.24341698735952377,0
4632,65.40434233401902,0.2608330105431378,0
4633,65.41717641701689,0.3066670033149421,0
4634,65.43301141698612,0.4497500485740602,0
4635,65.44414991699159,0.3040420124307275,0
4636,65.45564620901132,0.5307910032570362,0
4637,65.46911987499334,0.2856250503100455,0
4638,65.48196900001494,0.27712498558685184,0
4639,65.4931485420093,0.309124996419996,0
4640,65.50577841699123,0.29450003057718277,0
4641,65.51877941703424,1.57270795898512,0
4642,65.53293675003806,0.2899999963119626,0
4643,65.54745308402926,0.7555409683845937,0
4644,65.56081575003918,1.7481669783592224,0
4645,65.57841804198688,9.92716703331098,0
4646,65.60090937500354,0.22475002333521843,0
4647,65.61367950000567,0.24458399275317788,0
4648,65.62647729204036,0.25454198475927114,0
4649,65.63930633402197,0.3887079656124115,0
4650,65.65687429200625,1.1779579799622297,0
4651,65.67009541700827,3.386166994459927,0
4652,65.68595000001369,0.9242920204997063,0
4653,65.70757658401271,8.869040990248322,0
4654,65.73822283401387,0.6954999989829957,0
4655,65.75130570901092,0.7672500214539468,0
4656,65.7634270840208,0.2662499900907278,0
4657,65.77756437502103,0.3522089682519436,0
4658,65.7889030840015,0.5839579971507192,0
4659,65.80173829203704,0.37812499795109034,0
4660,65.81954391702311,2.950750000309199,0
4661,65.84212333400501,0.2993750385940075,0
4662,65.85421750001842,0.5296249873936176,0
4663,65.86736554204253,0.37629198050126433,0
4664,65.88030712504406,0.6871249643154442,0
4665,65.89311300002737,0.32333401031792164,0
4666,65.90496399998665,0.30141702154651284,0
4667,65.91709054203238,0.2952920040115714,0
4668,65.92894808400888,0.38525002310052514,0
4669,65.94190908403834,0.37179095670580864,0
4670,65.95485837501474,0.2863340196199715,0
4671,65.9677008340368,0.5140409921295941,0
4672,65.98075595899718,0.21287502022460103,0
4673,65.99309416703181,0.2169579965993762,0
4674,66.00585775001673,0.25095901219174266,0
4675,66.01839733403176,0.44604099821299314,0
4676,66.03115587501088,0.4271250218153,0
4677,66.04415670898743,0.23550004698336124,0
4678,66.0548060000292,0.30379201052710414,0
4679,66.06703475001268,0.2643750049173832,0
4680,66.08034233399667,0.27133303228765726,0
4681,66.09220320900204,0.23800000781193376,0
4682,66.10506441700272,0.3102500340901315,0
4683,66.11695316701662,0.2647920046001673,0
4684,66.12861012498615,1.060459006112069,0
4685,66.1413434999995,0.5016250070184469,0
4686,66.15344541700324,1.2291250168345869,0
4687,66.16536733403336,0.2474159700796008,0
4688,66.17596979200607,0.2762920339591801,0
4689,66.18880841700593,0.2546670148149133,0
4690,66.20044745900668,0.2763330121524632,0
4691,66.21330750000197,0.3019170253537595,0
4692,66.22498608403839,0.25595800252631307,0
4693,66.23660579201533,0.259542022831738,0
4694,66.24726145900786,0.24520797887817025,0
4695,66.2600650000386,0.24395895889028907,0
4696,66.27078995900229,0.30975003028288484,0
4697,66.28217387502082,0.27583399787545204,0
4698,66.29502758401213,0.41020801290869713,0
4699,66.30802833399503,0.4101660451851785,0
4700,66.31961679202504,0.37537497701123357,0
4701,66.33257625001715,0.38883398519828916,0
4702,66.34332612500293,0.5524170119315386,0
4703,66.35949616698781,0.4591250326484442,0
4704,66.37094491702737,0.5803749663755298,0
4705,66.38417204201687,0.3856249968521297,0
4706,66.39714708400425,0.2756660105660558,0
4707,66.40837050002301,0.360167003236711,0
4708,66.42067000002135,0.27124996995553374,0
4709,66.43251879198942,0.2845420385710895,0
4710,66.44480908400146,0.37933303974568844,0
4711,66.45776312501403,0.2599590225145221,0
4712,66.4704550000024,0.3172919969074428,0
4713,66.48334429203533,0.2501669805496931,0
4714,66.49616970901843,0.3279999946244061,0
4715,66.50738704198739,0.4692500224336982,0
4716,66.52042012498714,0.280875014141202,0
4717,66.5331839590217,0.23512501502409577,0
4718,66.54595095902914,0.2038750099018216,0
4719,66.55868929199642,0.21775002824142575,0
4720,66.57145245902939,0.201582966838032,0
4721,66.58417354203993,0.19349996000528336,0
4722,66.59688450000249,0.16604200936853886,0
4723,66.60956312500639,0.14266703510656953,0
4724,66.62225066701649,0.22508297115564346,0
4725,66.6349948340212,0.3197909682057798,0
4726,66.64673870900879,0.25987502885982394,0
4727,66.6570279590087,0.2449160092510283,0
4728,66.66982545901556,0.26875000912696123,0
4729,66.68260908400407,0.2883329871110618,0
4730,66.69541124999523,0.1906250254251063,0
4731,66.70665370899951,0.24579098680987954,0
4732,66.7194205840351,0.27129100635647774,0
4733,66.73175358399749,0.3874580143019557,0
4734,66.74466229201062,0.18129200907424092,0
4735,66.75736433401471,0.24995801504701376,0
4736,66.76993250002852,0.19829196389764547,0
4737,66.78265687503153,0.16933400183916092,0
4738,66.7953705000109,0.26054203044623137,0
4739,66.80822766700294,0.27058302657678723,0
4740,66.82103637501132,0.23025000700727105,0
4741,66.83379829203477,0.21058297716081142,0
4742,66.8449749170104,0.2452920307405293,0
4743,66.85562587500317,0.5123750306665897,0
4744,66.86871187499491,0.37458399310708046,0
4745,66.87976945901755,0.29037497006356716,0
4746,66.89306808402762,0.614624994341284,0
4747,66.90811229200335,0.3361669951118529,0
4748,66.91856975003611,0.17791695427149534,0
4749,66.931419792003,0.16950001008808613,0
4750,66.94411725003738,0.2619169536046684,0
4751,66.95444479200523,0.2880420070141554,0
4752,66.96729083399987,0.26491598691791296,0
4753,66.97781104198657,0.40720804827287793,0
4754,66.9908184169908,0.39854203350842,0
4755,67.00292108400026,0.36933302180841565,0
4756,67.01586591702653,0.36762497620657086,0
4757,67.02862304198788,0.2663330524228513,0
4758,67.0394605420297,0.40495797293260694,0
4759,67.05089287500596,0.5051250336691737,0
4760,67.06152033404214,0.38670795038342476,0
4761,67.07257420901442,0.4724159953184426,0
4762,67.0843253750354,0.34833396784961224,0
4763,67.09584079199703,0.24358299560844898,0
4764,67.10765533399535,0.368500011973083,0
4765,67.12058720900677,0.24262501392513514,0
4766,67.1333389999927,0.33237499883398414,0
4767,67.14624125004048,0.24691695580258965,0
4768,67.15707308403216,0.3164159716106951,0
4769,67.16754004202085,0.35450002178549767,0
4770,67.18054595903959,0.28487498639151454,0
4771,67.19179000001168,0.2851670142263174,0
4772,67.20259033399634,0.2862500259652734,0
4773,67.21452820900595,0.2703330246731639,0
4774,67.22735595901031,0.2935410011559725,0
4775,67.24025312502636,0.39420899702236056,0
4776,67.25322208402213,0.27137500001117587,0
4777,67.26611850003246,2.7607919764705002,0
4778,67.28023183404002,0.26783294742926955,0
4779,67.29186637501698,0.41737500578165054,0
4780,67.30781537503935,0.5084589938633144,0
4781,67.32092783402186,0.24687498807907104,0
4782,67.33319720899453,0.24445803137496114,0
4783,67.3461328340345,0.26112498017027974,0
4784,67.35658679204062,0.3647919511422515,0
4785,67.36856004199944,3.9558749995194376,0
4786,67.38638054201147,2.235791995190084,0
4787,67.40470987500157,1.0989999864250422,0
4788,67.41818120901007,0.320332997944206,0
4789,67.42923258402152,0.24566601496189833,0
4790,67.4409982500365,0.3107090014964342,0
4791,67.45399804203771,0.2555419923737645,0
4792,67.46680908399867,0.38770801620557904,0
4793,67.48002537502907,0.5202089669182897,0
4794,67.49179720901884,0.26433297898620367,0
4795,67.504688334011,0.35083299735561013,0
4796,67.51722991699353,0.26950001483783126,0
4797,67.5301193750347,0.2674169954843819,0
4798,67.54217945900746,0.476707995403558,0
4799,67.55337029200746,0.7874580333009362,0
4800,67.56554720900021,0.2859579981304705,0
4801,67.57862920901971,0.33962499583140016,0
4802,67.58918183401693,0.9842499857768416,0
4803,67.60187850001967,0.5118339904583991,0
4804,67.61531854199711,2.2721250425092876,0
4805,67.63025570899481,0.4274160019122064,0
4806,67.6441034169984,0.5633330438286066,0
4807,67.65682183403987,0.3459159634076059,0
4808,67.67005791701376,0.31162501545622945,0
4809,67.68197120900732,0.65045797964558,0
4810,67.69518300000345,0.38654200034216046,0
4811,67.70823112502694,0.48683397471904755,0
4812,67.72139616700588,0.370624999050051,0
4813,67.73293020902202,0.9130410035140812,0
4814,67.74649124999996,0.34912500996142626,0
4815,67.75821150001138,0.610999995842576,0
4816,67.77070187503705,0.59029198018834,0
4817,67.78217100002803,0.22087496472522616,0
4818,67.79505641700234,0.4697919939644635,0
4819,67.8085006250185,0.43349998304620385,0
4820,67.81977191701299,0.30729197897017,0
4821,67.8327088340302,0.28208299772813916,0
4822,67.84556350001367,0.3943340270780027,0
4823,67.85731641703751,0.4392080008983612,0
4824,67.8691372500034,0.4439170006662607,0
4825,67.88101300003473,0.44095900375396013,0
4826,67.894065667002,0.3969580284319818,0
4827,67.906294000044,0.3250419977121055,0
4828,67.91714533400955,0.27058302657678723,0
4829,67.9297595419921,0.48095802776515484,0
4830,67.94070912501775,1.8251250148750842,0
4831,67.95479670900386,1.2891250080429018,0
4832,67.96861229202477,1.2576250010170043,0
4833,67.98251850000815,0.32587500754743814,0
4834,67.99542741698679,0.29841705691069365,0
4835,68.00838875002228,0.4783339682035148,0
4836,68.02176133403555,0.6690829759463668,0
4837,68.03520308400039,0.5900409887544811,0
4838,68.04739266703837,0.93495799228549,0
4839,68.06094095902517,0.4047909751534462,0
4840,68.07310075004352,0.40616694604977965,0
4841,68.08426479203627,0.8688329835422337,0
4842,68.09773820900591,0.5949159967713058,0
4843,68.11039400001755,0.5778750055469573,0
4844,68.12184300000081,0.4304590402171016,0
4845,68.13357925001765,0.9388339822180569,0
4846,68.14722658402752,1.1751250131055713,0
4847,68.1611901250435,1.6064169467426836,0
4848,68.17642062500818,4.3467499781399965,0
4849,68.19286654202733,1.7844999674707651,0
4850,68.20761616702657,1.9708749605342746,0
4851,68.22132233402226,1.6648329910822213,0
4852,68.23450608400162,0.6112910341471434,0
4853,68.24782533402322,0.4794999840669334,0
4854,68.25859029201092,1.3036670279689133,0
4855,68.27033887500875,0.5256669828668237,0
4856,68.2836698750034,0.8660000166855752,0
4857,68.29738400003407,1.3626249856315553,0
4858,68.31058479199419,1.80658302269876,0
4859,68.32396241702372,1.1372080189175904,0
4860,68.33848229201976,3.0910829664207995,0
4861,68.35350200004177,1.7104169819504023,0
4862,68.36600808403455,2.173790999222547,0
4863,68.38266583404038,2.1715409820899367,0
4864,68.39752554200822,0.58787502348423,0
4865,68.40894104202744,0.8976669632829726,0
4866,68.42252883402398,0.6179159972816706,0
4867,68.43572891701479,0.49058301374316216,0
4868,68.44879845902324,0.2668329980224371,0
4869,68.46166650002124,0.5379589856602252,0
4870,68.4748685840168,0.4944580141454935,0
4871,68.48796966701047,0.6419999990612268,0
4872,68.50120379199507,0.7164170383475721,0
4873,68.51350362499943,0.253042031545192,0
4874,68.52547804202186,0.4884579684585333,0
4875,68.53858708404005,0.2782910014502704,0
4876,68.55046337499516,0.6460000295192003,0
4877,68.5613570419955,1.4051670441403985,0
4878,68.57571775000542,0.6917500286363065,0
4879,68.58752608404029,0.818332948256284,0
4880,68.60061691701412,0.5467080045491457,0
4881,68.61169700004393,0.5615839618258178,0
4882,68.62351079203654,0.9475419647060335,0
4883,68.63715800002683,2.2384999901987612,0
4884,68.64977541699773,0.5427920259535313,0
4885,68.66199933399912,1.7259580199606717,0
4886,68.67456770903664,0.5299579934217036,0
4887,68.687734792009,0.5174999823793769,0
4888,68.70106129202759,0.2969999914057553,0
4889,68.71314129204256,0.3475829726085067,0
4890,68.72605612501502,0.500250025652349,0
4891,68.73912704200484,0.31979201594367623,0
4892,68.75102833402343,0.4313329700380564,0
4893,68.76165254198713,0.46241702511906624,0
4894,68.77488566702232,0.28970796847715974,0
4895,68.78626033401815,0.3365409793332219,0
4896,68.79915929201525,0.2591669908724725,0
4897,68.80995937500848,0.2689590328373015,0
4898,68.82279104203917,0.26837497716769576,0
4899,68.83555241703289,0.9984580101445317,0
4900,68.84723279200261,0.38408301770687103,0
4901,68.8582390419906,0.4034170415252447,0
4902,68.87060225004097,0.3768749884329736,0
4903,68.88354279199848,0.3434580285102129,0
4904,68.89643245900515,0.5551659851334989,0
4905,68.90952829201706,0.35512499744072556,0
4906,68.92232408403652,0.28262496925890446,0
4907,68.93604925001273,0.5918340175412595,0
4908,68.9492054170114,0.1984999980777502,0
4909,68.96195862500463,0.23854203755035996,0
4910,68.97474937501829,0.25558401830494404,0
4911,68.98762141703628,0.490749953314662,0
4912,69.00065979204373,0.2334999735467136,0
4913,69.01341670902912,0.34208298893645406,0
4914,69.02543325000443,0.19300001440569758,0
4915,69.03819204203319,0.3172499709762633,0
4916,69.05126620898955,0.4779160371981561,0
4917,69.06436200003373,0.6105839856900275,0
4918,69.07759887503926,0.26870897272601724,0
4919,69.09052041702671,0.42979198042303324,0
4920,69.10150070901727,0.3406659816391766,0
4921,69.11424920900026,0.26954099303111434,0
4922,69.12630129203899,0.3866669721901417,0
4923,69.139251042041,0.2916249795816839,0
4924,69.15121679200092,0.2609170041978359,0
4925,69.1640105000115,0.33583398908376694,0
4926,69.17487295903265,0.2414159826003015,0
4927,69.1877406249987,0.2638750011101365,0
4928,69.19838050002,0.27641700580716133,0
4929,69.20941016700817,1.3629170134663582,0
4930,69.22341554198647,0.27900002896785736,0
4931,69.23556779202772,0.28670800384134054,0
4932,69.24635066703195,0.37166697438806295,0
4933,69.25710858398816,0.3185830428265035,0
4934,69.26891099999193,0.2626250497996807,0
4935,69.28158950002398,0.30133401742205024,0
4936,69.29444945900468,0.27075002435594797,0
4937,69.3065571670304,0.25533296866342425,0
4938,69.31922875001328,0.28675002977252007,0
4939,69.3306747500319,0.2654590061865747,0
4940,69.34253245900618,0.25304098380729556,0
4941,69.35381304199109,0.28545805253088474,0
4942,69.36561970901676,0.22316601825878024,0
4943,69.37839354202151,0.2503329887986183,0
4944,69.39119920902885,0.2513329964131117,0
4945,69.40314366703387,0.28249999741092324,0
4946,69.41494079201948,0.23679202422499657,0
4947,69.42703266703757,0.45308296103030443,0
4948,69.43942329200218,0.281625019852072,0
4949,69.45183258398902,0.33004104625433683,0
4950,69.46431466704234,0.9164579678326845,0
4951,69.47583862498868,0.2980420249514282,0
4952,69.48768454202218,0.3183750086463988,0
4953,69.49945549998665,0.2673340495675802,0
4954,69.51196183403954,0.2769579878076911,0
4955,69.5229770000442,0.788999954238534,0
4956,69.53423637500964,0.3522920305840671,0
4957,69.5459109590156,0.26599998818710446,0
4958,69.55627529200865,0.30520802829414606,0
4959,69.5671917090076,0.29083300614729524,0
4960,69.5786606670008,0.2874170313589275,0
4961,69.59150054201018,0.22016698494553566,0
4962,69.60427120904205,0.21254096645861864,0
4963,69.61705508403247,0.35200000274926424,0
4964,69.62997187499423,0.3333340282551944,0
4965,69.64286983403144,1.2933329562656581,0
4966,69.66112012503436,2.244125003926456,0
4967,69.67592745902948,0.2133749658241868,0
4968,69.68868279200979,0.25049998657777905,0
4969,69.70122395904036,0.34899997990578413,0
4970,69.71415020903805,0.3418329870328307,0
4971,69.72489091701573,0.4015419981442392,0
4972,69.73739620903507,0.3060409799218178,0
4973,69.7482480420149,0.31404197216033936,0
4974,69.77905900002224,1.9636250217445195,0
4975,69.79356020904379,0.1782499602995813,0
4976,69.8038388750283,0.3155419835820794,0
4977,69.81463525001891,0.3362499992363155,0
4978,69.82753370900173,0.20491599570959806,0
4979,69.8402845840319,0.2919579856097698,0
4980,69.85173679201398,0.29508298030123115,0
4981,69.86361391702667,0.4048330010846257,0
4982,69.87548049999168,0.3434170503169298,0
4983,69.8872841669945,0.4116670461371541,0
4984,69.90042854199419,0.3892499953508377,0
4985,69.91513220901834,1.090249978005886,0
4986,69.92786637501558,0.31766697065904737,0
4987,69.93859733402496,0.3857910051010549,0
4988,69.95213812502334,0.3106250078417361,0
4989,69.96337254199898,0.34841703018173575,0
4990,69.9762947090203,0.3026659833267331,0
4991,69.98918283398962,0.40487502701580524,0
4992,70.00355237501208,0.28295902302488685,0
4993,70.01639733399497,0.4223750438541174,0
4994,70.02750349999405,0.28974999440833926,0
4995,70.0388951250352,0.2538749831728637,0
4996,70.051268042007,0.2767919795587659,0
4997,70.06262304203119,0.24645798839628696,0
4998,70.07347079203464,0.2714169677346945,0
4999,70.08428579202155,0.3023750032298267,0
5000,70.09685175004415,0.40483399061486125,0
5001,70.10734258400043,0.4254580126143992,0
5002,70.11853129201336,0.2742920187301934,0
5003,70.13077204203,0.325749977491796,0
5004,70.14342912501888,0.3661250229924917,0
5005,70.15393987501739,0.3106250078417361,0
5006,70.16681841702666,0.3695829655043781,0
5007,70.17976583400741,0.30262500513345003,0
5008,70.19262137502665,0.325749977491796,0
5009,70.20391600002768,0.36800000816583633,0
5010,70.21451570902718,0.2853329642675817,0
5011,70.22736041701864,0.27608301024883986,0
5012,70.24019237502944,0.27533399406820536,0
5013,70.25201625004411,0.3140839980915189,0
5014,70.26495820900891,0.5967909819446504,0
5015,70.27813366701594,0.3891250235028565,0
5016,70.28862591698999,0.3470830270089209,0
5017,70.30153470899677,1.9164580153301358,0
5018,70.31601437501376,0.3862499725073576,0
5019,70.32696391700301,0.26054203044623137,0
5020,70.33844566700282,0.33962499583140016,0
5021,70.35139316698769,0.24445803137496114,0
5022,70.36417979199905,0.18974998965859413,0
5023,70.37484841700643,0.2810829901136458,0
5024,70.38769933400908,0.30925002647563815,0
5025,70.40060987503966,0.8529999759048223,0
5026,70.41310820903163,0.2276249579153955,0
5027,70.42571124999085,0.2952089998871088,0
5028,70.43863600003533,0.2820839872583747,0
5029,70.4530541250133,0.5606249906122684,0
5030,70.4657438750146,0.6337499944493175,0
5031,70.47770579200005,0.3564170328900218,0
5032,70.48956287500914,0.26570900809019804,0
5033,70.50359658402158,0.28266600565984845,0
5034,70.51521512499312,0.1947919954545796,0
5035,70.52794383402215,0.2383749815635383,0
5036,70.5403841669904,0.24758302606642246,0
5037,70.5521089170361,0.30679197516292334,0
5038,70.5650144169922,0.262417015619576,0
5039,70.57560941699194,0.3776670200750232,0
5040,70.58856066700537,0.3584169899113476,0
5041,70.60186929203337,0.2710419939830899,0
5042,70.61337612499483,0.2310420386493206,0
5043,70.62524145899806,0.2045410219579935,0
5044,70.6370867920341,0.3025420010089874,0
5045,70.65067275002366,1.6878750175237656,0
5046,70.6649456670275,0.4486250109039247,0
5047,70.67775983404135,0.5845829728059471,0
5048,70.69102812500205,0.5308340187184513,0
5049,70.70415066700662,0.34433300606906414,0
5050,70.71706991700921,2.661541977431625,0
5051,70.73138241702691,0.5126249743625522,0
5052,70.74423183401814,0.40154100861400366,0
5053,70.75722737499746,0.9205000242218375,0
5054,70.77072629198665,0.3628750564530492,0
5055,70.78367858403362,0.3237499622628093,0
5056,70.79656566702761,0.4522500094026327,0
5057,70.80958941701101,0.420625030528754,0
5058,70.82190891698701,0.25337503757327795,0
5059,70.83411187503953,0.22320897551253438,0
5060,70.84536916704383,0.4319579456932843,0
5061,70.85739225003636,0.3962089540436864,0
5062,70.86904399999185,0.27362501714378595,0
5063,70.88083700003335,0.28316699899733067,0
5064,70.89368437504163,0.3494589473120868,0
5065,70.9066277500242,0.5069589824415743,0
5066,70.91985554201528,0.5734169972129166,0
5067,70.9334633339895,0.45620801392942667,0
5068,70.94651899999008,0.4760000156238675,0
5069,70.95960800000466,0.40312501369044185,0
5070,70.97147079202114,0.4760830197483301,0
5071,70.98521266703028,0.5520829581655562,0
5072,70.99713312502718,0.38004200905561447,0
5073,71.01008037501015,0.4515839973464608,0
5074,71.02314866700908,0.5546250031329691,0
5075,71.03565458400408,0.477791007142514,0
5076,71.04663483402692,1.0705409804359078,0
5077,71.05879404203733,0.4487079568207264,0
5078,71.07183429202996,0.298250000923872,0
5079,71.08302275004098,0.2393339527770877,0
5080,71.09579108399339,0.3291660104878247,0
5081,71.10698129201774,0.2590420190244913,0
5082,71.11766941699898,0.6696670316159725,0
5083,71.1308757920051,0.16704201698303223,0
5084,71.14314591704169,0.28737494722008705,0
5085,71.15388391702436,0.28479198226705194,0
5086,71.16515008400893,0.26416598120704293,0
5087,71.17793599999277,0.28408400248736143,0
5088,71.19073354202555,0.21399999968707561,0
5089,71.20346408401383,0.24312501773238182,0
5090,71.21624387503834,0.2760839997790754,0
5091,71.22905500000343,0.23291702382266521,0
5092,71.24181212502299,0.2547919866628945,0
5093,71.25350675004302,0.3181249485351145,0
5094,71.26634670898784,0.3600000054575503,0
5095,71.27788483403856,0.2514999941922724,0
5096,71.29021295899292,0.3079160233028233,0
5097,71.30188504199032,0.1360830501653254,0
5098,71.3145541670383,0.2133749658241868,0
5099,71.32729579199804,0.15358300879597664,0
5100,71.3399658339913,0.2080000122077763,0
5101,71.35269020899432,0.16129104187712073,0
5102,71.36536654201336,0.23170799249783158,0
5103,71.37810529203853,0.174832995980978,0
5104,71.39081537502352,0.3037499845959246,0
5105,71.40367391699692,0.3049169899895787,0
5106,71.41483800002607,0.25620899396017194,0
5107,71.42667812498985,0.33058400731533766,0
5108,71.43963612499647,0.42858399683609605,0
5109,71.45031087502139,0.5376249901019037,0
5110,71.46346804202767,0.48808299470692873,0
5111,71.47655933402712,0.45620801392942667,0
5112,71.48966070899041,0.5237080040387809,0
5113,71.50281899998663,0.33887504832819104,0
5114,71.51329966704361,0.48099999548867345,0
5115,71.52637954201782,0.5016250070184469,0
5116,71.53950541699305,0.5045830039307475,0
5117,71.55175062501803,0.2412499743513763,0
5118,71.56262375001097,0.2447920269332826,0
5119,71.57545108400518,0.5005410057492554,0
5120,71.58854641701328,0.6312920013442636,0
5121,71.60179658402922,0.5357500049285591,0
5122,71.61491812503664,0.3374589723534882,0
5123,71.6254016670282,0.22549997083842754,0
5124,71.63729124999372,0.478917034342885,0
5125,71.64904404198751,0.2886250149458647,0
5126,71.65980241703801,0.2947499742731452,0
5127,71.67071141704218,0.4814579733647406,0
5128,71.68128079199232,0.446333026047796,0
5129,71.6943220840185,0.4681249847635627,0
5130,71.70493270899169,0.6429160130210221,0
5131,71.7175751249888,0.7055420428514481,0
5132,71.72960087499814,0.5447500152513385,0
5133,71.74275974999182,0.5440840031951666,0
5134,71.75633599999128,0.4218750400468707,0
5135,71.76933920901502,0.5578750278800726,0
5136,71.78253941703588,0.4529999569058418,0
5137,71.79312408401165,0.5133330123499036,0
5138,71.80625399999553,0.3456250415183604,0
5139,71.81789754203055,0.2959169796667993,0
5140,71.82950766698923,0.42570801451802254,0
5141,71.84250204201089,0.4835419822484255,0
5142,71.85559679201106,0.4921249928884208,0
5143,71.86877562501468,0.6213340093381703,0
5144,71.87964041699888,0.3822080325335264,0
5145,71.89259558403865,0.4154159687459469,0
5146,71.90556158398977,0.37766603054478765,0
5147,71.91682741703698,0.7355419802479446,0
5148,71.93775258399546,11.698416026774794,0
5149,71.96801229199627,6.221042014658451,0
5150,71.99306054203771,0.3484579501673579,0
5151,72.00397716701264,0.29212498338893056,0
5152,72.02296412503347,0.8455839706584811,0
5153,72.03639445902081,0.2834579790942371,0
5154,72.04758741700789,0.31108298571780324,0
5155,72.05930016702041,0.3334999782964587,0
5156,72.07216874998994,0.2019170206040144,0
5157,72.08490612503374,0.21654198644682765,0
5158,72.09765458403854,0.21504098549485207,0
5159,72.1104146669968,0.27591700199991465,0
5160,72.12324170902139,0.22350001381710172,0
5161,72.13602329202695,0.37112500285729766,0
5162,72.14898612501565,0.3189999843016267,0
5163,72.1595097919926,0.2857920480892062,0
5164,72.17237550002756,0.42337499326094985,0
5165,72.18469566700514,0.3677080385386944,0
5166,72.19605525000952,0.2072920324280858,0
5167,72.20879595901351,0.169374980032444,0
5168,72.2215222500381,0.4087089910171926,0
5169,72.23447779199341,0.2196670393459499,0
5170,72.24721958400914,0.19287498435005546,0
5171,72.25993433402618,0.22145797265693545,0
5172,72.27268587501021,0.264208996668458,0
5173,72.28548191703157,0.30833296477794647,0
5174,72.29834025003947,0.34316699020564556,0
5175,72.31124300003285,0.3154589794576168,0
5176,72.32412470900454,0.35450002178549767,0
5177,72.33703350002179,0.3189999843016267,0
5178,72.34831554203993,0.27962494641542435,0
5179,72.36120087502059,0.4823339986614883,0
5180,72.37207770900568,0.5295409937389195,0
5181,72.38570145901758,0.4511249717324972,0
5182,72.39758233400062,0.24100003065541387,0
5183,72.41037108399905,0.2852909965440631,0
5184,72.42076845903648,0.26966596487909555,0
5185,72.43360237503657,0.36379200173541903,0
5186,72.44655120902462,0.45866600703448057,0
5187,72.45827212498989,0.3992090350948274,0
5188,72.47124108404387,0.40879094740375876,0
5189,72.48425279202638,0.8495830115862191,0
5190,72.49565579200862,0.5090420017950237,0
5191,72.50749866699334,0.34654204500839114,0
5192,72.52044016699074,0.495583051815629,0
5193,72.5335293340031,0.3321249969303608,0
5194,72.54513212502934,0.24733401369303465,0
5195,72.55721104203258,0.23841700749471784,0
5196,72.56906804203754,0.39020797703415155,0
5197,72.58087754203007,0.23424997925758362,0
5198,72.59368558402639,0.5713329883292317,0
5199,72.6044585420168,0.37895800778642297,0
5200,72.61739904200658,0.26233302196487784,0
5201,72.6302402500296,0.48804195830598474,0
5202,72.64197108399821,0.6189160048961639,0
5203,72.6551889590337,0.6067499634809792,0
5204,72.66851737501565,0.5914170178584754,0
5205,72.68173783400562,0.5417910288088024,0
5206,72.69411008403404,0.31841598683968186,0
5207,72.70516691700323,0.31458301236853004,0
5208,72.71760812500725,0.3160000196658075,0
5209,72.72892779199174,0.4331670352257788,0
5210,72.74196229199879,0.5272080306895077,0
5211,72.75265512499027,0.4010000266134739,0
5212,72.76564179203706,0.49883296014741063,0
5213,72.77801070903661,0.462208001408726,0
5214,72.78989129199181,1.134042046032846,0
5215,72.80362495902227,0.4773329710587859,0
5216,72.81669633398997,0.3660000511445105,0
5217,72.82734979200177,0.38704200414940715,0
5218,72.8379159590113,0.5926250014454126,0
5219,72.84902904200135,0.49958302406594157,0
5220,72.86084400000982,0.49858400598168373,0
5221,72.87217087502358,0.5259999888949096,0
5222,72.88402208400657,0.6317080114968121,0
5223,72.89495679200627,0.5138749838806689,0
5224,72.908084625029,0.5760840140283108,0
5225,72.92128833400784,0.5336250178515911,0
5226,72.9351870000246,0.5107920151203871,0
5227,72.94718220899813,0.4480000352486968,0
5228,72.95953637501225,0.4338339786045253,0
5229,72.97255258401856,0.38908299757167697,0
5230,72.98556112503866,0.5500419647432864,0
5231,72.99872504203813,0.4826249787583947,0
5232,73.01165308401687,0.3264159895479679,0
5233,73.02388112503104,0.5751249846071005,0
5234,73.03703595901607,0.49062498146668077,0
5235,73.0495722090127,0.5532500217668712,0
5236,73.06274179200409,0.45670801773667336,0
5237,73.075825292035,0.4189169849269092,0
5238,73.08720225002617,0.5403750110417604,0
5239,73.09858658403391,0.4314999678172171,0
5240,73.10920629202155,0.32833300065249205,0
5241,73.12058187503135,0.5200839950703084,0
5242,73.13372525002342,0.5773750017397106,0
5243,73.14628695900319,0.47404103679582477,0
5244,73.15937091701198,0.4455000162124634,0
5245,73.17240275000222,0.3960840404033661,0
5246,73.18508395901881,0.4223749856464565,0
5247,73.1976395000238,0.6063749897293746,0
5248,73.21032912499504,0.36624999484047294,0
5249,73.22212304204004,0.3863750025629997,0
5250,73.23536995903123,0.45733299339190125,0
5251,73.24843445903389,0.5073329666629434,0
5252,73.26182037498802,3.8294170517474413,0
5253,73.277457875025,0.3702089888975024,0
5254,73.29047983401688,0.6140409968793392,0
5255,73.30382316699252,0.8310000412166119,0
5256,73.31608712504385,0.48391695600003004,0
5257,73.32915337500162,0.36795902997255325,0
5258,73.34208025003318,0.2672089613042772,0
5259,73.35302987502655,0.34783396404236555,0
5260,73.36475995898945,0.3625410026870668,0
5261,73.37734583404381,0.27258298359811306,0
5262,73.39016804203857,0.27783296536654234,0
5263,73.40147683402756,0.7205409929156303,0
5264,73.41476045903983,0.32895797630771995,0
5265,73.42764354200335,0.29912503669038415,0
5266,73.44050016702386,0.39362499956041574,0
5267,73.45127575000515,0.24245900567620993,0
5268,73.46407099999487,0.3927500220015645,0
5269,73.4770475840196,0.4047079710289836,0
5270,73.49008929199772,0.785500044003129,0
5271,73.50348983402364,0.6264160037972033,0
5272,73.51698237500386,0.8685840293765068,0
5273,73.53292466700077,0.7877500029280782,0
5274,73.54475370899308,0.4283750313334167,0
5275,73.55668745900039,0.4294580430723727,0
5276,73.5697373340372,0.5420829984359443,0
5277,73.58071487501729,0.4593749763444066,0
5278,73.59240766701987,0.41379197500646114,0
5279,73.6054232090246,0.3522500046528876,0
5280,73.61834633402759,0.3464579931460321,0
5281,73.62887516699266,0.7005000370554626,0
5282,73.64220200001728,0.45891699846833944,0
5283,73.65298787498614,0.5613340181298554,0
5284,73.66386966704158,0.6325829890556633,0
5285,73.6748160420102,2.4717500200495124,0
5286,73.68830354203237,0.4903330118395388,0
5287,73.70204187498894,0.5038340459577739,0
5288,73.71283266699174,0.5081249983049929,0
5289,73.72595679201186,0.5593749810941517,0
5290,73.73873654199997,0.8283749921247363,0
5291,73.75218125001993,0.47441700007766485,0
5292,73.76304175000405,0.4835000145249069,0
5293,73.77483750000829,0.934584008064121,0
5294,73.78842029202497,0.8013749611563981,0
5295,73.80023362499196,0.6235840264707804,0
5296,73.81403666699771,0.49941701581701636,0
5297,73.82473150000442,0.5105420132167637,0
5298,73.83785437501501,0.5112499929964542,0
5299,73.84933616704075,0.547541945707053,0
5300,73.86258604202885,0.39829197339713573,0
5301,73.87505891703768,0.5399579531513155,0
5302,73.88822058402002,0.4860410117544234,0
5303,73.8989443340106,0.9785000002011657,0
5304,73.91035583399935,0.42749999556690454,0
5305,73.92213554203045,0.3766670124605298,0
5306,73.9327332500252,0.7882089703343809,0
5307,73.94561804202385,1.0002499911934137,0
5308,73.95705700002145,0.4497920162975788,0
5309,73.97011591703631,0.4302079905755818,0
5310,73.9821304170182,0.6550420075654984,0
5311,73.99289633403532,0.5214999546296895,0
5312,74.00351987499744,0.40600000647827983,0
5313,74.01651641703211,0.5366670084185898,0
5314,74.02926145901438,0.4671660135500133,0
5315,74.03996754199034,0.4065000102855265,0
5316,74.05301229201723,0.3718750085681677,0
5317,74.06347533402732,0.38308301009237766,0
5318,74.07562912499998,0.6590420380234718,0
5319,74.08748741704039,0.4651669878512621,0
5320,74.09808391699335,0.2654170384630561,0
5321,74.10916629200801,0.32400002237409353,0
5322,74.12156866700388,0.5127920303493738,0
5323,74.13366454199422,2.6609580381773412,0
5324,74.14898295904277,0.5157080013304949,0
5325,74.16211508400738,0.621916027739644,0
5326,74.17538754199632,0.47491700388491154,0
5327,74.18771866703173,0.5034169880673289,0
5328,74.19947475002846,0.4569169832393527,0
5329,74.212531208992,0.3707500291056931,0
5330,74.22441262501525,0.24374999338760972,0
5331,74.23724275000859,0.43508398812264204,0
5332,74.247932208993,0.3381660208106041,0
5333,74.26085816702107,0.2628329675644636,0
5334,74.27307550003752,0.46970898984000087,0
5335,74.28363179200096,0.2685000072233379,0
5336,74.29646179202246,0.3744169953279197,0
5337,74.30833091703244,0.4502919618971646,0
5338,74.32013150001876,0.2744169905781746,0
5339,74.3329797500046,0.38758403388783336,0
5340,74.34346879203804,0.2723749494180083,0
5341,74.35629362502368,0.24029199266806245,0
5342,74.36714537499938,0.38770900573581457,0
5343,74.37874362501316,0.30437501845881343,0
5344,74.39167425001506,0.3530419780872762,0
5345,74.40459179203026,0.2960829879157245,0
5346,74.41527804202633,0.36341696977615356,0
5347,74.42822433402762,0.389833003282547,0
5348,74.43909112503752,0.3202089574187994,0
5349,74.45197862503119,0.25641696993261576,0
5350,74.46250362502178,0.3737090155482292,0
5351,74.47544445900712,0.3344580181874335,0
5352,74.48835075000534,0.40904199704527855,0
5353,74.50079195899889,1.4795830356888473,0
5354,74.51486629201099,0.4409999819472432,0
5355,74.52543708402663,0.5003329715691507,0
5356,74.53729879204184,0.4932499723508954,0
5357,74.54848554200726,0.4164580022916198,0
5358,74.56077000004007,0.5282089696265757,0
5359,74.57391270902008,0.4426250234246254,0
5360,74.58534095901996,0.5050830077379942,0
5361,74.59762154199416,0.46616699546575546,0
5362,74.6082780000288,0.415499962400645,0
5363,74.62128662504256,0.4424589569680393,0
5364,74.63301525003044,0.322124978993088,0
5365,74.64494175004074,0.5218339501880109,0
5366,74.65806275000796,0.5779589992016554,0
5367,74.67121250001946,0.3736250218935311,0
5368,74.68222791701555,0.20216702250763774,0
5369,74.69498808402568,0.5166659830138087,0
5370,74.70796158403391,0.3636250039562583,0
5371,74.7208934170194,0.3963750205002725,0
5372,74.73384729202371,0.27779198717325926,0
5373,74.74550833401736,0.5864999839104712,0
5374,74.75737254199339,0.30758301727473736,0
5375,74.76913195900852,0.47741603339090943,0
5376,74.78033937502187,0.659500015899539,0
5377,74.7911664590356,1.82937498902902,0
5378,74.80342108401237,1.0074999881908298,0
5379,74.82622149999952,1.3224169961176813,0
5380,74.84014879202005,0.3790420014411211,0
5381,74.85164691699902,0.3737080260179937,0
5382,74.86460116703529,0.4782499745488167,0
5383,74.87769945902983,0.47391600674018264,0
5384,74.89076345902868,0.34425000194460154,0
5385,74.90170566702727,0.4020420019514859,0
5386,74.91360591701232,0.44183299178257585,0
5387,74.92550570901949,0.4897500039078295,0
5388,74.9386008339934,0.5149160278961062,0
5389,74.95177308400162,0.4937080084346235,0
5390,74.96300970902666,0.897624995559454,0
5391,74.97653187502874,0.5014999769628048,0
5392,74.98964358400553,0.3399160341359675,0
5393,75.00043850002112,0.42754202149808407,0
5394,75.01614341704408,0.503457966260612,0
5395,75.02926675003255,0.4865420050919056,0
5396,75.0423512920388,0.4199999966658652,0
5397,75.05535650003003,0.3411669749766588,0
5398,75.06760387500981,0.25275000371038914,0
5399,75.08040666702436,0.24345796555280685,0
5400,75.09210537502076,0.36574999103322625,0
5401,75.10331966698868,0.2424580161459744,0
5402,75.11509833403397,0.23166596656665206,0
5403,75.12787095899694,0.33000000985339284,0
5404,75.14076220901916,0.31575001776218414,0
5405,75.1530327500077,0.3700840170495212,0
5406,75.16596850001952,0.39075000677257776,0
5407,75.1789348750026,0.33250002888962626,0
5408,75.19193683401681,0.678708020132035,0
5409,75.2052652920247,0.3879580181092024,0
5410,75.21699320903281,0.4678329569287598,0
5411,75.22859070904087,0.5840410012751818,0
5412,75.24179908400401,0.7484580273739994,0
5413,75.25421691703377,1.2115829740650952,0
5414,75.26688254199689,0.43275003554299474,0
5415,75.27968308399431,0.4396660369820893,0
5416,75.29269470903091,0.30637497548013926,0
5417,75.30557758401847,0.3808750188909471,0
5418,75.3184979170328,0.7012079586274922,0
5419,75.33172625000589,0.5199169972911477,0
5420,75.34457750001457,0.31525001395493746,0
5421,75.35745725000743,0.43333403300493956,0
5422,75.37047187500866,0.6411250215023756,0
5423,75.38368408399401,0.2871660399250686,0
5424,75.39651520899497,0.3541250480338931,0
5425,75.40722295903834,0.4268329939804971,0
5426,75.42022816702956,0.31816697446629405,0
5427,75.43262808403233,0.2644159831106663,0
5428,75.4454452090431,0.32066594576463103,0
5429,75.45701150002424,0.40662498213350773,0
5430,75.46865016699303,0.4347500507719815,0
5431,75.50120737502584,0.3540840116329491,0
5432,75.51419891702244,0.3706669667735696,0
5433,75.52650174999144,0.3107500378973782,0
5434,75.53936679201433,0.2734169829636812,0
5435,75.55219087499427,0.23150001652538776,0
5436,75.56271912500961,0.7074170280247927,0
5437,75.57500670902664,0.5473329802043736,0
5438,75.58687533403281,2.3400409845635295,0
5439,75.60146241699113,3.0804999987594783,0
5440,75.61719929199899,0.57366699911654,0
5441,75.63034750003135,0.5338749615475535,0
5442,75.64371291699354,2.1857080282643437,0
5443,75.65810383402277,0.27604098431766033,0
5444,75.67356816702522,0.4136249772273004,0
5445,75.68893462501,1.1938749812543392,0
5446,75.70151158398949,6.260333000682294,0
5447,75.71910462499363,2.07783404039219,0
5448,75.73152145900531,0.5574580281972885,0
5449,75.74324095901102,0.35674998071044683,0
5450,75.75404366699513,0.3541670157574117,0
5451,75.76554812502582,0.4063749802298844,0
5452,75.78070300002582,1.624458993319422,0
5453,75.8094532500254,0.9870840003713965,0
5454,75.8223613750306,47.32787498505786,0
5455,75.89015620900318,2.690166002139449,0
5456,75.91160262504127,3.3173749689012766,0
5457,75.92713845899561,0.9767080191522837,0
5458,75.94782891700743,2.70941702183336,0
5459,75.96326333400793,0.6034160032868385,0
5460,75.98869758401997,35.066124983131886,0
5461,76.04204041702906,0.6127500091679394,0
5462,76.06484287499916,2.578500017989427,0
5463,76.08631941699423,0.8677919977344573,0
5464,76.09928320901236,0.8820000221021473,0
5465,76.11077487503644,1.2962089967913926,0
5466,76.12600495899096,2.068125002551824,0
5467,76.13937095901929,0.5655830027535558,0
5468,76.15263791702455,0.5945420125499368,0
5469,76.17037033400265,3.914375032763928,0
5470,76.19044183404185,5.971082951873541,0
5471,76.20657270902302,0.27662498177960515,0
5472,76.21787866699742,0.3179170307703316,0
5473,76.22858395898947,0.31875004060566425,0
5474,76.24100525001995,0.46479201409965754,0
5475,76.2540317089879,0.292833021376282,0
5476,76.26460912503535,0.7427919772453606,0
5477,76.27796154201496,0.24216697784140706,0
5478,76.2888329999987,0.507791992276907,0
5479,76.30119762499817,0.25395903503522277,0
5480,76.31155675003538,0.517583976034075,0
5481,76.32255308399908,0.25533302687108517,0
5482,76.33338950003963,0.3327499725855887,0
5483,76.34421354200458,0.34125003730878234,0
5484,76.3571492920164,0.3034999826923013,0
5485,76.3700192089891,0.4022500361315906,0
5486,76.38067537499592,1.2179590412415564,0
5487,76.39313470904017,0.9565409854985774,0
5488,76.40665662504034,0.31029200181365013,0
5489,76.4198145000264,1.313249988015741,0
5490,76.4337049589958,0.35312504041939974,0
5491,76.44624129199656,0.40424999315291643,0
5492,76.45883162500104,0.3957090084441006,0
5493,76.47095983399777,0.4793750122189522,0
5494,76.48413649998838,0.46366703463718295,0
5495,76.49718929204391,0.6367919850163162,0
5496,76.50876933400286,0.33070798963308334,0
5497,76.5195984999882,0.5772500298917294,0
5498,76.53066141699674,0.7099170470610261,0
5499,76.54399683402153,0.40691602043807507,0
5500,76.55704912502551,0.2947089960798621,0
5501,76.5699770420324,0.40904199704527855,0
5502,76.5820251670084,2.787417033687234,0
5503,76.59588224999607,0.3125420189462602,0
5504,76.60775716701755,0.43641700176522136,0
5505,76.62061737501062,0.39350002771243453,0
5506,76.63361729204189,0.5442079855129123,0
5507,76.64684629201656,0.46370801283046603,0
5508,76.65993337502005,0.4692089860327542,0
5509,76.67291137500433,0.4653750220313668,0
5510,76.68480854202062,0.5538329714909196,0
5511,76.69806312501896,0.4034169833175838,0
5512,76.70955129200593,0.6549580139108002,0
5513,76.72222758398857,0.35454099997878075,0
5514,76.73409512499347,0.3951250109821558,0
5515,76.7459975000238,0.4055839963257313,0
5516,76.75903683400247,0.45600003795698285,0
5517,76.77208270900883,0.42470800690352917,0
5518,76.78449316701153,1.529957982711494,0
5519,76.7978140420164,0.30045799212530255,0
5520,76.81074770900887,0.5003749975003302,0
5521,76.82387829199433,0.24925003526732326,0
5522,76.83667604200309,0.23725000210106373,0
5523,76.84946066699922,0.27312501333653927,0
5524,76.86228420899715,0.34025002969428897,0
5525,76.87520062504336,0.310166971758008,0
5526,76.88804141699802,0.36933302180841565,0
5527,76.90025995898759,0.724000041373074,0
5528,76.91195537499152,0.6094170385040343,0
5529,76.92361916700611,0.4486670368351042,0
5530,76.93505500000902,0.5116250249557197,0
5531,76.94817099999636,0.48970902571454644,0
5532,76.96075929200742,0.5267920205369592,0
5533,76.97344116703607,0.5176669801585376,0
5534,76.98657516704407,0.5753329605795443,0
5535,76.99979741702555,0.5245829815976322,0
5536,77.01293979201,0.524458009749651,0
5537,77.0255865000072,0.4058339982293546,0
5538,77.03858841699548,0.5051670013926923,0
5539,77.05101929203374,0.5186249618418515,0
5540,77.06414179201238,0.48991700168699026,0
5541,77.07479104201775,0.5108750192448497,0
5542,77.08774520899169,0.37883303593844175,0
5543,77.10071137500927,0.42524997843429446,0
5544,77.11149170901626,0.5229579983279109,0
5545,77.12213779200101,0.45475002843886614,0
5546,77.13436770898988,0.3582080244086683,0
5547,77.14729666704079,0.4647079622372985,0
5548,77.16036791703664,0.5569579661823809,0
5549,77.17355316702742,0.41795801371335983,0
5550,77.18605908402242,0.3620409988798201,0
5551,77.19792645901907,0.23516599321737885,0
5552,77.21073095902102,0.5351249710656703,0
5553,77.22162412502803,0.33829198218882084,0
5554,77.23442950000754,0.4236249951645732,0
5555,77.24745366699062,0.48874999629333615,0
5556,77.25920479203342,0.46449998626485467,0
5557,77.27227258402854,0.45008299639448524,0
5558,77.28532070899382,0.4808329977095127,0
5559,77.29679462499917,0.638917030300945,0
5560,77.3087606250192,0.37745898589491844,0
5561,77.32067604199983,0.596166995819658,0
5562,77.33389008400263,0.43066602665930986,0
5563,77.34481108403997,0.5120409769006073,0
5564,77.35619208402932,0.498790992423892,0
5565,77.36931241699494,0.5357920308597386,0
5566,77.38247208402026,0.6013329839333892,0
5567,77.39569208404282,0.49229100113734603,0
5568,77.40879933402175,0.5373749881982803,0
5569,77.42068954202114,0.6983749917708337,0
5570,77.43400470900815,0.6372909992933273,0
5571,77.44705200003227,0.6150839617475867,0
5572,77.46028541703708,0.4178749513812363,0
5573,77.47269108402543,0.421290984377265,0
5574,77.48433491704054,0.47391699627041817,0
5575,77.4974163750303,0.7303339662030339,0
5576,77.51075454201782,0.44124998385086656,0
5577,77.52392137498828,0.5866670398972929,0
5578,77.53543675004039,0.4977089702151716,0
5579,77.54785758402431,0.43575000017881393,0
5580,77.5597130000242,0.5471250042319298,0
5581,77.5706476669875,0.7229170296341181,0
5582,77.58277887501754,0.5092499777674675,0
5583,77.59589504200267,0.45950000640004873,0
5584,77.60762720904313,0.5416659987531602,0
5585,77.61988337500952,0.5811250302940607,0
5586,77.63933483400615,0.44954102486371994,0
5587,77.65112125000451,0.28541701612994075,0
5588,77.66404325002804,0.46249997103586793,0
5589,77.67686087504262,0.4889169940724969,0
5590,77.68874387501273,0.45345898251980543,0
5591,77.70059629203752,1.6637499793432653,0
5592,77.71244058402954,0.556665996555239,0
5593,77.72563304199139,0.4225000157020986,0
5594,77.73864875000436,0.41383400093764067,0
5595,77.75121229200158,0.5177080165594816,0
5596,77.7624043750111,0.4169170279055834,0
5597,77.77414733404294,0.7038329495117068,0
5598,77.78538499999559,0.4956250195391476,0
5599,77.79850762500428,0.48812502063810825,0
5600,77.8116002920433,0.4589579766616225,0
5601,77.82465433399193,0.9509579977020621,0
5602,77.8388855420053,0.43658301001414657,0
5603,77.85034850001102,0.4649590118788183,0
5604,77.86345425003674,0.5761669599451125,0
5605,77.8741837090347,0.5956249660812318,0
5606,77.88593845901778,0.45258301543071866,0
5607,77.89849566703197,0.5385419935919344,0
5608,77.91045233403565,0.5288749816827476,0
5609,77.9220970000024,0.553417019546032,0
5610,77.93379745900165,0.6057909922674298,0
5611,77.94700929202372,0.4461249918676913,0
5612,77.9599323340226,0.6090829847380519,0
5613,77.97317941702204,0.3898749710060656,0
5614,77.98559833399486,0.41991600301116705,0
5615,77.99671120900894,0.4112499882467091,0
5616,78.00768187502399,0.8196249837055802,0
5617,78.0224882090115,0.5182499880902469,0
5618,78.03386299998965,1.721167005598545,0
5619,78.04614425002364,0.4077500198036432,0
5620,78.05750262498623,0.5726670497097075,0
5621,78.06876983400434,0.5021250108256936,0
5622,78.08015245903516,0.4297499544918537,0
5623,78.09287687501637,0.4225000157020986,0
5624,78.10474733402953,0.37879101000726223,0
5625,78.11772400001064,0.43766701128333807,0
5626,78.12832487502601,0.5661249742843211,0
5627,78.14158595900517,0.42941601714119315,0
5628,78.15458187501645,0.582708977162838,0
5629,78.16778000001796,0.3125839866697788,0
5630,78.17959137499565,0.4627919988706708,0
5631,78.19144150003558,0.26462500682100654,0
5632,78.2042920840322,0.4052079748362303,0
5633,78.21729633404175,0.5734579754061997,0
5634,78.23047279199818,0.38408301770687103,0
5635,78.24367558403173,0.4343329928815365,0
5636,78.25520208402304,0.5349579732865095,0
5637,78.2683558340068,0.47862500650808215,0
5638,78.27969545900123,0.5704580107703805,0
5639,78.29284375003772,0.30929199419915676,0
5640,78.3057283750386,0.2988339983858168,0
5641,78.31860029202653,0.25104201631620526,0
5642,78.33141391701065,0.26279198937118053,0
5643,78.3442372920108,0.2567920018918812,0
5644,78.35594291699817,0.4118750221095979,0
5645,78.36772158404347,0.38470799336209893,0
5646,78.37952650000807,0.40666700806468725,0
5647,78.39260920899687,0.3917080466635525,0
5648,78.40500337502453,0.44583401177078485,0
5649,78.41714562498964,0.5161670269444585,0
5650,78.43038158403942,0.48283295473083854,0
5651,78.44318370899418,0.3470830270089209,0
5652,78.4561008749879,0.3842920414172113,0
5653,78.46904154203366,0.3258329816162586,0
5654,78.47945008403622,0.31824997859075665,0
5655,78.49020879203454,0.5632920074276626,0
5656,78.5012265840196,0.30929100466892123,0
5657,78.51164558401797,0.3904579789377749,0
5658,78.52247908402933,0.3600000054575503,0
5659,78.53296808403684,0.615999975707382,0
5660,78.54622420901433,7.656208006665111,0
5661,78.56561749998946,0.4135420313104987,0
5662,78.5778988749953,0.31445903005078435,0
5663,78.59075637499336,0.2697500167414546,0
5664,78.60355800000252,0.2552919904701412,0
5665,78.6138500419911,0.11408299906179309,0
5666,78.6246676670271,0.2964579616673291,0
5667,78.63754399999743,0.41862501529976726,0
5668,78.65045900002588,0.4148749867454171,0
5669,78.66265366703738,0.3981670015491545,0
5670,78.67452270904323,0.49833295634016395,0
5671,78.686375166988,0.2847080468200147,0
5672,78.69825825002044,0.23904198314994574,0
5673,78.71012408402748,0.259916007053107,0
5674,78.72175966703799,0.367750006262213,0
5675,78.73380379204173,0.5400419468060136,0
5676,78.74695562501438,0.49349997425451875,0
5677,78.75872675003484,0.482834002468735,0
5678,78.76952741702553,0.29695796547457576,0
5679,78.78241341700777,0.49045798368752,0
5680,78.79551545903087,0.4688329645432532,0
5681,78.80630250001559,0.679416989441961,0
5682,78.81871345901163,0.4842079943045974,0
5683,78.82947029202478,0.4672079812735319,0
5684,78.84217300004093,0.5980419809930027,0
5685,78.85490633401787,0.7034579757601023,0
5686,78.86613387503894,0.3368339966982603,0
5687,78.87901270901784,0.3066660137847066,0
5688,78.89186199998949,0.2684170030988753,0
5689,78.90232016699156,0.6775420042686164,0
5690,78.91491275001317,0.5760419880971313,0
5691,78.93568583403248,2.108124957885593,0
5692,78.95026754203718,0.5708749522455037,0
5693,78.96342291700421,0.2674999996088445,0
5694,78.97406654199585,0.25820801965892315,0
5695,78.98689912504051,0.2828749711625278,0
5696,78.9998330840026,0.26604102458804846,0
5697,79.01266062504146,0.29262498719617724,0
5698,79.02524441701826,0.2696249866858125,0
5699,79.03704145899974,0.2667910302989185,0
5700,79.048357459018,0.35262497840449214,0
5701,79.06136829202296,0.2590829972177744,0
5702,79.07418600004166,0.30570896342396736,0
5703,79.08705704199383,0.271500030066818,0
5704,79.09788095898693,0.35850005224347115,0
5705,79.12088512501214,2.751709020230919,0
5706,79.13619241700508,0.26770803378894925,0
5707,79.14901454199571,0.3005000180564821,0
5708,79.16187820903724,0.2527909819036722,0
5709,79.18017441703705,0.2937079989351332,0
5710,79.19305087503744,0.2638750011101365,0
5711,79.20397375000175,0.2506669843569398,0
5712,79.21441966702696,0.20691700046882033,0
5713,79.22719191701617,0.259542022831738,0
5714,79.23992354201619,0.514750019647181,0
5715,79.25104479200672,1.3746669865213335,0
5716,79.26499037502799,0.3118339809589088,0
5717,79.27786650002236,0.25870901299640536,0
5718,79.28945949999616,0.2864170237444341,0
5719,79.30135820899159,0.4190000472590327,0
5720,79.31436100002611,0.5973340012133121,0
5721,79.32708095898852,0.45645801583305,0
5722,79.3401402499876,0.42754202149808407,0
5723,79.35352616698947,0.4562920075841248,0
5724,79.36657508398639,0.4439160111360252,0
5725,79.37837237503845,1.2430839706212282,0
5726,79.39237858401611,0.34920801408588886,0
5727,79.4055048340233,0.7729579810984433,0
5728,79.41768120898632,0.5340830539353192,0
5729,79.43082050001249,0.4105420084670186,0
5730,79.44170283403946,0.5682079936377704,0
5731,79.45286758401198,0.9632500004954636,0
5732,79.46612841699971,0.3524170024320483,0
5733,79.4901562500163,43.10229199472815,0
5734,79.58345079200808,0.8155420073308051,0
5735,79.59819487499772,0.34316699020564556,0
5736,79.60994845902314,0.299000006634742,0
5737,79.62280191702303,0.350042013451457,0
5738,79.63552016700851,0.4807499935850501,0
5739,79.6486227500136,0.38220902206376195,0
5740,79.66205470904242,3.22770798811689,0
5741,79.67802545899758,1.787999994121492,0
5742,79.69043283403153,0.8283329661935568,0
5743,79.70395512500545,0.4020420019514859,0
5744,79.71695837500738,1.037666981574148,0
5745,79.73039541702019,0.8743749931454659,0
5746,79.74197891703807,0.586707959882915,0
5747,79.75397195899859,0.47983299009501934,0
5748,79.7656726250425,0.3564590006135404,0
5749,79.77903408400016,0.5333750159479678,0
5750,79.79217791702831,0.4404169740155339,0
5751,79.80364695901517,1.976249972358346,0
5752,79.81789562501945,0.3562920028343797,0
5753,79.83271187503124,0.9863749728538096,0
5754,79.84628679201705,0.43091701809316874,0
5755,79.85953841701848,1.2417500256560743,0
5756,79.87391195900273,0.37212501047179103,0
5757,79.88661662500817,0.6258750217966735,0
5758,79.90148716699332,0.6327080191113055,0
5759,79.9147183750174,0.43462502071633935,0
5760,79.92687037499854,0.4241670249029994,0
5761,79.93986133398721,0.37887500366196036,0
5762,79.95254808402387,0.49554096767678857,0
5763,79.96588725002948,0.5050000036135316,0
5764,79.97898700000951,0.49529201351106167,0
5765,79.99208720901515,0.5056660156697035,0
5766,80.00479454203742,0.32175000524148345,0
5767,80.01743470900692,0.5350830033421516,0
5768,80.02972804202,0.5324999801814556,0
5769,80.04073829203844,0.40487496880814433,0
5770,80.05249199998798,0.5114170489832759,0
5771,80.06310850003501,0.4884589579887688,0
5772,80.07545883400599,0.6965000065974891,0
5773,80.09999537502881,4.145584010984749,0
5774,80.11673733399948,0.30574999982491136,0
5775,80.12964266701601,0.3850830253213644,0
5776,80.14263041701633,0.4056670004501939,0
5777,80.15396000002511,0.5007089930586517,0
5778,80.16672662500059,0.35133399069309235,0
5779,80.17966954200529,0.3273750189691782,0
5780,80.19243162503699,0.2514169900678098,0
5781,80.20400408399291,0.36812503822147846,0
5782,80.21694479201687,0.36574999103322625,0
5783,80.23202312499052,0.5537500255741179,0
5784,80.24514970899327,0.5978330154903233,0
5785,80.25737120903796,0.2902079722844064,0
5786,80.26845900004264,0.547541945707053,0
5787,80.28203375003068,0.4325839690864086,0
5788,80.29284891701536,0.3088749945163727,0
5789,80.30420229199808,0.5397920031100512,0
5790,80.31660941703012,0.42091700015589595,0
5791,80.33527179202065,0.5483750137500465,0
5792,80.34675958403386,0.3265409613959491,0
5793,80.35964904201683,0.22016698494553566,0
5794,80.3724388339906,0.4752080421894789,0
5795,80.39294312504353,11.96733396500349,0
5796,80.41765954199946,0.48700004117563367,0
5797,80.43988550000358,0.5090420017950237,0
5798,80.4529948339914,0.32241601729765534,0
5799,80.46556625002995,0.40550000267103314,0
5800,80.47744633402908,0.4487080150283873,0
5801,80.48965529201087,0.31420798040926456,0
5802,80.50259849999566,0.37745904410257936,0
5803,80.51501412503421,0.4348339862190187,0
5804,80.52806816704106,0.4415419534780085,0
5805,80.54112183401594,0.42883300920948386,0
5806,80.55399916699389,0.3755000070668757,0
5807,80.56534820899833,0.46962499618530273,0
5808,80.5762049999903,0.4640420083887875,0
5809,80.5880714590312,0.5447909934446216,0
5810,80.59974366700044,0.8349170093424618,0
5811,80.61320975003764,0.5252919509075582,0
5812,80.62760404200526,3.86925000930205,0
5813,80.64440429199021,0.35800004843622446,0
5814,80.65617199998815,0.2530839992687106,0
5815,80.66773479199037,0.4509580321609974,0
5816,80.67941283399705,0.3955830470658839,0
5817,80.69135558401467,0.645750027615577,0
5818,80.7046365000424,0.683333957567811,0
5819,80.71553179202601,0.4385419888421893,0
5820,80.72650741704274,0.33962499583140016,0
5821,80.73795600002632,0.42208400554955006,0
5822,80.75103533401852,0.2651659888215363,0
5823,80.76135233399691,0.30262500513345003,0
5824,80.77253350004321,0.4444999503903091,0
5825,80.78388504200848,0.7553750183433294,0
5826,80.79490570898633,0.3107080119661987,0
5827,80.80587787501281,0.4580420209094882,0
5828,80.81661183398683,0.9243330569006503,0
5829,80.82889316702494,0.2858749940060079,0
5830,80.83948458399391,0.517666048835963,0
5831,80.85024216701277,0.7350419764406979,0
5832,80.86286637501325,1.8548750085756183,0
5833,80.87733262503752,0.3386669559404254,0
5834,80.89035491703544,0.3855829709209502,0
5835,80.90329954202753,0.30812498880550265,0
5836,80.91619349998655,0.5985000170767307,0
5837,80.92936933401506,0.2574580139480531,0
5838,80.94158791704103,0.4082079976797104,0
5839,80.95517041702988,0.28604199178516865,0
5840,80.96661370899528,2.394333016127348,0
5841,80.98577100003604,0.3369170008227229,0
5842,80.99661916703917,0.24224998196586967,0
5843,81.00941275001969,0.6345419678837061,0
5844,81.02260562503943,0.2625419874675572,0
5845,81.03567483404186,0.8138329721987247,0
5846,81.0500728340121,4.175333015155047,0
5847,81.06540529202903,1.36058300267905,0
5848,81.0793174590217,0.43479097075760365,0
5849,81.090485083987,1.395000028423965,0
5850,81.10444208403351,0.33487495966255665,0
5851,81.11735087499255,0.8269590325653553,0
5852,81.13048849999905,0.31991698779165745,0
5853,81.14344600000186,0.32283400651067495,0
5854,81.15425337501802,0.2945840242318809,0
5855,81.16612733399961,0.3364580334164202,0
5856,81.17903037503129,0.27483399026095867,0
5857,81.18947745900368,0.30758301727473736,0
5858,81.20045170903904,0.3298329538665712,0
5859,81.21336283400888,0.46012498205527663,0
5860,81.2254913750221,0.47379196621477604,0
5861,81.23688304203097,0.7415830041281879,0
5862,81.25046358403051,1.4423750108107924,0
5863,81.26452483399771,0.36533299135044217,0
5864,81.27765958401142,0.7088329875841737,0
5865,81.29089154204121,0.41679199784994125,0
5866,81.30362712498754,0.4645000444725156,0
5867,81.31575079204049,0.479582988191396,0
5868,81.32891041703988,0.408249965403229,0
5869,81.34150308399694,0.3950830432586372,0
5870,81.3540067920112,0.37108297692611814,0
5871,81.36594237503596,0.33599999733269215,0
5872,81.37748091702815,0.2513749641366303,0
5873,81.39026429201476,0.28745800955221057,0
5874,81.40183175000129,0.32270903466269374,0
5875,81.41472891700687,0.2614170080050826,0
5876,81.4259584590327,0.24575000861659646,0
5877,81.43903712503379,0.37224998231977224,0
5878,81.4517641250277,0.7411669939756393,0
5879,81.46337187499739,0.2529590274207294,0
5880,81.47547775000567,0.26408402482047677,0
5881,81.48663012502948,0.2710419939830899,0
5882,81.49946179200197,0.3433750243857503,0
5883,81.51179424999282,0.27708400739356875,0
5884,81.52268129203003,0.3546669613569975,0
5885,81.53811116702855,0.39729196578264236,0
5886,81.55148145899875,0.3134160069748759,0
5887,81.56435599998804,0.24425005540251732,0
5888,81.57714408403262,0.3077499568462372,0
5889,81.59002950001741,0.36145898047834635,0
5890,81.60247300000628,1.447417016606778,0
5891,81.6140297090169,0.24800002574920654,0
5892,81.62544795899885,0.2667910302989185,0
5893,81.63827262498671,0.25591702433303,0
5894,81.65108758403221,0.27070799842476845,0
5895,81.66393658402376,0.26241596788167953,0
5896,81.67689937498653,0.3328750026412308,0
5897,81.68948108400218,0.272583041805774,0
5898,81.70176233403618,0.3869579522870481,0
5899,81.71480520901969,0.29449997236952186,0
5900,81.72644025000045,0.2852919860742986,0
5901,81.73721604200546,0.3184580127708614,0
5902,81.74791908403859,0.2883329871110618,0
5903,81.75877700001001,0.274333986453712,0
5904,81.77216883399524,0.42787502752617,0
5905,81.78520662500523,0.27291703736409545,0
5906,81.79808600002434,0.26004196843132377,0
5907,81.81216500001028,0.3533340059220791,0
5908,81.82511033402989,0.22325001191347837,0
5909,81.83787575003225,0.27362495893612504,0
5910,81.85071762499865,0.23100001271814108,0
5911,81.86350625002524,0.25041698245331645,0
5912,81.87403345899656,0.22379099391400814,0
5913,81.88679645903176,0.36229100078344345,0
5914,81.89969654200831,0.21058303536847234,0
5915,81.91244391701184,0.23633299861103296,0
5916,81.92523066699505,0.26537501253187656,0
5917,81.93741033400875,0.25591603480279446,0
5918,81.95022579201031,0.26229198556393385,0
5919,81.96308775001671,0.5599170108325779,0
5920,81.97625179198803,0.4302500165067613,0
5921,81.98706037498778,0.5044590216130018,0
5922,81.99856604199158,0.5464580026455224,0
5923,82.00973337498726,0.5142090376466513,0
5924,82.0206219170359,0.44116697972640395,0
5925,82.03148616699036,0.5667500081472099,0
5926,82.04469454201171,0.5657500005327165,0
5927,82.05788429203676,0.4391669644974172,0
5928,82.06887908402132,0.45429100282490253,0
5929,82.0819388750242,0.42745901737362146,0
5930,82.09497254202142,0.48649997916072607,0
5931,82.10684708401095,0.4597500083036721,0
5932,82.11935716698645,0.4766250494867563,0
5933,82.13087575003738,0.4301669541746378,0
5934,82.14347516698763,0.5421250243671238,0
5935,82.15667799999937,0.39599998854100704,0
5936,82.1689650840126,0.472041021566838,0
5937,82.18136049999157,0.4578340449370444,0
5938,82.19445508404169,0.8672909461893141,0
5939,82.20797516702441,0.5184169858694077,0
5940,82.22000091703376,0.4313749959692359,0
5941,82.2326994590112,0.6307910080067813,0
5942,82.24365395901259,0.43462502071633935,0
5943,82.25577404198702,0.30683301156386733,0
5944,82.26854404201731,0.29395800083875656,0
5945,82.28152104199398,0.37454202538356185,0
5946,82.29449000000022,0.33829204039648175,0
5947,82.30746495904168,0.2860410022549331,0
5948,82.32032754202373,0.45683298958465457,0
5949,82.33349362498848,0.4206669982522726,0
5950,82.34621054201853,0.3905000048689544,0
5951,82.3587895000237,0.32766698859632015,0
5952,82.37168775004102,0.3813339862972498,0
5953,82.38467733399011,1.1373750166967511,0
5954,82.39841424999759,0.3683340037241578,0
5955,82.41135950002354,0.3099589957855642,0
5956,82.42335495899897,0.27308298740535975,0
5957,82.435001209029,0.28504099464043975,0
5958,82.44715254200855,0.31174998730421066,0
5959,82.46007904200815,2.317583013791591,0
5960,82.47444858402014,0.40970800910145044,0
5961,82.48744883399922,0.5190410302020609,0
5962,82.50056016701274,1.6739169950596988,0
5963,82.51487870904384,0.5810829461552203,0
5964,82.5280271670199,0.679749995470047,0
5965,82.54145779198734,0.3142920322716236,0
5966,82.5539977090084,0.3805410233326256,0
5967,82.56577174999984,0.2351670409552753,0
5968,82.57857933401829,0.3399580018594861,0
5969,82.59148904203903,0.26408297708258033,0
5970,82.60397516703233,0.3619999624788761,0
5971,82.61694395903032,0.3273749607615173,0
5972,82.62881433399161,0.31716603552922606,0
5973,82.6397439170396,0.28254196513444185,0
5974,82.65259383403463,0.3459579893387854,0
5975,82.6655147090205,0.3123750211670995,0
5976,82.67628879199037,0.2897920203395188,0
5977,82.68802508403314,0.27245795354247093,0
5978,82.70015204203082,0.3813749644905329,0
5979,82.72351262503071,0.38583396235480905,0
5980,82.736466167029,0.3452500095590949,0
5981,82.74939087498933,0.4526670090854168,0
5982,82.76107875001617,0.39758399361744523,0
5983,82.77447775000473,0.37933402927592397,0
5984,82.78681083401898,0.35054096952080727,0
5985,82.79974266700447,0.300041981972754,0
5986,82.81261379201896,0.25591702433303,0
5987,82.82543458399596,0.6300410022959113,0
5988,82.83765604201471,0.31833298271521926,0
5989,82.84839316701982,0.30079198768362403,0
5990,82.86078454199014,0.40312501369044185,0
5991,82.87140545900911,0.33079099375754595,0
5992,82.88416758400854,0.33587502548471093,0
5993,82.89712991699344,0.363083032425493,0
5994,82.91005941701587,0.2465000143274665,0
5995,82.9228938749875,0.36137504503130913,0
5996,82.93351833400084,0.4521660157479346,0
5997,82.94650516699767,0.424250029027462,0
5998,82.95903445902513,7.036208000499755,0
5999,82.97882487502648,0.7483339868485928,0
6000,82.99191108404193,0.3755409852601588,0
6001,83.00392541702604,0.27650000993162394,0
6002,83.01511933404254,0.35249994834885,0
6003,83.02641958399909,0.2602910390123725,0
6004,83.03894908400252,0.2918330137617886,0
6005,83.05046858399874,0.5503330030478537,0
6006,83.06270937499357,0.2458340022712946,0
6007,83.07549975003349,0.24162500631064177,0
6008,83.08674125000834,0.23187499027699232,0
6009,83.09952054201858,0.34083297941833735,0
6010,83.11073687503813,0.18191698472946882,0
6011,83.12345066701528,0.2234170096926391,0
6012,83.13621945900377,0.26537501253187656,0
6013,83.14901799999643,0.16654201317578554,0
6014,83.16172199998982,0.21820905385538936,0
6015,83.17448995902669,0.24024996673688293,0
6016,83.18488937499933,0.2434590132907033,0
6017,83.19767441699514,0.37045800127089024,0
6018,83.2105865420308,0.29504200210794806,0
6019,83.22340424999129,0.2160840085707605,0
6020,83.23614870902384,0.23270800011232495,0
6021,83.24641041702125,0.27541699819266796,0
6022,83.25921945902519,0.3474999684840441,0
6023,83.2720932920347,0.23491698084399104,0
6024,83.28905904199928,0.361250014975667,0
6025,83.30199033400277,0.3567080129869282,0
6026,83.31488820898812,0.29387505492195487,0
6027,83.32771995902294,0.30224997317418456,0
6028,83.34053529199446,0.31329202465713024,0
6029,83.35256450000452,0.23483403492718935,0
6030,83.3639078339911,0.2740829950198531,0
6031,83.37625420902623,0.3136249724775553,0
6032,83.38877954200143,0.22983300732448697,0
6033,83.4015235840343,0.25054096477106214,0
6034,83.41429675003747,0.28016697615385056,0
6035,83.4263885000255,0.2530839992687106,0
6036,83.43916179199005,0.27825002325698733,0
6037,83.45199312502518,0.3112090053036809,0
6038,83.46484670898644,0.2597910352051258,0
6039,83.47763237502659,0.301833963021636,0
6040,83.49046270904364,0.26762497145682573,0
6041,83.50325120904017,0.24420797126367688,0
6042,83.51601170899812,0.24358299560844898,0
6043,83.5289706250187,3.869374981150031,0
6044,83.5454872919945,0.4183330456726253,0
6045,83.5585528750089,0.4135000053793192,0
6046,83.57296900002984,0.4800839815288782,0
6047,83.58849945903057,0.6421249709092081,0
6048,83.6044643750065,0.8545420132577419,0
6049,83.6201711249887,0.4982920363545418,0
6050,83.63085320900427,0.3969580284319818,0
6051,83.64385154203046,0.49637496704235673,0
6052,83.65719774999889,0.7067089900374413,0
6053,83.67169912502868,1.6860839677974582,0
6054,83.68414566700812,1.5627079992555082,0
6055,83.69830445898697,0.9646660182625055,0
6056,83.71195841702865,0.4295419785194099,0
6057,83.72498649999034,0.40491705294698477,0
6058,83.73799316701479,0.5757500184699893,0
6059,83.75085129198851,1.1880830279551446,0
6060,83.77072274999227,1.0194590431638062,0
6061,83.78430420899531,0.6420410354621708,0
6062,83.7976067920099,0.5500830011442304,0
6063,83.80855195899494,0.5859580123797059,0
6064,83.8217758340179,0.5030410247854888,0
6065,83.83466670900816,0.27483300073072314,0
6066,83.84753299999284,0.4609170136973262,0
6067,83.86067133402685,0.5186659982427955,0
6068,83.8738132500439,1.186499954201281,0
6069,83.88764237501891,0.5192920216359198,0
6070,83.9007252920419,1.2377499951981008,0
6071,83.91442866699072,0.4326250054873526,0
6072,83.92746445903322,0.48874999629333615,0
6073,83.93820220901398,0.42179098818451166,0
6074,83.95095845899777,0.7152910111472011,0
6075,83.9621193750063,0.4609589814208448,0
6076,83.97517691703979,0.37895794957876205,0
6077,83.98739212501096,0.8655419806018472,0
6078,84.00090166699374,5.058250040747225,0
6079,84.02046479203273,0.39858295349404216,0
6080,84.03349408402573,2.494624990504235,0
6081,84.0480154590332,0.43824996100738645,0
6082,84.06107062502997,0.4259999841451645,0
6083,84.07257804198889,0.5240000318735838,0
6084,84.08571300003678,0.42866700096055865,0
6085,84.09873883402906,0.4279579734429717,0
6086,84.1117829590221,0.6214159657247365,0
6087,84.12378958403133,0.49708300502970815,0
6088,84.13544641702902,0.5072079948149621,0
6089,84.14709420903819,1.535832998342812,0
6090,84.16124083398608,0.7484580273739994,0
6091,84.17462075001094,0.4878339823335409,0
6092,84.18868641700828,0.49420801224187016,0
6093,84.20096820901381,3.3758750068955123,0
6094,84.21700054203393,0.5539580015465617,0
6095,84.23026308399858,0.4087080014869571,0
6096,84.24180633400101,1.4897080254741013,0
6097,84.25532887503505,0.5062499549239874,0
6098,84.26615712500643,0.4592500044964254,0
6099,84.27958870900329,0.40737498784437776,0
6100,84.29140824999195,0.5117499968037009,0
6101,84.30394008400617,0.457499991171062,0
6102,84.31703425000887,6.465499987825751,0
6103,84.33591154200258,0.4586669965647161,0
6104,84.34685604204424,0.45962497824802995,0
6105,84.35889224999119,0.489042024128139,0
6106,84.37051916698692,0.4704170278273523,0
6107,84.38293516699923,11.887458036653697,0
6108,84.40513483399991,0.3956250147894025,0
6109,84.41824704199098,0.28375000692903996,0
6110,84.43110833404353,0.2722079516388476,0
6111,84.44396012503421,0.2673749695532024,0
6112,84.45679662498878,0.3130000550299883,0
6113,84.469009249995,0.3242090460844338,0
6114,84.48190837498987,0.2792919985949993,0
6115,84.49380566703621,0.31754199881106615,0
6116,84.50609870901098,0.3026659833267331,0
6117,84.51927487499779,0.27125002816319466,0
6118,84.53134870901704,0.9227080154232681,0
6119,84.5432487920043,0.24708302225917578,0
6120,84.55395891703665,0.4764999612234533,0
6121,84.56523545901291,0.34579099155962467,0
6122,84.57602987502469,0.43279200326651335,0
6123,84.58878387499135,0.46670902520418167,0
6124,84.60522779199528,0.5633330438286066,0
6125,84.61884495901177,0.39441598346456885,0
6126,84.63078504201258,0.31924998620525,0
6127,84.64354533399455,0.34312502248212695,0
6128,84.6564973340137,0.463999982457608,0
6129,84.667319625034,0.7535420008935034,0
6130,84.68068008404225,0.5493329954333603,0
6131,84.69260162499268,0.6193339941091835,0
6132,84.70428295899183,4.461250035092235,0
6133,84.72110412502661,1.4675419661216438,0
6134,84.7351701669977,1.868374994955957,0
6135,84.74965491698822,0.41862501529976726,0
6136,84.76035233400762,0.5181250162422657,0
6137,84.77195479202783,0.42516697430983186,0
6138,84.78385804203572,2.28749995585531,0
6139,84.79763908399036,0.25100004859268665,0
6140,84.81051437504357,0.46004197793081403,0
6141,84.82278033404145,0.4384579951874912,0
6142,84.83583187503973,0.4983340040780604,0
6143,84.84723608399509,0.41025003883987665,0
6144,84.85892516700551,0.4265829920768738,0
6145,84.87076095899101,0.957041047513485,0
6146,84.88492754200706,0.9148750104941428,0
6147,84.89705691701965,0.31999999191612005,0
6148,84.9099484999897,0.33950002398341894,0
6149,84.92286633403273,0.401041004806757,0
6150,84.93338312499691,0.4220000118948519,0
6151,84.94487587502226,3.125416988041252,0
6152,84.9608112089918,0.2550409990362823,0
6153,84.97363029199187,0.3825420280918479,0
6154,84.98582599998917,0.5341250216588378,0
6155,84.99895379203372,0.38533296901732683,0
6156,85.01087329199072,0.46487501822412014,0
6157,85.02397508401191,0.42945798486471176,0
6158,85.03665495902533,0.355415977537632,0
6159,85.04958404198987,0.44595805229619145,0
6160,85.06055291701341,0.6236250046640635,0
6161,85.07483450003201,0.5062919808551669,0
6162,85.08794695901452,1.8120830063708127,0
6163,85.1023702090024,0.6477080169133842,0
6164,85.11474220902892,0.9357499657198787,0
6165,85.12894750002306,2.2667499724775553,0
6166,85.14192812499823,0.4995420458726585,0
6167,85.15407787502045,0.7454589940607548,0
6168,85.16554037499009,0.46070903772488236,0
6169,85.1763792920392,0.7615829817950726,0
6170,85.18987666699104,0.49945805221796036,0
6171,85.20076491701184,3.2083329861052334,0
6172,85.21422062499914,0.40137500036507845,0
6173,85.22569699998712,0.5702920025214553,0
6174,85.23806975001935,0.578042003326118,0
6175,85.24978566699428,8.1295000272803,0
6176,85.26873091701418,0.46716700308024883,0
6177,85.28180070902454,0.39658299647271633,0
6178,85.29411858401727,0.43883296893909574,0
6179,85.3054204590153,1.5705000259913504,0
6180,85.32024700002512,1.6866250080056489,0
6181,85.33345383399865,0.46454102266579866,0
6182,85.34651920903707,0.40079100290313363,0
6183,85.35830804199213,0.4841670161113143,0
6184,85.3712903750129,0.486459000967443,0
6185,85.38261479203356,0.4094999749213457,0
6186,85.39537129201926,0.41866698302328587,0
6187,85.40822700003628,0.5434170016087592,0
6188,85.42136937502073,0.406834005843848,0
6189,85.43380120903021,0.3935410059057176,0
6190,85.44675495900447,0.45266601955518126,0
6191,85.45982799999183,0.38766703801229596,0
6192,85.47123679204378,0.47812494449317455,0
6193,85.48309266701108,0.40550000267103314,0
6194,85.49384979199385,0.6155419978313148,0
6195,85.50509312498616,0.6065420457161963,0
6196,85.51659758400638,0.9903330355882645,0
6197,85.52838012500433,0.4530840087682009,0
6198,85.54143300000578,0.4682919825427234,0
6199,85.554490584007,0.3005830221809447,0
6200,85.5651382500073,0.24525000480934978,0
6201,85.57583704200806,1.0413749841973186,0
6202,85.5894465839956,0.36745803663507104,0
6203,85.60043033398688,0.22662500850856304,0
6204,85.61138537502848,0.610249990131706,0
6205,85.62204233399825,0.20904099801555276,0
6206,85.6323752090102,0.40800002170726657,0
6207,85.64480737503618,0.3106669755652547,0
6208,85.65634929202497,0.2252080012112856,0
6209,85.6690911250189,0.30095898546278477,0
6210,85.68036462500459,0.4527090350165963,0
6211,85.69309433404123,0.2549579949118197,0
6212,85.70589608402224,0.2711659763008356,0
6213,85.71872970904224,0.471249979455024,0
6214,85.73078316700412,0.3035829868167639,0
6215,85.74309454200557,0.3197499900124967,0
6216,85.75384158402449,0.3220830112695694,0
6217,85.76670787500916,0.2346669789403677,0
6218,85.7796547919861,0.49337500240653753,0
6219,85.79210687504383,0.31641696114093065,0
6220,85.80340716702631,0.3243749961256981,0
6221,85.81615020899335,0.2531250356696546,0
6222,85.82807337504346,0.2815419575199485,0
6223,85.84088941704249,0.32258295686915517,0
6224,85.85386920900783,0.41024998063221574,0
6225,85.86690129199997,0.42508303886279464,0
6226,85.87769133399706,2.6347910170443356,0
6227,85.89328191702953,0.5357919726520777,0
6228,85.90477975003887,0.42204197961837053,0
6229,85.91574900003616,0.5799999926239252,0
6230,85.92702466703486,0.5198749713599682,0
6231,85.94014833401889,0.4194999928586185,0
6232,85.95317512500333,0.5211670068092644,0
6233,85.96566162502859,0.869042007252574,0
6234,85.97912266699132,0.49154204316437244,0
6235,85.99230566702317,1.0525829857215285,0
6236,86.00442345900228,0.40441600140184164,0
6237,86.02101479202975,0.811832956969738,0
6238,86.03364870900987,0.4809160018339753,0
6239,86.04611833399395,0.31562504591420293,0
6240,86.05903529201169,0.45733299339190125,0
6241,86.07041929202387,0.47554197954013944,0
6242,86.08349754201481,0.4063330125063658,0
6243,86.09651345899329,0.39608305087313056,0
6244,86.10952470899792,0.45787502313032746,0
6245,86.12187274999451,0.40429201908409595,0
6246,86.13518775004195,0.43874996481463313,0
6247,86.14832708402537,0.4432909772731364,0
6248,86.15928054199321,0.568667019251734,0
6249,86.1706592499977,0.5037090159021318,0
6250,86.18226704199333,0.44650002382695675,0
6251,86.19531400001142,0.39645901415497065,0
6252,86.2060421250062,0.4312089877203107,0
6253,86.21749470900977,1.1177079868502915,0
6254,86.23125654202886,0.41387497913092375,0
6255,86.24387737503275,0.5672499537467957,0
6256,86.25683804199798,0.4033750155940652,0
6257,86.26983041700441,0.29679201543331146,0
6258,86.28081066702725,0.40683301631361246,0
6259,86.29313966701739,0.4621670232154429,0
6260,86.30524145899108,0.7959160138852894,0
6261,86.31867533404147,0.8534579537808895,0
6262,86.33212875004392,0.3046669880859554,0
6263,86.34501470898977,0.3317079972475767,0
6264,86.35793525003828,0.2703339559957385,0
6265,86.36968395899748,0.24058303097262979,0
6266,86.38153325003805,0.3636669716797769,0
6267,86.3945026670117,0.5145000177435577,0
6268,86.4076599170221,0.49895799020305276,0
6269,86.42084595898632,0.42387505527585745,0
6270,86.43364104203647,0.4699169658124447,0
6271,86.44613433402264,0.4426249652169645,0
6272,86.4589913749951,0.4163340199738741,0
6273,86.47064495901577,0.7076250039972365,0
6274,86.48378362500807,0.317834026645869,0
6275,86.49602179200156,0.25833299150690436,0
6276,86.50744783401024,0.3030829830095172,0
6277,86.51930895901751,0.46795798698440194,0
6278,86.53233675000956,0.25520898634567857,0
6279,86.5430852920399,0.23549998877570033,0
6280,86.55584033404011,0.1968329888768494,0
6281,86.56855104200076,0.15433301450684667,0
6282,86.58122341701528,0.29820797499269247,0
6283,86.59309258399298,0.5555410170927644,0
6284,86.60619945899816,0.38366601802408695,0
6285,86.61914950003847,0.6705839768983424,0
6286,86.63175020902418,0.4444579826667905,0
6287,86.64309025002876,0.2721669734455645,0
6288,86.6559123340412,0.29274995904415846,0
6289,86.6687491670018,0.2577920095063746,0
6290,86.68094729201403,0.18779200036078691,0
6291,86.69310958404094,0.7317079580388963,0
6292,86.7064680000185,3.3065840252675116,0
6293,86.72053583402885,0.1990000018849969,0
6294,86.73331362503814,0.4895000020042062,0
6295,86.74639945902163,0.3412080113776028,0
6296,86.75813091703458,0.2192499814555049,0
6297,86.76931158400839,0.2889159950427711,0
6298,86.78213554201648,0.2685000072233379,0
6299,86.79305391700473,0.20845799008384347,0
6300,86.80489545903401,0.2289160038344562,0
6301,86.81765854201512,0.2857500221580267,0
6302,86.82841075002216,0.21654198644682765,0
6303,86.84114725003019,0.20654196850955486,0
6304,86.85386833403027,0.1641659764572978,0
6305,86.86655291699572,0.3144170041196048,0
6306,86.87941662501544,1.355208980385214,0
6307,86.89316158404108,0.4141249810345471,0
6308,86.9061314589926,0.4301250446587801,0
6309,86.91913916700287,0.47087500570341945,0
6310,86.9321682919981,0.2606670022942126,0
6311,86.94311166700209,0.37700001848861575,0
6312,86.95604095899034,0.30858302488923073,0
6313,86.96759499999462,0.2327919937670231,0
6314,86.98039916699054,0.2612920361571014,0
6315,86.99309637502301,0.31920900801196694,0
6316,87.00595933402656,0.22558297496289015,0
6317,87.01873200002592,0.368500011973083,0
6318,87.03016754199052,0.4759580479003489,0
6319,87.0410279170028,0.24262501392513514,0
6320,87.05385933403159,0.7341249729506671,0
6321,87.06716279202374,0.3891249652951956,0
6322,87.08011287503177,0.22029195679351687,0
6323,87.09220220899442,0.29691599775105715,0
6324,87.10470975004137,0.5039999959990382,0
6325,87.11648670904106,0.38474996108561754,0
6326,87.12849295901833,0.4166250000707805,0
6327,87.14018920902163,0.43479097075760365,0
6328,87.1521507500438,0.9197919862344861,0
6329,87.1657300000079,0.35666703479364514,0
6330,87.17834754200885,0.5681249895133078,0
6331,87.1914838750381,0.3345839795656502,0
6332,87.20313645899296,0.6380830309353769,0
6333,87.21502983401297,0.42387499706819654,0
6334,87.22781375003979,0.29666698537766933,0
6335,87.24071108404314,0.5930829793214798,0
6336,87.25265083403792,0.578707957174629,0
6337,87.26357083400944,1.200290978886187,0
6338,87.27549237501808,0.3967920201830566,0
6339,87.28713641699869,0.5610830266959965,0
6340,87.3026100420393,0.6371669587679207,0
6341,87.31425037502777,0.42916700476780534,0
6342,87.32731229200726,0.5292919813655317,0
6343,87.34033775003627,0.25591696612536907,0
6344,87.35315454204101,0.34241698449477553,0
6345,87.36412662500516,0.6127500091679394,0
6346,87.37743466702523,0.34954200964421034,0
6347,87.39037237502635,0.26170897763222456,0
6348,87.40144754201174,0.7175420178100467,0
6349,87.41485083400039,0.5256250151433051,0
6350,87.4280790000339,0.47804199857637286,0
6351,87.44119208399206,0.4551660385914147,0
6352,87.45191270898795,0.40554103907197714,0
6353,87.46405837504426,0.464749988168478,0
6354,87.47546824999154,0.4308750503696501,0
6355,87.48841041699052,0.5832500173710287,0
6356,87.5009946670034,4.034875018987805,0
6357,87.52125129202614,0.5972919752821326,0
6358,87.536663875042,0.49458397552371025,0
6359,87.54977008403512,0.41695800609886646,0
6360,87.56282370904228,0.5087909521535039,0
6361,87.57593275001273,0.4649590118788183,0
6362,87.58851725002751,0.24679198395460844,0
6363,87.59930904203793,0.43349998304620385,0
6364,87.6103418340208,0.43291598558425903,0
6365,87.6221882920363,0.44483295641839504,0
6366,87.63427133404184,0.2972499933093786,0
6367,87.64587895903969,0.3102499758824706,0
6368,87.65708912501577,0.29012502636760473,0
6369,87.66748316702433,4.282833018805832,0
6370,87.68615641701035,1.6715829842723906,0
6371,87.7004020420136,0.296416983474046,0
6372,87.71328241704032,0.2827919670380652,0
6373,87.72613154200371,0.3974999999627471,0
6374,87.7391201670398,0.4640419501811266,0
6375,87.75451108400011,0.31716603552922606,0
6376,87.76740491698729,0.489042024128139,0
6377,87.78049454203574,0.47566695138812065,0
6378,87.79360750003252,0.4329590010456741,0
6379,87.80488599999808,0.2775000175461173,0
6380,87.81786395900417,0.3179580089636147,0
6381,87.82891354203457,0.3840829594992101,0
6382,87.84021120902617,0.351790979038924,0
6383,87.85075941699324,0.3504580236040056,0
6384,87.86364983400563,0.22149999858811498,0
6385,87.87642708403291,0.3744579735212028,0
6386,87.88791504199617,0.2959170378744602,0
6387,87.90077062504133,0.43537496821954846,0
6388,87.91197241703048,1.0158749646507204,0
6389,87.92556133400649,0.30458299443125725,0
6390,87.93842316704104,0.36633299896493554,0
6391,87.95135070901597,0.40974997682496905,0
6392,87.96436095901299,0.4671660135500133,0
6393,87.97690737503581,0.29687496135011315,0
6394,87.98877258400898,0.7029580301605165,0
6395,88.00207220902666,0.5653330008499324,0
6396,88.01531183399493,0.367791042663157,0
6397,88.02826370904222,0.35499996738508344,0
6398,88.04042054200545,0.49879198195412755,0
6399,88.05352754204068,0.4200830007903278,0
6400,88.06553045898909,0.5331660504452884,0
6401,88.07867454201914,0.4428329993970692,0
6402,88.09171737503493,0.4991669557057321,0
6403,88.1048885420314,0.5513749783858657,0
6404,88.11754316702718,1.322624972090125,0
6405,88.13085887499619,0.595084042288363,0
6406,88.1426612919895,0.36566704511642456,0
6407,88.15399187500589,0.3305000136606395,0
6408,88.16675787500571,0.4223340074531734,0
6409,88.17885791702429,0.267457973677665,0
6410,88.19170237501385,0.26754202554002404,0
6411,88.20269958401332,0.22250000620260835,0
6412,88.21390437503578,0.27820898685604334,0
6413,88.22563304199139,0.28716702945530415,0
6414,88.23807520902483,0.3274579648859799,0
6415,88.2503448339994,0.4573750193230808,0
6416,88.26340966700809,0.27495803078636527,0
6417,88.27377475000685,0.6125840009190142,0
6418,88.28642391698668,0.3448330098763108,0
6419,88.29721308400622,0.6508330116048455,0
6420,88.30816454201704,0.5695829750038683,0
6421,88.32132833398646,0.228791031986475,0
6422,88.33422950003296,0.5745419766753912,0
6423,88.34596083400538,1.1697910376824439,0
6424,88.35970199998701,0.29725005151703954,0
6425,88.37213195901131,0.5056660156697035,0
6426,88.38406987499911,0.25695899967104197,0
6427,88.39587304199813,0.3248749999329448,0
6428,88.40791316702962,0.27787499129772186,0
6429,88.41952066699741,0.28666702564805746,0
6430,88.43243566702586,0.4801669856533408,0
6431,88.44528520898893,0.6530830287374556,0
6432,88.45833858399419,0.48179103760048747,0
6433,88.47144158399897,0.33787504071369767,0
6434,88.48429233400384,0.45712501741945744,0
6435,88.49735958402744,0.4696659743785858,0
6436,88.50856012501754,0.4361249739304185,0
6437,88.52062237501377,0.47320901649072766,0
6438,88.5336942920112,0.45070803025737405,0
6439,88.54545141704148,0.4883749643340707,0
6440,88.55692470900249,0.5434160120785236,0
6441,88.5693267500028,0.6013750098645687,0
6442,88.58218875003513,0.8689590031281114,0
6443,88.59501291700872,0.499167013913393,0
6444,88.60715354199056,0.32658304553478956,0
6445,88.62006895901868,0.842333014588803,0
6446,88.63349662499968,0.42216700967401266,0
6447,88.64641833404312,0.569665979128331,0
6448,88.65878687502118,0.41979202069342136,0
6449,88.67012625001371,0.41912501910701394,0
6450,88.68312412500381,0.3773749922402203,0
6451,88.6960868749884,0.4117090138606727,0
6452,88.70756512501976,0.44058397179469466,0
6453,88.72059124999214,0.36804203409701586,0
6454,88.7312842090032,0.4467910039238632,0
6455,88.7443495420157,0.48450002213940024,0
6456,88.75521475001005,0.3315419889986515,0
6457,88.76820250001037,0.515041989274323,0
6458,88.7813247499871,0.5930420011281967,0
6459,88.79455095902085,0.5402910173870623,0
6460,88.80670937499963,0.6044170004315674,0
6461,88.81993779202458,0.29208301566541195,0
6462,88.83280520903645,0.48162497114390135,0
6463,88.84668183402391,1.7517079832032323,0
6464,88.8598150840262,0.656207965221256,0
6465,88.88047687499784,1.5762500115670264,0
6466,88.89585650002118,0.8277500164695084,0
6467,88.90914895903552,0.8098329999484122,0
6468,88.92021883401321,0.6501249736174941,0
6469,88.93359608401079,0.4314580000936985,0
6470,88.9442372500198,0.43100002221763134,0
6471,88.95725920901168,0.3793329815380275,0
6472,88.96773445903091,0.46249997103586793,0
6473,88.98084516701056,0.5311670247465372,0
6474,88.99395720899338,0.5145409959368408,0
6475,89.00514237501193,0.38641702849417925,0
6476,89.0181229590089,0.5121250287629664,0
6477,89.02913820900721,0.4742080345749855,0
6478,89.04225345898885,0.5512500065378845,0
6479,89.05496187502285,4.959333979059011,0
6480,89.07132141699549,0.4855000297538936,0
6481,89.08266716700746,0.7506249821744859,0
6482,89.09448791702744,0.5629580118693411,0
6483,89.10655299999053,0.3480419982224703,0
6484,89.11949750001077,0.5051670013926923,0
6485,89.13254875002895,0.2614170080050826,0
6486,89.14539762499044,0.47958403592929244,0
6487,89.15786079200916,0.43154199374839664,0
6488,89.17090287501924,0.5661249742843211,0
6489,89.18270016700262,0.45366701669991016,0
6490,89.19453495903872,0.48466597218066454,0
6491,89.20601216703653,0.5118330009281635,0
6492,89.2180677090073,2.3900410160422325,0
6493,89.23193337500561,0.3765419824048877,0
6494,89.24493866699049,0.33075001556426287,0
6495,89.25784262502566,0.4515839973464608,0
6496,89.27041800000006,0.3213339950889349,0
6497,89.28162612504093,0.3303749836049974,0
6498,89.29345350002404,0.6510840030387044,0
6499,89.30598862504121,0.5227919900789857,0
6500,89.31713316700188,3.222125000320375,0
6501,89.33117474999744,0.836124992929399,0
6502,89.34211399999913,0.5501669947989285,0
6503,89.35439137503272,0.6939590093679726,0
6504,89.37890474998858,1.7072090413421392,0
6505,89.39247654203791,0.8073329809121788,0
6506,89.42687520902837,2.0383750088512897,0
6507,89.446831209003,0.6979579920880497,0
6508,89.46011466701748,3.046124998945743,0
6509,89.47598325001309,2.5753339868970215,0
6510,89.49116629199125,0.7030830020084977,0
6511,89.50407525000628,1.3242919812910259,0
6512,89.51641237502918,0.4597919760271907,0
6513,89.52948637498775,0.49445900367572904,0
6514,89.54064633400412,0.5468330346047878,0
6515,89.55207579198759,0.4717920091934502,0
6516,89.56517725001322,0.49633398884907365,0
6517,89.57598412502557,0.5651249666698277,0
6518,89.58857458399143,0.7327910279855132,0
6519,89.60023362503853,0.75179198756814,0
6520,89.61377508402802,0.6593749858438969,0
6521,89.62712237500818,0.36400003591552377,0
6522,89.640089292021,0.5669170059263706,0
6523,89.65096287499182,0.4942090017721057,0
6524,89.66406270902371,0.4535000189207494,0
6525,89.67774004203966,0.4487499827519059,0
6526,89.69077362504322,0.3821669961325824,0
6527,89.70176833402365,0.3709580050781369,0
6528,89.71471008402295,0.2685000072233379,0
6529,89.72753183403984,0.24770799791440368,0
6530,89.73912758403458,0.3846659674309194,0
6531,89.75212279200787,2.5314170052297413,0
6532,89.76763858401682,0.5569159984588623,0
6533,89.78084362501977,0.39904197910800576,0
6534,89.79277458402794,0.567540992051363,0
6535,89.80410083400784,0.32408302649855614,0
6536,89.81701112503652,0.5627920036204159,0
6537,89.83017558400752,0.41633303044363856,0
6538,89.84387095901184,0.501000031363219,0
6539,89.85609375004424,0.3667499986477196,0
6540,89.8669814169989,0.651500013191253,0
6541,89.88022108399309,0.3353329957462847,0
6542,89.89313308399869,0.30166603391990066,0
6543,89.90374162502121,3.108583972789347,0
6544,89.91962887503905,0.7063339580781758,0
6545,89.93290629202966,0.2126669860444963,0
6546,89.94568470900413,0.46800001291558146,0
6547,89.95880925003439,0.3285839920863509,0
6548,89.97169812500942,0.3837919794023037,0
6549,89.98467058403185,0.4340409650467336,0
6550,89.99701254203683,0.24295796174556017,0
6551,90.00981612503529,0.45737496111541986,0
6552,90.02283945900854,0.24850002955645323,0
6553,90.0342775839963,0.42333302553743124,0
6554,90.04725837503793,0.2731669810600579,0
6555,90.05974891700316,0.22558303317055106,0
6556,90.07180062500993,0.3245419939048588,0
6557,90.08470095903613,0.24591595865786076,0
6558,90.09750016703038,0.24525000480934978,0
6559,90.10877429199172,0.2702500205487013,0
6560,90.1215919170063,0.3017919952981174,0
6561,90.13444766699104,0.28370803920552135,0
6562,90.14727570902323,0.2209999947808683,0
6563,90.15975004201755,0.23133301874622703,0
6564,90.17251891701017,0.23958302335813642,0
6565,90.18528979201801,0.19470800179988146,0
6566,90.19801504199859,0.25112502044066787,0
6567,90.21078825002769,0.2529170014895499,0
6568,90.22365966701182,0.6127079832367599,0
6569,90.23702616704395,0.5283329519443214,0
6570,90.25013808399672,0.34200004301965237,0
6571,90.2631003340357,0.4232079954817891,0
6572,90.2739151249989,0.4225000157020986,0
6573,90.28657958400436,0.5898330127820373,0
6574,90.2991166250431,0.46449998626485467,0
6575,90.31009483401431,0.47858298057690263,0
6576,90.32108508399688,0.26191602228209376,0
6577,90.333783625043,0.461083953268826,0
6578,90.34731208399171,0.38141600089147687,0
6579,90.36028299998725,0.5637090071104467,0
6580,90.37345508398721,0.6410410278476775,0
6581,90.38575708400458,0.29550003819167614,0
6582,90.3986480840249,0.49820798449218273,0
6583,90.41178583400324,0.5859159864485264,0
6584,90.42506154201692,0.5029999883845448,0
6585,90.43723858403973,0.4589579766616225,0
6586,90.44912325002952,0.5060419789515436,0
6587,90.46224370901473,0.5204579792916775,0
6588,90.47537333401851,0.4153749905526638,0
6589,90.48727745900396,0.3352080238983035,0
6590,90.49930262501584,0.4194590146653354,0
6591,90.51012654200895,0.3160000196658075,0
6592,90.52221320901299,0.5400829832069576,0
6593,90.53534983401187,0.4682909930124879,0
6594,90.54842212499352,0.41145901195704937,0
6595,90.56080775003647,7.141374982893467,0
6596,90.58054616703885,0.4646669840440154,0
6597,90.59212862502318,0.46670896699652076,0
6598,90.6051986250095,0.3556670271791518,0
6599,90.61712470900966,1.0061250068247318,0
6600,90.62918312504189,1.0294589446857572,0
6601,90.64050804200815,0.5262080230750144,0
6602,90.6536595840007,0.4488329868763685,0
6603,90.66676350001944,0.47337502473965287,0
6604,90.67983500001719,0.5362500087358057,0
6605,90.69189358403673,0.5552079528570175,0
6606,90.7039922500262,0.3114999854005873,0
6607,90.71690245904028,0.2774999593384564,0
6608,90.72769633401185,0.894750002771616,0
6609,90.74129929201445,0.3400829737074673,0
6610,90.75394691701513,0.2728329855017364,0
6611,90.76678549998906,0.2940420527011156,0
6612,90.77964233403327,0.2868750016205013,0
6613,90.79062862502178,0.2982919686473906,0
6614,90.803492542007,0.300041981972754,0
6615,90.81457504199352,1.0853330022655427,0
6616,90.82813041703776,1.0729579953476787,0
6617,90.84172204200877,0.28729200130328536,0
6618,90.85396612499608,0.38054201286286116,0
6619,90.86691729200538,0.385124993044883,0
6620,90.87959333398612,2.7947910130023956,0
6621,90.89413837500615,0.4913749871775508,0
6622,90.90685837500496,0.3702500252984464,0
6623,90.919817875023,0.40441699093207717,0
6624,90.93094504199689,0.5935420049354434,0
6625,90.94262683403213,0.4153749905526638,0
6626,90.95601233403431,0.38833299186080694,0
6627,90.96847783401608,0.45645801583305,0
6628,90.98034875001758,0.7339590229094028,0
6629,90.99375587503891,0.4705419996753335,0
6630,91.00717674999032,0.8139170240610838,0
6631,91.02059804199962,0.6286250427365303,0
6632,91.03382425004384,3.4306669840589166,0
6633,91.04822991701076,0.6363749853335321,0
6634,91.0624593750108,0.5938340327702463,0
6635,91.07567712501623,0.7990419981069863,0
6636,91.087299292034,0.7389999809674919,0
6637,91.10043758404208,0.2638750011101365,0
6638,91.11374279198935,0.991458015050739,0
6639,91.1256705840351,0.3251659800298512,0
6640,91.13857833400834,0.3031659871339798,0
6641,91.1496118750074,0.49837498227134347,0
6642,91.16143516701413,0.6253750179894269,0
6643,91.17467508401023,0.547999981790781,0
6644,91.18787791702198,0.4366670036688447,0
6645,91.20091579202563,0.7190000033006072,0
6646,91.21426337503362,0.35929196747019887,0
6647,91.227199459041,0.9654999594204128,0
6648,91.24075483402703,0.470499973744154,0
6649,91.25381391699193,0.3380000125616789,0
6650,91.26549083401915,0.39787497371435165,0
6651,91.27648475003662,0.5360840004868805,0
6652,91.28949445899343,0.453874992672354,0
6653,91.30097275000298,0.5297090392559767,0
6654,91.31342516699806,0.4592080367729068,0
6655,91.3264956669882,0.47683302545920014,0
6656,91.3400860420079,0.46970800030976534,0
6657,91.35145633399952,0.4616249934770167,0
6658,91.36265983403428,0.62616600189358,0
6659,91.3758920840337,0.5555409588851035,0
6660,91.38887720904313,0.4582909750752151,0
6661,91.40193612501025,0.46300003305077553,0
6662,91.41501108399825,0.4297500126995146,0
6663,91.42806662502699,0.31350000062957406,0
6664,91.43993920902722,0.4629999748431146,0
6665,91.45177949999925,0.43637503404170275,0
6666,91.46466749999672,0.38525002310052514,0
6667,91.47764716699021,0.5003330297768116,0
6668,91.49081408401253,0.5103329895064235,0
6669,91.50395287503488,0.33529195934534073,0
6670,91.51686904201051,0.452083011623472,0
6671,91.52894416701747,0.28795801335945725,0
6672,91.54182179202326,0.4135419731028378,0
6673,91.55270150001161,0.32462499802932143,0
6674,91.56561137503013,0.32879196805879474,0
6675,91.57644108403474,0.32479100627824664,0
6676,91.58938533399487,0.42100000428035855,0
6677,91.60136762500042,0.7861250196583569,0
6678,91.61474937503226,0.5008339649066329,0
6679,91.62785749998875,0.48862502444535494,0
6680,91.64095258404268,0.47354097478091717,0
6681,91.65403604198946,0.4968330031260848,0
6682,91.66711391700665,0.3577499883249402,0
6683,91.68003325001337,0.32225000904873013,0
6684,91.69080312503502,0.5248749512247741,0
6685,91.70393016701564,0.3185829846188426,0
6686,91.71457175002433,0.4348339862190187,0
6687,91.72760595899308,0.38420804776251316,0
6688,91.73822450003354,0.37999998312443495,0
6689,91.75122354202904,0.45366695849224925,0
6690,91.76194908400066,0.38483302341774106,0
6691,91.77372704201844,0.4182920092716813,0
6692,91.78672083403217,0.44308300130069256,0
6693,91.79924100002972,0.4687499604187906,0
6694,91.81072025001049,0.6240840302780271,0
6695,91.82395070901839,0.46487501822412014,0
6696,91.83699087501736,0.31637499341741204,0
6697,91.84983466699487,0.22650003666058183,0
6698,91.86248837498715,0.4120840458199382,0
6699,91.8739114170312,0.39491697680205107,0
6700,91.88692941702902,0.5181249580346048,0
6701,91.90005170903169,0.3601659554988146,0
6702,91.91151066700695,0.25275000371038914,0
6703,91.92375920899212,0.24645804660394788,0
6704,91.93426183401607,0.4878329928033054,0
6705,91.94516300002579,0.3884590114466846,0
6706,91.9581458340399,0.40249997982755303,0
6707,91.97173591703176,1.771082985214889,0
6708,91.98422316700453,4.744625010062009,0
6709,92.00232133403188,1.9456659792922437,0
6710,92.01578687503934,0.4472919972613454,0
6711,92.02883416699478,0.44879200868308544,0
6712,92.04125929198926,0.4497920162975788,0
6713,92.05299962504068,0.43466698843985796,0
6714,92.0638767920318,0.4315829719416797,0
6715,92.07701125001768,0.5289170076139271,0
6716,92.09004062501481,1.1052089976146817,0
6717,92.10233312501805,0.42804202530533075,0
6718,92.11539233400254,0.628707988653332,0
6719,92.12863295903662,0.43058296432718635,0
6720,92.14170216699131,0.37108303513377905,0
6721,92.1546639589942,0.42454100912436843,0
6722,92.16707633400802,0.4283750313334167,0
6723,92.17897750000702,0.529541983269155,0
6724,92.19213845900958,0.2442080294713378,0
6725,92.20393920899369,0.2364999963901937,0
6726,92.21502050000709,0.33000000985339284,0
6727,92.2278940420365,0.18866697791963816,0
6728,92.24060525000095,0.2589590149000287,0
6729,92.25339541700669,0.2690420369617641,0
6730,92.26619416702306,0.22566696861758828,0
6731,92.27893800003221,0.39008399471640587,0
6732,92.29185583401704,0.24291599402204156,0
6733,92.30236075003631,0.3647499834187329,0
6734,92.3152720000362,0.3064170014113188,0
6735,92.32811783399666,0.27825002325698733,0
6736,92.3385960420128,0.32112502958625555,0
6737,92.35145470901625,0.37937500746920705,0
6738,92.36438466701657,0.3182920045219362,0
6739,92.37724362500012,0.2428340376354754,0
6740,92.3900165000232,0.2650839742273092,0
6741,92.40033008402679,0.3244580002501607,0
6742,92.41267445898848,0.30875002266839147,0
6743,92.42358654201962,0.29337499290704727,0
6744,92.43640816700645,0.260957982391119,0
6745,92.4471816670266,0.47041696961969137,0
6746,92.4579383340315,0.4231659695506096,0
6747,92.47093025001232,0.2850419841706753,0
6748,92.48374408402015,0.256249972153455,0
6749,92.49655408400577,0.2887499867938459,0
6750,92.50939204200404,0.355833035428077,0
6751,92.52214837499196,0.39475003723055124,0
6752,92.53513820900116,0.42325002141296864,0
6753,92.54816116701113,0.3397919936105609,0
6754,92.56113004201325,0.3790829796344042,0
6755,92.57271662499988,0.7380000315606594,0
6756,92.58539783401648,0.2763330121524632,0
6757,92.59604400000535,0.3617089823819697,0
6758,92.6088329590275,0.4488329868763685,0
6759,92.6218889169977,0.6518330192193389,0
6760,92.63434708403656,0.4189999890513718,0
6761,92.64736541704042,0.37691695615649223,0
6762,92.6582891670405,0.43162499787285924,0
6763,92.66902162501356,0.29987498419359326,0
6764,92.68189879204147,0.40966697270050645,0
6765,92.6927290839958,0.4136660136282444,0
6766,92.70575195900165,0.42699999175965786,0
6767,92.71816595899872,0.45441603288054466,0
6768,92.73122100002365,0.376041978597641,0
6769,92.7441091670189,0.4805420176126063,0
6770,92.75691387499683,0.3220000071451068,0
6771,92.76760512503097,0.36679196637123823,0
6772,92.77869266702328,0.3952080151066184,0
6773,92.79029883403564,0.29262498719617724,0
6774,92.80527566699311,0.8040830143727362,0
6775,92.81873599998653,0.5053750355727971,0
6776,92.82953616703162,0.4292079829610884,0
6777,92.84255991701502,0.41108299046754837,0
6778,92.85519283398753,0.41691603837534785,0
6779,92.86766012501903,0.48087502364069223,0
6780,92.87880658399081,0.4474580055102706,0
6781,92.89185345900478,0.4081660299561918,0
6782,92.90243650000775,0.8757500327192247,0
6783,92.91591124999104,0.4472919972613454,0
6784,92.92826066701673,1.6552499728277326,0
6785,92.94181820901576,0.5051249754615128,0
6786,92.95366479200311,2.457333030179143,0
6787,92.96635829203296,5.0913330051116645,0
6788,92.98296895902604,0.7747909985482693,0
6789,92.9966606250382,0.5448749870993197,0
6790,93.00991204200545,0.5966250319033861,0
6791,93.02293883403763,0.4695410025306046,0
6792,93.03476125001907,0.5368340061977506,0
6793,93.04576750000706,0.5637920112349093,0
6794,93.05879666702822,0.5339169874787331,0
6795,93.07115137501387,0.5143749876879156,0
6796,93.088266167033,0.5242499755695462,0
6797,93.10094029200263,3.2330420217476785,0
6798,93.11705804202938,0.4903330118395388,0
6799,93.13015325000742,0.576958991587162,0
6800,93.14217183401342,0.6418330012820661,0
6801,93.15456850000191,2.1231670398265123,0
6802,93.16928620904218,0.47758297296240926,0
6803,93.17987429199275,0.5037499940954149,0
6804,93.19125324999914,0.5433339974842966,0
6805,93.20276141702197,0.48458296805620193,0
6806,93.21585804200731,0.41141698602586985,0
6807,93.2288928340422,0.44845795491710305,0
6808,93.24074791703606,0.9309579618275166,0
6809,93.2542878339882,0.38350000977516174,0
6810,93.26650412502931,0.4101250087842345,0
6811,93.2770222920226,0.4367079818621278,0
6812,93.29005391703686,0.4087499692104757,0
6813,93.30307262501447,0.42512500658631325,0
6814,93.31606275000377,0.3469589864835143,0
6815,93.32858620904153,1.4072079793550074,0
6816,93.34265770902857,0.4036659956909716,0
6817,93.35565633402439,0.5448749870993197,0
6818,93.3684046670096,0.5467080045491457,0
6819,93.38039104203926,0.2519579720683396,0
6820,93.39325508399634,0.18500001169741154,0
6821,93.40410962502938,0.2602500026114285,0
6822,93.41564308403758,0.42274995939806104,0
6823,93.42715616698842,0.4979170043952763,0
6824,93.43924675002927,0.5295840092003345,0
6825,93.45095787500031,0.42195903370156884,0
6826,93.4639469590038,0.396332994569093,0
6827,93.4744685839978,0.5308330291882157,0
6828,93.48567700001877,0.5056249792687595,0
6829,93.49877945904154,0.41745795169845223,0
6830,93.50939300004393,0.3951249527744949,0
6831,93.52011491701705,0.28591701993718743,0
6832,93.53298983402783,0.3316659713163972,0
6833,93.54349637503037,0.47245901077985764,0
6834,93.55657116702059,0.42562501039355993,0
6835,93.56722041702596,0.5459579988382757,0
6836,93.57793100003619,0.4913339507766068,0
6837,93.58994733402506,0.36279100459069014,0
6838,93.60185470903525,0.5330829881131649,0
6839,93.61496812500991,0.31816703267395496,0
6840,93.62545275001321,0.4646250163204968,0
6841,93.63851433398668,0.7734580431133509,0
6842,93.65192420902895,0.4618329694494605,0
6843,93.66283041698625,0.4199580289423466,0
6844,93.67455633403733,0.4564999835565686,0
6845,93.68739720899612,0.586083042435348,0
6846,93.69856420904398,0.33958296990022063,0
6847,93.70907475001877,0.5517500103451312,0
6848,93.72223658399889,0.3957500448450446,0
6849,93.73311720899073,0.8903330308385193,0
6850,93.7461498749908,0.4431250272318721,0
6851,93.75846899999306,0.40562503272667527,0
6852,93.77147100004368,0.44174998765811324,0
6853,93.784421459015,0.4268329939804971,0
6854,93.79598445899319,0.351125025190413,0
6855,93.80784770898754,0.41979103116318583,0
6856,93.81943870900432,0.5765410023741424,0
6857,93.83135108399438,0.3965410287491977,0
6858,93.84367220901186,0.5014580092392862,0
6859,93.85492087499006,0.4188340390101075,0
6860,93.86679545900552,0.46454102266579866,0
6861,93.87984920904273,0.2776659675873816,0
6862,93.89028916700045,0.3872500383295119,0
6863,93.9011494590086,0.3429580247029662,0
6864,93.91396224999335,0.3562920028343797,0
6865,93.92584229202475,0.46199996722862124,0
6866,93.93866583402269,0.2882910193875432,0
6867,93.95154720899882,0.5272910348139703,0
6868,93.96318216703366,0.309416966047138,0
6869,93.97547674999805,0.4516670014709234,0
6870,93.98625637503574,1.3357919524423778,0
6871,94.00016483402578,0.42458297684788704,0
6872,94.01171454199357,0.3380000125616789,0
6873,94.02368333400227,1.2296250206418335,0
6874,94.03598587500164,0.4900420317426324,0
6875,94.04682720900746,0.3589580301195383,0
6876,94.05855616700137,0.508583034388721,0
6877,94.07166366704041,0.8741669589653611,0
6878,94.08441158401547,0.42337499326094985,0
6879,94.097413667012,0.4011249984614551,0
6880,94.10894420900149,0.6027910276316106,0
6881,94.12129054201068,0.37945801159366965,0
6882,94.13361137500033,0.7379589951597154,0
6883,94.14696204202482,0.5027080187574029,0
6884,94.15948050003499,0.3658339846879244,0
6885,94.17117387498729,0.44470903230831027,0
6886,94.18333083402831,0.34145801328122616,0
6887,94.19490679202136,0.3706669667735696,0
6888,94.2078280840069,0.24575000861659646,0
6889,94.22098566702334,0.27358299121260643,0
6890,94.23249854199821,0.2721670316532254,0
6891,94.24418687500292,0.3993749851360917,0
6892,94.25605645903852,0.44949998846277595,0
6893,94.26789950003149,0.24374999338760972,0
6894,94.27867691701977,0.32183300936594605,0
6895,94.28968187503051,0.3077499568462372,0
6896,94.3015447090147,0.26283302577212453,0
6897,94.31369074998656,0.3594590234570205,0
6898,94.32641679199878,0.315292039886117,0
6899,94.33871895901393,0.4230000195093453,0
6900,94.35107741702814,0.3654169850051403,0
6901,94.36171570903389,0.29458297649398446,0
6902,94.37337608402595,0.5075829685665667,0
6903,94.38463770900853,0.48583297757431865,0
6904,94.39773900003638,0.3785419976338744,0
6905,94.40913720900426,0.33495802199468017,0
6906,94.42095112503739,0.37345895543694496,0
6907,94.43389762501465,0.3173750010319054,0
6908,94.44662937498651,0.3390840138308704,0
6909,94.4573806670378,0.247207994107157,0
6910,94.46778316702694,0.2858749940060079,0
6911,94.48058941704221,0.2114999806508422,0
6912,94.49331470899051,0.20941602997481823,0
6913,94.50604195898632,0.2640410093590617,0
6914,94.51885883399518,0.25104102678596973,0
6915,94.53162570903078,0.2803750103339553,0
6916,94.54445425001904,0.35266700433567166,0
6917,94.55578241701005,0.536791980266571,0
6918,94.56659691699315,0.3006670158356428,0
6919,94.57853941700887,0.506000011228025,0
6920,94.59164983400842,0.7593330228701234,0
6921,94.60509625001578,0.34120900090783834,0
6922,94.61726812500274,0.5162500310689211,0
6923,94.63042008399498,0.26470801094546914,0
6924,94.64326841704315,0.5938329850323498,0
6925,94.65535783400992,0.40929100941866636,0
6926,94.66665591701167,1.0317080304957926,0
6927,94.68031195900403,0.3618749906308949,0
6928,94.6932851250167,0.5165840266272426,0
6929,94.70424500002991,0.4645839799195528,0
6930,94.7160700840177,0.6419160054065287,0
6931,94.72887545899721,0.4688330227509141,0
6932,94.7419574590167,0.5469999741762877,0
6933,94.7551062090206,0.4690829664468765,0
6934,94.76815708400682,0.6660830113105476,0
6935,94.77922954200767,0.5069170147180557,0
6936,94.7923268339946,0.5015410133637488,0
6937,94.80541075003566,0.3469169605523348,0
6938,94.81760833400767,0.3304160200059414,0
6939,94.83051891700597,0.47154200728982687,0
6940,94.84358275000704,0.47733401879668236,0
6941,94.85523808404105,0.4755409900099039,0
6942,94.86832937499275,0.5445420392788947,0
6943,94.88079533400014,0.4529160214588046,0
6944,94.89386483404087,0.48891594633460045,0
6945,94.90538479201496,0.5122920265421271,0
6946,94.91849599999841,0.4650420160032809,0
6947,94.93067379202694,0.4063749802298844,0
6948,94.94280575000448,0.4705419996753335,0
6949,94.95466533402214,0.44366600923240185,0
6950,94.9665295840241,0.4083329695276916,0
6951,94.9782408340252,0.4362909821793437,0
6952,94.99029116699239,0.45716704335063696,0
6953,95.00216687499778,0.38270902587100863,0
6954,95.01280704198871,0.38545799907296896,0
6955,95.02391429198906,0.4218330141156912,0
6956,95.03691379202064,0.45570801012218,0
6957,95.04986766702496,0.406457984354347,0
6958,95.06284466700163,0.41458301711827517,0
6959,95.07392020901898,0.41266600601375103,0
6960,95.08690033399034,0.38400001358240843,0
6961,95.099853584019,0.47154101775959134,0
6962,95.11184029199649,0.5109170451760292,0
6963,95.12495633400977,0.44191599590703845,0
6964,95.13555841700872,0.39054203080013394,0
6965,95.14725337503478,0.5264589563012123,0
6966,95.16054320900002,1.3328330242075026,0
6967,95.1727030419861,0.49350003246217966,0
6968,95.18533562502125,0.45175000559538603,0
6969,95.19686908402946,0.5324159865267575,0
6970,95.20874562498648,0.46945904614403844,0
6971,95.22197183402022,0.39595802081748843,0
6972,95.23385166702792,1.3848330127075315,0
6973,95.2460511670215,0.4978330107405782,0
6974,95.2618147500325,3.5521669778972864,0
6975,95.27744345902465,0.30695798341184855,0
6976,95.29033116699429,0.5216250428929925,0
6977,95.30343604204245,0.3709169686771929,0
6978,95.31613787502283,0.5636669811792672,0
6979,95.33259041700512,0.7361249881796539,0
6980,95.3459181250073,0.4848749958910048,0
6981,95.35793624998769,0.48433401389047503,0
6982,95.37060791702243,0.2716250019147992,0
6983,95.3834347500233,0.23545901058241725,0
6984,95.39536029199371,0.23170799249783158,0
6985,95.4070712919929,0.29983301647007465,0
6986,95.41762491699774,0.3961670445278287,0
6987,95.43060712498846,0.5035000503994524,0
6988,95.44328041700646,0.3855000250041485,0
6989,95.45517833402846,0.4672909853979945,0
6990,95.46625575004146,0.48858398804441094,0
6991,95.4781281670439,0.47849997645244,0
6992,95.49000708403764,0.5435000057332218,0
6993,95.50189795903862,0.5104159936308861,0
6994,95.51501962501789,0.43629197170957923,0
6995,95.52628833398921,0.8272500126622617,0
6996,95.53960291703697,0.5277079762890935,0
6997,95.55196554202121,0.5285830120556056,0
6998,95.56422900001053,1.0623339912854135,0
6999,95.57687283400446,0.5113329971209168,0
7000,95.58782350004185,0.5234589916653931,0
7001,95.6003131250036,0.5923749995417893,0
7002,95.61215454200283,0.6408329936675727,0
7003,95.62543462502072,0.5116669926792383,0
7004,95.63621050002985,0.5048749735578895,0
7005,95.6480926250224,0.43349998304620385,0
7006,95.65879687503912,0.5382919916883111,0
7007,95.6719436669955,0.4790000384673476,0
7008,95.68274191702949,0.5838749930262566,0
7009,95.69395245902706,0.4903330118395388,0
7010,95.70574599999236,0.4528750432655215,0
7011,95.7176191250328,0.5397920031100512,0
7012,95.73077454202576,0.623249972704798,0
7013,95.74300479202066,0.6689580040983856,0
7014,95.75430175004294,0.463999982457608,0
7015,95.76636645902181,0.6566660013049841,0
7016,95.77970587502932,0.46012498205527663,0
7017,95.79091429203982,0.3065829514525831,0
7018,95.80157725000754,0.512917002197355,0
7019,95.81253100000322,0.4438339965417981,0
7020,95.82561658404302,0.48987497575581074,0
7021,95.83869920903817,0.5119999987073243,0
7022,95.8518253340153,0.5803750245831907,0
7023,95.86500829202123,0.5070830229669809,0
7024,95.87632725003641,0.4830840043723583,0
7025,95.88944687502226,0.5646669887937605,0
7026,95.90561654203339,0.6032919627614319,0
7027,95.91775837499881,3.087499993853271,0
7028,95.9334493750357,0.40441699093207717,0
7029,95.94647558400175,0.44837500900030136,0
7030,95.96176595904399,0.5945829907432199,0
7031,95.97497629199643,1.716833037789911,0
7032,95.98921358399093,0.3313750494271517,0
7033,96.0021530840313,0.5997080006636679,0
7034,96.0139574999921,0.5489590112119913,0
7035,96.02712879201863,0.41333300760015845,0
7036,96.04011683398858,0.3572080167941749,0
7037,96.05304425000213,0.4230840131640434,0
7038,96.06606241699774,0.34004199551418424,0
7039,96.0789886250277,0.5259999888949096,0
7040,96.0911279169959,0.5320000345818698,0
7041,96.10395866702311,0.5927919992245734,0
7042,96.11711741698673,0.35916705382987857,0
7043,96.12976229202468,0.41987496661022305,0
7044,96.14277545904042,0.3203749656677246,0
7045,96.15403333399445,0.3951250109821558,0
7046,96.16702483402332,0.5402499809861183,0
7047,96.17783483403036,0.34433300606906414,0
7048,96.18968458403833,0.3436660044826567,0
7049,96.20093804202043,0.35012501757591963,0
7050,96.21384958398994,0.3546250518411398,0
7051,96.22642358404119,0.3696659696288407,0
7052,96.2393446250353,0.4562090034596622,0
7053,96.25108737504343,0.5230839597061276,0
7054,96.26418508403003,0.4029579577036202,0
7055,96.2771766250371,0.5067919846624136,0
7056,96.29026475001592,0.3908340004272759,0
7057,96.30322820902802,0.3605830133892596,0
7058,96.31604266702197,0.5440830136649311,0
7059,96.3278833340155,0.4088749992661178,0
7060,96.34089904202847,0.435416994150728,0
7061,96.35312675003661,0.38537499494850636,0
7062,96.36483108403627,0.386208004783839,0
7063,96.37780633399962,0.5160830332897604,0
7064,96.38902208401123,0.33424998400732875,0
7065,96.40109737502644,0.5041249678470194,0
7066,96.41418558399891,0.18320803064852953,0
7067,96.4244297920377,0.17549999756738544,0
7068,96.43536900001345,0.40945899672806263,0
7069,96.44838783401065,0.5053330096416175,0
7070,96.46151720901253,0.42033300269395113,0
7071,96.47489933401812,0.27191598201170564,0
7072,96.48638600000413,0.4646250163204968,0
7073,96.49726575001841,0.6609170231968164,0
7074,96.50877979199868,0.26245799381285906,0
7075,96.52161312499084,0.4736250266432762,0
7076,96.532802583999,0.2120000426657498,0
7077,96.54558170901146,0.43295801151543856,0
7078,96.55861433403334,0.2925829612649977,0
7079,96.5706184169976,0.4308749921619892,0
7080,96.58369233401027,0.6025410257279873,0
7081,96.59689566702582,0.5831249873153865,0
7082,96.60788416699506,0.18454203382134438,0
7083,96.61978624999756,0.2921670093201101,0
7084,96.63165325002046,0.45912497444078326,0
7085,96.64310783403926,0.3017499693669379,0
7086,96.65595866699005,0.26987504679709673,0
7087,96.66759862500476,0.35958399530500174,0
7088,96.67980074998923,0.4796250141225755,0
7089,96.69286295899656,0.311291019897908,0
7090,96.70572495902888,0.27062499430030584,0
7091,96.71856845903676,0.3732909681275487,0
7092,96.73150533402804,0.1778329606167972,0
7093,96.74421875004191,0.39249996189028025,0
7094,96.75505770900054,0.2912910422310233,0
7095,96.76787845900981,0.22495799930766225,0
7096,96.77896395901917,0.2918330137617886,0
7097,96.79181820899248,0.31883304473012686,0
7098,96.8046925420058,0.24770799791440368,0
7099,96.81748533400241,0.25604100665077567,0
7100,96.8302931250073,0.288875016849488,0
7101,96.84312979201786,0.24349999148398638,0
7102,96.85389054199914,0.3588750259950757,0
7103,96.8667956670397,0.3572499845176935,0
7104,96.87992416700581,0.3825000021606684,0
7105,96.89212700002827,0.42112497612833977,0
7106,96.90513175004162,0.3767499583773315,0
7107,96.91980412503472,0.42574998224154115,0
7108,96.93281558400486,0.38133299676701427,0
7109,96.94577583402861,0.375000003259629,0
7110,96.95658712502336,0.37774996599182487,0
7111,96.96830012503779,0.25983399245887995,0
7112,96.98112854204373,0.25158299831673503,0
7113,96.99212000000989,0.36741700023412704,0
7114,97.00393787503708,0.305499997921288,0
7115,97.01682137500029,0.34841703018173575,0
7116,97.02975208399585,0.29687501955777407,0
7117,97.04192891699495,0.38237503031268716,0
7118,97.05490387498867,0.24333404144272208,0
7119,97.0676807090058,0.5072500207461417,0
7120,97.08080737502314,0.472709012683481,0
7121,97.0938946250244,0.5550839705392718,0
7122,97.10710962500889,0.4100420046597719,0
7123,97.11763799999608,0.5793750169686973,0
7124,97.13080470904242,0.5180409643799067,0
7125,97.14393112499965,0.4057500045746565,0
7126,97.15696337498957,0.4142500110901892,0
7127,97.16825729201082,0.4817500011995435,0
7128,97.18136091699125,0.5324170342646539,0
7129,97.19448529201327,0.3909170045517385,0
7130,97.20622937503504,0.4480420029722154,0
7131,97.2186050839955,0.47754100523889065,0
7132,97.23102604201995,0.4070419818162918,0
7133,97.24283629201818,0.45479199616238475,0
7134,97.25597450003261,0.3190420102328062,0
7135,97.26870758400764,0.2770000137388706,0
7136,97.28154770901892,0.42529101483523846,0
7137,97.29404833400622,0.6649160059168935,0
7138,97.30585220904322,0.4517909837886691,0
7139,97.31649604201084,0.3487499780021608,0
7140,97.32923008402577,0.3463749890215695,0
7141,97.34106483403593,0.35520800156518817,0
7142,97.35401658399496,0.3732910263352096,0
7143,97.36552049999591,0.4605420399457216,0
7144,97.37655629200162,0.446333026047796,0
7145,97.38815962499939,0.4913749871775508,0
7146,97.40032620902639,0.5317910108715296,0
7147,97.4134920000215,0.5047919694334269,0
7148,97.42664491699543,0.46250002924352884,0
7149,97.43974112503929,0.5561669822782278,0
7150,97.4529099590145,0.5305000231601298,0
7151,97.46605008404003,0.4777909489348531,0
7152,97.47716212499654,0.4804590134881437,0
7153,97.4902415840188,0.5112499929964542,0
7154,97.5033755840268,0.5290000117383897,0
7155,97.5169147500419,0.39966695476323366,0
7156,97.52838054200402,0.4889169940724969,0
7157,97.54146383400075,0.2911660121753812,0
7158,97.55432308401214,0.2501659910194576,0
7159,97.56714570900658,0.44833298306912184,0
7160,97.58021333400393,0.5193329998292029,0
7161,97.59337750001578,0.47970900777727365,0
7162,97.60657674999675,0.44891703873872757,0
7163,97.61963850003667,0.5017499788664281,0
7164,97.63068800000474,0.34962501376867294,0
7165,97.64361433399608,0.3077500150538981,0
7166,97.65448683401337,0.362333026714623,0
7167,97.66712674999144,0.4373750416561961,0
7168,97.67815966700437,0.4154170164838433,0
7169,97.69118070899276,0.4004160291515291,0
7170,97.70184354198864,0.4605000140145421,0
7171,97.71490770904347,0.4861659836024046,0
7172,97.7274531670264,0.4948750138282776,0
7173,97.74054570903536,0.39329100400209427,0
7174,97.75353287503822,0.3469169605523348,0
7175,97.76496283401502,0.41466602124273777,0
7176,97.77680787502322,0.4170839674770832,0
7177,97.78974083403591,0.8401249651797116,0
7178,97.80172541702632,0.44112501200288534,0
7179,97.81232937501045,0.5419590161181986,0
7180,97.82548366702395,0.4088329733349383,0
7181,97.83789487503236,0.4166250000707805,0
7182,97.85091295902384,0.519749999511987,0
7183,97.86349508399144,0.3655410255305469,0
7184,97.87531766702887,0.5048749735578895,0
7185,97.8871612920193,0.33837498631328344,0
7186,97.89902783400612,0.47675002133473754,0
7187,97.9121424590121,0.5598330171778798,0
7188,97.9247251250199,0.47866697423160076,0
7189,97.93643866700586,0.46737503726035357,0
7190,97.94801587500842,0.5334169836714864,0
7191,97.96003537502838,0.5259590107016265,0
7192,97.97193229204277,0.5530829657800496,0
7193,97.98510545899626,0.4268329939804971,0
7194,97.99813879199792,0.4793750122189522,0
7195,98.00954766699579,0.5039580282755196,0
7196,98.0213972920319,0.4433330032043159,0
7197,98.0349673340097,0.628374982625246,0
7198,98.04819983401103,0.5004580016247928,0
7199,98.06130133400438,0.5190410302020609,0
7200,98.07444724999368,0.5469589959830046,0
7201,98.08761179202702,0.5449579912237823,0
7202,98.10050258401316,0.6399580161087215,0
7203,98.11236162501154,0.4485420067794621,0
7204,98.12541825004155,0.5827499553561211,0
7205,98.13862520898692,0.42454100912436843,0
7206,98.15171741700033,0.4303330206312239,0
7207,98.16418308403809,0.41208299808204174,0
7208,98.17719279200537,0.40687498403713107,0
7209,98.19019058399135,0.4064160166308284,0
7210,98.20077125000535,0.4626670270226896,0
7211,98.21383116702782,0.39083301089704037,0
7212,98.22682566702133,0.43929199455305934,0
7213,98.2387160420185,0.39412500336766243,0
7214,98.25058012502268,0.435416994150728,0
7215,98.26242295902921,0.44791598338633776,0
7216,98.27545341703808,0.4672499489970505,0
7217,98.28810870903544,0.6158750038594007,0
7218,98.30138916702708,0.5127079784870148,0
7219,98.31455345900031,0.4142500110901892,0
7220,98.32548050000332,0.5559999844990671,0
7221,98.33867095899768,0.48745801905170083,0
7222,98.35011666698847,0.4169170279055834,0
7223,98.36250400001882,0.4852089914493263,0
7224,98.37559933401644,0.4057500045746565,0
7225,98.38804091699421,0.41445804527029395,0
7226,98.39989958400838,0.4154579946771264,0
7227,98.41294120904058,0.6124999490566552,0
7228,98.42614295904059,0.2681659534573555,0
7229,98.43896791699808,0.2532080397941172,0
7230,98.44935658399481,0.3845409955829382,0
7231,98.46231850003824,0.2679169992916286,0
7232,98.47508345899405,0.242541020270437,0
7233,98.4858940000413,0.5554590024985373,0
7234,98.49904108402552,0.25533296866342425,0
7235,98.51039720902918,0.284832960460335,0
7236,98.52220050001051,0.2692500129342079,0
7237,98.53405420901254,0.666750012896955,0
7238,98.54727416700916,0.23604201851412654,0
7239,98.55878883402329,0.33608300145715475,0
7240,98.57061608403455,0.31049997778609395,0
7241,98.58323425002163,0.2786249970085919,0
7242,98.59509645903017,0.258082989603281,0
7243,98.60664008400636,0.2682909835129976,0
7244,98.6194714170415,0.2609999501146376,0
7245,98.63042020902503,0.3969579702243209,0
7246,98.64125975000206,0.34604204120114446,0
7247,98.65354462503456,0.5042089615017176,0
7248,98.66632741701324,0.322124978993088,0
7249,98.67730220902013,0.36233296850696206,0
7250,98.6902753750328,0.23441697703674436,0
7251,98.70093416702002,0.3744999994523823,0
7252,98.71252895903308,0.24841597769409418,0
7253,98.72437729203375,0.30508299823850393,0
7254,98.73724250000669,0.5041250260546803,0
7255,98.74981825001305,0.3572499845176935,0
7256,98.76223550003488,0.3251250018365681,0
7257,98.77320491702994,0.29337499290704727,0
7258,98.7860607500188,0.25758397532626987,0
7259,98.7967854590388,0.7154999766498804,0
7260,98.80898299999535,0.709459010977298,0
7261,98.82144583400805,0.48087502364069223,0
7262,98.8361408750061,0.4210420302115381,0
7263,98.84862500004238,0.9768749587237835,0
7264,98.86218170903157,1.232874987181276,0
7265,98.87613537500147,0.7359590381383896,0
7266,98.88882049999665,0.35254203248769045,0
7267,98.9022100000293,0.3183750086463988,0
7268,98.91452824999578,0.5568750202655792,0
7269,98.92714787501609,0.27045898605138063,0
7270,98.93963645899203,0.30499999411404133,0
7271,98.95019320899155,0.28791604563593864,0
7272,98.96097233402543,0.5218329606577754,0
7273,98.9741732919938,0.3304170095361769,0
7274,98.98709404200781,0.4188329912722111,0
7275,99.00007983401883,0.21441600983962417,0
7276,99.01285883400124,0.4509580321609974,0
7277,99.02584495901829,0.28370798099786043,0
7278,99.0387001670315,0.2668749657459557,0
7279,99.0509403750184,0.27662498177960515,0
7280,99.06377145904116,0.30754099134355783,0
7281,99.0758381250198,0.4330420051701367,0
7282,99.08726050000405,0.20812498405575752,0
7283,99.09877625002991,0.3286669962108135,0
7284,99.11048370902427,0.24454097729176283,0
7285,99.12605204200372,0.3215830074623227,0
7286,99.13893970899517,0.33970799995586276,0
7287,99.15178087499226,0.3111670375801623,0
7288,99.16495454200776,0.37224998231977224,0
7289,99.17719245899934,0.39125001057982445,0
7290,99.18948329199338,0.643958046566695,0
7291,99.20270962500945,0.3599590272642672,0
7292,99.21567654202227,0.40149997221305966,0
7293,99.22981604200322,0.6637080223299563,0
7294,99.2417129999958,0.5641250172629952,0
7295,99.25381449999986,0.4674170049838722,0
7296,99.26441204198636,0.3432500525377691,0
7297,99.2773267920129,1.290749991312623,0
7298,99.30863583402243,1.361624978017062,0
7299,99.32825862499885,0.30441704438999295,0
7300,99.34111879201373,0.28387497877702117,0
7301,99.35435604199301,0.9427079930901527,0
7302,99.3676205840311,0.44729100773110986,0
7303,99.38067708403105,2.0901659736409783,0
7304,99.39538883400382,0.43483299668878317,0
7305,99.40842020901619,0.4420410259626806,0
7306,99.42145483399509,0.5034999921917915,0
7307,99.43429491703864,1.4085829607211053,0
7308,99.44704329199158,0.2607920323498547,0
7309,99.45985866698902,0.2983330050483346,0
7310,99.47080566699151,0.3231670125387609,0
7311,99.48175129201263,0.4140419769100845,0
7312,99.49382862501079,0.3303749836049974,0
7313,99.50672508403659,0.38379098987206817,0
7314,99.51826450001681,0.40025002090260386,0
7315,99.52942270901985,0.42033300269395113,0
7316,99.54155683401041,0.4124999977648258,0
7317,99.55460870900424,0.682666024658829,0
7318,99.56783295900095,0.8605410112068057,0
7319,99.58085295901401,0.4540410009212792,0
7320,99.59212924999883,0.47258404083549976,0
7321,99.60450733400648,0.5445409915409982,0
7322,99.61761833401397,0.4742500022985041,0
7323,99.62948691699421,0.5033750203438103,0
7324,99.64077699999325,0.5453750491142273,0
7325,99.65398020902649,0.4450830165296793,0
7326,99.66639195900643,1.4200410223565996,0
7327,99.67912849999266,0.4697919939644635,0
7328,99.69234679202782,0.5346669931896031,0
7329,99.70335366699146,0.4510420258156955,0
7330,99.71595016703941,0.48641697503626347,0
7331,99.72695908404421,4.891624965239316,0
7332,99.74269595899386,0.6143330247141421,0
7333,99.75579841702711,0.7693750085309148,0
7334,99.76920924999285,0.5024590063840151,0
7335,99.78181641700212,2.363292034715414,0
7336,99.79568408400519,0.5628750077448785,0
7337,99.80877770902589,0.3306659637019038,0
7338,99.82168029202148,0.2799580106511712,0
7339,99.83243004203541,1.3145830016583204,0
7340,99.84442695899634,0.30337501084432006,0
7341,99.85730641701957,0.3749169991351664,0
7342,99.87011120899115,0.4385409993119538,0
7343,99.88186008401681,0.6245410186238587,0
7344,99.89517525001429,0.5703750066459179,0
7345,99.90733862499474,0.2042920095846057,0
7346,99.92011025000829,0.5482090055011213,0
7347,99.93327312503243,0.5002919933758676,0
7348,99.94388104201062,0.48395799240097404,0
7349,99.95695520902518,0.43641601223498583,0
7350,99.96941533399513,0.21075003314763308,0
7351,99.9805391250411,0.2703339559957385,0
7352,99.99218537501292,0.5221670144237578,0
7353,100.00363637501141,0.4509169957600534,0
7354,100.01570787501987,0.47149998135864735,0
7355,100.02640908403555,0.4919579951092601,0
7356,100.03787450003438,0.4015419981442392,0
7357,100.0504650840303,2.5961659848690033,0
7358,100.0656792090158,0.4374160198494792,0
7359,100.07642112503527,0.7933339802548289,0
7360,100.08803662500577,0.3386670141480863,0
7361,100.1003464999958,0.32287504291161895,0
7362,100.11327887501102,0.4950420116074383,0
7363,100.12484833400231,0.5092910141684115,0
7364,100.13799195899628,0.44370803516358137,0
7365,100.15197358402656,0.5445830174721777,0
7366,100.16459358402062,0.4740830045193434,0
7367,100.17765187501209,0.481792027130723,0
7368,100.19075962499483,0.5152500234544277,0
7369,100.20252562500536,0.900916988030076,0
7370,100.21602275001351,0.43866701889783144,0
7371,100.22774275002303,0.4300419823266566,0
7372,100.23959316703258,0.26424997486174107,0
7373,100.25086637499044,0.26691704988479614,0
7374,100.26370629202574,0.3732499899342656,0
7375,100.2766685000388,0.5258749588392675,0
7376,100.28886654198868,0.29504200210794806,0
7377,100.3009345420287,0.28891698457300663,0
7378,100.31253729201853,0.751833023969084,0
7379,100.32588725001551,0.43237500358372927,0
7380,100.33642108400818,0.4182080156169832,0
7381,100.34941604203777,0.4493749584071338,0
7382,100.36244437500136,0.47183403512462974,0
7383,100.37549462501192,0.4912500153295696,0
7384,100.38740612502443,0.43524999637156725,0
7385,100.4004312499892,0.48700004117563367,0
7386,100.41355195903452,0.4481659852899611,0
7387,100.42545695899753,0.47695799730718136,0
7388,100.43944041698705,0.47075003385543823,0
7389,100.45224487502128,0.5714169819839299,0
7390,100.46542850002879,0.40087499655783176,0
7391,100.47782887500944,0.5160000291652977,0
7392,100.48966520902468,0.8047909941524267,0
7393,100.50212158402428,0.4368749796412885,0
7394,100.51331933401525,0.3850000211969018,0
7395,100.52628070901847,0.42179098818451166,0
7396,100.53902320901398,0.41333300760015845,0
7397,100.55069275002461,1.429624971933663,0
7398,100.56472612504149,0.5303339567035437,0
7399,100.57693283399567,0.5656660068780184,0
7400,100.58835562499007,0.43754203943535686,0
7401,100.60304424999049,1.9333340460434556,0
7402,100.6158677090425,0.36570796510204673,0
7403,100.62757283402607,0.36941596772521734,0
7404,100.64055725000799,0.43825001921504736,0
7405,100.65258883399656,0.5119160050526261,0
7406,100.66571308398852,0.47675002133473754,0
7407,100.678827500029,0.4901249776594341,0
7408,100.69190229201922,0.4496250185184181,0
7409,100.70494970900472,0.4980000085197389,0
7410,100.71694608399412,0.5030829925090075,0
7411,100.72980683401693,0.2431659959256649,0
7412,100.74204095901223,0.3835409879684448,0
7413,100.75394195900299,0.4524160176515579,0
7414,100.76568620902253,0.4997499636374414,0
7415,100.77877454203553,0.4439579788595438,0
7416,100.79185712500475,0.5055000074207783,0
7417,100.80496425001184,0.3117920132353902,0
7418,100.81800545903388,0.6667079869657755,0
7419,100.83125554199796,0.5457079969346523,0
7420,100.84272608399624,0.34087500534951687,0
7421,100.85513554199133,0.5235830321907997,0
7422,100.86649504199158,0.3902920288965106,0
7423,100.87835908401757,0.4096659831702709,0
7424,100.89136637502816,0.48204197082668543,0
7425,100.90396416699514,0.43658301001414657,0
7426,100.91451945900917,0.3115410218015313,0
7427,100.92570075002732,0.4710839712060988,0
7428,100.9387836669921,0.3892499953508377,0
7429,100.95028258400271,0.45312498696148396,0
7430,100.96334879199276,0.4024580121040344,0
7431,100.97633895900799,0.5502080311998725,0
7432,100.98895770899253,0.45504100853577256,0
7433,101.0013702090364,0.32783299684524536,0
7434,101.01426720904419,0.26729097589850426,0
7435,101.02711195900338,0.4295000107958913,0
7436,101.03976304200478,0.27620798209682107,0
7437,101.05094004201237,0.39670802652835846,0
7438,101.06389237503754,0.2975839888677001,0
7439,101.07676495902706,0.5396659835241735,0
7440,101.08775674999924,0.2584999892860651,0
7441,101.10046124999644,0.4058339982293546,0
7442,101.11285425000824,0.2832090249285102,0
7443,101.12571270903572,0.2757079782895744,0
7444,101.13853191700764,0.3725420101545751,0
7445,101.1516878750408,0.5484169814735651,0
7446,101.16242379200412,0.4259170382283628,0
7447,101.17336562502896,0.5055000074207783,0
7448,101.18408949999139,0.359416997525841,0
7449,101.1955238750088,0.5490420153364539,0
7450,101.20869104203302,0.4373329575173557,0
7451,101.22165637504077,0.4343749606050551,0
7452,101.23337145900587,0.43591600842773914,0
7453,101.24402662500506,0.4159589880146086,0
7454,101.25577099999646,0.4163340199738741,0
7455,101.26674029201968,0.6549169775098562,0
7456,101.27997600001981,0.32570899929851294,0
7457,101.29287237499375,0.3137920284643769,0
7458,101.30573545902735,0.28799998108297586,0
7459,101.31858566700248,0.38237503031268716,0
7460,101.33198883401928,0.5844159750267863,0
7461,101.34539229201619,0.9202500223182142,0
7462,101.35878154198872,0.2767500118352473,0
7463,101.3703447090229,0.30754099134355783,0
7464,101.38078350003343,0.3357089590281248,0
7465,101.3926559590036,0.4295830149203539,0
7466,101.40518125001108,0.4813750274479389,0
7467,101.41929070901824,0.48500002594664693,0
7468,101.43237304204376,0.4278749693185091,0
7469,101.44539683399489,0.4604580462910235,0
7470,101.45881525002187,0.8496670052409172,0
7471,101.47062079200987,0.3742080298252404,0
7472,101.48817883402808,0.5710409604944289,0
7473,101.49998504202813,0.4991249879822135,0
7474,101.5118260839954,0.2770000137388706,0
7475,101.52361562498845,0.37383404560387135,0
7476,101.53656358399894,0.26350002735853195,0
7477,101.5493947089999,0.31450000824406743,0
7478,101.561491459026,0.3014159738086164,0
7479,101.5743645420298,0.3765419824048877,0
7480,101.58732458401937,0.49762497656047344,0
7481,101.60045500000706,0.3482920001260936,0
7482,101.61220220901305,0.30274997698143125,0
7483,101.62406095903134,0.385124993044883,0
7484,101.63543945900165,0.2733329893089831,0
7485,101.64827537501696,0.2347499830648303,0
7486,101.66106820903951,0.23750000400468707,0
7487,101.67494404199533,0.5047920276410878,0
7488,101.6880407090066,0.3077500150538981,0
7489,101.70093162503326,0.2531670033931732,0
7490,101.71379716700176,0.2636670251376927,0
7491,101.72567708400311,0.41691603837534785,0
7492,101.73675141698914,0.2761250361800194,0
7493,101.74958591698669,0.236417050473392,0
7494,101.76236787502421,0.18562498735263944,0
7495,101.77376637503039,0.3469589864835143,0
7496,101.78447237500222,0.3175840247422457,0
7497,101.79728012502892,0.45674998546019197,0
7498,101.80928791704355,0.3510829992592335,0
7499,101.82116383401444,0.36933302180841565,0
7500,101.83291487500537,0.37395901745185256,0
7501,101.84587995900074,0.49704103730618954,0
7502,101.85879754199414,0.47450000420212746,0
7503,101.8701633749879,0.4610840114764869,0
7504,101.88204745901749,0.8194579859264195,0
7505,101.89392412500456,0.4905840032733977,0
7506,101.90701958403224,0.39495795499533415,0
7507,101.91990362503566,0.5521249840967357,0
7508,101.93206629203632,0.382541969884187,0
7509,101.94503833400086,0.5464580026455224,0
7510,101.95786450000014,0.4924170207232237,0
7511,101.97096029203385,0.5590829532593489,0
7512,101.98380695900414,1.4498329837806523,0
7513,101.99787662504241,0.524416973348707,0
7514,102.00921916699735,0.5480000399984419,0
7515,102.02238145901356,0.4880410269834101,0
7516,102.0342848339933,0.6156660383567214,0
7517,102.04751620901516,0.4321250016801059,0
7518,102.05962604202796,0.5439170054160058,0
7519,102.07142741698772,0.49291702453047037,0
7520,102.08350504201371,0.4843749920837581,0
7521,102.09515591699164,0.4912500153295696,0
7522,102.10686995903961,0.4499159986153245,0
7523,102.11767037503887,0.4742919700220227,0
7524,102.12841408402892,0.4616249934770167,0
7525,102.14147983404109,0.4351249663159251,0
7526,102.15405362501042,0.4212920321151614,0
7527,102.16525087499758,0.5094170337542892,0
7528,102.17777295899577,0.5420410307124257,0
7529,102.19087270903401,0.5630829837173223,0
7530,102.20354200003203,0.5342919612303376,0
7531,102.21668675000547,0.541459012310952,0
7532,102.22982870903797,0.445165962446481,0
7533,102.24273704201914,0.5520830163732171,0
7534,102.25581970904022,0.6293329643085599,0
7535,102.26724641700275,0.661000027321279,0
7536,102.27999741700478,0.7143330294638872,0
7537,102.29331120901043,0.4160410026088357,0
7538,102.30631945899222,0.38650003261864185,0
7539,102.31762779201381,0.36158302100375295,0
7540,102.32934612501413,0.41737500578165054,0
7541,102.340991959034,0.45083300210535526,0
7542,102.35196795902448,0.9894579998217523,0
7543,102.36383425001986,0.3714169724844396,0
7544,102.37442004203331,0.33066695323213935,0
7545,102.38580791698769,0.49162504728883505,0
7546,102.39890025003115,0.4633339704014361,0
7547,102.41126200003782,0.41162496199831367,0
7548,102.42427879199386,0.4242919967509806,0
7549,102.436533125001,0.3978339955210686,0
7550,102.44968300004257,0.5439169472083449,0
7551,102.46285441704094,0.4872919525951147,0
7552,102.47595208400162,0.5182910244911909,0
7553,102.4891184589942,0.5380000220611691,0
7554,102.50199887499912,0.47595903743058443,0
7555,102.51391616702313,0.37362496368587017,0
7556,102.52687562501524,0.2773749874904752,0
7557,102.53755187499337,0.47491700388491154,0
7558,102.54939591704169,0.35079196095466614,0
7559,102.56173416704405,0.46758295502513647,0
7560,102.57479775004322,0.3479589940980077,0
7561,102.58773504203418,0.2899579703807831,0
7562,102.5993406670168,0.2448330051265657,0
7563,102.61093816702487,0.2787499688565731,0
7564,102.62243200000376,0.37329201586544514,0
7565,102.63443587499205,0.3547090454958379,0
7566,102.6473644170328,0.254457991104573,0
7567,102.65782658400713,0.3233330207876861,0
7568,102.66967787500471,0.42508402839303017,0
7569,102.68143045902252,0.4242910072207451,0
7570,102.69445762503892,0.4527499550022185,0
7571,102.70711037499132,0.45583402970805764,0
7572,102.72017679200508,0.4688330227509141,0
7573,102.73324716702336,0.47445797827094793,0
7574,102.74633504200028,0.5103329895064235,0
7575,102.75945279200096,0.4675420350395143,0
7576,102.77007470902754,0.4723749589174986,0
7577,102.78213608398801,0.49595802556723356,0
7578,102.79435849998845,0.5206250352784991,0
7579,102.8058415420237,0.4479169729165733,0
7580,102.81762466701912,0.4806250217370689,0
7581,102.83071158401435,0.5310000269673765,0
7582,102.84172683401266,0.4734999965876341,0
7583,102.85480841703247,0.5043749697506428,0
7584,102.86715679202462,0.45262498315423727,0
7585,102.87851287500234,0.4171670298092067,0
7586,102.88928154204041,0.6799169932492077,0
7587,102.90108858403983,0.8241249597631395,0
7588,102.91368350002449,0.5198749713599682,0
7589,102.92648150003515,0.45262498315423727,0
7590,102.9395227500354,0.4159169620834291,0
7591,102.95253433403559,0.4054159508086741,0
7592,102.96553062502062,0.3784999717026949,0
7593,102.97674370900495,0.4353750264272094,0
7594,102.98799354198854,0.40612503653392196,0
7595,103.00098958401941,0.5777499754913151,0
7596,103.0141572499997,0.3789170295931399,0
7597,103.02573754201876,0.45366701669991016,0
7598,103.0387799590244,0.3875410184264183,0
7599,103.05096133402549,0.45537500409409404,0
7600,103.06358279200504,0.4765419871546328,0
7601,103.07539666700177,0.41733303805813193,0
7602,103.08840829203837,0.42216695146635175,0
7603,103.10020312503912,0.572583987377584,0
7604,103.11182558402652,0.4196249647065997,0
7605,103.12481920904247,0.407207990065217,0
7606,103.1366145000211,0.3657920169644058,0
7607,103.1495448340429,0.30274997698143125,0
7608,103.16239245899487,0.2792910090647638,0
7609,103.1741059999913,0.23687502834945917,0
7610,103.18686787498882,0.218625005800277,0
7611,103.1998170420411,0.2793329767882824,0
7612,103.210171542014,0.2751669962890446,0
7613,103.22299604199361,0.3760000108741224,0
7614,103.23425945901545,0.37395802792161703,0
7615,103.24720466701547,0.2959999837912619,0
7616,103.25773820903851,0.35866600228473544,0
7617,103.26991029200144,0.27716701151803136,0
7618,103.28273129201261,0.2541670110076666,0
7619,103.29381354199722,0.3414170350879431,0
7620,103.30673595902044,0.37291599437594414,0
7621,103.3197056670324,0.4439579788595438,0
7622,103.33218274998944,0.5883750272914767,0
7623,103.3452435840154,0.24145800853148103,0
7624,103.3580719170277,0.3528330125845969,0
7625,103.36869570903946,0.35341596230864525,0
7626,103.38058454199927,0.30279200291261077,0
7627,103.3924312920426,0.3380829584784806,0
7628,103.40409366699168,0.40958303725346923,0
7629,103.41581904201303,0.32762502087280154,0
7630,103.42873895901721,0.2672499977052212,0
7631,103.4416357090231,0.36520801950246096,0
7632,103.45467083400581,0.28612499590963125,0
7633,103.46529762499267,0.281625019852072,0
7634,103.47815033403458,0.40208298014476895,0
7635,103.49115937500028,0.34416699782013893,0
7636,103.50394858402433,0.39504101732745767,0
7637,103.51493012503488,0.7298749987967312,0
7638,103.52755604201229,0.43908302905038,0
7639,103.54058116703527,0.2864169655367732,0
7640,103.55348775000311,0.2846670104190707,0
7641,103.5663358750171,0.2845840062946081,0
7642,103.57919683400542,0.2905830042436719,0
7643,103.59129225002835,0.8508749888278544,0
7644,103.60472041700268,0.3244580002501607,0
7645,103.61698945902754,0.536083010956645,0
7646,103.62869091698667,0.3107920056208968,0
7647,103.6415696250042,0.24458399275317788,0
7648,103.65439704200253,0.6089170346967876,0
7649,103.667578166991,0.3225000109523535,0
7650,103.6804880000418,0.3263749531470239,0
7651,103.69343420903897,0.33487495966255665,0
7652,103.70438537502196,0.3957920125685632,0
7653,103.71715716703329,0.45354198664426804,0
7654,103.73021537502063,0.40945899672806263,0
7655,103.74321904202225,0.46683300752192736,0
7656,103.75626787502551,0.6195839960128069,0
7657,103.76800962502602,0.5391669692471623,0
7658,103.77905837498838,0.38712500827386975,0
7659,103.79118154203752,0.4468329716473818,0
7660,103.80266616703011,0.554832979105413,0
7661,103.81446795898955,0.5318330368027091,0
7662,103.82748945901403,0.5245410138741136,0
7663,103.84063437499572,0.5342090153135359,0
7664,103.8529349170276,0.34249998861923814,0
7665,103.86576487502316,0.4930419963784516,0
7666,103.87889450002695,1.4990000054240227,0
7667,103.89624333399115,0.3873330424539745,0
7668,103.90926079201745,0.35520800156518817,0
7669,103.92064529203344,0.336957979016006,0
7670,103.9335598340258,0.4087499692104757,0
7671,103.9445020420244,0.6378329708240926,0
7672,103.95762345899129,0.5474160425364971,0
7673,103.9706218750216,0.36399997770786285,0
7674,103.98204754199833,0.4795000422745943,0
7675,103.99664216703968,0.4618329694494605,0
7676,104.00973470899044,0.6365000153891742,0
7677,104.02175566699589,0.5001249955967069,0
7678,104.0353081250214,0.4962499951943755,0
7679,104.04839945898857,0.6172910216264427,0
7680,104.06161062500905,0.4723339807242155,0
7681,104.07293520902749,0.35162497078999877,0
7682,104.08481758402195,0.34679099917411804,0
7683,104.09772029198939,0.25883305352181196,0
7684,104.11055033403682,0.43833296513184905,0
7685,104.12362920900341,0.4213330103084445,0
7686,104.13418479199754,0.2648750087246299,0
7687,104.14700558403274,0.5316659808158875,0
7688,104.1580434589996,0.5587910418398678,0
7689,104.1712113340036,0.39900001138448715,0
7690,104.1841898750281,3.2505840063095093,0
7691,104.19759916700423,0.502042006701231,0
7692,104.20945733401459,0.47208298929035664,0
7693,104.22259229200426,0.6076670251786709,0
7694,104.23579041700577,0.41366700315847993,0
7695,104.24881029198878,0.47812500270083547,0
7696,104.26189270900795,0.4759160219691694,0
7697,104.27496854204219,0.6340419640764594,0
7698,104.28653583402047,0.3749579773284495,0
7699,104.29855045903241,0.5450829630717635,0
7700,104.31167208403349,0.4119579680263996,0
7701,104.32469099998707,0.43629202991724014,0
7702,104.33772404200863,0.37879199953749776,0
7703,104.34858320903732,0.3079159650951624,0
7704,104.35971037502168,0.27437496464699507,0
7705,104.37253608403262,0.30824996065348387,0
7706,104.38448641699506,0.4029580159112811,0
7707,104.39533404202666,0.2930829650722444,0
7708,104.40720591699937,0.35795802250504494,0
7709,104.41863304201979,0.30750001315027475,0
7710,104.43148337502498,0.26112498017027974,0
7711,104.44429533398943,0.38070802111178637,0
7712,104.45725441700779,0.6004170281812549,0
7713,104.46840208402136,0.36637496668845415,0
7714,104.47985066700494,0.9185830131173134,0
7715,104.49336349999066,0.3023340250365436,0
7716,104.5062443750212,0.35320897586643696,0
7717,104.51801566703944,1.1149169877171516,0
7718,104.52979287499329,0.2890840405598283,0
7719,104.54168424999807,0.27662503998726606,0
7720,104.55455412500305,0.2775000175461173,0
7721,104.56735987501452,0.351125025190413,0
7722,104.58029695902951,0.37237501237541437,0
7723,104.59325204201741,0.29045797418802977,0
7724,104.60478195903124,0.38795795990154147,0
7725,104.6153581670369,0.28983299853280187,0
7726,104.62824991700472,0.39895798545330763,0
7727,104.6412283750251,0.379666977096349,0
7728,104.65228529198794,0.3512500552460551,0
7729,104.66526279202662,0.524875009432435,0
7730,104.67593916703481,0.41191698983311653,0
7731,104.68883208400803,0.4373330157250166,0
7732,104.70185854198644,0.30691700521856546,0
7733,104.71362908399897,0.3618330229073763,0
7734,104.72667079203529,0.7974579930305481,0
7735,104.74122629204066,0.6237920024432242,0
7736,104.7539454170037,0.42749999556690454,0
7737,104.76696329202969,0.31574995955452323,0
7738,104.7798668339965,0.5120830028317869,0
7739,104.79296475002775,0.43754198122769594,0
7740,104.8045459589921,0.6240000366233289,0
7741,104.817336334032,1.5957909636199474,0
7742,104.83164262503851,1.2666249531321228,0
7743,104.84381099999882,0.3093340201303363,0
7744,104.8558493340388,0.3852499648928642,0
7745,104.86886912502814,0.33833400812000036,0
7746,104.88069004198769,0.40062505286186934,0
7747,104.893743542023,0.39308296982198954,0
7748,104.90671533404384,0.3364159492775798,0
7749,104.91762399999425,0.5342090153135359,0
7750,104.93085483403411,0.30941597651690245,0
7751,104.94377716700546,0.32950000604614615,0
7752,104.95668437500717,0.36858400562778115,0
7753,104.96776970900828,0.3590830019675195,0
7754,104.97907704202225,0.30629197135567665,0
7755,104.99151000002166,0.3319589886814356,0
7756,105.00445766700432,0.6745000137016177,0
7757,105.01721537503181,0.3801669809035957,0
7758,105.02935854200041,0.5323330406099558,0
7759,105.04254479199881,0.2669580280780792,0
7760,105.05476200004341,0.42824994307011366,0
7761,105.0677772500203,0.5547920009121299,0
7762,105.08060833404306,0.3798749530687928,0
7763,105.09368116699625,0.647542008664459,0
7764,105.1071245840285,0.27774996124207973,0
7765,105.11821791704278,0.5164999747648835,0
7766,105.13077512499876,0.4297500126995146,0
7767,105.14380970899947,0.5128330085426569,0
7768,105.15669108403381,0.3347079618833959,0
7769,105.16870037501212,0.4895420279353857,0
7770,105.18143774999771,0.3742920234799385,0
7771,105.19439779198729,0.4662920255213976,0
7772,105.2074312090408,0.26966596487909555,0
7773,105.21878483402543,0.5149999633431435,0
7774,105.23198704200331,0.6069579976610839,0
7775,105.24366191698937,0.6649170536547899,0
7776,105.25692383403657,0.45916595263406634,0
7777,105.26821787504014,0.3417919506318867,0
7778,105.27906050003367,3.7493339623324573,0
7779,105.29473366698949,1.320083043538034,0
7780,105.30864662502427,0.37637498462572694,0
7781,105.32162300002528,0.3838340053334832,0
7782,105.33408416702878,3.999500011559576,0
7783,105.35068283398869,1.2411660281941295,0
7784,105.36302829202032,0.4143330152146518,0
7785,105.37603733403375,0.3724999842233956,0
7786,105.38729920901824,0.3934159758500755,0
7787,105.40028141700896,4.099707992281765,0
7788,105.41703945898917,0.5133750382810831,0
7789,105.42964254203252,0.5599999567493796,0
7790,105.44205145898741,1.213375013321638,0
7791,105.45454633398913,0.2875830396078527,0
7792,105.46680504200049,0.2441669930703938,0
7793,105.4772901670076,0.4282920272089541,0
7794,105.49032654199982,0.44229201739653945,0
7795,105.50334345904412,0.24574995040893555,0
7796,105.51367683400167,0.3118750173598528,0
7797,105.52649116702378,0.2779170172289014,0
7798,105.53880050004227,0.4664169973693788,0
7799,105.54992837499594,0.331917020957917,0
7800,105.56046495900955,0.3196659963577986,0
7801,105.5733807500219,0.6541250040754676,0
7802,105.5859016670147,0.5430000019259751,0
7803,105.59787475003395,0.5066249868832529,0
7804,105.6105532090296,0.507415970787406,0
7805,105.6236616250244,0.4717499832622707,0
7806,105.63534762500785,0.5386670236475766,0
7807,105.64855174999684,0.3458750434219837,0
7808,105.65923445898807,0.5335000460036099,0
7809,105.6713037500158,0.46654202742502093,0
7810,105.68435300001875,0.4047499969601631,0
7811,105.69667675002711,0.3520839964039624,0
7812,105.70878525002627,0.2899169921875,0
7813,105.72164545900887,0.3406659816391766,0
7814,105.73455862503033,1.8087089993059635,0
7815,105.74903441703646,0.5607499624602497,0
7816,105.75992679200135,0.5380419897846878,0
7817,105.77313124999637,0.6482090102508664,0
7818,105.78645449999021,0.3462090389803052,0
7819,105.79922712501138,0.3826250322163105,0
7820,105.81220404204214,0.4065829562023282,0
7821,105.82522845902713,0.35208300687372684,0
7822,105.83837845904054,0.3750829491764307,0
7823,105.8509559170343,0.34066697116941214,0
7824,105.86144812504062,0.45420898823067546,0
7825,105.87438829202438,0.4761249874718487,0
7826,105.88627529202495,0.47079200157895684,0
7827,105.89936433400726,0.7255829987116158,0
7828,105.91173337498913,0.2897090162150562,0
7829,105.92314770899247,0.43650000588968396,0
7830,105.93812700000126,0.7859590114094317,0
7831,105.95359049999388,1.1802090448327363,0
7832,105.9705807500286,1.024374971166253,0
7833,105.983994542039,12.315083004068583,0
7834,106.00888174999272,0.2727500395849347,0
7835,106.02032612502808,0.423458986915648,0
7836,106.03334087500116,0.41495903860777617,0
7837,106.04632525000488,0.38591702468693256,0
7838,106.05927616701229,0.32891699811443686,0
7839,106.07200679200469,0.530291988980025,0
7840,106.08355079201283,0.32958301017060876,0
7841,106.09647220902843,0.5347909755073488,0
7842,106.10965033399407,0.5704580107703805,0
7843,106.12283658399247,0.5606250488199294,0
7844,106.13379900000291,0.5033339839428663,0
7845,106.1469441250083,0.637084012851119,0
7846,106.15964458399685,0.3344580181874335,0
7847,106.1724104169989,0.5776670295745134,0
7848,106.1843750840053,0.5238750018179417,0
7849,106.19575704203453,0.5965830059722066,0
7850,106.20937404199503,0.45133300591260195,0
7851,106.22241945902351,0.3251659800298512,0
7852,106.23435370903462,2.2139159846119583,0
7853,106.24914741702378,0.4176669754087925,0
7854,106.26213304203702,0.5716669838875532,0
7855,106.27530995901907,0.5289579858072102,0
7856,106.28821254201466,0.44124998385086656,0
7857,106.30079870903865,0.4521249793469906,0
7858,106.31347425002605,0.44820900075137615,0
7859,106.32546220900258,0.47979102237150073,0
7860,106.33727833401645,0.3174159792251885,0
7861,106.34767887502676,0.3310000174678862,0
7862,106.36058462504297,0.3077089786529541,0
7863,106.37159325001994,0.776749977376312,0
7864,106.38345016702078,0.3950420068576932,0
7865,106.3944640000118,0.3913340042345226,0
7866,106.40746791701531,0.3767500165849924,0
7867,106.42045425000833,1.1794589809142053,0
7868,106.43419887503842,1.2916249688714743,0
7869,106.44781491701724,0.3992500132881105,0
7870,106.45853100001113,0.9790420299395919,0
7871,106.47180808399571,1.1837910278700292,0
7872,106.48324575001607,0.7063749944791198,0
7873,106.49510037503205,0.3582499921321869,0
7874,106.50701833399944,1.55216600978747,0
7875,106.52061841700925,0.2970420173369348,0
7876,106.53348550002556,0.3332920023240149,0
7877,106.54414574999828,0.34787500044330955,0
7878,106.55705045902869,0.315624987706542,0
7879,106.56852025003172,0.3249169676564634,0
7880,106.58141899999464,0.488292018417269,0
7881,106.59447229199577,0.2856670180335641,0
7882,106.60535579203861,0.37587498081848025,0
7883,106.61760429199785,0.4158749943599105,0
7884,106.62908529199194,0.28675002977252007,0
7885,106.64194983401103,0.3546660300344229,0
7886,106.65486691700062,0.3729170421138406,0
7887,106.66646616702201,0.49579201731830835,0
7888,106.67958741699113,0.5297080497257411,0
7889,106.692178917001,0.5459170206449926,0
7890,106.70405833399855,0.4381660255603492,0
7891,106.71708762500202,0.4359169979579747,0
7892,106.72775991703384,0.5067919846624136,0
7893,106.7412640840048,1.4122080174274743,0
7894,106.75349670898868,0.5110000493004918,0
7895,106.76660600001924,0.41904201498255134,0
7896,106.77920079202158,0.4027499817311764,0
7897,106.79094687500037,0.39854203350842,0
7898,106.80342287500389,0.24812499759718776,0
7899,106.81626833399059,0.5418750224635005,0
7900,106.82948675000807,0.6004589959047735,0
7901,106.84032412501983,0.5564999883063138,0
7902,106.85270237503573,0.6095419521443546,0
7903,106.86592616699636,0.672499998472631,0
7904,106.87833879201207,2.0665000192821026,0
7905,106.8921696250327,1.07104197377339,0
7906,106.9048944170354,0.5116249667480588,0
7907,106.91824754199479,0.43266703141853213,0
7908,106.9312812500284,0.49929198576137424,0
7909,106.94437741703587,0.3066670033149421,0
7910,106.95732420904096,0.3209999995306134,0
7911,106.97022412501974,0.5236249999143183,0
7912,106.98334612499457,0.5001670215278864,0
7913,106.99542766698869,0.6466250051744282,0
7914,107.00865420902846,0.4978749784640968,0
7915,107.02061362500535,0.5409999866969883,0
7916,107.03374116698978,0.37466699723154306,0
7917,107.04670850001276,0.48558402340859175,0
7918,107.05880837503355,0.3962089540436864,0
7919,107.07312975003151,0.441916985437274,0
7920,107.08428820903646,1.3477499596774578,0
7921,107.09834566700738,0.5932080093771219,0
7922,107.10919925000053,0.4882090142928064,0
7923,107.1222997920122,0.5126670002937317,0
7924,107.1354362500133,0.48637500731274486,0
7925,107.14857329201186,0.4313330282457173,0
7926,107.16160987503827,0.5154169630259275,0
7927,107.17436683399137,0.43716601794585586,0
7928,107.18612812500214,0.44933403842151165,0
7929,107.19918391702231,0.4327499773353338,0
7930,107.21219079202274,0.30933297239243984,0
7931,107.22506479203003,0.28425001073628664,0
7932,107.23752770898864,0.33129099756479263,0
7933,107.24937758402666,0.4521660157479346,0
7934,107.26240499998676,0.35200000274926424,0
7935,107.27532479201909,0.4314580000936985,0
7936,107.2872829590342,0.4376659635454416,0
7937,107.30029812501743,0.32479199580848217,0
7938,107.31337912502931,0.3420839784666896,0
7939,107.3244682920049,0.4933330346830189,0
7940,107.33727800002089,0.34916697768494487,0
7941,107.35020225000335,0.36029203329235315,0
7942,107.36312708404148,0.2751249703578651,0
7943,107.37598366703605,0.44770800741389394,0
7944,107.38903775002109,0.4711250076070428,0
7945,107.40162804198917,0.28600002406165004,0
7946,107.41448737500468,0.4516250337474048,0
7947,107.42755025002407,0.5884169950149953,0
7948,107.44073958403897,0.5119579727761447,0
7949,107.45177416701335,0.8615829865448177,0
7950,107.46525916701648,0.47154200728982687,0
7951,107.47642645903397,0.4426249652169645,0
7952,107.48833804199239,0.38658303674310446,0
7953,107.50092891702661,0.5102080176584423,0
7954,107.51409441704163,0.46004197793081403,0
7955,107.52529900002992,0.45833399053663015,0
7956,107.53732087503886,0.4836669540964067,0
7957,107.5503838750301,0.3535000141710043,0
7958,107.56314929202199,0.5963749717921019,0
7959,107.57458979199873,0.2999170101247728,0
7960,107.58745641703717,0.35429198760539293,0
7961,107.59826587501448,0.32883399398997426,0
7962,107.61113862501225,0.23020902881398797,0
7963,107.62246199999936,0.16641704132780433,0
7964,107.63515537499916,0.2072920324280858,0
7965,107.64788791700266,0.21308299619704485,0
7966,107.66062562499428,0.12770900502800941,0
7967,107.67326816701097,0.15849998453631997,0
7968,107.68692520901095,0.19491597777232528,0
7969,107.69963216700125,0.1626670127734542,0
7970,107.71231633401476,0.22749998606741428,0
7971,107.72507633402711,0.17433299217373133,0
7972,107.73778712499188,0.2026250003837049,0
7973,107.75052125001093,0.17479201778769493,0
7974,107.76321825000923,0.14533399371430278,0
7975,107.77588299999479,0.1934590400196612,0
7976,107.78859733400168,0.24875003146007657,0
7977,107.8013812089921,0.2571250079199672,0
7978,107.81418745900737,0.29975001234561205,0
7979,107.82705533399712,0.26783300563693047,0
7980,107.83909775002394,0.29545900179073215,0
7981,107.85197087499546,0.3510420210659504,0
7982,107.86284387501655,0.3523339983075857,0
7983,107.88045612501446,0.4747919738292694,0
7984,107.89311300002737,0.2532500075176358,0
7985,107.90591224998934,0.2238750457763672,0
7986,107.9186766250059,0.3010840155184269,0
7987,107.9292060000007,0.3675839980132878,0
7988,107.94213916698936,0.3452500095590949,0
7989,107.95394491701154,0.2381670055910945,0
7990,107.9652735000127,0.23329199757426977,0
7991,107.97630291699897,0.21887500770390034,0
7992,107.98905487504089,0.19049999536946416,0
7993,108.00177012500353,0.25049998657777905,0
7994,108.01455175003503,0.1728339702822268,0
7995,108.0264320000424,0.3129589604213834,0
7996,108.03927995898994,0.21554104750975966,0
7997,108.05092108401004,0.2658329904079437,0
7998,108.06371900002705,0.2500839764252305,0
7999,108.07624399999622,0.1965840347111225,0
8000,108.08896299998742,0.21950004156678915,0
8001,108.10170266701607,0.13150001177564263,0
8002,108.11436141701415,0.19275001250207424,0
8003,108.12641891703242,0.23391697322949767,0
8004,108.13918133400148,0.23558299290016294,0
8005,108.15194183401763,0.2716250019147992,0
8006,108.16232712502824,0.5505419685505331,0
8007,108.17544370901305,0.19937497563660145,0
8008,108.18704733403865,0.19879097817465663,0
8009,108.19865645898972,0.2146660117432475,0
8010,108.2097372499993,0.2072920324280858,0
8011,108.22246808401542,0.15587499365210533,0
8012,108.23514787503518,0.11058396194130182,0
8013,108.2468574999948,0.16525003593415022,0
8014,108.25955379201332,0.24833297356963158,0
8015,108.27233570901444,0.22191600874066353,0
8016,108.28510045900475,0.2038329839706421,0
8017,108.2978573750006,0.18920900765806437,0
8018,108.31045799999265,0.25858404114842415,0
8019,108.3232849999913,0.38995902286842465,0
8020,108.33433879201766,0.2567499759607017,0
8021,108.3471773340134,0.5193750257603824,0
8022,108.36087233404396,0.5067909951321781,0
8023,108.37273258401547,0.3893329994753003,0
8024,108.38427616702393,0.3309170133434236,0
8025,108.39607025001897,0.2583339810371399,0
8026,108.40794341702713,0.5054579814895988,0
8027,108.41897754202364,0.4044999950565398,0
8028,108.43204116699053,0.29966700822114944,0
8029,108.44486254203366,0.2275829901918769,0
8030,108.45518345903838,0.3784999717026949,0
8031,108.46643520903308,0.45258295722305775,0
8032,108.47950750001473,0.41787500958889723,0
8033,108.49256958399201,0.3845409955829382,0
8034,108.50553370901616,0.39595802081748843,0
8035,108.52635479200399,0.4167080041952431,0
8036,108.539503625012,0.24504202883690596,0
8037,108.55179575004149,0.28433394618332386,0
8038,108.56224420899525,0.42512500658631325,0
8039,108.57416725001531,0.33295899629592896,0
8040,108.58606337499805,0.35383400972932577,0
8041,108.59709575003944,0.39849994936957955,0
8042,108.6087761670351,0.28304196894168854,0
8043,108.62134508404415,0.3458749852143228,0
8044,108.63425804203143,0.29695796547457576,0
8045,108.64710495900363,0.3114159917458892,0
8046,108.65896233404055,0.2729579573497176,0
8047,108.66993775003357,0.7323339814320207,0
8048,108.6832800420234,0.2954580122604966,0
8049,108.69455079198815,0.34312502248212695,0
8050,108.70746712503023,0.28729200130328536,0
8051,108.7178560839966,0.27483300073072314,0
8052,108.73012454202399,0.1218329998664558,0
8053,108.74212879204424,0.23087498266249895,0
8054,108.75330695899902,0.3957910230383277,0
8055,108.7656709169969,0.5706250085495412,0
8056,108.77883583400398,0.47150003956630826,0
8057,108.79189991700696,0.4556250059977174,0
8058,108.80312220903579,0.4565409617498517,0
8059,108.81618525000522,0.5649999948218465,0
8060,108.82808520901017,0.3351250197738409,0
8061,108.83945170900552,0.36529102362692356,0
8062,108.85186529200291,0.1836250303313136,0
8063,108.86459679203108,0.20229199435561895,0
8064,108.87734850001289,0.21779199596494436,0
8065,108.89011666702572,0.30587497167289257,0
8066,108.90198662498733,0.2965420135296881,0
8067,108.91485366702545,0.9513749973848462,0
8068,108.92747241701,0.47575001372024417,0
8069,108.93817937502172,2.632874995470047,0
8070,108.9520589170279,0.5147499614395201,0
8071,108.96301900001708,0.44770899694412947,0
8072,108.97614045900991,0.40800002170726657,0
8073,108.98729850002564,0.45283400686457753,0
8074,108.99843295902247,0.46745798317715526,0
8075,109.0103372920421,0.4428329993970692,0
8076,109.02218533400446,0.48162502935156226,0
8077,109.0340365000302,1.6992089804261923,0
8078,109.0476737919962,0.44425000669434667,0
8079,109.05902779201278,0.9537080186419189,0
8080,109.07264533400303,0.323207990732044,0
8081,109.08538766700076,0.4330420051701367,0
8082,109.0966658340185,0.39679097244516015,0
8083,109.10747112502577,0.7193339988589287,0
8084,109.12061991699738,0.5223749903962016,0
8085,109.1337423340301,0.5113329971209168,0
8086,109.14820950001013,0.47750002704560757,0
8087,109.16116966702975,0.6426249747164547,0
8088,109.1744542089873,0.47387502854689956,0
8089,109.18760866700904,0.41033298475667834,0
8090,109.2005872920272,1.9454580033198,0
8091,109.21512541698758,0.5207500071264803,0
8092,109.22824283404043,0.38258294807747006,0
8093,109.24063275003573,0.3631250001490116,0
8094,109.25356291700155,0.5098750116303563,0
8095,109.26430720899953,0.8891249890439212,0
8096,109.2761210000026,0.37633400643244386,0
8097,109.28742020903155,0.24329096777364612,0
8098,109.29784345900407,0.366708030924201,0
8099,109.3097594170249,0.3038329887203872,0
8100,109.32154600002104,0.4058339982293546,0
8101,109.3344107500161,0.39429200114682317,0
8102,109.34526066703256,0.4492499865591526,0
8103,109.3583028340363,0.42212498374283314,0
8104,109.37062574998708,0.356542004738003,0
8105,109.38260154199088,0.5542919971048832,0
8106,109.39575654204236,2.2455419530160725,0
8107,109.41028079204261,0.4182919510640204,0
8108,109.42330608400516,0.4492910229600966,0
8109,109.43635475001065,0.6871250225231051,0
8110,109.44779350003228,0.3992089768871665,0
8111,109.45963654201478,0.43420802103355527,0
8112,109.47267104202183,0.44720800360664725,0
8113,109.48553662502673,0.4680840065702796,0
8114,109.49858991702786,0.31691696494817734,0
8115,109.51079141703667,0.6348330061882734,0
8116,109.52173816703726,0.4801249597221613,0
8117,109.53610354202101,0.8883330156095326,0
8118,109.54958445898956,0.5506250308826566,0
8119,109.56273679202422,0.6281670066528022,0
8120,109.57545125001343,0.45529199996963143,0
8121,109.58835554204416,0.4015419981442392,0
8122,109.6031356670428,0.40729198371991515,0
8123,109.61476183403283,0.5360000068321824,0
8124,109.62550404202193,0.3316249931231141,0
8125,109.63737120904261,0.38724998012185097,0
8126,109.65033408399904,0.5273750284686685,0
8127,109.66347058402607,0.34387496998533607,0
8128,109.67638733400963,0.2862500259652734,0
8129,109.68926387501415,0.4940840299241245,0
8130,109.70091270899866,2.017082995735109,0
8131,109.71444137499202,0.24025002494454384,0
8132,109.72661358403275,0.3452079836279154,0
8133,109.73953041702043,0.47679198905825615,0
8134,109.75094137503766,0.31879195012152195,0
8135,109.76382387499325,0.38354203570634127,0
8136,109.77678016701248,0.38816698361188173,0
8137,109.78927495901007,0.6039160070940852,0
8138,109.80430250003701,0.5444589769467711,0
8139,109.81951933400705,0.7835000287741423,0
8140,109.8306592500303,0.5258339806459844,0
8141,109.84389575000387,0.2760839997790754,0
8142,109.85590729198884,0.5472500342875719,0
8143,109.86946941702627,0.4362500039860606,0
8144,109.88209066702984,0.4879579646512866,0
8145,109.89409329200862,0.33370801247656345,0
8146,109.90772900002776,0.42387499706819654,0
8147,109.92000445903977,0.7316249539144337,0
8148,109.93335120903794,0.30654098372906446,0
8149,109.94622445903951,0.37999998312443495,0
8150,109.95882458402775,0.21241599461063743,0
8151,109.97157983400393,0.37875003181397915,0
8152,109.9845207920298,0.24395796936005354,0
8153,109.99731966701802,0.2566669718362391,0
8154,110.00897879200056,0.26175001403316855,0
8155,110.02180691703688,0.2953749499283731,0
8156,110.0346858749981,0.486459000967443,0
8157,110.04776237503393,0.45849999878555536,0
8158,110.06030679203104,0.39370800368487835,0
8159,110.0712849170086,0.32295798882842064,0
8160,110.0837950000423,0.5247090011835098,0
8161,110.09499150002375,0.3827500040642917,0
8162,110.10796291701263,0.49524998757988214,0
8163,110.12062904203776,0.4794169799424708,0
8164,110.13242229202297,0.43349998304620385,0
8165,110.1454477920197,0.4787920042872429,0
8166,110.1561198750278,0.35620899870991707,0
8167,110.16869025002234,0.25687500601634383,0
8168,110.18149945902405,0.5019580130465329,0
8169,110.19370208401233,0.3275410272181034,0
8170,110.20659554202575,0.3546249936334789,0
8171,110.21821220900165,0.9597500320523977,0
8172,110.22931433399208,0.28245802968740463,0
8173,110.24043395899935,0.3227909910492599,0
8174,110.25207799999043,0.2434590132907033,0
8175,110.26486862503225,0.17266697250306606,0
8176,110.27759279200109,0.2820420195348561,0
8177,110.29045070899883,0.40920800529420376,0
8178,110.302268792002,0.4412920097820461,0
8179,110.31532183400122,0.29804103542119265,0
8180,110.32581875001779,0.40924997301772237,0
8181,110.33685241703643,0.31874998239800334,0
8182,110.3475541670341,0.23991696070879698,0
8183,110.3603687499999,0.37637504283338785,0
8184,110.37327629199717,0.2232920378446579,0
8185,110.38537129200995,0.49595802556723356,0
8186,110.39843475003727,0.36508397897705436,0
8187,110.4113770420081,0.3785830340348184,0
8188,110.42434083402622,0.3754579811356962,0
8189,110.43728266702965,0.28570799622684717,0
8190,110.4506656670128,1.2994579738005996,0
8191,110.46455025003524,0.5257919547148049,0
8192,110.47732204198837,0.2975420211441815,0
8193,110.48922616703203,0.3162079956382513,0
8194,110.50183062499855,0.28675002977252007,0
8195,110.51468095899327,0.26370800333097577,0
8196,110.52751970902318,0.4142500110901892,0
8197,110.54033162503038,0.34737499663606286,0
8198,110.55325937503949,0.36745896795764565,0
8199,110.5641120839864,0.38008304545655847,0
8200,110.57597479200922,0.32516702776774764,0
8201,110.58652787504252,0.3771669580601156,0
8202,110.59948216698831,0.389167049434036,0
8203,110.61001545900945,0.39266602834686637,0
8204,110.62298162502702,0.4391669644974172,0
8205,110.63601662503788,0.5142089794389904,0
8206,110.64913070900366,0.4036659956909716,0
8207,110.66213275003247,0.537124986294657,0
8208,110.6752755420166,0.39245799416676164,0
8209,110.6873737089918,0.41858304757624865,0
8210,110.69937387498794,0.42516703251749277,0
8211,110.71241937502054,0.5589589709416032,0
8212,110.72558791702613,0.5724579677917063,0
8213,110.73643904202618,0.5008750013075769,0
8214,110.74914220900973,0.3062909818254411,0
8215,110.76201025000773,0.8241250179708004,0
8216,110.77338383399183,0.4374160198494792,0
8217,110.78640791703947,0.5114579689688981,0
8218,110.79851391701959,0.4005000228062272,0
8219,110.81150250002975,0.4669589689001441,0
8220,110.82455733401002,0.48945797607302666,0
8221,110.83814966701902,0.8957500103861094,0
8222,110.85166804201435,0.45191700337454677,0
8223,110.86351062502945,0.3243749961256981,0
8224,110.87498645903543,0.46512496192008257,0
8225,110.8880522089894,0.49295800272375345,0
8226,110.89978120900923,0.48808299470692873,0
8227,110.9125235840329,0.38295798003673553,0
8228,110.92350879200967,0.4580420209094882,0
8229,110.93479175004177,0.29858399648219347,0
8230,110.94769445899874,0.6390410126186907,0
8231,110.96038208401296,0.27249997947365046,0
8232,110.97225675004302,0.34495897125452757,0
8233,110.98428675002651,0.4747089697048068,0
8234,110.99735675001284,0.42050000047311187,0
8235,111.0274692500243,0.4599589738063514,0
8236,111.03925770899514,0.4201250267215073,0
8237,111.05123170901788,0.34166598925367,0
8238,111.06413229199825,0.23937498917803168,0
8239,111.07458095898619,0.41087501449510455,0
8240,111.08756600000197,0.48387498827651143,0
8241,111.10072774998844,0.5573340458795428,0
8242,111.11324562499067,2.0598340197466314,0
8243,111.12800975004211,1.0008339886553586,0
8244,111.14022129203659,0.36274996818974614,0
8245,111.15096925001126,0.5262090126052499,0
8246,111.1633540840121,0.37100003100931644,0
8247,111.17630354198627,0.35458302590996027,0
8248,111.18888866703492,0.625082990154624,0
8249,111.20094166701892,0.37049996899440885,0
8250,111.21387841703836,0.24408299941569567,0
8251,111.22667125001317,0.3498750156722963,0
8252,111.23734741698718,0.4944580141454935,0
8253,111.24867470900062,0.4700830322690308,0
8254,111.26077487500152,0.4825000069104135,0
8255,111.27385350002442,0.383291975595057,0
8256,111.28481062501669,0.2227089717052877,0
8257,111.2966630840092,0.34912500996142626,0
8258,111.30857304204255,0.3946249489672482,0
8259,111.31943658401724,0.4985830164514482,0
8260,111.330291167018,0.20883302204310894,0
8261,111.34217116702348,0.3379170084372163,0
8262,111.35507416701876,0.31466700602322817,0
8263,111.36769333400298,0.35962503170594573,0
8264,111.38046983402455,0.40145800448954105,0
8265,111.39628700003959,0.7755419937893748,0
8266,111.40893287502695,0.7437089807353914,0
8267,111.42067962500732,0.2607920323498547,0
8268,111.43349712499185,0.29716704739257693,0
8269,111.44610783399548,0.2335830358788371,0
8270,111.45889983401867,0.2574159880168736,0
8271,111.47181808401365,0.42354100150987506,0
8272,111.4867503340356,1.7538329702802002,0
8273,111.50182508403668,0.8547909674234688,0
8274,111.5153466250049,0.2897090162150562,0
8275,111.5259906250285,0.2934169606305659,0
8276,111.53884037502576,0.3580839838832617,0
8277,111.55199458403513,0.3686659620143473,0
8278,111.56450212502386,0.2959999837912619,0
8279,111.57759541703854,0.9702919633127749,0
8280,111.59112458402524,0.4105410189367831,0
8281,111.60206025000662,0.25633402401581407,0
8282,111.61487175000366,0.48279203474521637,0
8283,111.62792066700058,0.25387504138052464,0
8284,111.64011883403873,0.653665978461504,0
8285,111.65338533400791,3.3827080042101443,0
8286,111.67413812503219,0.6108339875936508,0
8287,111.68664262501989,0.331917020957917,0
8288,111.699611500022,0.24874997325241566,0
8289,111.71242462500231,0.2233749837614596,0
8290,111.72489566699369,0.2977080293931067,0
8291,111.7377583750058,0.3604590310715139,0
8292,111.7506797920214,0.2752500004135072,0
8293,111.76108775002649,0.25104201631620526,0
8294,111.77391575003276,0.2636669669300318,0
8295,111.78545858402504,0.8773329900577664,0
8296,111.798910542042,0.3339579561725259,0
8297,111.81103099999018,0.3321249969303608,0
8298,111.8239887090167,0.6311659817583859,0
8299,111.8371894590091,0.3026659833267331,0
8300,111.84811654203804,0.2619579900056124,0
8301,111.86093712499132,0.3652500454336405,0
8302,111.87373333401047,0.3191659925505519,0
8303,111.88661725004204,0.2596249687485397,0
8304,111.89943441702053,0.21316698985174298,0
8305,111.9103748750058,0.3025000332854688,0
8306,111.92119183402974,0.266415998339653,0
8307,111.93303545902018,0.24675001623108983,0
8308,111.94587408402003,0.5923749995417893,0
8309,111.95907445903867,0.16729097114875913,0
8310,111.97052454203367,0.32945798011496663,0
8311,111.98340766702313,0.2097499673254788,0
8312,111.99580183404032,0.9299159864895046,0
8313,112.00779183401028,0.5651660030707717,0
8314,112.02549858402926,0.5347079713828862,0
8315,112.03794108401053,0.2823329996317625,0
8316,112.05078558402602,0.7670409977436066,0
8317,112.06343041703803,0.3049169899895787,0
8318,112.07439120899653,0.3143750363960862,0
8319,112.08726912504062,0.663083977997303,0
8320,112.09893416700652,0.6763749988749623,0
8321,112.11221495899372,0.4562500398606062,0
8322,112.1252277920139,0.218625005800277,0
8323,112.13800066703698,0.23937498917803168,0
8324,112.15106937498786,0.41516701458022,0
8325,112.16298633400584,0.15554099809378386,0
8326,112.17568216699874,0.2217080327682197,0
8327,112.18688654201105,0.24220801424235106,0
8328,112.1996927500004,0.25195901980623603,0
8329,112.21130895899842,0.32237503910437226,0
8330,112.2242052500369,0.2964589511975646,0
8331,112.23491083399858,0.25937502505257726,0
8332,112.2477128750179,0.5497499951161444,0
8333,112.26024591701571,0.3556670271791518,0
8334,112.27317558403593,0.30591600807383657,0
8335,112.28427429200383,0.2227500081062317,0
8336,112.29705258400645,0.2004160196520388,0
8337,112.30878112500068,0.27775001944974065,0
8338,112.31945604202338,0.29812497086822987,0
8339,112.33132612501504,0.3682089736685157,0
8340,112.34426491701743,0.33716700272634625,0
8341,112.35717912501423,0.3245000261813402,0
8342,112.36889283399796,0.24379102978855371,0
8343,112.37990754202474,0.28024998027831316,0
8344,112.39275862503564,0.44233398512005806,0
8345,112.40577625000151,0.40779198752716184,0
8346,112.41876433399739,0.22687501041218638,0
8347,112.42927066702396,0.1919170026667416,0
8348,112.44200495904079,0.1950409496203065,0
8349,112.45475066703511,0.2835000050254166,0
8350,112.46744687500177,0.3070840029977262,0
8351,112.48517491703387,0.49879198195412755,0
8352,112.4982580000069,0.4653750220313668,0
8353,112.50979666702915,0.3636669716797769,0
8354,112.5227332499926,0.3176670288667083,0
8355,112.53564041701611,0.4099999787285924,0
8356,112.546132959018,0.44012500438839197,0
8357,112.55811733403243,0.39362499956041574,0
8358,112.57108775002416,0.40295900544151664,0
8359,112.58405966701685,0.15145802171900868,0
8360,112.59676300000865,0.34845899790525436,0
8361,112.60760329203913,0.3328329767100513,0
8362,112.6204968750244,0.3356669913046062,0
8363,112.63340904202778,0.3155829617753625,0
8364,112.6450872090063,0.4532500170171261,0
8365,112.65817237499868,0.4710000357590616,0
8366,112.67124300001888,0.434333982411772,0
8367,112.68421941698762,1.4249580563046038,0
8368,112.6964537500171,0.4169999738223851,0
8369,112.70945570903132,0.3719580126926303,0
8370,112.72242725000251,0.5122500006109476,0
8371,112.73918504203903,0.5153329693712294,0
8372,112.75201200001175,0.3330840263515711,0
8373,112.7635327920434,0.27733296155929565,0
8374,112.7763540840242,0.19691599300131202,0
8375,112.78666995902313,0.32770796678960323,0
8376,112.79855804203544,0.4056670004501939,0
8377,112.81154791702284,0.3482920001260936,0
8378,112.82202054199297,0.4998749936930835,0
8379,112.83385191700654,0.3719580126926303,0
8380,112.84681025001919,0.4877920146100223,0
8381,112.85990712500643,0.4467089893296361,0
8382,112.87051566701848,0.4491250147111714,0
8383,112.88353787502274,0.41329197119921446,0
8384,112.8965457919985,0.40612503653392196,0
8385,112.90878749999683,0.46958401799201965,0
8386,112.9200990840327,0.4771249950863421,0
8387,112.93212641699938,0.4949580179527402,0
8388,112.94411883404246,0.42287498945370317,0
8389,112.9590615000343,0.5159589927643538,0
8390,112.97218945901841,0.33187499502673745,0
8391,112.98342941701412,0.35020802170038223,0
8392,112.99585733399726,0.4146250430494547,0
8393,113.00878458400257,0.4468749975785613,0
8394,113.02181854203809,0.5186249618418515,0
8395,113.03372104204027,0.3901669988408685,0
8396,113.04669516702415,0.4824170027859509,0
8397,113.05971929203952,0.49112498527392745,0
8398,113.07121250004275,0.37341698771342635,0
8399,113.08378541702405,0.4297079867683351,0
8400,113.09566108399304,0.4759160219691694,0
8401,113.10674779204419,0.4955419572070241,0
8402,113.11852379201446,1.045375014655292,0
8403,113.13217045902275,0.5514160147868097,0
8404,113.14355199999409,0.4746670019812882,0
8405,113.15519950003363,0.42379199294373393,0
8406,113.16720829199767,0.35304203629493713,0
8407,113.17923425004119,0.6124999490566552,0
8408,113.19245658401633,0.4184580175206065,0
8409,113.20485987502616,0.42879197280853987,0
8410,113.21672941703582,0.48933300422504544,0
8411,113.22985120903468,0.4522500094026327,0
8412,113.24289612501161,0.5252920091152191,0
8413,113.25601079204353,0.4146669525653124,0
8414,113.26760420901701,1.0492079891264439,0
8415,113.28121758403722,0.4444579826667905,0
8416,113.29421604203526,0.4610829637385905,0
8417,113.30724724999163,0.4152090405113995,0
8418,113.32023220899282,0.4254580126143992,0
8419,113.33210683398647,0.39550004294142127,0
8420,113.34396933403332,0.35624997690320015,0
8421,113.35687716701068,0.4053330048918724,0
8422,113.36760212504305,0.5279999459162354,0
8423,113.38067970902193,0.4051249707117677,0
8424,113.39320791698992,0.6716670468449593,0
8425,113.4052567500039,0.3635000321082771,0
8426,113.4175919170375,0.15549996169283986,0
8427,113.43028354202397,0.18595799338072538,0
8428,113.44301700004144,0.4451249842531979,0
8429,113.45395558403106,0.4617079976014793,0
8430,113.46698129200377,0.3967920201830566,0
8431,113.4799519170192,0.5200419691391289,0
8432,113.49306629202329,0.5207500071264803,0
8433,113.50460650003515,0.4837919841520488,0
8434,113.51793933403678,0.4409999819472432,0
8435,113.53034587501315,0.38937502540647984,0
8436,113.54210429202067,0.2727080136537552,0
8437,113.55394175002584,0.24958397261798382,0
8438,113.56605183403008,0.23249996593222022,0
8439,113.57690479198936,0.3672080347314477,0
8440,113.58981075003976,0.5084999720565975,0
8441,113.60286379203899,0.4747079801745713,0
8442,113.61376166698756,0.883875007275492,0
8443,113.62671970902011,0.6543750059790909,0
8444,113.63998162501957,0.5317089962773025,0
8445,113.65250670904061,0.40749995969235897,0
8446,113.66551429202082,0.48895797226577997,0
8447,113.67855695902836,0.4174159839749336,0
8448,113.68914483400295,0.48166600754484534,0
8449,113.70110470900545,1.3529160059988499,0
8450,113.71503349998966,0.3462090389803052,0
8451,113.72794387501199,0.3212920273654163,0
8452,113.73867087502731,0.4265420138835907,0
8453,113.75169433403062,0.30637497548013926,0
8454,113.76219195901649,0.408999971114099,0
8455,113.7741390420124,0.3231670125387609,0
8456,113.78503541700775,0.39129203651100397,0
8457,113.79800129198702,0.2341250074096024,0
8458,113.81078666698886,0.2647920046001673,0
8459,113.82128045900026,0.4391249967738986,0
8460,113.83429600001546,0.338084006216377,0
8461,113.8472482500365,0.3744999994523823,0
8462,113.85884033399634,0.47262501902878284,0
8463,113.87071479199221,0.4479170311242342,0
8464,113.8820840420085,0.3636670298874378,0
8465,113.89494133403059,0.27662498177960515,0
8466,113.90778970898828,0.45425002463161945,0
8467,113.9206152500119,0.31633401522412896,0
8468,113.93351104203612,0.4449999541975558,0
8469,113.94654579198686,0.38958300137892365,0
8470,113.95951487502316,0.3856249968521297,0
8471,113.97061262500938,0.3137920284643769,0
8472,113.9811538340291,0.19758299458771944,0
8473,113.99301683402155,0.32491597812622786,0
8474,114.00586408399977,0.29816600726917386,0
8475,114.01873104204424,0.4268329939804971,0
8476,114.03173912502825,0.2549589844420552,0
8477,114.04213104199152,0.308792048599571,0
8478,114.05501487501897,0.3595419693738222,0
8479,114.06793554202886,0.3643329837359488,0
8480,114.07984895899426,0.624791020527482,0
8481,114.09306650003418,0.3255839692428708,0
8482,114.10595475003356,0.3980000037699938,0
8483,114.11719154199818,0.5018750089220703,0
8484,114.12883400003193,0.30616699950769544,0
8485,114.14170899998862,0.3642090014182031,0
8486,114.15465633402346,0.37783297011628747,0
8487,114.16722158400808,0.30812498880550265,0
8488,114.18009312503273,0.3963339840993285,0
8489,114.19202275003772,0.40741695556789637,0
8490,114.20393495901953,0.35737501457333565,0
8491,114.21571666700765,0.3755420329980552,0
8492,114.22681154200109,0.5027080187574029,0
8493,114.23751079203794,0.4022920038551092,0
8494,114.24898308399133,0.2957500400952995,0
8495,114.25975833402481,0.2907079760916531,0
8496,114.27170779200969,0.27295801555737853,0
8497,114.28452162502799,0.1972090103663504,0
8498,114.29725216701627,0.23079197853803635,0
8499,114.31000720901648,0.26699999580159783,0
8500,114.32282408402534,0.3647499834187329,0
8501,114.33576129202265,0.32470800215378404,0
8502,114.3487974590389,0.23254100233316422,0
8503,114.35974983399501,0.4397080047056079,0
8504,114.37276033399394,0.420625030528754,0
8505,114.3854181250208,0.4502920201048255,0
8506,114.3984691670048,0.49895799020305276,0
8507,114.4111511670053,0.5231249961070716,0
8508,114.4242762090289,0.49895799020305276,0
8509,114.4350754590123,0.5543750012293458,0
8510,114.44822850002674,0.4313339595682919,0
8511,114.46122154203476,0.44641696149483323,0
8512,114.47185687499586,0.41804200736805797,0
8513,114.48614612501115,0.5909170140512288,0
8514,114.49763649998931,0.4841670161113143,0
8515,114.51071854203474,0.4919999628327787,0
8516,114.52332216699142,0.39841700345277786,0
8517,114.5350875420263,0.3215419710613787,0
8518,114.54797287500696,0.22362498566508293,0
8519,114.56074595899554,0.4996249917894602,0
8520,114.57219283399172,0.19404100021347404,0
8521,114.58420066704275,0.18191698472946882,0
8522,114.59691845899215,0.13400003081187606,0
8523,114.60876500001177,0.2452920307405293,0
8524,114.62155412504217,0.3584169899113476,0
8525,114.63229720899835,0.28795801335945725,0
8526,114.64515316701727,0.5883330013602972,0
8527,114.65755466703558,0.31887495424598455,0
8528,114.66940308402991,0.3419159911572933,0
8529,114.68061970901908,0.24999998277053237,0
8530,114.69309204199817,0.2830000012181699,0
8531,114.70595299999695,0.43029204243794084,0
8532,114.71822941699065,0.3915000124834478,0
8533,114.73081229202216,0.30916696414351463,0
8534,114.7436697499943,0.3500000457279384,0
8535,114.7553770840168,0.4789159866049886,0
8536,114.76703887502663,0.37525000516325235,0
8537,114.78000299999258,0.6568340468220413,0
8538,114.79310645902297,0.46850001672282815,0
8539,114.80470570898615,0.5198750295676291,0
8540,114.81628825003281,0.34658395452424884,0
8541,114.82918866700493,0.3564580110833049,0
8542,114.83993862499483,0.4009590484201908,0
8543,114.85350291698705,0.4182080156169832,0
8544,114.86650320899207,0.4806250217370689,0
8545,114.877464374993,0.5571250221692026,0
8546,114.8906157920137,0.43058302253484726,0
8547,114.90305191703374,0.284082954749465,0
8548,114.91534370899899,0.35262503661215305,0
8549,114.92677654203726,0.36399997770786285,0
8550,114.9383834170294,4.270875011570752,0
8551,114.95577125001,0.8574590319767594,0
8552,114.96805979200872,0.4641250125132501,0
8553,114.9811074170284,0.3678749781101942,0
8554,114.99171254201792,0.32354198629036546,0
8555,115.00393604201963,0.26775000151246786,0
8556,115.01539012498688,0.30316703487187624,0
8557,115.02825195901096,0.5105410236865282,0
8558,115.0413786250283,0.5727499956265092,0
8559,115.0545576250297,0.6087090005166829,0
8560,115.06778620899422,0.5372500163502991,0
8561,115.07888308400288,0.4416659940034151,0
8562,115.09193275001599,0.5851669702678919,0
8563,115.1051461250172,0.41733396938070655,0
8564,115.11603608401492,0.2940829726867378,0
8565,115.12888866703724,0.3719169762916863,0
8566,115.14183170901379,0.3252910100854933,0
8567,115.15305562503636,0.2609999501146376,0
8568,115.1658712089993,0.4832909908145666,0
8569,115.17647291702451,0.4113329923711717,0
8570,115.18715054204222,0.8275419822894037,0
8571,115.20046387502225,0.5343339871615171,0
8572,115.213676125044,0.5254999850876629,0
8573,115.22510908404365,0.5679159658029675,0
8574,115.2364354589954,0.7087080157361925,0
8575,115.24814445903758,0.4285000031813979,0
8576,115.26114570902428,0.509665987920016,0
8577,115.27425095898798,0.46216603368520737,0
8578,115.2859359169961,0.47333299880847335,0
8579,115.29899754200596,0.5185829941183329,0
8580,115.31217933399603,1.3600829988718033,0
8581,115.32548479200341,0.5188750219531357,0
8582,115.33738949999679,0.3375000087544322,0
8583,115.34827041701647,0.35987497540190816,0
8584,115.36118975002319,0.4422499914653599,0
8585,115.37423362501431,0.5452089826576412,0
8586,115.38736991700716,0.41612499626353383,0
8587,115.40036620903993,0.437582959420979,0
8588,115.4134155419888,0.5087919998914003,0
8589,115.42654983402463,0.4136249772273004,0
8590,115.43954950000625,0.4682500148192048,0
8591,115.45155920903198,0.6151249981485307,0
8592,115.46288208401529,0.3452079836279154,0
8593,115.47578579199035,0.45112502994015813,0
8594,115.48701633402379,0.43954100692644715,0
8595,115.50004533398896,0.46370801283046603,0
8596,115.5130936250207,0.515041989274323,0
8597,115.52414520899765,0.41558302473276854,0
8598,115.53541466704337,0.38991699693724513,0
8599,115.54839516698848,0.4830420366488397,0
8600,115.55948379199253,0.4421250196173787,0
8601,115.5713867500308,0.5437500076368451,0
8602,115.58287329203449,0.41812495328485966,0
8603,115.59505858400371,0.5029159947298467,0
8604,115.60815766704036,0.4636249504983425,0
8605,115.62122254201677,0.4492920124903321,0
8606,115.6325752499979,0.49745902651920915,0
8607,115.64567145903129,0.6102909683249891,0
8608,115.65890837501502,0.48450002213940024,0
8609,115.67007958400063,0.5823330138809979,0
8610,115.6813455420197,0.23549998877570033,0
8611,115.69212433398934,0.45608304208144546,0
8612,115.70395337499212,0.437250011600554,0
8613,115.71700404200237,0.5802080268040299,0
8614,115.73018754203804,0.2867919974960387,0
8615,115.74211816699244,0.3024580073542893,0
8616,115.75289912504377,0.443708966486156,0
8617,115.76471474999562,0.6221670191735029,0
8618,115.77791825000895,0.41254202369600534,0
8619,115.79090833402006,0.37770799826830626,0
8620,115.803773541993,0.5044169956818223,0
8621,115.81609358399874,0.428958039265126,0
8622,115.82911116699688,0.3729170421138406,0
8623,115.8420641249977,0.4230420454405248,0
8624,115.85355737502687,0.3659590147435665,0
8625,115.86655408400111,0.4205830045975745,0
8626,115.87957041698974,0.39958301931619644,0
8627,115.89255087502534,0.3427499905228615,0
8628,115.90424945903942,0.4799999878741801,0
8629,115.91695641702972,0.4177080118097365,0
8630,115.9299725840101,0.5568329943343997,0
8631,115.94495904201176,0.5089580081403255,0
8632,115.958076000039,0.3796249511651695,0
8633,115.97103704203619,0.4641249543055892,0
8634,115.98377870902186,0.5748749827034771,0
8635,115.99699070904171,0.5391659797169268,0
8636,116.01017241703812,0.49595796735957265,0
8637,116.02325691701844,0.3356669913046062,0
8638,116.03598112502368,0.3791669732891023,0
8639,116.04784358403413,0.5056249792687595,0
8640,116.06093795900233,0.27070799842476845,0
8641,116.07378712500213,0.5297500174492598,0
8642,116.08531016699271,0.3658750210888684,0
8643,116.09823000000324,0.36445900332182646,0
8644,116.11075745901326,0.40858302963897586,0
8645,116.12261087499792,0.38937502540647984,0
8646,116.13453783403384,0.29145798180252314,0
8647,116.14738241699524,0.3801670391112566,0
8648,116.16032633400755,0.3370409831404686,0
8649,116.17176070902497,0.47920801443979144,0
8650,116.18358033400727,0.3142500063404441,0
8651,116.19645595899783,0.42933301301673055,0
8652,116.20947108400287,0.4011249984614551,0
8653,116.22069695900427,0.3196250181645155,0
8654,116.23363062500721,0.3944170312024653,0
8655,116.24662437499501,0.4778750007972121,0
8656,116.25877358403523,0.24762499378994107,0
8657,116.27062108402606,0.4334159893915057,0
8658,116.28210825001588,0.6078340229578316,0
8659,116.29415904200869,0.46075001591816545,0
8660,116.30722904199501,0.3137920284643769,0
8661,116.31796708400361,0.3227079869247973,0
8662,116.3308280420024,0.29791699489578605,0
8663,116.34369441703893,0.41758298175409436,0
8664,116.35670266702073,0.4154579946771264,0
8665,116.368729000038,0.2786669647321105,0
8666,116.38156912499107,0.3641670336946845,0
8667,116.3923294999986,0.2680420293472707,0
8668,116.40514270903077,0.2501250128261745,0
8669,116.41793229203904,0.31229195883497596,0
8670,116.43079737504013,0.22820895537734032,0
8671,116.443099584023,0.2400829689577222,0
8672,116.4559155839961,0.5325830425135791,0
8673,116.4673780000303,0.819458975456655,0
8674,116.48079683398828,0.44479104690253735,0
8675,116.4938255000161,0.38054201286286116,0
8676,116.50678883399814,0.4487080150283873,0
8677,116.51939879200654,0.38824998773634434,0
8678,116.53179625002667,0.35849999403581023,0
8679,116.54473512503318,0.3244999679736793,0
8680,116.55779041699134,0.4288750351406634,0
8681,116.56929862499237,0.5708750104531646,0
8682,116.58121512504295,0.3761249827221036,0
8683,116.59315887500998,0.37812499795109034,0
8684,116.60502879199339,0.5804170505143702,0
8685,116.61629249999532,0.533917045686394,0
8686,116.62945175002096,0.3678339999169111,0
8687,116.64240279200021,0.23633299861103296,0
8688,116.65429429203505,0.2791669685393572,0
8689,116.66722162498627,0.5306250532157719,0
8690,116.68032970902277,0.4022499779239297,0
8691,116.6918318750104,0.4646250163204968,0
8692,116.70488775003469,0.3059589653275907,0
8693,116.71754854201572,0.727167003788054,0
8694,116.73085245903349,0.2836249768733978,0
8695,116.7436915000435,0.22591697052121162,0
8696,116.75557445903542,0.47162495320662856,0
8697,116.76821837504394,0.2697499585337937,0
8698,116.7800901249866,0.5258750170469284,0
8699,116.79325816698838,0.6932920077815652,0
8700,116.80660604202421,0.5462499684654176,0
8701,116.81783741700929,1.3932919828221202,0
8702,116.82956837501843,0.5329590057954192,0
8703,116.84146341698943,0.4794170381501317,0
8704,116.85397262498736,0.5029170424677432,0
8705,116.86705791699933,0.5169580108486116,0
8706,116.87909733399283,0.6637080223299563,0
8707,116.8923669999931,0.8228340302594006,0
8708,116.90606854204088,0.7491249707527459,0
8709,116.91843229200458,0.32054202165454626,0
8710,116.92993116698926,0.5405830452218652,0
8711,116.94307470903732,0.4012499703094363,0
8712,116.95438004203606,0.45487500028684735,0
8713,116.96578900003806,0.33512496156618,0
8714,116.97645037499024,0.36687502870336175,0
8715,116.98736575001385,0.4740839940495789,0
8716,116.99915987503482,0.2649999805726111,0
8717,117.01003145903815,1.4932499616406858,0
8718,117.02412733400706,0.4766660276800394,0
8719,117.03663270903053,0.42799999937415123,0
8720,117.04771229199832,0.5145420436747372,0
8721,117.0584195840056,0.5050830077379942,0
8722,117.07154133403674,0.3042079624719918,0
8723,117.08437487500487,0.31216698698699474,0
8724,117.09616720903432,0.32841600477695465,0
8725,117.10907287499867,0.4567090072669089,0
8726,117.12106620898703,0.8206660277210176,0
8727,117.13448524998967,0.45550003414973617,0
8728,117.14753654203378,0.5778329796157777,0
8729,117.15984454203863,0.3329579485580325,0
8730,117.19198350002989,2.1374589996412396,0
8731,117.20580204203725,43.25616697315127,0
8732,117.26259654201567,0.3748330054804683,0
8733,117.27781541703735,0.9882919839583337,0
8734,117.30493320903042,0.9840829879976809,0
8735,117.31716783402953,4.492458014283329,0
8736,117.33680245903088,1.0778330033645034,0
8737,117.35050866700476,4.69262502156198,0
8738,117.3761187090422,1.4929159660823643,0
8739,117.38955316704232,1.723166962619871,0
8740,117.40435483399779,1.0686659952625632,0
8741,117.42025983403437,0.5150829674676061,0
8742,117.43336858402472,0.3566250088624656,0
8743,117.44566058402415,0.2918330137617886,0
8744,117.45850325003266,0.3183750086463988,0
8745,117.46934837498702,0.3237920464016497,0
8746,117.48221262503648,0.20704197231680155,0
8747,117.49306766700465,0.28004200430586934,0
8748,117.50577570899623,0.3335410146974027,0
8749,117.5176854589954,0.3453330136835575,0
8750,117.529478750017,0.19870902178809047,0
8751,117.5401620840421,0.47820794861763716,0
8752,117.55158195900731,0.3453330136835575,0
8753,117.56245920900255,0.38162502460181713,0
8754,117.57543266704306,0.5346669931896031,0
8755,117.58693683403544,0.27204095385968685,0
8756,117.59801391704241,0.4967499990016222,0
8757,117.60973645903869,0.22733298828825355,0
8758,117.62251854198985,0.28320803539827466,0
8759,117.63297812500969,0.2897090162150562,0
8760,117.64558412501356,0.57591701624915,0
8761,117.65874275000533,0.26187498588114977,0
8762,117.67231529200217,0.879208033438772,0
8763,117.68504608399235,0.5893750349059701,0
8764,117.69589095900301,0.40741602424532175,0
8765,117.70641275000526,0.40120899211615324,0
8766,117.71690054202918,0.42916700476780534,0
8767,117.72967879200587,0.2465419820509851,0
8768,117.7413163750316,0.25033397832885385,0
8769,117.75394479202805,0.4225000157020986,0
8770,117.7669526670361,0.3524170024320483,0
8771,117.77867075003451,0.28720899717882276,0
8772,117.79052141698776,0.2752080326899886,0
8773,117.80340929201338,0.6173329893499613,0
8774,117.81675208400702,0.29087503207847476,0
8775,117.82764954201411,0.28450001263991,0
8776,117.83944916701876,0.35995797952637076,0
8777,117.85038645903114,0.7271659560501575,0
8778,117.86371716699796,0.28308300534263253,0
8779,117.8766005000216,0.29741699108853936,0
8780,117.88949612498982,0.37875003181397915,0
8781,117.9024433339946,0.4152500187046826,0
8782,117.91382008400979,0.39237499004229903,0
8783,117.92678266699659,0.2641670289449394,0
8784,117.93747416703263,0.5184169858694077,0
8785,117.94920895900577,0.34166598925367,0
8786,117.96103679202497,0.27433299692347646,0
8787,117.97387345903553,0.31849998049438,0
8788,117.98452950001229,0.37949997931718826,0
8789,117.99708754202584,0.31412497628480196,0
8790,118.00841883401154,0.6571660051122308,0
8791,118.02090291702189,0.5867920117452741,0
8792,118.03286800003843,0.43645896948873997,0
8793,118.04590662498958,0.4255000385455787,0
8794,118.05892041703919,0.33849995816126466,0
8795,118.0714699170203,0.26649999199435115,0
8796,118.08432041702326,0.2603330067358911,0
8797,118.09719304199098,0.46179204946383834,0
8798,118.10985900001833,0.4770419909618795,0
8799,118.12202462501591,1.0154169867746532,0
8800,118.13572358404053,1.1603329912759364,0
8801,118.14855250000255,0.4854589933529496,0
8802,118.16037029202562,1.1663329787552357,0
8803,118.17330825002864,0.719584000762552,0
8804,118.18866454198724,0.5062920390628278,0
8805,118.20292658399558,0.4515830078162253,0
8806,118.21597029198892,0.40970800910145044,0
8807,118.22852587501984,0.37641701055690646,0
8808,118.24148729199078,0.5340000498108566,0
8809,118.2546399999992,0.40250003803521395,0
8810,118.26667070901021,5.360333016142249,0
8811,118.28524774999823,0.44249999336898327,0
8812,118.29579012503382,0.4361249739304185,0
8813,118.30882187501993,0.37558400072157383,0
8814,118.32060812501004,0.29262498719617724,0
8815,118.33344779204344,0.20874995971098542,0
8816,118.34486404201016,0.25029201060533524,0
8817,118.35599437501514,0.23779197363182902,0
8818,118.36752879200503,0.1865830272436142,0
8819,118.37951404199703,0.27179199969395995,0
8820,118.39234237500932,0.28137501794844866,0
8821,118.40495345898671,0.2538330154493451,0
8822,118.41777679201914,0.25462498888373375,0
8823,118.4294330420089,0.19658298697322607,0
8824,118.44210370903602,0.2622909960336983,0
8825,118.45491687499452,0.2535840030759573,0
8826,118.46758804202545,0.2501669805496931,0
8827,118.48038608400384,0.31345803290605545,0
8828,118.49157095904229,0.41499995859339833,0
8829,118.50394395901822,0.4024159861728549,0
8830,118.51516375003848,0.3162499633617699,0
8831,118.52642858400941,0.22533303126692772,0
8832,118.53920250001829,0.23195898393169045,0
8833,118.55092850001529,0.30795898055657744,0
8834,118.56371987500461,0.19308400806039572,0
8835,118.57642083399696,0.20650000078603625,0
8836,118.58804800000507,0.33245899248868227,0
8837,118.60092779202387,0.30808296287432313,0
8838,118.61302720900858,0.47520798398181796,0
8839,118.62542845902499,0.21029100753366947,0
8840,118.6381767920102,0.23820798378437757,0
8841,118.65095979202306,0.4003749927505851,0
8842,118.66325300000608,0.3053339896723628,0
8843,118.67462466703728,0.268207979388535,0
8844,118.68676175002474,0.25441701291128993,0
8845,118.6982661249931,0.18658401677384973,0
8846,118.7097589590121,0.2781249932013452,0
8847,118.72090424998896,0.3042090102098882,0
8848,118.73302641703049,0.42283296352252364,0
8849,118.74601766699925,0.20941701950505376,0
8850,118.75876591703855,0.23491698084399104,0
8851,118.77016766701126,0.34008303191512823,0
8852,118.7815089590149,0.3138749743811786,0
8853,118.79437441698974,0.22770802024751902,0
8854,118.80714283400448,0.3192080184817314,0
8855,118.82002508401638,0.42633299017325044,0
8856,118.83172445901437,0.7784999907016754,0
8857,118.84271070902469,0.5191660020500422,0
8858,118.85498345899396,0.33841602271422744,0
8859,118.86699358402984,0.5986249889247119,0
8860,118.88056062499527,0.46129204565659165,0
8861,118.89363416703418,0.5420419620350003,0
8862,118.9067979590036,0.5235410062596202,0
8863,118.91929116699612,0.4313330282457173,0
8864,118.93186154199066,0.4787920042872429,0
8865,118.94317250000313,0.6117920274846256,0
8866,118.95687208400341,0.490125035867095,0
8867,118.96926974999951,1.2905840412713587,0
8868,118.98320629203226,0.6339579704217613,0
8869,118.994958958996,0.5117910332046449,0
8870,119.00803816702683,0.491167011205107,0
8871,119.02082512504421,0.6289169541560113,0
8872,119.03404529200634,0.6339169922284782,0
8873,119.04726504202699,0.2329169656150043,0
8874,119.05877991701709,0.31879200832918286,0
8875,119.07167091703741,0.3361669951118529,0
8876,119.08420541702071,0.47137500951066613,0
8877,119.09692525002174,0.23083400446921587,0
8878,119.10745487501845,0.24787499569356441,0
8879,119.11931849998655,0.33220904879271984,0
8880,119.13222079200204,0.18020800780504942,0
8881,119.1450644590077,0.6021250155754387,0
8882,119.15827366703888,0.4997499636374414,0
8883,119.1697254590108,0.2840830129571259,0
8884,119.18050387501717,0.32216700492426753,0
8885,119.1923544590245,0.23199996212497354,0
8886,119.205133209005,0.5032499902881682,0
8887,119.2177120000124,2.564750029705465,0
8888,119.23212862503715,0.5257499869912863,0
8889,119.24506195902359,0.24891598150134087,0
8890,119.25566191703547,0.7016669842414558,0
8891,119.26699954201467,0.20574999507516623,0
8892,119.27889545902144,0.4681249847635627,0
8893,119.29196866700659,0.28966699028387666,0
8894,119.30401766701834,0.38483302341774106,0
8895,119.31700516701676,0.43466698843985796,0
8896,119.33001924998825,0.43866701889783144,0
8897,119.34305604203837,0.4248750046826899,0
8898,119.35607587499544,0.3405419993214309,0
8899,119.36784925003303,0.4129589651711285,0
8900,119.38084670901299,0.7577909855172038,0
8901,119.39423249999527,0.38587499875575304,0
8902,119.40720304200659,0.3096250002272427,0
8903,119.41945504199248,0.341000035405159,0
8904,119.43178725003963,0.2674999996088445,0
8905,119.44467525003711,0.25574996834620833,0
8906,119.45517133403337,0.44491596054285765,0
8907,119.46694750001188,0.2549170167185366,0
8908,119.47749304200988,0.29729201924055815,0
8909,119.49023008398945,0.3095000283792615,0
8910,119.50162812502822,0.4712920053862035,0
8911,119.5137345000403,0.42587495408952236,0
8912,119.52673712500837,0.2566250041127205,0
8913,119.53763733402593,0.5381659721024334,0
8914,119.55059037503088,0.2531670033931732,0
8915,119.56341970904032,0.4220829578116536,0
8916,119.57595900003798,0.2856669598259032,0
8917,119.58779866702389,0.4514169995673001,0
8918,119.60082570899976,0.3245000261813402,0
8919,119.61356029199669,0.31741702696308494,0
8920,119.62580416700803,0.5102499853819609,0
8921,119.63895354198758,0.4033750155940652,0
8922,119.65143462503329,0.4794169799424708,0
8923,119.66325862501981,0.45479199616238475,0
8924,119.67618779203622,0.6072919932194054,0
8925,119.68934016703861,1.3144999975338578,0
8926,119.70257362502161,0.36879198160022497,0
8927,119.71552079200046,0.490125035867095,0
8928,119.72674729203572,1.4379170024767518,0
8929,119.74040195898851,0.744916032999754,0
8930,119.7532718750299,1.0057089966721833,0
8931,119.76713150000433,1.397959014866501,0
8932,119.78128270903835,0.5266249645501375,0
8933,119.79216845904011,0.5339579656720161,0
8934,119.80490795901278,0.6832500221207738,0
8935,119.81932250002865,1.8909169593825936,0
8936,119.83392137504416,8.069416973739862,0
8937,119.8546899590292,0.9940000018104911,0
8938,119.87044633401092,1.0346249910071492,0
8939,119.88370420900173,2.3103749845176935,0
8940,119.89866054203594,0.6682079983875155,0
8941,119.91168875002768,1.0770419612526894,0
8942,119.92541137500666,0.745291996281594,0
8943,119.94379124999978,1.8463750020600855,0
8944,119.95778229204006,1.9706669845618308,0
8945,119.9725925840321,1.7480829847045243,0
8946,119.99179612501757,8.459875010885298,0
8947,120.01571983401664,12.580791022628546,0
8948,120.0412639999995,1.2182090431451797,0
8949,120.0576674999902,1.0402920306660235,0
8950,120.07240304199513,0.9870420326478779,0
8951,120.1397236250341,6.3642499735578895,0
8952,120.1627782920259,0.8375420002266765,0
8953,120.17632333398797,1.582083001267165,0
8954,120.19049945904408,0.5467499722726643,0
8955,120.20234087499557,0.5200420273467898,0
8956,120.21544291701866,0.37341698771342635,0
8957,120.2264543750207,0.3387500182725489,0
8958,120.2368763340055,0.2945830347016454,0
8959,120.24762037501205,0.3920419840142131,0
8960,120.25914949999424,0.43083401396870613,0
8961,120.27017808402888,0.23916596546769142,0
8962,120.28060683404328,0.30241598142310977,0
8963,120.29237220901996,0.2455409849062562,0
8964,120.30517183401389,0.21191599080339074,0
8965,120.31792466703337,0.292791984975338,0
8966,120.32956545898924,0.5891660111956298,0
8967,120.34218979201978,0.4225830198265612,0
8968,120.35465008398751,0.43175002792850137,0
8969,120.36768183403183,0.5542499711737037,0
8970,120.38017962500453,0.3794590011239052,0
8971,120.39206162502524,0.40533399442210793,0
8972,120.40402341703884,0.34491700353100896,0
8973,120.41694504203042,0.3570420085452497,0
8974,120.4275104170083,0.4835419822484255,0
8975,120.43859304202488,1.1924999998882413,0
8976,120.45111216703663,0.3339169779792428,0
8977,120.4640074170311,0.28387497877702117,0
8978,120.47438316699117,0.4059580387547612,0
8979,120.48523525003111,0.2983749727718532,0
8980,120.4962951670168,0.25391700910404325,0
8981,120.50816612504423,0.24095899425446987,0
8982,120.52096404199256,0.4925830289721489,0
8983,120.53295629203785,0.2525000018067658,0
8984,120.5437092090142,0.2934579970315099,0
8985,120.55655920901336,0.25945802917703986,0
8986,120.5676362090162,0.4664579755626619,0
8987,120.58068891701987,0.29441696824505925,0
8988,120.59199320903281,0.400707998778671,0
8989,120.60499070899095,0.2661250182427466,0
8990,120.61780787503812,0.23029197473078966,0
8991,120.63058691698825,0.26358303148299456,0
8992,120.64341837499524,0.25454204296693206,0
8993,120.6562202500063,0.21066702902317047,0
8994,120.66794729203684,0.1593329943716526,0
8995,120.68064383399906,0.2791250008158386,0
8996,120.69318008399568,0.21854101214557886,0
8997,120.70595350000076,0.36316702608019114,0
8998,120.71684141701553,0.20925002172589302,0
8999,120.72868479200406,0.2557080006226897,0
9000,120.73901258403203,0.29054097831249237,0
9001,120.75048812502064,0.2922500134445727,0
9002,120.76282075000927,0.23895897902548313,0
9003,120.7756834999891,0.2435000496916473,0
9004,120.78846591699403,0.2416670322418213,0
9005,120.80124250001973,0.20100001711398363,0
9006,120.81397850002395,0.23125001462176442,0
9007,120.82674708403647,0.21837500389665365,0
9008,120.83949037501588,0.1698340056464076,0
9009,120.85218508401886,0.17750001279637218,0
9010,120.8648800420342,0.20108296303078532,0
9011,120.87791329203174,0.48524996964260936,0
9012,120.89096804201836,0.4005419905297458,0
9013,120.902028875018,0.9836669778451324,0
9014,120.91310870903544,0.2744999947026372,0
9015,120.92593583400594,0.20170799689367414,0
9016,120.93867179204244,0.22737495601177216,0
9017,120.94999933399959,0.1985410344786942,0
9018,120.9602540420019,0.24250004207715392,0
9019,120.97185416700086,0.2772920415736735,0
9020,120.98468770901673,0.3702079993672669,0
9021,120.9976037919987,0.46387501060962677,0
9022,121.00944412499666,0.24741701781749725,0
9023,121.02040195901645,0.2846660208888352,0
9024,121.03324508399237,0.26762502966448665,0
9025,121.04612370900577,0.648665998596698,0
9026,121.05878704204224,0.24929194478318095,0
9027,121.07062183402013,0.26300002355128527,0
9028,121.08228970901109,0.2550000208429992,0
9029,121.0934387500165,0.3017500275745988,0
9030,121.10634770902107,0.3375830128788948,0
9031,121.11779516702518,0.3504999913275242,0
9032,121.13071645901073,0.3821660066023469,0
9033,121.1414249590016,0.4042910295538604,0
9034,121.15196729201125,0.28683297568932176,0
9035,121.16281983401859,0.34974998561665416,0
9036,121.17596229200717,0.28837501304224133,0
9037,121.18882366700564,0.391624984331429,0
9038,121.20230179204373,0.32541697146371007,0
9039,121.2152095840429,0.3298749797977507,0
9040,121.22654583404073,0.2831659512594342,0
9041,121.23949662502855,0.2346669789403677,0
9042,121.2521895840182,0.4867910174652934,0
9043,121.26295775000472,0.2934170188382268,0
9044,121.27581045898842,0.31520804623141885,0
9045,121.28727837500628,0.7006250089034438,0
9046,121.30054133402882,0.3086659708060324,0
9047,121.3123055420001,0.3774579963646829,0
9048,121.3252429169952,0.29075000202283263,0
9049,121.33783620898612,0.5375830223783851,0
9050,121.35221341700526,0.4244580049999058,0
9051,121.36431204201654,0.29870797879993916,0
9052,121.37718591699377,0.32691704109311104,0
9053,121.39007891702931,0.40149997221305966,0
9054,121.40356629202142,0.3469170187599957,0
9055,121.41422904201318,0.3100419999100268,0
9056,121.42710125003941,0.27174997376278043,0
9057,121.43770295899594,0.3126660012640059,0
9058,121.45058079203591,0.32041699159890413,0
9059,121.46220491704298,1.3748749624937773,0
9060,121.47550541703822,0.39004196878522635,0
9061,121.4860018750187,0.2964590094052255,0
9062,121.49781112500932,0.40862499736249447,0
9063,121.50831679202383,0.2620419836603105,0
9064,121.52503079199232,0.7243750151246786,0
9065,121.53750791703351,0.32058299984782934,0
9066,121.55039475002559,0.4979589721187949,0
9067,121.56395654199878,0.24100003065541387,0
9068,121.57675604202086,0.29075000202283263,0
9069,121.58848616702016,0.276167003903538,0
9070,121.60093879199121,0.3839580458588898,0
9071,121.61389329202939,0.419124960899353,0
9072,121.62544570903992,0.34499994944781065,0
9073,121.63837941701058,0.394499977119267,0
9074,121.65044087503338,0.23483397671952844,0
9075,121.66323237499455,0.24433404905721545,0
9076,121.67500570899574,0.29870803700760007,0
9077,121.68675375002204,0.30866701854392886,0
9078,121.69963216700125,0.33887499012053013,0
9079,121.71254083403619,0.40862499736249447,0
9080,121.72306500002742,0.26095897192135453,0
9081,121.73589120904217,0.2694159629754722,0
9082,121.74725129199214,0.3972920239903033,0
9083,121.76034770900151,0.4855830338783562,0
9084,121.77341679204255,0.32183295115828514,0
9085,121.78427583404118,0.403582991566509,0
9086,121.79725112504093,0.46012498205527663,0
9087,121.80879945901688,0.2567910123616457,0
9088,121.82160595903406,0.9078749571926892,0
9089,121.83437050000066,0.2951670321635902,0
9090,121.84721783403074,0.28249999741092324,0
9091,121.85756220901385,0.3368330071680248,0
9092,121.86866958404426,0.3248749999329448,0
9093,121.88052262499696,0.381499994546175,0
9094,121.89236175001133,0.2531670033931732,0
9095,121.90394995902898,0.3697909996844828,0
9096,121.91690933401696,0.5114160012453794,0
9097,121.92994429200189,0.4479170311242342,0
9098,121.94294854201144,2.669000008609146,0
9099,121.95818187500117,0.3624589880928397,0
9100,121.9705459169927,1.9496669992804527,0
9101,121.98506570904283,0.3232499584555626,0
9102,121.99796720902668,0.3969999961555004,0
9103,122.00880250002956,0.865749956574291,0
9104,122.02069904201198,0.49054197734221816,0
9105,122.03240900003584,0.44045899994671345,0
9106,122.04552883398719,0.5611660308204591,0
9107,122.05866270902334,0.3250829759053886,0
9108,122.07156591699459,0.5392080056481063,0
9109,122.08436425001128,0.3165840171277523,0
9110,122.09744033403695,0.27129100635647774,0
9111,122.11027087504044,0.4920839564874768,0
9112,122.12321187503403,0.3594589652493596,0
9113,122.1357191670104,1.1037079966627061,0
9114,122.14941533398814,0.30395801877602935,0
9115,122.16228225000668,0.27529202634468675,0
9116,122.1753580000368,0.43412495870143175,0
9117,122.18845841701841,0.8053330238908529,0
9118,122.20206425001379,0.4148749867454171,0
9119,122.21536091703456,0.3096669679507613,0
9120,122.22745425003814,0.3321249969303608,0
9121,122.24246820900589,0.3303330158814788,0
9122,122.2553742500022,0.4852089914493263,0
9123,122.26846650004154,0.2329999697394669,0
9124,122.28126766701462,0.35695801489055157,0
9125,122.2921488340362,0.29391597490757704,0
9126,122.30290583398892,0.37529104156419635,0
9127,122.31586645898642,0.32579101389274,0
9128,122.32660312502412,0.288083974737674,0
9129,122.33947329199873,0.24554203264415264,0
9130,122.35018587502418,0.19474996952340007,0
9131,122.36292737501208,0.25870901299640536,0
9132,122.37348470900906,0.1687500043772161,0
9133,122.38618804200087,0.2811250160448253,0
9134,122.3990075000329,0.16558397328481078,0
9135,122.41170600004261,0.36412494955584407,0
9136,122.42446395900333,0.37116603925824165,0
9137,122.43727337499149,0.4205840523354709,0
9138,122.44798479200108,0.3719580126926303,0
9139,122.46092362503987,0.33974996767938137,0
9140,122.47383679199265,0.30037504620850086,0
9141,122.48529845901066,0.6431660149246454,0
9142,122.49852891702903,0.2251669648103416,0
9143,122.5113148340024,0.4004579968750477,0
9144,122.52429008402396,0.3482080064713955,0
9145,122.53590225003427,0.4300419823266566,0
9146,122.54893504199572,0.2684580394998193,0
9147,122.56001954199746,0.42566703632473946,0
9148,122.57308487500995,0.482542032841593,0
9149,122.58616279199487,0.49754203064367175,0
9150,122.59855783398962,0.351875030901283,0
9151,122.61056729202392,0.29024999821558595,0
9152,122.62342379201436,0.40845799958333373,0
9153,122.634637167037,0.3555829753167927,0
9154,122.64757466700394,0.37054199492558837,0
9155,122.6587665840052,0.24812499759718776,0
9156,122.67096420901362,0.5422909744083881,0
9157,122.68412633403204,0.5099999834783375,0
9158,122.69577595900046,0.37366600008681417,0
9159,122.70873304200359,0.2715419977903366,0
9160,122.72148504201323,0.2739580231718719,0
9161,122.73495345900301,0.31304103322327137,0
9162,122.74783429200761,0.23862498346716166,0
9163,122.76054408401251,0.3114159917458892,0
9164,122.77342412504368,0.6467089988291264,0
9165,122.78650212503271,0.33758400240913033,0
9166,122.79942262498662,0.35958405351266265,0
9167,122.81237250001868,0.5611670203506947,0
9168,122.8255174169899,0.5301670171320438,0
9169,122.8373009590432,0.5254999850876629,0
9170,122.85732050001388,1.484000007621944,0
9171,122.87141125003109,0.30620896723121405,0
9172,122.88435487501556,0.2868750016205013,0
9173,122.89563316700514,0.3067079815082252,0
9174,122.90740020899102,0.4023750079795718,0
9175,122.91914666700177,0.607374997343868,0
9176,122.93238570902031,1.0005829972214997,0
9177,122.94594350003172,0.22908399114385247,0
9178,122.95724579202943,0.20637497073039412,0
9179,122.96999545901781,0.20962499547749758,0
9180,122.9827647919883,0.2999580465257168,0
9181,122.99380825000117,0.27870899066329,0
9182,123.00485399999889,0.2376670017838478,0
9183,123.01763916702475,0.4712080117315054,0
9184,123.03066987503553,0.18258398631587625,0
9185,123.05071716703242,2.075625001452863,0
9186,123.06524104200071,0.27641700580716133,0
9187,123.07741704198997,0.2650420065037906,0
9188,123.08782537502702,0.2906249719671905,0
9189,123.09948625002289,0.24329201551154256,0
9190,123.11083991703345,0.29024999821558595,0
9191,123.12310866703046,0.474874977953732,0
9192,123.13501266704407,0.32720796298235655,0
9193,123.14787795901066,0.21908298367634416,0
9194,123.16062583401799,0.24337501963600516,0
9195,123.17345570900943,0.3423750167712569,0
9196,123.18635420902865,0.2847079886123538,0
9197,123.19918987504207,0.2211249666288495,0
9198,123.21194841701072,0.20725000649690628,0
9199,123.22437166702002,0.3654169850051403,0
9200,123.23722787504084,0.22362498566508293,0
9201,123.24814833403798,0.17687497893348336,0
9202,123.25920745899202,0.17908302834257483,0
9203,123.27192270901287,0.3197910264134407,0
9204,123.28479395899922,1.6969999996945262,0
9205,123.29906262503937,0.37570897256955504,0
9206,123.31024004198844,0.43229199945926666,0
9207,123.32323404203635,0.22604200057685375,0
9208,123.33425433404045,0.34137495094910264,0
9209,123.34715799998958,0.2709170221351087,0
9210,123.35882254200988,0.17625000327825546,0
9211,123.3715237500146,0.15120900934562087,0
9212,123.38419245899422,0.13383303303271532,0
9213,123.39685941702919,0.206666998565197,0
9214,123.40952287503751,0.2404589904472232,0
9215,123.42024950002087,0.1806669752113521,0
9216,123.43295441701775,0.17449998995289207,0
9217,123.44564854202326,0.17679197480902076,0
9218,123.45835329202237,0.1520420191809535,0
9219,123.47102141700452,0.1668750192038715,0
9220,123.48333012498915,0.15358399832621217,0
9221,123.49599833402317,0.17399998614564538,0
9222,123.50869320903439,0.1777499564923346,0
9223,123.52029212500202,0.19650004105642438,0
9224,123.5330529169878,0.37650001468136907,0
9225,123.54480987502029,0.22950000129640102,0
9226,123.55760300002294,0.25870901299640536,0
9227,123.56863545899978,0.5153749953024089,0
9228,123.58175395900616,0.38895802572369576,0
9229,123.59474016702734,0.373166985809803,0
9230,123.60686150001129,0.23374997545033693,0
9231,123.6176125840284,0.367750006262213,0
9232,123.63058050000109,0.4432920250110328,0
9233,123.64171879203059,0.28829200891777873,0
9234,123.65457920898916,0.4107080167159438,0
9235,123.6681283750222,1.401167013682425,0
9236,123.68217833404196,0.3667499986477196,0
9237,123.6927770000184,0.386916974093765,0
9238,123.70558366703335,0.4378749872557819,0
9239,123.71826058399165,0.5315410089679062,0
9240,123.73140091699315,0.3685830160975456,0
9241,123.7421927920077,0.28716702945530415,0
9242,123.75509379198775,0.34591701114550233,0
9243,123.76804233400617,0.42933301301673055,0
9244,123.78105641703587,0.3904579789377749,0
9245,123.7928241250338,0.30679197516292334,0
9246,123.80442937504267,0.39316696347668767,0
9247,123.81763616699027,0.35633303923532367,0
9248,123.83059054199839,0.5312080029398203,0
9249,123.84371479199035,0.31295802909880877,0
9250,123.85576900001615,0.3100419999100268,0
9251,123.86774091701955,0.6134579889476299,0
9252,123.88080024998635,0.33116701524704695,0
9253,123.89370737504214,0.27887499891221523,0
9254,123.90478962502675,0.34662499092519283,0
9255,123.91784445900703,0.38429099367931485,0
9256,123.92846875003306,0.4022920038551092,0
9257,123.94031858403469,0.27804099954664707,0
9258,123.95140308403643,0.5508330068551004,0
9259,123.96452583401697,0.3021659795194864,0
9260,123.97552337503294,0.3142919740639627,0
9261,123.98719300003722,0.5189999938011169,0
9262,123.99964858399471,0.537166022695601,0
9263,124.01091887499206,0.45537500409409404,0
9264,124.02397979202215,0.5273749702610075,0
9265,124.0369054590119,0.6023750174790621,0
9266,124.05008920899127,0.41516602504998446,0
9267,124.06309458403848,0.39620796451345086,0
9268,124.0756934590172,0.315624987706542,0
9269,124.0872182919993,0.2810420119203627,0
9270,124.10005925002042,0.5787090049125254,0
9271,124.11327604204416,0.5113329971209168,0
9272,124.12639570899773,0.5891660111956298,0
9273,124.13966024998808,0.27416704688221216,0
9274,124.15087033400778,0.31241599936038256,0
9275,124.16374741704203,0.23733294801786542,0
9276,124.1744503339869,0.5040830001235008,0
9277,124.18733212503139,0.5342919612303376,0
9278,124.20044454198796,0.42170804226770997,0
9279,124.21247491700342,0.43925002682954073,0
9280,124.22549662500387,0.4414999857544899,0
9281,124.23727895901538,0.44716597767546773,0
9282,124.25032587500755,0.5051670013926923,0
9283,124.26133012503851,0.5854589981026947,0
9284,124.27451491699321,1.1305829975754023,0
9285,124.28874099999666,0.37383404560387135,0
9286,124.30164058401715,0.4761660238727927,0
9287,124.31436275003944,0.44870900455862284,0
9288,124.32740370900137,0.5452079931274056,0
9289,124.34002891700948,0.4140419769100845,0
9290,124.3518270420027,0.3950829850509763,0
9291,124.36479954200331,0.32833300065249205,0
9292,124.37770316703245,0.49216696061193943,0
9293,124.38928341702558,0.4956669872626662,0
9294,124.40093933400931,0.32829103292897344,0
9295,124.4138254999998,0.4355420242063701,0
9296,124.42678916698787,0.5030420143157244,0
9297,124.43868258403381,0.42341597145423293,0
9298,124.45301624998683,0.5035840440541506,0
9299,124.46602816699306,1.2965830392204225,0
9300,124.48526554199634,0.5102080176584423,0
9301,124.49887800001306,0.6022090092301369,0
9302,124.51208520901855,0.5330829881131649,0
9303,124.52476854203269,0.49579195911064744,0
9304,124.53724887501448,0.35149999894201756,0
9305,124.54910308402032,0.43604098027572036,0
9306,124.5607666670112,0.4896669997833669,0
9307,124.57385066698771,0.3801670391112566,0
9308,124.58666329202242,0.4422079655341804,0
9309,124.59969533403637,0.42041600681841373,0
9310,124.61033649998717,1.0436670272611082,0
9311,124.62404104199959,0.42329198913648725,0
9312,124.63706345902756,0.37954101571813226,0
9313,124.64768129203003,0.2614579861983657,0
9314,124.6595003340044,2.0515830256044865,0
9315,124.67390258400701,0.7328329957090318,0
9316,124.68728620902402,0.2698749885894358,0
9317,124.70011591701768,0.2654169802553952,0
9318,124.712941875041,0.26583397993817925,0
9319,124.72404300002381,0.2597089624032378,0
9320,124.73634787503397,0.42524997843429446,0
9321,124.74864308402175,0.35566597944125533,0
9322,124.75919112499105,0.2887090086005628,0
9323,124.77204054204049,0.25583297247067094,0
9324,124.7840481250314,0.2681249752640724,0
9325,124.79483800003072,0.4302089801058173,0
9326,124.8066737499903,0.2571250079199672,0
9327,124.8181220840197,0.38662500446662307,0
9328,124.83107449999079,0.42216700967401266,0
9329,124.84170774999075,0.43345900485292077,0
9330,124.8540304590133,0.3153749858029187,0
9331,124.86690891702892,0.3167919931001961,0
9332,124.8798307920224,0.3201669896952808,0
9333,124.89222691702889,0.4884579684585333,0
9334,124.90530566702364,0.43937499867752194,0
9335,124.91763787501259,0.47483399976044893,0
9336,124.93076116702287,0.7391669787466526,0
9337,124.94406370900106,0.5040830001235008,0
9338,124.95714033400873,0.43229100992903113,0
9339,124.96787308400963,0.3910000086762011,0
9340,124.97966883401386,0.9754999773576856,0
9341,124.99211179203121,0.28020801255479455,0
9342,125.00500425003702,0.4385839565657079,0
9343,125.01802166702691,0.5019580130465329,0
9344,125.03112562501337,0.31029200181365013,0
9345,125.04401333403075,0.25470799300819635,0
9346,125.05635766702471,0.26170798810198903,0
9347,125.06918533402495,0.43116597225889564,0
9348,125.08203308400698,0.3334580105729401,0
9349,125.09492337499978,0.29275001725181937,0
9350,125.10777412500465,0.257709005381912,0
9351,125.12057858402841,0.31595799373462796,0
9352,125.13345825002762,0.3225840046070516,0
9353,125.1464060000144,0.3245419939048588,0
9354,125.1592887500301,0.23862498346716166,0
9355,125.17207679199055,0.2832920290529728,0
9356,125.18491712503601,0.22658397210761905,0
9357,125.19770158402389,0.5120409769006073,0
9358,125.20842216699384,0.1651250058785081,0
9359,125.2211534170201,0.46666699927300215,0
9360,125.23376850003842,0.2666669897735119,0
9361,125.24657704203855,0.37949997931718826,0
9362,125.25750320899533,0.3517080331221223,0
9363,125.2686236249865,0.3185420064255595,0
9364,125.28151379199699,0.995707989204675,0
9365,125.29474204202415,0.5859169759787619,0
9366,125.30805495899403,0.33887504832819104,0
9367,125.31861650000792,0.6687089917249978,0
9368,125.33058325003367,0.34945900551974773,0
9369,125.34140404203208,0.35679200664162636,0
9370,125.35648662503809,0.8127919863909483,0
9371,125.36754904204281,0.5976669490337372,0
9372,125.38064537500031,0.29733398696407676,0
9373,125.393316917005,0.48749998677521944,0
9374,125.40642875002231,0.2993749803863466,0
9375,125.42052829201566,0.7830829708836973,0
9376,125.43391304201214,4.30233299266547,0
9377,125.4508409590344,3.832540998701006,0
9378,125.46609758399427,0.45787502313032746,0
9379,125.47779924998758,0.39870903128758073,0
9380,125.49092658399604,0.745333032682538,0
9381,125.50351783400401,1.9112080335617065,0
9382,125.51760333403945,2.656915981788188,0
9383,125.53286541701527,1.0816249996423721,0
9384,125.5484329170431,0.9540829923935235,0
9385,125.5640245419927,1.4737080200575292,0
9386,125.5819536250201,1.501791994087398,0
9387,125.59763770899735,1.1694999993778765,0
9388,125.61278575001052,1.161083986517042,0
9389,125.63132833404234,1.4262909535318613,0
9390,125.64349741704063,1.329457969404757,0
9391,125.6563537089969,1.5823750291019678,0
9392,125.6730157090351,1.216165954247117,0
9393,125.68710391700733,5.431417026557028,0
9394,125.70617391698761,1.2596670421771705,0
9395,125.72371483402094,1.4455000055022538,0
9396,125.73870570899453,2.8300410485826433,0
9397,125.76346870901762,32.12458296911791,0
9398,125.80567266698927,1.0125000262632966,0
9399,125.82408937503351,0.8356249891221523,0
9400,125.84086724999361,6.4121250179596245,0
9401,125.90030045900494,125.75383303919807,0
9402,126.06404999998631,14.950334036257118,0
9403,126.09195204201387,1.738124992698431,0
9404,126.11474950000411,0.9609999833628535,0
9405,126.1269027920207,0.8712919661775231,0
9406,126.14114437502576,0.8278340101242065,0
9407,126.15299075003713,3.6094170063734055,0
9408,126.16816262499196,10.739625024143606,0
9409,126.19691012502881,1.5435419627465308,0
9410,126.21002941700863,0.6484999903477728,0
9411,126.22131262504263,3.7360419519245625,0
9412,126.23528916703071,0.2544999588280916,0
9413,126.24654399999417,0.41008403059095144,0
9414,126.25795541703701,0.294625002425164,0
9415,126.26863341702847,0.2851249882951379,0
9416,126.28147383400938,0.24779100203886628,0
9417,126.29211833403679,0.3493749536573887,0
9418,126.304268625041,0.6346669979393482,0
9419,126.31753050000407,3.5748750087805092,0
9420,126.3377696670359,0.9713749750517309,0
9421,126.3553093750379,0.669625005684793,0
9422,126.36888950003777,0.4266249598003924,0
9423,126.39137079200009,0.4859580076299608,0
9424,126.4044670840376,0.48624997725710273,0
9425,126.42114333400968,0.9493330144323409,0
9426,126.43392304203007,0.2936669625341892,0
9427,126.44983300002059,13.288458983879536,0
9428,126.47579345898703,1.2493330286815763,0
9429,126.48751250002533,0.5085839657112956,0
9430,126.50620025000535,3.5743750049732625,0
9431,126.52293354202993,3.0623329803347588,0
9432,126.53911583399167,0.7647080346941948,0
9433,126.55354887503199,2.1228750119917095,0
9434,126.57234695903026,1.171707990579307,0
9435,126.58406766701955,0.5368749843910336,0
9436,126.59729904204141,0.4427919629961252,0
9437,126.6098729170044,0.19450002582743764,0
9438,126.62260745902313,0.17470796592533588,0
9439,126.63493129203562,0.20366697572171688,0
9440,126.6475605420419,0.16983295790851116,0
9441,126.65979758399772,0.1611660118214786,0
9442,126.67248649999965,0.18625002121552825,0
9443,126.68361075001303,0.19791699014604092,0
9444,126.69553908403032,0.25183300022035837,0
9445,126.7072147920262,0.20249997032806277,0
9446,126.71994216699386,0.24770799791440368,0
9447,126.73271183401812,0.19641598919406533,0
9448,126.74542037502397,0.1967499847523868,0
9449,126.75812787504401,0.16120896907523274,0
9450,126.77080154203577,0.17979199765250087,0
9451,126.7834940419998,0.18504203762859106,0
9452,126.79619812499732,0.2352090086787939,0
9453,126.8089455839945,0.23662502644583583,0
9454,126.82169612502912,0.41437498293817043,0
9455,126.83463229204062,0.2969169872812927,0
9456,126.84747870900901,0.26170798810198903,0
9457,126.86028720904142,0.16120797954499722,0
9458,126.8729757090332,0.2597499988041818,0
9459,126.88578020903515,0.23991597117856145,0
9460,126.8985574170365,0.1687500043772161,0
9461,126.9112505420344,0.2530419733375311,0
9462,126.92403379199095,0.1906670513562858,0
9463,126.9367548340233,0.2941659768112004,0
9464,126.94959512504283,0.2209589583799243,0
9465,126.96238058403833,0.2650829846970737,0
9466,126.97520141699351,0.2299580373801291,0
9467,126.98676425003214,0.4201669944450259,0
9468,126.99742162501207,0.24270900757983327,0
9469,127.00974808400497,0.2109580091200769,0
9470,127.02250083402032,0.2355409669689834,0
9471,127.03526041703299,0.17966696759685874,0
9472,127.04796325002098,0.16883399803191423,0
9473,127.06065220903838,0.1908330013975501,0
9474,127.07335804199101,0.15537504805251956,0
9475,127.08602583402535,0.1517079654149711,0
9476,127.0986990419915,0.2025000285357237,0
9477,127.10974512499524,0.18162501510232687,0
9478,127.12245091702789,0.2246669610030949,0
9479,127.1351875840337,0.18508295761421323,0
9480,127.14756287500495,0.20741700427606702,0
9481,127.1597409590031,0.2116659888997674,0
9482,127.17246287502348,0.16374996630474925,0
9483,127.18513845902635,0.20045798737555742,0
9484,127.19785637501627,0.16362499445676804,0
9485,127.21054008399369,0.15175004955381155,0
9486,127.22320295899408,0.19625003915280104,0
9487,127.23591304203728,0.24033297086134553,0
9488,127.24867912504124,0.230541976634413,0
9489,127.26138758403249,0.45741599751636386,0
9490,127.27199387503788,0.6369169568642974,0
9491,127.28526212502038,0.18216698663309216,0
9492,127.29796966700815,0.12129201786592603,0
9493,127.30851008399623,0.23516599321737885,0
9494,127.32069012499414,0.2262920024804771,0
9495,127.33213237504242,0.15837495448067784,0
9496,127.34481654199772,0.2240000176243484,0
9497,127.35523191699758,0.23450003936886787,0
9498,127.36799425003119,0.16549997963011265,0
9499,127.37880537501769,0.2078340039588511,0
9500,127.38955066702329,0.18691696459427476,0
9501,127.40373316704063,2.5642079999670386,0
9502,127.41644641698804,0.22837502183392644,0
9503,127.42924979201052,0.23900001542642713,0
9504,127.43961545900675,0.23458298528566957,0
9505,127.45239112502895,0.2322919899597764,0
9506,127.46516891702777,0.19416696159169078,0
9507,127.47556991700549,0.21516700508072972,0
9508,127.48585575004108,0.2393339527770877,0
9509,127.4964044590015,0.19941601203754544,0
9510,127.50913104199572,0.1931250444613397,0
9511,127.52104883402353,0.2033329801633954,0
9512,127.53133841702947,0.28624996775761247,0
9513,127.5430746669881,0.2781250514090061,0
9514,127.55595366703346,0.28416700661182404,0
9515,127.56711637502303,0.3007500199601054,0
9516,127.5799852500204,0.29458396602422,0
9517,127.59285720903426,0.37358299596235156,0
9518,127.60582629201235,0.2621249877847731,0
9519,127.6186430840171,0.24691602448001504,0
9520,127.6304972920334,0.11924997670575976,0
9521,127.64140445902012,0.25995797477662563,0
9522,127.65422108402709,0.3095410065725446,0
9523,127.66709495900432,0.3115829895250499,0
9524,127.68036645901157,0.3547910018824041,0
9525,127.6932670000242,0.28770900098606944,0
9526,127.70610295899678,0.24287501582875848,0
9527,127.7166845840402,0.3642499796114862,0
9528,127.7296235000249,0.38341700565069914,0
9529,127.74055745900841,0.3572499845176935,0
9530,127.7510580419912,0.6137920427136123,0
9531,127.76293470902601,0.46383298467844725,0
9532,127.77437920903321,0.46249997103586793,0
9533,127.78744558402104,0.4482080112211406,0
9534,127.80007191700861,0.39416702929884195,0
9535,127.81307391700102,0.5234580021351576,0
9536,127.82409012503922,0.5025839782319963,0
9537,127.83719466702314,0.4848749958910048,0
9538,127.85027541703312,0.4302499582991004,0
9539,127.86226241703844,0.4029169795103371,0
9540,127.87409475003369,0.4360000020824373,0
9541,127.88715587503975,0.3994169528596103,0
9542,127.9002053340082,0.6622080109082162,0
9543,127.913219167036,0.4005419905297458,0
9544,127.9249874590314,0.35816599847748876,0
9545,127.93667820899282,0.26604102458804846,0
9546,127.9495062920032,0.2952920040115714,0
9547,127.96213558403542,0.3755409852601588,0
9548,127.97266820899677,0.30629104003310204,0
9549,127.9855527090258,0.34195801708847284,0
9550,127.99687375000212,0.3338750102557242,0
9551,128.00800320901908,0.546541006769985,0
9552,128.02113495900994,0.24887500330805779,0
9553,128.03227604203857,0.24262495571747422,0
9554,128.0436354590347,0.5154579994268715,0
9555,128.05601950001437,0.6081670289859176,0
9556,128.06788158399286,0.4801659961231053,0
9557,128.08094387501478,0.25579199427738786,0
9558,128.09376312501263,0.27237500762566924,0
9559,128.10615887498716,0.3262920072302222,0
9560,128.1191577500431,0.33612496918067336,0
9561,128.13077287503984,0.3469169605523348,0
9562,128.14265095902374,0.254457991104573,0
9563,128.15546920901397,0.25758298579603434,0
9564,128.16829245904228,0.28616597410291433,0
9565,128.18116333399666,0.2852079924196005,0
9566,128.19212762499228,0.4365839995443821,0
9567,128.20494616701035,3.7235000054351985,0
9568,128.22123670903966,0.2514579682610929,0
9569,128.233786375029,0.3307089791633189,0
9570,128.24594787502429,0.32829196425154805,0
9571,128.25886679202085,0.3590419655665755,0
9572,128.27106141700642,0.2715419977903366,0
9573,128.28388741699746,2.49354203697294,0
9574,128.2990653750021,0.3540419857017696,0
9575,128.3121739590424,0.6334999925456941,0
9576,128.32537454203703,0.28141698567196727,0
9577,128.33727708400693,0.2569159842096269,0
9578,128.35009312501643,0.32187497708946466,0
9579,128.36299708404113,0.3582499921321869,0
9580,128.37534741702257,0.20058301743119955,0
9581,128.38810683402698,0.3067500074394047,0
9582,128.40095625002868,0.22820901358500123,0
9583,128.41375570901437,0.2757079782895744,0
9584,128.42659579199972,0.3363750292919576,0
9585,128.43844987504417,0.23099995451048017,0
9586,128.4512219169992,0.18462503794580698,0
9587,128.46292158402503,0.17625000327825546,0
9588,128.47543729201425,0.24570798268541694,0
9589,128.48824633401819,0.3855000250041485,0
9590,128.50120312499348,0.22662500850856304,0
9591,128.51206075004302,0.36762497620657086,0
9592,128.52333837503102,0.40487496880814433,0
9593,128.53516212501563,0.3719590022228658,0
9594,128.5481284169946,0.24254200980067253,0
9595,128.5609476250247,0.37337496178224683,0
9596,128.57388729200466,0.3392500220797956,0
9597,128.58449395903153,0.4724159953184426,0
9598,128.59639087499818,0.34129200503230095,0
9599,128.60929595900234,0.2621660241857171,0
9600,128.62213616701774,0.38887502159923315,0
9601,128.63431470899377,0.4867500392720103,0
9602,128.64728400000604,0.2566670300439,0
9603,128.65879591699922,0.45358302304521203,0
9604,128.67061274999287,0.4147090367041528,0
9605,128.68210933404043,0.20841596415266395,0
9606,128.69486587500433,0.26208400959149003,0
9607,128.70656766701723,0.3232500166632235,0
9608,128.71732954203617,0.3013329696841538,0
9609,128.7302425840171,0.37779100239276886,0
9610,128.74319670902332,0.22145797265693545,0
9611,128.75579787499737,0.308374990709126,0
9612,128.76618066703668,0.25287497555837035,0
9613,128.77750458399532,0.23920799139887094,0
9614,128.79030687501654,0.4147089784964919,0
9615,128.803320084,0.522624992299825,0
9616,128.81648441700963,0.22504199296236038,0
9617,128.8292604170274,0.27962500462308526,0
9618,128.84054629202,0.4504579701460898,0
9619,128.85225375002483,0.32541697146371007,0
9620,128.86410341702867,0.27620798209682107,0
9621,128.8759726670105,0.3279999946244061,0
9622,128.88785458402708,0.2977499971166253,0
9623,128.89970220898977,0.3252910100854933,0
9624,128.91050095902756,0.3697499632835388,0
9625,128.92344762501307,0.48862502444535494,0
9626,128.93626908399165,0.3541660262271762,0
9627,128.94709545903606,0.5310410051606596,0
9628,128.9591311670374,0.37691695615649223,0
9629,128.9719807090005,0.26762502966448665,0
9630,128.98442758404417,2.467457961756736,0
9631,128.9985555000021,0.5030840402469039,0
9632,129.01295500004198,0.634874973911792,0
9633,129.02691987500293,2.426041988655925,0
9634,129.04343820898794,0.9895410039462149,0
9635,129.05709037499037,0.5243340274319053,0
9636,129.07053654204356,1.1470829485915601,0
9637,129.08359395898879,0.8640410378575325,0
9638,129.09861874999478,0.7705840398557484,0
9639,129.1106763750431,1.0210839682258666,0
9640,129.14947533403756,0.8284159703180194,0
9641,129.16294720902806,1.7912499606609344,0
9642,129.17750212503597,3.7380839930847287,0
9643,129.2537248340086,4.110999987460673,0
9644,129.27030362503137,2.030583971645683,0
9645,129.28406679199543,2.042542037088424,0
9646,129.29828149999958,0.29954203637316823,0
9647,129.3111402920331,0.3416669787839055,0
9648,129.32405316701625,0.38949999725446105,0
9649,129.33736495900666,0.48745801905170083,0
9650,129.35047266702168,0.8574170060455799,0
9651,129.36395458399784,0.4112910246476531,0
9652,129.37694233399816,0.3819999983534217,0
9653,129.38990350003587,0.4474169691093266,0
9654,129.40192858403316,0.3298749797977507,0
9655,129.4148204170051,0.310958013869822,0
9656,129.42757316702046,0.27712498558685184,0
9657,129.43947666703025,0.342042010743171,0
9658,129.451251416991,0.43758301762863994,0
9659,129.4642369170324,0.24904200108721852,0
9660,129.47696845902828,0.40187500417232513,0
9661,129.48773116699886,0.3132080310024321,0
9662,129.49864004203118,0.2566250041127205,0
9663,129.5114625840215,0.3059579757973552,0
9664,129.52427320904098,0.44670799979940057,0
9665,129.53733662504237,0.31766697065904737,0
9666,129.54796504200203,0.33466704189777374,0
9667,129.56087095901603,0.3524160129018128,0
9668,129.5738022919977,0.22662500850856304,0
9669,129.58473416703055,0.2867919974960387,0
9670,129.59756737499265,0.2546670148149133,0
9671,129.60863237502053,0.2882499829865992,0
9672,129.62146379199112,0.2869580057449639,0
9673,129.63434266700642,0.44287502532824874,0
9674,129.6455029170029,0.2150830114260316,0
9675,129.65824000001885,0.2674169954843819,0
9676,129.67103533400223,0.2644580090418458,0
9677,129.6838329170132,0.2150419750250876,0
9678,129.6948624170036,0.2299170009791851,0
9679,129.7076237500296,0.2579999854788184,0
9680,129.72040866699535,0.23570802295580506,0
9681,129.73316587501904,0.25870901299640536,0
9682,129.74594670900842,0.2858749940060079,0
9683,129.7587723750039,0.24929200299084187,0
9684,129.77154874999542,0.27283403323963284,0
9685,129.78436870902078,0.28079102048650384,0
9686,129.7971753340098,0.3512910334393382,0
9687,129.80992558400612,0.2798750065267086,0
9688,129.8229691250017,0.4694589879363775,0
9689,129.8335773340077,0.3656659973785281,0
9690,129.84573658404406,0.3365409793332219,0
9691,129.85673129203497,0.37349999183788896,0
9692,129.86849066702416,0.3233749885112047,0
9693,129.8813863749965,0.41375000728294253,0
9694,129.89232058404014,0.40258298395201564,0
9695,129.90531220904086,0.3863329766318202,0
9696,129.91680341702886,0.4344999906606972,0
9697,129.9298661670182,0.4205830045975745,0
9698,129.94066404202022,0.39558298885822296,0
9699,129.95369679201394,0.467624980956316,0
9700,129.9667791670072,0.39950001519173384,0
9701,129.97978179203346,0.47158298548310995,0
9702,129.9921065000235,0.7387090008705854,0
9703,130.0052029590006,0.7455830345861614,0
9704,130.01671291701496,0.5450830212794244,0
9705,130.02841887500836,0.5107920151203871,0
9706,130.04155404202174,0.5709169781766832,0
9707,130.05436354200356,1.1958330287598073,0
9708,130.06884970900137,1.1380829964764416,0
9709,130.08265391702298,0.4006249946542084,0
9710,130.0936152919894,0.49391703214496374,0
9711,130.1067461670027,0.6521670147776604,0
9712,130.1182660839986,0.4990830202586949,0
9713,130.1308968340163,0.44112501200288534,0
9714,130.1439165000338,0.4486669786274433,0
9715,130.1553771670442,0.46570796985179186,0
9716,130.16681208403315,0.3942909534089267,0
9717,130.17981004202738,0.49404200399294496,0
9718,130.19209658401087,0.25229097809642553,0
9719,130.2049325000262,0.29791699489578605,0
9720,130.21714299998712,0.5055420333519578,0
9721,130.22965650004335,0.4134999471716583,0
9722,130.24265529203694,0.46441698214039207,0
9723,130.25403016700875,0.4677500110119581,0
9724,130.2647756250226,0.45895896619185805,0
9725,130.2766105000046,0.4971669986844063,0
9726,130.28971116698813,0.584250024985522,0
9727,130.30303075001575,1.5230000135488808,0
9728,130.31718295899918,1.0425410000607371,0
9729,130.32865737500833,0.5517500103451312,0
9730,130.34182383399457,0.4116250202059746,0
9731,130.35277620900888,0.4361660103313625,0
9732,130.36449537501903,0.6925420020706952,0
9733,130.37597391702002,0.558874977286905,0
9734,130.38804029201856,0.45258301543071866,0
9735,130.39961050002603,0.5054170032963157,0
9736,130.4103482500068,0.58787502348423,0
9737,130.42143062502146,0.4706250037997961,0
9738,130.43449179199524,0.4729580250568688,0
9739,130.4475480419933,0.33312500454485416,0
9740,130.4600801669876,1.247375039383769,0
9741,130.4740530840354,0.8924579597078264,0
9742,130.48618654202437,0.22045796504244208,0
9743,130.4989646670292,0.27354201301932335,0
9744,130.5117885840009,0.25937502505257726,0
9745,130.52458904200466,0.18983299378305674,0
9746,130.53528858401114,0.21491601364687085,0
9747,130.54807075002464,0.20937499357387424,0
9748,130.5601969170384,0.21974998526275158,0
9749,130.57339920900995,0.269290991127491,0
9750,130.5857797919889,0.25741703575477004,0
9751,130.59859004203463,0.25720795383676887,0
9752,130.6113992499886,0.2595840487629175,0
9753,130.6241979590268,0.17245800700038671,0
9754,130.63533108402044,0.19779097056016326,0
9755,130.6478285000194,0.22425001952797174,0
9756,130.66060754202772,0.31112501164898276,0
9757,130.67118116701022,0.5049579776823521,0
9758,130.68195204203948,0.37999998312443495,0
9759,130.69381408399204,0.4185410216450691,0
9760,130.7069090839941,0.34662504913285375,0
9761,130.71982116700383,0.3780830302275717,0
9762,130.732778042031,0.5116249667480588,0
9763,130.7458906249958,0.5408750148490071,0
9764,130.7592435000115,0.7989589939825237,0
9765,130.77125754201552,0.5290419794619083,0
9766,130.78431441698922,0.4757920396514237,0
9767,130.79597787500825,0.3599590272642672,0
9768,130.80890687502688,0.30270899878814816,0
9769,130.82177958398825,0.240708002820611,0
9770,130.8345592090045,0.14416599879041314,0
9771,130.84538570902077,0.18737500067800283,0
9772,130.85810275003314,0.18987496150657535,0
9773,130.8693720420124,0.2419580123387277,0
9774,130.8812252919888,0.1585420104674995,0
9775,130.89308529201662,0.18987501971423626,0
9776,130.9052047090372,0.2204999909736216,0
9777,130.91681258403696,0.3085829666815698,0
9778,130.92969437502325,0.5629169754683971,0
9779,130.94286137499148,0.4412920097820461,0
9780,130.95590404199902,0.44012500438839197,0
9781,130.96776604204206,0.27354195481166244,0
9782,130.9801269590389,0.28966600075364113,0
9783,130.99191641702782,0.4036249592900276,0
9784,131.00487950001843,0.2383749815635383,0
9785,131.01564145903103,0.3654999891296029,0
9786,131.0275315840263,0.5022499826736748,0
9787,131.03931387502234,0.44754199916496873,0
9788,131.05236270901514,0.674333015922457,0
9789,131.0656536250026,0.2454170025885105,0
9790,131.07834683399415,0.27733301976695657,0
9791,131.09074970899383,0.5504580331034958,0
9792,131.1023542920011,0.4510830040089786,0
9793,131.11327091703424,0.3886249614879489,0
9794,131.1356831670273,0.8030419703572989,0
9795,131.1490923340316,0.46804099110886455,0
9796,131.1621241249959,0.44454203452914953,0
9797,131.1751551250345,0.5397920031100512,0
9798,131.1868537919945,0.4219580441713333,0
9799,131.19987037504325,0.38879195926710963,0
9800,131.212829917029,0.5652079707942903,0
9801,131.2259702089941,0.3683750401251018,0
9802,131.23830795899266,0.3255830379202962,0
9803,131.25093795900466,0.2775409957394004,0
9804,131.26375899999402,0.3030000370927155,0
9805,131.27581399999326,0.2992920344695449,0
9806,131.28767491702456,0.32187497708946466,0
9807,131.3005425420124,1.558292016852647,0
9808,131.3133972500218,0.4610840114764869,0
9809,131.32642300002044,0.5569590139202774,0
9810,131.33958600001642,0.44425000669434667,0
9811,131.35227933403803,0.4527079872786999,0
9812,131.36483500001486,0.7750000222586095,0
9813,131.39282050001202,0.46479201409965754,0
9814,131.40394054201897,0.3096669679507613,0
9815,131.41513162502088,0.281583983451128,0
9816,131.4267002090346,0.2799579524435103,0
9817,131.43791754200356,0.38945802953094244,0
9818,131.44979083404178,0.39424997521564364,0
9819,131.46157562499866,0.41274999966844916,0
9820,131.47458979202202,0.48895797226577997,0
9821,131.48527141701197,0.4148749867454171,0
9822,131.49625929200556,0.3465000190772116,0
9823,131.50914800004102,0.5197919672355056,0
9824,131.52149991702754,8.73179198242724,0
9825,131.5421167089953,0.42645802022889256,0
9826,131.5551345840213,0.4897909821011126,0
9827,131.5661387500004,0.3118340391665697,0
9828,131.577574792027,0.32412499422207475,0
9829,131.59046899998793,0.4023750079795718,0
9830,131.60174112499226,0.3830839996226132,0
9831,131.6135905419942,0.321083003655076,0
9832,131.62547166703735,0.46604196541011333,0
9833,131.63726404198678,0.5918750539422035,0
9834,131.6491574170068,0.5181250162422657,0
9835,131.66187012504088,0.8867919677868485,0
9836,131.6729243749869,0.2773340092971921,0
9837,131.68576866702642,0.4088329733349383,0
9838,131.69655441702344,0.4318749997764826,0
9839,131.70834916702006,0.5399580113589764,0
9840,131.72026445902884,0.5340409697964787,0
9841,131.731631459028,0.7221659761853516,0
9842,131.74497412500205,0.4109590081498027,0
9843,131.75797366700135,0.41974999476224184,0
9844,131.77101908402983,0.3591660060919821,0
9845,131.7839508749894,0.5630840314552188,0
9846,131.79767179203918,0.4931250005029142,0
9847,131.81021150003653,0.42795896297320724,0
9848,131.82324870902812,0.38400001358240843,0
9849,131.83621187502285,0.4519589710980654,0
9850,131.8492577500292,0.36025000736117363,0
9851,131.8597907500225,0.3268339787609875,0
9852,131.87049554201076,0.21129200467839837,0
9853,131.883229167026,0.19987497944384813,0
9854,131.89594970899634,0.3002079902216792,0
9855,131.90748637501383,0.27891702484339476,0
9856,131.9203059170395,0.4218749818392098,0
9857,131.93177220900543,0.459333008620888,0
9858,131.94232512504095,0.3078339505009353,0
9859,131.95521695900243,0.5030410247854888,0
9860,131.96760333399288,0.5341250216588378,0
9861,131.97873974998947,0.3767500165849924,0
9862,131.99060479202308,0.5539999692700803,0
9863,132.00375083403196,0.4512909799814224,0
9864,132.01456404203782,0.6728749722242355,0
9865,132.02790550002828,0.31220901291817427,0
9866,132.03856141702272,0.7232080097310245,0
9867,132.05189479200635,0.4729999927803874,0
9868,132.06322350003757,0.3998339525423944,0
9869,132.0749166670139,0.4777919966727495,0
9870,132.08767866704147,0.5031669861637056,0
9871,132.1008587090182,2.0442079985514283,0
9872,132.11402800003998,0.496583990752697,0
9873,132.12575350003317,0.44899998465552926,0
9874,132.13730308401864,0.4854580038227141,0
9875,132.1491782499943,0.3821250284090638,0
9876,132.16129875002662,0.4650420160032809,0
9877,132.1750733340159,4.0669579757377505,0
9878,132.1905070419889,3.4116670140065253,0
9879,132.20563475001836,0.481374969240278,0
9880,132.21731041703606,2.9062499525025487,0
9881,132.23287429200718,0.47220801934599876,0
9882,132.2459261250333,0.24766696151345968,0
9883,132.25842950004153,0.31208398286253214,0
9884,132.27103733399417,0.6585830124095082,0
9885,132.2860537089873,0.36879105027765036,0
9886,132.29898125003092,0.23512495681643486,0
9887,132.30950170900906,0.28554099844768643,0
9888,132.32077112502884,0.38041698280721903,0
9889,132.33294566703262,0.2531249774619937,0
9890,132.3447659590165,0.3161249915137887,0
9891,132.35661175003042,0.25808397913351655,0
9892,132.36857812502421,0.4008340183645487,0
9893,132.38153908401728,0.2553749945946038,0
9894,132.39212083403254,0.2942080027423799,0
9895,132.40297666704282,0.33045798772946,0
9896,132.41606279200641,0.4872920108027756,0
9897,132.4278607920278,0.4213749780319631,0
9898,132.44090566702653,0.2797499764710665,0
9899,132.45373312500305,0.41025003883987665,0
9900,132.46444833400892,0.37937500746920705,0
9901,132.47736858401913,0.3386660246178508,0
9902,132.49012825003592,0.24529197253286839,0
9903,132.50224870903185,0.2372079761698842,0
9904,132.5150348750176,0.24495902471244335,0
9905,132.52543245902052,0.2550409990362823,0
9906,132.53753370902268,0.23141596466302872,0
9907,132.5503192920005,0.36283303052186966,0
9908,132.5610419170116,0.2590420190244913,0
9909,132.57232037500944,0.4905840032733977,0
9910,132.5829321250203,0.3007089835591614,0
9911,132.59512750001159,1.3475000159814954,0
9912,132.60877049999544,0.4979170043952763,0
9913,132.62075091700535,0.45370799489319324,0
9914,132.6313457500073,0.24379201931878924,0
9915,132.64366075000726,0.26054203044623137,0
9916,132.65649054199457,0.24408299941569567,0
9917,132.6685032499954,0.23116701049730182,0
9918,132.6789682499948,0.25816704146564007,0
9919,132.68939354200847,0.249417033046484,0
9920,132.7009051250061,0.24670903803780675,0
9921,132.711767959001,0.3993330174125731,0
9922,132.72275795903988,1.1508329771459103,0
9923,132.73511045903433,0.3157079918310046,0
9924,132.74552887503523,0.2672499977052212,0
9925,132.75835341704078,0.2455829526297748,0
9926,132.77119154203683,0.5800829967483878,0
9927,132.78231708402745,0.2907079760916531,0
9928,132.79569900000934,0.3357499954290688,0
9929,132.80651420901995,0.32891600858420134,0
9930,132.81727025000146,0.3176670288667083,0
9931,132.83025258401176,0.3448330098763108,0
9932,132.8421204169863,0.5800830549560487,0
9933,132.85542691702722,1.1798329651355743,0
9934,132.86919658404076,0.47937495401129127,0
9935,132.8819897090434,0.7833749987185001,0
9936,132.8929642920266,0.6276670028455555,0
9937,132.90576650004368,0.2846669522114098,0
9938,132.91860416700365,0.4320000298321247,0
9939,132.93136720900657,0.28808298520743847,0
9940,132.94174704200123,0.47616701340302825,0
9941,132.9546562920441,0.5721249617636204,0
9942,132.96637983398978,0.28204103000462055,0
9943,132.97858079202706,0.37833297392353415,0
9944,132.99110154202208,0.3554169670678675,0
9945,133.00281858403469,0.32608298351988196,0
9946,133.01551075000316,0.23483403492718935,0
9947,133.02829074999318,0.21716702030971646,0
9948,133.04105304199038,0.3250830341130495,0
9949,133.05393541703233,0.22966699907556176,0
9950,133.06673783401493,0.3761660191230476,0
9951,133.07862937502796,0.7518340134993196,0
9952,133.09355870902073,8.283958013635129,0
9953,133.11453700001584,1.4817499904893339,0
9954,133.12672020902392,1.3988749706186354,0
9955,133.1393098750268,0.4597089719027281,0
9956,133.1523795000394,0.2957090036943555,0
9957,133.1653952919878,0.28891704278066754,0
9958,133.17660524998792,0.4793750122189522,0
9959,133.18969654198736,0.370624999050051,0
9960,133.2009425840224,0.4510830040089786,0
9961,133.212437167007,0.6080419989302754,0
9962,133.22562304203166,0.8868330041877925,0
9963,133.23712250002427,1.0527499835006893,0
9964,133.24871424998855,0.4264590097591281,0
9965,133.26095870899735,1.1089160107076168,0
9966,133.27505208400544,0.5801660008728504,0
9967,133.28782545903232,1.0084999958053231,0
9968,133.30150508403312,0.4326659836806357,0
9969,133.3131258750218,0.378916971385479,0
9970,133.32465583400335,0.6181659991852939,0
9971,133.33745712501695,0.5529170157387853,0
9972,133.35058245901018,0.2934579970315099,0
9973,133.36319987499155,0.45062502613291144,0
9974,133.37633175001247,0.6394169759005308,0
9975,133.3890266250237,0.774584012106061,0
9976,133.40263166703517,0.4597500083036721,0
9977,133.41426212503575,0.5202919710427523,0
9978,133.42745474999538,0.7194590289145708,0
9979,133.44043424999109,0.4954590112902224,0
9980,133.4523597920197,3.75541701214388,0
9981,133.46932495903457,0.7990410085767508,0
9982,133.48207583400654,1.7437909846194088,0
9983,133.49538604199188,0.837958010379225,0
9984,133.50883708399488,0.5619160365313292,0
9985,133.52163591701537,1.0381669853813946,0
9986,133.5336807090207,0.9039160213433206,0
9987,133.5464149999898,0.5947090103290975,0
9988,133.55985945899738,0.916541030164808,0
9989,133.57365795900114,0.49170799320563674,0
9990,133.5852736250381,0.548708951100707,0
9991,133.59687154198764,0.49295800272375345,0
9992,133.60949770902516,0.8730000117793679,0
9993,133.62112391699338,0.5100000416859984,0
9994,133.63429800001904,0.5120420246385038,0
9995,133.64759841701016,1.145249989349395,0
9996,133.66136587504297,0.7382089970633388,0
9997,133.67383500002325,0.5003749975003302,0
9998,133.68455154204275,0.4117919597774744,0
9999,133.69557858404005,0.41704095201566815,0
