seq,times_elapsed_secs,rtt_ms,lost
0,1.7919810488820076e-06,0.3310000174678862,0
1,0.012854916974902153,0.13516598846763372,0
2,0.025513208005577326,0.13574998592957854,0
3,0.03817604196956381,0.15770801110193133,0
4,0.05085583298932761,0.1384170027449727,0
5,0.06351283297408372,,1
6,0.17717345798155293,,1
7,0.2909177499823272,,1
8,0.4042466249666177,,1
9,0.5179332919651642,,1
10,0.6316783329821192,,1
11,0.7455041249631904,,1
12,0.858680541976355,,1
13,0.970887582981959,,1
14,1.0833715419867076,0.422040990088135,0
15,1.096403791976627,0.518708024173975,0
16,1.109509458008688,0.2798339701257646,0
17,1.120264999975916,0.280542008113116,0
18,1.1331062919925898,0.21249998826533556,0
19,1.1458611249690875,0.2376670017838478,0
20,1.1586424999986775,0.3893749671988189,0
21,1.1703815829823725,0.3029999788850546,0
22,1.180772541963961,0.24108303477987647,0
23,1.1935550829512067,0.2293750294484198,0
24,1.2046194580034353,0.2162919845432043,0
25,1.2173932080040686,0.45708398101851344,0
26,1.2304526249645278,0.3718750085681677,0
27,1.2434130829642527,0.38458401104435325,0
28,1.2563993329531513,0.37633400643244386,0
29,1.2678732500062324,0.5612499662674963,0
30,1.2788096249569207,0.39187504444271326,0
31,1.2917802919982933,0.3849999629892409,0
32,1.3024152499856427,0.33716700272634625,0
33,1.3153222079854459,0.4336669808253646,0
34,1.3283231669920497,0.22312498185783625,0
35,1.3387069999589585,0.2891670446842909,0
36,1.3515568749862723,0.2846249844878912,0
37,1.3643862499739043,0.2495829830877483,0
38,1.3748619579710066,0.21224998636171222,0
39,1.387616582971532,0.19379198784008622,0
40,1.3980199169600382,0.24120800662785769,0
41,1.4108117499854416,0.2657499862834811,0
42,1.4211373750003986,0.20574999507516623,0
43,1.4329023329773918,0.31145900720730424,0
44,1.4435357920010574,0.25637500220909715,0
45,1.456344457983505,0.22591697052121162,0
46,1.4666153749567457,0.3054580301977694,0
47,1.477013707975857,0.39237499004229903,0
48,1.4899769579642452,0.38837501779198647,0
49,1.5023881669621915,0.2300830092281103,0
50,1.5151767919887789,0.35562500124797225,0
51,1.527291999955196,0.23504201089963317,0
52,1.5387799169984646,0.2568329800851643,0
53,1.5515833329991437,0.2500839764252305,0
54,1.5623162079718895,0.23679202422499657,0
55,1.5750932499649934,0.22858299780637026,0
56,1.5855077499873005,0.19583298126235604,0
57,1.5971817919635214,0.331540999468416,0
58,1.607884583005216,0.1478339545428753,0
59,1.6205778329749592,0.35200000274926424,0
60,1.632603999983985,0.28254202334210277,0
61,1.6454310829867609,0.16941700596362352,0
62,1.6562514579854906,0.2482919953763485,0
63,1.668116041983012,0.17787498654797673,0
64,1.6808497079764493,0.1686670002527535,0
65,1.6935532499919645,0.18633296713232994,0
66,1.7062707919976674,0.17941597616299987,0
67,1.7189842920051888,0.1909159473143518,0
68,1.730299541959539,0.17070799367502332,0
69,1.7414335829671472,0.1746669877320528,0
70,1.754138249962125,0.1722919987514615,0
71,1.7668459999840707,0.16662501730024815,0
72,1.7795461670029908,0.1629579928703606,0
73,1.792245999968145,0.16129203140735626,0
74,1.8049442499759607,0.1902080257423222,0
75,1.815728957997635,0.232333957683295,0
76,1.8285574999754317,0.19237498054280877,0
77,1.8412836249917746,0.10779197327792645,0
78,1.8514483330072835,0.2601669984869659,0
79,1.8642689579864964,0.45058398973196745,0
80,1.8765741249662824,0.34912500996142626,0
81,1.8894897499703802,0.4372920375317335,0
82,1.900863874994684,0.6069999653846025,0
83,1.9117636669543572,0.5697080050595105,0
84,1.9249143329798244,0.4681249847635627,0
85,1.9379637920064852,0.5384159740060568,0
86,1.9510716669610702,0.4276250256225467,0
87,1.963004999968689,0.3773749922402203,0
88,1.9759562499821186,0.4244580049999058,0
89,1.9870285419747233,0.2834160113707185,0
90,1.9998828749521635,0.2775830216705799,0
91,2.0116813329514116,0.33600005554035306,0
92,2.0245785829611123,0.29150000773370266,0
93,2.037415458005853,0.19933399744331837,0
94,2.0488562919781543,0.22833299590274692,0
95,2.0616251250030473,0.2578749554231763,0
96,2.074420332966838,0.1681669964455068,0
97,2.087121374963317,0.15112501569092274,0
98,2.0998030829941854,0.17533398931846023,0
99,2.1125132080051117,0.18633395666256547,0
100,2.125242292007897,0.17099996330216527,0
101,2.137873707979452,0.16116700135171413,0
102,2.1505698330001906,0.16383395995944738,0
103,2.1632646250072867,0.16633298946544528,0
104,2.173834832967259,0.16799999866634607,0
105,2.186529833008535,0.15458394773304462,0
106,2.1992394579574466,0.1663750153966248,0
107,2.21194333297899,0.2383749815635383,0
108,2.224363082961645,0.2731670392677188,0
109,2.2371767919976264,0.20554097136482596,0
110,2.249942207999993,0.2032499760389328,0
111,2.262690291972831,0.1550000160932541,0
112,2.27536579198204,,1
113,2.3889763329643756,,1
114,2.502758124959655,,1
115,2.6165138329961337,0.3842919832095504,0
116,2.6294531250023283,0.30408299062401056,0
117,2.642338457982987,0.24666701210662723,0
118,2.655149750004057,0.21408300381153822,0
119,2.666115792002529,0.2057909732684493,0
120,2.6777295829961076,0.18037500558421016,0
121,2.6885179999517277,0.29137503588572145,0
122,2.7013492079568096,0.22175000049173832,0
123,2.7125322920037434,0.23208296624943614,0
124,2.7241435420000926,0.24991598911583424,0
125,2.7357524579856545,,1
126,2.8494644580059685,0.5273339920677245,0
127,2.862597542000003,0.43291598558425903,0
128,2.8756272500031628,0.2637499710544944,0
129,2.888456749962643,0.23020803928375244,0
130,2.9012503330013715,0.19020895706489682,0
131,2.9140025000087917,0.18266699044033885,0
132,2.9267491250066087,0.18383294809609652,0
133,2.939471166988369,0.20029098959639668,0
134,2.952225624991115,0.1889999839477241,0
135,2.9649482920067385,0.18112495308741927,0
136,2.9776890829671174,0.17804198432713747,0
137,2.9904192499816418,0.18199998885393143,0
138,3.0027582079637796,0.1700000138953328,0
139,3.0154607499716803,0.18266699044033885,0
140,3.028217582963407,0.18295901827514172,0
141,3.0409630829817615,0.1782500185072422,0
142,3.0536835829843767,0.19975000759586692,0
143,3.0664243329665624,0.3302920376881957,0
144,3.079300291952677,0.25287503376603127,0
145,3.0898807079647668,0.1883750082924962,0
146,3.1014760420075618,0.2175829722546041,0
147,3.1130962079623714,0.19500002963468432,0
148,3.125775041989982,0.22537499899044633,0
149,3.136303916980978,0.19045802764594555,0
150,3.1490275419782847,0.18462497973814607,0
151,3.1617429580073804,0.17533398931846023,0
152,3.174472499988042,0.19533297745510936,0
153,3.1871964579913765,0.1740839798003435,0
154,3.1999291249667294,0.21712499437853694,0
155,3.2117803749861196,0.20758301252499223,0
156,3.22339729196392,0.1901250216178596,0
157,3.2361222080071457,0.19408395746722817,0
158,3.2466074579861015,0.2043339773081243,0
159,3.2582107500056736,0.20062498515471816,0
160,3.2687339169788174,0.18104101764038205,0
161,3.281445166969206,0.1735410187393427,0
162,3.2926881249877624,0.1860829652287066,0
163,3.3046741249854676,0.18287496641278267,0
164,3.3173871249891818,0.19333296222612262,0
165,3.330112374969758,0.19395799608901143,0
166,3.342835249961354,0.1812080154195428,0
167,3.3555740419542417,0.18091604579240084,0
168,3.368316166976001,0.17212500097230077,0
169,3.380106833006721,0.18070900114253163,0
170,3.391013791959267,0.17104099970310926,0
171,3.4033312919782475,0.1812910195440054,0
172,3.41604883299442,0.19516696920618415,0
173,3.428774625004735,0.18145795911550522,0
174,3.441481791960541,0.1699580461718142,0
175,3.454182041983586,0.18216599710285664,0
176,3.4662690419936553,0.20445795962587,0
177,3.4790187499602325,0.19170803716406226,0
178,3.490424749965314,0.1895420136861503,0
179,3.5031473329872824,0.18166698282584548,0
180,3.5158784999512136,0.18141703912988305,0
181,3.528603624959942,0.3320419928058982,0
182,3.541504291992169,0.428540981374681,0
183,3.554259791970253,,1
184,3.6663993329857476,,1
185,3.7778721670038067,,1
186,3.889311417005956,,1
187,4.001612916996237,,1
188,4.113979541987646,,1
189,4.226727208006196,,1
190,4.338442874955945,,1
191,4.452248999965377,,1
192,4.564580167003442,,1
193,4.677584499993827,,1
194,4.7913133329711854,,1
195,4.905026124964934,,1
196,5.017209249956068,,1
197,5.131024124973919,,1
198,5.244827457994688,0.2679169992916286,0
199,5.257642957963981,0.2038750099018216,0
200,5.268367082986515,0.10766700142994523,0
201,5.280208042007871,0.17454096814617515,0
202,5.292906082991976,0.10129198199138045,0
203,5.304474291973747,0.08349999552592635,0
204,5.317071750003379,0.10012497659772635,0
205,5.329690999991726,0.11116696987301111,0
206,5.34122549998574,0.12400001287460327,0
207,5.35387145797722,0.10070897405967116,0
208,5.366494374989998,0.14420796651393175,0
209,5.378670916950796,,1
210,5.489909624971915,,1
211,5.602728666970506,0.6195830064825714,0
212,5.615028291998897,0.43716595973819494,0
213,5.628029457991943,0.2279590116813779,0
214,5.6407987919519655,0.19175000488758087,0
215,5.6535306249861605,0.19979197531938553,0
216,5.666265082953032,0.14383404050022364,0
217,5.678952582995407,0.17983396537601948,0
218,5.690601916983724,0.2607500064186752,0
219,5.702380457951222,0.16358401626348495,0
220,5.715073624975048,0.19791699014604092,0
221,5.727800249995198,0.25816698325797915,0
222,5.740592332964297,0.259542022831738,0
223,5.753398875007406,0.26887498097494245,0
224,5.765959749987815,0.2074579824693501,0
225,5.777571291953791,0.21129101514816284,0
226,5.789178124978207,0.21462497534230351,0
227,5.801926082989667,0.1947919954545796,0
228,5.81465458299499,0.19404198974370956,0
229,5.82738499995321,0.20862504607066512,0
230,5.840129582968075,0.1959590008482337,0
231,5.852901041973382,0.34991599386557937,0
232,5.864842707989737,,1
233,5.978546166967135,,1
234,6.091489416954573,,1
235,6.205229874991346,0.4022920038551092,0
236,6.218199124967214,0.35570800537243485,0
237,6.231099249969702,0.3417080151848495,0
238,6.242041916993912,0.33537496346980333,0
239,6.254933874995913,0.21258299238979816,0
240,6.267685916973278,0.1711249933578074,0
241,6.279494957998395,0.10825000936165452,0
242,6.292121124977712,,1
243,6.405489249969833,0.47391699627041817,0
244,6.416066457983106,0.40708400774747133,0
245,6.428599416976795,0.3992500132881105,0
246,6.44100274995435,0.18304202239960432,0
247,6.45372516696807,0.13475003652274609,0
248,6.4647191249532625,0.1468330156058073,0
249,6.477396541973576,0.28012500843033195,0
250,6.490209832962137,0.16120902728289366,0
251,6.502199791953899,0.24216604651883245,0
252,6.512637707986869,0.29008398996666074,0
253,6.52546745800646,0.13649999164044857,0
254,6.538125582970679,0.11491699842736125,0
255,6.550754041993059,0.10633299825713038,0
256,6.5633733329596,0.10570901213213801,0
257,6.576011541998014,0.18929096404463053,0
258,6.586884166987147,0.1877499744296074,0
259,6.598725332994945,0.13679196126759052,0
260,6.61139400000684,0.23874995531514287,0
261,6.624206207983661,0.3831249778158963,0
262,6.636234749981668,0.24745799601078033,0
263,6.648303624999244,0.19404198974370956,0
264,6.660461249994114,0.17566699534654617,0
265,6.673167083004955,0.17749995458871126,0
266,6.685709332989063,0.1899590133689344,0
267,6.698473582975566,0.4711669753305614,0
268,6.7114966249791905,0.41304202750325203,0
269,6.724470832967199,0.42970903450623155,0
270,6.737492374959402,0.48579199938103557,0
271,6.749950708006509,0.342374958563596,0
272,6.7628429169999436,0.17470796592533588,0
273,6.774175957951229,0.13466703239828348,0
274,6.786053249961697,0.11908303713425994,0
275,6.797889457957353,0.1359590096399188,0
276,6.81054849998327,0.09170797420665622,0
277,6.822095957992133,0.0879999715834856,0
278,6.834700624982361,0.10299996938556433,0
279,6.8473199579748325,0.09683403186500072,0
280,6.859837708005216,0.09166699601337314,0
281,6.872446791967377,0.10741600999608636,0
282,6.885072457953356,0.1514170435257256,0
283,6.897747082985006,0.09962497279047966,0
284,6.909142249962315,0.0950419926084578,0
285,6.919279666966759,0.14845799887552857,0
286,6.9313857079832815,0.10750000365078449,0
287,6.941519457963295,0.12208399130031466,0
288,6.954159999964759,0.10616699000820518,0
289,6.9653922919533215,0.22133300080895424,0
290,6.978137083002366,0.20641699666157365,0
291,6.990753999969456,0.1568330335430801,0
292,7.00296824995894,0.1289999927394092,0
293,7.013667124963831,0.09591702837496996,0
294,7.024933207954746,0.1026670215651393,0
295,7.036769833008293,0.11037499643862247,0
296,7.048880082962569,0.10129204019904137,0
297,7.060474791971501,0.10858301538974047,0
298,7.073099625005852,0.10054197628051043,0
299,7.083581291954033,0.321416009683162,0
300,7.094757541955914,0.20883302204310894,0
301,7.106591832998674,,1
302,7.2179040419869125,0.3726250142790377,0
303,7.230026707984507,0.2434590132907033,0
304,7.242557582969312,0.21891703363507986,0
305,7.253137999970932,0.1966250129044056,0
306,7.265869916998781,0.25779096176847816,0
307,7.2774297499563545,0.11966703459620476,0
308,7.290075332974084,0.42916700476780534,0
309,7.301603416970465,0.41204103035852313,0
310,7.314235750003718,0.505249947309494,0
311,7.326411999994889,0.24870800552889705,0
312,7.339197458000854,0.13558397768065333,0
313,7.3518569999723695,0.09058299474418163,0
314,7.362267832970247,0.0730419997125864,0
315,7.374855582951568,0.09375001536682248,0
316,7.387465499981772,0.08420797530561686,0
317,7.400067541981116,0.08645799243822694,0
318,7.410311832965817,0.1354170381091535,0
319,7.421448457986116,0.1430839765816927,0
320,7.434113124967553,0.224041985347867,0
321,7.446869499981403,0.11170801008120179,0
322,7.459496374998707,0.10129198199138045,0
323,7.472117916971911,0.09495799895375967,0
324,7.48472824995406,0.08979201084002852,0
325,7.495835332956631,0.13270904310047626,0
326,7.508488666964695,0.10204099817201495,0
327,7.5211096669663675,0.1314579858444631,0
328,7.533986291964538,0.11983304284512997,0
329,7.546623500005808,0.12145796790719032,0
330,7.559259707981255,0.09545899229124188,0
331,7.571411042008549,0.1029579434543848,0
332,7.582920499960892,0.10216701775789261,0
333,7.594636374968104,0.10883301729336381,0
334,7.605347417003941,0.11324998922646046,0
335,7.6179846249870025,0.1591669861227274,0
336,7.630663166986778,0.09962497279047966,0
337,7.642578708007932,0.15470897778868675,0
338,7.655251041986048,0.10858301538974047,0
339,7.667878499953076,0.10504201054573059,0
340,7.68050116696395,0.10500004282221198,0
341,7.693124707962852,0.2019170206040144,0
342,7.705847124976572,0.21645799279212952,0
343,7.718586957955267,0.19758404232561588,0
344,7.730635291954968,0.20400003995746374,0
345,7.742559874954168,0.17200002912431955,0
346,7.75363012496382,0.2275420119985938,0
347,7.766378707950935,0.16883405623957515,0
348,7.777292416954879,0.17208303324878216,0
349,7.789139583008364,0.17304194625467062,0
350,7.801831958000548,0.16674998914822936,0
351,7.814522208005656,0.14304195065051317,0
352,7.824906957976054,0.13583397958427668,0
353,7.837564916990232,0.1652080100029707,0
354,7.850247833004687,0.13162498362362385,0
355,7.860689416993409,0.136790971737355,0
356,7.872799374978058,0.13933301670476794,0
357,7.885456707968842,0.13691699132323265,0
358,7.896377875003964,0.12241699732840061,0
359,7.907995582965668,0.12629199773073196,0
360,7.918716249987483,0.13929198030382395,0
361,7.93056266696658,0.2222080365754664,0
362,7.943307832989376,0.3355839871801436,0
363,7.956176749954466,0.34425000194460154,0
364,7.969051916967146,0.2753330045379698,0
365,7.981852041964885,0.24025002494454384,0
366,7.99367837497266,0.2328749978914857,0
367,8.00550479197409,0.2111659850925207,0
368,8.017293332959525,0.23312499979510903,0
369,8.029149207985029,0.19812496611848474,0
370,8.041863291990012,0.21279096836224198,0
371,8.052787416963838,0.15566602814942598,0
372,8.065463125007227,0.21491694496944547,0
373,8.078265082964208,0.9036670089699328,0
374,8.091706374951173,0.28179201763123274,0
375,8.102393207955174,0.25620905216783285,0
376,8.115170457982458,0.21124997874721885,0
377,8.126063457981218,0.23791700368747115,0
378,8.137901832989883,0.2315840101800859,0
379,8.150651999982074,0.20408298587426543,0
380,8.162096082989592,0.20320899784564972,0
381,8.175487125001382,0.19562500528991222,0
382,8.188202791963704,0.17029099399223924,0
383,8.2008901250083,0.19774999236688018,0
384,8.213612249994185,0.20937499357387424,0
385,8.226344832975883,0.2108750049956143,0
386,8.239074042008724,0.21708296844735742,0
387,8.251811457972508,0.2062499988824129,0
388,8.26456583297113,0.16887503443285823,0
389,8.275817499961704,0.1579170348122716,0
390,8.28849387500668,0.21224998636171222,0
391,8.301223957969341,0.1739590079523623,0
392,8.313920499989763,0.16270799096673727,0
393,8.326601916982327,0.17633300740271807,0
394,8.337212249985896,0.17891702009364963,0
395,8.349908332980704,0.20249997032806277,0
396,8.360723958001472,0.1562499674037099,0
397,8.372702749969903,0.1568330335430801,0
398,8.384535541990772,0.1456660102121532,0
399,8.396365666994825,0.18224999075755477,0
400,8.40906387497671,0.17070799367502332,0
401,8.421752457972616,0.1776249846443534,0
402,8.433823416999076,0.1604999997653067,0
403,8.445659499964677,0.18400000408291817,0
404,8.458360041957349,0.19233301281929016,0
405,8.471120957983658,0.18545897910371423,0
406,8.483823916991241,0.14695798745378852,0
407,8.494851124996785,0.16570795560255647,0
408,8.507530207978562,0.18441700376570225,0
409,8.518508082954213,0.17741700867190957,0
410,8.528932291956153,0.19208301091566682,0
411,8.541641499963589,0.18091703532263637,0
412,8.55433987500146,0.16649998724460602,0
413,8.567022625007667,0.15654199523851275,0
414,8.577770499978215,0.14691700926050544,0
415,8.589876416954212,0.1396250445395708,0
416,8.602536082966253,0.2001250395551324,0
417,8.615265582979191,0.30970899388194084,0
418,8.627755791996606,0.3097910084761679,0
419,8.64059595798608,0.3375000087544322,0
420,8.653470124991145,0.23454200709238648,0
421,8.666241250000894,,1
422,8.779897083004471,,1
423,8.892994624970015,,1
424,9.005139332963154,,1
425,9.117175791994669,,1
426,9.231013916956726,,1
427,9.34432879195083,,1
428,9.45818470796803,,1
429,9.571541582990903,,1
430,9.683753166988026,0.4972500028088689,0
431,9.696844124991912,0.4562499816529453,0
432,9.707457457960118,0.3393749939277768,0
433,9.717939457972534,0.37279201205819845,0
434,9.73092404199997,0.33237499883398414,0
435,9.743884083000012,0.4758340073749423,0
436,9.75693020800827,0.4189999890513718,0
437,9.769917999976315,0.5051249754615128,0
438,9.782994999957737,0.5202500033192337,0
439,9.794620333006606,0.41491695446893573,0
440,9.80759866698645,0.3892499953508377,0
441,9.818619832978584,0.8074590004980564,0
442,9.832141332968604,0.5916670197620988,0
443,9.845301374967676,0.4515420296229422,0
444,9.858316708006896,0.42558397399261594,0
445,9.871304041997064,0.4047499969601631,0
446,9.881885582988616,0.49154198495671153,0
447,9.893257832969539,0.44525001430884004,0
448,9.904923958005384,0.35512499744072556,0
449,9.91574483300792,0.5380419897846878,0
450,9.928119874966796,0.35975000355392694,0
451,9.940204416983761,0.22499996703118086,0
452,9.95208462496521,0.22491702111437917,0
453,9.963272958004382,0.13000000035390258,0
454,9.97460862499429,0.3370419726707041,0
455,9.985841707966756,7.217375037726015,0
456,10.004766875004862,0.22908300161361694,0
457,10.015228083007969,0.24804199347272515,0
458,10.028028375003487,0.2288329997099936,0
459,10.0408156249905,0.2709169639274478,0
460,10.052137499966193,3.1499580363743007,0
461,10.067680042004213,0.3694999613799155,0
462,10.080608166987076,0.1314579858444631,0
463,10.092043999989983,0.35679200664162636,0
464,10.104965667007491,0.269249954726547,0
465,10.116562749957666,0.2145830076187849,0
466,10.127146249986254,0.16187498113140464,0
467,10.13984670798527,0.19945896929129958,0
468,10.152482124976814,0.24170801043510437,0
469,10.165277916996274,0.32887497218325734,0
470,10.177754917007405,0.18983299378305674,0
471,10.188032375008333,0.18633296713232994,0
472,10.200756874983199,0.16620801761746407,0
473,10.213466832996346,0.19829196389764547,0
474,10.223895167000592,0.21079095313325524,0
475,10.236105749965645,0.5242080078460276,0
476,10.246924791950732,0.27125002816319466,0
477,10.259758458007127,0.302916974760592,0
478,10.272627333004493,0.35608396865427494,0
479,10.28320641699247,0.18787500448524952,0
480,10.295936791982967,0.17079099779948592,0
481,10.308645666984376,0.16379100270569324,0
482,10.321342332987115,0.17770897829905152,0
483,10.333502916968428,0.20616600522771478,0
484,10.346258541976567,0.4273329977877438,0
485,10.359241208003368,0.19795895786955953,0
486,10.371978291950654,0.16950001008808613,0
487,10.384680416958872,0.16779103316366673,0
488,10.39737999998033,0.1627919846214354,0
489,10.410070416983217,0.1559159718453884,0
490,10.422764124989044,0.1597919617779553,0
491,10.435458624968305,0.19770802464336157,0
492,10.44819354196079,0.3050410305149853,0
493,10.461035999993328,0.3779999678954482,0
494,10.473962666990701,0.3910000086762011,0
495,10.486909999977797,0.21479197312146425,0
496,10.49967333296081,0.3754590288735926,0
497,10.512609291996341,0.29633298981934786,0
498,10.525452375004534,0.2287919633090496,0
499,10.53822195797693,0.2375420299358666,0
500,10.54949237499386,0.21991698304191232,0
501,10.562273082963657,0.20212499657645822,0
502,10.572513541963417,0.19279099069535732,0
503,10.584227332961746,0.23479200899600983,0
504,10.594531416951213,0.2043750137090683,0
505,10.607279207964893,0.19458401948213577,0
506,10.620009417005349,0.18945796182379127,0
507,10.632732041995041,0.18945796182379127,0
508,10.644533916958608,0.2187080099247396,0
509,10.657289666996803,0.2121249563060701,0
510,10.670044082973618,0.20125001901760697,0
511,10.682309666997753,0.20849995780736208,0
512,10.693072166992351,0.4767909995280206,0
513,10.705992791976314,0.37224998231977224,0
514,10.717796374985483,0.3105420037172735,0
515,10.730653374979738,0.325749977491796,0
516,10.741144125000574,0.3357079694978893,0
517,10.75243795796996,0.3274999908171594,0
518,10.765311707975343,0.324334017932415,0
519,10.778180249966681,0.3670420264825225,0
520,10.791103041963652,0.30862499261274934,0
521,10.803965082974173,0.2013749908655882,0
522,10.816698791983072,0.1635410008020699,0
523,10.829387499950826,0.15000003622844815,0
524,10.842058082984295,0.14770898269489408,0
525,10.852542874985375,0.16916700406000018,0
526,10.86524620797718,0.1609169994480908,0
527,10.877929832960945,0.16054202569648623,0
528,10.890632333001122,0.23141695419326425,0
529,10.90337091695983,,1
530,11.01709870796185,,1
531,11.130825374973938,,1
532,11.244572833005805,,1
533,11.356180000002496,,1
534,11.469960207992699,,1
535,11.582561416958924,0.4200830007903278,0
536,11.595553582999855,0.298958970233798,0
537,11.608432124950923,0.24254200980067253,0
538,11.62122366699623,0.21999998716637492,0
539,11.634010707959533,0.20233402028679848,0
540,11.646747833001427,0.21058396669104695,0
541,11.658024167001713,0.21208298858255148,0
542,11.670617499970831,0.19979203352704644,0
543,11.681235541997012,0.19299995619803667,0
544,11.693955999973696,0.21662499057129025,0
545,11.706708582991268,0.21541700698435307,0
546,11.718405583000276,0.21604198263958097,0
547,11.731156624970026,0.20404200768098235,0
548,11.743898416985758,0.2009579911828041,0
549,11.756638666964136,0.23341603809967637,0
550,11.76833958295174,0.1937500201165676,0
551,11.779926332994364,0.198333989828825,0
552,11.792659499973524,0.218625005800277,0
553,11.805413750000298,0.1907919649966061,0
554,11.81814749998739,0.181332987267524,0
555,11.830872541991994,0.2145830076187849,0
556,11.84257112495834,0.18387503223493695,0
557,11.855304291995708,0.19691599300131202,0
558,11.868048874952365,0.3802500432357192,0
559,11.880972582963295,0.28604199178516865,0
560,11.893805207975674,0.23075001081451774,0
561,11.906585624965373,0.23750000400468707,0
562,11.919180999975652,0.22537499899044633,0
563,11.93194424995454,0.2174580004066229,0
564,11.944701250002254,0.2098329714499414,0
565,11.957445249950979,0.2281250199303031,0
566,11.970206249970943,0.20225002663210034,0
567,11.980652833008207,0.25166699197143316,0
568,11.993447624961846,0.4047080292366445,0
569,12.006395916978363,0.2758749760687351,0
570,12.017932416987605,0.23195799440145493,0
571,12.030710291990545,0.24695799220353365,0
572,12.042583707952872,0.21004205336794257,0
573,12.05427508300636,0.2352919545955956,0
574,12.067050832964014,0.2656250144354999,0
575,12.077445541974157,0.5494580254890025,0
576,12.090566832979675,0.45016699004918337,0
577,12.10357966698939,0.33075001556426287,0
578,12.116463124984875,0.30154199339449406,0
579,12.129309624957386,0.2656250144354999,0
580,12.139830166997854,0.2925829612649977,0
581,12.152657500002533,0.24516700068488717,0
582,12.165442375000566,0.2734579611569643,0
583,12.178258374973666,0.24379201931878924,0
584,12.18981754197739,0.2602909808047116,0
585,12.202614582958631,0.2617920399643481,0
586,12.215315874957014,0.269667012616992,0
587,12.228007791971322,0.26787503156811,0
588,12.240387332974933,0.25754200760275126,0
589,12.253172041964717,0.2419580123387277,0
590,12.265953957976308,0.24149997625499964,0
591,12.27873591700336,,1
592,12.392439207993448,,1
593,12.5061761669931,,1
594,12.619961124961264,0.4039170453324914,0
595,12.632958832953591,0.2934590447694063,0
596,12.645796832977794,0.25287497555837035,0
597,12.656472167000175,0.23387500550597906,0
598,12.669242707954254,0.2507500466890633,0
599,12.68169279198628,0.23249996593222022,0
600,12.694470957969315,0.35779201425611973,0
601,12.707409499969799,0.282666995190084,0
602,12.720239332993515,0.264959002379328,0
603,12.733107874984853,0.24500000290572643,0
604,12.744502541958354,0.262040994130075,0
605,12.755104042007588,0.3433749661780894,0
606,12.768003374978434,0.32658298732712865,0
607,12.780870666960254,0.2607500064186752,0
608,12.793673707987182,0.30212500132620335,0
609,12.80652529199142,0.31958299223333597,0
610,12.819384582981002,0.280833977740258,0
611,12.832209624990355,0.2828749711625278,0
612,12.845034833007958,0.26333396090194583,0
613,12.857839083008002,0.2138339914381504,0
614,12.868962541979272,0.2563329762779176,0
615,12.881767916958779,0.2770409919321537,0
616,12.89457629196113,0.2245830255560577,0
617,12.906100082967896,0.21620903862640262,0
618,12.917456916999072,0.2460829564370215,0
619,12.929206083004829,0.18216698663309216,0
620,12.940755416988395,0.20179100101813674,0
621,12.95175924996147,0.19770802464336157,0
622,12.964480332972016,0.16904203221201897,0
623,12.977169207995757,0.14166696928441525,0
624,12.989830125006847,0.14670798555016518,0
625,13.002494832966477,0.1419170293956995,0
626,13.0151543749962,0.14879199443385005,0
627,13.027821582974866,0.13929198030382395,0
628,13.04053366696462,0.2716660383157432,0
629,13.051465875003487,0.19570795120671391,0
630,13.061991916969419,0.13066601241007447,0
631,13.074427082960028,0.14716701116412878,0
632,13.086050457961392,0.1948749995790422,0
633,13.098573124967515,0.29916700441390276,0
634,13.111428707954474,0.22766704205423594,0
635,13.124203291954473,0.1919580390676856,0
636,13.136927249957807,0.17675000708550215,0
637,13.149659041955601,0.1984580303542316,0
638,13.162095082981978,,1
639,13.275746041967068,0.39258302422240376,0
640,13.288698207994457,0.381499994546175,0
641,13.300924249982927,0.310208008158952,0
642,13.312443166971207,0.4130000015720725,0
643,13.325436582963448,0.5137500120326877,0
644,13.338520249992143,0.40616700425744057,0
645,13.350328875007108,0.36916695535182953,0
646,13.363252082956024,0.4913340089842677,0
647,13.376400124980137,0.5145000177435577,0
648,13.389469957968686,0.36862498382106423,0
649,13.402402542007621,0.2989999484270811,0
650,13.41525887500029,0.29616698157042265,0
651,13.428101792000234,0.27845799922943115,0
652,13.440150207956322,0.2405419945716858,0
653,13.451757417002227,0.29341597110033035,0
654,13.464592791977338,0.2717080060392618,0
655,13.477403291966766,0.2773749874904752,0
656,13.490221916988958,0.29816600726917386,0
657,13.503062208008487,0.2697089803405106,0
658,13.51694324996788,0.3071670071221888,0
659,13.529795999987982,0.26404199888929725,0
660,13.542262666975148,0.281625019852072,0
661,13.55508641700726,0.3013749956153333,0
662,13.567928957985714,0.3087919903919101,0
663,13.579505416972097,0.29200001154094934,0
664,13.592343666998204,0.28270797338336706,0
665,13.605169916991144,0.31491596018895507,0
666,13.618030707992148,0.2613749820739031,0
667,13.630861957964953,0.24620903423056006,0
668,13.642575457983185,0.2615000121295452,0
669,13.653150041995104,0.26716600405052304,0
670,13.665966624976136,0.2810829901136458,0
671,13.67878054198809,0.25704101426526904,0
672,13.691589416994248,0.3779580001719296,0
673,13.70452537498204,0.4379579913802445,0
674,13.71753116697073,0.49479102017357945,0
675,13.730400791973807,0.4282500012777746,0
676,13.742363624973223,0.37754199001938105,0
677,13.75361991696991,0.35866600228473544,0
678,13.765226582996547,0.41266699554398656,0
679,13.77821966697229,0.29983301647007465,0
680,13.791056957968976,0.2886669826693833,0
681,13.803907249995973,0.2608330105431378,0
682,13.81670895795105,0.2910420298576355,0
683,13.827686375007033,0.3595419693738222,0
684,13.840597832982894,0.3260420053265989,0
685,13.853467499953695,0.36025000736117363,0
686,13.866363832959905,0.39787503192201257,0
687,13.879308707953896,0.36750000435858965,0
688,13.892225749965291,0.35083299735561013,0
689,13.905149333004374,0.31524995574727654,0
690,13.918006082996726,0.2769999555312097,0
691,13.930825166986324,0.27729099383577704,0
692,13.942570249957498,0.2981669967994094,0
693,13.955405291984789,0.29449997236952186,0
694,13.96825037500821,0.300041981972754,0
695,13.98108845797833,0.27641700580716133,0
696,13.993902666959912,0.24141604080796242,0
697,14.00668783299625,0.276167003903538,0
698,14.019529124954715,0.2251670230180025,0
699,14.031071832985617,0.2981669967994094,0
700,14.043910791981034,0.24562497856095433,0
701,14.055511041951831,0.2525830059312284,0
702,14.068143749958836,0.30033302027732134,0
703,14.081006124964915,0.3042920143343508,0
704,14.093854832986835,0.2656250144354999,0
705,14.105870666971896,0.2359580248594284,0
706,14.11863658297807,0.24454202502965927,0
707,14.131412291957531,0.21420803386718035,0
708,14.143976291990839,0.24933298118412495,0
709,14.156761082995217,0.24754198966547847,0
710,14.169542957970407,0.2797500346787274,0
711,14.182357916957699,0.252666010055691,0
712,14.19514733296819,,1
713,14.308817791985348,,1
714,14.42220108298352,,1
715,14.535985791997518,,1
716,14.649768124974798,,1
717,14.763601124985144,,1
718,14.877422499994282,,1
719,14.990909207961522,,1
720,15.104667374980636,,1
721,15.216273041965906,,1
722,15.32991916697938,0.39083301089704037,0
723,15.341244207986165,0.24974998086690903,0
724,15.354043875006028,0.2068749745376408,0
725,15.366787707956973,0.21770905004814267,0
726,15.37954674998764,0.197957968339324,0
727,15.392288375005592,0.18120795721188188,0
728,15.405003499996383,0.17541699344292283,0
729,15.417712624999695,0.1658329856581986,0
730,15.430418707954232,0.16925000818446279,0
731,15.443120999960229,0.16308302292600274,0
732,15.455814707966056,0.16500003403052688,0
733,15.468515416956507,0.1967080170288682,0
734,15.481249541975558,0.1991660101339221,0
735,15.492448167002294,0.3884999896399677,0
736,15.505446499970276,0.26054203044623137,0
737,15.518248124979436,0.210291997063905,0
738,15.530163916992024,0.22166600683704019,0
739,15.542925749963615,0.20687503274530172,0
740,15.555674417002592,0.20004098769277334,0
741,15.5684113749885,0.22137496853247285,0
742,15.578679249971174,0.19629200687631965,0
743,15.591225042007864,0.12574996799230576,0
744,15.603880582959391,0.20495901117101312,0
745,15.616642916982528,0.1837909803725779,0
746,15.628651416976936,0.19162497483193874,0
747,15.641374707978684,0.19270897610113025,0
748,15.654102000000421,0.17679197480902076,0
749,15.666833041992504,0.18112501129508018,0
750,15.679576916969381,0.19954098388552666,0
751,15.689896875002887,0.2128329942934215,0
752,15.700738207960967,0.27658400358632207,0
753,15.713552791974507,0.19412499386817217,0
754,15.726295957982074,0.19320897990837693,0
755,15.738945082994178,0.22941699717193842,0
756,15.751713917008601,0.20487495930865407,0
757,15.765138582966756,0.19091699505224824,0
758,15.777864417003002,0.19895797595381737,0
759,15.790605041955132,0.19820802845060825,0
760,15.80333308299305,0.16829196829348803,0
761,15.816033624985721,0.17745798686519265,0
762,15.827677875000518,0.19616697682067752,0
763,15.840434082958382,0.19729201449081302,0
764,15.853180999984033,0.2721250057220459,0
765,15.865999625006225,0.20083296112716198,0
766,15.87866866699187,0.19779097056016326,0
767,15.889859582995996,0.19816699204966426,0
768,15.902590124984272,0.18854200607165694,0
769,15.91309879196342,0.17362501239404082,0
770,15.925802916986868,0.1782500185072422,0
771,15.938515832996927,0.1923340023495257,0
772,15.951271458005067,0.2025839639827609,0
773,15.964035957993474,0.2119590062648058,0
774,15.976789416978136,0.2663329942151904,0
775,15.987891541968565,0.23783301003277302,0
776,16.000666000007186,0.2096669632010162,0
777,16.01340887497645,0.19204197451472282,0
778,16.026137957989704,0.2530000056140125,0
779,16.03896137495758,0.22020802134647965,0
780,16.05174566700589,0.19829097436740994,0
781,16.064474041981157,0.1836660085245967,0
782,16.077194416953716,0.19654101924970746,0
783,16.089925416978076,0.20474998746067286,0
784,16.100521916989237,0.2056660014204681,0
785,16.113280916993972,0.21525000920519233,0
786,16.126032041967846,0.1950410078279674,0
787,16.13796274998458,0.20650000078603625,0
788,16.15070687496336,0.29962504049763083,0
789,16.162704499962274,0.29087503207847476,0
790,16.175549207953736,0.25812501553446054,0
791,16.186754791997373,0.2419579541310668,0
792,16.19953099999111,0.21945801563560963,0
793,16.212289082992356,0.2181250019930303,0
794,16.225044124992564,0.2068749745376408,0
795,16.237806166987866,0.22133300080895424,0
796,16.249740707979072,0.25970902061089873,0
797,16.26253499998711,0.20187499467283487,0
798,16.272986333002336,0.18929195357486606,0
799,16.28459329198813,0.21033297525718808,0
800,16.29621349996887,0.19545800751075149,0
801,16.307820041954983,0.19345805048942566,0
802,16.318228457996156,0.1990419696085155,0
803,16.330970874987543,0.18387497402727604,0
804,16.34125816699816,0.20212499657645822,0
805,16.351922374975402,0.18304202239960432,0
806,16.36467062495649,0.2400830271653831,0
807,16.377478624985088,0.24383299751207232,0
808,16.3902711669798,0.19537500338628888,0
809,16.403007332992274,0.19054196309298277,0
810,16.414831957954448,0.18541701138019562,0
811,16.425741291954182,0.1962080132216215,0
812,16.438469374959823,0.17929199384525418,0
813,16.45118029200239,0.17812498845160007,0
814,16.46388895798009,0.17366698011755943,0
815,16.476591541955713,0.1754160039126873,0
816,16.489297624968458,0.20900001982226968,0
817,16.502038125006948,0.18699996871873736,0
818,16.514760082995053,0.19641697872430086,0
819,16.525700917001814,0.2104159793816507,0
820,16.538470832980238,0.20633399253711104,0
821,16.551239374966826,0.20150002092123032,0
822,16.563977582962252,0.21520903101190925,0
823,16.576729832973797,0.23970898473635316,0
824,16.589509999961592,,1
825,16.702609749976546,0.5117499968037009,0
826,16.715721582993865,0.3677919739857316,0
827,16.728632707963698,0.3355839871801436,0
828,16.741538917005528,0.43479097075760365,0
829,16.75290533300722,0.5288339452818036,0
830,16.7660124169779,0.2229579840786755,0
831,16.778780457971152,0.266792019829154,0
832,16.79002654197393,0.19325001630932093,0
833,16.802762000006624,0.18049997743219137,0
834,16.815486082981806,0.17079198732972145,0
835,16.828188624989707,0.17750001279637218,0
836,16.840902625001036,0.18745800480246544,0
837,16.8536218329682,0.16433402197435498,0
838,16.86632249999093,,1
839,16.9800665419898,,1
840,17.093853749975096,,1
841,17.2075925419922,0.3215830074623227,0
842,17.22044637496583,0.16500003403052688,0
843,17.233136541966815,0.15258300118148327,0
844,17.245809707965236,0.14837499475106597,0
845,17.2584747079527,0.1508340355940163,0
846,17.27116050000768,0.20579196279868484,0
847,17.281439874961507,0.1722919987514615,0
848,17.29415033297846,0.15641702339053154,0
849,17.306835249997675,0.22654200438410044,0
850,17.31962579197716,0.5686249933205545,0
851,17.332777542003896,0.4261659923940897,0
852,17.34425724996254,0.46870799269527197,0
853,17.357308457954787,0.4304590402171016,0
854,17.37032604200067,0.3400410059839487,0
855,17.380966416967567,0.35741599276661873,0
856,17.393877999973483,0.33587502548471093,0
857,17.40501145797316,0.31341699650511146,0
858,17.417907374969218,0.30516699189320207,0
859,17.430165332974866,0.8029590244404972,0
860,17.44265020795865,0.5420420202426612,0
861,17.45579049998196,0.3939999733120203,0
862,17.468537000007927,0.2579579595476389,0
863,17.481378707976546,0.19370898371562362,0
864,17.49412070796825,,1
865,17.606160791998263,,1
866,17.719020291988272,,1
867,17.83283837500494,,1
868,17.944732582953293,,1
869,18.05610099999467,,1
870,18.16986562497914,,1
871,18.282987541984767,,1
872,18.39686008298304,,1
873,18.51068970799679,,1
874,18.622670082957484,,1
875,18.734317958005704,0.5348749691620469,0
876,18.745921624999028,0.34554197918623686,0
877,18.75754787499318,0.2501669805496931,0
878,18.769161792006344,0.21712499437853694,0
879,18.781916000007186,0.274707970675081,0
880,18.794731625006534,0.22366695338860154,0
881,18.80749770795228,0.2137090195901692,0
882,18.82026195799699,0.23812497965991497,0
883,18.832887874974404,0.2969169872812927,0
884,18.845721999998204,0.21824997384101152,0
885,18.85847587499302,0.22983300732448697,0
886,18.871241416956764,0.23387500550597906,0
887,18.884015374991577,0.25887496303766966,0
888,18.895382749964483,0.2537080436013639,0
889,18.905929624976125,0.2610000083222985,0
890,18.918730832985602,0.2543340087868273,0
891,18.931515374977607,0.22541702492162585,0
892,18.944284124998376,0.2555829705670476,0
893,18.957077500002924,0.24287495762109756,0
894,18.969860999961384,0.23316702572628856,0
895,18.98263991699787,0.259124964941293,0
896,18.99545924999984,0.23170799249783158,0
897,19.008225333003793,0.2085419837385416,0
898,19.0209675829974,0.20104198483750224,0
899,19.033736166951712,0.2098330296576023,0
900,19.046506457962096,0.21425000159069896,0
901,19.05925229197601,0.22166600683704019,0
902,19.07098291697912,0.22495799930766225,0
903,19.083743249997497,0.19299995619803667,0
904,19.096495207981206,0.2275420119985938,0
905,19.108334166987333,0.25220797397196293,0
906,19.121153332991526,0.20654196850955486,0
907,19.133927249989938,0.19845797214657068,0
908,19.146659791993443,0.24208298418670893,0
909,19.159434625005815,0.2976669929921627,0
910,19.172299958008807,0.2642919425852597,0
911,19.18510087497998,0.2387919812463224,0
912,19.197891582967713,0.24679198395460844,0
913,19.210358874988742,0.23754197172820568,0
914,19.223138624976855,0.2202920150011778,0
915,19.23355070798425,0.201958988327533,0
916,19.246286374982446,0.19637501100078225,0
917,19.256751082953997,0.1901250216178596,0
918,19.269140374963172,0.1978750224225223,0
919,19.281871457991656,0.204833981115371,0
920,19.294611291959882,0.19333302043378353,0
921,19.30660520796664,0.2204999909736216,0
922,19.319365624978673,0.23962499108165503,0
923,19.332152624963783,0.25883299531415105,0
924,19.344109583005775,0.14520896365866065,0
925,19.35678845795337,0.2317500184290111,0
926,19.369550207979046,0.16045902157202363,0
927,19.38222999998834,0.1342499745078385,0
928,19.394881541957147,0.14466600259765983,0
929,19.407548957969993,0.1461250358261168,0
930,19.4202169579803,0.15012500807642937,0
931,19.432916832971387,0.21399999968707561,0
932,19.445684832986444,,1
933,19.559393125004135,,1
934,19.67316220799694,,1
935,19.785990957985632,0.4282500012777746,0
936,19.798981082974933,0.22133399033918977,0
937,19.811741332989186,0.18558400915935636,0
938,19.824460582982283,0.18154201097786427,0
939,19.835073666996323,0.19904098007827997,0
940,19.84784387500258,0.18158298917114735,0
941,19.860556542000268,0.16845797654241323,0
942,19.87325708300341,0.17145898891612887,0
943,19.885987832967658,0.16774999676272273,0
944,19.898717874952126,0.19045802764594555,0
945,19.911481832969002,0.2126669860444963,0
946,19.923535707988776,0.19141699885949492,0
947,19.935903167002834,0.17645797925069928,0
948,19.947548916970845,0.17495802603662014,0
949,19.960260791995097,0.1772079849615693,0
950,19.972972332965583,0.17316703451797366,0
951,19.985675124975387,0.1942919916473329,0
952,19.998427249956876,0.18858304247260094,0
953,20.01116708299378,0.16925000818446279,0
954,20.02387254196219,0.179541006218642,0
955,20.036584457964636,0.16724999295547605,0
956,20.049285291985143,0.18074997933581471,0
957,20.06199508300051,0.18129195086658,0
958,20.07470541697694,0.1705830218270421,0
959,20.087405791971833,0.16237498493865132,0
960,20.098486457951367,0.19445904763415456,0
961,20.11008774995571,0.21308299619704485,0
962,20.121720124967396,0.17850002041086555,0
963,20.13442983297864,0.17508398741483688,0
964,20.1449450829532,0.1823750208131969,0
965,20.157661042001564,0.174832995980978,0
966,20.16813095798716,0.17833401216194034,0
967,20.180843082955107,0.19045901717618108,0
968,20.193571332958527,0.19266700837761164,0
969,20.20630079199327,0.18170796101912856,0
970,20.21901624999009,0.18141698092222214,0
971,20.2306492079515,0.19820901798084378,0
972,20.24339316698024,0.3070830134674907,0
973,20.2557617079583,0.30616699950769544,0
974,20.26861749996897,0.35570800537243485,0
975,20.279531624983065,0.3301670076325536,0
976,20.292415457952302,0.26166700990870595,0
977,20.303288041963242,0.1949580037035048,0
978,20.316015291959047,0.19983301172032952,0
979,20.32697024999652,0.2621249877847731,0
980,20.339363999955822,,1
981,20.453065249952488,,1
982,20.56660387496231,,1
983,20.680353999952786,,1
984,20.793300249963067,,1
985,20.905406207952183,,1
986,21.019242249953095,,1
987,21.13303891697433,,1
988,21.24685579200741,,1
989,21.360734541958664,,1
990,21.474145957967266,,1
991,21.588249582971912,,1
992,21.702042916964274,,1
993,21.81583362497622,,1
994,21.929611457977444,0.33116701524704695,0
995,21.94247358298162,0.16045902157202363,0
996,21.95515233295737,0.16125000547617674,0
997,21.967834541981574,0.13716600369662046,0
998,21.98052112496225,0.27125002816319466,0
999,21.992036999959964,0.1586250145919621,0
1000,22.00276429200312,0.2508749603293836,0
1001,22.014127582951915,0.2202920150011778,0
1002,22.026893832953647,0.20829204004257917,0
1003,22.039641207957175,0.17954199574887753,0
1004,22.052367999975104,0.1824169885367155,0
1005,22.062891541980207,,1
1006,22.174355916969944,,1
1007,22.288119624950923,,1
1008,22.401966125005856,,1
1009,22.514487582957372,,1
1010,22.62835862499196,,1
1011,22.739976082986686,,1
1012,22.85208366700681,0.5314159789122641,0
1013,22.86518274998525,0.24616700829938054,0
1014,22.877988457970787,0.21600001491606236,0
1015,22.89067641698057,0.19354099640622735,0
1016,22.903410666971467,0.18583302153274417,0
1017,22.913891166972462,0.32658298732712865,0
1018,22.92676995799411,0.3655419568531215,0
1019,22.939689666964114,0.2869160380214453,0
1020,22.95252791699022,0.4049160052090883,0
1021,22.9654889999656,0.3125420189462602,0
1022,22.978348166972864,0.24354102788493037,0
1023,22.98937174997991,0.23200002033263445,0
1024,23.002138749987353,0.25629199808463454,0
1025,23.01493137498619,0.26008300483226776,0
1026,23.027733499999158,0.2114999806508422,0
1027,23.040477707982063,0.1982920221053064,0
1028,23.053216166968923,0.20816602045670152,0
1029,23.065954666992184,0.19666599109768867,0
1030,23.078680374950636,0.1960420049726963,0
1031,23.09140179195674,0.18875004025176167,0
1032,23.104149499966297,0.20166701870039105,0
1033,23.11692529200809,0.2561250003054738,0
1034,23.128670207981486,0.24824996944516897,0
1035,23.141459207981825,0.37991697899997234,0
1036,23.153252249991056,0.3035829868167639,0
1037,23.16610941698309,0.26608299231156707,0
1038,23.1789150419645,0.25587499840185046,0
1039,23.191738832974806,0.25762501172721386,0
1040,23.20453925000038,0.2859579981304705,0
1041,23.215756791993044,0.253707985393703,0
1042,23.228546166967135,0.25700003607198596,0
1043,23.241341249959078,0.210333033464849,0
1044,23.254105957981665,0.21508400095626712,0
1045,23.26685562497005,0.19458302995190024,0
1046,23.279599541972857,0.21079101134091616,0
1047,23.292342124972492,0.19329198403283954,0
1048,23.305078624980524,0.2014170167967677,0
1049,23.317825916979928,0.21720799850299954,0
1050,23.330582916969433,0.22074999287724495,0
1051,23.34269762499025,0.2334999735467136,0
1052,23.355463124986272,0.1967499847523868,0
1053,23.36819058295805,0.18854200607165694,0
1054,23.380911874992307,0.1907919649966061,0
1055,23.39366295799846,0.19037496531382203,0
1056,23.40482183295535,0.7617500377818942,0
1057,23.418153832957614,0.37275004433467984,0
1058,23.431074582971632,0.2767090336419642,0
1059,23.443893416959327,0.2366660046391189,0
1060,23.45666370796971,0.21008402109146118,0
1061,23.469407750002574,0.22608297877013683,0
1062,23.48064370796783,0.29087503207847476,0
1063,23.49347670795396,0.2317500184290111,0
1064,23.506249208003283,0.23945898283272982,0
1065,23.519031292002182,0.24779100203886628,0
1066,23.53184249997139,0.2489170292392373,0
1067,23.54258274997119,0.25204202393069863,0
1068,23.555371124995872,0.23854197934269905,0
1069,23.568150332954247,0.23208401398733258,0
1070,23.57954999996582,0.24995801504701376,0
1071,23.591245332965627,0.23383402731269598,0
1072,23.60402841697214,0.33549999352544546,0
1073,23.616899124986958,0.19008299568668008,0
1074,23.629617250000592,0.1937499619089067,0
1075,23.6423372499994,0.23095798678696156,0
1076,23.65510037500644,0.1414169673807919,0
1077,23.66776179196313,0.14779099728912115,0
1078,23.67819329199847,0.1676249667070806,0
1079,23.690917957981583,0.34791702637448907,0
1080,23.703829082951415,0.17366703832522035,0
1081,23.715674624952953,0.2999580465257168,0
1082,23.72650266700657,0.5786249530501664,0
1083,23.738255916978233,0.4015000304207206,0
1084,23.751237916992977,0.2377500059083104,0
1085,23.76402604195755,0.17574999947100878,0
1086,23.776735582971014,0.1942919916473329,0
1087,23.789476417005062,0.20254094852134585,0
1088,23.800553207984194,0.18029200145974755,0
1089,23.81329070799984,0.2156670088879764,0
1090,23.825278916978277,0.1818329910747707,0
1091,23.83797691698419,0.18404098227620125,0
1092,23.850720541959163,0.1866249949671328,0
1093,23.86344162496971,0.15899998834356666,0
1094,23.876145332993474,0.18504197942093015,0
1095,23.888901166967116,0.1854579895734787,0
1096,23.901623582991306,0.16966700786724687,0
1097,23.914338124974165,0.1794580020941794,0
1098,23.927054542000405,,1
1099,24.040730291977525,,1
1100,24.154275791952386,0.42933301301673055,0
1101,24.16728349996265,0.28066703816875815,0
1102,24.179383582959417,0.22112502483651042,0
1103,24.19214070797898,0.20058400696143508,0
1104,24.20487733295886,0.21508400095626712,0
1105,24.217628707992844,0.1978339860215783,0
1106,24.229534541955218,0.20633300300687551,0
1107,24.242279166996013,0.20274997223168612,0
1108,24.255013957968913,0.20129198674112558,0
1109,24.267771332990378,0.19154197070747614,0
1110,24.280519791995175,0.19187497673556209,0
1111,24.293263542000204,0.184957985766232,0
1112,24.306014792004135,0.19279099069535732,0
1113,24.318694707995746,0.18804200226441026,0
1114,24.331428332952783,0.2536670072004199,0
1115,24.344219207996503,0.2042920095846057,0
1116,24.356955666968133,,1
1117,24.46963466698071,,1
1118,24.58334258297691,,1
1119,24.69704349996755,,1
1120,24.8108138749958,,1
1121,24.922383499972057,,1
1122,25.036151249951217,,1
1123,25.149870291992556,,1
1124,25.262458749988582,,1
1125,25.37623795797117,,1
1126,25.49005095800385,,1
1127,25.60305683297338,0.5169170326553285,0
1128,25.61617437499808,0.24641701020300388,0
1129,25.62900149996858,0.19150000298395753,0
1130,25.6417631249642,0.18375000217929482,0
1131,25.654480666969903,0.17604103777557611,0
1132,25.66719149996061,0.15941704623401165,0
1133,25.679881707997993,0.16212498303502798,0
1134,25.69134879199555,0.16641599358990788,0
1135,25.704050667001866,0.1635410008020699,0
1136,25.716749291983433,0.1646659802645445,0
1137,25.72888683300698,0.1977919600903988,0
1138,25.741623541980516,0.1705000177025795,0
1139,25.755253041977994,0.22970797726884484,0
1140,25.76803083298728,0.15024997992441058,0
1141,25.780703582975548,0.14120899140834808,0
1142,25.793362832977436,0.12637500185519457,0
1143,25.806008707964793,0.13858400052413344,0
1144,25.81866283295676,0.14908402226865292,0
1145,25.831330082961358,0.14037499204277992,0
1146,25.843990582972765,0.14583399752154946,0
1147,25.85667458298849,0.21845899755135179,0
1148,25.868079207953997,0.291000003926456,0
1149,25.880927332967985,0.15537498984485865,0
1150,25.891694999998435,0.13183295959606767,0
1151,25.90435633296147,0.1775420387275517,0
1152,25.91531837498769,0.18924998585134745,0
1153,25.928046249959152,0.17612503143027425,0
1154,25.94075874995906,0.17387501429766417,0
1155,25.95347116695484,0.1818750170059502,0
1156,25.966186707955785,0.18145900685340166,0
1157,25.978917166998144,0.17629098147153854,0
1158,25.990564957959577,0.17658399883657694,0
1159,26.003299707954284,0.1895000459626317,0
1160,26.016031457984354,0.2198750153183937,0
1161,26.02881495800102,0.1883749500848353,0
1162,26.041558375000022,0.17454195767641068,0
1163,26.05428350000875,0.17066695727407932,0
1164,26.066990499966778,0.18149998504668474,0
1165,26.07763387495652,0.17200002912431955,0
1166,26.089223541959655,0.16437500016763806,0
1167,26.10085154196713,0.17125002341344953,0
1168,26.113557417003904,0.1937909983098507,0
1169,26.12404774996685,0.17262500477954745,0
1170,26.136753208003938,0.18204195657745004,0
1171,26.14727245795075,0.18716702470555902,0
1172,26.15999783296138,0.16799999866634607,0
1173,26.17051312496187,0.17004203982651234,0
1174,26.183212791976985,0.16270799096673727,0
1175,26.195924457977526,0.17562502762302756,0
1176,26.208663249970414,0.17137499526143074,0
1177,26.221394124964718,0.22845802595838904,0
1178,26.234198957972694,0.19699998665601015,0
1179,26.24693170795217,0.18400000408291817,0
1180,26.25759424996795,0.19520800560712814,0
1181,26.26913574995706,0.17529202159494162,0
1182,26.281845499994233,0.18679199274629354,0
1183,26.29456199996639,0.15591701958328485,0
1184,26.30725683295168,0.27837505331262946,0
1185,26.320085957995616,0.3190420102328062,0
1186,26.332959416962694,0.19712501671165228,0
1187,26.345696792006493,0.21537498105317354,0
1188,26.35666891699657,0.23345800582319498,0
1189,26.369450416998006,0.31462498009204865,0
1190,26.3823143329937,0.38158398820087314,0
1191,26.39526483300142,0.40187500417232513,0
1192,26.408241124998312,0.31574995955452323,0
1193,26.420229832991026,0.3510419628582895,0
1194,26.43140499998117,0.35854201996698976,0
1195,26.44323712500045,0.2928749890998006,0
1196,26.454942457959987,0.32216700492426753,0
1197,26.466686041967478,0.35754102282226086,0
1198,26.479608832974918,0.3748339950107038,0
1199,26.49255208298564,0.25937496684491634,0
1200,26.505368582962546,0.3408340271562338,0
1201,26.518267582985573,0.26000000070780516,0
1202,26.529979999992065,0.3534170100465417,0
1203,26.541468249983154,0.40791701758280396,0
1204,26.554434291960206,0.40379102574661374,0
1205,26.56514741695719,0.33916602842509747,0
1206,26.57803920796141,0.4502090159803629,0
1207,26.59104649996152,0.4015000304207206,0
1208,26.601496166957077,0.28450001263991,0
1209,26.612315292004496,0.7764579495415092,0
1210,26.623436708003283,0.7062089862301946,0
1211,26.63547312497394,0.4535000189207494,0
1212,26.648520832997747,0.4284589667804539,0
1213,26.66155587497633,0.5864999839104712,0
1214,26.6730593329994,0.508833967614919,0
1215,26.686301082954742,0.7900420459918678,0
1216,26.698599291965365,0.4307079943828285,0
1217,26.71163149998756,0.3537079901434481,0
1218,26.722396833007224,0.23908395087346435,0
1219,26.734193249954842,0.24333305191248655,0
1220,26.746067875006702,0.35808299435302615,0
1221,26.75678670796333,0.2853749901987612,0
1222,26.76962629199261,0.33679098123684525,0
1223,26.78250841697445,0.20058301743119955,0
1224,26.793999999994412,0.80820795847103,0
1225,26.80737766699167,0.42624998604878783,0
1226,26.81801320798695,0.4070419818162918,0
1227,26.831019666977227,0.4075000179000199,0
1228,26.841623624961358,0.37987501127645373,0
1229,26.854596249992028,0.7800000021234155,0
1230,26.866761332959868,0.4092089948244393,0
1231,26.878708541975357,0.4219579859636724,0
1232,26.89049908297602,0.36683399230241776,0
1233,26.902550207974855,0.7645839941687882,0
1234,26.916229416965507,0.40025002090260386,0
1235,26.9281312499661,0.331917020957917,0
1236,26.941013125004247,0.3554999711923301,0
1237,26.953927082999144,,1
1238,27.06777029199293,,1
1239,27.18056191696087,,1
1240,27.293623416975606,,1
1241,27.407365457969718,,1
1242,27.52124858298339,,1
1243,27.634363124961965,,1
1244,27.748238041996956,,1
1245,27.862110499991104,,1
1246,27.975811791955493,,1
1247,28.089645624975674,0.557082996238023,0
1248,28.10278545797337,0.32708398066461086,0
1249,28.115656042005867,0.2849159645847976,0
1250,28.128489208000246,0.3859589924104512,0
1251,28.14144487498561,0.4761249874718487,0
1252,28.15447949996451,0.4547080025076866,0
1253,28.167491041996982,0.2884159912355244,0
1254,28.18033874995308,0.3266670391894877,0
1255,28.19113579200348,0.28104096418246627,0
1256,28.203956999990623,0.35624997690320015,0
1257,28.2162783749518,0.37275004433467984,0
1258,28.22919683298096,0.3232919843867421,0
1259,28.242063666984905,0.3025410114787519,0
1260,28.25449458300136,0.33233396243304014,0
1261,28.26738574996125,0.2770000137388706,0
1262,28.27773608296411,0.25937502505257726,0
1263,28.29054258298129,0.26649999199435115,0
1264,28.300933166989125,0.22504100343212485,0
1265,28.313704832980875,0.23545901058241725,0
1266,28.32408537500305,0.24633295834064484,0
1267,28.33577124995645,0.4675420350395143,0
1268,28.348808874958195,0.33054203959181905,0
1269,28.36089799995534,0.3024170291610062,0
1270,28.373756457993295,0.2757919719442725,0
1271,28.384159249952063,0.46795804519206285,0
1272,28.39718654198805,0.3174159792251885,0
1273,28.41006641695276,0.4236250533722341,0
1274,28.42308937496273,0.5082919960841537,0
1275,28.43620966700837,0.46074995771050453,0
1276,28.44928429200081,0.5219999584369361,0
1277,28.462433166976552,0.5552080110646784,0
1278,28.475598457967862,0.45179203152656555,0
1279,28.487829707970377,0.37629198050126433,0
1280,28.50079249998089,0.42562501039355993,0
1281,28.511490707984194,0.23075001081451774,0
1282,28.52198049996514,0.4213330103084445,0
1283,28.53285966697149,0.20729098469018936,0
1284,28.54398920800304,0.3103749477304518,0
1285,28.556392374972347,0.40541699854657054,0
1286,28.567952374985907,0.32991700572893023,0
1287,28.579016332980245,0.38929202128201723,0
1288,28.591253207996488,0.367750006262213,0
1289,28.60308733297279,0.5768340197391808,0
1290,28.61523870797828,0.2793750027194619,0
1291,28.626006082980894,0.36462501157075167,0
1292,28.63715358299669,0.4463339573703706,0
1293,28.64845424995292,0.34179200883954763,0
1294,28.661358957993798,0.3619169583544135,0
1295,28.672431957966182,0.22725004237145185,0
1296,28.685211792006157,0.21445797756314278,0
1297,28.697969041997567,0.24754100013524294,0
1298,28.710417166992556,0.2062079729512334,0
1299,28.72316520800814,0.31383399618789554,0
1300,28.73430833296152,0.19975000759586692,0
1301,28.74565029196674,0.3227909910492599,0
1302,28.758538624970242,0.4070830182172358,0
1303,28.769225124968216,0.22924999939277768,0
1304,28.782000041974243,0.21366600412875414,0
1305,28.794300624984317,0.2145419712178409,0
1306,28.8070508329547,0.17137505346909165,0
1307,28.81975391699234,0.1742079621180892,0
1308,28.832478749973234,0.19774999236688018,0
1309,28.843183291959576,0.2401660312898457,0
1310,28.855046042008325,0.17399998614564538,0
1311,28.866990332957357,0.17441704403609037,0
1312,28.879722707963083,0.427833991125226,0
1313,28.89059179200558,0.3267499851062894,0
1314,28.902435624971986,0.21299999207258224,0
1315,28.91520574997412,0.3849579952657223,0
1316,28.928162499971222,0.24691701401025057,0
1317,28.940964707988314,0.2288749674335122,0
1318,28.952435999992304,0.20783301442861557,0
1319,28.965184375003446,0.1967499847523868,0
1320,28.977328791981563,0.19774999236688018,0
1321,28.989474791975226,0.3762909909710288,0
1322,29.002402499958407,0.19866699585691094,0
1323,29.015205332951155,0.279792002402246,0
1324,29.028028208005708,0.22074999287724495,0
1325,29.040786708006635,0.19379198784008622,0
1326,29.053525874973275,0.40441699093207717,0
1327,29.066518749983516,0.37695799255743623,0
1328,29.079458499967586,0.25516701862215996,0
1329,29.09041129198158,0.18629099940881133,0
1330,29.103136541962158,0.1772909890860319,0
1331,29.11586941697169,0.23787503596395254,0
1332,29.127503374998923,0.33133296528831124,0
1333,29.13831033295719,0.4287920310162008,0
1334,29.15130941697862,0.37879101000726223,0
1335,29.164251207956113,0.24783401750028133,0
1336,29.175025250006,0.20004197722300887,0
1337,29.187799749954138,0.4534170147962868,0
1338,29.19872570800362,0.2667499938979745,0
1339,29.210595457989257,,1
1340,29.323969958000816,0.37345895543694496,0
1341,29.334464791987557,0.21945801563560963,0
1342,29.347231499967165,0.17808302072808146,0
1343,29.359944124997128,0.17633300740271807,0
1344,29.372654457984027,0.16562500968575478,0
1345,29.38535154197598,0.16737502301111817,0
1346,29.39807541697519,0.23700000019744039,0
1347,29.40969529200811,0.18816598458215594,0
1348,29.422426874982193,,1
1349,29.536122166959103,,1
1350,29.649920624971855,,1
1351,29.76275595795596,0.48462505219504237,0
1352,29.775812582985964,0.329374975990504,0
1353,29.788703250000253,0.24041696451604366,0
1354,29.801479374989867,0.20962499547749758,0
1355,29.814251957985107,0.21541700698435307,0
1356,29.826027416973375,0.2164160250686109,0
1357,29.838781583006494,0.2227919758297503,0
1358,29.85088749998249,0.21191698033362627,0
1359,29.86363541695755,0.195500033441931,0
1360,29.876387291995343,0.20895799389109015,0
1361,29.889141332998406,0.2720839693211019,0
1362,29.90198279195465,0.20825001411139965,0
1363,29.914638124988414,0.17004198161885142,0
1364,29.927348917000927,0.4025409580208361,0
1365,29.93901329196524,0.23220799630507827,0
1366,29.951791832980234,0.19987497944384813,0
1367,29.96455266699195,0.2129159984178841,0
1368,29.97732124995673,0.20337500609457493,0
1369,29.990083207958378,0.21374999778345227,0
1370,30.00175987498369,0.20825001411139965,0
1371,30.01449779199902,0.1551249879412353,0
1372,30.02718495798763,0.3034999826923013,0
1373,30.038160957978107,0.2721250057220459,0
1374,30.049848249997012,0.2532500075176358,0
1375,30.062660874973517,0.1501670340076089,0
1376,30.07533229200635,0.1891659921966493,0
1377,30.088041791983414,0.18462497973814607,0
1378,30.100772416975815,0.24999998277053237,0
1379,30.113571333000436,0.16012496780604124,0
1380,30.126267832994927,0.11679198360070586,0
1381,30.138911582995206,0.16583397518843412,0
1382,30.15162637497997,0.23037497885525227,0
1383,30.16439712495776,0.18987501971423626,0
1384,30.177122458000667,0.1854169531725347,0
1385,30.187426541990135,0.17625000327825546,0
1386,30.200148208008613,0.17624994507059455,0
1387,30.210364541970193,0.205625023227185,0
1388,30.223113291955087,0.17383304657414556,0
1389,30.235373666975647,0.19404100021347404,0
1390,30.248114416957833,0.1812910195440054,0
1391,30.26082933298312,0.16716698883101344,0
1392,30.273546332959086,0.17170904902741313,0
1393,30.286248624965083,0.15691702719777822,0
1394,30.297801124979742,0.17150002531707287,0
1395,30.310506749956403,0.1637920504435897,0
1396,30.323200416984037,0.16195798525586724,0
1397,30.335892999952193,0.17737504094839096,0
1398,30.346255042008124,0.16808294458314776,0
1399,30.358957499964163,0.16333302482962608,0
1400,30.371655541996006,0.18295797053724527,0
1401,30.384375207999256,0.18633395666256547,0
1402,30.397096375003457,0.20941696129739285,0
1403,30.40814779198263,0.17900002421811223,0
1404,30.420858416997362,0.16991596203297377,0
1405,30.431347417004872,0.18066598568111658,0
1406,30.442566624959,1.0892919963225722,0
1407,30.456202375004068,,1
1408,30.569916457985528,,1
1409,30.683714291953947,0.29266602359712124,0
1410,30.695039374986663,0.40033296681940556,0
1411,30.70801120798569,0.23945898283272982,0
1412,30.719410082965624,0.33587502548471093,0
1413,30.7323236669763,0.3796250093728304,0
1414,30.744821041997056,0.21124997874721885,0
1415,30.757563708000816,0.09612500434741378,0
1416,30.770200875005685,0.28970796847715974,0
1417,30.782138332957402,0.1646250020712614,0
1418,30.79484191699885,0.30929100466892123,0
1419,30.805848582996987,0.23249996593222022,0
1420,30.818619708006736,0.11149997590109706,0
1421,30.8312718749512,0.20645803306251764,0
1422,30.842579832999036,0.22412498947232962,0
1423,30.855106957955286,0.14829204883426428,0
1424,30.867626999970526,0.5199169972911477,0
1425,30.880749999952968,0.3532920381985605,0
1426,30.893698250001762,0.2449579769745469,0
1427,30.904744750005193,0.26291696121916175,0
1428,30.917569874960463,0.42037502862513065,0
1429,30.93056849995628,0.22304203594103456,0
1430,30.942564791999757,0.18708297284319997,0
1431,30.95528962498065,0.18112501129508018,0
1432,30.968005166971125,0.1790410024113953,0
1433,30.980722457985394,0.16987498383969069,0
1434,30.993428707995918,0.17137499526143074,0
1435,31.006053457967937,0.16724999295547605,0
1436,31.017662332975306,,1
1437,31.13137233298039,0.5164589965716004,0
1438,31.14258962497115,0.3105420037172735,0
1439,31.155459792003967,0.28974999440833926,0
1440,31.167384875006974,0.2777079935185611,0
1441,31.18013749999227,0.21495798137038946,0
1442,31.191818416991737,0.20220800070092082,0
1443,31.204555083008017,0.21583394845947623,0
1444,31.21625487500569,0.24641695199534297,0
1445,31.22813166695414,0.21345802815631032,0
1446,31.240881207981147,0.22841698955744505,0
1447,31.253643874952104,0.2585830516181886,0
1448,31.26587187498808,0.23854197934269905,0
1449,31.278133624990005,0.2716669696383178,0
1450,31.29095925000729,0.35754195414483547,0
1451,31.3038799999631,0.4742080345749855,0
1452,31.316953582980204,0.42058399412781,0
1453,31.328664082975592,0.41545898420736194,0
1454,31.339915499964263,0.8565830066800117,0
1455,31.352265333000105,0.5469589959830046,0
1456,31.364990249974653,0.6655830075033009,0
1457,31.378150124975946,0.6478329887613654,0
1458,31.39012116700178,0.5482079577632248,0
1459,31.402919749962166,0.6305000279098749,0
1460,31.414978082990274,0.5058749811723828,0
1461,31.428080957964994,0.5128750344738364,0
1462,31.441200667002704,0.5449999589473009,0
1463,31.454366374993697,0.6468750070780516,0
1464,31.46762499999022,0.6571249687112868,0
1465,31.48089649999747,0.6036669947206974,0
1466,31.494112207961734,0.6210000137798488,0
1467,31.505262749968097,0.42575004044920206,0
1468,31.518293750006706,0.6051669479347765,0
1469,31.531501916993875,0.5292079877108335,0
1470,31.54260391695425,0.5500410334207118,0
1471,31.555777166970074,0.596541038248688,0
1472,31.568983332952484,0.5173340323381126,0
1473,31.582105582987424,0.5852089961990714,0
1474,31.59530641697347,0.6321659893728793,0
1475,31.608533291961066,0.532166042830795,0
1476,31.621658666990697,0.44133298797532916,0
1477,31.633924791996833,0.48883300041779876,0
1478,31.64702049997868,0.5536249955184758,0
1479,31.660184749984182,0.5346249672584236,0
1480,31.673358832951635,0.5122500006109476,0
1481,31.685220874962397,0.44233299558982253,0
1482,31.6988387919846,1.9102909718640149,0
1483,31.71335779200308,0.699999975040555,0
1484,31.724282582988963,0.6357919774018228,0
1485,31.736543374950998,0.6936670397408307,0
1486,31.749862291966565,0.6494580302387476,0
1487,31.760830457962584,0.652250018902123,0
1488,31.774083416967187,0.6719580269418657,0
1489,31.787372582999524,0.5835839547216892,0
1490,31.800568207981996,0.6025839829817414,0
1491,31.813180291967,1.776541001163423,0
1492,31.828156291972846,0.6295830244198442,0
1493,31.841388917004224,0.6319159874692559,0
1494,31.854634457966313,0.6292090401984751,0
1495,31.86723604198778,0.562832981813699,0
1496,31.88043945800746,0.6160839693620801,0
1497,31.89366224996047,0.5849580047652125,0
1498,31.90582537499722,0.5108329933136702,0
1499,31.917434124974534,0.4864170332439244,0
1500,31.93050174997188,0.4982920363545418,0
1501,31.942587541998364,0.5142499576322734,0
1502,31.956232625001576,0.5606669583357871,0
1503,31.96938666695496,0.5809580325149,0
1504,31.980668832955416,0.5815839977003634,0
1505,31.993855457985774,0.5579999997280538,0
1506,32.00699949997943,0.5201249732635915,0
1507,32.020107582968194,0.5459589883685112,0
1508,32.033238791977055,0.48587500350549817,0
1509,32.04630491696298,0.5767080001533031,0
1510,32.059468832972925,0.5417920183390379,0
1511,32.07259666698519,0.5292500136420131,0
1512,32.08571612497326,0.49991701962426305,0
1513,32.09739624999929,0.4747079801745713,0
1514,32.11044262495125,0.49450004007667303,0
1515,32.12351999996463,0.48866699216887355,0
1516,32.136587957968004,0.5086250021122396,0
1517,32.149645041965414,0.5219160229898989,0
1518,32.162541750003584,1.4224170008674264,0
1519,32.17654595797649,,1
1520,32.29030533297919,,1
1521,32.40414424997289,,1
1522,32.51796262495918,,1
1523,32.63118566700723,,1
1524,32.74503462499706,,1
1525,32.857855541980825,0.44470798457041383,0
1526,32.87059779197443,0.37241599056869745,0
1527,32.88354316697223,0.2407910069450736,0
1528,32.89633541699732,0.19408296793699265,0
1529,32.909067999979015,0.16791699454188347,0
1530,32.921737500000745,0.16662495909258723,0
1531,32.93444354197709,0.16012502601370215,0
1532,32.944909457990434,0.17233396647498012,0
1533,32.9576133749797,0.15674997121095657,0
1534,32.97029912500875,0.18366699805483222,0
1535,32.98067437496502,0.280875014141202,0
1536,32.991294832958374,0.2185840276069939,0
1537,33.00404770800378,0.21945894695818424,0
1538,33.01680024998495,0.1776670105755329,0
1539,33.029509541986044,0.17645797925069928,0
1540,33.04221595800482,0.206666998565197,0
1541,33.054964207985904,0.19983400125056505,0
1542,33.06770437496016,0.18745800480246544,0
1543,33.08043016697047,0.18704100511968136,0
1544,33.0932073330041,0.1824169885367155,0
1545,33.10524424997857,0.19283301662653685,0
1546,33.11799604195403,0.18341600662097335,0
1547,33.1307099579717,0.17987500177696347,0
1548,33.14342095796019,0.18870900385081768,0
1549,33.15613945800578,0.18149998504668474,0
1550,33.16801070800284,0.3189999843016267,0
1551,33.178613124997355,0.24104199837893248,0
1552,33.19067824998638,0.21295796614140272,0
1553,33.20342520799022,0.22483401698991656,0
1554,33.21619249996729,0.26537501253187656,0
1555,33.22901274997275,0.1995420316234231,0
1556,33.241177916992456,0.18641597125679255,0
1557,33.253137499967124,0.21408300381153822,0
1558,33.265888749971054,0.18920801812782884,0
1559,33.27861599996686,0.19566703122109175,0
1560,33.290726457955316,0.31045899959281087,0
1561,33.30118283297634,0.24266698164865375,0
1562,33.313967957976274,0.20329200197011232,0
1563,33.32670499995584,0.17912499606609344,0
1564,33.33944495796459,0.21525000920519233,0
1565,33.352235583006404,0.19149994477629662,0
1566,33.36497674998827,0.1854579895734787,0
1567,33.3777188329841,0.17958402168005705,0
1568,33.39022491697688,0.19562500528991222,0
1569,33.4029867919744,0.19004102796316147,0
1570,33.415353624965064,0.1967080170288682,0
1571,33.42675004195189,0.17579103587195277,0
1572,33.43947349995142,0.18450000789016485,0
1573,33.45219262497267,0.21770800231024623,0
1574,33.46494854200864,0.19162497483193874,0
1575,33.47767033299897,0.17266697250306606,0
1576,33.490384500008076,0.21004199516028166,0
1577,33.50218725000741,0.24687498807907104,0
1578,33.514978374994826,0.22987497504800558,0
1579,33.52774887497071,0.27358299121260643,0
1580,33.54055799997877,0.2372079761698842,0
1581,33.553342124971095,0.1966250129044056,0
1582,33.565970916999504,0.16966596012935042,0
1583,33.5776507499977,0.169374980032444,0
1584,33.590354957967065,0.19087502732872963,0
1585,33.603081582987215,0.20041700918227434,0
1586,33.615816792007536,0.20266597857698798,0
1587,33.62855720799416,0.18983398331329226,0
1588,33.64129941695137,0.18108304357156157,0
1589,33.6531311669969,0.1908330013975501,0
1590,33.664731749973726,0.18612499115988612,0
1591,33.677449041977525,0.24399999529123306,0
1592,33.69024087500293,0.30924996826797724,0
1593,33.70309583295602,0.4389170208014548,0
1594,33.71609962498769,0.3179169725626707,0
1595,33.727166957978625,0.4285000031813979,0
1596,33.73786333296448,0.4335840349085629,0
1597,33.749114457983524,0.34533400321379304,0
1598,33.76200612500543,,1
1599,33.87555420800345,,1
1600,33.98946849995991,,1
1601,34.103317166969646,,1
1602,34.216213541978505,,1
1603,34.32966566696996,,1
1604,34.44333754200488,,1
1605,34.5571284579928,0.5516670062206686,0
1606,34.57024616695708,0.32716599525883794,0
1607,34.58311670797411,0.27304200921207666,0
1608,34.595936083002016,0.2876249491237104,0
1609,34.608771416998934,0.29758299933746457,0
1610,34.62161241698777,0.240708002820611,0
1611,34.63439224998001,0.23841700749471784,0
1612,34.6471685419674,0.2377909841015935,0
1613,34.659941916994285,0.268207979388535,0
1614,34.672753916995134,0.3410829813219607,0
1615,34.68566491699312,0.27129100635647774,0
1616,34.69848608295433,0.43287500739097595,0
1617,34.71100074995775,0.4348750226199627,0
1618,34.72399458300788,0.4229169571772218,0
1619,34.73697333299788,0.32299995655193925,0
1620,34.748432916996535,0.3434160025790334,0
1621,34.76132916699862,0.2758749760687351,0
1622,34.77348733297549,0.3118750173598528,0
1623,34.7863444579998,0.28912496054545045,0
1624,34.79918450000696,0.32720796298235655,0
1625,34.81186366698239,0.316707999445498,0
1626,34.824726124992594,0.2958750119432807,0
1627,34.837281582993455,0.2638339647091925,0
1628,34.85008795798058,0.32920902594923973,0
1629,34.863126374955755,0.2560419961810112,0
1630,34.875938042008784,0.29674998950213194,0
1631,34.88878279196797,0.256291008554399,0
1632,34.90117320796708,0.2394170151092112,0
1633,34.91234166698996,0.2738749608397484,0
1634,34.92330529197352,0.2740829950198531,0
1635,34.93596924998565,0.24641701020300388,0
1636,34.94763166696066,0.2270410186611116,0
1637,34.96039529197151,0.22341602016240358,0
1638,34.970852457976434,0.2145000034943223,0
1639,34.98361545795342,0.3725420101545751,0
1640,34.99408195796423,0.3328750026412308,0
1641,35.006953832984436,0.26745902141556144,0
1642,35.01975754200248,0.25120796635746956,0
1643,35.03043320798315,0.2394170151092112,0
1644,35.0432021250017,0.21754199406132102,0
1645,35.05595933296718,0.2727090031839907,0
1646,35.06877520796843,0.28658402152359486,0
1647,35.07930991699686,0.4094159812666476,0
1648,35.090011916996446,,1
1649,35.2036940829712,0.33779203658923507,0
1650,35.21466841700021,0.2831659512594342,0
1651,35.227493041951675,0.27616601437330246,0
1652,35.240304499980994,0.26837497716769576,0
1653,35.2531149580027,0.31583395320922136,0
1654,35.26350399997318,0.3392500220797956,0
1655,35.276382832962554,0.2833339967764914,0
1656,35.28782366699306,0.3244580002501607,0
1657,35.30069862498203,0.2571669756434858,0
1658,35.312785666959826,0.19874999998137355,0
1659,35.32494399999268,0.19408296793699265,0
1660,35.33767641696613,0.17741601914167404,0
1661,35.350386457983404,0.1875840243883431,0
1662,35.363126374955755,0.18520804587751627,0
1663,35.37587391695706,0.17333304276689887,0
1664,35.3886072919704,0.17045799177139997,0
1665,35.40130654198583,0.17766602104529738,0
1666,35.412071499973536,0.16762502491474152,0
1667,35.42364150000503,0.17254200065508485,0
1668,35.43635745800566,0.18920894945040345,0
1669,35.44908166700043,0.1891659921966493,0
1670,35.461804374994244,0.18937495769932866,0
1671,35.47452337498544,0.17383298836648464,0
1672,35.48723541700747,0.18266600091010332,0
1673,35.49995345796924,0.274375022854656,0
1674,35.51277783297701,0.20395900355651975,0
1675,35.525519374990836,0.18566701328381896,0
1676,35.53738254198106,0.19937497563660145,0
1677,35.55013637500815,0.1926249824464321,0
1678,35.56286483298754,0.19091699505224824,0
1679,35.57560049998574,0.1822920166887343,0
1680,35.588319707952905,0.28945901431143284,0
1681,35.601162792008836,0.45362499076873064,0
1682,35.61417287500808,0.37695799255743623,0
1683,35.62709166697459,0.2732910215854645,0
1684,35.63990183296846,0.25733403163030744,0
1685,35.652693791955244,0.2705410006456077,0
1686,35.665509832964744,0.2838750369846821,0
1687,35.67851349996636,0.28308300534263253,0
1688,35.69036770798266,0.41441700886934996,0
1689,35.703335124999285,0.32470800215378404,0
1690,35.71622025000397,0.23983296705409884,0
1691,35.72900249995291,0.20583299919962883,0
1692,35.73980583297089,0.24733401369303465,0
1693,35.752621666993946,0.27316599152982235,0
1694,35.76546237495495,0.2227500081062317,0
1695,35.778217374987435,0.1824999926611781,0
1696,35.7893904169905,0.20287500228732824,0
1697,35.80212483298965,0.2465419820509851,0
1698,35.81492879195139,0.20779104670509696,0
1699,35.82769741700031,0.19345799228176475,0
1700,35.840455166995525,0.18179096514359117,0
1701,35.8531690419768,0.20245800260454416,0
1702,35.86592987499898,0.21841697162017226,0
1703,35.878705374954734,0.20695803686976433,0
1704,35.89148029196076,0.19841600442305207,0
1705,35.90424058295321,0.20945904543623328,0
1706,35.91700699995272,0.2156670088879764,0
1707,35.92895299999509,0.18199998885393143,0
1708,35.94032770796912,0.19579200306907296,0
1709,35.95305625000037,0.1907499972730875,0
1710,35.965801707992796,0.19599997904151678,0
1711,35.97852612496354,,1
1712,36.09216841700254,0.2715829759836197,0
1713,36.10282366699539,0.22387498756870627,0
1714,36.11558395798784,0.2234170096926391,0
1715,36.126278374984395,0.21591701079159975,0
1716,36.13902754196897,0.18945802003145218,0
1717,36.151778667001054,0.21074997493997216,0
1718,36.164554166956805,0.197333050891757,0
1719,36.177313457999844,0.20174996461719275,0
1720,36.189867416978814,0.19220798276364803,0
1721,36.20258737495169,,1
1722,36.31624112499412,,1
1723,36.429969124961644,,1
1724,36.54171083297115,0.4344999906606972,0
1725,36.55470245797187,0.21312502212822437,0
1726,36.567228458006866,0.2555839600972831,0
1727,36.58003070799168,0.2051249612122774,0
1728,36.5927772919531,0.17737504094839096,0
1729,36.605496916978154,0.18354097846895456,0
1730,36.61821033299202,0.1723750028759241,0
1731,36.6309374999837,0.17987500177696347,0
1732,36.64365662500495,0.16974995378404856,0
1733,36.65432129200781,0.17691595712676644,0
1734,36.667038874991704,0.17645797925069928,0
1735,36.679777749988716,0.18912501400336623,0
1736,36.69253449997632,0.2085830201394856,0
1737,36.70529766695108,0.1860410557128489,0
1738,36.718025791982654,0.18620799528434873,0
1739,36.73074304196052,,1
1740,36.84437304199673,0.2412910107523203,0
1741,36.85560379200615,0.32708299113437533,0
1742,36.86847508297069,0.2897920203395188,0
1743,36.88078470795881,0.2376670017838478,0
1744,36.892340416961815,0.20533299539238214,0
1745,36.905081457982305,0.225124997086823,0
1746,36.9178429999738,0.18620799528434873,0
1747,36.93059474998154,0.20162499276921153,0
1748,36.94112745800521,0.20808394765481353,0
1749,36.95387433300493,0.2074169460684061,0
1750,36.96661433298141,0.201958988327533,0
1751,36.97936654195655,0.23075001081451774,0
1752,36.990988124976866,0.19879202591255307,0
1753,37.0026034169714,0.189665996003896,0
1754,37.01533974998165,0.22912496933713555,0
1755,37.02584195800591,0.19466696539893746,0
1756,37.03772891697008,0.181332987267524,0
1757,37.04840425000293,0.23095798678696156,0
1758,37.06066695798654,0.21712499437853694,0
1759,37.07228470797418,0.21066702902317047,0
1760,37.084988499991596,0.23612496443092823,0
1761,37.097793707973324,0.3060420276597142,0
1762,37.1106461249874,0.2739999908953905,0
1763,37.12346425000578,0.24183298228308558,0
1764,37.136251291958615,0.2889159950427711,0
1765,37.14908145798836,0.23274996783584356,0
1766,37.16185174998827,0.2454579807817936,0
1767,37.174636416952126,0.22662500850856304,0
1768,37.18674908298999,0.20945898722857237,0
1769,37.19952679198468,0.1991660101339221,0
1770,37.21185537497513,0.22066698875278234,0
1771,37.22329637495568,0.28079201001673937,0
1772,37.233671041962225,0.29612501384690404,0
1773,37.24649870797293,0.22600003285333514,0
1774,37.25803454197012,0.20533299539238214,0
1775,37.270770041970536,0.2632500254549086,0
1776,37.283569249964785,0.2947080065496266,0
1777,37.29484579199925,0.37470797542482615,0
1778,37.30780683300691,0.4742499440908432,0
1779,37.318545416987035,0.3938750014640391,0
1780,37.331510707968846,0.3167919931001961,0
1781,37.344393707986455,0.18550001550465822,0
1782,37.35482412495185,0.1644170260988176,0
1783,37.36514845798956,0.16666698502376676,0
1784,37.377842791960575,0.17383304657414556,0
1785,37.390550582960714,0.16166700515896082,0
1786,37.40324079198763,0.17037498764693737,0
1787,37.41594466695096,0.17195800319314003,0
1788,37.42637354199542,0.211707956623286,0
1789,37.43834654195234,0.18166605150327086,0
1790,37.4495541669894,0.17491600010544062,0
1791,37.46226579195354,0.18812500638887286,0
1792,37.47501970798476,0.20112498896196485,0
1793,37.487782374955714,0.18137501319870353,0
1794,37.5005228749942,0.1772079849615693,0
1795,37.51327900000615,0.17108296742662787,0
1796,37.52598479198059,0.16479101032018661,0
1797,37.53668124997057,0.1788330264389515,0
1798,37.5494197079679,,1
1799,37.66309083299711,,1
1800,37.77680995798437,,1
1801,37.88997766695684,0.3334580105729401,0
1802,37.90233795798849,0.23420900106430054,0
1803,37.91510791698238,0.1979160006158054,0
1804,37.9278397919843,0.179541006218642,0
1805,37.94055737496819,0.2180000301450491,0
1806,37.953246082994156,0.23070897441357374,0
1807,37.96611395798391,0.4210839979350567,0
1808,37.97909208299825,0.40266697760671377,0
1809,37.99207154195756,0.44541602255776525,0
1810,38.00448666699231,0.38845796370878816,0
1811,38.01743249996798,0.4675000091083348,0
1812,38.03009479196044,0.441958021838218,0
1813,38.042789625003934,0.4407919477671385,0
1814,38.053303791966755,0.371416041161865,0
1815,38.06624091695994,0.4266659962013364,0
1816,38.07924162497511,0.40095800068229437,0
1817,38.09126083296724,0.3595420275814831,0
1818,38.10416758299107,0.32754201674833894,0
1819,38.117048124957364,0.4134580376558006,0
1820,38.128782957966905,0.37291698390617967,0
1821,38.14037987496704,0.30995800625532866,0
1822,38.15198912500637,0.29491697205230594,0
1823,38.16482887498569,0.27899997076019645,0
1824,38.177652332989965,0.45900000259280205,0
1825,38.190392999968026,0.3845000173896551,0
1826,38.20332812500419,0.33241696655750275,0
1827,38.21380012499867,0.2942499704658985,0
1828,38.22663779195864,0.2864160342141986,0
1829,38.239467124978546,0.2881669788621366,0
1830,38.25062541698571,0.3222079831175506,0
1831,38.26348704198608,0.27537497226148844,0
1832,38.273891958000604,0.2755839959718287,0
1833,38.28670391696505,0.2543330192565918,0
1834,38.29949604196008,0.2565000322647393,0
1835,38.3122869170038,0.2355409669689834,0
1836,38.32481495797401,0.2489170292392373,0
1837,38.337616957956925,0.27654203586280346,0
1838,38.350429332989734,0.24266698164865375,0
1839,38.36184383300133,0.21745898993685842,0
1840,38.37461624998832,0.21254201419651508,0
1841,38.386351457971614,0.23608398623764515,0
1842,38.399156207975466,0.2144169993698597,0
1843,38.40963612496853,0.3012919914908707,0
1844,38.42248254199512,0.23454095935449004,0
1845,38.43525337497704,0.21295802434906363,0
1846,38.44799645798048,0.2934170188382268,0
1847,38.46022687497316,0.2777079935185611,0
1848,38.47126445797039,0.31220901291817427,0
1849,38.48287512495881,0.2710830303840339,0
1850,38.495683957997244,0.28612499590963125,0
1851,38.506125707994215,0.2401249948889017,0
1852,38.51889962499263,0.25474996073171496,0
1853,38.52929770795163,0.2582500455901027,0
1854,38.54209374997299,0.22366701159626245,0
1855,38.552528999978676,0.22412498947232962,0
1856,38.565284416952636,0.3005830221809447,0
1857,38.5781264170073,0.34849997609853745,0
1858,38.59101320797345,0.2756670000962913,0
1859,38.60382274998119,0.21241698414087296,0
1860,38.616566374956165,0.22258301032707095,0
1861,38.6293103749631,0.15666702529415488,0
1862,38.64198837499134,0.15354197239503264,0
1863,38.654687832982745,0.22375001572072506,0
1864,38.66746887500631,0.18920795992016792,0
1865,38.68019866698887,0.16741600120440125,0
1866,38.69204024999635,0.2584999892860651,0
1867,38.70347604196286,0.20549999317154288,0
1868,38.71508695796365,0.1972090103663504,0
1869,38.727820625004824,0.17574999947100878,0
1870,38.74065312498715,0.1699170097708702,0
1871,38.753355416993145,0.17899996601045132,0
1872,38.76606824999908,0.16474997391924262,0
1873,38.778762082976755,0.16104202950373292,0
1874,38.79061087500304,0.18645799718797207,0
1875,38.80217470799107,,1
1876,38.91584154195152,,1
1877,39.02960912499111,,1
1878,39.14336429198738,0.48004096606746316,0
1879,39.15640529198572,0.2322500222362578,0
1880,39.16763766697841,0.2306660171598196,0
1881,39.180405624967534,0.18750003073364496,0
1882,39.19313287496334,0.18020800780504942,0
1883,39.205845749995206,0.17399998614564538,0
1884,39.218555542000104,0.18516596173867583,0
1885,39.23128112498671,0.2330829738639295,0
1886,39.24261929199565,0.35508297150954604,0
1887,39.25551958300639,0.19695895025506616,0
1888,39.266571249987464,0.18141698092222214,0
1889,39.27929791697534,0.21354103228077292,0
1890,39.292064832989126,0.19354198593646288,0
1891,39.30358895799145,0.18979201558977365,0
1892,39.31631462497171,0.27950003277510405,0
1893,39.32915216695983,0.4597500083036721,0
1894,39.34217662498122,0.35200000274926424,0
1895,39.35356774996035,0.19616703502833843,0
1896,39.3663149579661,0.23291702382266521,0
1897,39.378708917007316,0.21549995290115476,0
1898,39.390442417003214,0.21970795933157206,0
1899,39.403226499969605,0.20416703773662448,0
1900,39.41584683296969,0.2627500216476619,0
1901,39.428689374995884,0.5231249961070716,0
1902,39.4406925420044,0.4435409791767597,0
1903,39.45369337499142,0.4034999874420464,0
1904,39.46665037499042,0.37641701055690646,0
1905,39.47958041698439,,1
1906,39.59331720799673,0.41512498864904046,0
1907,39.60628316696966,0.35766599467024207,0
1908,39.61756199999945,0.33962499583140016,0
1909,39.63044899998931,0.316666963044554,0
1910,39.642579457955435,0.2962090075016022,0
1911,39.655414457956795,0.33695902675390244,0
1912,39.66677762498148,0.26237498968839645,0
1913,39.67956158297602,0.3017500275745988,0
1914,39.6924367499887,0.2811250160448253,0
1915,39.70529195800191,0.24683395167812705,0
1916,39.71624262497062,0.2980420249514282,0
1917,39.72907891700743,0.23620796855539083,0
1918,39.74185008299537,0.2365419641137123,0
1919,39.75461683300091,0.2393339527770877,0
1920,39.765779249952175,0.22887502564117312,0
1921,39.77854374999879,0.2924999571405351,0
1922,39.791191082971636,0.29191700741648674,0
1923,39.80402912496356,0.2601669984869659,0
1924,39.81682812498184,0.22500002523884177,0
1925,39.82959154195851,0.2502500428818166,0
1926,39.84127008297946,0.2647920046001673,0
1927,39.852902207989246,0.2898749662563205,0
1928,39.864467457984574,0.2695840084925294,0
1929,39.87727316695964,0.2591250231489539,0
1930,39.887679582985584,0.22204197011888027,0
1931,39.90043658297509,0.220416986849159,0
1932,39.91319729195675,0.3268330474384129,0
1933,39.92607108299853,0.3072089748457074,0
1934,39.9389290830004,0.2958339755423367,0
1935,39.951758457988035,0.2471249899826944,0
1936,39.96453895798186,0.22720900597050786,0
1937,39.977309832989704,0.2525000018067658,0
1938,39.99010674998863,0.23925001733005047,0
1939,40.002878166968,0.27787499129772186,0
1940,40.015686541970354,0.226958014536649,0
1941,40.02702208299888,0.24158396990969777,0
1942,40.0398237920017,0.2239999594166875,0
1943,40.05049295799108,0.3951250109821558,0
1944,40.061960874998476,0.3018329734914005,0
1945,40.0748047499801,0.31766697065904737,0
1946,40.08782633300871,0.2692089765332639,0
1947,40.09817724995082,0.32404204830527306,0
1948,40.109855374961626,0.29745802748948336,0
1949,40.12268829200184,0.23633299861103296,0
1950,40.13546466699336,0.22024998906999826,0
1951,40.1482224999927,0.2815829939208925,0
1952,40.160523124970496,0.22554199676960707,0
1953,40.17328608297976,0.2721250057220459,0
1954,40.18460854195291,0.23283303016796708,0
1955,40.19741949997842,0.23929198505356908,0
1956,40.21019949996844,0.23954198695719242,0
1957,40.2229727919912,0.255541002843529,0
1958,40.23576279199915,0.24329096777364612,0
1959,40.24854320799932,0.44891698053106666,0
1960,40.26154579198919,0.3922079922631383,0
1961,40.27339929196751,0.3820410347543657,0
1962,40.285553416993935,0.35229098284617066,0
1963,40.29846712498693,0.4003749927505851,0
1964,40.31144545797724,0.5423750262707472,0
1965,40.32306174997939,0.43929199455305934,0
1966,40.33468054200057,0.3452079836279154,0
1967,40.346285332983825,0.4652499919757247,0
1968,40.35930583300069,0.471249979455024,0
1969,40.37233258300694,0.45116699766367674,0
1970,40.38305849995231,0.370624999050051,0
1971,40.39598416700028,0.31283299904316664,0
1972,40.408850832958706,0.27129199588671327,0
1973,40.42162941698916,0.3412499791011214,0
1974,40.43451383296633,0.2749169943854213,0
1975,40.44732870795997,0.28429203666746616,0
1976,40.460155957960524,0.24741701781749725,0
1977,40.47294529195642,0.3369160112924874,0
1978,40.48515258298721,0.38295896956697106,0
1979,40.49809587496566,0.3714580088853836,0
1980,40.50973333296133,0.2832090249285102,0
1981,40.520431874960195,0.2810000441968441,0
1982,40.533251916989684,0.27079100254923105,0
1983,40.54606183298165,0.26158400578424335,0
1984,40.55888991698157,0.23075001081451774,0
1985,40.57169004197931,0.2532079815864563,0
1986,40.58423649996985,0.21137500880286098,0
1987,40.59588370798156,0.2322089858353138,0
1988,40.6062828329741,0.2724590012803674,0
1989,40.61912037496222,0.24691701401025057,0
1990,40.63190137495985,0.2750830026343465,0
1991,40.644712916982826,0.23529102327302098,0
1992,40.657502832997125,0.22729201009497046,0
1993,40.67030645796331,0.22487499518319964,0
1994,40.683062791998964,0.2622909960336983,0
1995,40.69382629200118,0.37129095289856195,0
1996,40.706187499978114,0.4308749921619892,0
1997,40.7191635419731,0.2122080186381936,0
1998,40.731500041962136,0.7895409944467247,0
1999,40.74485137499869,0.22716698003932834,0
2000,40.75760941696353,0.18220802303403616,0
2001,40.7703097499907,0.11645798804238439,0
2002,40.782946999999695,0.1466670073568821,0
2003,40.79561299999477,0.15425001038238406,0
2004,40.80828845797805,0.13920897617936134,0
2005,40.82096708298195,0.2163749886676669,0
2006,40.83373799995752,0.19683304708451033,0
2007,40.84573866700521,0.29283296316862106,0
2008,40.85640908300411,0.2014999627135694,0
2009,40.869163875002414,0.2699169563129544,0
2010,40.882006332976744,0.30925002647563815,0
2011,40.89359816699289,0.31008297810330987,0
2012,40.90647116699256,0.3969999961555004,0
2013,40.91943808295764,0.1866249949671328,0
2014,40.93216108297929,0.28829200891777873,0
2015,40.944997999991756,0.17812498845160007,0
2016,40.957728624984156,0.22504199296236038,0
2017,40.97050058300374,0.31529198167845607,0
2018,40.981243291986175,0.2853330224752426,0
2019,40.994091083004605,0.22666697623208165,0
2020,41.00686445797328,0.20241702441126108,0
2021,41.018832582980394,0.23004197282716632,0
2022,41.03123733296525,0.35200000274926424,0
2023,41.04416070797015,0.2300000051036477,0
2024,41.054720416956116,0.1909160055220127,0
2025,41.06609795795521,0.18495903350412846,0
2026,41.07674516696716,0.228791031986475,0
2027,41.08951566700125,0.18324999837204814,0
2028,41.1010570419603,0.16900000628083944,0
2029,41.112174541980494,0.27204101206734776,0
2030,41.124126124952454,0.18495804397389293,0
2031,41.13592566695297,0.16491604037582874,0
2032,41.14861783297965,0.0849170028232038,0
2033,41.161517124972306,1.2300420203246176,0
2034,41.175340291985776,0.3464579931460321,0
2035,41.188145541993435,0.30570797389373183,0
2036,41.20100283296779,0.28775003738701344,0
2037,41.21159783296753,0.33066701143980026,0
2038,41.222831874969415,0.18216698663309216,0
2039,41.23321724997368,0.19645801512524486,0
2040,41.2458898749901,0.3040420124307275,0
2041,41.258740541990846,0.1897909678518772,0
2042,41.26926762500079,,1
2043,41.38244404195575,0.4492500447668135,0
2044,41.39440274995286,0.43691700557246804,0
2045,41.405188749951776,0.38183300057426095,0
2046,41.41813312500017,0.37695799255743623,0
2047,41.43045558297308,0.20320899784564972,0
2048,41.44320045795757,0.2656250144354999,0
2049,41.456014166993555,0.22562500089406967,0
2050,41.46665229200153,0.2300829510204494,0
2051,41.47942579200026,0.27612497797235847,0
2052,41.4926620000042,0.23849995341151953,0
2053,41.5054424169939,0.2746249665506184,0
2054,41.51825708296383,0.29729201924055815,0
2055,41.53110666695284,0.3886250196956098,0
2056,41.54405083297752,0.3825420280918479,0
2057,41.55698729195865,0.39191602263599634,0
2058,41.569933207996655,1.201000006403774,0
2059,41.58216912497301,0.42170798406004906,0
2060,41.59517845796654,0.4800420138053596,0
2061,41.60826470796019,0.44537504436448216,0
2062,41.62127854197752,0.3630410064943135,0
2063,41.63503133296035,0.7115420303307474,0
2064,41.64658274996327,0.40537503082305193,0
2065,41.65955587499775,0.3567079547792673,0
2066,41.67247645795578,0.41370902908965945,0
2067,41.685450999997556,0.4908749833703041,0
2068,41.69852712500142,0.5474999779835343,0
2069,41.711664791975636,0.579165993258357,0
2070,41.72483562497655,0.5155000253580511,0
2071,41.73791791696567,0.37287501618266106,0
2072,41.750852749974,0.2684170030988753,0
2073,41.763672332977876,0.2109170309267938,0
2074,41.77642587496666,0.1782500185072422,0
2075,41.78915845800657,0.18741696840152144,0
2076,41.801883874984924,0.16804196638986468,0
2077,41.814581124985125,0.16066699754446745,0
2078,41.82654195796931,0.17304200446233153,0
2079,41.83815299998969,0.18637499306350946,0
2080,41.84976666700095,0.28074998408555984,0
2081,41.86258687498048,0.22395799169316888,0
2082,41.875355374999344,0.20133296493440866,0
2083,41.888101332995575,0.20691700046882033,0
2084,41.90084849996492,0.19212503684684634,0
2085,41.913601416978054,0.2032080083154142,0
2086,41.92524700000649,0.18570799147710204,0
2087,41.93796999996994,0.18616701709106565,0
2088,41.9496654169634,0.19816600251942873,0
2089,41.96240575000411,0.19266695016995072,0
2090,41.975136249966454,,1
2091,42.08871016697958,,1
2092,42.202484916953836,,1
2093,42.31601383298403,0.40441699093207717,0
2094,42.328977291996125,0.2835409832186997,0
2095,42.341798957961146,0.24579203454777598,0
2096,42.354592332965694,0.237459025811404,0
2097,42.367379000002984,0.26050000451505184,0
2098,42.37804558296921,0.23145903833210468,0
2099,42.389692416996695,0.2474159700796008,0
2100,42.401248582988046,0.44833397259935737,0
2101,42.41279970796313,0.37637504283338785,0
2102,42.42472004197771,0.4124580300413072,0
2103,42.43769566697301,0.5297909956425428,0
2104,42.45080729195615,0.4931250005029142,0
2105,42.46386649995111,0.3239580546505749,0
2106,42.47566799999913,0.34249998861923814,0
2107,42.48856229195371,0.45804103137925267,0
2108,42.501571458007675,0.38649997441098094,0
2109,42.51351304195123,0.3808750188909471,0
2110,42.52644654200412,0.2776659675873816,0
2111,42.53926941700047,0.27266598772257566,0
2112,42.55208670796128,0.3082920447923243,0
2113,42.56494949996704,0.2923330175690353,0
2114,42.5777937079547,0.24845905136317015,0
2115,42.590581582975574,0.22425001952797174,0
2116,42.60335866699461,0.21224998636171222,0
2117,42.616118749952875,0.24645804660394788,0
2118,42.62890399998287,0.2317500184290111,0
2119,42.640487666998524,0.24233298609033227,0
2120,42.650885957991704,0.21712499437853694,0
2121,42.6624951249687,0.19708299078047276,0
2122,42.67423941695597,,1
2123,42.78797449998092,,1
2124,42.90182383300271,,1
2125,43.01551624998683,,1
2126,43.12943158298731,,1
2127,43.243301666982006,0.4515830078162253,0
2128,43.25454779196298,0.22737501421943307,0
2129,43.267331874987576,0.1830419641919434,0
2130,43.27913325000554,0.21141697652637959,0
2131,43.291894916968886,0.22087502293288708,0
2132,43.30466054199496,0.17970800399780273,0
2133,43.315897749969736,0.17545802984386683,0
2134,43.32860599999549,0.16087497351691127,0
2135,43.341304250003304,0.16954197781160474,0
2136,43.353277166956104,0.18370803445577621,0
2137,43.365997957997024,0.1705419854260981,0
2138,43.37870224996004,0.1680420245975256,0
2139,43.39142833300866,0.16958394553512335,0
2140,43.40415604197187,0.18512498354539275,0
2141,43.41690299997572,0.17383298836648464,0
2142,43.42873795796186,0.16708404291421175,0
2143,43.44035095797153,0.1745839836075902,0
2144,43.451950624992605,0.1722919987514615,0
2145,43.46355854196008,0.1764580374583602,0
2146,43.476266041980125,0.1741659943945706,0
2147,43.48684729199158,0.17441599629819393,0
2148,43.49849799997173,0.17841701628640294,0
2149,43.5089670419693,0.18416601233184338,0
2150,43.52169204200618,0.27495797257870436,0
2151,43.5345228749793,0.21199998445808887,0
2152,43.54727774998173,0.4913749871775508,0
2153,43.56034041696694,0.43354101944714785,0
2154,43.57332733296789,0.2144169993698597,0
2155,43.585410750005394,0.286291993688792,0
2156,43.59824070800096,0.24637498427182436,0
2157,43.61103470798116,0.2893339842557907,0
2158,43.62387787498301,0.2517920220270753,0
2159,43.63670279196231,0.21374999778345227,0
2160,43.64945337496465,0.2316670143045485,0
2161,43.66092087497236,0.228749995585531,0
2162,43.67369029199472,0.2157079870812595,0
2163,43.68645920796553,0.2341250074096024,0
2164,43.69923329196172,0.24329102598130703,0
2165,43.712018457998056,0.24699995992705226,0
2166,43.72481008298928,0.23145898012444377,0
2167,43.73758849996375,0.23800000781193376,0
2168,43.74822720797965,0.23958401288837194,0
2169,43.76100416696863,0.24995801504701376,0
2170,43.77381758298725,0.25641696993261576,0
2171,43.78663570800563,0.2246249932795763,0
2172,43.79942104197107,0.21204102085903287,0
2173,43.81216908298666,0.22070901468396187,0
2174,43.82349541696021,0.22562500089406967,0
2175,43.83630149997771,0.22441701730713248,0
2176,43.849089916970115,0.22799998987466097,0
2177,43.86185474996455,0.22124999668449163,0
2178,43.87461908295518,0.23325002985075116,0
2179,43.88738312496571,0.24045800091698766,0
2180,43.90017816697946,0.24645798839628696,0
2181,43.9105717499624,0.22983300732448697,0
2182,43.923337707994506,0.2097089891321957,0
2183,43.93608195800334,0.23087498266249895,0
2184,43.948856041999534,0.2324579982087016,0
2185,43.961095792008564,0.2062079729512334,0
2186,43.971566166961566,,1
2187,44.085279166989494,,1
2188,44.198984666960314,,1
2189,44.31269287498435,0.3427499905228615,0
2190,44.32558012497611,0.2489580074325204,0
2191,44.33836691698525,0.2235409920103848,0
2192,44.34881774999667,0.3003329620696604,0
2193,44.36166283296188,0.2125840401276946,0
2194,44.37440841697389,0.19466603407636285,0
2195,44.38656120799715,0.19320897990837693,0
2196,44.399289958004374,0.18699996871873736,0
2197,44.41200725000817,0.18224999075755477,0
2198,44.42474812496221,0.19516702741384506,0
2199,44.43719741696259,0.32645801547914743,0
2200,44.45008004200645,0.2429999876767397,0
2201,44.46287437499268,0.20050001330673695,0
2202,44.47364895796636,0.20750000840052962,0
2203,44.48525679198792,0.19208301091566682,0
2204,44.49798479198944,0.21679099882021546,0
2205,44.510766291990876,0.2091249916702509,0
2206,44.52354570798343,0.20587502513080835,0
2207,44.534366874955595,0.2151250373572111,0
2208,44.54711512499489,0.26708299992606044,0
2209,44.559922457963694,0.3066250355914235,0
2210,44.572688332991675,0.3974169958382845,0
2211,44.58457941695815,0.38554100319743156,0
2212,44.59645737498067,0.3674579784274101,0
2213,44.60736641695257,0.33370801247656345,0
2214,44.620252041961066,0.36404101410880685,0
2215,44.633157291973475,0.3417080151848495,0
2216,44.6440644999966,0.3370419726707041,0
2217,44.65694412495941,0.39775000186637044,0
2218,44.66805599996587,0.4011249984614551,0
2219,44.681000541953836,0.41683303425088525,0
2220,44.6939473329694,2.1271249861456454,0
2221,44.708644124970306,0.48762501683086157,0
2222,44.72169945796486,0.3993750433437526,0
2223,44.73402812500717,0.3957499866373837,0
2224,44.746973041968886,0.3599580377340317,0
2225,44.75825625000289,0.34487497759982944,0
2226,44.7711438749684,0.34116703318431973,0
2227,44.782910167006776,0.3844579914584756,0
2228,44.795841332990676,0.42058399412781,0
2229,44.80881583300652,0.38124999264255166,0
2230,44.82174766698154,0.3702500252984464,0
2231,44.83465974999126,0.3706669667735696,0
2232,44.847586832998786,0.399916956666857,0
2233,44.85953337495448,0.4503329982981086,0
2234,44.87146583298454,0.4189999890513718,0
2235,44.882387916964944,0.7301250007003546,0
2236,44.89526737498818,0.387999985832721,0
2237,44.907133666973095,1.0631660115905106,0
2238,44.91898408299312,1.349041995126754,0
2239,44.932363917003386,0.38791599217802286,0
2240,44.94534099998418,,1
2241,45.05918516695965,,1
2242,45.173023249953985,,1
2243,45.2868670419557,,1
2244,45.400667082984,,1
2245,45.51381924998714,,1
2246,45.62767687498126,0.4806669894605875,0
2247,45.64036279200809,,1
2248,45.754099207988475,,1
2249,45.866821332951076,0.4578340449370444,0
2250,45.87987599999178,0.3037499845959246,0
2251,45.89273837499786,0.2661249600350857,0
2252,45.905555332952645,0.27045904425904155,0
2253,45.91838916699635,0.2311249845661223,0
2254,45.929964749957435,0.22475002333521843,0
2255,45.94256904197391,0.21729100262746215,0
2256,45.9538923749933,0.2014579949900508,0
2257,45.965529582987074,0.24550000671297312,0
2258,45.97831195796607,0.23850001161918044,0
2259,45.9911221669754,0.23445801343768835,0
2260,46.003926792007405,0.24637498427182436,0
2261,46.01676224998664,0.2912919735535979,0
2262,46.02959008299513,0.2346250112168491,0
2263,46.04235849995166,0.22412504767999053,0
2264,46.05527399998391,0.21841697162017226,0
2265,46.06803291698452,0.24454097729176283,0
2266,46.080879832967184,0.3884169855155051,0
2267,46.09382516698679,0.3120409674011171,0
2268,46.10668295796495,0.3191250143572688,0
2269,46.11954487499315,0.2728329855017364,0
2270,46.1323588329833,0.2506669843569398,0
2271,46.14517920796061,0.25029201060533524,0
2272,46.15797224995913,0.23508304730057716,0
2273,46.17075254197698,0.25158299831673503,0
2274,46.18354229198303,0.21966599160805345,0
2275,46.19633245799923,0.2614170080050826,0
2276,46.20915116695687,0.4064580425620079,0
2277,46.220941166975535,0.2602909808047116,0
2278,46.2325592499692,0.24333299370482564,0
2279,46.245366041956004,0.25004101917147636,0
2280,46.25716479198309,0.2959999837912619,0
2281,46.270006707985885,0.32537500374019146,0
2282,46.28287629195256,0.26245805202051997,0
2283,46.2956967499922,0.2983330050483346,0
2284,46.308534874988254,0.28920796466991305,0
2285,46.31960741698276,0.27091597439721227,0
2286,46.331223291985225,0.24654099252074957,0
2287,46.34188695799094,0.26570900809019804,0
2288,46.354685458005406,0.22645900025963783,0
2289,46.36604341695784,0.21470803767442703,0
2290,46.378791166993324,0.2134160022251308,0
2291,46.39154091698583,0.3410410135984421,0
2292,46.40443587495247,0.3564170328900218,0
2293,46.417376708006486,0.2852919860742986,0
2294,46.42984112497652,0.24429202312603593,0
2295,46.442574374959804,0.2615830162540078,0
2296,46.452876208000816,0.3399169654585421,0
2297,46.46576474996982,0.29437500052154064,0
2298,46.47860429197317,0.21787500008940697,0
2299,46.491364957997575,0.22329197963699698,0
2300,46.504134041955695,0.21875003585591912,0
2301,46.5169222499826,0.19216700457036495,0
2302,46.529658791958354,0.1931660226546228,0
2303,46.542387624969706,0.1794170239008963,0
2304,46.5551194169675,0.1687500043772161,0
2305,46.56782574998215,0.16395800048485398,0
2306,46.58054637495661,0.17062504775822163,0
2307,46.593264499970246,0.1699579879641533,0
2308,46.60598699998809,0.16766699263826013,0
2309,46.61637070798315,0.22958399495109916,0
2310,46.62729016697267,0.2027910086326301,0
2311,46.6400264169788,0.18441601423546672,0
2312,46.65274216700345,0.17674994887784123,0
2313,46.665451999986544,0.1889580162242055,0
2314,46.67817320796894,0.18375000217929482,0
2315,46.69088729197392,0.2739999908953905,0
2316,46.701663541956805,0.2988750347867608,0
2317,46.714352374954615,0.23487501312047243,0
2318,46.72526141698472,0.2466660225763917,0
2319,46.738041749980766,0.21287502022460103,0
2320,46.75079191697296,0.2014579949900508,0
2321,46.763544374960475,0.21845800802111626,0
2322,46.776303457969334,0.19166700076311827,0
2323,46.789026624988765,0.18470798386260867,0
2324,46.80173929198645,0.17012498574331403,0
2325,46.81303520797519,0.17733400454744697,0
2326,46.82574104197556,0.17725001089274883,0
2327,46.838450582989026,0.18158397870138288,0
2328,46.85117179196095,0.3018330316990614,0
2329,46.861678749963176,0.3296250361017883,0
2330,46.87454699998489,0.2405419945716858,0
2331,46.88734979199944,0.21712499437853694,0
2332,46.90010891697602,0.20616600522771478,0
2333,46.91285112500191,0.23316696751862764,0
2334,46.925624916970264,0.22787501802667975,0
2335,46.93746537499828,0.23016700288280845,0
2336,46.95023995800875,0.20095898071303964,0
2337,46.96299041697057,0.1871249987743795,0
2338,46.97557912499178,0.1890829880721867,0
2339,46.98830199998338,0.1954999752342701,0
2340,46.99880966695491,0.2104580053128302,0
2341,47.01156724995235,0.29433303279802203,0
2342,47.02440916700289,0.2920409897342324,0
2343,47.03724445798434,0.24245900567620993,0
2344,47.05002312496072,0.20545802544802427,0
2345,47.062766332994215,0.20304200006648898,0
2346,47.07423899997957,0.2252080012112856,0
2347,47.08700866700383,0.22012495901435614,0
2348,47.099767124978825,0.20933302585035563,0
2349,47.112541541981045,0.22737501421943307,0
2350,47.12531145795947,0.2079170080833137,0
2351,47.13699954195181,0.18329103477299213,0
2352,47.14972412498901,0.16779196448624134,0
2353,47.16241887497017,0.14629203360527754,0
2354,47.17508575000102,0.14449999434873462,0
2355,47.18774887500331,0.14345796080306172,0
2356,47.20040924998466,0.14566699974238873,0
2357,47.213077207969036,0.13950001448392868,0
2358,47.225748541997746,0.18220796482637525,0
2359,47.23846920800861,0.1402499619871378,0
2360,47.249186208005995,0.17691694665700197,0
2361,47.26191466697492,0.19995798356831074,0
2362,47.2746813329868,0.1864589867182076,0
2363,47.28742212499492,0.18174998695030808,0
2364,47.300173999974504,0.17583300359547138,0
2365,47.312235999968834,0.2387920394539833,0
2366,47.32501512498129,0.22858299780637026,0
2367,47.335506707953755,0.1996250357478857,0
2368,47.34824433299946,0.2418750082142651,0
2369,47.36102704197401,0.22204098058864474,0
2370,47.37380670796847,0.23187499027699232,0
2371,47.38657770800637,0.22599997464567423,0
2372,47.39934424997773,0.1989169977605343,0
2373,47.41096816700883,0.19341596635058522,0
2374,47.42258233297616,0.18308399012312293,0
2375,47.43416341696866,0.2010409953072667,0
2376,47.444675874954555,0.26408303529024124,0
2377,47.457485708000604,0.37412496749311686,0
2378,47.46899366698926,0.25895796716213226,0
2379,47.48061708296882,0.2535840030759573,0
2380,47.49241399997845,0.22212497424334288,0
2381,47.505202875006944,0.30866696033626795,0
2382,47.51806074997876,0.29925000853836536,0
2383,47.53090279200114,0.2379159559495747,0
2384,47.542570291960146,0.23262499598786235,0
2385,47.55359166697599,0.3785000299103558,0
2386,47.566068374959286,0.531708006747067,0
2387,47.57917683298001,0.2839589724317193,0
2388,47.591254458006006,0.3618749906308949,0
2389,47.60418166697491,0.2781249932013452,0
2390,47.61541370797204,0.3641670336946845,0
2391,47.62834670796292,0.19925000378862023,0
2392,47.64109166699927,0.1676249667070806,0
2393,47.65380420797737,0.17800001660361886,0
2394,47.66651620797347,0.17391698202118278,0
2395,47.67798320797738,0.19454199355095625,0
2396,47.690729124995414,0.1859169569797814,0
2397,47.701195499976166,0.17920800019055605,0
2398,47.713910416990984,0.18741597887128592,0
2399,47.726634874998126,0.17049995949491858,0
2400,47.73933820798993,0.17449998995289207,0
2401,47.75207429198781,0.17370801651850343,0
2402,47.76480879198061,0.17204100731760263,0
2403,47.776680832961574,0.1925000105984509,0
2404,47.78830170800211,0.1930839498527348,0
2405,47.80103237496223,0.16920804046094418,0
2406,47.81159520795336,0.22787501802667975,0
2407,47.82436758297263,,1
2408,47.93809999997029,,1
2409,48.0519357919693,,1
2410,48.165821541973855,,1
2411,48.279613916995004,,1
2412,48.39295966696227,,1
2413,48.50671429198701,,1
2414,48.619681791984476,,1
2415,48.733535457984544,,1
2416,48.847476541996,,1
2417,48.961298541980796,,1
2418,49.07427300000563,,1
2419,49.1867498329957,,1
2420,49.30053437495371,,1
2421,49.41426745796343,,1
2422,49.52803041698644,0.42820797534659505,0
2423,49.541036124981474,0.23487501312047243,0
2424,49.55382266698871,0.19175000488758087,0
2425,49.5671455420088,0.19274995429441333,0
2426,49.57989162497688,0.2552919904701412,0
2427,49.59125558298547,0.21358398953452706,0
2428,49.604032124974765,0.18470798386260867,0
2429,49.61678004200803,0.1902079675346613,0
2430,49.62847320799483,0.17920898972079158,0
2431,49.64007791696349,0.17466599820181727,0
2432,49.6516639579786,0.17125002341344953,0
2433,49.663276624982245,0.17629197100177407,0
2434,49.67600300000049,0.1867079990915954,0
2435,49.68652058299631,0.189624959602952,0
2436,49.69924924999941,0.262749963440001,0
2437,49.712049291993026,0.2752500004135072,0
2438,49.72404708300019,0.3660839865915477,0
2439,49.73696187499445,0.24245795793831348,0
2440,49.74974766699597,0.2227500081062317,0
2441,49.761970666993875,0.23033301113173366,0
2442,49.77473916695453,0.20812504226341844,0
2443,49.787481499952264,0.2257919986732304,0
2444,49.8002421669662,0.19391602836549282,0
2445,49.81296745798318,0.19270897610113025,0
2446,49.82569029199658,0.2108750049956143,0
2447,49.838445667002816,0.2129159984178841,0
2448,49.85120341699803,0.3701249952428043,0
2449,49.864129707973916,0.2852919860742986,0
2450,49.876960499968845,0.23016700288280845,0
2451,49.88971020799363,0.21254201419651508,0
2452,49.902458083000965,0.203792005777359,0
2453,49.912901250005234,0.20941696129739285,0
2454,49.92565474996809,0.2878329833038151,0
2455,49.938478707976174,0.21995900897309184,0
2456,49.95058499998413,0.2572499797679484,0
2457,49.963386707997415,,1
2458,50.076414457987994,,1
2459,50.190123291977216,,1
2460,50.30384899995988,,1
2461,50.41761274996679,,1
2462,50.531023416959215,0.39962504524737597,0
2463,50.54257479199441,0.3186659887433052,0
2464,50.55530608299887,0.26170897763222456,0
2465,50.56811716698576,0.21937501151114702,0
2466,50.58042245800607,0.23545895237475634,0
2467,50.59125887497794,0.2348329871892929,0
2468,50.603634832950775,0.2167090424336493,0
2469,50.61532024998451,0.21949998335912824,0
2470,50.62807266699383,0.21425000159069896,0
2471,50.6385277499794,0.19804202020168304,0
2472,50.65126929199323,0.20670797675848007,0
2473,50.66400816699024,0.18858298426494002,0
2474,50.67673987499438,,1
2475,50.788351957977284,,1
2476,50.901355332985986,,1
2477,51.01430074998643,,1
2478,51.125872000004165,,1
2479,51.237627666967455,,1
2480,51.350334207993,,1
2481,51.46405087498715,,1
2482,51.574428832973354,,1
2483,51.68685183295747,,1
2484,51.800482791964896,,1
2485,51.914335916982964,0.6002499721944332,0
2486,51.92755795799894,0.47383399214595556,0
2487,51.93884837499354,0.3287079744040966,0
2488,51.95173312496627,0.6251250160858035,0
2489,51.9650937920087,0.5879999953322113,0
2490,51.9782764170086,0.5391249433159828,0
2491,51.99147750000702,0.5080829723738134,0
2492,52.002918749989476,0.46479201409965754,0
2493,52.015986582962796,0.5349169950932264,0
2494,52.02827204199275,0.5995829706080258,0
2495,52.03959929198027,0.5787080153822899,0
2496,52.05279216700001,0.6626249523833394,0
2497,52.06513595796423,0.6227919948287308,0
2498,52.07835508295102,0.6418340490199625,0
2499,52.09125504200347,0.60224998742342,0
2500,52.10444645798998,0.5996669642627239,0
2501,52.1176436249516,0.5689579993486404,0
2502,52.12983933300711,0.6272499449551105,0
2503,52.1425839169533,0.5423330003395677,0
2504,52.15573133295402,0.42562501039355993,0
2505,52.16714595799567,0.40787499165162444,0
2506,52.1801267080009,0.49349997425451875,0
2507,52.19320262497058,0.7053749868646264,0
2508,52.205766332976054,0.5642090109176934,0
2509,52.21889774996089,0.3896250273101032,0
2510,52.2306617499562,0.4208330065011978,0
2511,52.24235112499446,0.4511249717324972,0
2512,52.25317358295433,0.3962500486522913,0
2513,52.26612741698045,0.3005830221809447,0
2514,52.27897533297073,0.358375022187829,0
2515,52.29188683297252,0.3253340255469084,0
2516,52.30455941695254,0.34500000765547156,0
2517,52.31744895799784,0.331499963067472,0
2518,52.330341874971054,0.36204198841005564,0
2519,52.3425881669973,0.35399995977059007,0
2520,52.35549133300083,0.3689589793793857,0
2521,52.36841583298519,0.3642090014182031,0
2522,52.38132904196391,0.3451250377111137,0
2523,52.394226749951486,,1
2524,52.50749941699905,,1
2525,52.621327416971326,,1
2526,52.734426541952416,0.501000031363219,0
2527,52.746467374963686,0.5936670349910855,0
2528,52.75968829198973,0.4474580055102706,0
2529,52.77270858298289,0.4230000195093453,0
2530,52.785710332973395,0.4033339791931212,0
2531,52.79866991698509,0.33966597402468324,0
2532,52.809598041989375,0.3097080043517053,0
2533,52.82245020795381,0.29195903334766626,0
2534,52.83529625000665,0.2761669456958771,0
2535,52.84812066698214,0.4000000189989805,0
2536,52.85940020799171,0.28429197845980525,0
2537,52.87222587497672,0.3024580073542893,0
2538,52.88507799996296,0.2716250019147992,0
2539,52.8969808749971,0.31774997478350997,0
2540,52.90985329198884,0.28137501794844866,0
2541,52.922684749995824,0.2573750098235905,0
2542,52.93547591695096,0.33770804293453693,0
2543,52.94836179196136,0.4140830133110285,0
2544,52.961323166964576,0.4194999928586185,0
2545,52.97328291699523,0.5804579704999924,0
2546,52.98641220800346,0.38333400152623653,0
2547,52.99935054196976,0.3139160107821226,0
2548,53.01221641700249,0.29116595396772027,0
2549,53.02438404195709,0.2942910068668425,0
2550,53.03721595800016,0.27129199588671327,0
2551,53.049358666990884,0.38487499114125967,0
2552,53.06229354196694,0.3101250040344894,0
2553,53.07514400000218,0.26829197304323316,0
2554,53.08797049999703,0.2513749641366303,0
2555,53.100760541972704,0.3107080119661987,0
2556,53.11144304199843,0.29095797799527645,0
2557,53.12305724999169,0.26775000151246786,0
2558,53.13466491695726,0.3250830341130495,0
2559,53.14756433299044,0.29150000773370266,0
2560,53.16041608300293,0.27612497797235847,0
2561,53.17323354195105,0.32316602300852537,0
2562,53.186101333005354,0.3178749466314912,0
2563,53.1989575419575,0.2976250252686441,0
2564,53.2101278330083,0.4075419856235385,0
2565,53.2217394579784,0.3464589826762676,0
2566,53.234636374982074,0.4184169811196625,0
2567,53.24702124996111,0.38308301009237766,0
2568,53.259956582973246,0.2993340021930635,0
2569,53.27280704199802,,1
2570,53.38649104197975,0.40991598507389426,0
2571,53.39946033299202,0.35679200664162636,0
2572,53.412378957960755,0.3700419911183417,0
2573,53.425281332980376,0.33125001937150955,0
2574,53.438160999969114,0.32354198629036546,0
2575,53.45102987496648,0.26170798810198903,0
2576,53.46383316698484,0.2384160179644823,0
2577,53.47662329196464,0.240708002820611,0
2578,53.4887465419597,0.2672499977052212,0
2579,53.50006733299233,0.28716697124764323,0
2580,53.51199229195481,0.2970830537378788,0
2581,53.52359291695757,0.24654105072841048,0
2582,53.53477370797191,0.35749998642131686,0
2583,53.5476740829763,0.26533397613093257,0
2584,53.55973262496991,0.23820798378437757,0
2585,53.57251283299411,0.26587495813146234,0
2586,53.5852947079693,0.20333402790129185,0
2587,53.59802054200554,0.26487495051696897,0
2588,53.610806291981135,0.23566599702462554,0
2589,53.623562291963026,0.19383302424103022,0
2590,53.63629224995384,0.34125003730878234,0
2591,53.649198375002015,0.45320799108594656,0
2592,53.660497792006936,0.5076659726910293,0
2593,53.673601541959215,0.5537079996429384,0
2594,53.686006292002276,0.6019159918650985,0
2595,53.69774941698415,0.6003750022500753,0
2596,53.71095812495332,0.46904204646125436,0
2597,53.72400316700805,0.40570797864347696,0
2598,53.73699083295651,0.36970904329791665,0
2599,53.7499245829531,0.31875004060566425,0
2600,53.760473541973624,0.24825002765282989,0
2601,53.773264582967386,0.37508399691432714,0
2602,53.78481954196468,0.3175410092808306,0
2603,53.797684749995824,0.40904199704527855,0
2604,53.80924941698322,0.44416601303964853,0
2605,53.82076899998356,0.3232919843867421,0
2606,53.83157641696744,0.38483302341774106,0
2607,53.844523207983,0.364833977073431,0
2608,53.857448041962925,0.22362504387274384,0
2609,53.87021629197989,0.24179101455956697,0
2610,53.880645582976285,0.34954200964421034,0
2611,53.893553250003606,0.23145799059420824,0
2612,53.90392574999714,0.22774998797103763,0
2613,53.916847124986816,0.25883299531415105,0
2614,53.9271917080041,0.23216695990413427,0
2615,53.939965999976266,0.2793750027194619,0
2616,53.95279154198943,0.20729098469018936,0
2617,53.96553404198494,0.19170797895640135,0
2618,53.97826229198836,0.1788749941624701,0
2619,53.99097329197684,0.17212500097230077,0
2620,54.003686624986585,0.18224999075755477,0
2621,54.01402066700393,0.23445795523002744,0
2622,54.02683116699336,0.22741599241271615,0
2623,54.039623166958336,0.1569160376675427,0
2624,54.052314916974865,0.17387501429766417,0
2625,54.06348449998768,0.18437497783452272,0
2626,54.07620729197515,0.17258297884836793,0
2627,54.08893370797159,0.18795899813994765,0
2628,54.101658208004665,0.179499969817698,0
2629,54.114372541953344,0.1700000138953328,0
2630,54.12462120800046,0.16429199604317546,0
2631,54.1373172919848,0.1879159826785326,0
2632,54.150038332969416,0.17399998614564538,0
2633,54.16274479200365,0.16774999676272273,0
2634,54.175465249980334,0.1752499956637621,0
2635,54.18817300000228,0.16366696218028665,0
2636,54.200870500004385,0.16804196638986468,0
2637,54.213581582996994,0.18687499687075615,0
2638,54.226282999967225,0.1745420158840716,0
2639,54.23899308295222,0.16912503633648157,0
2640,54.251695332990494,0.1651250058785081,0
2641,54.26441070798319,0.1663339789956808,0
2642,54.27712729200721,0.16312499064952135,0
2643,54.289842917001806,0.1912500010803342,0
2644,54.30188849999104,0.17212500097230077,0
2645,54.31459329195786,0.18158304737880826,0
2646,54.32732091698563,0.17374998424202204,0
2647,54.34005920798518,0.18074997933581471,0
2648,54.35282400000142,0.17458299407735467,0
2649,54.36553324997658,0.16466702800244093,0
2650,54.37822870799573,0.16429199604317546,0
2651,54.39092366700061,0.17612497322261333,0
2652,54.403632916975766,0.17608300549909472,0
2653,54.41636924998602,0.17070799367502332,0
2654,54.42909991700435,0.16458297614008188,0
2655,54.441810624965,0.20175002282485366,0
2656,54.45456462498987,0.17362501239404082,0
2657,54.4662464169669,0.15966600039973855,0
2658,54.47894379199715,0.19599997904151678,0
2659,54.49170104198856,0.1824579667299986,0
2660,54.50196045800112,0.22795895347371697,0
2661,54.514740957994945,0.2257919986732304,0
2662,54.52750066696899,0.18095801351591945,0
2663,54.54021329199895,0.1854579895734787,0
2664,54.552118207968306,0.1894999877549708,0
2665,54.564841499959584,0.1857920433394611,0
2666,54.57513441698393,0.23283297196030617,0
2667,54.58791324996855,0.37833303213119507,0
2668,54.59854870795971,0.5656669964082539,0
2669,54.61169783299556,0.22733397781848907,0
2670,54.624486541957594,0.3404160379432142,0
2671,54.63740037498064,0.2804580144584179,0
2672,54.64885287499055,0.20258297445252538,0
2673,54.661611291987356,0.36212499253451824,0
2674,54.67452845798107,0.19079202320426702,0
2675,54.68615120800678,0.23920898092910647,0
2676,54.69646445795661,0.30804204288870096,0
2677,54.707797749957535,0.39829203160479665,0
2678,54.72075933299493,0.16587501158937812,0
2679,54.733481999952346,0.3298750380054116,0
2680,54.746372875000816,0.2287919633090496,0
2681,54.75914279196877,0.13520801439881325,0
2682,54.77183229196817,0.34429103834554553,0
2683,54.784734999993816,0.3381670103408396,0
2684,54.79764704196714,0.38949999725446105,0
2685,54.81062274996657,0.47687499318271875,0
2686,54.82367679197341,0.20837498595938087,0
2687,54.83644254197134,0.33383298432454467,0
2688,54.84716466697864,0.3144579823128879,0
2689,54.858071416965686,0.1742080203257501,0
2690,54.868335250008386,0.1746669877320528,0
2691,54.88019674998941,0.17304200446233153,0
2692,54.89290624996647,0.18920801812782884,0
2693,54.90513558295788,0.1752499956637621,0
2694,54.91785304195946,0.18500001169741154,0
2695,54.93059025000548,0.17287494847550988,0
2696,54.943294500000775,0.17666700296103954,0
2697,54.956018916971516,0.18320803064852953,0
2698,54.96874029195169,0.16366603085771203,0
2699,54.98143791698385,0.17025001579895616,0
2700,54.99415362498257,0.1688330085016787,0
2701,55.00687250000192,0.1723750028759241,0
2702,55.01743329199962,0.16925000818446279,0
2703,55.030133082997054,0.16487500397488475,0
2704,55.04257616697578,,1
2705,55.15596604195889,,1
2706,55.26757554197684,,1
2707,55.37912324996432,0.5102500435896218,0
2708,55.392238957982045,0.5117920227348804,0
2709,55.40533479198348,0.18099998123943806,0
2710,55.41604879195802,0.18804101273417473,0
2711,55.42768158297986,0.19383401377126575,0
2712,55.44042208296014,0.19733404042199254,0
2713,55.45069070800673,0.19999995129182935,0
2714,55.46343124995474,0.23179204436019063,0
2715,55.47406895796303,0.1995839993469417,0
2716,55.485692457994446,0.17379201017320156,0
2717,55.49670645798324,0.7382499752566218,0
2718,55.50899829197442,0.5027910228818655,0
2719,55.5220626249793,0.3161670174449682,0
2720,55.53493895800784,0.33791695022955537,0
2721,55.54782991699176,0.3042499884031713,0
2722,55.560220332990866,0.2700840122997761,0
2723,55.57271708297776,0.2513750223442912,0
2724,55.58550741698127,0.24324998958036304,0
2725,55.598288292007055,0.28624996775761247,0
2726,55.61111991695361,0.27370802126824856,0
2727,55.62393624999095,0.22787495981901884,0
2728,55.636702249990776,0.26424997486174107,0
2729,55.649506374960765,0.22466701921075583,0
2730,55.662266374973115,0.21579198073595762,0
2731,55.675021666975226,0.28670800384134054,0
2732,55.686884166963864,0.37358299596235156,0
2733,55.697775374981575,0.24583301274105906,0
2734,55.70939279196318,0.33504102611914277,0
2735,55.72226883296389,0.2406249986961484,0
2736,55.73503562499536,0.28241699328646064,0
2737,55.747844374971464,0.17075001960620284,0
2738,55.7605352079845,0.14287501107901335,0
2739,55.7732247079839,0.2264169743284583,0
2740,55.78599966695765,0.15420804265886545,0
2741,55.79743449995294,0.15895802062004805,0
2742,55.80945345800137,0.14949997421354055,0
2743,55.8221674169763,0.1272499794140458,0
2744,55.83482337498572,0.136125017888844,0
2745,55.845637332997285,0.18320896197110415,0
2746,55.85835529200267,0.1719159772619605,0
2747,55.868798541952856,0.18754100892692804,0
2748,55.88151991699124,0.17408299027010798,0
2749,55.89423266699305,0.1741249579936266,0
2750,55.90695933299139,0.16674998914822936,0
2751,55.91965995798819,0.16566697740927339,0
2752,55.9323671250022,0.17383298836648464,0
2753,55.944290666957386,0.17458299407735467,0
2754,55.95601916697342,0.17629098147153854,0
2755,55.966246208001394,0.18324999837204814,0
2756,55.978975166974124,0.17399998614564538,0
2757,55.99072129197884,0.16041600611060858,0
2758,56.00125312496675,0.1710419892333448,0
2759,56.01398429198889,0.18341600662097335,0
2760,56.02670245798072,0.16408402007073164,0
2761,56.03718366695102,0.1687500043772161,0
2762,56.049886957975104,0.16345898620784283,0
2763,56.061971999995876,0.17074996139854193,0
2764,56.07469479198335,0.17208297504112124,0
2765,56.087418791954406,0.17275003483518958,0
2766,56.100142666953616,0.1705000177025795,0
2767,56.111134207982104,0.2262089983560145,0
2768,56.12392516696127,0.18595799338072538,0
2769,56.13586104195565,0.1729580108076334,0
2770,56.147482291969936,0.1985410344786942,0
2771,56.16024249995826,0.18033303786069155,0
2772,56.17298466700595,0.17808296252042055,0
2773,56.185402249975596,0.17804198432713747,0
2774,56.19705233298009,0.1729169744066894,0
2775,56.2097889999859,0.17612497322261333,0
2776,56.22252374998061,0.18149998504668474,0
2777,56.234381791960914,0.1849160180427134,0
2778,56.247161916980986,0.17750001279637218,0
2779,56.259871541988105,0.18783297855407,0
2780,56.27259399998002,0.16716698883101344,0
2781,56.287052874977235,0.38662500446662307,0
2782,56.29998583300039,0.28895895229652524,0
2783,56.311952624993864,0.17870799638330936,0
2784,56.32467341696611,0.16795803094282746,0
2785,56.337381374964025,0.15750003512948751,0
2786,56.35007591696922,0.18441601423546672,0
2787,56.36278616695199,0.08000002708286047,0
2788,56.37385049997829,0.12770801549777389,0
2789,56.38650270795915,0.169792037922889,0
2790,56.39920029195491,0.16912503633648157,0
2791,56.41190462495433,0.1674170489422977,0
2792,56.42460554197896,0.16270799096673727,0
2793,56.43796045798808,0.16841699834913015,0
2794,56.45066204195609,0.16537500778213143,0
2795,56.463359499990474,0.16175000928342342,0
2796,56.47607416700339,0.16512494767084718,0
2797,56.48879408300854,0.1669589546509087,0
2798,56.50150437495904,0.17291703261435032,0
2799,56.51421470800415,0.2143339952453971,0
2800,56.52698174997931,0.17837499035522342,0
2801,56.53971024998464,0.17091701738536358,0
2802,56.55243558296934,0.181709008757025,0
2803,56.56517295795493,0.3387500182725489,0
2804,56.57805858296342,0.2986670006066561,0
2805,56.58864716696553,0.19391602836549282,0
2806,56.601377707964275,0.17779204063117504,0
2807,56.61408595799003,0.17374998424202204,0
2808,56.62681329197949,0.1640000264160335,0
2809,56.63954833295429,0.1792090479284525,0
2810,56.652294041996356,0.17504097195342183,0
2811,56.664119499968365,0.1853749854490161,0
2812,56.675738082965836,0.17504201969131827,0
2813,56.686896041966975,0.19470800179988146,0
2814,56.698703125002794,0.4572079633362591,0
2815,56.71173699997598,0.44420798076316714,0
2816,56.724788291961886,0.44650002382695675,0
2817,56.73758566699689,0.6417909753508866,0
2818,56.7508327079704,0.571209006011486,0
2819,56.762781041965354,0.25762501172721386,0
2820,56.77469516696874,0.19966601394116879,0
2821,56.78660649998346,0.19441702170297503,0
2822,56.79761904198676,0.43841596925631166,0
2823,56.810600458004046,0.30049995984882116,0
2824,56.82111716695363,0.32462499802932143,0
2825,56.83328849996906,0.3019170253537595,0
2826,56.84514549997402,0.3857500269077718,0
2827,56.85560658300528,0.4134170012548566,0
2828,56.86860424996121,0.45845803106203675,0
2829,56.88028820796171,0.2785000251606107,0
2830,56.89195516699692,0.2341250074096024,0
2831,56.9047326669679,0.20037498325109482,0
2832,56.91715391696198,0.28920802287757397,0
2833,56.93000829196535,0.27783302357420325,0
2834,56.94242141698487,0.27141597820445895,0
2835,56.95364091696683,0.2532909857109189,0
2836,56.966451499960385,0.37641701055690646,0
2837,56.97801124997204,0.28133299201726913,0
2838,56.990847416978795,0.16925000818446279,0
2839,57.00158170796931,0.2876250073313713,0
2840,57.01442729198607,0.2608330105431378,0
2841,57.027248792001046,0.30087499180808663,0
2842,57.03880008298438,0.27537497226148844,0
2843,57.05121754197171,0.21258299238979816,0
2844,57.06281754199881,0.33887499012053013,0
2845,57.0746782500064,0.3773329663090408,0
2846,57.086541416996624,0.35166600719094276,0
2847,57.09946516697528,0.3648329875431955,0
2848,57.112396291980986,0.23520801914855838,0
2849,57.12359191698488,0.2074579824693501,0
2850,57.136353291978594,0.3620409988798201,0
2851,57.14931383298244,0.23212499218061566,0
2852,57.16048729198519,0.27008302276954055,0
2853,57.173306666954886,0.33504102611914277,0
2854,57.18375525000738,0.2823329996317625,0
2855,57.1960247499519,0.272583041805774,0
2856,57.20883550000144,0.19591697491705418,0
2857,57.21960295800818,0.19512494327500463,0
2858,57.232336166955065,0.2441250253468752,0
2859,57.24489333300153,0.36274996818974614,0
2860,57.25784129195381,0.3748330054804683,0
2861,57.2707898329827,0.3789999755099416,0
2862,57.28312829200877,0.36341598024591804,0
2863,57.295000207959674,0.4682090366259217,0
2864,57.30689037498087,0.4695000243373215,0
2865,57.31930658296915,0.5394589970819652,0
2866,57.33242333296221,0.5467089940793812,0
2867,57.34553945797961,0.5437500076368451,0
2868,57.3567251249915,0.5347079713828862,0
2869,57.36842216696823,0.4962499951943755,0
2870,57.38149362499826,0.5427919677458704,0
2871,57.39450591697823,0.5607500206679106,0
2872,57.40707516699331,0.5852499743923545,0
2873,57.420236749981996,0.5477499798871577,0
2874,57.43240704195341,0.5215410492382944,0
2875,57.44440862495685,0.5726670497097075,0
2876,57.456360332958866,0.5286250379867852,0
2877,57.4695640829741,0.5913340137340128,0
2878,57.48181616695365,0.5748330149799585,0
2879,57.49262087495299,0.46800001291558146,0
2880,57.505662707961164,0.5004170234315097,0
2881,57.518079999950714,0.491917016915977,0
2882,57.53068999998504,0.4884169902652502,0
2883,57.54375437495764,0.5128330085426569,0
2884,57.55461662495509,0.6143330247141421,0
2885,57.56719695799984,0.598583952523768,0
2886,57.58038729196414,0.5713329883292317,0
2887,57.59308137500193,0.5422919639386237,0
2888,57.60619662498357,0.5218749865889549,0
2889,57.617019166995306,0.5564579623751342,0
2890,57.62848458299413,0.5292500136420131,0
2891,57.64161187497666,0.514000013936311,0
2892,57.652385791996494,0.5000829696655273,0
2893,57.66438329196535,0.47037500189617276,0
2894,57.677437375008594,0.49783295253291726,0
2895,57.68858558300417,0.5713339778594673,0
2896,57.699951124959625,0.5028750165365636,0
2897,57.71305279195076,0.3767500165849924,0
2898,57.72491554199951,0.35387498792260885,0
2899,57.737839541980065,0.37758302642032504,0
2900,57.74969908298226,0.4545419942587614,0
2901,57.76194483297877,0.4603340057656169,0
2902,57.773245041957125,0.36866602022200823,0
2903,57.78617291699629,0.3609159612096846,0
2904,57.79910224996274,0.42462500277906656,0
2905,57.81209358299384,0.5039589595980942,0
2906,57.82325041695731,,1
2907,57.93707225000253,,1
2908,58.049966166960075,0.5849160370416939,0
2909,58.060750749951694,0.454292050562799,0
2910,58.07378804200562,0.46866596676409245,0
2911,58.08470320800552,0.6299169617705047,0
2912,58.09821483300766,0.46966696390882134,0
2913,58.11131437495351,0.5951670464128256,0
2914,58.122747707995586,0.7864589570090175,0
2915,58.136155832966324,0.5492920172400773,0
2916,58.149328666971996,0.5963750299997628,0
2917,58.162120583001524,0.3268749569542706,0
2918,58.17398491699714,0.5521249840967357,0
2919,58.18714974995237,0.4422080237418413,0
2920,58.20020108297467,0.521209032740444,0
2921,58.21332662500208,0.4799169837497175,0
2922,58.226414499979,0.4883329966105521,0
2923,58.23759324999992,0.5272499984130263,0
2924,58.25012300000526,0.4830419784411788,0
2925,58.263218999956734,0.4504999960772693,0
2926,58.276276999968104,0.5344169912859797,0
2927,58.28782379196491,0.40566601091995835,0
2928,58.30037574999733,0.503457966260612,0
2929,58.312674707965925,0.4243750008754432,0
2930,58.32570383296115,0.4950420116074383,0
2931,58.338819750002585,0.4748329520225525,0
2932,58.350652916997205,0.5918749957345426,0
2933,58.36386541696265,0.6427080370485783,0
2934,58.37711758300429,0.5368749843910336,0
2935,58.38818495796295,0.46200002543628216,0
2936,58.401234499993734,0.5220419843681157,0
2937,58.41435566695873,0.5179159925319254,0
2938,58.42748037498677,0.5079999682493508,0
2939,58.44057299999986,0.5076249944977462,0
2940,58.451983832987025,,1
2941,58.565820207993966,,1
2942,58.6787459999905,,1
2943,58.79256379196886,,1
2944,58.90581116697285,,1
2945,59.01891704200534,,1
2946,59.1327164999675,,1
2947,59.246477041975595,0.4606660222634673,0
2948,59.25892762496369,0.23854203755035996,0
2949,59.27171233296394,0.19216700457036495,0
2950,59.28444179199869,0.17529097385704517,0
2951,59.29715033300454,0.1687089679762721,0
2952,59.30984754196834,0.1645830343477428,0
2953,59.322563708003145,0.19095896277576685,0
2954,59.335294166987296,0.19062496721744537,0
2955,59.34802791697439,0.17566600581631064,0
2956,59.35885874996893,0.21604198263958097,0
2957,59.37056383298477,0.18141698092222214,0
2958,59.38084712496493,0.17683301120996475,0
2959,59.39356549998047,0.16887497622519732,0
2960,59.40406124998117,0.167582998983562,0
2961,59.41676033299882,0.17379195196554065,0
2962,59.42946929199388,0.17637497512623668,0
2963,59.44220041699009,0.1652499777264893,0
2964,59.45489658298902,0.16537500778213143,0
2965,59.46625012496952,0.17558300169184804,0
2966,59.47895945800701,0.16608397709205747,0
2967,59.49165724997874,0.1668750192038715,0
2968,59.50435845798347,0.1829169923439622,0
2969,59.51710129197454,0.27833302738144994,0
2970,59.52996095799608,0.2965419553220272,0
2971,59.542808957980014,0.3397500258870423,0
2972,59.55569533299422,0.264959002379328,0
2973,59.56849549995968,0.24104199837893248,0
2974,59.57888633297989,0.37274998612701893,0
2975,59.59123316698242,0.2075409865938127,0
2976,59.60398908297066,0.48104202141985297,0
2977,59.61709820799297,0.40849996730685234,0
2978,59.6299442499876,0.3269169828854501,0
2979,59.642565999994986,0.22004201309755445,0
2980,59.65532683295896,0.1765000051818788,0
2981,59.66636833298253,0.18437497783452272,0
2982,59.67690145800589,0.18129195086658,0
2983,59.68849020800553,0.19220897229388356,0
2984,59.7012183329789,0.23387500550597906,0
2985,59.71399695798755,0.19024999346584082,0
2986,59.726723750005476,0.1860829652287066,0
2987,59.739445374987554,,1
2988,59.85104254196631,0.43058302253484726,0
2989,59.86402666696813,0.23529102327302098,0
2990,59.87683899997501,0.2307079848833382,0
2991,59.889608083001804,0.1727089984342456,0
2992,59.902325041999575,,1
2993,60.0160666249576,,1
2994,60.12969645799603,0.43033401016145945,0
2995,60.14268320798874,0.235249986872077,0
2996,60.15548099996522,0.1937079941853881,0
2997,60.16624620795483,0.2256670268252492,0
2998,60.179014583001845,0.17841695807874203,0
2999,60.19174416700844,0.177707988768816,0
3000,60.20447033300297,,1
3001,60.31814112496795,,1
3002,60.43190774996765,,1
3003,60.545696374960244,,1
3004,60.6586283329525,,1
3005,60.772464541951194,,1
3006,60.88537045795238,0.5216250428929925,0
3007,60.89846758299973,0.2802920062094927,0
3008,60.9113202499575,0.24791702162474394,0
3009,60.9241434999858,0.22137496853247285,0
3010,60.936900999979116,0.2531670033931732,0
3011,60.949668624962214,0.28725003357976675,0
3012,60.96249695797451,0.2803340321406722,0
3013,60.97533720795764,0.2392090391367674,0
3014,60.98812120797811,0.22112502483651042,0
3015,61.00043266697321,,1
3016,61.11410904198419,,1
3017,61.22794958297163,,1
3018,61.34125666698674,0.5141659639775753,0
3019,61.354346374981105,0.23141701240092516,0
3020,61.367129207996186,0.2846249844878912,0
3021,61.379645207955036,0.183542026206851,0
3022,61.392371458001435,0.1753749675117433,0
3023,61.405086541955825,0.18145801732316613,0
3024,61.4178246249794,0.22070802515372634,0
3025,61.430583749955986,0.16962504014372826,0
3026,61.44328691699775,0.16504095401614904,0
3027,61.45598450000398,0.16191694885492325,0
3028,61.4662428330048,0.1699999556876719,0
3029,61.47894895798527,0.16645900905132294,0
3030,61.491648541996256,0.16541598597541451,0
3031,61.50436133297626,0.1681250287219882,0
3032,61.51705899997614,0.1650420017540455,0
3033,61.52865358296549,0.24216703604906797,0
3034,61.54144149995409,0.3219170030206442,0
3035,61.55432016699342,0.2722080098465085,0
3036,61.56560916698072,0.2615409903228283,0
3037,61.577496416983195,0.29270799132063985,0
3038,61.5903441249975,0.25766697945073247,0
3039,61.602797416970134,0.4094580071978271,0
3040,61.6133499169955,0.3482910105958581,0
3041,61.62441870797193,1.5210839919745922,0
3042,61.63616504200036,0.20062498515471816,0
3043,61.648909291950986,0.2815830521285534,0
3044,61.66175170795759,0.3101670299656689,0
3045,61.6737932919641,0.2811659942381084,0
3046,61.685411541955546,0.2109580091200769,0
3047,61.69570220797323,0.3166670212522149,0
3048,61.70856616698438,0.2216249704360962,0
3049,61.71921662497334,0.6248750141821802,0
3050,61.73240949999308,0.27291697915643454,0
3051,61.74522708298173,0.22833398543298244,0
3052,61.75665241695242,0.35629101330414414,0
3053,61.767781999951694,0.3749169991351664,0
3054,61.780735082982574,0.3530000103637576,0
3055,61.793655707966536,0.20237499848008156,0
3056,61.806400750007015,0.152749998960644,0
3057,61.8188657919527,0.12345804134383798,0
3058,61.82916033297079,0.19329198403283954,0
3059,61.841250791971106,,1
3060,61.95482633297797,,1
3061,62.06860133295413,,1
3062,62.18137508298969,0.5009999731555581,0
3063,62.194465999957174,0.3642080118879676,0
3064,62.207398457976524,0.46058400766924024,0
3065,62.218576541985385,0.37354097003117204,0
3066,62.229874666954856,0.36100001307204366,0
3067,62.24279479199322,0.3500409657135606,0
3068,62.25569408299634,0.3100839676335454,0
3069,62.268189541995525,0.3274159971624613,0
3070,62.28108029195573,0.31808303901925683,0
3071,62.29395054199267,0.38904097164049745,0
3072,62.30689224996604,0.2977080293931067,0
3073,62.31833345798077,0.30387501465156674,0
3074,62.32979195797816,0.31508400570601225,0
3075,62.34128245798638,0.29845896642655134,0
3076,62.35412799997721,0.2972499933093786,0
3077,62.36477858299622,0.28979196213185787,0
3078,62.377609957999084,0.3102499758824706,0
3079,62.39046016696375,0.28245802968740463,0
3080,62.40328266698634,,1
3081,62.51705458300421,,1
3082,62.6308794170036,,1
3083,62.74472545797471,,1
3084,62.858014457975514,,1
3085,62.97136583295651,,1
3086,63.08523862500442,,1
3087,63.19896712497575,0.39833300979807973,0
3088,63.21193524997216,0.2424580161459744,0
3089,63.22472774999915,0.20566699095070362,0
3090,63.23536570795113,0.1757500576786697,0
3091,63.24809024995193,0.18762500258162618,0
3092,63.26082437497098,0.1894999877549708,0
3093,63.27355383295799,0.3065420314669609,0
3094,63.286408332991414,0.21224998636171222,0
3095,63.29915733297821,0.19099999917671084,0
3096,63.31188141700113,0.1871249987743795,0
3097,63.324603874993045,0.17570797353982925,0
3098,63.33731029200135,0.17941597616299987,0
3099,63.35002083296422,0.17366703832522035,0
3100,63.36274949996732,0.19808299839496613,0
3101,63.37428408296546,0.23845903342589736,0
3102,63.387063750007655,0.18812494818121195,0
3103,63.39978624996729,0.18162501510232687,0
3104,63.41249920800328,0.17612497322261333,0
3105,63.42524345795391,0.27404201682657003,0
3106,63.43810524995206,0.20233303075656295,0
3107,63.45012454199605,0.18279097275808454,0
3108,63.4617549579707,0.18495903350412846,0
3109,63.47447837499203,0.19166700076311827,0
3110,63.48496933298884,0.1947919954545796,0
3111,63.49769724998623,0.18020800780504942,0
3112,63.50841599999694,0.17562496941536665,0
3113,63.52112741698511,0.17258297884836793,0
3114,63.53230695798993,0.20920898532494903,0
3115,63.54506308300188,0.1907919649966061,0
3116,63.55781612498686,0.19633298506960273,0
3117,63.570545791997574,0.19704096484929323,0
3118,63.583304166968446,0.21949998335912824,0
3119,63.5960627499735,0.18991698743775487,0
3120,63.606875416997354,0.1771249808371067,0
3121,63.61958470795071,0.20662503084167838,0
3122,63.63234337500762,0.20066695287823677,0
3123,63.64507450000383,0.1872080028988421,0
3124,63.65781183296349,0.18183403881266713,0
3125,63.67043870798079,0.25616702623665333,0
3126,63.682317707978655,0.1817920128814876,0
3127,63.69394299999112,0.24204200599342585,0
3128,63.705554124957416,0.59908302500844,0
3129,63.7173097920022,0.5237909499555826,0
3130,63.73039962496841,0.3660829970613122,0
3131,63.74085820798064,0.2692500129342079,0
3132,63.75369524996495,0.34970801789313555,0
3133,63.76666058297269,0.3675839980132878,0
3134,63.77958979195682,0.36870804615318775,0
3135,63.79251879197545,0.36862498382106423,0
3136,63.80544845800614,0.4200839903205633,0
3137,63.81842116697226,0.3412499791011214,0
3138,63.83131095796125,0.3042500466108322,0
3139,63.84416274999967,0.3303329576738179,0
3140,63.8561268330086,0.39316696347668767,0
3141,63.869064625003375,0.31999999191612005,0
3142,63.88193087495165,0.38466701516881585,0
3143,63.894872707955074,0.4168340237811208,0
3144,63.907855750003364,0.34204195253551006,0
3145,63.92027345800307,0.2709169639274478,0
3146,63.93310099997325,0.27120800223201513,0
3147,63.94591316697188,,1
3148,64.05961554200621,,1
3149,64.17336820799392,,1
3150,64.28710945800412,,1
3151,64.40081495797494,,1
3152,64.51246308296686,0.4502090159803629,0
3153,64.52548512496287,0.3209169954061508,0
3154,64.53835716698086,,1
3155,64.65204691700637,,1
3156,64.76583404198755,,1
3157,64.87799566698959,,1
3158,64.99183491698932,,1
3159,65.10506337496918,,1
3160,65.21886233298574,,1
3161,65.33275895798579,,1
3162,65.44663525000215,0.3933749976567924,0
3163,65.45959524996579,0.23845798568800092,0
3164,65.47238495800411,0.21195894805714488,0
3165,65.48515799996676,0.19491702551022172,0
3166,65.4956189999939,0.30387501465156674,0
3167,65.50846949999686,0.20899996161460876,0
3168,65.52123304200359,0.2092499635182321,0
3169,65.53400187497027,0.20516698714345694,0
3170,65.54675720800878,0.19024999346584082,0
3171,65.56052808300592,0.18445897148922086,0
3172,65.57326366699999,0.19299995619803667,0
3173,65.58390899997903,0.22354198154062033,0
3174,65.59435562498402,0.15224999515339732,0
3175,65.60703933297191,0.20154198864474893,0
3176,65.61979174998123,0.1930419821292162,0
3177,65.63253541698214,0.18675002502277493,0
3178,65.64525462500751,0.18854194786399603,0
3179,65.65797779196873,0.2027080045081675,0
3180,65.67072633298812,0.19620900275185704,0
3181,65.68345620797481,0.1847919775173068,0
3182,65.69617608300177,0.19620900275185704,0
3183,65.70890237495769,0.1739170402288437,0
3184,65.72160779195838,0.1824999926611781,0
3185,65.73435233300552,0.18999999156221747,0
3186,65.74710066698026,0.18700002692639828,0
3187,65.75984049995895,0.1764580374583602,0
3188,65.77254687499953,0.18112495308741927,0
3189,65.78373845800525,0.25099999038502574,0
3190,65.79653433297062,0.3957090084441006,0
3191,65.80948637495749,0.3185830428265035,0
3192,65.82238279195735,0.23125001462176442,0
3193,65.83408145798603,0.21187501261010766,0
3194,65.84683504200075,0.22133300080895424,0
3195,65.8595822500065,0.22391695529222488,0
3196,65.87234991695732,0.2520830021239817,0
3197,65.88514104200294,0.2157079870812595,0
3198,65.89792208297877,,1
3199,66.01014241698431,0.2841660170815885,0
3200,66.02174020797247,0.2627500216476619,0
3201,66.03454595798394,0.21600001491606236,0
3202,66.04729625000618,0.21349999587982893,0
3203,66.06004920799751,0.21220900816842914,0
3204,66.07281233300455,0.2049999893642962,0
3205,66.08559233299457,0.2322919899597764,0
3206,66.09836445795372,0.2232090337201953,0
3207,66.11115220800275,0.21137495059520006,0
3208,66.12392583297333,0.19912503194063902,0
3209,66.13668091699947,0.19462499767541885,0
3210,66.14942470798269,0.21729199215769768,0
3211,66.1610994169605,0.19404100021347404,0
3212,66.17267108295346,0.21216704044491053,0
3213,66.18541733297752,0.22633402841165662,0
3214,66.19591629196657,0.2430410240776837,0
3215,66.2086934580002,0.2109999768435955,0
3216,66.2191040419857,0.2032080083154142,0
3217,66.2306697499589,0.22325001191347837,0
3218,66.24179483298212,0.23212499218061566,0
3219,66.25456470798235,0.23095897631719708,0
3220,66.26555137499236,0.19695796072483063,0
3221,66.2767449169769,0.22066599922254682,0
3222,66.28874162497232,0.2205829950980842,0
3223,66.30149754200829,0.20299997413530946,0
3224,66.31199895800091,0.1930839498527348,0
3225,66.32472258299822,0.18033396918326616,0
3226,66.3374330829829,0.17662497702986002,0
3227,66.3501411670004,0.18629099940881133,0
3228,66.36285970796598,0.18258398631587625,0
3229,66.37398595799459,0.2595839905552566,0
3230,66.38490820798324,0.2215420245192945,0
3231,66.39766679197783,0.15316600911319256,0
3232,66.41035474999808,0.16083300579339266,0
3233,66.4230411669705,0.13879098696634173,0
3234,66.43569916696288,0.13920804485678673,0
3235,66.44835699995747,0.15112501569092274,0
3236,66.46102899999823,0.1498329802416265,0
3237,66.47370099998079,0.14720798935741186,0
3238,66.48638104199199,0.19008299568668008,0
3239,66.49777320795693,0.19700004486367106,0
3240,66.50890837499173,0.2610000083222985,0
3241,66.5217049579951,0.20458397921174765,0
3242,66.5325753329671,0.20175002282485366,0
3243,66.54531524999766,0.1897079637274146,0
3244,66.55803716700757,0.1878749462775886,0
3245,66.57076095795492,0.20108401076868176,0
3246,66.58351945795584,0.3061250317841768,0
3247,66.5963720419677,0.28316600946709514,0
3248,66.60804749996169,0.27370802126824856,0
3249,66.61966558295535,0.28537504840642214,0
3250,66.63247024995508,0.2568330382928252,0
3251,66.64526445796946,0.25204202393069863,0
3252,66.65806374995736,0.23829203564673662,0
3253,66.67087091697613,0.21849997574463487,0
3254,66.6835536249564,0.2519170520827174,0
3255,66.6963504999876,0.35491696326062083,0
3256,66.709284749988,0.28849998489022255,0
3257,66.7221167079988,0.24729198776185513,0
3258,66.73490720795235,0.2576670376583934,0
3259,66.74733137496514,0.22491702111437917,0
3260,66.7590007079998,0.2051249612122774,0
3261,66.77060629200423,0.2192499814555049,0
3262,66.78339304198744,0.24054100504145026,0
3263,66.7938006669865,0.24716596817597747,0
3264,66.80492779199267,0.2365830005146563,0
3265,66.81769670796348,0.20537502132356167,0
3266,66.82864041696303,0.21349999587982893,0
3267,66.84138979198178,0.20295800641179085,0
3268,66.85413954197429,0.3504999913275242,0
3269,66.86703624995425,0.2531250356696546,0
3270,66.87983754195739,0.3049580263905227,0
3271,66.8924250829732,0.24795898934826255,0
3272,66.90521050000098,0.25104195810854435,0
3273,66.91801029199269,0.3106250078417361,0
3274,66.93086116696941,0.2744580269791186,0
3275,66.94256720796693,0.24895899696275592,0
3276,66.95491212495835,0.23375003365799785,0
3277,66.9676902499632,0.22508302936330438,0
3278,66.98045083298348,0.2333340235054493,0
3279,66.99321849999251,0.2512499922886491,0
3280,67.0045832080068,0.21999998716637492,0
3281,67.01736458297819,0.2167089842259884,0
3282,67.03014666697709,0.20358298206701875,0
3283,67.04256262496347,,1
3284,67.15626758296276,,1
3285,67.26980466698296,,1
3286,67.38358249998419,0.35799999022856355,0
3287,67.39569420798216,0.2608749782666564,0
3288,67.40852087497478,0.18375000217929482,0
3289,67.42045245796908,0.13599998783320189,0
3290,67.43311204196652,0.15945802442729473,0
3291,67.44450754200807,0.15799998072907329,0
3292,67.45720466697821,0.16270799096673727,0
3293,67.4699115830008,0.1692919759079814,0
3294,67.48065429198323,0.18391601042822003,0
3295,67.49338787497254,0.2878329833038151,0
3296,67.50621804199181,0.20399998174980283,0
3297,67.51666766696144,0.20750000840052962,0
3298,67.52941545797512,0.1894590095616877,0
3299,67.54216779198032,0.1979580265469849,0
3300,67.5549032499548,0.17308304086327553,0
3301,67.56588545796694,0.16845902428030968,0
3302,67.57771233300446,0.18666696269065142,0
3303,67.58908887498546,0.19008299568668008,0
3304,67.60181870800443,0.19337498815730214,0
3305,67.61232466698857,0.1926249824464321,0
3306,67.6239371249685,0.1723330351524055,0
3307,67.63656433299184,0.16837497241795063,0
3308,67.64904362498783,0.19300001440569758,0
3309,67.66179387498414,0.18695800099521875,0
3310,67.67453737498727,0.17549999756738544,0
3311,67.68687199999113,0.1919579808600247,0
3312,67.6996008749702,0.1675420207902789,0
3313,67.71099208295345,0.18387503223493695,0
3314,67.72262445796514,0.17312500858679414,0
3315,67.73398770799395,0.17862499225884676,0
3316,67.74582099996042,0.20154204685240984,0
3317,67.75743374996819,0.17725001089274883,0
3318,67.76904470799491,0.16733398661017418,0
3319,67.78056058299262,0.18441700376570225,0
3320,67.79328508296749,0.20458403741940856,0
3321,67.80481645796681,0.22183399414643645,0
3322,67.8175753329997,0.23787497775629163,0
3323,67.83036575000733,0.20399998174980283,0
3324,67.8425714999903,0.2055829972960055,0
3325,67.85532183299074,0.31229201704263687,0
3326,67.86769374995492,0.2359580248594284,0
3327,67.88048470800277,0.22595899645239115,0
3328,67.89094504195964,0.19695801893249154,0
3329,67.90257645800011,0.19274995429441333,0
3330,67.91403579199687,0.183124968316406,0
3331,67.92579162499169,0.16720796702429652,0
3332,67.93682404200081,0.19254098879173398,0
3333,67.94955608295277,0.31158403726294637,0
3334,67.96242674998939,0.3541249898262322,0
3335,67.97533062496223,0.286333030089736,0
3336,67.98817316698842,0.25695801014080644,0
3337,68.00097166700289,0.24354096967726946,0
3338,68.01285558298696,0.2803750103339553,0
3339,68.02567308297148,0.21666701650246978,0
3340,68.03842379199341,0.19445799989625812,0
3341,68.05115845799446,0.26808399707078934,0
3342,68.06197074998636,0.21233299048617482,0
3343,68.0747474579839,0.206666998565197,0
3344,68.08752116700634,0.19308296032249928,0
3345,68.10024599998724,0.2181250019930303,0
3346,68.11299887497444,0.208500016015023,0
3347,68.12575283297338,0.1984999980777502,0
3348,68.13850754196756,0.19233301281929016,0
3349,68.15125908295158,0.20591705106198788,0
3350,68.1621007079957,0.23387500550597906,0
3351,68.17488674999913,0.19545800751075149,0
3352,68.18700695800362,0.2299170009791851,0
3353,68.19990595796844,,1
3354,68.3136059169774,0.4012910067103803,0
3355,68.32633104198612,0.2924160216934979,0
3356,68.33916520798812,0.2321670181117952,0
3357,68.35193479200825,0.2650829846970737,0
3358,68.3647400419577,0.22504100343212485,0
3359,68.37598483299371,0.24958397261798382,0
3360,68.38878179196035,0.23279100423678756,0
3361,68.40155524999136,0.250082986894995,0
3362,68.41340987500735,0.2253329730592668,0
3363,68.42503404198214,0.2097500255331397,0
3364,68.43777737498749,0.1996249775402248,0
3365,68.45050916698528,0.2021659747697413,0
3366,68.46327329199994,0.203415984287858,0
3367,68.47603883297415,0.19404198974370956,0
3368,68.486366541998,0.2134579699486494,0
3369,68.49912733299425,0.23554195649921894,0
3370,68.51021829195088,0.23450003936886787,0
3371,68.52170766697964,0.2038329839706421,0
3372,68.53209466696717,,1
3373,68.64573670795653,0.28775003738701344,0
3374,68.65868979197694,0.6115409778431058,0
3375,68.67186020797817,0.4264590097591281,0
3376,68.6848484170041,0.4005410009995103,0
3377,68.69782466697507,1.1188749922439456,0
3378,68.71102545800386,0.6155419978313148,0
3379,68.72426645795349,0.5659590242430568,0
3380,68.7374650829588,0.5410840385593474,0
3381,68.75063829199644,0.6624159868806601,0
3382,68.76227187499171,0.7149580051191151,0
3383,68.77389904198935,0.5941659910604358,0
3384,68.78714174998458,0.630167021881789,0
3385,68.8005004999577,0.5981250433251262,0
3386,68.81157758296467,0.5926670273765922,0
3387,68.82484412495978,0.7582500111311674,0
3388,68.83841624995694,0.3426670446060598,0
3389,68.85134737496264,0.4855000297538936,0
3390,68.86441445798846,0.37933397106826305,0
3391,68.87743183295242,0.39641704643145204,0
3392,68.89041733299382,0.38112496258690953,0
3393,68.90338012500433,0.3291670000180602,0
3394,68.9144576669787,0.2835409832186997,0
3395,68.9272025829996,0.3067500074394047,0
3396,68.94008324999595,0.31762500293552876,0
3397,68.95298029197147,0.3196250181645155,0
3398,68.96586645796197,0.3072500112466514,0
3399,68.97873912495561,0.3972920239903033,0
3400,68.99008158297511,0.35191699862480164,0
3401,69.00194824999198,0.3364579752087593,0
3402,69.01390274998266,0.33249997068196535,0
3403,69.0249847919913,0.28204097179695964,0
3404,69.03782324999338,0.3934999695047736,0
3405,69.05077783297747,0.22458401508629322,0
3406,69.06209208298242,,1
3407,69.17573741695378,,1
3408,69.28845412499504,,1
3409,69.40224116697209,,1
3410,69.51605008298066,,1
3411,69.62984004197642,,1
3412,69.7425896669738,,1
3413,69.85643837496173,0.45300001511350274,0
3414,69.86945254198508,0.25687500601634383,0
3415,69.88206358300522,0.22020895266905427,0
3416,69.89367304195184,0.2018750528804958,0
3417,69.9052775829914,0.20650000078603625,0
3418,69.91802279197145,,1
3419,70.03138050000416,,1
3420,70.14515224995557,,1
3421,70.25889724999433,,1
3422,70.37262391700642,,1
3423,70.48634279199177,,1
3424,70.60010045795934,,1
3425,70.71317604195792,,1
3426,70.82688329200028,,1
3427,70.94065424997825,,1
3428,71.05444737500511,,1
3429,71.1682154579903,,1
3430,71.28198379196692,,1
3431,71.39573616697453,,1
3432,71.50892987498082,0.4005419905297458,0
3433,71.52188191696769,0.25654101045802236,0
3434,71.53338491695467,0.24283304810523987,0
3435,71.54615995800123,0.2347919507883489,0
3436,71.55893191695213,0.20120805129408836,0
3437,71.57166354195215,0.18283299868926406,0
3438,71.58292912499746,0.1985830022022128,0
3439,71.5945507499855,0.1830830005928874,0
3440,71.60727174999192,0.22562500089406967,0
3441,71.61775591695914,0.20004104590043426,0
3442,71.62936004198855,0.19483297364786267,0
3443,71.64096179197077,,1
3444,71.7547050419962,,1
3445,71.86812929197913,,1
3446,71.98065383295761,,1
3447,72.09376537497155,0.402832985855639,0
3448,72.10582320799585,0.34541700733825564,0
3449,72.11717904196121,0.21829101024195552,0
3450,72.12993520795135,0.18370902398601174,0
3451,72.14264058298431,0.18575001740828156,0
3452,72.1553662919905,0.18074997933581471,0
3453,72.16808604198741,,1
3454,72.27953458297998,,1
3455,72.39330808300292,,1
3456,72.50713762495434,,1
3457,72.6210105829523,,1
3458,72.73482862499077,,1
3459,72.84766699996544,,1
3460,72.96130395797081,,1
3461,73.07495062495582,,1
3462,73.18874399998458,0.48441701801493764,0
3463,73.20179670798825,0.2589999930933118,0
3464,73.21460754197324,0.25887502124533057,0
3465,73.22741458297241,0.20591699285432696,0
3466,73.24015716696158,0.1966250129044056,0
3467,73.25291358295362,0.2018340164795518,0
3468,73.26567458297359,0.19633403280749917,0
3469,73.2779537079623,0.2452090266160667,0
3470,73.29074654198484,0.20304101053625345,0
3471,73.30119341699174,0.3512079711072147,0
3472,73.31281137495534,0.24687504628673196,0
3473,73.32560062495759,0.22012501722201705,0
3474,73.33602954196976,0.20170799689367414,0
3475,73.34779020800488,0.19529199926182628,0
3476,73.36051904200576,0.20604097517207265,0
3477,73.37326145800762,0.19599997904151678,0
3478,73.38599458296085,0.18020899733528495,0
3479,73.39871133299312,0.2239999594166875,0
3480,73.40974720800295,0.20541698904708028,0
3481,73.42164995800704,0.23574999067932367,0
3482,73.43445679196157,0.2109580091200769,0
3483,73.44634408300044,0.19324995810166,0
3484,73.45794900000328,0.17391698202118278,0
3485,73.47066399996402,0.18795800860971212,0
3486,73.48338358296314,0.21516700508072972,0
3487,73.49615991697647,0.1948330318555236,0
3488,73.50891400000546,0.20174996461719275,0
3489,73.5216527080047,0.21187495440244675,0
3490,73.5344019579934,0.22891699336469173,0
3491,73.54716650000773,0.2282079658471048,0
3492,73.55835491698235,0.22558297496289015,0
3493,73.57113179197768,0.21416600793600082,0
3494,73.58390774996951,0.19491702551022172,0
3495,73.59666799998377,0.19358302233740687,0
3496,73.60939237498678,0.1729169744066894,0
3497,73.62209941697074,0.24779100203886628,0
3498,73.63488174998201,0.20420801592990756,0
3499,73.64761883299798,0.1995839993469417,0
3500,73.65991854196182,0.20670803496614099,0
3501,73.67265554197365,0.20679098088294268,0
3502,73.68449454195797,0.20170799689367414,0
3503,73.6972378329956,0.21095899865031242,0
3504,73.70999037497677,0.19470800179988146,0
3505,73.72271737497067,,1
3506,73.836220666999,,1
3507,73.94968708296074,,1
3508,74.0619679169613,,1
3509,74.17569041700335,,1
3510,74.28790787496837,,1
3511,74.40166179195512,,1
3512,74.51443879195722,,1
3513,74.62822516699089,,1
3514,74.7420213749865,,1
3515,74.8551983750076,,1
3516,74.96898962499108,,1
3517,75.08269241696689,,1
3518,75.19651533296565,,1
3519,75.30809537495952,,1
3520,75.42002854199382,,1
3521,75.53209579200484,,1
3522,75.64470466697821,0.44241599971428514,0
3523,75.65773245797027,0.28249999741092324,0
3524,75.6696350830025,0.2210419625043869,0
3525,75.68124362500384,0.1901669893413782,0
3526,75.69397054199362,0.22016599541530013,0
3527,75.70673012500629,0.19637495279312134,0
3528,75.71946329198545,0.1884580124169588,0
3529,75.73063695797464,0.20812498405575752,0
3530,75.74258479196578,0.20512501941993833,0
3531,75.75534791697282,0.19208301091566682,0
3532,75.76809941697866,0.18229102715849876,0
3533,75.77994945796672,0.18462503794580698,0
3534,75.79266649996862,0.18158298917114735,0
3535,75.80323729198426,0.18991599790751934,0
3536,75.81596245797118,0.16670901095494628,0
3537,75.82637141697342,0.2150830114260316,0
3538,75.8391252500005,0.21304195979610085,0
3539,75.850192916987,0.3549159737303853,0
3540,75.86308770795586,0.17687503714114428,0
3541,75.87579720799113,0.20991696510463953,0
3542,75.88856258295709,0.20566704915836453,0
3543,75.90171404200373,0.2044999855570495,0
3544,75.91446233296301,0.18804200226441026,0
3545,75.92672508297255,0.19150000298395753,0
3546,75.93946612498257,0.18091697711497545,0
3547,75.9522082079784,0.18437497783452272,0
3548,75.96495833300287,0.1799589954316616,0
3549,75.97726733295713,0.17283402848988771,0
3550,75.98890437500086,0.21120795281603932,0
3551,76.00051516696112,0.18270802684128284,0
3552,76.01254629198229,0.19058299949392676,0
3553,76.0252518329653,0.25808403734117746,0
3554,76.0380801249994,0.24491699878126383,0
3555,76.05088437499944,0.2215419663116336,0
3556,76.06403958296869,,1
3557,76.17770812497474,,1
3558,76.29058195796097,,1
3559,76.40432583296206,0.308374990709126,0
3560,76.41720637498656,0.2365419641137123,0
3561,76.42814254196128,0.2555830287747085,0
3562,76.44093791698106,,1
3563,76.55458129197359,,1
3564,76.66829858295387,,1
3565,76.78207899996778,,1
3566,76.89548304199707,,1
3567,77.00929433299461,,1
3568,77.1230524579878,,1
3569,77.23674929200206,0.437582959420979,0
3570,77.2497533329879,0.2869999734684825,0
3571,77.26021325000329,0.23095798678696156,0
3572,77.27180958300596,0.2014999627135694,0
3573,77.28455841698451,0.20716601284220815,0
3574,77.2950459169806,0.193290994502604,0
3575,77.3059649579809,0.22670900216326118,0
3576,77.31872862495948,0.20954199135303497,0
3577,77.32987650000723,0.19087496912106872,0
3578,77.34258216695162,0.18508301582187414,0
3579,77.35530504200142,0.18350000027567148,0
3580,77.36802429199452,0.20641600713133812,0
3581,77.38076904200716,0.18333294428884983,0
3582,77.39349029195728,0.1847500097937882,0
3583,77.40543362498283,0.212125014513731,0
3584,77.41818287497154,0.20275003043934703,0
3585,77.43092945800163,0.22133399033918977,0
3586,77.44258375000209,0.21016696700826287,0
3587,77.45532941696001,0.18795800860971212,0
3588,77.46806129196193,0.18104101764038205,0
3589,77.48077924997779,0.2381670055910945,0
3590,77.49238737497944,0.23291702382266521,0
3591,77.50402183295228,0.313167052809149,0
3592,77.51688512496185,0.25862501934170723,0
3593,77.52968362497631,0.23337500169873238,0
3594,77.54247399995802,,1
3595,77.65517341700615,0.36066595930606127,0
3596,77.66808845795458,0.25591702433303,0
3597,77.680881749955,0.20470801973715425,0
3598,77.69361879199278,0.22387498756870627,0
3599,77.70638787496137,0.2341250074096024,0
3600,77.71915870800149,0.20587496692314744,0
3601,77.73063129198272,0.2110410132445395,0
3602,77.74203624995425,0.18554204143583775,0
3603,77.75446170795476,0.18833403009921312,0
3604,77.76718112500384,0.1765829510986805,0
3605,77.77991424995707,0.18708303105086088,0
3606,77.79266733297845,0.18741702660918236,0
3607,77.80542362498818,0.18687499687075615,0
3608,77.81814566696994,0.213958031963557,0
3609,77.82941924995976,0.22041704505681992,0
3610,77.84217233298114,0.28058397583663464,0
3611,77.8550179169979,0.21316600032150745,0
3612,77.86778729199432,0.197957968339324,0
3613,77.88054574996931,0.196542008779943,0
3614,77.89327958296053,0.2239170134998858,0
3615,77.90379737498006,0.22549997083842754,0
3616,77.91655974998139,0.2138749696314335,0
3617,77.92772483295994,0.19483402138575912,0
3618,77.93940770800691,0.2298339968547225,0
3619,77.95100291696144,0.20758301252499223,0
3620,77.96374449995346,0.1889580162242055,0
3621,77.97647366696037,,1
3622,78.09020104195224,,1
3623,78.20388720795745,,1
3624,78.31764699995983,0.4301670123822987,0
3625,78.33065362495836,0.2987500047311187,0
3626,78.34258674999,0.252624973654747,0
3627,78.3553752079606,,1
3628,78.46862850000616,,1
3629,78.58231708296807,,1
3630,78.69404504197882,,1
3631,78.80791487498209,,1
3632,78.92174683295889,,1
3633,79.0355625419761,,1
3634,79.14932579197921,,1
3635,79.26307120796992,,1
3636,79.37698112498038,,1
3637,79.48932183295256,,1
3638,79.60312174999854,0.4552080063149333,0
3639,79.61614766699495,0.27366599533706903,0
3640,79.62896112498129,0.2239170134998858,0
3641,79.64172283298103,0.268584000878036,0
3642,79.65453199995682,0.2548330230638385,0
3643,79.66605862497818,0.299000006634742,0
3644,79.67892045795452,0.24204200599342585,0
3645,79.68973095796537,0.2429999876767397,0
3646,79.70252824999625,0.22312498185783625,0
3647,79.71529191697482,0.22308301413431764,0
3648,79.72805112495553,0.22708304459229112,0
3649,79.74081612500595,0.22616697242483497,0
3650,79.75240554200718,0.2252499689348042,0
3651,79.76518766698427,0.2138749696314335,0
3652,79.77796737500466,0.24566694628447294,0
3653,79.79075091698905,0.24162500631064177,0
3654,79.80281433300115,0.26287499349564314,0
3655,79.81562958296854,0.28199999360367656,0
3656,79.82602779200533,,1
3657,79.93969391699648,,1
3658,80.05339474999346,0.3641669754870236,0
3659,80.06539949995931,0.28612499590963125,0
3660,80.07823187496979,0.2477919915691018,0
3661,80.09104570798809,0.2180419978685677,0
3662,80.10382112499792,0.20591699285432696,0
3663,80.11625429196283,0.2467079902999103,0
3664,80.12896949995775,0.2180000301450491,0
3665,80.14172920800047,0.2049999893642962,0
3666,80.1544891250087,0.21033297525718808,0
3667,80.16726266697515,0.20770798437297344,0
3668,80.1800079169916,,1
3669,80.29362945799949,,1
3670,80.40653662499972,,1
3671,80.52027174999239,0.38020795909687877,0
3672,80.53322187496815,0.2758330083452165,0
3673,80.54603462497471,0.2567499759607017,0
3674,80.55744004197186,0.23362500360235572,0
3675,80.5690844169585,0.2525830059312284,0
3676,80.58066520799184,0.22133399033918977,0
3677,80.59344104200136,0.2152909873984754,0
3678,80.60388308297843,0.20591699285432696,0
3679,80.61662120796973,0.20300003234297037,0
3680,80.62935837497935,0.1947919954545796,0
3681,80.6420855000033,0.26529195019975305,0
3682,80.65489462495316,0.24641701020300388,0
3683,80.66643716697581,0.25233300402760506,0
3684,80.67923529195832,0.24550000671297312,0
3685,80.69054862495977,0.316042045596987,0
3686,80.70340345799923,0.24791696341708302,0
3687,80.71460233296966,0.25400001322850585,0
3688,80.72739583300427,0.2442089607939124,0
3689,80.7401806669659,0.22779102437198162,0
3690,80.7529485419509,0.22350001381710172,0
3691,80.76573166699382,0.20670797675848007,0
3692,80.77847091696458,0.19175000488758087,0
3693,80.79119541699765,0.20374997984617949,0
3694,80.80393141700188,0.21662499057129025,0
3695,80.81671324995114,0.23312499979510903,0
3696,80.828214499983,0.20700000459328294,0
3697,80.84098458295921,0.2002500114031136,0
3698,80.85207041696412,0.2815829939208925,0
3699,80.86489437497221,0.22508302936330438,0
3700,80.87670899997465,0.22016698494553566,0
3701,80.88947220798582,0.21641701459884644,0
3702,80.89992745796917,0.21412502974271774,0
3703,80.91152495797724,0.18437497783452272,0
3704,80.92313483299222,0.18637499306350946,0
3705,80.93585570796859,0.1966250129044056,0
3706,80.94858283299254,0.19166700076311827,0
3707,80.96130691695726,0.195500033441931,0
3708,80.97403516696068,0.19220804097130895,0
3709,80.98679383296985,0.1989590236917138,0
3710,80.99863883299986,0.1864589867182076,0
3711,81.01024199998938,0.18029200145974755,0
3712,81.02295470796525,0.18245901446789503,0
3713,81.03569087496726,0.21058303536847234,0
3714,81.04843708296539,0.22924999939277768,0
3715,81.06119799998123,0.24079199647530913,0
3716,81.07401216699509,0.21287496201694012,0
3717,81.08567504200619,,1
3718,81.1993244169862,,1
3719,81.31302620796487,,1
3720,81.42678812495433,,1
3721,81.54056229197886,,1
3722,81.6543824999826,0.4531670128926635,0
3723,81.66740491695236,,1
3724,81.78064983297372,0.513958977535367,0
3725,81.79372829198837,0.26420800713822246,0
3726,81.80653554195305,0.24250004207715392,0
3727,81.81713566696271,0.23283303016796708,0
3728,81.82874879200244,0.19624998094514012,0
3729,81.84150079195388,0.1907499972730875,0
3730,81.85423366696341,0.3457500133663416,0
3731,81.86712029197952,0.24949997896328568,0
3732,81.87992545799352,0.2524169976823032,0
3733,81.89247541700024,0.31174998730421066,0
3734,81.9047121249605,0.5339999916031957,0
3735,81.91678529197816,0.4158749943599105,0
3736,81.92978345800657,0.25858398294076324,0
3737,81.94259937497554,,1
3738,82.05508037499385,,1
3739,82.1688785419683,,1
3740,82.28266475000419,,1
3741,82.3964267919655,,1
3742,82.50988595798844,,1
3743,82.62366204196587,0.5507500027306378,0
3744,82.63470195798436,0.47379202442243695,0
3745,82.64777037495514,0.5840000230818987,0
3746,82.65884891699534,0.448125007096678,0
3747,82.6704542079824,0.38762501208111644,0
3748,82.68205916695297,0.36745803663507104,0
3749,82.69328062498244,0.460083014331758,0
3750,82.70527162496,0.4509169957600534,0
3751,82.71828216698486,0.21783297415822744,0
3752,82.73104316700483,0.31587498961016536,0
3753,82.74228854198009,0.25350000942125916,0
3754,82.75551458296832,0.30041701393201947,0
3755,82.7684047499788,0.2768330159597099,0
3756,82.78124220797326,0.2358750207349658,0
3757,82.79370366700459,0.20212499657645822,0
3758,82.80420554196462,0.22954103769734502,0
3759,82.81559362495318,0.23933302145451307,0
3760,82.82837470795494,0.25745900347828865,0
3761,82.84119395795278,0.2137090195901692,0
3762,82.85394854197511,0.24449999909847975,0
3763,82.86673279199749,0.22854097187519073,0
3764,82.87945237499662,0.22175000049173832,0
3765,82.8910346669727,0.2127080224454403,0
3766,82.90378049999708,0.22320798598229885,0
3767,82.91653687495273,0.20545802544802427,0
3768,82.92703774996335,0.22133300080895424,0
3769,82.9398113329662,0.21412502974271774,0
3770,82.95256054197671,0.3273750189691782,0
3771,82.9654314169893,0.3029999788850546,0
3772,82.97827291698195,0.2627079957164824,0
3773,82.99029624997638,0.23300002794712782,0
3774,83.0013547919807,0.22987497504800558,0
3775,83.0129703329876,0.24208397371694446,0
3776,83.02574995800387,0.20866695558652282,0
3777,83.03616870800033,0.22787495981901884,0
3778,83.0466842079768,0.20291702821850777,0
3779,83.05942520796089,0.22845901548862457,0
3780,83.07099191698944,0.23041601525619626,0
3781,83.08375979197444,0.21174998255446553,0
3782,83.0942305829958,,1
3783,83.2078973329626,,1
3784,83.32159258297179,,1
3785,83.43534954200732,,1
3786,83.54872999998042,,1
3787,83.66245537495706,,1
3788,83.77519633300835,,1
3789,83.88910654198844,,1
3790,84.00279454200063,,1
3791,84.11587437498383,,1
3792,84.22983795800246,,1
3793,84.34338375000516,,1
3794,84.45721108297585,,1
3795,84.57107470795745,,1
3796,84.6848559579812,,1
3797,84.7987171249697,,1
3798,84.91172595799435,,1
3799,85.02563258295413,,1
3800,85.13862112496281,,1
3801,85.25245608296245,0.5900420364923775,0
3802,85.26570270798402,0.539666973054409,0
3803,85.27880095795263,0.531334022525698,0
3804,85.29189562500687,0.48704195069149137,0
3805,85.30323374998989,,1
3806,85.41583366697887,,1
3807,85.52873199997703,,1
3808,85.64174674998503,,1
3809,85.75323474995093,,1
3810,85.8671560829971,,1
3811,85.98084183299216,,1
3812,86.09471220796695,,1
3813,86.2056802919833,,1
3814,86.3195252919686,0.6547500379383564,0
3815,86.33276924997335,0.522291986271739,0
3816,86.34586270799628,0.5356670008040965,0
3817,86.35897000000114,0.49120798939839005,0
3818,86.36990420799702,0.4877919564023614,0
3819,86.38073383300798,0.5200839950703084,0
3820,86.39384766697185,0.43541600462049246,0
3821,86.40683012496447,0.48049999168142676,0
3822,86.41980216698721,0.4872080171480775,0
3823,86.43285020795884,0.5211670068092644,0
3824,86.44592874997761,0.5073749925941229,0
3825,86.4589899579878,0.4520840011537075,0
3826,86.47199812496547,0.4872920108027756,0
3827,86.48504137498094,0.47983299009501934,0
3828,86.49808866699459,0.5077910027466714,0
3829,86.51115724997362,0.44600002001971006,0
3830,86.52415424998617,0.4662919673137367,0
3831,86.53657354199095,0.47445797827094793,0
3832,86.54959570796927,0.46300003305077553,0
3833,86.56261966697639,0.4902079817838967,0
3834,86.57565174996853,0.4962499951943755,0
3835,86.58657016698271,0.5347909755073488,0
3836,86.59966954198899,0.5243329796940088,0
3837,86.61276016698685,0.4172080080024898,0
3838,86.62572037498467,0.4336669808253646,0
3839,86.63778479199391,0.47737499698996544,0
3840,86.65083333296934,0.46908401418477297,0
3841,86.66168920800555,0.5007089930586517,0
3842,86.6747500829515,0.5520000122487545,0
3843,86.686979332997,0.5898340023122728,0
3844,86.69859758298844,0.4627919988706708,0
3845,86.7115546669811,0.38300000596791506,0
3846,86.7245186669752,0.5222079926170409,0
3847,86.73763437499292,,1
3848,86.85147987498203,0.6557920132763684,0
3849,86.86475762497867,0.5438749794848263,0
3850,86.87716383300722,0.5816669436171651,0
3851,86.8903048329521,0.5899170064367354,0
3852,86.90349825000158,0.5030419561080635,0
3853,86.9155653329799,0.5766249960288405,0
3854,86.92622233298607,0.5579169956035912,0
3855,86.93709141697036,0.40616601472720504,0
3856,86.94880962499883,0.44579198583960533,0
3857,86.96156612498453,0.6025829934515059,0
3858,86.97474400000647,0.3685829578898847,0
3859,86.98980283300625,0.6349169998429716,0
3860,87.00298129196744,0.3658750210888684,0
3861,87.01349366700742,0.32545794965699315,0
3862,87.02636920800433,0.40491699473932385,0
3863,87.03934658295475,0.4015000304207206,0
3864,87.05230670800665,0.38712495006620884,0
3865,87.06482983299065,0.38045900873839855,0
3866,87.07778537500417,0.39312499575316906,0
3867,87.09155254199868,0.41387497913092375,0
3868,87.10454262496205,0.4097920027561486,0
3869,87.11751529196044,0.27358299121260643,0
3870,87.12897787499242,0.3935829736292362,0
3871,87.14205558295362,0.4568750155158341,0
3872,87.15323579200776,0.4096249467693269,0
3873,87.1654618330067,0.40487496880814433,0
3874,87.17842670797836,0.651500013191253,0
3875,87.19051512499573,0.4114579642191529,0
3876,87.20326708297944,0.3898750292137265,0
3877,87.21568445797311,0.4040420171804726,0
3878,87.22822845797054,0.3527920343913138,0
3879,87.24113620800199,0.378583965357393,0
3880,87.25322679197416,0.36862498382106423,0
3881,87.26614766696002,0.39154099067673087,0
3882,87.27909899997758,0.4148330190218985,0
3883,87.29211154195946,0.5529160262085497,0
3884,87.30521774996305,0.403582991566509,0
3885,87.31816979200812,0.4036659956909716,0
3886,87.328732999973,0.3855419927276671,0
3887,87.3416761669796,0.496625027153641,0
3888,87.35283545800485,0.4672499489970505,0
3889,87.36584829195635,0.4276250256225467,0
3890,87.3787260419922,0.3909579827450216,0
3891,87.39165787497768,0.40004198672249913,0
3892,87.40460462495685,0.4154170164838433,0
3893,87.4156770829577,0.42154203401878476,0
3894,87.42863870796282,0.400334014557302,0
3895,87.4415883749607,0.4170830361545086,0
3896,87.45322845800547,0.398124975617975,0
3897,87.46617612498812,0.4480829811654985,0
3898,87.47821974998806,0.40095800068229437,0
3899,87.49117699998897,0.4587500006891787,0
3900,87.50418762495974,0.4461249918676913,0
3901,87.51579449995188,0.47812500270083547,0
3902,87.52881858299952,0.45833399053663015,0
3903,87.54185937496368,,1
3904,87.65567670797464,,1
3905,87.7673247079947,,1
3906,87.87875104200793,,1
3907,87.99272541695973,,1
3908,88.10684237495298,0.8386250119656324,0
3909,88.12030954199145,0.7802909822203219,0
3910,88.1324492499698,0.7846250082366168,0
3911,88.14370720798615,0.5338339833542705,0
3912,88.1548139170045,0.6394579540938139,0
3913,88.16814475000137,0.5321669741533697,0
3914,88.18127758300398,0.5884999991394579,0
3915,88.19447200000286,0.6378749967552722,0
3916,88.20775962498737,0.5750419804826379,0
3917,88.22091674996773,0.46200002543628216,0
3918,88.23396604199661,0.5564999883063138,0
3919,88.24539949995233,0.5386670236475766,0
3920,88.25716804200783,2.035749959759414,0
3921,88.27178658300545,0.5161669687367976,0
3922,88.2848742500064,0.5251249531283975,0
3923,88.2979686249746,0.46033301623538136,0
3924,88.31099612498656,0.4177499795332551,0
3925,88.32396679196972,0.3619579947553575,0
3926,88.33549795800354,1.0820839670486748,0
3927,88.34728541696677,,1
3928,88.46120124997105,0.5497080273926258,0
3929,88.47384837496793,0.441625015810132,0
3930,88.48686958296457,0.5501669947989285,0
3931,88.4999883749988,0.5086250021122396,0
3932,88.51307733298745,0.5963749717921019,0
3933,88.52625487500336,0.6009169737808406,0
3934,88.53944970795419,0.7010420085862279,0
3935,88.5509483749629,0.5448750453069806,0
3936,88.56405345798703,0.40729198371991515,0
3937,88.57702666695695,,1
3938,88.69002279196866,,1
3939,88.80326137499651,,1
3940,88.91663200000767,,1
3941,89.028732207953,,1
3942,89.14066437497968,,1
3943,89.25448929198319,,1
3944,89.36827333300607,,1
3945,89.48063712497242,,1
3946,89.594375207962,,1
3947,89.70613358297851,,1
3948,89.81992300000275,,1
3949,89.93370966700604,0.3851659712381661,0
3950,89.94663399999263,0.2134579699486494,0
3951,89.95937104197219,0.17583300359547138,0
3952,89.97209212498274,0.25237497175112367,0
3953,89.98489770799642,0.1866249949671328,0
3954,89.99636404198827,0.23787497775629163,0
3955,90.01027087500552,0.2875420032069087,0
3956,90.02312212495599,0.23737503215670586,0
3957,90.0358957919525,0.22541603539139032,0
3958,90.04863991698949,0.3077500150538981,0
3959,90.06027533300221,0.20145898452028632,0
3960,90.0730085829855,0.24420901900157332,0
3961,90.08580324996728,0.28779200511053205,0
3962,90.09641329199076,0.22870796965435147,0
3963,90.10824741696706,0.25883299531415105,0
3964,90.12108295800863,0.20766694797202945,0
3965,90.13386120798532,0.22408401127904654,0
3966,90.14665629196679,0.21199998445808887,0
3967,90.15940316696651,0.19799999427050352,0
3968,90.17051812499994,0.2013749908655882,0
3969,90.18325387500226,0.2050829934887588,0
3970,90.19372362497961,0.24420797126367688,0
3971,90.20515141700162,0.21891598589718342,0
3972,90.21791679196758,0.2454580389894545,0
3973,90.23069712496363,0.2145830076187849,0
3974,90.24344912497327,0.24145800853148103,0
3975,90.25622812495567,0.20875001791864634,0
3976,90.26898666698253,0.20370801212266088,0
3977,90.2810349999927,0.2014169585891068,0
3978,90.29377879196545,0.22862502373754978,0
3979,90.30456054199021,0.19366596825420856,0
3980,90.31565037497785,0.2150830114260316,0
3981,90.32724675000645,0.2068329486064613,0
3982,90.33998816699022,0.19341596635058522,0
3983,90.3527180829551,0.23437500931322575,0
3984,90.36549154197564,0.21287502022460103,0
3985,90.37826516700443,0.2032499760389328,0
3986,90.39102362497943,0.20291702821850777,0
3987,90.40271341695916,0.19750004867091775,0
3988,90.41545716696419,0.22924999939277768,0
3989,90.4282231249963,0.20249997032806277,0
3990,90.43989437498385,0.19545800751075149,0
3991,90.45263241697103,0.21850003395229578,0
3992,90.46539554197807,0.2021659747697413,0
3993,90.47813329199562,0.19479100592434406,0
3994,90.48982433299534,0.24666701210662723,0
3995,90.50261604198022,0.37395802792161703,0
3996,90.51357741700485,0.250082986894995,0
3997,90.52637658297317,0.23750000400468707,0
3998,90.53860195796005,0.26475003687664866,0
3999,90.55143508297624,0.3010840155184269,0
4000,90.56428749999031,0.24795799981802702,0
4001,90.57706866698572,0.19758299458771944,0
4002,90.58980066695949,0.24758302606642246,0
4003,90.60261587495916,0.23487501312047243,0
4004,90.61537937499816,0.2091669593937695,0
4005,90.62812508299248,0.23862498346716166,0
4006,90.64089870796306,0.18779200036078691,0
4007,90.65361912496155,0.2019170206040144,0
4008,90.66394866700284,0.2026250003837049,0
4009,90.67668395797955,0.21508400095626712,0
4010,90.68720483296784,0.4110420122742653,0
4011,90.70016670797486,0.45475002843886614,0
4012,90.7131876249914,0.42329198913648725,0
4013,90.72618466697168,0.44058298226445913,0
4014,90.73921974998666,0.9605829836800694,0
4015,90.75274049997097,0.412292021792382,0
4016,90.76570608298061,0.29908400028944016,0
4017,90.77855695795733,0.2981250290758908,0
4018,90.79139824997401,0.27579203015193343,0
4019,90.80325199995423,0.23487501312047243,0
4020,90.8148407919798,0.2496250090189278,0
4021,90.8276234579971,0.2869589952751994,0
4022,90.84045354195405,,1
4023,90.95416383299744,,1
4024,91.06794512498891,,1
4025,91.18059233296663,,1
4026,91.29435483296402,,1
4027,91.40808608295629,,1
4028,91.52033529197797,0.44841598719358444,0
4029,91.53335258300649,0.326791952829808,0
4030,91.54623466695193,0.28991600265726447,0
4031,91.5578810419538,0.2566660405136645,0
4032,91.57067670795368,0.24091702653095126,0
4033,91.58345154195558,0.21970801753923297,0
4034,91.59621012496063,0.23208302445709705,0
4035,91.60691924998537,0.23133301874622703,0
4036,91.61969037499512,0.21374999778345227,0
4037,91.63244070799556,0.20583398872986436,0
4038,91.64497349999147,0.2150419750250876,0
4039,91.65662687498843,0.22554199676960707,0
4040,91.66938558296533,0.24079199647530913,0
4041,91.68215691699879,0.19883300410583615,0
4042,91.69489812495885,0.26162504218518734,0
4043,91.70775637496263,0.21412502974271774,0
4044,91.72050062497146,0.21412502974271774,0
4045,91.73327737499494,0.23266696371138096,0
4046,91.74606458295602,0.3658340428955853,0
4047,91.75898170797154,0.4422499914653599,0
4048,91.76974462496582,0.36737503251060843,0
4049,91.78269362496212,0.28725003357976675,0
4050,91.79552391695324,0.2857500221580267,0
4051,91.80750608298695,0.23066700669005513,0
4052,91.81910783296917,0.25879201712086797,0
4053,91.83075008296873,0.22483401698991656,0
4054,91.8412397079519,0.2923340070992708,0
4055,91.85408166697016,0.47095800982788205,0
4056,91.8671038330067,0.3834169474430382,0
4057,91.88003062497592,0.3184580127708614,0
4058,91.89289683295647,0.33120904117822647,0
4059,91.90577637497336,0.2827920252457261,0
4060,91.91684887500014,0.25929196272045374,0
4061,91.9296396249556,0.26287505170330405,0
4062,91.9410173749784,0.23516698274761438,0
4063,91.95264316699468,0.272165983915329,0
4064,91.96545470796991,0.24629203835502267,0
4065,91.97823433298618,0.23620901629328728,0
4066,91.99100595799973,0.2898339880630374,0
4067,92.00383820798015,0.22724998416379094,0
4068,92.01660329196602,0.2782079973258078,0
4069,92.02809583296767,0.3534170100465417,0
4070,92.04098549997434,0.2198750153183937,0
4071,92.05246937496122,0.18962501781061292,0
4072,92.06518483295804,0.15708402497693896,0
4073,92.07786154199857,0.161083007697016,0
4074,92.09058974997606,0.14587497571483254,0
4075,92.10329933295725,0.2940840204246342,0
4076,92.1151661669719,0.18341600662097335,0
4077,92.1278837499558,0.16825000056996942,0
4078,92.14058187499177,0.1794580020941794,0
4079,92.15331462497124,0.2941249986179173,0
4080,92.16616112500196,0.2853749901987612,0
4081,92.17901500000153,,1
4082,92.29268574999878,,1
4083,92.40638112497982,0.3350420156493783,0
4084,92.41929179197177,0.2637500292621553,0
4085,92.43209354195278,0.21612504497170448,0
4086,92.4448772079777,0.2187499776482582,0
4087,92.4576314999722,0.23208302445709705,0
4088,92.47042595798848,0.22933399304747581,0
4089,92.48319825000362,0.29558298410847783,0
4090,92.49423616699642,0.4051249707117677,0
4091,92.50720312498743,0.34491700353100896,0
4092,92.52009929198539,0.4041250213049352,0
4093,92.53304512496106,0.37512503331527114,0
4094,92.54448870796477,0.309124996419996,0
4095,92.55632183299167,0.28066697996109724,0
4096,92.57001516700257,2.1313749602995813,0
4097,92.58347416698234,0.24841597769409418,0
4098,92.59480949997669,0.19945797976106405,0
4099,92.6066455419641,0.2683750353753567,0
4100,92.6191423329874,0.27870899066329,0
4101,92.63201458298136,0.3707089927047491,0
4102,92.64496016700286,0.20874995971098542,0
4103,92.65772545797518,0.2709170221351087,0
4104,92.670563749969,0.31091703567653894,0
4105,92.68342424998991,0.12754200724884868,0
4106,92.69399800000247,0.3112919512204826,0
4107,92.70586783299223,0.20954199135303497,0
4108,92.71727324998938,0.2126669860444963,0
4109,92.72959445795277,0.3170420532114804,0
4110,92.74142724997364,0.1508750137872994,0
4111,92.75386720796814,0.2138339914381504,0
4112,92.76656904199626,0.340582977514714,0
4113,92.77891695796279,0.35975000355392694,0
4114,92.79065612499835,0.3635829780250788,0
4115,92.80382466700394,1.8519159639254212,0
4116,92.81829616695177,0.30458305263891816,0
4117,92.83022649999475,0.3559580072760582,0
4118,92.84124145796522,0.2755839959718287,0
4119,92.85224949999247,0.32462499802932143,0
4120,92.8642722920049,0.19845797214657068,0
4121,92.87562404200435,0.19254098879173398,0
4122,92.88705354195554,0.2021660329774022,0
4123,92.8997978749685,0.19462499767541885,0
4124,92.9104672499816,0.1865000231191516,0
4125,92.92205499997362,0.1621670089662075,0
4126,92.93367333296919,0.1602090196684003,0
4127,92.94636516697938,,1
4128,93.06007695797598,0.5390419973991811,0
4129,93.07326512498548,0.411542016081512,0
4130,93.08466287498595,0.2847500145435333,0
4131,93.09522933297558,0.24525000480934978,0
4132,93.10774970799685,0.22624997654929757,0
4133,93.12051587499445,0.22799998987466097,0
4134,93.13155354198534,0.1879159826785326,0
4135,93.14260029199068,0.17849996220320463,0
4136,93.15531579195522,0.1949160359799862,0
4137,93.16744237497915,0.21374999778345227,0
4138,93.17805049999151,0.1705419854260981,0
4139,93.19008216698421,0.17908297013491392,0
4140,93.2007445829804,0.24070899235084653,0
4141,93.21188562497264,0.21850003395229578,0
4142,93.22386099997675,0.19987497944384813,0
4143,93.2355351249571,0.20087504526600242,0
4144,93.24822183296783,0.19383401377126575,0
4145,93.25910854199901,0.19420799799263477,0
4146,93.27183770795818,0.1935420441441238,0
4147,93.28456812497461,0.184207980055362,0
4148,93.29635462496663,0.2334170276299119,0
4149,93.30912754195742,0.19645801512524486,0
4150,93.3211522079655,0.23433403111994267,0
4151,93.333925874962,0.25704200379550457,0
4152,93.34672320797108,0.23150001652538776,0
4153,93.35949458298273,0.24879199918359518,0
4154,93.37228629196761,0.33504102611914277,0
4155,93.38517408299958,0.24283397942781448,0
4156,93.39794779196382,0.22816599812358618,0
4157,93.41070954198949,0.25054096477106214,0
4158,93.42324425000697,0.25183300022035837,0
4159,93.43602674995782,0.24033302906900644,0
4160,93.44883362500696,0.23424997925758362,0
4161,93.46163029200397,0.20337494788691401,0
4162,93.4735520829563,0.21041702711954713,0
4163,93.4862988749519,0.20425004186108708,0
4164,93.49675095797284,0.24441699497401714,0
4165,93.50953258300433,0.2482089912518859,0
4166,93.51998629199807,0.21762499818578362,0
4167,93.53160012495937,0.22295804228633642,0
4168,93.54435737495078,0.24904200108721852,0
4169,93.55479783297051,0.21520903101190925,0
4170,93.56708433298627,0.2007919829338789,0
4171,93.57802104199072,0.1949580037035048,0
4172,93.5907499169698,0.22541603539139032,0
4173,93.60351191699738,0.21970795933157206,0
4174,93.61601254198467,0.2543330192565918,0
4175,93.62881158298114,0.250459008384496,0
4176,93.64161262498237,,1
4177,93.75487537495792,0.3403750015422702,0
4178,93.7677691669669,0.2619579900056124,0
4179,93.78058920800686,0.4829589743167162,0
4180,93.79362437495729,0.38875004975125194,0
4181,93.80656429199735,0.3490409580990672,0
4182,93.81946720799897,0.33949996577575803,0
4183,93.83235079195583,0.31462503829970956,0
4184,93.8452087919577,0.299000006634742,0
4185,93.85804612498032,0.3203750238753855,0
4186,93.87236695800675,0.36637496668845415,0
4187,93.88529358297819,0.22045901278033853,0
4188,93.89805129199522,0.25420798920094967,0
4189,93.90915999998106,0.21008297335356474,0
4190,93.92190762498649,0.1919170026667416,0
4191,93.93336724996334,0.177042034920305,0
4192,93.94375666696578,0.19862502813339233,0
4193,93.95535716699669,0.2032080083154142,0
4194,93.96695387497311,0.17795799067243934,0
4195,93.97862191696186,0.18241599900647998,0
4196,93.99133645795519,0.18595904111862183,0
4197,94.00405312498333,0.17974997172132134,0
4198,94.01677091699094,0.18570799147710204,0
4199,94.02928229200188,0.19316596444696188,0
4200,94.04203424998559,0.18033297965303063,0
4201,94.05425045796437,0.18329202430322766,0
4202,94.06565949996002,0.1895420136861503,0
4203,94.07725783297792,0.17254200065508485,0
4204,94.0888604169595,0.1640830305404961,0
4205,94.10155824996764,0.1912920270115137,0
4206,94.11208791699028,0.20108296303078532,0
4207,94.12482179200742,0.196165987290442,0
4208,94.13754974998301,0.19054202130064368,0
4209,94.15028254198842,0.19904098007827997,0
4210,94.16120216698619,0.1944159739650786,0
4211,94.17292404198088,0.2685830113478005,0
4212,94.184829832986,0.23954198695719242,0
4213,94.19761591695715,0.18433301011100411,0
4214,94.21033199998783,0.161041971296072,0
4215,94.22301454195986,0.18316600471735,0
4216,94.23572029196657,0.15016598626971245,0
4217,94.24841324996669,0.20400003995746374,0
4218,94.26117308298126,0.15395897207781672,0
4219,94.27388229197823,0.14295801520347595,0
4220,94.28655779198743,0.16316596884280443,0
4221,94.29784391698195,0.144458026625216,0
4222,94.30946762498934,0.215750013012439,0
4223,94.32106133300113,0.1787089859135449,0
4224,94.33377999998629,0.1692919759079814,0
4225,94.34648437495343,0.17750001279637218,0
4226,94.35919612500584,0.1669169869273901,0
4227,94.37189712497639,0.17929199384525418,0
4228,94.38461420795647,0.16287504695355892,0
4229,94.39730745798443,0.1514169853180647,0
4230,94.40819958300563,0.15891698421910405,0
4231,94.42089024995221,0.16900000628083944,0
4232,94.43359524995321,0.1604580320417881,0
4233,94.44628845795523,0.1656670356169343,0
4234,94.4589867919567,0.1616660156287253,0
4235,94.47131875000196,0.17262500477954745,0
4236,94.48356587497983,0.16433297423645854,0
4237,94.49626187497051,0.16649998724460602,0
4238,94.50698599999305,0.18437497783452272,0
4239,94.51845004200004,0.186040997505188,0
4240,94.5311699580052,0.1651669736020267,0
4241,94.54390520800371,0.1907499972730875,0
4242,94.5566573329852,0.18074997933581471,0
4243,94.56937233300414,0.17683400074020028,0
4244,94.58140745799756,0.18458400154486299,0
4245,94.60021862498252,0.30441698618233204,0
4246,94.61305549996905,0.23875001352280378,0
4247,94.62581608298933,0.2285839873366058,0
4248,94.63855770800728,0.2072919742204249,0
4249,94.65133129199967,0.5654999986290932,0
4250,94.66266458295286,0.39179204031825066,0
4251,94.70300999999745,1.0611249599605799,0
4252,94.73095116700279,21.034207951743156,0
4253,94.77032920799684,1.8336669891141355,0
4254,94.78267633297946,2.7574169798754156,0
4255,94.79690662497887,1.4335829764604568,0
4256,94.80910816695541,0.8386660483665764,0
4257,94.82067950000055,0.8906669681891799,0
4258,94.83199554198654,0.5864159902557731,0
4259,94.84282004198758,0.41974999476224184,0
4260,94.85424170800252,0.4207089659757912,0
4261,94.86518145800801,0.9067499777302146,0
4262,94.87632658297662,1.0834590066224337,0
4263,94.88967304199468,0.4664160078391433,0
4264,94.90185658296105,2.1192090352997184,0
4265,94.91542204195866,0.4179160459898412,0
4266,94.92735445796279,4.644125001505017,0
4267,94.94394254195504,0.8179580327123404,0
4268,94.95499566697981,0.6512079853564501,0
4269,94.9660834170063,0.4444579826667905,0
4270,94.97680354199838,0.28145796386525035,0
4271,94.98965191695606,0.2519580302760005,0
4272,95.00500449998071,0.30945800244808197,0
4273,95.02043008297915,0.4734169924631715,0
4274,95.03413995797746,0.34416699782013893,0
4275,95.04669783299323,0.3019169671460986,0
4276,95.05934799998067,0.36812498001381755,0
4277,95.072013625002,0.5457919905893505,0
4278,95.0862432079739,0.34737499663606286,0
4279,95.0990499999607,0.5460419924929738,0
4280,95.10981529200217,0.47704100143164396,0
4281,95.12488374998793,0.9482079767622054,0
4282,95.13685187499505,0.8643330074846745,0
4283,95.15282754198415,0.45791600132361054,0
4284,95.16409070795635,0.3001250443048775,0
4285,95.17946883296827,0.4323340253904462,0
4286,95.19498754199594,0.4898330080322921,0
4287,95.20749062497634,0.46966702211648226,0
4288,95.22161329200026,1.9917909521609545,0
4289,95.23873874999117,1.0585829732008278,0
4290,95.25368912500562,1.0665829759091139,0
4291,95.26668508298462,0.370291993021965,0
4292,95.28215012495639,0.43879204895347357,0
4293,95.29554929200094,0.4479999770410359,0
4294,95.31108949996997,0.4730420187115669,0
4295,95.325883124955,0.40479202289134264,0
4296,95.33669320796616,0.17733400454744697,0
4297,95.3474501669989,0.27133297407999635,0
4298,95.35842054197565,0.566790986340493,0
4299,95.37404808297288,0.2738339826464653,0
4300,95.38862641697051,0.38475001929327846,0
4301,95.40407595795114,0.2720840275287628,0
4302,95.41754224995384,0.37945801159366965,0
4303,95.4285812919843,0.32833300065249205,0
4304,95.4439737079665,0.30379201052710414,0
4305,95.45527187496191,0.1943330280482769,0
4306,95.47049683297519,0.44045899994671345,0
4307,95.48130499996478,0.16208301531150937,0
4308,95.49228941695765,0.29870803700760007,0
4309,95.50529616698623,0.46104099601507187,0
4310,95.51862687495304,0.3005830221809447,0
4311,95.53398512495914,0.26583304861560464,0
4312,95.54702416696819,0.40316599188372493,0
4313,95.55844062496908,0.6462500314228237,0
4314,95.57418399996823,0.2815829939208925,0
4315,95.58743991696974,0.6499160081148148,0
4316,95.60142424999503,2.363500010687858,0
4317,95.61886683298508,0.2916670055128634,0
4318,95.63377854198916,0.2176659763790667,0
4319,95.6491139169666,0.30449999030679464,0
4320,95.6630597919575,0.30108302598819137,0
4321,95.6784297080012,0.3142500063404441,0
4322,95.69072791695362,0.2799160429276526,0
4323,95.70620933297323,0.48158399295061827,0
4324,95.71953612496145,0.20333303837105632,0
4325,95.73044762498466,0.5001249955967069,0
4326,95.74884295795346,1.3564590481109917,0
4327,95.76601120800478,0.42570900404825807,0
4328,95.77763541700551,0.990249973256141,0
4329,95.79371816699859,0.49483298789709806,0
4330,95.80534762499155,0.5219579907134175,0
4331,95.81660787499277,0.24974998086690903,0
4332,95.82697341695894,0.5174160469323397,0
4333,95.83842250000453,0.45529199996963143,0
4334,95.8497225419851,0.8865409763529897,0
4335,95.8614382079686,0.4617089871317148,0
4336,95.87233670795104,0.7577090291306376,0
4337,95.88339087495115,0.2683750353753567,0
4338,95.89462487498531,0.2412499743513763,0
4339,95.90642679197481,0.385166029445827,0
4340,95.9219845419866,0.24566601496189833,0
4341,95.93727454199689,0.28095796005800366,0
4342,95.95258437498705,0.13979198411107063,0
4343,95.9678273749887,0.2364169922657311,0
4344,95.98159949999535,0.15145796351134777,0
4345,95.99678529199446,0.20637497073039412,0
4346,96.00963333295658,0.208500016015023,0
4347,96.0207266669604,0.2401249948889017,0
4348,96.03110399999423,0.3208749694749713,0
4349,96.04651279200334,0.2252499689348042,0
4350,96.06032366695581,1.297291019000113,0
4351,96.07421925000381,0.2602919703349471,0
4352,96.08956333296373,0.1942089875228703,0
4353,96.1008386669564,0.23683300241827965,0
4354,96.11408724996727,0.24037499679252505,0
4355,96.12579508300405,0.26241695741191506,0
4356,96.14105479198042,0.1937909983098507,0
4357,96.15627458295785,0.2026250003837049,0
4358,96.17093287495663,0.2535420353524387,0
4359,96.18625229195459,0.2703750506043434,0
4360,96.19698029197752,0.2605409827083349,0
4361,96.21192633296596,0.2578750136308372,0
4362,96.22434124996653,0.7599170203320682,0
4363,96.23612462496385,0.2945830347016454,0
4364,96.25148354197154,0.2257500309497118,0
4365,96.26677145797294,0.235249986872077,0
4366,96.27772166696377,0.7704580202698708,0
4367,96.29035670799203,0.2781249932013452,0
4368,96.30351579195121,0.5893330089747906,0
4369,96.31920983298915,0.3996670129708946,0
4370,96.33128645800753,0.3933749976567924,0
4371,96.34677237499272,0.4409580142237246,0
4372,96.36225737497443,0.3577080206014216,0
4373,96.3764885829878,0.5222089821472764,0
4374,96.38730866700644,0.37595798494294286,0
4375,96.397899625008,,1
4376,96.51466250000522,,1
4377,96.63184470799752,0.25687500601634383,0
4378,96.64688641700195,0.26712496764957905,0
4379,96.66218287497759,0.16712502110749483,0
4380,96.67740504199173,0.25416596326977015,0
4381,96.6926787919947,0.1961250090971589,0
4382,96.70789958297973,0.22587500279769301,0
4383,96.7183794999728,0.27887499891221523,0
4384,96.73245783295715,,1
4385,96.84444929199526,,1
4386,96.96173037495464,,1
4387,97.07459408295108,,1
4388,97.19205479195807,,1
4389,97.30748454196146,0.28683303389698267,0
4390,97.32284033298492,0.26991701452061534,0
4391,97.33811695798067,0.2572920056991279,0
4392,97.35342695796862,0.2216250286437571,0
4393,97.36869737500092,0.16624998534098268,0
4394,97.379865875002,0.6486669881269336,0
4395,97.39558912499342,0.3224170068278909,0
4396,97.41096774995094,0.18395803635939956,0
4397,97.42302783299237,0.17304200446233153,0
4398,97.43358258297667,0.19150000298395753,0
4399,97.44638612499693,0.20845799008384347,0
4400,97.46164204197703,0.12924999464303255,0
4401,97.47289691696642,0.11725001968443394,0
4402,97.48804054199718,0.22104097297415137,0
4403,97.50142558297375,0.23100001271814108,0
4404,97.51239554199856,0.19041600171476603,0
4405,97.52635208296124,0.23062503896653652,0
4406,97.53851962496992,0.2673750277608633,0
4407,97.55386200000066,0.2930419868789613,0
4408,97.5692029169877,0.2504159929230809,0
4409,97.5844438750064,0.16962498193606734,0
4410,97.59965004195692,0.16837503062561154,0
4411,97.61084941698937,0.1635829685255885,0
4412,97.62523591698846,0.1765409833751619,0
4413,97.63549449999118,0.17099996330216527,0
4414,97.64592070796061,0.15658402116969228,0
4415,97.65912170795491,0.27820904506370425,0
4416,97.67444754199823,0.2852499601431191,0
4417,97.68996395799331,0.23845897521823645,0
4418,97.70085099997232,0.35808299435302615,0
4419,97.71229154197499,0.4391660331748426,0
4420,97.72339808300603,0.3436249680817127,0
4421,97.73881904198788,0.46745798317715526,0
4422,97.749490416958,0.23791601415723562,0
4423,97.75990141695365,0.16658304957672954,0
4424,97.77307537500747,0.19095797324553132,0
4425,97.78741345799062,0.17800001660361886,0
4426,97.79940562497359,0.17687497893348336,0
4427,97.8146207499667,0.17120799748227,0
4428,97.82762779196491,0.17133302753791213,0
4429,97.84112112497678,0.20399998174980283,0
4430,97.85209970799042,0.2079589758068323,0
4431,97.86308024998289,0.22445799550041556,0
4432,97.8745296249981,0.19662495469674468,0
4433,97.8897632919834,0.1985830022022128,0
4434,97.90365054196445,0.20354101434350014,0
4435,97.91888787498465,0.2217079745605588,0
4436,97.93414862500504,0.19516696920618415,0
4437,97.9493931249599,0.4467919934540987,0
4438,97.96489908295916,0.41325000347569585,0
4439,97.97728962497786,0.37408299976959825,0
4440,97.99046974995872,0.350042013451457,0
4441,98.00133016699692,0.22691598860546947,0
4442,98.01398162497208,0.1787500223144889,0
4443,98.02548291697167,0.21204102085903287,0
4444,98.04076262499439,0.2092499635182321,0
4445,98.05183254199801,0.18620799528434873,0
4446,98.06658962497022,0.20908302394673228,0
4447,98.08051958295982,0.46437501441687346,0
4448,98.09440533298766,0.2832919708453119,0
4449,98.10973116697278,0.23800000781193376,0
4450,98.12208020797698,0.23320899344980717,0
4451,98.13737083296292,0.22625003475695848,0
4452,98.14843124995241,0.2036670339293778,0
4453,98.16366691695293,,1
4454,98.27465849998407,,1
4455,98.3899671669933,,1
4456,98.50597166700754,,1
4457,98.62337320798542,,1
4458,98.74069708300522,,1
4459,98.85682904196437,,1
4460,98.9701599580003,,1
4461,99.08417254197411,,1
4462,99.20129133295268,,1
4463,99.31412016699323,,1
4464,99.43149366695434,,1
4465,99.54886741697555,,1
4466,99.66642379196128,,1
4467,99.78291679196991,,1
4468,99.90235883300193,,1
4469,100.01461720798397,,1
4470,100.12636354198912,,1
4471,100.24364341696491,,1
4472,100.35864941700129,,1
4473,100.47218870796496,,1
4474,100.58539462496992,,1
4475,100.69845441699727,0.580207968596369,0
4476,100.71038791700266,0.6187909748405218,0
4477,100.7229142919532,0.41941599920392036,0
4478,100.73683620797237,0.3815420204773545,0
4479,100.7522866249783,0.546917028259486,0
4480,100.76311245799297,0.5119589623063803,0
4481,100.77869029197609,0.3815829986706376,0
4482,100.7926886669593,0.2680000034160912,0
4483,100.80756145797204,0.21650001872330904,0
4484,100.82135791698238,0.1972499885596335,0
4485,100.8365875830059,0.17258396837860346,0
4486,100.85177983297035,0.16550003783777356,0
4487,100.86623766698176,0.15187502140179276,0
4488,100.88143754197517,0.25004101917147636,0
4489,100.89329391700448,0.16512494767084718,0
4490,100.90850087499712,0.17262500477954745,0
4491,100.9220187079627,0.2322919899597764,0
4492,100.93729383300524,0.20191696239635348,0
4493,100.95066966698505,0.19245798466727138,0
4494,100.96591937495396,0.18200004706159234,0
4495,100.97919195797294,0.19220903050154448,0
4496,100.99442874995293,0.3415830433368683,0
4497,101.00648649997311,0.32070802990347147,0
4498,101.021850332967,0.3855840186588466,0
4499,101.03237549995538,0.41274999966844916,0
4500,101.04357937496388,0.3843330196104944,0
4501,101.05550666700583,0.35929097793996334,0
4502,101.0709257919807,0.35991601180285215,0
4503,101.08632708300138,0.3144170041196048,0
4504,101.09973108296981,0.428917002864182,0
4505,101.11334433295997,0.7180420216172934,0
4506,101.12591699999757,0.3892919630743563,0
4507,101.13726574997418,0.4373330157250166,0
4508,101.15255912498105,0.526249990798533,0
4509,101.16582237498369,0.5193749675527215,0
4510,101.1790112919989,0.490749953314662,0
4511,101.19472808297724,0.6321669789031148,0
4512,101.21042270795442,0.47975004417821765,0
4513,101.2237924579531,0.4538340144790709,0
4514,101.23547879199032,0.3596660098992288,0
4515,101.25089662498794,0.47087500570341945,0
4516,101.26641716697486,0.5076249944977462,0
4517,101.28198666695971,0.5052500055171549,0
4518,101.29755095799919,0.3939999733120203,0
4519,101.31301995797548,0.3499169833958149,0
4520,101.3284575829748,0.5063340067863464,0
4521,101.34224799997173,0.4099580110050738,0
4522,101.35773083299864,0.3213339950889349,0
4523,101.37313245795667,0.21454202942550182,0
4524,101.38644033297896,0.20583398872986436,0
4525,101.39810024999315,0.1787919900380075,0
4526,101.40972770797089,0.17233402468264103,0
4527,101.42495374998543,0.2829579752869904,0
4528,101.4402799999807,0.2889580209739506,0
4529,101.45120158296777,1.3275840319693089,0
4530,101.46756612497848,0.24099997244775295,0
4531,101.48032441700343,3.6242909845896065,0
4532,101.49900833296124,0.3244170220568776,0
4533,101.51436899998225,0.3012919914908707,0
4534,101.52971633296693,0.304749992210418,0
4535,101.54322341695661,0.36508304765447974,0
4536,101.55415383295622,0.4134590271860361,0
4537,101.56961729197064,0.42987498454749584,0
4538,101.58510454196949,0.40862499736249447,0
4539,101.6005745829898,0.42395899072289467,0
4540,101.61112174997106,0.46616699546575546,0
4541,101.62666141695809,0.3882080200128257,0
4542,101.64141524996376,0.41983299888670444,0
4543,101.65692195796873,0.42512500658631325,0
4544,101.66951745795086,0.46645902330055833,0
4545,101.68503912497545,0.4455000162124634,0
4546,101.700006457977,0.48320897622033954,0
4547,101.71180920797633,0.4437090246938169,0
4548,101.72732462495333,0.4367500077933073,0
4549,101.74282495799707,0.45408395817503333,0
4550,101.75797512498684,0.47329202061519027,0
4551,101.76960454200162,0.42541598668321967,0
4552,101.78507566696499,0.35091600148007274,0
4553,101.80048033298226,0.3528340021148324,0
4554,101.81588429195108,0.3291660104878247,0
4555,101.82761162496172,0.3179170307703316,0
4556,101.83926674997201,0.3220000071451068,0
4557,101.85463495797012,0.33537502167746425,0
4558,101.87001091695856,0.36179099697619677,0
4559,101.8854500419693,0.462208001408726,0
4560,101.89693204197101,0.30983303440734744,0
4561,101.90988237498095,0.307333015371114,0
4562,101.92523533297936,0.3700000233948231,0
4563,101.94066220795503,0.40837505366653204,0
4564,101.95364404196152,0.42395800119265914,0
4565,101.96698983298847,0.3862919984385371,0
4566,101.98242366698105,0.3340410185046494,0
4567,101.99283025000477,0.3411249490454793,0
4568,102.00821433297824,0.304749992210418,0
4569,102.02257312496658,0.36112498492002487,0
4570,102.0382010829635,0.654041999951005,0
4571,102.05394441698445,0.42225001379847527,0
4572,102.06578441697638,0.4522500094026327,0
4573,102.07731074996991,0.3917079884558916,0
4574,102.09225216699997,0.3874579560942948,0
4575,102.1076758329873,0.44187501771375537,0
4576,102.12317204196006,0.3303330158814788,0
4577,102.13557654200122,0.2819159999489784,0
4578,102.15089983295184,0.28487504459917545,0
4579,102.16622858296614,0.30687503749504685,0
4580,102.1812759579625,0.29483402613550425,0
4581,102.19513204199029,0.3417909611016512,0
4582,102.21051637496566,0.30279200291261077,0
4583,102.22206604195526,,1
4584,102.33931416698033,0.44299999717622995,0
4585,102.35481720796088,0.32049999572336674,0
4586,102.36725212499732,0.27949997456744313,0
4587,102.37906812498113,0.21824997384101152,0
4588,102.39024566696025,0.19575003534555435,0
4589,102.40499766700668,0.22133300080895424,0
4590,102.42026783298934,0.3831249778158963,0
4591,102.43234583298909,0.40137500036507845,0
4592,102.44334199995501,0.4373750416561961,0
4593,102.4588302919874,0.3833749797195196,0
4594,102.47425366699463,0.3287909785285592,0
4595,102.48752116697142,0.326832989230752,0
4596,102.50101616699249,,1
4597,102.6171693750075,,1
4598,102.73442845797399,0.4579169908538461,0
4599,102.74669483298203,0.4201250267215073,0
4600,102.75976529199397,0.367750006262213,0
4601,102.77393249998568,0.42100000428035855,0
4602,102.786685457977,0.4204590222798288,0
4603,102.80216008296702,0.3997090389020741,0
4604,102.81760804197984,0.4047499969601631,0
4605,102.83307220798451,0.3015840193256736,0
4606,102.84354920795886,0.36745902616530657,0
4607,102.85897699999623,0.3499169833958149,0
4608,102.87242554198019,0.4629999748431146,0
4609,102.88792037498206,,1
4610,103.00989787495928,,1
4611,103.12453112495132,,1
4612,103.23775220796233,,1
4613,103.35413562500617,,1
4614,103.46926741697825,,1
4615,103.58663129195338,,1
4616,103.70090491697192,,1
4617,103.81786858296255,,1
4618,103.93366679199971,,1
4619,104.04961870796978,0.37150003481656313,0
4620,104.065075624967,0.46491698594763875,0
4621,104.08062808297109,0.3131669946014881,0
4622,104.0946491669747,0.2734580193646252,0
4623,104.10860212496482,0.4080830258317292,0
4624,104.11939874995733,0.16779202269390225,0
4625,104.13269866700284,0.2312499564141035,0
4626,104.14363949996186,0.2940000267699361,0
4627,104.15880820795428,0.29070902382954955,0
4628,104.17414408299373,0.3233749885112047,0
4629,104.18952033296227,0.3486670320853591,0
4630,104.20271616696846,0.31116598984226584,0
4631,104.21807429200271,0.2804999821819365,0
4632,104.23094849998597,0.30045799212530255,0
4633,104.24193470797036,0.28470903635025024,0
4634,104.25270445796195,0.6165420054458082,0
4635,104.26630358299008,0.271458993665874,0
4636,104.28164224995999,0.3682500100694597,0
4637,104.29708966700127,0.3276659990660846,0
4638,104.3081062079873,0.3029999788850546,0
4639,104.31937729200581,0.22124999668449163,0
4640,104.33257566695102,0.30641601188108325,0
4641,104.34565495798597,0.268584000878036,0
4642,104.35869566700421,0.24699995992705226,0
4643,104.37308183300775,0.2464589779265225,0
4644,104.38612220797222,0.2632500254549086,0
4645,104.39888129197061,0.28024998027831316,0
4646,104.41423037496861,0.2997920382767916,0
4647,104.4287777079735,0.3183340304531157,0
4648,104.4435782500077,,1
4649,104.55605904199183,,1
4650,104.67622174997814,,1
4651,104.78905470797326,,1
4652,104.90233645797707,,1
4653,105.01747945795069,,1
4654,105.13484441698529,,1
4655,105.25209116697079,0.4594579804688692,0
4656,105.26768274995266,0.3505420172587037,0
4657,105.27989949996118,0.38691703230142593,0
4658,105.29349149996415,0.3796250093728304,0
4659,105.3089199999813,0.39920798735693097,0
4660,105.32226762495702,0.3826250322163105,0
4661,105.33613499999046,0.3513749688863754,0
4662,105.3515388329979,0.36287499824538827,0
4663,105.36290504195495,0.35866600228473544,0
4664,105.37805570795899,0.45829202281311154,0
4665,105.3935749999946,0.42704195948317647,0
4666,105.4090669999714,0.4402500344440341,0
4667,105.4237077079597,0.4395419964566827,0
4668,105.43919266696321,0.45533303637057543,0
4669,105.45027058298001,0.4510420258156955,0
4670,105.46138733299449,0.4872920108027756,0
4671,105.4769352079602,0.4978340002708137,0
4672,105.49141358298948,0.40295900544151664,0
4673,105.50243458297336,0.4308749921619892,0
4674,105.51792741700774,0.4314580000936985,0
4675,105.52946091699414,0.4392910050228238,0
4676,105.54316720797215,0.5633750115521252,0
4677,105.55878749996191,0.4977920325472951,0
4678,105.57435924996389,0.49520801985636353,0
4679,105.58992670796579,0.4282920272089541,0
4680,105.60149412497412,0.48391701420769095,0
4681,105.61705191695364,0.3017500275745988,0
4682,105.63239912496647,0.23025000700727105,0
4683,105.64766449999297,0.28499995823949575,0
4684,105.66299416695256,0.33062504371628165,0
4685,105.67762237496208,0.325417029671371,0
4686,105.6900831249659,0.3499999875202775,0
4687,105.70550291700056,0.5854579503647983,0
4688,105.72115820797626,0.390209024772048,0
4689,105.73164433299098,0.3886249614879489,0
4690,105.74707566696452,0.32112502958625555,0
4691,105.75801591697382,0.39554102113470435,0
4692,105.77347391698277,0.32595801167190075,0
4693,105.78653558297083,0.2983750309795141,0
4694,105.79828170797555,0.22787501802667975,0
4695,105.80991787498351,0.21541700698435307,0
4696,105.82516645797295,0.25795900728553534,0
4697,105.83866462495644,0.27125002816319466,0
4698,105.84938654198777,0.43108296813443303,0
4699,105.86185312498128,0.27891702484339476,0
4700,105.87318245798815,0.2862089895643294,0
4701,105.88850829197327,0.30704098753631115,0
4702,105.90385274996515,0.26391702704131603,0
4703,105.91439024999272,0.2563329762779176,0
4704,105.92968616698636,0.300083018373698,0
4705,105.94357195799239,0.2776249893940985,0
4706,105.95889270800399,0.34429196966812015,0
4707,105.97236016695388,0.2954580122604966,0
4708,105.98631204199046,0.3998749889433384,0
4709,106.0017617919948,0.34679099917411804,0
4710,106.01715358300135,0.3570839762687683,0
4711,106.03256545797922,0.3427090123295784,0
4712,106.04714195796987,0.367750006262213,0
4713,106.06198354199296,0.3612079890444875,0
4714,106.0773984999978,0.37699996028095484,0
4715,106.09281395800645,0.3535839496180415,0
4716,106.10822258295957,0.31999999191612005,0
4717,106.12341341696447,0.36279100459069014,0
4718,106.13498558296124,0.2847500145435333,0
4719,106.15030970796943,0.33904198789969087,0
4720,106.16400499996962,0.28483301866799593,0
4721,106.17452945798868,0.370624999050051,0
4722,106.18993908300763,0.298958970233798,0
4723,106.20527562499046,0.28208299772813916,0
4724,106.2205998749705,0.3106250078417361,0
4725,106.23595070798183,0.30212500132620335,0
4726,106.24900949996663,0.33004203578457236,0
4727,106.26112454198301,0.3797499812208116,0
4728,106.27416454197373,0.4081660299561918,0
4729,106.28579249995528,0.31570805003866553,0
4730,106.29747916699853,0.305499997921288,0
4731,106.30911545798881,0.2756670000962913,0
4732,106.32443333300762,0.2917499514296651,0
4733,106.33976025000447,0.2708749962039292,0
4734,106.35506666696165,0.3125829971395433,0
4735,106.37042079196544,0.3465000190772116,0
4736,106.38581129198428,0.3227909910492599,0
4737,106.40119624999352,0.26779196923598647,0
4738,106.41651204199297,0.29933301266282797,0
4739,106.43184804200428,0.35341596230864525,0
4740,106.44571716699284,0.35741599276661873,0
4741,106.46006620797561,0.37341698771342635,0
4742,106.47547362500336,0.3569169784896076,0
4743,106.48942004196579,0.44133298797532916,0
4744,106.50079345796257,0.3369170008227229,0
4745,106.5161712919944,0.32708299113437533,0
4746,106.531535874994,0.352917006239295,0
4747,106.54694791696966,0.47308299690485,0
4748,106.56246149999788,0.3296670038253069,0
4749,106.57453570800135,0.35162497078999877,0
4750,106.58992904197657,0.34187501296401024,0
4751,106.60530641698278,0.29979099053889513,0
4752,106.61649558297358,0.4134170012548566,0
4753,106.63199145795079,0.3363750292919576,0
4754,106.64579574996606,0.3392919898033142,0
4755,106.65947712498019,0.37041702307760715,0
4756,106.67489720799495,0.32366695813834667,0
4757,106.68774512497475,0.40862499736249447,0
4758,106.70267870795215,0.3938750014640391,0
4759,106.71599733299809,0.4015839658677578,0
4760,106.73143312497996,0.3986249794252217,0
4761,106.7468775419984,0.35987497540190816,0
4762,106.76227354200091,0.3305409918539226,0
4763,106.77344099996844,0.4523330135270953,0
4764,106.78893512499053,0.36991696106269956,0
4765,106.80262391699944,0.3191659925505519,0
4766,106.8141822500038,0.33466698369011283,0
4767,106.82649454200873,0.2984159509651363,0
4768,106.84184212499531,0.2772919833660126,0
4769,106.85715045797406,0.28654199559241533,0
4770,106.87224066699855,0.33974996767938137,0
4771,106.88554895797279,0.4780840245075524,0
4772,106.9010748330038,0.41566696017980576,0
4773,106.91283854196081,0.34600001526996493,0
4774,106.9245292499545,0.39879203541204333,0
4775,106.93604508298449,0.29308401281014085,0
4776,106.95137487497414,0.31400000443682075,0
4777,106.96507779200329,0.3781659761443734,0
4778,106.97739945800276,0.30795898055657744,0
4779,106.99275308300275,0.3268339787609875,0
4780,107.00386583298678,0.3173750010319054,0
4781,107.01924366696039,0.32379099866375327,0
4782,107.03039433300728,,1
4783,107.14358195796376,,1
4784,107.25847404199885,,1
4785,107.37452941696392,,1
4786,107.49177704198519,,1
4787,107.60729741695104,,1
4788,107.72457716695499,,1
4789,107.84185120795155,,1
4790,107.9593195419875,,1
4791,108.07664766698144,,1
4792,108.19394979195204,,1
4793,108.30966041696956,,1
4794,108.42214283300564,0.42112497612833977,0
4795,108.43766329198843,0.3587499959394336,0
4796,108.45207695796853,0.27841702103614807,0
4797,108.46740362496348,0.2632500254549086,0
4798,108.48271470796317,0.25591702433303,0
4799,108.49800520797726,0.24516700068488717,0
4800,108.51093204197241,0.27195800794288516,0
4801,108.52624949999154,0.25866698706522584,0
4802,108.54155091696884,0.24441600544378161,0
4803,108.55560104199685,0.27133297407999635,0
4804,108.57091416697949,0.2170410007238388,0
4805,108.5861679999507,0.22254203213378787,0
4806,108.60005812498275,0.2577499835751951,0
4807,108.61535683297552,0.2513339859433472,0
4808,108.63064079196192,0.28237502556294203,0
4809,108.6435672499938,0.22970797726884484,0
4810,108.65436133299954,0.2174169640056789,0
4811,108.66823116695741,0.2300830092281103,0
4812,108.68350008298876,0.2638750011101365,0
4813,108.69879933295306,0.33825001446530223,0
4814,108.71123499999521,0.29208295745775104,0
4815,108.72466433298541,0.3967920201830566,0
4816,108.7396803330048,0.30745897674933076,0
4817,108.75504924997222,0.28837501304224133,0
4818,108.7703759999713,0.2817499917000532,0
4819,108.78570187499281,0.2853749901987612,0
4820,108.8010349579854,0.2957090036943555,0
4821,108.81200808298308,0.3540840116329491,0
4822,108.82636029197602,0.3720829845406115,0
4823,108.84181620797608,0.3922500181943178,0
4824,108.85741837497335,0.23508298909291625,0
4825,108.86920354195172,0.14120800187811255,0
4826,108.8843672919902,0.1884580124169588,0
4827,108.89577487495262,0.2131670480594039,0
4828,108.9099489999935,0.3481250023469329,0
4829,108.92535199999111,0.257332983892411,0
4830,108.93793741695117,,1
4831,109.05029312497936,0.3345829900354147,0
4832,109.06569854199188,0.2527909819036722,0
4833,109.0780732499552,0.2785420510917902,0
4834,109.09338820795529,0.23687502834945917,0
4835,109.10721162497066,0.22975000320002437,0
4836,109.11874499998521,0.2853330224752426,0
4837,109.13407745800214,0.248999975156039,0
4838,109.14936470799148,0.2358749625273049,0
4839,109.16463791695423,0.2485410077497363,0
4840,109.17992124997545,0.2780419890768826,0
4841,109.19176291697659,0.3189999843016267,0
4842,109.20711916696746,0.261375040281564,0
4843,109.22243320796406,0.27362501714378595,0
4844,109.23588791699149,0.26479101506993175,0
4845,109.24666274996707,0.27258298359811306,0
4846,109.25973429199075,0.31174998730421066,0
4847,109.27455212495988,0.2835830091498792,0
4848,109.2860406669788,0.267457973677665,0
4849,109.30134737497428,0.24879199918359518,0
4850,109.31663141696481,0.29104104032739997,0
4851,109.32992254197598,0.31812500674277544,0
4852,109.34513974998845,0.2911670017056167,0
4853,109.36046966700815,0.23024994879961014,0
4854,109.37321016698843,0.22279098629951477,0
4855,109.38848074997077,0.18858298426494002,0
4856,109.40369845798705,0.21845899755135179,0
4857,109.41893791698385,0.14720798935741186,0
4858,109.434104999993,0.1498329802416265,0
4859,109.44927333295345,0.15345902647823095,0
4860,109.46447041700594,0.21004094742238522,0
4861,109.47681291698245,0.15683297533541918,0
4862,109.49200791696785,0.1806250074878335,0
4863,109.50275862496346,0.1852920395322144,0
4864,109.51370420795865,0.1751670497469604,0
4865,109.52891670796089,0.22004201309755445,0
4866,109.54357924999204,0.20474998746067286,0
4867,109.55883479199838,0.1747499918565154,0
4868,109.57404370798031,0.17729197861626744,0
4869,109.58925550000276,0.1841670018620789,0
4870,109.60447316698264,0.1741659943945706,0
4871,109.61969624995254,0.17366703832522035,0
4872,109.63492808298906,0.1740839798003435,0
4873,109.64708583295578,0.18279202049598098,0
4874,109.65862433298025,0.18762500258162618,0
4875,109.67385820799973,0.1847919775173068,0
4876,109.68909862497821,0.17979199765250087,0
4877,109.70391495799413,0.1800419995561242,0
4878,109.7172360419645,0.18104101764038205,0
4879,109.73244875000091,0.20291697001084685,0
4880,109.747692541976,0.21437503164634109,0
4881,109.76084508298663,0.2145000034943223,0
4882,109.77456158300629,0.2221670001745224,0
4883,109.78995025000768,0.21670799469575286,0
4884,109.80519845796516,0.20891701569780707,0
4885,109.81983512500301,0.1937499619089067,0
4886,109.83214004198089,0.25066599482670426,0
4887,109.84358200000133,0.2430829918012023,0
4888,109.85594616696471,0.22012501722201705,0
4889,109.87121037498582,0.210291997063905,0
4890,109.88645287498366,0.2174999681301415,0
4891,109.90170187497279,0.23066700669005513,0
4892,109.91388541698689,0.22333301603794098,0
4893,109.92858720797813,0.26816700119525194,0
4894,109.9431040000054,0.35616697277873755,0
4895,109.95851266698446,0.2770000137388706,0
4896,109.97383520798758,0.23162498837336898,0
4897,109.98910295800306,0.26270898524671793,0
4898,110.00016037496971,0.4097920027561486,0
4899,110.01567741698818,0.34324999433010817,0
4900,110.03110575000755,0.37704198621213436,0
4901,110.04653816699283,0.366290973033756,0
4902,110.06195050000679,0.3055830020457506,0
4903,110.07729424996069,0.28558302437886596,0
4904,110.09262329200283,0.30995794804766774,0
4905,110.10524358297698,0.27120899176225066,0
4906,110.1205472080037,0.3178750048391521,0
4907,110.13590199995087,0.30216702725738287,0
4908,110.15125358296791,0.2833750331774354,0
4909,110.1636264169938,0.41091599268838763,0
4910,110.17452983296243,0.3177500329911709,0
4911,110.18988762499066,0.29079196974635124,0
4912,110.2032821669709,0.2942080027423799,0
4913,110.21725120797055,0.31558400951325893,0
4914,110.23260408296483,0.30037498800083995,0
4915,110.243607124954,0.2941249986179173,0
4916,110.25894779199734,0.3089579986408353,0
4917,110.27192270796513,0.32345904037356377,0
4918,110.28481037495658,0.3655830514617264,0
4919,110.2966397079872,0.2893750206567347,0
4920,110.30863695795415,0.25862501934170723,0
4921,110.3203306249925,0.24787499569356441,0
4922,110.33196070796112,0.27704203967005014,0
4923,110.34728583297692,0.29316701693460345,0
4924,110.36118058295688,0.2648750087246299,0
4925,110.3764812919544,0.2562080044299364,0
4926,110.39176979195327,0.28850004309788346,0
4927,110.40710291697178,0.2667499938979745,0
4928,110.42243937496096,0.2792080049403012,0
4929,110.43672795797465,0.25579199427738786,0
4930,110.45203554199543,0.24004100123420358,0
4931,110.46730799996294,0.23208302445709705,0
4932,110.48258187499596,0.4041669890284538,0
4933,110.49802887497935,0.3685830160975456,0
4934,110.51201124995714,0.3083330229856074,0
4935,110.5273601670051,0.43783296132460237,0
4936,110.54285408300348,0.3198749618604779,0
4937,110.55631174996961,0.3617919865064323,0
4938,110.5688689170056,0.2635409473441541,0
4939,110.58418395795161,0.3346250159665942,0
4940,110.59653341700323,0.20612496882677078,0
4941,110.61177383299218,0.16362499445676804,0
4942,110.62510183296399,0.1697090337984264,0
4943,110.64030729199294,0.15662499936297536,0
4944,110.65551862498978,0.17108296742662787,0
4945,110.66831824998371,0.16012496780604124,0
4946,110.68350920797093,0.16516703180968761,0
4947,110.69580824999139,0.17591699725016952,0
4948,110.70929450000403,0.18229195848107338,0
4949,110.7245109169744,0.1849160180427134,0
4950,110.73871641699225,0.1967499847523868,0
4951,110.75395983300405,0.19599997904151678,0
4952,110.76919149997411,0.18470798386260867,0
4953,110.78441774996463,0.18195802113041282,0
4954,110.79963191697607,0.1788330264389515,0
4955,110.81484295800328,0.19220897229388356,0
4956,110.82539570797235,0.1711249933578074,0
4957,110.83778483298374,0.20454201148822904,0
4958,110.85303695796756,0.21249998826533556,0
4959,110.86568591697142,0.19783299649134278,0
4960,110.88091808295576,0.18729199655354023,0
4961,110.89205316698644,0.19658298697322607,0
4962,110.90728237497387,0.21374999778345227,0
4963,110.92227508296492,0.21304201800376177,0
4964,110.9375222499948,0.22545800311490893,0
4965,110.95066337496974,0.24304201360791922,0
4966,110.96595304197399,0.2621249877847731,0
4967,110.98126491700532,0.25470799300819635,0
4968,110.99353849998442,0.2381670055910945,0
4969,111.00881816697074,0.23020798107609153,0
4970,111.02024087496102,0.4117499920539558,0
4971,111.03438649995951,0.23091700859367847,0
4972,111.04965529200854,0.20312494598329067,0
4973,111.06197141698794,0.22262497805058956,0
4974,111.07724870799575,0.22716698003932834,0
4975,111.09224512497894,0.24508300703018904,0
4976,111.10753020795528,0.22591702872887254,0
4977,111.12279299995862,0.2453750348649919,0
4978,111.13308187498478,0.26595802046358585,0
4979,111.14839091699105,0.25229097809642553,0
4980,111.16161199996714,0.2375420299358666,0
4981,111.17464174999623,0.2709999680519104,0
4982,111.1899818329839,0.2423339756205678,0
4983,111.20527412497904,0.25279202964156866,0
4984,111.22015816700878,0.24887494510039687,0
4985,111.23166437499458,0.28899998869746923,0
4986,111.24699133296963,0.27187500381842256,0
4987,111.2622989579686,0.2530000056140125,0
4988,111.27262870798586,0.357583980076015,0
4989,111.28313741699094,0.3703329712152481,0
4990,111.29782808298478,0.2654169802553952,0
4991,111.31313616695115,0.17620803555473685,0
4992,111.32835662498837,0.21720799850299954,0
4993,111.34232150000753,0.18816697411239147,0
4994,111.35757237498183,0.1806250074878335,0
4995,111.3710884169559,0.16725005116313696,0
4996,111.38629166700412,0.16754097305238247,0
4997,111.40009416698013,0.17187499906867743,0
4998,111.41529945796356,0.16954203601926565,0
4999,111.43050579197006,0.22537499899044633,0
5000,111.44576633296674,0.22966699907556176,0
5001,111.461032082967,0.18750003073364496,0
5002,111.47453804197721,0.24633301654830575,0
5003,111.48533862497425,0.20908302394673228,0
5004,111.49603529198794,0.1528330030851066,0
5005,111.50789112498751,0.16366702038794756,0
5006,111.52308466698742,0.17162499716505408,0
5007,111.53828241699375,0.16075000166893005,0
5008,111.5534632919589,0.15495804836973548,0
5009,111.56864104198758,0.1361659960821271,0
5010,111.58382183295907,0.23441703524440527,0
5011,111.59911320795072,0.13658404350280762,0
5012,111.60952279198682,0.22516597528010607,0
5013,111.62264870799845,0.2108339685946703,0
5014,111.63790754199727,0.252666010055691,0
5015,111.64987629198004,0.23766601225361228,0
5016,111.66516899998533,,1
5017,111.78048545797355,,1
5018,111.89690683298977,,1
5019,112.01416287495522,0.4544580006040633,0
5020,112.02969029196538,0.3292910405434668,0
5021,112.04358820797643,0.2709589898586273,0
5022,112.0588994579739,0.2297920291312039,0
5023,112.07331083295867,1.2400000123307109,0
5024,112.08639212499838,0.3487499780021608,0
5025,112.10116170800757,0.48574997344985604,0
5026,112.11246574996039,0.49645802937448025,0
5027,112.12692904198775,0.3474999684840441,0
5028,112.13807012495818,0.36500004353001714,0
5029,112.14872362499591,0.3262920072302222,0
5030,112.16409287496936,0.3332500346004963,0
5031,112.17748054198455,0.3034999826923013,0
5032,112.18838787497953,0.24154200218617916,0
5033,112.20088499999838,0.30574999982491136,0
5034,112.21280674997251,0.29720802558586,0
5035,112.22440512495814,0.264250033069402,0
5036,112.23601416696329,0.2966659958474338,0
5037,112.24676429195097,0.29695802368223667,0
5038,112.26210595795419,0.3017090493813157,0
5039,112.27667420799844,0.3409999771974981,0
5040,112.29206204199,0.32233301317319274,0
5041,112.30374604195822,0.3154580481350422,0
5042,112.31910187500762,0.29154197545722127,0
5043,112.3344310829998,0.2612919779494405,0
5044,112.34974083298584,0.3171669668518007,0
5045,112.36509433295578,0.31150004360824823,0
5046,112.37960270798067,0.351083988789469,0
5047,112.39213379198918,0.3166249953210354,0
5048,112.40749670797959,0.29020902002230287,0
5049,112.42178970796522,0.27520902222022414,0
5050,112.43710250000004,0.30204199720174074,0
5051,112.45244487497257,0.2929579932242632,0
5052,112.46777024999028,0.27879199478775263,0
5053,112.48308537498815,0.3078330191783607,0
5054,112.49346874997718,0.3749579773284495,0
5055,112.5059464169899,0.33620797330513597,0
5056,112.52133674995275,0.3127080271951854,0
5057,112.53668924997328,0.32308301888406277,0
5058,112.54880674998276,0.33000000985339284,0
5059,112.56418566696811,0.3464160254225135,0
5060,112.5795671249507,0.3078750451095402,0
5061,112.59592024999438,0.34133298322558403,0
5062,112.61131237499649,0.29095797799527645,0
5063,112.62468324997462,0.291000003926456,0
5064,112.63750183297088,0.3249170258641243,0
5065,112.65286849997938,0.29016699409112334,0
5066,112.66531058296096,0.27229200350120664,0
5067,112.68062233296223,0.3271670429967344,0
5068,112.69464583299123,,1
5069,112.8107050829567,,1
5070,112.92798962496454,0.40983303915709257,0
5071,112.94110729196109,,1
5072,113.05829654197441,,1
5073,113.17413754196605,,1
5074,113.28958595800214,0.33887499012053013,0
5075,113.30500762496376,0.34370803041383624,0
5076,113.31616329198005,0.21616602316498756,0
5077,113.32712624996202,0.24408299941569567,0
5078,113.34242979198461,0.31870801467448473,0
5079,113.35433779197047,0.24529098300263286,0
5080,113.36963870795444,0.2993750385940075,0
5081,113.38253816700308,0.23058295482769608,0
5082,113.3978102079709,0.21787500008940697,0
5083,113.41305404197192,0.13033300638198853,0
5084,113.42821649997495,0.18991698743775487,0
5085,113.44135870796163,0.16104202950373292,0
5086,113.45656045799842,0.20824995590373874,0
5087,113.47180112497881,0.3184580127708614,0
5088,113.48304329195525,0.2750410349108279,0
5089,113.49396749999141,0.19783299649134278,0
5090,113.50699595798505,0.1805420033633709,0
5091,113.51976395800011,0.276167003903538,0
5092,113.53387970797485,0.2833750331774354,0
5093,113.54921066696988,0.20254100672900677,0
5094,113.56449554197025,0.20179100101813674,0
5095,113.57975274999626,0.1871249987743795,0
5096,113.5943780419766,0.16850000247359276,0
5097,113.60599587496836,0.17433299217373133,0
5098,113.6212030829629,0.162874988745898,0
5099,113.63501316698967,0.17812498845160007,0
5100,113.65022799995495,0.2465830184519291,0
5101,113.66551899997285,0.1716670230962336,0
5102,113.6807233329746,0.16708398470655084,0
5103,113.69591074995697,0.1805830397643149,0
5104,113.71112912497483,0.27720798971131444,0
5105,113.72246829199139,0.2604579785838723,0
5106,113.7334214169532,0.2773750456981361,0
5107,113.74874483299209,0.39129197830334306,0
5108,113.76123399997596,0.44533301843330264,0
5109,113.77673004195094,0.3095830325037241,0
5110,113.78716566698859,0.2787499688565731,0
5111,113.80249304196332,0.23300002794712782,0
5112,113.81776516698301,0.21249998826533556,0
5113,113.83128362498246,0.2441250253468752,0
5114,113.8465814999654,0.27841702103614807,0
5115,113.86190458299825,0.2548749907873571,0
5116,113.8745199579862,,1
5117,113.99169512500521,,1
5118,114.10894141695462,0.40804099990054965,0
5119,114.12439295800868,0.3726249560713768,0
5120,114.13981004199013,0.39237499004229903,0
5121,114.15525379200699,0.31699996907263994,0
5122,114.17061437497614,0.34620799124240875,0
5123,114.18600404198514,0.3975409781560302,0
5124,114.19728687498719,0.34783297451213,0
5125,114.20948208298068,0.396709016058594,0
5126,114.22492633300135,0.40195899782702327,0
5127,114.23937354196096,0.35683304304257035,0
5128,114.25125879200641,0.34908298403024673,0
5129,114.26618854195112,0.3701250534504652,0
5130,114.27954387495993,0.3337920061312616,0
5131,114.29492441698676,0.3506659995764494,0
5132,114.31032004195731,0.3421660512685776,0
5133,114.32570324995322,0.36554201506078243,0
5134,114.34112583298702,0.30800001695752144,0
5135,114.3564736249973,0.3646669792942703,0
5136,114.37188329198398,0.34849997609853745,0
5137,114.38728149997769,0.3197080222889781,0
5138,114.40264041698538,0.3367500030435622,0
5139,114.41801770799793,0.3034590044990182,0
5140,114.43336299998919,0.3011670196428895,0
5141,114.44968829199206,0.32616598764434457,0
5142,114.46476462500868,0.3059579757973552,0
5143,114.48011050000787,0.315624987706542,0
5144,114.49547608295688,0.34366699401289225,0
5145,114.50730804196792,0.31879101879894733,0
5146,114.52211341698421,0.3519160090945661,0
5147,114.53386754199164,0.3178750048391521,0
5148,114.54922133299988,0.30920899007469416,0
5149,114.56457245798083,0.36020897096022964,0
5150,114.57826124998974,0.3440419677644968,0
5151,114.59364495798945,0.30741700902581215,0
5152,114.60429925000062,0.37887500366196036,0
5153,114.61972591700032,0.351790979038924,0
5154,114.63511920796009,0.30029204208403826,0
5155,114.65046058298321,0.30329200671985745,0
5156,114.66269016696606,0.2812080201692879,0
5157,114.67452620796394,0.34716702066361904,0
5158,114.68768949998775,0.3244169638492167,0
5159,114.6985067499918,0.38899999344721437,0
5160,114.71393912495114,0.33670803532004356,0
5161,114.72441849997267,0.33779197838157415,0
5162,114.739802666998,,1
5163,114.85681583295809,,1
5164,114.97016604198143,,1
5165,115.08741458295844,,1
5166,115.20203179196687,,1
5167,115.31928433297435,,1
5168,115.4364293749677,,1
5169,115.5537300829892,0.4889169940724969,0
5170,115.56863483297639,0.38470898289233446,0
5171,115.57985887496034,0.1924170064739883,0
5172,115.59211920795497,0.2524590236134827,0
5173,115.60311904200353,0.20108296303078532,0
5174,115.61836245795712,0.18862501019611955,0
5175,115.63361533300485,0.18399994587525725,0
5176,115.64886745798867,0.17670897068455815,0
5177,115.66103066696087,0.16825000056996942,0
5178,115.67451870796503,0.17600000137463212,0
5179,115.68973337498028,0.20291702821850777,0
5180,115.70076549996156,0.17854204634204507,0
5181,115.71598583296873,0.19645900465548038,0
5182,115.73121870798059,0.19145902479067445,0
5183,115.74644620798063,0.238874985370785,0
5184,115.75966929196147,0.7330410298891366,0
5185,115.77545316697797,0.42808300349861383,0
5186,115.78865508298622,0.22250000620260835,0
5187,115.79903454199666,0.1972499885596335,0
5188,115.81426683295285,0.14716701116412878,0
5189,115.82943137496477,0.12312503531575203,0
5190,115.84458179195644,0.14770805137231946,0
5191,115.85976837499766,0.24045800091698766,0
5192,115.87177666695789,,1
5193,115.9889587079524,0.31812500674277544,0
5194,116.003430541954,0.23858301574364305,0
5195,116.01774104195647,0.23512501502409577,0
5196,116.02913570799865,0.21245901007205248,0
5197,116.03994275000878,0.18483295571058989,0
5198,116.0551806250005,0.18695800099521875,0
5199,116.06731137499446,0.18429197371006012,0
5200,116.08253124996554,0.18920801812782884,0
5201,116.09775195800466,0.1929589780047536,0
5202,116.1129763329518,0.2090840134769678,0
5203,116.12822558300104,0.1959590008482337,0
5204,116.14127887500217,0.2062499988824129,0
5205,116.15423395799007,0.18370896577835083,0
5206,116.16945379198296,0.22220797836780548,0
5207,116.18471412500367,0.21008297335356474,0
5208,116.19995912496233,0.2365830005146563,0
5209,116.21525245800149,0.2542089787311852,0
5210,116.23055195796769,0.2780840150080621,0
5211,116.24357616697671,0.23900001542642713,0
5212,116.25884837500053,0.24158298037946224,0
5213,116.27040637499886,0.2751249703578651,0
5214,116.28573383297771,0.24800002574920654,0
5215,116.30101587495301,0.237083004321903,0
5216,116.3135633749771,0.27816701913252473,0
5217,116.3288945829845,0.4157919902354479,0
5218,116.34359637496527,0.3837920376099646,0
5219,116.35902845795499,0.32158399699255824,0
5220,116.37440537498333,0.33941701985895634,0
5221,116.3897969169775,0.3482080064713955,0
5222,116.40401695796754,0.36316702608019114,0
5223,116.41943537496263,0.29791699489578605,0
5224,116.43476808298146,0.25166699197143316,0
5225,116.45006520795869,0.26699999580159783,0
5226,116.46216699999059,0.2595830010250211,0
5227,116.47746924997773,0.26595802046358585,0
5228,116.49277433298994,0.2802920062094927,0
5229,116.50809554196894,0.33145799534395337,0
5230,116.51998858299339,0.31641696114093065,0
5231,116.53168233297765,0.2596250269562006,0
5232,116.54360641696258,0.2632910036481917,0
5233,116.55892095796298,0.247584015596658,0
5234,116.57420854200609,0.25116599863395095,0
5235,116.5895119169727,0.25658297818154097,0
5236,116.60481045796769,0.28895901050418615,0
5237,116.62013533298159,0.26704202173277736,0
5238,116.63544829195598,0.28929102700203657,0
5239,116.65077162499074,0.27670798590406775,0
5240,116.6652465829975,0.24624995421618223,0
5241,116.68053116695955,0.288875016849488,0
5242,116.6958609999856,0.332249968778342,0
5243,116.71123479196103,0.24454103549942374,0
5244,116.72675641695969,0.2865410060621798,0
5245,116.74068729195278,0.29166601598262787,0
5246,116.75602512498153,0.2919579856097698,0
5247,116.77135566697689,0.26541599072515965,0
5248,116.78180749999592,0.24929200299084187,0
5249,116.79589837498497,0.31849998049438,0
5250,116.81033495796146,0.32216700492426753,0
5251,116.82570287497947,0.2899999963119626,0
5252,116.84103091695579,0.29329099925234914,0
5253,116.85175924998475,0.3084170166403055,0
5254,116.86217112495797,0.40429201908409595,0
5255,116.8776242499589,0.3262920072302222,0
5256,116.89158379199216,0.15899998834356666,0
5257,116.90323437500047,0.16562495147809386,0
5258,116.91845274996012,0.1704170135781169,0
5259,116.93366354197497,0.1818750170059502,0
5260,116.94573516695527,0.22179103689268231,0
5261,116.96100912499242,0.36462501157075167,0
5262,116.97458370798267,0.3320000250823796,0
5263,116.98809104197426,0.3363330033607781,0
5264,117.00347125000553,0.37629198050126433,0
5265,117.01456533296732,0.5075840163044631,0
5266,117.03014179196907,0.5360409850254655,0
5267,117.04298766696593,0.3535409923642874,0
5268,117.0580619169632,0.572625023778528,0
5269,117.06928287498886,,1
5270,117.18211358296685,,1
5271,117.29940795799484,0.39837497752159834,0
5272,117.31367004197091,0.14600000577047467,0
5273,117.32654716697289,0.19350001821294427,0
5274,117.33851029200014,,1
5275,117.45470516697969,,1
5276,117.57093695795629,,1
5277,117.68761262495536,,1
5278,117.80237150000175,,1
5279,117.91969562496524,,1
5280,118.03693000000203,,1
5281,118.15420020796591,,1
5282,118.2670543330023,,1
5283,118.38338870799635,,1
5284,118.50066862499807,0.48695795703679323,0
5285,118.51486920798197,0.37870899541303515,0
5286,118.53030529199168,0.38891599979251623,0
5287,118.54358066699933,0.3635829780250788,0
5288,118.55764199997066,0.31812500674277544,0
5289,118.57300162495812,0.3525000065565109,0
5290,118.58700224995846,0.40983303915709257,0
5291,118.598387792008,0.33208297099918127,0
5292,118.60992041695863,0.3077080473303795,0
5293,118.62150516698603,0.3204579697921872,0
5294,118.63398474996211,0.3839580458588898,0
5295,118.6459811249515,0.3516670549288392,0
5296,118.6613700419548,0.2903750282712281,0
5297,118.6745195419644,0.26483304100111127,0
5298,118.68770520796534,0.33662503119558096,0
5299,118.70276891696267,0.3904160112142563,0
5300,118.71725433296524,0.4491250147111714,0
5301,118.73166616697563,0.3859159769490361,0
5302,118.74337612499949,0.3548749955371022,0
5303,118.75877341697924,0.2994160167872906,0
5304,118.77411174995359,0.3505000495351851,0
5305,118.78949733299669,0.33058400731533766,0
5306,118.80145774997072,0.2904580323956907,0
5307,118.81678920798004,0.31629198929294944,0
5308,118.82872220798163,0.3096250002272427,0
5309,118.84224541700678,0.31162495724856853,0
5310,118.8575979169691,0.32304099295288324,0
5311,118.87113275000593,0.30991696985438466,0
5312,118.88272804196458,0.272915989626199,0
5313,118.89804020797601,0.4715839750133455,0
5314,118.91175008297432,,1
5315,119.02898674999597,,1
5316,119.14356812497135,,1
5317,119.26082979200874,0.4261659923940897,0
5318,119.27452804200584,0.382165948394686,0
5319,119.28907137498027,0.3524170024320483,0
5320,119.30446299997857,0.2954169758595526,0
5321,119.31811433297116,0.27712498558685184,0
5322,119.3334300419665,0.2775409957394004,0
5323,119.34874449996278,0.3165830275975168,0
5324,119.364102291991,0.28916599694639444,0
5325,119.3794291249942,0.30333298491314054,0
5326,119.39376816700678,0.2905000001192093,0
5327,119.40910508297384,0.4099999787285924,0
5328,119.42002187500475,0.39245799416676164,0
5329,119.43546633300139,0.35149999894201756,0
5330,119.45086458296282,0.35070901503786445,0
5331,119.4630232079653,0.3150000120513141,0
5332,119.47449674998643,0.3511669929139316,0
5333,119.48742333299015,0.36154198460280895,0
5334,119.5028223329573,0.3433750243857503,0
5335,119.51821624999866,0.3274999908171594,0
5336,119.53357908298494,0.3363339928910136,0
5337,119.54790616699029,0.3502909676171839,0
5338,119.5621739999624,0.3262500395067036,0
5339,119.57753804198,0.33791601890698075,0
5340,119.59225950000109,0.3066670033149421,0
5341,119.60761637496762,0.32233301317319274,0
5342,119.62240570795257,0.3493340336717665,0
5343,119.63779833295848,0.3180000348947942,0
5344,119.6531594999833,0.320332997944206,0
5345,119.66639524995117,0.30391704058274627,0
5346,119.67801341699669,0.2935410011559725,0
5347,119.69334912498016,0.30995800625532866,0
5348,119.70693774998654,0.38708298234269023,0
5349,119.72237191698514,0.3166249953210354,0
5350,119.73450924997451,0.3434999962337315,0
5351,119.7499279580079,0.33354194601997733,0
5352,119.7652975419769,0.3032910171896219,0
5353,119.77655533299549,0.3512499970383942,0
5354,119.7883084169589,0.3060830058529973,0
5355,119.79992162500275,0.27766695711761713,0
5356,119.81524145795265,0.3827500040642917,0
5357,119.82920429197839,0.3329159808345139,0
5358,119.84224595798878,0.3267499851062894,0
5359,119.85414758295519,0.3497920115478337,0
5360,119.86953954200726,0.3748749732039869,0
5361,119.88495408295421,0.3690420417115092,0
5362,119.89680741698248,0.2899579703807831,0
5363,119.90997287497157,0.34550001146271825,0
5364,119.92176816699794,0.2401659730821848,0
5365,119.93704099999741,0.25279197143390775,0
5366,119.95233091700356,0.23170799249783158,0
5367,119.96725937497104,0.22625003475695848,0
5368,119.98010658298153,0.24558400036767125,0
5369,119.9918230829644,0.24612504057586193,0
5370,120.00311033299658,0.24129200028255582,0
5371,120.01839495799504,0.22899999748915434,0
5372,120.031118666986,0.3208749694749713,0
5373,120.04356774996268,0.26362499920651317,0
5374,120.05889183300314,0.2358339843340218,0
5375,120.07416833296884,0.21349999587982893,0
5376,120.08941749995574,0.14933303464204073,0
5377,120.1045920419856,0.14725001528859138,0
5378,120.11975091695786,0.16366603085771203,0
5379,120.1349414580036,0.18737500067800283,0
5380,120.15017412498128,0.20750000840052962,0
5381,120.16169662500033,0.26708299992606044,0
5382,120.1770209579845,0.3754589706659317,0
5383,120.19211237499258,0.45962497824802995,0
5384,120.20767224999145,0.4249999765306711,0
5385,120.22319908300415,0.4194169887341559,0
5386,120.2337797919754,0.2770830178633332,0
5387,120.2478377079824,0.25099999038502574,0
5388,120.26312733296072,0.3108750097453594,0
5389,120.27757624996593,0.3729170421138406,0
5390,120.2930279999855,0.19087496912106872,0
5391,120.30825949995779,0.16920804046094418,0
5392,120.3234632499516,0.2775000175461173,0
5393,120.33879524999065,0.2715829759836197,0
5394,120.35412400000496,,1
5395,120.46745666698553,,1
5396,120.58359595795628,,1
5397,120.69965579197742,,1
5398,120.8169068749994,,1
5399,120.93413995800074,,1
5400,121.04693349997979,,1
5401,121.16417862498201,,1
5402,121.27843470795779,,1
5403,121.39572891697753,,1
5404,121.5129773329827,,1
5405,121.62850783299655,0.42749999556690454,0
5406,121.64160195796285,0.3367500030435622,0
5407,121.65270599996438,0.44875004095956683,0
5408,121.66821791697294,0.45433302875608206,0
5409,121.680916332989,0.3992500132881105,0
5410,121.69639649998862,0.4771249950863421,0
5411,121.71192445798079,0.3859589924104512,0
5412,121.72735558298882,0.370624999050051,0
5413,121.74270000000251,0.4041669890284538,0
5414,121.75815466698259,0.38070802111178637,0
5415,121.77063945797272,0.3760000108741224,0
5416,121.78605404199334,0.3674160107038915,0
5417,121.80146912497003,0.37700001848861575,0
5418,121.81259149999823,0.39145798655226827,0
5419,121.82586599997012,0.36225002259016037,0
5420,121.83740408299491,0.33537496346980333,0
5421,121.84907558298437,0.36145898047834635,0
5422,121.85962812497746,0.35087502328678966,0
5423,121.87501649995102,0.33725000685080886,0
5424,121.88970399997197,0.371375004760921,0
5425,121.90511658298783,0.31566701363772154,0
5426,121.91874412499601,0.30695798341184855,0
5427,121.93408941698726,0.29916601488366723,0
5428,121.94681391696213,0.3274159971624613,0
5429,121.96218437497737,0.3582499921321869,0
5430,121.97758033295395,0.3339590039104223,0
5431,121.99296108295675,0.2944589941762388,0
5432,122.00486508297035,1.8522089812904596,0
5433,122.01887674996397,0.3429999924264848,0
5434,122.0341913329903,0.43983396608382463,0
5435,122.04899270797614,0.3194590099155903,0
5436,122.06029670796124,0.26575004449114203,0
5437,122.07560275000287,0.5200000014156103,0
5438,122.09116974996869,0.3814580268226564,0
5439,122.1044351249584,0.6177080213092268,0
5440,122.11962529196171,0.26179099222645164,0
5441,122.13493837497663,0.33304200042039156,0
5442,122.15036154200789,0.20329095423221588,0
5443,122.16241120797349,0.17075001960620284,0
5444,122.1776199999731,0.1717500272206962,0
5445,122.18993308296194,0.1828340464271605,0
5446,122.205157666991,0.2039159880951047,0
5447,122.2159162919852,0.14966598246246576,0
5448,122.23110124998493,0.1569169689901173,0
5449,122.24628404196119,0.14870800077915192,0
5450,122.26145283295773,0.13175001367926598,0
5451,122.27660424995702,0.14462502440437675,0
5452,122.29176908300724,0.1496669719927013,0
5453,122.30696116696345,0.181750045157969,0
5454,122.32218154199654,0.15662499936297536,0
5455,122.33736829197733,0.15912501839920878,0
5456,122.35255779197905,0.19749999046325684,0
5457,122.36782404198311,0.19824999617412686,0
5458,122.37990395800443,0.19150000298395753,0
5459,122.39512649999233,0.17449998995289207,0
5460,122.40641091699945,0.18166599329560995,0
5461,122.41800583299482,0.20516698714345694,0
5462,122.43101170798764,0.18983398331329226,0
5463,122.44214850000571,0.2115419483743608,0
5464,122.4573959169793,0.2038750099018216,0
5465,122.47021100000711,0.13274996308609843,0
5466,122.4811053329613,0.18916703993454576,0
5467,122.49446174997138,0.1890829880721867,0
5468,122.50968479196308,0.18029101192951202,0
5469,122.524896582996,0.17487496370449662,0
5470,122.5401135829743,0.18620898481458426,0
5471,122.5515483749914,0.20487495930865407,0
5472,122.56466441700468,0.2079999540001154,0
5473,122.57992437499342,0.18541701138019562,0
5474,122.59200733300531,0.18987496150657535,0
5475,122.6036994580063,0.1801249454729259,0
5476,122.61533966695424,0.1705830218270421,0
5477,122.62696091696853,0.16579101793467999,0
5478,122.64214708295185,0.16666704323142767,0
5479,122.65353174996562,,1
5480,122.76977012498537,,1
5481,122.88709612499224,0.4681670106947422,0
5482,122.8997812079615,0.17233402468264103,0
5483,122.91498741699615,0.17974997172132134,0
5484,122.93020408297889,0.16954197781160474,0
5485,122.94357520795893,0.20979199325665832,0
5486,122.95610995800234,0.21658395417034626,0
5487,122.9666529999813,0.17995800590142608,0
5488,122.98140416695969,0.18616602756083012,0
5489,122.99304308299907,0.17929199384525418,0
5490,123.00623745797202,0.18066703341901302,0
5491,123.02148195798509,0.16841699834913015,0
5492,123.0352919169818,0.17079099779948592,0
5493,123.05052520800382,0.18245895626023412,0
5494,123.06575199996587,0.1860830234363675,0
5495,123.08097158296732,0.17679203301668167,0
5496,123.09620266698766,0.1967080170288682,0
5497,123.10873416700633,0.1711249933578074,0
5498,123.12035991699668,0.17695798305794597,0
5499,123.1319994169753,0.17612503143027425,0
5500,123.14356999995653,0.23079203674569726,0
5501,123.1588612080086,0.18145894864574075,0
5502,123.16913720796583,0.18483400344848633,0
5503,123.18435062497156,0.18795800860971212,0
5504,123.19507933297427,0.1905839890241623,0
5505,123.21030658297241,0.21129200467839837,0
5506,123.22556799999438,0.20712497644126415,0
5507,123.24081933300477,0.2073749783448875,0
5508,123.25352504197508,0.20483299158513546,0
5509,123.26564879197394,0.21700002253055573,0
5510,123.28090895799687,,1
5511,123.39440295798704,,1
5512,123.50993695796933,,1
5513,123.62553395796567,,1
5514,123.742729916994,0.3707910072989762,0
5515,123.7539565829793,0.2084170118905604,0
5516,123.76566891698167,0.19891600823029876,0
5517,123.77692645799834,0.33045897725969553,0
5518,123.79232308297651,0.3690000157803297,0
5519,123.80777587497141,0.3315000212751329,0
5520,123.82316174998414,0.29200001154094934,0
5521,123.8363844169653,0.30758301727473736,0
5522,123.85175704199355,0.196165987290442,0
5523,123.86280641698977,0.21620799088850617,0
5524,123.87455399997998,0.21529197692871094,0
5525,123.88981408299878,,1
5526,124.00298616697546,,1
5527,124.11730974999955,0.540416978765279,0
5528,124.13291154196486,0.37399999564513564,0
5529,124.14357604196994,0.3567080129869282,0
5530,124.15565591695486,0.3084580530412495,0
5531,124.16752799996175,0.32408302649855614,0
5532,124.182893374993,0.2573750098235905,0
5533,124.19818979199044,0.27129100635647774,0
5534,124.21320058300626,0.32458396162837744,0
5535,124.22856508300174,0.30445895390585065,0
5536,124.24358054198092,0.29920798260718584,0
5537,124.2589036669815,0.3101250040344894,0
5538,124.27427462500054,0.3382079885341227,0
5539,124.28965562500525,0.31229195883497596,0
5540,124.30479916697368,0.44854101724922657,0
5541,124.32029254199006,0.33783301478251815,0
5542,124.33364604198141,0.32579101389274,0
5543,124.34728208300658,0.4014589940197766,0
5544,124.35779520799406,0.19324995810166,0
5545,124.37303337495541,0.1955830375663936,0
5546,124.38825766695663,0.1617080415599048,0
5547,124.40343941695755,0.1391660189256072,0
5548,124.4186198329553,0.21070899674668908,0
5549,124.43229887500638,0.13337499694898725,0
5550,124.4474639580003,0.12737495126202703,0
5551,124.46261529199546,0.1699579879641533,0
5552,124.47311141696991,0.2668329980224371,0
5553,124.48554354195949,0.22837502183392644,0
5554,124.4961655419902,0.2021659747697413,0
5555,124.51141375000589,0.2093329676426947,0
5556,124.52666295797098,0.2192499814555049,0
5557,124.53976374998456,0.21133298287168145,0
5558,124.55502966698259,,1
5559,124.6702372499858,,1
5560,124.78646258299705,,1
5561,124.90373887500027,,1
5562,125.01835483295145,,1
5563,125.13538120797602,,1
5564,125.25264612497995,,1
5565,125.36989291699138,0.42479101102799177,0
5566,125.38123137498042,0.3560829791240394,0
5567,125.39592591696419,0.3490410163067281,0
5568,125.40753633296117,0.2862500259652734,0
5569,125.4228668329888,0.28191698947921395,0
5570,125.43575520796003,0.33879204420372844,0
5571,125.44794191699475,0.3601249773055315,0
5572,125.46076229197206,0.3514160052873194,0
5573,125.47452920797514,0.3067500074394047,0
5574,125.48774758295622,0.39837503572925925,0
5575,125.50059549999423,0.3535000141710043,0
5576,125.51598962495336,0.3350000479258597,0
5577,125.52717641700292,0.352540984749794,0
5578,125.54105308296857,0.2833339967764914,0
5579,125.55637424997985,,1
5580,125.67357395798899,,1
5581,125.78943016700214,0.46441599261015654,0
5582,125.80494320800062,0.3147089737467468,0
5583,125.82029379199957,0.26954099303111434,0
5584,125.83490924997022,0.352917006239295,0
5585,125.84855045797303,0.3379170084372163,0
5586,125.8639432079508,0.2912500058300793,0
5587,125.87927066697739,0.28454099083319306,0
5588,125.8946038329741,0.32662501325830817,0
5589,125.90687183296541,0.2790840226225555,0
5590,125.92219508299604,0.25749998167157173,0
5591,125.9357937919558,0.2727500395849347,0
5592,125.95066949998727,0.28808298520743847,0
5593,125.96486520796316,,1
5594,126.08203816699097,,1
5595,126.19930866698269,0.40683301631361246,0
5596,126.21443295798963,0.3589999978430569,0
5597,126.22983608295908,0.3166249953210354,0
5598,126.24305037496379,0.38654200034216046,0
5599,126.25498979195254,0.320750055834651,0
5600,126.270352291991,0.36466598976403475,0
5601,126.2857620419818,0.3712499747052789,0
5602,126.30117849999806,0.3309579915367067,0
5603,126.31566637498327,0.36762497620657086,0
5604,126.33042424998712,0.3695000195875764,0
5605,126.34584587498102,0.3232500166632235,0
5606,126.36120691697579,0.3339159884490073,0
5607,126.37658416695194,0.3720830427482724,0
5608,126.39200141699985,0.35983300767838955,0
5609,126.4060002079932,0.30320900259539485,0
5610,126.4169467499596,0.32991700572893023,0
5611,126.43231908296002,0.29012502636760473,0
5612,126.44662170798983,0.3509590169414878,0
5613,126.46201799996197,0.3147920360788703,0
5614,126.47552949999226,0.38658297853544354,0
5615,126.48768466699403,0.36708300467580557,0
5616,126.49872966698604,0.18479098798707128,0
5617,126.51402649999363,0.2020419924519956,0
5618,126.52925304195378,0.13991602463647723,0
5619,126.5444145000074,0.14249997911974788,0
5620,126.55878637498245,0.2560419961810112,0
5621,126.56987583299633,0.1478339545428753,0
5622,126.58256020798581,0.12924999464303255,0
5623,126.59771449997788,0.17695798305794597,0
5624,126.6111070420011,0.2810829901136458,0
5625,126.62644191697473,0.21645799279212952,0
5626,126.64169720798964,0.23125001462176442,0
5627,126.6555148329935,0.2893749624490738,0
5628,126.66718508297345,0.21841702982783318,0
5629,126.68121183296898,0.24200003826990724,0
5630,126.69648945797235,0.33595901913940907,0
5631,126.71186899999157,0.2697919844649732,0
5632,126.72717741696397,0.2572500379756093,0
5633,126.73862891696626,0.26525004068389535,0
5634,126.753655916953,,1
5635,126.87085554195801,,1
5636,126.988094291999,,1
5637,127.10533654200844,,1
5638,127.22213904198725,,1
5639,127.33438795799157,,1
5640,127.45157954195747,,1
5641,127.56661108299159,,1
5642,127.68309204198886,,1
5643,127.7991009579855,,1
5644,127.91481508297147,,1
5645,128.03206808300456,0.4230419872328639,0
5646,128.04357633297332,0.42558403220027685,0
5647,128.05905658297706,0.35916699562221766,0
5648,128.07446604198776,0.3334580105729401,0
5649,128.08983620797517,0.3004589816555381,0
5650,128.10419395798817,0.4104169784113765,0
5651,128.1196593749919,0.3309579915367067,0
5652,128.13503970799502,0.34495897125452757,0
5653,128.1504336670041,0.33787498250603676,0
5654,128.16176454199012,0.4044999950565398,0
5655,128.17722520796815,0.35316700814291835,0
5656,128.18801374995383,0.3061250317841768,0
5657,128.203360332991,0.30083401361480355,0
5658,128.2171615829575,0.3395840176381171,0
5659,128.23164249997353,0.3421669825911522,0
5660,128.24619537498802,0.42337499326094985,0
5661,128.26165987498825,0.3191669820807874,0
5662,128.27347370795906,0.3753750352188945,0
5663,128.28890704200603,0.3436249680817127,0
5664,128.30330649996176,0.3277920186519623,0
5665,128.31867554195924,0.36945799365639687,0
5666,128.33409570797812,0.4033339791931212,0
5667,128.3495417079539,0.36391703179106116,0
5668,128.36220708297333,0.3290839958935976,0
5669,128.37757700000657,0.30587497167289257,0
5670,128.39292170800036,0.3355839871801436,0
5671,128.40830837498652,0.2811669837683439,0
5672,128.42362966696965,0.2970410278066993,0
5673,128.43896183295874,0.3177920007146895,0
5674,128.44935204199282,0.30683301156386733,0
5675,128.46469699998852,0.3254999755881727,0
5676,128.47839745797683,0.30795898055657744,0
5677,128.48996854195138,0.35787501838058233,0
5678,128.50313612498576,0.4069579881615937,0
5679,128.51859599997988,0.3636250039562583,0
5680,128.5305852079764,0.4182090051472187,0
5681,128.5460534580052,,1
5682,128.66328391700517,,1
5683,128.7770593749592,,1
5684,128.8942613749532,0.33779203658923507,0
5685,128.90788741700817,0.45666599180549383,0
5686,128.91978070797632,0.3075840068049729,0
5687,128.93514824996237,0.2988330088555813,0
5688,128.95049195800675,0.18516695126891136,0
5689,128.9657243329566,0.2376670017838478,0
5690,128.9768237079843,0.29612501384690404,0
5691,128.98998591699637,0.24604098871350288,0
5692,129.00316416699206,0.24912500521168113,0
5693,129.0184611249715,0.22808299399912357,0
5694,129.0294610830024,0.3362919669598341,0
5695,129.04486566700507,0.5237499717622995,0
5696,129.06050974997925,0.4974579787813127,0
5697,129.07612554199295,0.5445829592645168,0
5698,129.09176283300621,0.29437500052154064,0
5699,129.10713124996983,0.38174999644979835,0
5700,129.12259041698417,0.3270410234108567,0
5701,129.1332524580066,0.2622499596327543,0
5702,129.145643249969,,1
5703,129.26299949997338,,1
5704,129.3804293749854,,1
5705,129.49784716696013,0.5245410138741136,0
5706,129.50991020799847,0.4414169816300273,0
5707,129.52349079196574,0.328666006680578,0
5708,129.53887095797108,0.3684170078486204,0
5709,129.5542908749776,0.38483302341774106,0
5710,129.56976679200307,0.4242909490130842,0
5711,129.58527854195563,0.4681250429712236,0
5712,129.60080133297015,0.41979202069342136,0
5713,129.61627995799063,0.44112501200288534,0
5714,129.6317875419627,0.430750020314008,0
5715,129.64358966698637,,1
5716,129.75717570795678,,1
5717,129.8742754579871,,1
5718,129.9916557079996,0.4557920037768781,0
5719,130.0050678330008,0.3077089786529541,0
5720,130.02043012500508,0.2674999996088445,0
5721,130.03574295795988,0.25733403163030744,0
5722,130.05103962495923,0.24820800172165036,0
5723,130.06633237499045,0.2435420174151659,0
5724,130.0816249169875,0.28741598362103105,0
5725,130.0969604999991,0.25824998738244176,0
5726,130.11228529195068,0.24975003907456994,0
5727,130.127573249978,0.2692919806577265,0
5728,130.13819891697494,0.2818329958245158,0
5729,130.1535420419532,0.2517500543035567,0
5730,130.16409712500172,0.24641695199534297,0
5731,130.17937879200326,0.2355409669689834,0
5732,130.1945512079983,0.24970900267362595,0
5733,130.20825483300723,0.3006669576279819,0
5734,130.22360054199817,0.2763749798759818,0
5735,130.23729029198876,0.41508296271786094,0
5736,130.2488962499774,0.3047080244868994,0
5737,130.26050629199017,0.2859579981304705,0
5738,130.27453291695565,0.3328750026412308,0
5739,130.2894274579594,0.3782919957302511,0
5740,130.3017921249848,0.4070000140927732,0
5741,130.31726283300668,0.1990000018849969,0
5742,130.33250054199016,0.2502080169506371,0
5743,130.3475854579592,0.23183401208370924,0
5744,130.36285062495153,0.21845800802111626,0
5745,130.37453404197004,0.21483300952240825,0
5746,130.38981899997452,0.2013749908655882,0
5747,130.40506049996475,0.21370803005993366,0
5748,130.4203204579535,0.2262089983560145,0
5749,130.4355935420026,0.23641600273549557,0
5750,130.44628666696372,0.20945799769833684,0
5751,130.45788383297622,0.2785000251606107,0
5752,130.47319983295165,0.3469170187599957,0
5753,130.48858804197516,0.380458019208163,0
5754,130.50401812500786,0.32604194711893797,0
5755,130.51586545800092,0.23750000400468707,0
5756,130.526694457978,0.26166700990870595,0
5757,130.5420154169551,0.27112499810755253,0
5758,130.55732441699365,0.26349996915087104,0
5759,130.57263233297272,0.2772919833660126,0
5760,130.58773583295988,0.26537501253187656,0
5761,130.6030389170046,0.2782910014502704,0
5762,130.61835720797535,0.24970900267362595,0
5763,130.63364262500545,0.22983294911682606,0
5764,130.64895075000823,0.2661669859662652,0
5765,130.66129712498514,0.45137497363612056,0
5766,130.67453762498917,0.4587500006891787,0
5767,130.68785824999213,0.5986249889247119,0
5768,130.7023068749695,0.38774998392909765,0
5769,130.71353716700105,0.5534999654628336,0
5770,130.729142999975,0.25991699658334255,0
5771,130.74297320796177,0.2340420032851398,0
5772,130.75824162497884,0.4255829844623804,0
5773,130.7737344999914,0.39362499956041574,0
5774,130.78917866700795,0.2614579861983657,0
5775,130.80447474995162,0.16404205234721303,0
5776,130.81966887495946,0.16033300198614597,0
5777,130.8348527919734,0.167582998983562,0
5778,130.85006179200718,0.29816594906151295,0
5779,130.86473883298459,0.25937496684491634,0
5780,130.87749020796036,0.34262501867488027,0
5781,130.89196499995887,0.31991704599931836,0
5782,130.90733320795698,0.36812503822147846,0
5783,130.92232316697482,0.3066660137847066,0
5784,130.9376676249667,0.3160830237902701,0
5785,130.95303216698812,0.3564580110833049,0
5786,130.96842916699825,0.4087910056114197,0
5787,130.980337957968,0.37991703720763326,0
5788,130.99577154195867,0.275125028565526,0
5789,131.01108229195233,0.2669580280780792,0
5790,131.02640454197535,0.27424999279901385,0
5791,131.04173429199727,0.28325000312179327,0
5792,131.0570517499582,0.270417018327862,0
5793,131.0673695000005,0.2954579540528357,0
5794,131.08271433296613,0.2880000392906368,0
5795,131.09644012496574,0.32770802499726415,0
5796,131.10894287499832,0.32287498470395803,0
5797,131.12336387496907,0.3042080206796527,0
5798,131.13871074997587,0.3202499938197434,0
5799,131.15407795796636,0.40604203240945935,0
5800,131.169534207962,0.3361669951118529,0
5801,131.18350133299828,0.36941695725545287,0
5802,131.19890862499597,0.30991696985438466,0
5803,131.21471012500115,0.3577499883249402,0
5804,131.22995354200248,0.37704099668189883,0
5805,131.2421120829531,0.45849999878555536,0
5806,131.2576528749778,0.2851670142263174,0
5807,131.26872783299768,0.3791250055655837,0
5808,131.281453625008,0.4624579451046884,0
5809,131.29359891696367,0.35641604335978627,0
5810,131.30900387500878,0.3106669755652547,0
5811,131.32372120796936,0.29533402994275093,0
5812,131.33516545797465,0.35204202868044376,0
5813,131.3460877079633,0.33104204339906573,0
5814,131.35651554196374,0.3518330049701035,0
5815,131.37190795800416,0.33474998781457543,0
5816,131.38653041695943,0.36391604226082563,0
5817,131.4019355829805,0.3203750238753855,0
5818,131.41729650000343,0.30233297729864717,0
5819,131.4326452499954,0.45383296674117446,0
5820,131.44362787500722,0.4195829969830811,0
5821,131.45909699995536,0.3482080064713955,0
5822,131.47449029196287,0.3902500029653311,0
5823,131.48993170796894,0.41862501529976726,0
5824,131.50541250000242,0.3926249919459224,0
5825,131.5197692500078,0.38954196497797966,0
5826,131.53521204198478,0.3174159792251885,0
5827,131.5505691669532,0.35370804835110903,0
5828,131.5610389999929,0.3732499899342656,0
5829,131.57453545799945,0.36029197508469224,0
5830,131.589933249983,0.33766700653359294,0
5831,131.60144679195946,0.32645801547914743,0
5832,131.61681470798794,0.3260420053265989,0
5833,131.6321774169919,0.30562496976926923,0
5834,131.6475320829777,0.31099998159334064,0
5835,131.65967345796525,0.31620904337614775,0
5836,131.67198266700143,0.36516599357128143,0
5837,131.68709383299574,0.41687500197440386,0
5838,131.69977791700512,0.35166594898328185,0
5839,131.71517733298242,0.3414590028114617,0
5840,131.73055666696746,0.3635830362327397,0
5841,131.74596616695635,0.4124160041101277,0
5842,131.75827362498967,0.3488750080578029,0
5843,131.76981766696554,0.335165997967124,0
5844,131.78519791696453,0.3587499959394336,0
5845,131.80059729196364,0.34616602351889014,0
5846,131.81598704197677,0.32504100818187,0
5847,131.8278625420062,0.2919159596785903,0
5848,131.84319749998394,0.3647499834187329,0
5849,131.85645924997516,0.41508302092552185,0
5850,131.87191754195374,0.32666604965925217,0
5851,131.88728187495144,0.32229203497990966,0
5852,131.90265608299524,0.36754197208210826,0
5853,131.91466191696236,0.35208300687372684,0
5854,131.92647141695488,0.29495800845324993,0
5855,131.9418144999654,0.38287503411993384,0
5856,131.95538391696755,0.4766249912790954,0
5857,131.97092766698916,0.3995409933850169,0
5858,131.98616383300396,0.3611669526435435,0
5859,132.00158012495376,0.36095804534852505,0
5860,132.01563799998257,0.3417499829083681,0
5861,132.03102954197675,0.3328750026412308,0
5862,132.04356983298203,0.3422499867156148,0
5863,132.0589538749773,0.2954999799840152,0
5864,132.0720054169651,0.5281250341795385,0
5865,132.0875890830066,0.4469169653020799,0
5866,132.0984129999997,0.3849999629892409,0
5867,132.1138396669994,0.3673330065794289,0
5868,132.12586008297512,0.3997089806944132,0
5869,132.1413098750054,0.35820796620100737,0
5870,132.15670716698514,0.40025002090260386,0
5871,132.16871199995512,0.34962501376867294,0
5872,132.18409954197705,0.35341602051630616,0
5873,132.1994954579859,0.4669170011766255,0
5874,132.21501124999486,0.37929200334474444,0
5875,132.22630262497114,0.3510829992592335,0
5876,132.240139832953,0.4027920076623559,0
5877,132.25558233296033,0.32991700572893023,0
5878,132.27006687497487,1.0406249784864485,0
5879,132.283704417001,0.47874997835606337,0
5880,132.29923620796762,0.35845901584252715,0
5881,132.30965574999573,0.37833297392353415,0
5882,132.32135687500704,0.4309169598855078,0
5883,132.33436029200675,0.37649995647370815,0
5884,132.34666579199256,0.4142909892834723,0
5885,132.3621168329846,0.3265839768573642,0
5886,132.37662658299087,0.3677919739857316,0
5887,132.39094045798993,0.3374170046299696,0
5888,132.40325883298647,0.6082499749027193,0
5889,132.41891483298969,0.33420900581404567,0
5890,132.4313090829528,0.2892500488087535,0
5891,132.44356716697803,0.2811250160448253,0
5892,132.4588877079659,0.2923749852925539,0
5893,132.4722032499849,0.3160000196658075,0
5894,132.4838139579515,0.30258402694016695,0
5895,132.49915654200595,0.3366659511812031,0
5896,132.51284529198892,0.32191601349040866,0
5897,132.52820841700304,0.34616596531122923,0
5898,132.54357824998442,0.360167003236711,0
5899,132.5590486250003,0.40191697189584374,0
5900,132.57083737495122,0.3904170007444918,0
5901,132.58249712496763,0.38879201747477055,0
5902,132.5979287920054,0.2983329468406737,0
5903,132.61326304200338,0.2804999821819365,0
5904,132.62858733296162,0.3664590185508132,0
5905,132.6435783749912,0.3078749869018793,0
5906,132.6589214169653,0.32287504291161895,0
5907,132.66972595796688,0.3349590115249157,0
5908,132.68160762498155,0.3065000055357814,0
5909,132.69602170796134,0.49029203364625573,0
5910,132.71024058299372,0.5707090022042394,0
5911,132.72180662496248,0.5951669882051647,0
5912,132.7374807499582,0.501000031363219,0
5913,132.75164391699946,0.5572499940171838,0
5914,132.7673186250031,0.5239999736659229,0
5915,132.7784349579597,,1
5916,132.89442279195646,0.5022910190746188,0
5917,132.90999287500745,0.1919579808600247,0
5918,132.92335429199738,0.2020829706452787,0
5919,132.93858862499474,0.20054198103025556,0
5920,132.95381199999247,0.15033298404887319,0
5921,132.96898404200329,0.14345796080306172,0
5922,132.9814685419551,0.16991602024063468,0
5923,132.99669241695665,0.24829100584611297,0
5924,133.0119983329787,0.14929199824109674,0
5925,133.02717995800776,0.1514169853180647,0
5926,133.04236670798855,0.14049996389076114,0
5927,133.052913374966,0.14162500156089664,0
5928,133.0680974579882,0.13520900392904878,0
5929,133.0832620000001,0.17779198242351413,0
5930,133.09848683298333,0.18087500939145684,0
5931,133.11073437496088,0.17200002912431955,0
5932,133.12594499997795,0.17754198051989079,0
5933,133.14115854195552,0.17600000137463212,0
5934,133.15479045797838,0.17812498845160007,0
5935,133.1687583749881,0.21024997113272548,0
5936,133.18044920795364,0.21933403331786394,0
5937,133.1920449169702,0.21162501070648432,0
5938,133.20730058295885,0.2089590416289866,0
5939,133.2225428329548,0.21683401428163052,0
5940,133.23640229197918,0.21958298748359084,0
5941,133.25041537499055,0.20341697381809354,0
5942,133.26393537496915,0.2252080012112856,0
5943,133.27919662499335,0.19945797976106405,0
5944,133.29443295800593,0.20395894534885883,0
5945,133.30966779199662,0.20524999126791954,0
5946,133.32494299998507,0.23654202232137322,0
5947,133.3402177079697,0.20574999507516623,0
5948,133.3554546670057,0.22566597908735275,0
5949,133.36694529198576,0.25654101045802236,0
5950,133.38227329199435,0.21920801373198628,0
5951,133.39485716697527,0.23737503215670586,0
5952,133.4067486669519,0.23629103088751435,0
5953,133.41843520797556,0.21416699746623635,0
5954,133.43369070795598,0.3064590273424983,0
5955,133.4476247499697,0.2460000105202198,0
5956,133.4609241669532,0.2886250149458647,0
5957,133.47625162499025,0.29158301185816526,0
5958,133.48839404195314,0.2792500308714807,0
5959,133.502454417001,0.32541598193347454,0
5960,133.51782541698776,0.411916000302881,0
5961,133.53329308296088,0.330834009218961,0
5962,133.54866520798532,0.29916700441390276,0
5963,133.56298437499208,0.3917079884558916,0
5964,133.5784299999941,0.349292007740587,0
5965,133.59381783299614,0.30566699570044875,0
5966,133.60917562496616,0.30583300394937396,0
5967,133.62452362495242,0.276167003903538,0
5968,133.6398457500036,0.41045795660465956,0
5969,133.65530070796376,0.32116699730977416,0
5970,133.66797179199057,0.2799159847199917,0
5971,133.68236162496032,0.3185000387020409,0
5972,133.69771729200147,0.28866599313914776,0
5973,133.70863920799457,0.3108339733444154,0
5974,133.72398774995236,0.2846250426955521,0
5975,133.73931112495484,0.39191701216623187,0
5976,133.75475999998162,0.3616670146584511,0
5977,133.77016600000206,0.39849994936957955,0
5978,133.78562554199016,0.44958299258723855,0
5979,133.7970459999633,0.7140000234358013,0
5980,133.8080590419704,0.29166601598262787,0
5981,133.823528332985,0.40912500116974115,0
5982,133.83607424999354,0.3342079580761492,0
5983,133.8495556669659,0.34900003811344504,0
5984,133.86554633296328,1.257500029169023,0
5985,133.8780375829665,0.1960000372491777,0
5986,133.8889922919916,0.2109580091200769,0
5987,133.90027737495257,0.1586250145919621,0
5988,133.91548704198794,0.23466598941013217,0
5989,133.9264250419801,0.20812498405575752,0
5990,133.94071670796257,0.11754198931157589,0
5991,133.95589250000194,,1
5992,134.07208533299854,0.26699999580159783,0
5993,134.08575824997388,0.4313749959692359,0
5994,134.10126562498044,0.23566698655486107,0
5995,134.1165516669862,0.2008749870583415,0
5996,134.13180658296915,0.27766701532527804,0
5997,134.14362308295676,0.3207499976269901,0
5998,134.1589966249885,0.19995798356831074,0
5999,134.17345529195154,0.21329103037714958,0
6000,134.18851029197685,0.19037502352148294,0
6001,134.2021510420018,0.19516597967594862,0
6002,134.21737983298954,0.19029196118935943,0
6003,134.23054820799734,0.18145900685340166,0
6004,134.2457702079555,0.18679205095395446,0
6005,134.26015312498203,0.17574999947100878,0
6006,134.27453583298484,0.21345901768654585,0
6007,134.2897870829911,0.24949997896328568,0
6008,134.30119229195407,0.6732080364599824,0
6009,134.31457983300788,0.20954199135303497,0
6010,134.32802374998573,0.36533299135044217,0
6011,134.34119041700615,0.31170796137303114,0
6012,134.35314941697288,0.33783301478251815,0
6013,134.3655853329692,0.36216701846569777,0
6014,134.3765981249744,0.3072079853154719,0
6015,134.39195958297933,0.29379199258983135,0
6016,134.40728704200592,0.26133295614272356,0
6017,134.4225934999995,0.3106669755652547,0
6018,134.43766191700706,0.31945796217769384,0
6019,134.45157341699814,0.3088749945163727,0
6020,134.46689374995185,0.3159170155413449,0
6021,134.47865599999204,0.28891698457300663,0
6022,134.49239608296193,0.38883404340595007,0
6023,134.5070434579975,0.2859999658539891,0
6024,134.52238154195948,0.3591660060919821,0
6025,134.532968332991,0.3072089748457074,0
6026,134.54360254196217,0.27654104633256793,0
6027,134.55594254197786,0.3113329876214266,0
6028,134.5677392919897,0.35620800917968154,0
6029,134.58313662500586,,1
6030,134.70037579198834,,1
6031,134.8174297499936,,1
6032,134.93467370799044,,1
6033,135.051929291978,0.2678749733604491,0
6034,135.06400116696022,0.20812504226341844,0
6035,135.07925616699504,0.18525001360103488,0
6036,135.0944712079945,0.17245899653062224,0
6037,135.1096664170036,0.169374980032444,0
6038,135.12484891695203,0.15141605399549007,0
6039,135.14003970799968,0.2755419700406492,0
6040,135.15414683299605,0.2538749831728637,0
6041,135.1694365000003,0.31454197596758604,0
6042,135.18480254197493,0.38362498162314296,0
6043,135.20023287495133,0.352958042640239,0
6044,135.21217941696523,0.32662501325830817,0
6045,135.22755637497175,0.3619579947553575,0
6046,135.24119608296314,0.3100840258412063,0
6047,135.25655399996322,,1
6048,135.37343916698592,,1
6049,135.49920266697882,,1
6050,135.61191391700413,,1
6051,135.7272433330072,,1
6052,135.8424343749648,,1
6053,135.9597790829721,,1
6054,136.07714654196752,0.7154160412028432,0
6055,136.0887552499771,0.45241700718179345,0
6056,136.1042532499996,0.4051249707117677,0
6057,136.1154819999938,0.9368329774588346,0
6058,136.12907399999676,0.4069579881615937,0
6059,136.14280270796735,0.4158340161666274,0
6060,136.158258749987,0.4104169784113765,0
6061,136.16879133298062,0.4888750263489783,0
6062,136.18418666697107,0.41454099118709564,0
6063,136.19728533300804,0.6474999827332795,0
6064,136.21018624998396,0.35854201996698976,0
6065,136.2255975419539,0.37650001468136907,0
6066,136.24102358298842,0.30920899007469416,0
6067,136.25637891696533,0.2923750435002148,0
6068,136.27083779196255,0.31641602981835604,0
6069,136.28604112495668,0.32579200342297554,0
6070,136.29746495798463,0.2899999963119626,0
6071,136.3127943329746,0.30016701202839613,0
6072,136.3281278749928,0.340582977514714,0
6073,136.34351624996634,0.3564170328900218,0
6074,136.35892270796467,0.34841703018173575,0
6075,136.37431179196574,0.32070802990347147,0
6076,136.38478345796466,0.3357090172357857,0
6077,136.39516195800388,0.3292500041425228,0
6078,136.4105386249721,0.5502920248545706,0
6079,136.4254596249666,0.3551670233719051,0
6080,136.43688287498662,0.3012499655596912,0
6081,136.44856887497008,0.2857919898815453,0
6082,136.4639000419993,0.2777079935185611,0
6083,136.4775640000007,0.28449995443224907,0
6084,136.49289699998917,0.33558299764990807,0
6085,136.50546024995856,0.3052920219488442,0
6086,136.52080616698368,0.3090410027652979,0
6087,136.53570245800074,0.36624999484047294,0
6088,136.55111324996687,0.31404203036800027,0
6089,136.56291816697922,0.384416023734957,0
6090,136.5772921249736,0.3243749961256981,0
6091,136.59224195795832,0.3595420275814831,0
6092,136.6076582079986,0.33137499121949077,0
6093,136.62303391698515,0.38791599217802286,0
6094,136.6343757499708,0.3488329821266234,0
6095,136.64976949995616,0.3302500117570162,0
6096,136.66340229200432,0.36087498301640153,0
6097,136.6754992500064,0.373166985809803,0
6098,136.69091645797016,0.39654201827943325,0
6099,136.70404149999376,0.3698329674080014,0
6100,136.719456916966,0.34620799124240875,0
6101,136.73217841697624,0.374249997548759,0
6102,136.7436520420015,0.4254579544067383,0
6103,136.75428195798304,0.41979202069342136,0
6104,136.7697409579996,0.367708969861269,0
6105,136.78349699999671,0.366666994523257,0
6106,136.7989152079681,0.42325002141296864,0
6107,136.8130511670024,0.401749974116683,0
6108,136.82853241695557,0.3917910507880151,0
6109,136.84224441699916,0.4123749677091837,0
6110,136.8565870419843,0.3648329875431955,0
6111,136.8719967919751,0.39029098115861416,0
6112,136.8839569579577,0.36100001307204366,0
6113,136.8953750829678,0.3516669967211783,0
6114,136.91076429199893,0.31004095217213035,0
6115,136.92464424995705,0.3776670200750232,0
6116,136.93812874995638,0.730041996575892,0
6117,136.9539170829812,0.4694589879363775,0
6118,136.96512899996014,0.7069580024108291,0
6119,136.9806634580018,,1
6120,137.0969880829798,,1
6121,137.20959512499394,,1
6122,137.32675654196646,,1
6123,137.4405942079611,,1
6124,137.55795979197137,,1
6125,137.6752859999542,,1
6126,137.79036129196174,,1
6127,137.9077409169986,,1
6128,138.02134524995927,0.6115420255810022,0
6129,138.0370593330008,0.6166669772937894,0
6130,138.05278212495614,0.6430420326068997,0
6131,138.06772399996407,0.6619580090045929,0
6132,138.0835901669925,0.6794159999117255,0
6133,138.0975777079584,0.6174170412123203,0
6134,138.11336362495786,0.647583045065403,0
6135,138.1262769169989,0.6955830031074584,0
6136,138.14131170796463,0.5048339953646064,0
6137,138.15627283300273,0.5214589764364064,0
6138,138.17187420796836,0.48691703705117106,0
6139,138.18244687496917,1.770750037394464,0
6140,138.19927974999882,0.46858296263962984,0
6141,138.2148094580043,0.43712498154491186,0
6142,138.23033287498401,0.5518330144695938,0
6143,138.24206379195675,0.6264999974519014,0
6144,138.25779037497705,0.5435830098576844,0
6145,138.27340612496482,0.5715829902328551,0
6146,138.28913058299804,0.4188339808024466,0
6147,138.29982633300824,0.37391699152067304,0
6148,138.3120254999958,0.33949996577575803,0
6149,138.32406562496908,0.48987503396347165,0
6150,138.33958216698375,0.3833749797195196,0
6151,138.35501595796086,0.454624998383224,0
6152,138.3703950420022,0.45504095032811165,0
6153,138.385906624957,0.38179202238097787,0
6154,138.40134924999438,0.3381670103408396,0
6155,138.41673299996182,0.36279199412092566,0
6156,138.42807258298853,0.39883400313556194,0
6157,138.44354054197902,0.474124972242862,0
6158,138.45718999998644,0.44341699685901403,0
6159,138.4726719169994,0.4250829806551337,0
6160,138.4861738329637,0.4752090317197144,0
6161,138.5017158749979,0.5049579776823521,0
6162,138.51314541697502,0.42120798025280237,0
6163,138.52492154197535,1.052208011969924,0
6164,138.53843187500024,0.47870795242488384,0
6165,138.55397662497126,0.4403329803608358,0
6166,138.56948091695085,0.45775005128234625,0
6167,138.5848675830057,0.42924995068460703,0
6168,138.59698954195483,0.4896660102531314,0
6169,138.60995945800096,0.42508397018536925,0
6170,138.62240216700593,0.4967079730704427,0
6171,138.63795783295063,0.49712503096088767,0
6172,138.6535099169705,0.4652910283766687,0
6173,138.6677278749994,0.3953329869545996,0
6174,138.67900208296487,0.40125002851709723,0
6175,138.68945912498748,0.5021669785492122,0
6176,138.70501466700807,0.3834579838439822,0
6177,138.71599291695748,0.29375002486631274,0
6178,138.7313423329615,0.3598750336095691,0
6179,138.74675295798806,0.30579196754842997,0
6180,138.75835999997798,0.19916699966415763,0
6181,138.7704684579512,0.20391703583300114,0
6182,138.78320741700009,0.19824999617412686,0
6183,138.79846962500596,0.20962499547749758,0
6184,138.81121787498705,0.2432079636491835,0
6185,138.82650525000645,0.23645797045901418,0
6186,138.84079166699667,,1
6187,138.95801395800663,,1
6188,139.07262833300047,0.46245899284258485,0
6189,139.08815020800103,0.38395897718146443,0
6190,139.10358537500724,0.34270796459168196,0
6191,139.1189725419972,0.364125007763505,0
6192,139.13060245796805,0.362000020686537,0
6193,139.142170874984,0.36929198540747166,0
6194,139.15375404199585,0.3035829868167639,0
6195,139.1650088329916,0.39408396696671844,0
6196,139.17981099995086,0.3610420390032232,0
6197,139.1952136249747,,1
6198,139.31245029199636,,1
6199,139.43420791695826,,1
6200,139.55080083297798,,1
6201,139.66461449995404,,1
6202,139.78106637496967,,1
6203,139.89754350000294,,1
6204,140.01289537496632,,1
6205,140.13015749998158,,1
6206,140.24562829197384,,1
6207,140.36061354196863,,1
6208,140.47452804195927,0.43233303586021066,0
6209,140.48872958298307,0.42033399222418666,0
6210,140.50038170797052,0.3831670037470758,0
6211,140.5143452080083,0.31216698698699474,0
6212,140.52946358296322,0.39283401565626264,0
6213,140.5435779579566,0.3606670070439577,0
6214,140.55899745796341,0.4290000069886446,0
6215,140.5721927919658,0.29391603311523795,0
6216,140.58344591700006,0.421999953687191,0
6217,140.59892774996115,0.5699580069631338,0
6218,140.61454858299112,0.4105420084670186,0
6219,140.63000308297342,0.3202090156264603,0
6220,140.64536304195644,0.404000049456954,0
6221,140.65705691697076,0.3353329957462847,0
6222,140.67243441700703,,1
6223,140.78962883300846,,1
6224,140.90684766700724,0.4194999928586185,0
6225,140.9223190000048,0.3367500030435622,0
6226,140.9377210419625,0.29137503588572145,0
6227,140.95066729199607,0.33908296609297395,0
6228,140.9660435419646,0.28554099844768643,0
6229,140.98137487500207,0.37529197288677096,0
6230,140.9968100420083,0.34029094967991114,0
6231,141.01219729200238,0.33124996116384864,0
6232,141.0234389579855,0.3055419656448066,0
6233,141.03878637496382,0.33245800295844674,0
6234,141.05258241697447,0.34383300226181746,0
6235,141.06798204197548,0.4545410047285259,0
6236,141.0834852079861,0.3968339879065752,0
6237,141.0967181249871,0.48691697884351015,0
6238,141.11225837498205,0.41033298475667834,0
6239,141.12749987497227,0.39133301470428705,0
6240,141.13906612497522,0.3339580143801868,0
6241,141.15128416696098,0.3660410293377936,0
6242,141.16669404198183,0.3595409798435867,0
6243,141.18213166698115,0.3585409722290933,0
6244,141.1975374579779,0.37745898589491844,0
6245,141.20894724997925,0.43112499406561255,0
6246,141.22442449996015,0.36520801950246096,0
6247,141.2374953329563,0.4046250251121819,0
6248,141.24937499995576,,1
6249,141.36568433296634,0.44633401557803154,0
6250,141.3770658329595,0.40533399442210793,0
6251,141.39160970796365,0.37395901745185256,0
6252,141.40399762499146,,1
6253,141.5212405420025,,1
6254,141.63842754199868,,1
6255,141.75427758297883,,1
6256,141.871159332979,,1
6257,141.98789829196176,,1
6258,142.10532029200112,,1
6259,142.22268779197475,0.40025002090260386,0
6260,142.23467049997998,0.20112498896196485,0
6261,142.24573349999264,0.19300001440569758,0
6262,142.26096816698555,0.1829999964684248,0
6263,142.27492112497566,0.19758299458771944,0
6264,142.29016224999214,0.1901669893413782,0
6265,142.3054057919653,0.18516601994633675,0
6266,142.31729316699784,0.2016659709624946,0
6267,142.3283167500049,0.17504196148365736,0
6268,142.34352770796977,0.17141702119261026,0
6269,142.35812012496172,0.16850000247359276,0
6270,142.3733366249944,0.16545801190659404,0
6271,142.38687712495448,0.16762502491474152,0
6272,142.39756995800417,0.38587499875575304,0
6273,142.40981337497942,0.4842079943045974,0
6274,142.42537691700272,0.4445829545147717,0
6275,142.43767987500178,0.2311669522896409,0
6276,142.451251416991,0.4374579875729978,0
6277,142.4621962920064,0.20849995780736208,0
6278,142.47318216698477,0.1742080203257501,0
6279,142.48349404195324,0.32825005473569036,0
6280,142.49541524995584,0.4091670271009207,0
6281,142.5108837079606,0.34262501867488027,0
6282,142.52411433297675,0.39950001519173384,0
6283,142.5394632499665,0.18341699615120888,0
6284,142.55468133295653,0.16404199413955212,0
6285,142.56987829197897,0.1575829810462892,0
6286,142.58508454199182,0.17445796402171254,0
6287,142.59932808298618,0.16012496780604124,0
6288,142.61024866695516,0.18250005086883903,0
6289,142.6254650419578,0.15208299737423658,0
6290,142.6386268750066,0.15254196478053927,0
6291,142.6538151249988,0.17216696869581938,0
6292,142.66429541696562,0.1830410328693688,0
6293,142.67736549995607,0.1277500414289534,0
6294,142.68913987500127,0.2817499917000532,0
6295,142.7034069999936,0.28716697124764323,0
6296,142.71874291700078,0.35612500505521894,0
6297,142.73415375000332,0.27179199969395995,0
6298,142.74946299998555,0.24341698735952377,0
6299,142.7647401249851,0.2014170167967677,0
6300,142.7799781250069,0.21816696971654892,0
6301,142.79430954199051,0.2051659976132214,0
6302,142.80677041696617,0.25812501553446054,0
6303,142.8220723749837,0.2471670159138739,0
6304,142.83673341700342,0.23662496823817492,0
6305,142.85151404200587,0.27929095085710287,0
6306,142.86312058300246,0.24983397452160716,0
6307,142.87741583300522,0.2689589746296406,0
6308,142.8927290419815,0.3062909818254411,0
6309,142.90340237499913,0.2798750065267086,0
6310,142.9153440829832,0.23541698465123773,0
6311,142.93061804195167,0.22500002523884177,0
6312,142.94357399997534,0.29266701312735677,0
6313,142.95650241698604,0.37874997360631824,0
6314,142.97193979198346,0.3270410234108567,0
6315,142.9873073750059,0.2727499813772738,0
6316,143.00086037500296,0.330416951328516,0
6317,143.01623383298283,0.29245897894725204,0
6318,143.03155924996827,0.27550000231713057,0
6319,143.0431216249708,0.26475003687664866,0
6320,143.0584346249816,0.27312501333653927,0
6321,143.0737442499958,0.2636669669300318,0
6322,143.089044458,0.24979200679808855,0
6323,143.10433699999703,0.2585419570095837,0
6324,143.11878229200374,0.3500829916447401,0
6325,143.13418783299858,0.4157089861109853,0
6326,143.14633741695434,0.35037501947954297,0
6327,143.15917858295143,0.3402090515010059,0
6328,143.17453679197934,0.21141598699614406,0
6329,143.18609504197957,0.16033300198614597,0
6330,143.19979104195954,0.16808300279080868,0
6331,143.21136612497503,0.16258301911875606,0
6332,143.22657512500882,0.1836249721236527,0
6333,143.23874354199506,0.16599998343735933,0
6334,143.2516414579586,0.16925000818446279,0
6335,143.26684470800683,0.17874996410682797,0
6336,143.28162445797352,0.18174998695030808,0
6337,143.29318562499247,0.17679197480902076,0
6338,143.30842174997088,0.1734999823383987,0
6339,143.323626916972,0.16500003403052688,0
6340,143.33869779197266,0.1711249933578074,0
6341,143.35390441695927,0.1706660259515047,0
6342,143.36817754199728,0.16320799477398396,0
6343,143.37977295799647,0.18129200907424092,0
6344,143.39140874997247,0.1705000177025795,0
6345,143.40664224996,0.16562500968575478,0
6346,143.4218384999549,0.16658304957672954,0
6347,143.43703499995172,0.1620420371182263,0
6348,143.4501196249621,0.21366699365898967,0
6349,143.46536912495503,0.2167920465581119,0
6350,143.47658858296927,0.22545899264514446,0
6351,143.4896149999695,0.1979580265469849,0
6352,143.50156549998792,0.18962501781061292,0
6353,143.51679708296433,0.1947919954545796,0
6354,143.5316387079656,0.22395903943106532,0
6355,143.54707583296113,0.5736250313930213,0
6356,143.5626993330079,0.3262499812990427,0
6357,143.57720945798792,0.2636669669300318,0
6358,143.59251945797587,0.31750003108754754,0
6359,143.60777299996698,0.31283299904316664,0
6360,143.62041816697456,0.25779101997613907,0
6361,143.6357266669511,0.23020803928375244,0
6362,143.65097958297702,0.2626249915920198,0
6363,143.66627379198326,0.36520801950246096,0
6364,143.67749341699528,0.415499962400645,0
6365,143.68934537499445,0.5559169803746045,0
6366,143.70509829197545,0.4325410118326545,0
6367,143.72065191698493,0.5894579808227718,0
6368,143.73374825000064,0.5445419810712337,0
6369,143.74552508298075,0.5490839830599725,0
6370,143.7570697919582,0.5740830092690885,0
6371,143.76797295798315,0.5963749717921019,0
6372,143.78371066699037,0.7437079912051558,0
6373,143.79678487498313,0.827833020593971,0
6374,143.80947233299958,0.9369999752379954,0
6375,143.82612041698303,0.8505000150762498,0
6376,143.84210454195272,0.533541024196893,0
6377,143.85740741697373,0.5150409997440875,0
6378,143.87303774995962,0.5298750475049019,0
6379,143.88476741698105,0.42116601252928376,0
6380,143.9002885829541,0.44175004586577415,0
6381,143.91580420796527,0.39520900463685393,0
6382,143.9265009999508,8.539625036064535,0
6383,143.9501520829508,0.4645000444725156,0
6384,143.9657029999653,0.3940000315196812,0
6385,143.97759895800846,0.38166699232533574,0
6386,143.99305712495698,0.40600000647827983,0
6387,144.0085216249572,0.4504580283537507,0
6388,144.02403958298964,0.4285419709049165,0
6389,144.0395418329863,0.41895901085808873,0
6390,144.05503679200774,0.43529097456485033,0
6391,144.07054591696942,0.46929100062698126,0
6392,144.0861092080013,0.5147919873706996,0
6393,144.1017051669769,0.5272080306895077,0
6394,144.11730691697448,0.3994160215370357,0
6395,144.13278866698965,0.4624580033123493,0
6396,144.14786466700025,0.3725829883478582,0
6397,144.15883541695075,0.33004104625433683,0
6398,144.1709134579869,0.33045897725969553,0
6399,144.186305582989,0.19712501671165228,0
6400,144.20079649996478,0.339167017955333,0
6401,144.216207749967,0.266042014118284,0
6402,144.22721091698622,0.30233297729864717,0
6403,144.23999337496934,0.34562498331069946,0
6404,144.2514706249931,0.28799998108297586,0
6405,144.26807662495412,3.2575420336797833,0
6406,144.2834767079912,0.2590839867480099,0
6407,144.29879841697402,0.31937501626089215,0
6408,144.31418954196852,0.27374998899176717,0
6409,144.32954520796193,0.17691700486466289,0
6410,144.34443574998295,0.24862500140443444,0
6411,144.35582437500125,0.15733297914266586,0
6412,144.37101062497823,0.2061669947579503,0
6413,144.38625262497226,0.16829202650114894,0
6414,144.39857916696928,0.08012499893084168,0
6415,144.40936087496812,0.28962502256035805,0
6416,144.42534870799864,0.7013339782133698,0
6417,144.43730187497567,0.29095797799527645,0
6418,144.44822141696932,0.3218750352971256,0
6419,144.45903983298922,0.26629201602190733,0
6420,144.472658957995,0.31995901372283697,0
6421,144.48361862497404,0.22537499899044633,0
6422,144.4988782919827,0.08808297570794821,0
6423,144.51199966698186,0.22433302365243435,0
6424,144.52726958296262,0.20808400586247444,0
6425,144.54079137498047,0.1837079762481153,0
6426,144.55601050000405,0.1765829510986805,0
6427,144.57122583297314,0.1829169923439622,0
6428,144.58195645798696,0.17874996410682797,0
6429,144.59318341698963,0.21049997303634882,0
6430,144.60468841699185,0.1753329997882247,0
6431,144.6198944170028,0.19087496912106872,0
6432,144.63505816698307,0.4172499757260084,0
6433,144.65052720799576,0.38808397948741913,0
6434,144.66595699999016,0.39412500336766243,0
6435,144.6813941669534,0.34850003430619836,0
6436,144.69241841696203,0.352958042640239,0
6437,144.7078460829798,0.2811669837683439,0
6438,144.72069649997866,0.23741699988022447,0
6439,144.73597524996148,0.21533301332965493,0
6440,144.75122583296616,0.25508401449769735,0
6441,144.76652487495448,0.23483304539695382,0
6442,144.77861429197947,0.24579098680987954,0
6443,144.7938987079542,0.2570840297266841,0
6444,144.80782654200448,0.25583297247067094,0
6445,144.82312645798083,0.2339589991606772,0
6446,144.8355472079711,0.24958403082564473,0
6447,144.84917087497888,0.4051250289194286,0
6448,144.86011487495853,0.22266700398176908,0
6449,144.87323949998245,0.2258329768665135,0
6450,144.888502124988,0.23320800391957164,0
6451,144.90377466700738,0.2798749483190477,0
6452,144.91912299999967,0.2507499884814024,0
6453,144.93444245797582,0.21995900897309184,0
6454,144.94647129200166,0.22412498947232962,0
6455,144.9585565419984,0.28499995823949575,0
6456,144.97030695795547,0.276917009614408,0
6457,144.985627041955,0.27245801175013185,0
6458,145.00093779200688,0.40687498403713107,0
6459,145.01520841696765,,1
6460,145.13139958295505,,1
6461,145.247942166985,0.3422499867156148,0
6462,145.26062258298043,0.19920902559533715,0
6463,145.27085233299294,0.16212498303502798,0
6464,145.28595687495545,1.1093750363215804,0
6465,145.3022219169652,0.5039580282755196,0
6466,145.31675199995516,0.4558330401778221,0
6467,145.32831645797705,0.4835419822484255,0
6468,145.3422677500057,0.587457965593785,0
6469,145.3579817499849,0.5799169884994626,0
6470,145.3736877499614,0.47308299690485,0
6471,145.3892419579788,0.19516702741384506,0
6472,145.4016566670034,0.2069159527309239,0
6473,145.41690737497993,0.2115829847753048,0
6474,145.42910716700135,0.1361659960821271,0
6475,145.44427345797885,0.18183398060500622,0
6476,145.45951237500412,0.16512494767084718,0
6477,145.47471933299676,0.2262089983560145,0
6478,145.48957183299353,0.2920840051956475,0
6479,145.50494095799513,0.1912089646793902,0
6480,145.51823529199464,0.22312498185783625,0
6481,145.53350149997277,0.19045802764594555,0
6482,145.54875999997603,0.1925000105984509,0
6483,145.56398645800073,0.17324998043477535,0
6484,145.5764492499875,0.39179198211058974,0
6485,145.58768441696884,0.31841598683968186,0
6486,145.6030497920001,0.3569999826140702,0
6487,145.6184615829843,0.46249997103586793,0
6488,145.63176974997623,0.45795802725479007,0
6489,145.64314004196785,0.4617079976014793,0
6490,145.65534904197557,0.6601660279557109,0
6491,145.66797604196472,0.4599580424837768,0
6492,145.68350008298876,0.4532500170171261,0
6493,145.69900529197184,0.44483301462605596,0
6494,145.71203208295628,0.5281670019030571,0
6495,145.72768770798575,0.4716669791378081,0
6496,145.73985408298904,,1
6497,145.8570958749624,,1
6498,145.97440079197986,,1
6499,146.09171454195166,,1
6500,146.20897370798048,,1
6501,146.32127499999478,0.43995800660923123,0
6502,146.3367782079731,0.5109169869683683,0
6503,146.35239454195835,0.4057080368511379,0
6504,146.3678627499612,0.4202080308459699,0
6505,146.38123816699954,0.49999996554106474,0
6506,146.39262812497327,0.4118329961784184,0
6507,146.40420066699153,0.4172080080024898,0
6508,146.41966904199217,0.5485409637913108,0
6509,146.4332798749674,0.5942499847151339,0
6510,146.45337499998277,0.2924579894170165,0
6511,146.46872079197783,0.27550000231713057,0
6512,146.48401962500066,0.24329195730388165,0
6513,146.49931137496606,0.5293749854899943,0
6514,146.5141826249892,0.5008329753763974,0
6515,146.52746487496188,0.5472920020110905,0
6516,146.54313220799668,1.107458956539631,0
6517,146.55507645796752,0.6317920051515102,0
6518,146.57078020798508,0.5669589736498892,0
6519,146.58644258300774,0.5468339659273624,0
6520,146.59912654198706,0.4672909853979945,0
6521,146.61456770799123,0.40675001218914986,0
6522,146.62606624996988,0.4550000303424895,0
6523,146.64756045799004,0.3048339858651161,0
6524,146.6628895829781,0.21445902530103922,0
6525,146.67812583298655,0.20637497073039412,0
6526,146.69400958297774,0.9966670186258852,0
6527,146.71070641698316,0.471249979455024,0
6528,146.72625374997733,0.42408303124830127,0
6529,146.73915554198902,0.4249999765306711,0
6530,146.7506749999593,0.4193750210106373,0
6531,146.7634184169583,0.5883330013602972,0
6532,146.77455654199002,0.45774999307468534,0
6533,146.79007183300564,0.4041669890284538,0
6534,146.80183816695353,0.37887500366196036,0
6535,146.81633349996991,0.36337500205263495,0
6536,146.83284033299424,0.42683398351073265,0
6537,146.84525924996706,0.39308302802965045,0
6538,146.85968749999302,0.35033299354836345,0
6539,146.8745160420076,0.3210409777238965,0
6540,146.88987245800672,0.2976249670609832,0
6541,146.90341445797822,0.2631249953992665,0
6542,146.91872070799582,0.2292919671162963,0
6543,146.93401099997573,0.22479199105873704,0
6544,146.94928595796227,0.3713340265676379,0
6545,146.9601367499563,0.3652500454336405,0
6546,146.97261904197512,0.4194999928586185,0
6547,146.98457220796263,0.17950002802535892,0
6548,146.9997924999916,0.1722919987514615,0
6549,147.01370874996064,0.15837501268833876,0
6550,147.02891245798673,,1
6551,147.14357208297588,0.5068749887868762,0
6552,147.1590311669861,0.3737079678103328,0
6553,147.17074466700433,0.4332909593358636,0
6554,147.18625579198124,0.6425000028684735,0
6555,147.1976445830078,0.6464999751187861,0
6556,147.21334862499498,0.32229197677224874,0
6557,147.22873320797225,0.2732920111157,0
6558,147.24404441699153,0.2987500047311187,0
6559,147.25938174995827,0.3209999995306134,0
6560,147.27212999999756,0.35854196175932884,0
6561,147.2875292499666,0.44041703222319484,0
6562,147.30301862495253,0.23866700939834118,0
6563,147.31701195798814,0.23224996402859688,0
6564,147.33230683300644,0.24674995802342892,0
6565,147.3444295419613,0.2180830342695117,0
6566,147.35971104196506,0.22366602206602693,0
6567,147.37378404196352,0.22600003285333514,0
6568,147.38608558295527,0.4484590026549995,0
6569,147.39683012495516,0.4207500023767352,0
6570,147.41229999996722,0.30616699950769544,0
6571,147.42586049996316,0.2680420293472707,0
6572,147.44116741698235,0.3066660137847066,0
6573,147.45450445800088,0.3397919936105609,0
6574,147.4698820419726,0.29087503207847476,0
6575,147.48474337498192,0.2892499906010926,0
6576,147.5000734999776,0.3055830020457506,0
6577,147.51542725000763,0.28241699328646064,0
6578,147.53034687496256,0.3528750385157764,0
6579,147.5437719579786,0.3607919788919389,0
6580,147.55914895795286,0.3604590310715139,0
6581,147.57455124997068,0.2900830004364252,0
6582,147.58527479198528,0.30570797389373183,0
6583,147.60000412497902,0.33008301397785544,0
6584,147.61542874999577,0.3451670054346323,0
6585,147.62904158298625,0.2918749814853072,0
6586,147.64093808300095,0.3195839817635715,0
6587,147.65629370795796,0.28262502746656537,0
6588,147.6696299999603,0.3166670212522149,0
6589,147.68499199999496,0.2999999560415745,0
6590,147.69865079200827,0.4534579929895699,0
6591,147.71416091697756,0.38483302341774106,0
6592,147.7277039999608,0.3737080260179937,0
6593,147.74026429199148,0.3661660011857748,0
6594,147.75172333297087,0.4361250321380794,0
6595,147.7630449999706,0.5082080024294555,0
6596,147.77426624996588,0.40374998934566975,0
6597,147.78972154197982,0.3632499719969928,0
6598,147.8040967079578,0.35070901503786445,0
6599,147.81469966698205,0.42041600681841373,0
6600,147.8301612919895,0.3757909871637821,0
6601,147.84357795800315,0.37525000516325235,0
6602,147.85899249999784,0.3654579631984234,0
6603,147.8744021669845,0.3744160057976842,0
6604,147.88966220797738,,1
6605,148.0069252079702,,1
6606,148.12299891695147,,1
6607,148.2402418749989,,1
6608,148.35665462497855,,1
6609,148.47401987499325,,1
6610,148.5866826249985,,1
6611,148.70297149999533,,1
6612,148.82023962499807,,1
6613,148.9348264579894,,1
6614,149.05214204196818,,1
6615,149.1694239169592,,1
6616,149.286209916987,0.45016600051894784,0
6617,149.3014033329673,0.38700003642588854,0
6618,149.3125464579789,0.38345897337421775,0
6619,149.32798170798924,0.43929199455305934,0
6620,149.34348337497795,0.4294170066714287,0
6621,149.3589955419884,0.45012496411800385,0
6622,149.37448879197473,0.4498329944908619,0
6623,149.38998499995796,0.397083000279963,0
6624,149.405411582964,0.3884999896399677,0
6625,149.4208585000015,0.519416993483901,0
6626,149.43435937497998,0.49454200780019164,0
6627,149.44991179200588,0.4019579500891268,0
6628,149.4644747079583,0.40254200575873256,0
6629,149.47682162496494,0.42579200817272067,0
6630,149.4923115829588,0.41020900243893266,0
6631,149.50776595796924,0.3641670336946845,0
6632,149.52317187498556,0.3935829736292362,0
6633,149.53861045796657,0.338084006216377,0
6634,149.55102308298228,0.3409169730730355,0
6635,149.56641354196472,0.364875013474375,0
6636,149.5818302499829,0.4244580049999058,0
6637,149.59729624999454,0.3692079917527735,0
6638,149.61272141698282,0.41500001680105925,0
6639,149.62478129199008,0.3698329674080014,0
6640,149.64019208296668,0.35008403938263655,0
6641,149.65558429196244,0.37037499714642763,0
6642,149.6709968749783,0.31587498961016536,0
6643,149.6840136249666,0.37266704021021724,0
6644,149.6994502079906,0.4421249614097178,0
6645,149.71496245800517,0.4449169500730932,0
6646,149.73003208299633,0.5344589590094984,0
6647,149.74562466697535,0.42654102435335517,0
6648,149.75981429195963,0.36766601260751486,0
6649,149.77453245798824,0.3384589799679816,0
6650,149.7874202079838,0.33587496727705,0
6651,149.80279366695322,0.323625048622489,0
6652,149.81754404195817,0.34362502628937364,0
6653,149.83292904199334,0.35912496969103813,0
6654,149.84357408300275,0.3394169616512954,0
6655,149.85826895799255,0.3249169676564634,0
6656,149.86979074997362,0.33145799534395337,0
6657,149.88187795795966,0.4936670302413404,0
6658,149.89745304198004,0.3623749944381416,0
6659,149.91286424995633,0.25804201140999794,0
6660,149.92815754195908,0.21383300190791488,0
6661,149.93954762496287,0.21929200738668442,0
6662,149.95480616699206,0.29262498719617724,0
6663,149.96764879196417,0.2673750277608633,0
6664,149.9816372919595,0.2352500450797379,0
6665,149.9969097499852,0.23141701240092516,0
6666,150.00896079197992,0.24891598150134087,0
6667,150.02069591695908,0.2246249932795763,0
6668,150.03585379198194,0.20120799308642745,0
6669,150.04804104199866,0.25533296866342425,0
6670,150.06334287498612,0.17029198352247477,0
6671,150.07853670796612,0.1497500343248248,0
6672,150.0937089579529,0.15883403830230236,0
6673,150.10889245796716,0.15983398770913482,0
6674,150.1240945419995,0.24224998196586967,0
6675,150.136263124994,0.2188329817727208,0
6676,150.15042999997968,0.14462502440437675,0
6677,150.16561154200463,0.20466599380597472,0
6678,150.18085066700587,0.20083296112716198,0
6679,150.1951209169929,0.19395799608901143,0
6680,150.21038041700376,0.1986659481190145,0
6681,150.22561479196884,0.2168749924749136,0
6682,150.2393072079867,0.19574997713789344,0
6683,150.2528595830081,0.20766694797202945,0
6684,150.2681215829798,0.19754201639443636,0
6685,150.28273795795394,0.2037500380538404,0
6686,150.29799416696187,0.23395800963044167,0
6687,150.3132680419949,0.24049996864050627,0
6688,150.32783812499838,0.22658298257738352,0
6689,150.33984824997606,0.20941701950505376,0
6690,150.35509137500776,0.3803329891525209,0
6691,150.36889887496363,0.3987500094808638,0
6692,150.38422954198904,0.8531659841537476,0
6693,150.39920329197776,0.44124998385086656,0
6694,150.4104583329754,0.48387498827651143,0
6695,150.42457641696092,0.3910000086762011,0
6696,150.43891799997073,0.4522500094026327,0
6697,150.4508449579589,0.37208403227850795,0
6698,150.46253258298384,0.43050001841038465,0
6699,150.47808262496255,0.5095420056022704,0
6700,150.49010783300037,2.0924590062350035,0
6701,150.50732770800823,0.6327499868348241,0
6702,150.5204555419623,0.5801660008728504,0
6703,150.53610533295432,0.5071250488981605,0
6704,150.5474730829592,0.902750005479902,0
6705,150.56307400000514,0.3429169883020222,0
6706,150.57848525000736,0.24245795793831348,0
6707,150.59223770798417,0.2030839677900076,0
6708,150.60526045795996,0.19675004296004772,0
6709,150.61863254196942,0.15045801410451531,0
6710,150.63381291698897,0.19016599981114268,0
6711,150.64807574998122,0.2062499988824129,0
6712,150.65938129200367,0.18479098798707128,0
6713,150.67451870796503,0.1800000318326056,0
6714,150.68824499996845,0.20775001030415297,0
6715,150.70349437498953,0.23116701049730182,0
6716,150.71878150000703,0.28095796005800366,0
6717,150.7316525829956,0.26983401039615273,0
6718,150.74634916696232,0.24870800552889705,0
6719,150.75793141697068,0.3023330355063081,0
6720,150.76947116700467,0.32349996035918593,0
6721,150.78046774998074,0.32879202626645565,0
6722,150.795861416962,0.47850003466010094,0
6723,150.80808449996402,0.7687920005992055,0
6724,150.82392204197822,,1
6725,150.93798904196592,0.7108330028131604,0
6726,150.95411829196382,,1
6727,151.07143374998122,,1
6728,151.18873587495182,0.6232920568436384,0
6729,151.20445687498432,0.5010419990867376,0
6730,151.21656666696072,0.42995804687961936,0
6731,151.23164783295942,0.44445903040468693,0
6732,151.24554804200307,0.44599996181204915,0
6733,151.25718749995576,0.4111670423299074,0
6734,151.27381170797162,0.48400001833215356,0
6735,151.28719724999974,0.474124972242862,0
6736,151.30271979200188,0.4387910012155771,0
6737,151.3151595829986,0.3736669896170497,0
6738,151.32678362500155,0.3184169763699174,0
6739,151.33841366699198,,1
6740,151.4545272499672,,1
6741,151.57181954197586,,1
6742,151.6891246669693,,1
6743,151.80638545798138,,1
6744,151.92237995797768,,1
6745,152.03967224998632,0.523374998010695,0
6746,152.05526587495115,0.4303330206312239,0
6747,152.06730212498223,0.38991699693724513,0
6748,152.0819916249602,0.4272920195944607,0
6749,152.09747449995484,0.392707996070385,0
6750,152.1104792499682,0.41745800990611315,0
6751,152.12594258296303,0.3905000048689544,0
6752,152.14141766697867,0.3445000038482249,0
6753,152.15680516697466,0.46695797936990857,0
6754,152.17231454199646,0.2163329627364874,0
6755,152.1825850000023,0.172999978531152,0
6756,152.19777629198506,0.20900001982226968,0
6757,152.21300495800097,0.14329195255413651,0
6758,152.22816845797934,0.14449999434873462,0
6759,152.24267616699217,0.17291598487645388,0
6760,152.25788254197687,0.1700409920886159,0
6761,152.27309712499846,0.23995799710974097,0
6762,152.2875166249578,0.19350001821294427,0
6763,152.30274520796956,0.19112502923235297,0
6764,152.31797612499213,0.23199996212497354,0
6765,152.33325320796575,0.19758404232561588,0
6766,152.34357904200442,0.19212497863918543,0
6767,152.35882545798086,0.18216698663309216,0
6768,152.37405533296987,0.18562498735263944,0
6769,152.38928075000877,0.18408294999971986,0
6770,152.40450116695138,0.17612503143027425,0
6771,152.41814500000328,0.15974999405443668,0
6772,152.4333531250013,0.19458297174423933,0
6773,152.4471798329614,0.1995839993469417,0
6774,152.4624172920012,0.1837909803725779,0
6775,152.47660862497287,0.18266699044033885,0
6776,152.4918305419851,0.19720802083611488,0
6777,152.50708283297718,0.2109999768435955,0
6778,152.5223685419769,0.20283297635614872,0
6779,152.53761004196713,0.19525003153830767,0
6780,152.55199512495892,0.2282080240547657,0
6781,152.56666654197033,0.25579100474715233,0
6782,152.58197095798096,0.2185420016758144,0
6783,152.59224258299218,0.226916978135705,0
6784,152.60393962496892,0.19383302424103022,0
6785,152.61554433300626,0.1907919649966061,0
6786,152.6307723329519,0.22779201390221715,0
6787,152.64357083296636,0.22416701540350914,0
6788,152.65594308299478,0.1995839993469417,0
6789,152.6711816249881,0.2203750191256404,0
6790,152.68517479195725,0.22025004727765918,0
6791,152.6990257499856,0.4278330015949905,0
6792,152.71343758300645,0.40199997602030635,0
6793,152.72888874995988,0.3173750010319054,0
6794,152.7432307919953,0.3264159895479679,0
6795,152.75467295799172,0.39362499956041574,0
6796,152.7699088329682,0.37299998803064227,0
6797,152.7853315419634,0.31004101037979126,0
6798,152.80068737495458,0.2910420298576355,0
6799,152.81601862498792,0.25941699277609587,0
6800,152.83132233296055,0.281625019852072,0
6801,152.84664045798127,0.2695840084925294,0
6802,152.86196608300088,0.42566697811707854,0
6803,152.8767564999871,0.3725829883478582,0
6804,152.88835904200096,0.30870799673721194,0
6805,152.9037275419687,0.4017500323243439,0
6806,152.91919095796766,0.3872090019285679,0
6807,152.93467541696737,0.4419999895617366,0
6808,152.95018245797837,,1
6809,153.06749541696627,,1
6810,153.184763541969,,1
6811,153.3019829999539,,1
6812,153.41559491696535,,1
6813,153.53295437496854,,1
6814,153.6502632079646,,1
6815,153.7675802919548,,1
6816,153.88445495796623,,1
6817,153.99712195800385,,1
6818,154.1132277919678,,1
6819,154.2304663329851,,1
6820,154.34771370800445,,1
6821,154.4614458750002,0.5252079572528601,0
6822,154.47452166699804,0.35941600799560547,0
6823,154.48562062496785,0.35437499172985554,0
6824,154.50006441696314,0.47166598960757256,0
6825,154.51366624998627,0.25458302116021514,0
6826,154.52896541700466,,1
6827,154.64361929200822,0.27537497226148844,0
6828,154.65893245796906,0.2579999854788184,0
6829,154.67424179200316,0.27791596949100494,0
6830,154.68961841700366,0.1766659552231431,0
6831,154.7048512919573,0.2655000425875187,0
6832,154.72014916699845,0.15441596042364836,0
6833,154.73422924999613,0.3958329907618463,0
6834,154.74981658300385,0.3979589673690498,0
6835,154.76044637500308,0.23379200138151646,0
6836,154.77124654198997,0.25987497065216303,0
6837,154.7850201249821,0.29616698157042265,0
6838,154.79557079199003,,1
6839,154.91273208300117,,1
6840,155.02997149998555,,1
6841,155.14728350000223,,1
6842,155.26133912499063,,1
6843,155.37453741696663,,1
6844,155.4917763749836,,1
6845,155.60826433298644,,1
6846,155.7255211249576,,1
6847,155.84277187497355,0.39954198291525245,0
6848,155.85633370798314,0.38820900954306126,0
6849,155.87177712499397,0.4147079889662564,0
6850,155.88724145799642,0.33949996577575803,0
6851,155.90263629198307,0.45545800821855664,0
6852,155.91814104199875,0.32241595908999443,0
6853,155.93351025000447,0.29016699409112334,0
6854,155.94883654196747,0.3024580073542893,0
6855,155.96418341697427,0.31366600887849927,0
6856,155.97678004199406,0.30399998649954796,0
6857,155.98859287495725,0.2903750282712281,0
6858,156.00125220796326,0.3270840388722718,0
6859,156.01666020799894,0.30745897674933076,0
6860,156.02869912498863,0.2714169677346945,0
6861,156.04400437499862,0.27466699248179793,0
6862,156.05931304197293,0.27441600104793906,0
6863,156.0745493749855,0.39166701026260853,0
6864,156.08999283297453,0.31529198167845607,0
6865,156.10534383298364,0.3167089889757335,0
6866,156.12071395799285,0.2983749727718532,0
6867,156.13605458295206,0.3170420532114804,0
6868,156.1514116670005,0.34558295737951994,0
6869,156.1668083749828,0.38733298424631357,0
6870,156.1786522080074,0.3925839555449784,0
6871,156.19409733300563,0.30558399157598615,0
6872,156.20884379197378,0.4011660348623991,0
6873,156.2193384579732,0.36025000736117363,0
6874,156.23474308295408,0.328000052832067,0
6875,156.24946933297906,0.3233749885112047,0
6876,156.26483120798366,0.3143339999951422,0
6877,156.28018787497422,0.34550001146271825,0
6878,156.29262033296982,0.36279199412092566,0
6879,156.30801862495719,0.32229203497990966,0
6880,156.3233800419839,0.32649998320266604,0
6881,156.33875579200685,0.3204159438610077,0
6882,156.35391629196238,0.3350829938426614,0
6883,156.36929266696097,0.2834160113707185,0
6884,156.38107187498827,0.3553329734131694,0
6885,156.39647195796715,0.30679203337058425,0
6886,156.41138354199938,,1
6887,156.52861533296527,,1
6888,156.6458524169866,,1
6889,156.76029245799873,,1
6890,156.87761129200226,,1
6891,156.99487270799,,1
6892,157.11021895799786,0.508541997987777,0
6893,157.1258067919989,0.21154095884412527,0
6894,157.1410619999515,0.21195801673457026,0
6895,157.155680958007,0.18449994968250394,0
6896,157.16681649995735,0.16058300388976932,0
6897,157.17888666695217,0.33783301478251815,0
6898,157.18995141697815,0.5697499727830291,0
6899,157.20486833300674,0.31933397985994816,0
6900,157.22022662498057,,1
6901,157.33755245798966,0.29812497086822987,0
6902,157.35248483298346,0.19945896929129958,0
6903,157.36774791695643,0.3177500329911709,0
6904,157.38313166698208,0.1967080170288682,0
6905,157.3947788749938,0.2407499705441296,0
6906,157.41006712499075,0.31599996145814657,0
6907,157.42544841696508,0.385124993044883,0
6908,157.4409117079922,0.4457499599084258,0
6909,157.45652129198425,0.5561250145547092,0
6910,157.46842379198642,0.7612910121679306,0
6911,157.48428783298004,0.7081250078044832,0
6912,157.49654945795191,0.5898750387132168,0
6913,157.5122362920083,0.4642079584300518,0
6914,157.52779474999988,0.3831249778158963,0
6915,157.54180791700492,0.333332980517298,0
6916,157.55568312498508,0.40970800910145044,0
6917,157.57119175000116,0.5134579841978848,0
6918,157.58500420796918,0.5144590395502746,0
6919,157.60061949997908,0.46141701750457287,0
6920,157.612055125006,0.569332973100245,0
6921,157.6277321249945,0.5213749827817082,0
6922,157.6433505829773,0.5300840130075812,0
6923,157.65548520797165,0.44779200106859207,0
6924,157.67104479199043,0.617499987129122,0
6925,157.6841287079733,0.5998749984428287,0
6926,157.69509829196613,0.4692500224336982,0
6927,157.7106426669634,0.42050000047311187,0
6928,157.72312174999388,0.38020795909687877,0
6929,157.73378045798745,0.2363339881412685,0
6930,157.74777829198865,0.2703749923966825,0
6931,157.75889704196015,0.3274999908171594,0
6932,157.77106487500714,0.44137495569884777,0
6933,157.78655516699655,0.2598330029286444,0
6934,157.79944266699022,0.2890409668907523,0
6935,157.81223608297296,0.483584008179605,0
6936,157.82779929199023,0.32720796298235655,0
6937,157.84229599998798,0.3756249789148569,0
6938,157.85772208299022,0.3096669679507613,0
6939,157.87306958297268,0.3506250213831663,0
6940,157.8885045829811,0.2795840264298022,0
6941,157.9003188329516,0.2941670245490968,0
6942,157.9122750419774,0.4794580163434148,0
6943,157.92783224995947,,1
6944,158.0430988749722,0.6961250328458846,0
6945,158.05429633299354,0.5645839846692979,0
6946,158.0660057499772,0.5279579781927168,0
6947,158.08159466699,0.40991598507389426,0
6948,158.09376941696974,0.3856249968521297,0
6949,158.10919908300275,0.2945419983007014,0
6950,158.12454929196974,0.3690000157803297,0
6951,158.1375315419864,0.45491597848013043,0
6952,158.1530475000036,0.48183294711634517,0
6953,158.16858833300648,0.4646669840440154,0
6954,158.1828687079833,0.3661250229924917,0
6955,158.19386845798,0.3724999842233956,0
6956,158.20529112499207,0.7467920077033341,0
6957,158.21707491698908,0.4493329906836152,0
6958,158.2316452919622,0.41920802323147655,0
6959,158.24455991695868,0.44966599671170115,0
6960,158.25618379196385,0.4260410205461085,0
6961,158.2708932919777,0.3920830204151571,0
6962,158.28278291696915,0.4344999906606972,0
6963,158.29611383297015,0.47312502283602953,0
6964,158.30882741697133,0.596500001847744,0
6965,158.32132466696203,1.201666018459946,0
6966,158.33547041699057,0.6140409968793392,0
6967,158.35120524995727,0.4813750274479389,0
6968,158.36678733298322,0.38458401104435325,0
6969,158.3788431249559,0.4152920446358621,0
6970,158.39017929200782,0.45499997213482857,0
6971,158.40260033297818,0.3108339733444154,0
6972,158.4143565829727,0.6394999800249934,0
6973,158.42918841697974,0.5095410160720348,0
6974,158.44299683300778,0.5873749614693224,0
6975,158.45396233297652,0.7252090144902468,0
6976,158.46981874998892,0.4920419887639582,0
6977,158.48544166696956,0.4437500028871,0
6978,158.5009516249993,0.41570799658074975,0
6979,158.51285787497181,0.6731670000590384,0
6980,158.5263480419526,0.6060410523787141,0
6981,158.5373635829892,0.48574997344985604,0
6982,158.55292395799188,0.5999999702908099,0
6983,158.5686241670046,0.5131659563630819,0
6984,158.58108020800864,0.5332089494913816,0
6985,158.5944818329881,0.7083339733071625,0
6986,158.60532404197147,0.2917079837061465,0
6987,158.62068104196806,0.23916602367535233,0
6988,158.63596824998967,0.2639580052345991,0
6989,158.6512701669708,0.24487503105774522,0
6990,158.66654874995584,0.3019170253537595,0
6991,158.67708104196936,0.3326660371385515,0
6992,158.68800479196943,0.39029103936627507,0
6993,158.70050858298782,0.5547499749809504,0
6994,158.71269520797068,0.5072089843451977,0
6995,158.7279905419564,0.4787500365637243,0
6996,158.74055983300786,0.3571249544620514,0
6997,158.75141320796683,0.35024998942390084,0
6998,158.7629434170085,0.4434999427758157,0
6999,158.77459975000238,0.48170797526836395,0
7000,158.78925191698363,0.479582988191396,0
7001,158.80184162495425,0.5410830490291119,0
7002,158.81523358298,3.2153339707292616,0
7003,158.83267466700636,0.8693329873494804,0
7004,158.84506241697818,5.483624991029501,0
7005,158.8629020419903,3.177291015163064,0
7006,158.87754429195775,0.5172500386834145,0
7007,158.89056133298436,0.47874997835606337,0
7008,158.90354083298007,0.5398339708335698,0
7009,158.9144540419802,0.4670409834943712,0
7010,158.93002887495095,0.5055000074207783,0
7011,158.9456283749896,0.33899996196851134,0
7012,158.9570866249851,0.38645800668746233,0
7013,158.97156566695776,0.2460000105202198,0
7014,158.98360066697933,0.2658329904079437,0
7015,158.9993344579707,0.6816249806433916,0
7016,159.01356991700595,0.3595829475671053,0
7017,159.02847670798656,0.3107920056208968,0
7018,159.0438557919697,0.33075001556426287,0
7019,159.0590699169552,0.4326660418882966,0
7020,159.07457295799395,0.48691697884351015,0
7021,159.08807762496872,0.3678330103866756,0
7022,159.0997201249702,0.3203750238753855,0
7023,159.1151209579548,0.3291670000180602,0
7024,159.12917874997947,0.3237500204704702,0
7025,159.14341862499714,0.6530829705297947,0
7026,159.15416716696927,0.32175000524148345,0
7027,159.1695494169835,0.3482910105958581,0
7028,159.18047924997518,0.22837502183392644,0
7029,159.195769791957,0.18579099560156465,0
7030,159.20685587497428,0.1961250090971589,0
7031,159.21723004197702,0.14462502440437675,0
7032,159.2291584169725,0.18033297965303063,0
7033,159.24418387498008,0.17725001089274883,0
7034,159.25634833297227,0.17008400755003095,0
7035,159.27155816700542,0.16262498684227467,0
7036,159.2867719999631,0.17433299217373133,0
7037,159.29707604198484,0.1705000177025795,0
7038,159.31229041697225,0.19716599490493536,0
7039,159.32752179197269,0.16962498193606734,0
7040,159.3410909170052,0.18045795150101185,0
7041,159.35632762499154,0.17675000708550215,0
7042,159.37155583297135,0.17275003483518958,0
7043,159.38678141700802,0.17341598868370056,0
7044,159.4015829580021,0.16583397518843412,0
7045,159.41319204197498,0.21945801563560963,0
7046,159.42481670796406,0.17733400454744697,0
7047,159.43641158298124,0.18504197942093015,0
7048,159.44797437498346,0.18854200607165694,0
7049,159.46059670799877,0.19733398221433163,0
7050,159.47336066700518,0.19845797214657068,0
7051,159.48860374995274,0.23612502263858914,0
7052,159.50038008298725,,1
7053,159.61754924996058,,1
7054,159.73456433298998,,1
7055,159.84883899998385,0.46333298087120056,0
7056,159.86025691695977,0.440916046500206,0
7057,159.87453049997566,0.40370802162215114,0
7058,159.88998316699872,0.3666249685920775,0
7059,159.9054069579579,0.4106250125914812,0
7060,159.91588191699702,0.3755830111913383,0
7061,159.92935941700125,0.4094580071978271,0
7062,159.94358299998567,0.34141697688028216,0
7063,159.95407079195138,1.5560410101898015,0
7064,159.97070637496654,0.4176250076852739,0
7065,159.98165299999528,0.35604200093075633,0
7066,159.99708754196763,0.17933303024619818,0
7067,160.01109995797742,0.17191702499985695,0
7068,160.02246358297998,0.1818750170059502,0
7069,160.0343121669721,0.18433301011100411,0
7070,160.04953087499598,0.17120799748227,0
7071,160.06315775000257,0.24191697593778372,0
7072,160.07456812495366,0.40129205444827676,0
7073,160.09002775000408,0.2905419678427279,0
7074,160.10357016697526,0.23879099171608686,0
7075,160.11884645797545,0.21991698304191232,0
7076,160.13409725000383,0.21791696781292558,0
7077,160.14936345798196,0.22141699446365237,0
7078,160.16462545795366,0.22120901849120855,0
7079,160.17945029196562,0.21729100262746215,0
7080,160.1947056669742,0.2152079832740128,0
7081,160.20995641697664,0.20695797866210341,0
7082,160.22521116695134,0.22195803467184305,0
7083,160.23967391700717,0.24629099061712623,0
7084,160.25495645799674,0.286291993688792,0
7085,160.27032854198478,0.32595801167190075,0
7086,160.28438395797275,0.2387090353295207,0
7087,160.29883787495783,0.1984999980777502,0
7088,160.31407220795518,0.1842500059865415,0
7089,160.32929941697512,0.19400002202019095,0
7090,160.34203408297617,0.18320902017876506,0
7091,160.35725479200482,0.18137495499104261,0
7092,160.37264016695553,0.25637500220909715,0
7093,160.38794116699137,0.23908296134322882,0
7094,160.40039674995933,0.2315420424565673,0
7095,160.41173391696066,0.21850003395229578,0
7096,160.42259066697443,0.26762502966448665,0
7097,160.4346903329715,0.22104202071204782,0
7098,160.4464184169774,0.2151660155504942,0
7099,160.46168054197915,0.2150830114260316,0
7100,160.47454108297825,0.22550002904608846,0
7101,160.48980424995534,0.2974170492962003,0
7102,160.50515774998348,0.2348329871892929,0
7103,160.52044066699455,0.22670801263302565,0
7104,160.53134829195915,0.2680410398170352,0
7105,160.54665262496565,0.22970803547650576,0
7106,160.5619362499565,0.39833300979807973,0
7107,160.57404979196144,0.28837501304224133,0
7108,160.58937912498368,0.2981669967994094,0
7109,160.60471262497595,0.2759579801931977,0
7110,160.62003391695907,0.33316604094579816,0
7111,160.63340958295157,0.3083750489167869,0
7112,160.64876820798963,0.3095419961027801,0
7113,160.66151379200164,0.28433295665308833,0
7114,160.6727897079545,0.28658402152359486,0
7115,160.68443770799786,0.2483339630998671,0
7116,160.69972462498117,0.3813750226981938,0
7117,160.71514858299633,0.2998340060003102,0
7118,160.7304846670013,0.31420798040926456,0
7119,160.74241899995832,0.249417033046484,0
7120,160.75771279196488,0.177707988768816,0
7121,160.7729247919633,0.1747080241329968,0
7122,160.7881221669959,0.16895798034965992,0
7123,160.80331449996447,0.17004203982651234,0
7124,160.81851870799437,0.2404589904472232,0
7125,160.83379633299774,0.23199996212497354,0
7126,160.84436591697158,0.2839579829014838,0
7127,160.85595854197163,0.34991599386557937,0
7128,160.87136862496845,0.35504199331626296,0
7129,160.88676945795305,0.36991701927036047,0
7130,160.90218262496637,0.3843330196104944,0
7131,160.91665450000437,0.3667079727165401,0
7132,160.9318674170063,0.39208296220749617,0
7133,160.9464634169708,0.37779100239276886,0
7134,160.96190983295674,0.41441700886934996,0
7135,160.9727104170015,0.4962909733876586,0
7136,160.9880694169551,0.4767909995280206,0
7137,161.0036192080006,0.41366700315847993,0
7138,161.01909212500323,0.2899169921875,0
7139,161.03442654199898,0.2615409903228283,0
7140,161.049731957959,0.23200002033263445,0
7141,161.06500554195372,0.22208300651982427,0
7142,161.07917679200182,0.24591595865786076,0
7143,161.0944663749542,0.23737503215670586,0
7144,161.10822179197567,0.22895802976563573,0
7145,161.1234938330017,0.2306249807588756,0
7146,161.13875691697467,0.2358750207349658,0
7147,161.15402854199056,0.23170799249783158,0
7148,161.1661972499569,0.25924999499693513,0
7149,161.17814608296612,0.2885840367525816,0
7150,161.19048962497618,0.30937499832361937,0
7151,161.20583524997346,0.2895829966291785,0
7152,161.22119704197394,0.42991602094843984,0
7153,161.2361549999914,0.3423329908400774,0
7154,161.25154279195704,0.3089579986408353,0
7155,161.26690008299192,0.2825839910656214,0
7156,161.27906995796366,0.30875002266839147,0
7157,161.29442212497815,0.30754198087379336,0
7158,161.30754762497963,0.27354201301932335,0
7159,161.32289049995597,0.26154203806072474,0
7160,161.33463220798876,0.25762501172721386,0
7161,161.34622074995423,0.38100004894658923,0
7162,161.3616454169969,0.2800409565679729,0
7163,161.37700191698968,0.33850001636892557,0
7164,161.39238158299122,0.3112090053036809,0
7165,161.40423783299047,0.2542500151321292,0
7166,161.4195308329654,0.265000038780272,0
7167,161.43483233300503,,1
7168,161.55209099996137,,1
7169,161.6694243749953,,1
7170,161.78073058300652,,1
7171,161.89810624998063,,1
7172,162.0138281249674,,1
7173,162.1312390829553,,1
7174,162.2482467079535,,1
7175,162.36235495796427,0.47904200619086623,0
7176,162.37461908295518,0.4222090356051922,0
7177,162.38516987499315,0.4319999716244638,0
7178,162.40066116699018,0.39329100400209427,0
7179,162.4141887499718,0.3809999907389283,0
7180,162.4285856669885,0.3570829867385328,0
7181,162.44399241695646,0.4563330439850688,0
7182,162.45949862495763,0.4051250289194286,0
7183,162.47494762495626,,1
7184,162.59218537498964,,1
7185,162.708201582951,,1
7186,162.82554966700263,,1
7187,162.94284387497464,,1
7188,163.05786862497916,0.6267920252867043,0
7189,163.072953166964,0.2412910107523203,0
7190,163.08825366699602,0.28624996775761247,0
7191,163.10359162499662,0.41333300760015845,0
7192,163.1190787499654,0.4623749991878867,0
7193,163.13460849999683,0.49574999138712883,0
7194,163.1462072499562,0.596166995819658,0
7195,163.16187154198997,0.5725829978473485,0
7196,163.17479399999138,0.5907079903408885,0
7197,163.1860517919995,0.5053749773651361,0
7198,163.19897020800272,0.4766249912790954,0
7199,163.21138908300782,0.5303749931044877,0
7200,163.2269837919739,0.5420829984359443,0
7201,163.24259420798626,0.5449170130304992,0
7202,163.25820537499385,0.5608749925158918,0
7203,163.27350083296187,0.5442500114440918,0
7204,163.28911866695853,0.8408750290982425,0
7205,163.3027109579998,0.5721669876947999,0
7206,163.31408995797392,0.4757089773193002,0
7207,163.3296381669934,0.5297079915180802,0
7208,163.34225874999538,0.5227919900789857,0
7209,163.35496387496823,0.9005829924717546,0
7210,163.37099399999715,0.5391250015236437,0
7211,163.38604841695633,0.4790410166606307,0
7212,163.3975866669789,0.5263329949229956,0
7213,163.4130494169658,0.5348750273697078,0
7214,163.42513150000013,0.5245420034043491,0
7215,163.4407426249818,0.5558329867199063,0
7216,163.45272945798934,0.5556250107474625,0
7217,163.46485749998828,0.46129198744893074,0
7218,163.4773644579691,0.5194999976083636,0
7219,163.49044029199285,0.4767909995280206,0
7220,163.5059834579588,0.47595903743058443,0
7221,163.5180231249542,0.4290420329198241,0
7222,163.52943804196548,0.5275830044411123,0
7223,163.5424449580023,0.4972500028088689,0
7224,163.55606587498914,0.6219170172698796,0
7225,163.57154499995522,0.5420000525191426,0
7226,163.58718345797388,0.5621250020340085,0
7227,163.6028065419523,0.502833048813045,0
7228,163.6153995419736,0.5157910054549575,0
7229,163.6311725419946,1.0278749978169799,0
7230,163.6450405420037,0.4796659923158586,0
7231,163.65800850000232,0.5304999649524689,0
7232,163.6730112079531,0.456834037322551,0
7233,163.6857913749991,0.509625009726733,0
7234,163.69709795800736,0.45529199996963143,0
7235,163.70915049995529,0.5938750109635293,0
7236,163.72239591699326,0.6167909596115351,0
7237,163.7381134579773,0.6781669799238443,0
7238,163.75387462496292,0.6026250193826854,0
7239,163.76846512500197,0.4453329602256417,0
7240,163.78397158300504,0.48037496162578464,0
7241,163.79643962497357,,1
7242,163.91226862499025,0.6443749880418181,0
7243,163.9280011249939,0.5793749587610364,0
7244,163.94366670795716,0.5530420457944274,0
7245,163.95850929198787,0.510375015437603,0
7246,163.97257608297514,0.510666985064745,0
7247,163.98443700000644,0.5300419870764017,0
7248,163.9987366249552,0.4757920396514237,0
7249,164.01085399999283,0.50633295904845,0
7250,164.02239037497202,0.6683330284431577,0
7251,164.038122457976,0.49700000090524554,0
7252,164.0528727499768,0.5830830195918679,0
7253,164.06852149998304,0.4523330135270953,0
7254,164.0840257499949,0.4475829773582518,0
7255,164.09952662495198,0.4474580055102706,0
7256,164.11502608295996,0.46845903852954507,0
7257,164.1305658329511,0.46791700879111886,0
7258,164.14608804200543,0.4528329591266811,0
7259,164.16159808298107,0.456416979432106,0
7260,164.17327183298767,0.43408398050814867,0
7261,164.18605245795334,0.47500000800937414,0
7262,164.20162066700868,0.5074579967185855,0
7263,164.21718566695927,0.47504104441031814,0
7264,164.231224749994,0.4896669997833669,0
7265,164.24343774997396,0.605541979894042,0
7266,164.25910337496316,0.48645801143720746,0
7267,164.2746474169544,,1
7268,164.38604391698027,0.5557499825954437,0
7269,164.40165650000563,0.44724997133016586,0
7270,164.4171492079622,0.4509169957600534,0
7271,164.43265049997717,0.44720800360664725,0
7272,164.44668379198993,0.46145799569785595,0
7273,164.45729137497256,0.5699580069631338,0
7274,164.47291824995773,0.5160000291652977,0
7275,164.48849799996242,0.5124169983901083,0
7276,164.50406624999596,0.4747500061057508,0
7277,164.5193784579751,0.5072500207461417,0
7278,164.5331847500056,0.4659579717554152,0
7279,164.54870179196587,0.4051250289194286,0
7280,164.56114295800216,0.7711669895797968,0
7281,164.57697204197757,0.4403329803608358,0
7282,164.5922539169551,0.4468749975785613,0
7283,164.6057159579941,0.4641250125132501,0
7284,164.61938379198546,0.4261250142008066,0
7285,164.6348573329742,0.4154170164838433,0
7286,164.6491837920039,0.4285829490981996,0
7287,164.6646623329725,0.45966700417920947,0
7288,164.68017029197654,0.442708027549088,0
7289,164.69566141697578,0.4867499810643494,0
7290,164.70739841699833,0.47512497985735536,0
7291,164.7193860829575,0.48983399756252766,0
7292,164.73492837499361,0.44766697101294994,0
7293,164.7480292499531,0.49516704166308045,0
7294,164.76359574997332,0.521541980560869,0
7295,164.77592287497828,0.5054579814895988,0
7296,164.79137833300047,0.5178749561309814,0
7297,164.80569849995663,0.28004200430586934,0
7298,164.82103158300743,0.36037497920915484,0
7299,164.83603800000856,0.3169579431414604,0
7300,164.8503680419526,0.1623330172151327,0
7301,164.86240391695173,0.2924160216934979,0
7302,164.87776920798933,0.3626249963417649,0
7303,164.89320674998453,,1
7304,165.00954591698246,,1
7305,165.12676537496736,,1
7306,165.24357341695577,,1
7307,165.3609147919924,,1
7308,165.47385316697182,,1
7309,165.58912516699638,,1
7310,165.70534662500722,0.5249169771559536,0
7311,165.7179541249643,0.4569999873638153,0
7312,165.730070916994,0.36654097493737936,0
7313,165.74059291696176,0.3957500448450446,0
7314,165.7560339999618,0.40016701677814126,0
7315,165.76958279195242,0.3291250322945416,0
7316,165.78166462498484,0.34708296880126,0
7317,165.7929465000052,0.31770794885233045,0
7318,165.8078646250069,0.4410829860717058,0
7319,165.82335862499895,0.40795799577608705,0
7320,165.8341821669601,0.39674999425187707,0
7321,165.84966608299874,0.40083396015688777,0
7322,165.8651161249727,0.4154170164838433,0
7323,165.87573779199738,0.3789999755099416,0
7324,165.89116308296798,0.31037500593811274,0
7325,165.90651212498778,0.3981670015491545,0
7326,165.92195333295967,0.33583404729142785,0
7327,165.93733466695994,0.3465830232016742,0
7328,165.95272662496427,0.36987499333918095,0
7329,165.96725045796484,0.3486250061541796,0
7330,165.98164208297385,0.38095901254564524,0
7331,165.9960560000036,0.3623749944381416,0
7332,166.01149912498659,0.48387498827651143,0
7333,166.02216787496582,0.5178329884074628,0
7334,166.03649783297442,0.4545000265352428,0
7335,166.05200224998407,0.4057919722981751,0
7336,166.0674490419915,0.4037909675389528,0
7337,166.08291529200505,0.4671249771490693,0
7338,166.09843483299483,0.448083970695734,0
7339,166.11393245798536,0.42812497122213244,0
7340,166.12940966698807,0.39433297934010625,0
7341,166.14357704197755,0.3857910051010549,0
7342,166.15901445795316,0.4092090530321002,0
7343,166.17218695796328,0.36800000816583633,0
7344,166.18759799998952,0.36399997770786285,0
7345,166.20037395798136,0.3617919865064323,0
7346,166.2157872079988,0.4414590075612068,0
7347,166.23126720800065,0.38108398439362645,0
7348,166.24657470796956,0.4335420089773834,0
7349,166.26205591700273,0.3612079890444875,0
7350,166.27627470798325,0.4574169870465994,0
7351,166.29177899996284,0.4041250213049352,0
7352,166.3072319169878,0.3031250089406967,0
7353,166.32112895796308,0.29850000282749534,0
7354,166.33646212500753,0.3049169899895787,0
7355,166.35180937498808,0.3008329658769071,0
7356,166.36715812498005,0.2775830216705799,0
7357,166.38248224998824,0.29154197545722127,0
7358,166.39781033300096,0.2791250008158386,0
7359,166.41313054197235,0.26599998818710446,0
7360,166.4255645829835,0.26116700610145926,0
7361,166.44011954200687,0.31933299032971263,0
7362,166.4546198329772,0.32724998891353607,0
7363,166.46724974998506,0.28962502256035805,0
7364,166.47875370795373,0.3443340538069606,0
7365,166.48943108296953,0.4479170311242342,0
7366,166.50104620796628,0.42020902037620544,0
7367,166.51442095800303,0.3771669580601156,0
7368,166.52671312500024,0.35808299435302615,0
7369,166.54210841696477,0.33729104325175285,0
7370,166.55749258300057,0.31991698779165745,0
7371,166.5728724579676,0.344625033903867,0
7372,166.58813412499148,0.3558750031515956,0
7373,166.6035330829909,0.33358397195115685,0
7374,166.61891487496905,,1
7375,166.73233570798766,,1
7376,166.84938304196112,,1
7377,166.96545145800337,,1
7378,167.0827074580011,,1
7379,167.1999735829886,,1
7380,167.31480154197197,,1
7381,167.43164070800412,,1
7382,167.54891545797,,1
7383,167.66377049998846,,1
7384,167.78103483299492,0.4576249630190432,0
7385,167.79309441696387,0.3560410114005208,0
7386,167.808502083004,0.33974996767938137,0
7387,167.82388449995779,0.3522920305840671,0
7388,167.83794520795345,0.42512500658631325,0
7389,167.85342916700756,0.41037495248019695,0
7390,167.86787233297946,0.4022499779239297,0
7391,167.88331587496214,0.3184170345775783,0
7392,167.89458720799303,0.34087500534951687,0
7393,167.9058751249686,0.41591702029109,0
7394,167.9213294169749,0.42812502942979336,0
7395,167.93682541698217,0.3855000250041485,0
7396,167.9490659579751,0.4563340335153043,0
7397,167.96458370797336,0.3767500165849924,0
7398,167.9800184579799,0.45658397721126676,0
7399,167.99433729198063,2.286000002641231,0
7400,168.01171837496804,0.4205420264042914,0
7401,168.0224118749611,0.4077079938724637,0
7402,168.03711420798209,0.2395000192336738,0
7403,168.0524095419678,0.22308301413431764,0
7404,168.06659820798086,0.22708397591486573,0
7405,168.0800909170066,0.1730409567244351,0
7406,168.09164674999192,,1
7407,168.20884737500455,,1
7408,168.32230808300665,,1
7409,168.43829379195813,,1
7410,168.5507138329558,,1
7411,168.66809054196347,,1
7412,168.7848239580053,,1
7413,168.9020675419597,,1
7414,169.0181140829809,,1
7415,169.1343385829823,,1
7416,169.25165449996712,,1
7417,169.3689207919524,,1
7418,169.4861088329926,0.44949998846277595,0
7419,169.50166408298537,0.30620896723121405,0
7420,169.51654829195468,0.24916604161262512,0
7421,169.53126104199328,0.23437500931322575,0
7422,169.54307566699572,0.2217079745605588,0
7423,169.5547559169936,0.2330410061404109,0
7424,169.57005337497685,0.2061669947579503,0
7425,169.58356079197256,0.2104159793816507,0
7426,169.59514383296482,0.205625023227185,0
7427,169.61040320800385,0.2109169727191329,0
7428,169.62564687500708,0.1876669703051448,0
7429,169.64088687498588,0.17737498274073005,0
7430,169.65611574996728,0.18562498735263944,0
7431,169.66833774995757,,1
7432,169.7854882919928,,1
7433,169.90271341695916,,1
7434,170.0199332080083,,1
7435,170.13719966699136,,1
7436,170.2519081250066,,1
7437,170.36915020796005,,1
7438,170.4850318749668,0.46549999387934804,0
7439,170.50056124996627,0.35395799204707146,0
7440,170.51405504200375,0.3689999575726688,0
7441,170.5294751249603,0.3753750352188945,0
7442,170.5448993750033,0.3993329592049122,0
7443,170.55874741700245,0.3435409744270146,0
7444,170.5703538749949,0.2799169742502272,0
7445,170.5856857500039,0.3070419770665467,0
7446,170.60104016697733,0.3144160145893693,0
7447,170.61347549996572,0.3374580410309136,0
7448,170.62810274999356,0.2940419944934547,0
7449,170.64343841699883,0.2961249556392431,0
7450,170.65877549996367,0.27779198717325926,0
7451,170.6740978329908,0.2625840133987367,0
7452,170.6875735829817,0.39599998854100704,0
7453,170.7030309579568,0.47841703053563833,0
7454,170.71818154200446,0.5442079855129123,0
7455,170.7316605829983,0.5007089930586517,0
7456,170.7472193329595,0.39487500907853246,0
7457,170.7626553750015,0.37879199953749776,0
7458,170.77452345797792,0.33900002017617226,0
7459,170.78991508297622,0.33712497679516673,0
7460,170.80530016700504,0.3274159971624613,0
7461,170.81986508297268,0.3670839942060411,0
7462,170.83527674997458,0.3430829965509474,0
7463,170.84898095799144,0.33658399479463696,0
7464,170.8605336669716,0.362333026714623,0
7465,170.8745269579813,0.3661250229924917,0
7466,170.88961474999087,0.3577079623937607,0
7467,170.90122754196636,0.317458005156368,0
7468,170.9128371249535,0.2997920382767916,0
7469,170.9270320420037,0.3642909578047693,0
7470,170.94260424998356,0.4926249966956675,0
7471,170.95814750000136,0.3469999646767974,0
7472,170.97355770797003,0.35254203248769045,0
7473,170.9889514579554,0.3060420276597142,0
7474,171.00002849998418,0.3038329887203872,0
7475,171.01537758298218,0.32662501325830817,0
7476,171.03074591699988,0.2875829814001918,0
7477,171.04357520799385,0.31629198929294944,0
7478,171.05797525000526,0.3126249648630619,0
7479,171.07333541696426,0.3162079956382513,0
7480,171.0867839579587,0.3050840459764004,0
7481,171.10212150000734,0.2839999506250024,0
7482,171.11744133295724,0.32108405139297247,0
7483,171.1328013750026,0.3337920061312616,0
7484,171.14362383296248,0.3522500046528876,0
7485,171.15875899995444,0.3457500133663416,0
7486,171.17411512497347,0.3879580181092024,0
7487,171.18568608298665,0.3589999978430569,0
7488,171.19728466699598,0.414790993090719,0
7489,171.21274233295117,0.3510420210659504,0
7490,171.22813454200514,0.32370799453929067,0
7491,171.24350574996788,0.4230000195093453,0
7492,171.25897620798787,0.3165840171277523,0
7493,171.2728132919874,0.3494580159895122,0
7494,171.28389266697923,0.34745800076052547,0
7495,171.29530166700715,0.3785829758271575,0
7496,171.30615108297206,0.18516700947657228,0
7497,171.32137995795347,0.2012090408243239,0
7498,171.33662124996772,0.22116699256002903,0
7499,171.35188299999572,0.1925000105984509,0
7500,171.3671087079565,0.1822090125642717,0
7501,171.38133612496313,0.18800003454089165,0
7502,171.3965641669929,0.1801659818738699,0
7503,171.408428499999,0.16274995869025588,0
7504,171.42214695800794,,1
7505,171.53926170797786,,1
7506,171.65655612497358,,1
7507,171.7737657079706,,1
7508,171.89096666697878,0.4362909821793437,0
7509,171.9064632919617,0.41912501910701394,0
7510,171.92193420795957,0.3143750363960862,0
7511,171.937315749994,0.3768329625017941,0
7512,171.95274999999674,0.4127919673919678,0
7513,171.96321174997138,0.39537501288577914,0
7514,171.9786557079642,0.3517500008456409,0
7515,171.99405579199083,0.3172910073772073,0
7516,172.0088594169938,0.34620799124240875,0
7517,172.02130137500353,0.33366697607561946,0
7518,172.03314108296763,0.32933399779722095,0
7519,172.04454666696256,,1
7520,172.16175745800138,,1
7521,172.27707849995932,,1
7522,172.39434566698037,,1
7523,172.5116130829556,0.4163340199738741,0
7524,172.52668316697236,0.3559580072760582,0
7525,172.53812645800645,0.3527919761836529,0
7526,172.55352279200451,0.31416595447808504,0
7527,172.5672358329757,0.31625002156943083,0
7528,172.57891408295836,0.3530000103637576,0
7529,172.59429795795586,0.3095419961027801,0
7530,172.60964845796116,,1
7531,172.72400058299536,,1
7532,172.84008866699878,,1
7533,172.95734983298462,,1
7534,173.07462274999125,,1
7535,173.19189754198305,,1
7536,173.30453220795607,,1
7537,173.42179937497713,,1
7538,173.539065207995,,1
7539,173.65633454197086,,1
7540,173.77261341700796,,1
7541,173.8899386669509,0.5750000127591193,0
7542,173.90558562497608,0.4503750242292881,0
7543,173.92109499999788,0.46083296183496714,0
7544,173.9337528749602,0.5518330144695938,0
7545,173.94772920798277,0.6643750239163637,0
7546,173.9634608749766,0.45175000559538603,0
7547,173.97897208295763,0.3880000440403819,0
7548,173.99441374995513,0.3752920310944319,0
7549,174.00559991697082,0.5264159990474582,0
7550,174.021168999956,,1
7551,174.13840204197913,,1
7552,174.25565595796797,,1
7553,174.37261024996405,0.7077920017763972,0
7554,174.3842229580041,0.4040419589728117,0
7555,174.39967320795404,0.3630420542322099,0
7556,174.41508441697806,0.322124978993088,0
7557,174.4304459579871,0.3254999755881727,0
7558,174.44359120796435,0.3633340238593519,0
7559,174.45899995800573,0.30095898546278477,0
7560,174.47206412500236,0.3153749858029187,0
7561,174.4837307499838,0.34070800757035613,0
7562,174.4991047079675,0.3542500198818743,0
7563,174.51450570800807,0.3809169866144657,0
7564,174.5293174170074,0.36766595439985394,0
7565,174.5424088749569,0.25704200379550457,0
7566,174.55554812500486,0.2815829939208925,0
7567,174.5708653749898,0.15154201537370682,0
7568,174.58604274998652,0.1847919775173068,0
7569,174.6012604169664,0.19566604169085622,0
7570,174.6137122079963,0.18491700757294893,0
7571,174.6280145419878,0.17145799938589334,0
7572,174.63963049999438,0.16537500778213143,0
7573,174.65220874996157,0.15995802823454142,0
7574,174.6654199169716,0.17633300740271807,0
7575,174.68026233295677,0.18812500638887286,0
7576,174.69190866698045,0.24987501092255116,0
7577,174.70352754200576,0.18654100131243467,0
7578,174.71513633296126,0.18516700947657228,0
7579,174.72588483296568,0.21166703663766384,0
7580,174.73959262500284,0.21183298667892814,0
7581,174.75056216696976,0.1468330156058073,0
7582,174.76198337500682,0.1687499461695552,0
7583,174.7745294169872,0.2032499760389328,0
7584,174.78977212496102,0.27958303689956665,0
7585,174.80224304198055,0.2616660203784704,0
7586,174.8138059579651,0.21062500309199095,0
7587,174.82906199997524,0.210333033464849,0
7588,174.84432429197477,0.203415984287858,0
7589,174.8595726249623,0.19562500528991222,0
7590,174.87479983299272,0.1973749604076147,0
7591,174.89002749999054,0.20537496311590075,0
7592,174.90529579197755,0.19937497563660145,0
7593,174.91792941698804,0.21916598780080676,0
7594,174.93014429195318,0.2592080272734165,0
7595,174.9435842919629,0.22650003666058183,0
7596,174.95885100000305,0.28433295665308833,0
7597,174.9741344169597,0.3399580018594861,0
7598,174.98819208296482,0.3028340288437903,0
7599,175.00355279195355,0.38887502159923315,0
7600,175.01901704195188,0.30229100957512856,0
7601,175.03435949998675,0.28591701993718743,0
7602,175.0456715420005,0.451665953733027,0
7603,175.0611795419827,0.3750830073840916,0
7604,175.0747218329925,0.38716697599738836,0
7605,175.086009791994,0.40195800829678774,0
7606,175.09919545799494,0.36516698310151696,0
7607,175.11464829195756,0.39250002009794116,0
7608,175.12729720800417,0.35620899870991707,0
7609,175.13777624996146,0.169792037922889,0
7610,175.1500167499762,0.3006670158356428,0
7611,175.16536833299324,0.16120896907523274,0
7612,175.18057079199934,0.23824995150789618,0
7613,175.19098795799073,0.2510839840397239,0
7614,175.20329375000438,0.3599170013330877,0
7615,175.2145039580064,0.28904195642098784,0
7616,175.22990154195577,0.31233299523591995,0
7617,175.24332458298886,0.13175001367926598,0
7618,175.25570229196455,0.20987499738112092,0
7619,175.26776837499347,0.1847500097937882,0
7620,175.2786796669825,0.19162497483193874,0
7621,175.29182283295086,0.23483403492718935,0
7622,175.3070957919699,0.22124999668449163,0
7623,175.31976562499767,0.18666696269065142,0
7624,175.33081462496193,0.17387501429766417,0
7625,175.34603966696886,0.27062499430030584,0
7626,175.3613617499941,0.4135000053793192,0
7627,175.37569587497273,0.22500002523884177,0
7628,175.38874500000384,0.31587498961016536,0
7629,175.40035616699606,0.2769159618765116,0
7630,175.4118404579931,0.3284169943071902,0
7631,175.42723579198355,0.2204999909736216,0
7632,175.4405007919995,0.20762498024851084,0
7633,175.4522330419859,0.1867079990915954,0
7634,175.46746058296412,0.18483400344848633,0
7635,175.48284224997042,0.5236670258454978,0
7636,175.4984108749777,0.20895799389109015,0
7637,175.50992649997352,0.2294580335728824,0
7638,175.52519458299503,0.2002919791266322,0
7639,175.5363887079875,,1
7640,175.64989566698205,,1
7641,175.76725908298977,,1
7642,175.88269529200625,,1
7643,175.99995141697582,0.4159160307608545,0
7644,176.01406262500677,0.29554194770753384,0
7645,176.02940599998692,0.2536670072004199,0
7646,176.04358383297222,0.23241702001541853,0
7647,176.05886537500191,0.3006669576279819,0
7648,176.07420916698175,0.23570802295580506,0
7649,176.08950320800068,0.23087498266249895,0
7650,176.10215504199732,0.21733297035098076,0
7651,176.11330070800614,0.25166699197143316,0
7652,176.12804437498562,0.2591250231489539,0
7653,176.1433365419507,0.23741601034998894,0
7654,176.15861391695216,0.23016601335257292,0
7655,176.173881041992,0.24891598150134087,0
7656,176.18920145800803,0.2393339527770877,0
7657,176.20202858297853,0.23491698084399104,0
7658,176.21838733297773,0.2757500042207539,0
7659,176.23371800000314,0.2839170047082007,0
7660,176.24904479196994,0.30445802258327603,0
7661,176.2643959579873,0.3577499883249402,0
7662,176.27978533296846,0.2727920073084533,0
7663,176.29509541700827,0.2842079848051071,0
7664,176.30846962495707,0.286291993688792,0
7665,176.32379412499722,0.24858297547325492,0
7666,176.33909037499689,0.25054195430129766,0
7667,176.3543758749729,0.26937498478218913,0
7668,176.36967770796036,0.2558340202085674,0
7669,176.3849818329909,0.29204197926446795,0
7670,176.3986140419729,0.2650829846970737,0
7671,176.41392195795197,0.2904590219259262,0
7672,176.42924979195232,0.24758302606642246,0
7673,176.44358608295443,0.30504202004522085,0
7674,176.45892674999777,0.25454198475927114,0
7675,176.4742110419902,0.2545409952290356,0
7676,176.489510082989,0.2936669625341892,0
7677,176.50168620800832,0.2620839513838291,0
7678,176.5152820419753,0.3368750330992043,0
7679,176.53066758299246,0.3194590099155903,0
7680,176.54357883299235,0.2929170150309801,0
7681,176.55891245795647,0.22933405125513673,0
7682,176.57409229199402,0.3386249882169068,0
7683,176.58947554195765,0.27191604021936655,0
7684,176.60478291695472,0.3007080522365868,0
7685,176.6201181669603,0.26708299992606044,0
7686,176.6354237080086,0.26816694298759103,0
7687,176.64813950000098,0.26699999580159783,0
7688,176.66328274999978,0.2828330034390092,0
7689,176.67558620800264,0.276499951723963,0
7690,176.68785470799776,0.32391696004197,0
7691,176.70019949995913,0.4015830345451832,0
7692,176.71564199996646,0.32183300936594605,0
7693,176.73100354196504,0.3393749939277768,0
7694,176.7468589170021,0.36879099206998944,0
7695,176.762273832981,0.3652090090326965,0
7696,176.77643599995645,0.3886250196956098,0
7697,176.787147791998,0.33258297480642796,0
7698,176.80252258299151,0.3167089889757335,0
7699,176.81787745800102,0.33012498170137405,0
7700,176.83324995799921,0.3191669820807874,0
7701,176.84860587498406,0.3078749869018793,0
7702,176.8639456249657,0.29441702645272017,0
7703,176.87452808296075,0.3165840171277523,0
7704,176.88988624996273,0.3404580056667328,0
7705,176.90526341699297,0.34783297451213,0
7706,176.92065824999008,0.3136249724775553,0
7707,176.9325359169743,0.2894580247811973,0
7708,176.94357129198033,0.3012910019606352,0
7709,176.9589198330068,0.41733396938070655,0
7710,176.97439670795575,0.3635000321082771,0
7711,176.98498499998823,0.365916988812387,0
7712,177.00039383297553,0.32229197677224874,0
7713,177.01387437497033,0.31287502497434616,0
7714,177.0290255,0.3292079782113433,0
7715,177.04257554200012,0.33312500454485416,0
7716,177.05795679200673,0.3282079705968499,0
7717,177.0733481249772,0.5717499880120158,0
7718,177.08898158295779,0.4058339982293546,0
7719,177.10096720798174,0.46433397801592946,0
7720,177.11648629198316,0.4163749981671572,0
7721,177.12998904200504,0.35145797301083803,0
7722,177.14539324998623,0.4022080102004111,0
7723,177.1608577919542,0.37529104156419635,0
7724,177.1745273330016,0.3790839691646397,0
7725,177.18995212495793,0.4070830182172358,0
7726,177.2054024579702,0.42329198913648725,0
7727,177.2170764579787,0.3705840208567679,0
7728,177.23249166697497,0.38079102523624897,0
7729,177.24601674999576,0.4800419555976987,0
7730,177.26105879200622,0.41149999015033245,0
7731,177.27453387499554,0.3881249576807022,0
7732,177.28546883299714,0.3480419982224703,0
7733,177.29803574999096,0.28724997537210584,0
7734,177.31277495797258,0.3487500362098217,0
7735,177.32736570795532,0.3492090036161244,0
7736,177.3411879169871,0.33370801247656345,0
7737,177.3536332079675,0.3411250072531402,0
7738,177.36901054199552,0.30241598142310977,0
7739,177.37947516696295,0.3678750363178551,0
7740,177.3911734999856,0.32991700572893023,0
7741,177.40280924999388,0.27795799542218447,0
7742,177.41633958299644,0.33437495585530996,0
7743,177.43173095799284,0.33358397195115685,0
7744,177.44340612500673,0.3642499796114862,0
7745,177.45880954200402,0.28670800384134054,0
7746,177.47413183300523,0.32220897264778614,0
7747,177.48949520796305,0.3440420259721577,0
7748,177.50227258296218,0.33762503881007433,0
7749,177.51308862498263,0.3261669771745801,0
7750,177.5245917919674,0.3510829992592335,0
7751,177.53911237500142,,1
7752,177.65241912496276,0.38470799336209893,0
7753,177.66403862496372,0.31150004360824823,0
7754,177.67454816697864,0.40924997301772237,0
7755,177.69001329195453,0.40391599759459496,0
7756,177.70338974997867,0.3895420231856406,0
7757,177.71598637499847,0.4089169669896364,0
7758,177.7274715419626,0.5238750018179417,0
7759,177.73815216700314,0.47220796113833785,0
7760,177.75198412500322,0.3903749748133123,0
7761,177.76368358300533,0.4116669879294932,0
7762,177.77451895800186,0.34499994944781065,0
7763,177.78660762496293,0.3588750259950757,0
7764,177.79723299999023,0.36349997390061617,0
7765,177.81193729199003,0.3530409885570407,0
7766,177.8266117919702,0.3742080298252404,0
7767,177.84202629199717,0.2661659964360297,0
7768,177.85266008297913,0.19749999046325684,0
7769,177.8678927499568,0.19458302995190024,0
7770,177.88310674997047,0.147333019413054,0
7771,177.89827479195083,0.1486660330556333,0
7772,177.91345170798013,0.26524998247623444,0
7773,177.92593087500427,0.17708295490592718,0
7774,177.93936441699043,0.1480409991927445,0
7775,177.9545434169704,0.21412502974271774,0
7776,177.9648630419979,0.19200000679120421,0
7777,177.97754399996484,0.20183302694931626,0
7778,177.9887849999941,0.18204195657745004,0
7779,178.00401704199612,0.20549999317154288,0
7780,178.01772245799657,0.1883339718915522,0
7781,178.0319274579524,0.196542008779943,0
7782,178.04567804199178,0.1794580020941794,0
7783,178.0608909999719,0.17933303024619818,0
7784,178.07425062498078,0.19445799989625812,0
7785,178.0878028330044,0.17745897639542818,0
7786,178.1030135419569,0.18520804587751627,0
7787,178.11675766698318,0.19245798466727138,0
7788,178.12842562497826,0.17329200636595488,0
7789,178.14122129196767,0.17929100431501865,0
7790,178.1534137079725,0.2633749973028898,0
7791,178.16872458299622,0.3035839763469994,0
7792,178.1840818329947,0.37291698390617967,0
7793,178.19950516696554,0.30170800164341927,0
7794,178.21485116699478,0.30341598903760314,0
7795,178.23020529199857,0.29574998188763857,0
7796,178.24358104198473,0.3363749710842967,0
7797,178.25407666695537,0.30466599855571985,0
7798,178.26630566699896,0.2961659920401871,0
7799,178.28164645796642,0.28775003738701344,0
7800,178.29509783297544,0.31566701363772154,0
7801,178.3104663749691,0.26291701942682266,0
7802,178.32577370799845,0.26012497255578637,0
7803,178.33741304196883,0.29995798831805587,0
7804,178.34864820796065,0.2903339918702841,0
7805,178.3607515830081,0.27016695821657777,0
7806,178.37337787495926,0.33654202707111835,0
7807,178.38875804195413,0.2895829966291785,0
7808,178.40409475000342,0.32354198629036546,0
7809,178.41946099995403,0.2550000208429992,0
7810,178.43476445798296,0.26649999199435115,0
7811,178.4500746249687,0.3099170280620456,0
7812,178.4629539999878,0.3477499703876674,0
7813,178.47674837498926,0.2995000104419887,0
7814,178.48880254197866,0.3155000158585608,0
7815,178.5041590000037,0.29520795214921236,0
7816,178.5147366669844,0.2709580003283918,0
7817,178.52668141695904,0.32904103863984346,0
7818,178.54204887495143,0.28954201843589544,0
7819,178.55737424996914,0.2893329947255552,0
7820,178.57270124997012,0.29329198878258467,0
7821,178.58751899999334,0.30095799593254924,0
7822,178.59905858297134,0.3218339988961816,0
7823,178.61442437500227,0.2746249665506184,0
7824,178.62973904196406,0.2970410278066993,0
7825,178.64359062496806,0.2717080060392618,0
7826,178.65763799997512,0.33145799534395337,0
7827,178.67223450000165,0.32258295686915517,0
7828,178.68760629196186,0.5431250319816172,0
7829,178.70319262496196,0.3114580176770687,0
7830,178.7176099579665,0.3504169872030616,0
7831,178.73301845800597,0.36341696977615356,0
7832,178.74701062496752,0.1930830185301602,0
7833,178.7612197919516,0.22141600493341684,0
7834,178.77651387499645,0.19162497483193874,0
7835,178.7888511249912,0.20399998174980283,0
7836,178.8015019169543,0.2342910156585276,0
7837,178.8167797079659,0.1943749957717955,0
7838,178.8311108329799,0.1923340023495257,0
7839,178.84235254197847,0.18350000027567148,0
7840,178.85663233295782,0.19641703693196177,0
7841,178.8716739579686,0.19070901907980442,0
7842,178.8868976669619,0.18820801051333547,0
7843,178.90211899997666,0.22212497424334288,0
7844,178.91738295799587,0.2209589583799243,0
7845,178.92940541700227,0.2049999893642962,0
7846,178.9435872079921,0.21820899564772844,0
7847,178.95401683298405,0.19637501100078225,0
7848,178.9671760419733,0.2032080083154142,0
7849,178.9824127079919,0.20395900355651975,0
7850,178.99766950000776,0.21595798898488283,0
7851,179.01292249996914,0.2185420016758144,0
7852,179.02818304195534,0.2506250166334212,0
7853,179.0398437079857,0.21304201800376177,0
7854,179.0551015419769,0.23108301684260368,0
7855,179.07036708295345,0.21541700698435307,0
7856,179.0856475419714,0.21716603077948093,0
7857,179.09781474998454,0.20599999697878957,0
7858,179.109495666984,0.19783299649134278,0
7859,179.1198356669629,0.2349159913137555,0
7860,179.1301367499982,0.4059170023538172,0
7861,179.14558341697557,0.2886250149458647,0
7862,179.16091645800043,0.2655839780345559,0
7863,179.17452058300842,0.26174995582550764,0
7864,179.18606841698056,0.25345798349007964,0
7865,179.20006345800357,0.27658400358632207,0
7866,179.21538000000874,0.28087495593354106,0
7867,179.2265078749624,0.275125028565526,0
7868,179.2411337919766,0.33316598273813725,0
7869,179.2565099579515,0.3005000180564821,0
7870,179.26993491698522,0.2930409973487258,0
7871,179.28527345799375,0.3239999641664326,0
7872,179.30064133298583,0.27283397503197193,0
7873,179.31265966698993,0.29279099544510245,0
7874,179.3259012500057,0.2752500004135072,0
7875,179.3412188749644,0.2934579970315099,0
7876,179.3532952920068,0.29629096388816833,0
7877,179.36863716697553,0.28670800384134054,0
7878,179.38395970797865,0.29275001725181937,0
7879,179.39932324999245,0.27358299121260643,0
7880,179.4113376250025,0.29687496135011315,0
7881,179.42297245800728,0.2746249665506184,0
7882,179.43437749997247,0.29604200972244143,0
7883,179.44971970800543,0.3143339999951422,0
7884,179.46507770795142,0.31825003679841757,0
7885,179.4804394999519,0.32483303220942616,0
7886,179.49246970796958,0.2957090036943555,0
7887,179.50418979197275,0.26112498017027974,0
7888,179.51587712496985,0.3760420368053019,0
7889,179.53130433295155,0.31279202084988356,0
7890,179.54257137497189,0.3070830134674907,0
7891,179.55791762500303,0.28212496545165777,0
7892,179.56838008295745,0.3071670071221888,0
7893,179.58373733295593,0.2957500400952995,0
7894,179.5990710830083,0.2875839709304273,0
7895,179.6144000829663,0.33175002317875624,0
7896,179.62610658298945,0.28787500923499465,0
7897,179.6414359579794,0.2754590241238475,0
7898,179.65516449999996,0.2698329626582563,0
7899,179.67047549999552,0.31574995955452323,0
7900,179.68582779198186,,1
7901,179.80301383300684,,1
7902,179.9160219579935,0.4533340106718242,0
7903,179.93152837496018,0.34554203739389777,0
7904,179.94357283296995,0.3255420015193522,0
7905,179.95893662498565,0.3315829671919346,0
7906,179.97431512497133,0.350042013451457,0
7907,179.98709008295555,,1
7908,180.10230849997606,,1
7909,180.2195860419888,,1
7910,180.33681454195175,0.38170802872627974,0
7911,180.35225533298217,0.30845898436382413,0
7912,180.36337499995716,0.2548330230638385,0
7913,180.37672837497666,0.25874999118968844,0
7914,180.3920359169715,0.2390409936197102,0
7915,180.40732504200423,0.22270798217505217,0
7916,180.4225903750048,0.24708296405151486,0
7917,180.43790912500117,0.22729195188730955,0
7918,180.4531747919973,0.22229098249226809,0
7919,180.46778204198927,0.22395799169316888,0
7920,180.48165091697592,0.3125829971395433,0
7921,180.49700712499907,0.46849995851516724,0
7922,180.51253216696205,0.3157909959554672,0
7923,180.5258365829941,0.27108396170660853,0
7924,180.54115404200274,0.2819159999489784,0
7925,180.55310724995798,0.2805000403895974,0
7926,180.56612224999117,0.3025829792022705,0
7927,180.5814709579572,0.3042500466108322,0
7928,180.59558791696327,0.2710830303840339,0
7929,180.61089891695883,0.2560830325819552,0
7930,180.62619066698244,0.2777079935185611,0
7931,180.64171920798253,0.45479199616238475,0
7932,180.65723254199838,0.42887497693300247,0
7933,180.67193924996536,0.3973750281147659,0
7934,180.6828928749892,0.3499169833958149,0
7935,180.6943570000003,0.2235829597339034,0
7936,180.70962970796973,0.28966699028387666,0
7937,180.72497024998302,0.41745800990611315,0
7938,180.73846708296333,0.38712500827386975,0
7939,180.75225966697326,0.32429100247099996,0
7940,180.76667954196455,0.290708034299314,0
7941,180.78201562497998,0.311999989207834,0
7942,180.79738441697555,0.28899998869746923,0
7943,180.8127092079958,0.25683396961539984,0
7944,180.8276190829929,0.48558396520093083,0
7945,180.84131524997065,,1
7946,180.9585509999888,,1
7947,181.07501891697757,,1
7948,181.1922657499672,,1
7949,181.30950420798035,,1
7950,181.4257336249575,0.44462503865361214,0
7951,181.44123474997468,0.3528330125845969,0
7952,181.45422712498112,0.34683302510529757,0
7953,181.46961620799266,0.3551669651642442,0
7954,181.48374429199612,0.4284579772502184,0
7955,181.49921795795672,0.39191701216623187,0
7956,181.51278308295878,0.3683750401251018,0
7957,181.52472395799123,0.3803750150837004,0
7958,181.54014683299465,0.3191249561496079,0
7959,181.55414954200387,0.40433299727737904,0
7960,181.5696087499964,0.37354195956140757,0
7961,181.58127849997254,0.36633299896493554,0
7962,181.5966849999968,0.3361669951118529,0
7963,181.61206129199127,0.33558299764990807,0
7964,181.62451908300864,0.386916974093765,0
7965,181.63997087499592,0.3392079961486161,0
7966,181.65535554196686,0.32133300555869937,0
7967,181.66577274998417,0.5367079866118729,0
7968,181.6784957079799,,1
7969,181.79399299999932,,1
7970,181.9112453329726,0.288833980448544,0
7971,181.92491070798133,0.21995900897309184,0
7972,181.94017445796635,0.19279203843325377,0
7973,181.95393099996727,0.20741700427606702,0
7974,181.96725433296524,0.2947920002043247,0
7975,181.98259270796552,0.23141701240092516,0
7976,181.99423837498762,0.23354199947789311,0
7977,182.00952079199487,,1
7978,182.12666620797245,,1
7979,182.2436518750037,0.4131249734200537,0
7980,182.25563949998468,0.32287498470395803,0
7981,182.2710108750034,0.31512498389929533,0
7982,182.28638058295473,0.3119590110145509,0
7983,182.29979387496132,0.288125011138618,0
7984,182.3136269999668,0.28320803539827466,0
7985,182.32895533298142,0.2398340147919953,0
7986,182.34356733295135,0.2508750185370445,0
7987,182.35434533300577,0.3006249899044633,0
7988,182.36967904196354,0.24225004017353058,0
7989,182.38346583297243,0.2607920323498547,0
7990,182.39879775000736,0.25220797397196293,0
7991,182.41155858297134,0.30620902543887496,0
7992,182.42352158296853,0.2775000175461173,0
7993,182.43573608295992,0.2797089982777834,0
7994,182.45105495798634,0.27641700580716133,0
7995,182.46380466700066,0.2811659942381084,0
7996,182.47452200000407,,1
7997,182.59176745795412,,1
7998,182.70887708297232,,1
7999,182.82214312499855,,1
8000,182.9394952079747,,1
8001,183.0568352919654,,1
8002,183.17411199997878,,1
8003,183.28653587499866,,1
8004,183.40202149999095,,1
8005,183.51893391698832,,1
8006,183.63160629197955,,1
8007,183.74727158300811,,1
8008,183.86452804197324,0.45854103518649936,0
8009,183.88005812495248,0.41508302092552185,0
8010,183.8913875829894,0.36979198921471834,0
8011,183.90615212498233,0.5719999899156392,0
8012,183.9217835419695,0.4509580321609974,0
8013,183.9377822499955,0.3969999961555004,0
8014,183.95292083296226,0.4295420367270708,0
8015,183.96840312500717,0.3464999608695507,0
8016,183.98379733297043,0.3951250109821558,0
8017,183.9973331670044,0.3555829753167927,0
8018,184.0127296669525,0.34845800837501884,0
8019,184.02629616699414,0.35149999894201756,0
8020,184.04172479198314,0.31308300094679,0
8021,184.05523499997798,0.3575420123524964,0
8022,184.06649066699902,0.3825000021606684,0
8023,184.08191308297683,0.33299997448921204,0
8024,184.0982705419883,0.33266597893089056,0
8025,184.10962695797207,0.3481670282781124,0
8026,184.12320279196138,0.4315410042181611,0
8027,184.13868562498828,0.31400000443682075,0
8028,184.1540426669526,,1
8029,184.27050437498838,0.25174999609589577,0
8030,184.28579841699684,0.2842909889295697,0
8031,184.30111933295848,0.2012090408243239,0
8032,184.31634062499506,0.14591700164601207,0
8033,184.3315091249533,0.14404201647266746,0
8034,184.34669400000712,0.24283298989757895,0
8035,184.36069224996027,0.1443750225007534,0
8036,184.3745412499993,0.20349997794255614,0
8037,184.3858493329608,0.22120901849120855,0
8038,184.39775579195702,0.22720801644027233,0
8039,184.40940808295272,0.17212500097230077,0
8040,184.42104537499836,0.18679199274629354,0
8041,184.43434429197805,0.17370801651850343,0
8042,184.4495519999764,0.1793749979697168,0
8043,184.4647644579527,0.17675000708550215,0
8044,184.47997579199728,0.175916007719934,0
8045,184.49519045796478,0.18983404152095318,0
8046,184.50812733295606,0.20175002282485366,0
8047,184.52336125000147,0.1807079534046352,0
8048,184.53374495799653,0.19774999236688018,0
8049,184.54876799997874,0.19995798356831074,0
8050,184.5617319169687,0.14679098967462778,0
8051,184.5724419580074,0.21362496772781014,0
8052,184.58656679198612,0.22429099772125483,0
8053,184.60082970798248,0.21487497724592686,0
8054,184.61190333298873,0.22320897551253438,0
8055,184.62716729199747,0.19041600171476603,0
8056,184.6415824999567,0.20300003234297037,0
8057,184.65665333298966,0.20516698714345694,0
8058,184.67189679195872,0.186040997505188,0
8059,184.68712154199602,0.23695797426626086,0
8060,184.69962620799197,0.4367919755168259,0
8061,184.71177349996287,0.4165830323472619,0
8062,184.7224615419982,0.3500409657135606,0
8063,184.7336801670026,0.39012497290968895,0
8064,184.74464133300353,0.24787499569356441,0
8065,184.75994174997322,0.2442499971948564,0
8066,184.7752303329762,0.167959020473063,0
8067,184.78660979197593,0.15966600039973855,0
8068,184.8018023329787,0.16720901476219296,0
8069,184.8139183750027,0.19324995810166,0
8070,184.82915566698648,0.18591596744954586,0
8071,184.84225799998967,0.1819579629227519,0
8072,184.85476429195842,0.1645830343477428,0
8073,184.86996441695374,0.17162499716505408,0
8074,184.8851934169652,0.17391599249094725,0
8075,184.89701108296867,0.16633403720334172,0
8076,184.9122370419791,0.17983297584578395,0
8077,184.92611441697227,0.17262500477954745,0
8078,184.93772487499518,0.18016697140410542,0
8079,184.95067037496483,0.1705830218270421,0
8080,184.96103549998952,0.2894579665735364,0
8081,184.97581483295653,0.2430000458844006,0
8082,184.99109541700454,0.21216599270701408,0
8083,185.00635958299972,0.19112497102469206,0
8084,185.02159187500365,0.19462499767541885,0
8085,185.03640529199038,0.2175829722546041,0
8086,185.05070374999195,0.19916699966415763,0
8087,185.06594695796957,0.2791670267470181,0
8088,185.08127570798388,0.23274996783584356,0
8089,185.09225366695318,0.21679099882021546,0
8090,185.10603041696595,0.19391602836549282,0
8091,185.1176549999509,0.19262504065409303,0
8092,185.13077104196418,0.21791603649035096,0
8093,185.14603204198647,0.24087500059977174,0
8094,185.15831566695124,0.20100001711398363,0
8095,185.17004316695966,,1
8096,185.28721637499984,,1
8097,185.40085458295653,0.5391250015236437,0
8098,185.41148529195925,0.3796250093728304,0
8099,185.42605441698106,0.3862499725073576,0
8100,185.43777345796116,0.28012500843033195,0
8101,185.45123208296718,0.3267499851062894,0
8102,185.4660140000051,0.28437498258426785,0
8103,185.48135287495097,0.22466701921075583,0
8104,185.49429841700476,1.1631659581325948,0
8105,185.5105421670014,0.3448329516686499,0
8106,185.52595524996286,1.4200000441633165,0
8107,185.53942616697168,0.33775001065805554,0
8108,185.55068483296782,0.2108750049956143,0
8109,185.5659520829795,0.213916995562613,0
8110,185.57939629198518,0.1867079990915954,0
8111,185.5921451249742,0.2655829885043204,0
8112,185.60524849995272,0.3173750010319054,0
8113,185.6206209579832,0.22283400176092982,0
8114,185.6342892079847,0.181709008757025,0
8115,185.64589275000617,0.09175000013783574,0
8116,185.6602834999794,0.22724998416379094,0
8117,185.671176792006,1.0624159476719797,0
8118,185.6873350829701,0.3330840263515711,0
8119,185.69808208296308,0.26525004068389535,0
8120,185.71047308295965,0.29304204508662224,0
8121,185.7212254999904,0.30683301156386733,0
8122,185.73313595796935,0.3463340108282864,0
8123,185.7467994169565,0.20937505178153515,0
8124,185.76026920799632,0.19158399663865566,0
8125,185.77452379197348,,1
8126,185.89167183300015,0.4141249810345471,0
8127,185.90258441696642,0.3718330408446491,0
8128,185.9130102499621,0.3785000299103558,0
8129,185.92703920800705,0.35162497078999877,0
8130,185.9401943749981,0.39166701026260853,0
8131,185.95562204200542,0.38016599137336016,0
8132,185.97104116698029,0.315624987706542,0
8133,185.98639916698448,0.3360409755259752,0
8134,186.00012979196617,0.3530000103637576,0
8135,186.0114316669642,0.2627079957164824,0
8136,186.02315512497444,0.20091701298952103,0
8137,186.03839637496276,0.22325001191347837,0
8138,186.05365087499376,0.18287496641278267,0
8139,186.06738933298038,0.23437500931322575,0
8140,186.08106262498768,0.2275420119985938,0
8141,186.09137054195162,0.20050001330673695,0
8142,186.10168229200644,0.22124999668449163,0
8143,186.11442816699855,0.23879099171608686,0
8144,186.1287809999776,0.2115829847753048,0
8145,186.14090441697044,0.2062080311588943,0
8146,186.15171429200564,0.2259159809909761,0
8147,186.16646966699045,0.21279096836224198,0
8148,186.18173479195684,0.25575002655386925,0
8149,186.19702945795143,0.21783402189612389,0
8150,186.21228229196277,0.28008304070681334,0
8151,186.2264017079724,0.3194590099155903,0
8152,186.23829283297528,0.28408400248736143,0
8153,186.2536206250079,0.27904199669137597,0
8154,186.2670310829999,0.29749999521300197,0
8155,186.2823822919745,0.272165983915329,0
8156,186.29768862499623,0.31400000443682075,0
8157,186.31304254196584,0.28550002025440335,0
8158,186.32837720797397,0.26933400658890605,0
8159,186.3424793749582,0.2755420282483101,0
8160,186.35698958300054,0.2679589670151472,0
8161,186.37155716697453,0.49995799781754613,0
8162,186.3870972499717,0.4017500323243439,0
8163,186.40040645800764,0.388749991543591,0
8164,186.4127754169749,0.3074160194955766,0
8165,186.42338354198728,0.2138749696314335,0
8166,186.4386429580045,0.22358394926413894,0
8167,186.45389124995563,0.15420804265886545,0
8168,186.46906970796408,0.1597920199856162,0
8169,186.4842656669789,0.21962501341477036,0
8170,186.49953262496274,0.13079203199595213,0
8171,186.5099182499689,0.18283299868926406,0
8172,186.52086445799796,0.17545896116644144,0
8173,186.536089250003,0.1664579613134265,0
8174,186.55129649996525,0.12995803263038397,0
8175,186.56645754200872,0.18333294428884983,0
8176,186.5816748329671,0.17479201778769493,0
8177,186.59214024996618,0.18937501590698957,0
8178,186.60679299995536,0.17745804507285357,0
8179,186.62201166700106,0.22145797265693545,0
8180,186.63441116700415,0.2599159488454461,0
8181,186.64974799996708,0.2435420174151659,0
8182,186.6618709579925,0.23487501312047243,0
8183,186.67662904196186,0.2477500238455832,0
8184,186.6877950829803,0.27720897924154997,0
8185,186.69963874999667,0.2660419559106231,0
8186,186.71494449995225,0.24408299941569567,0
8187,186.73023024998838,0.2300830092281103,0
8188,186.74304237496108,0.25287503376603127,0
8189,186.75338779197773,0.24054100504145026,0
8190,186.76656416698825,0.3190829884260893,0
8191,186.78192774998024,0.2288329997099936,0
8192,186.7953158330056,0.21312496392056346,0
8193,186.80690562498057,0.23975002113729715,0
8194,186.8221812499687,0.2180000301450491,0
8195,186.8364339999971,0.24020799901336432,0
8196,186.85174504196038,0.2210410311818123,0
8197,186.86703112500254,0.2922499552369118,0
8198,186.88230870797997,0.43054198613390326,0
8199,186.89779041695874,0.36925001768395305,0
8200,186.9119458749774,0.3920000162906945,0
8201,186.92738387500867,0.31070795375853777,0
8202,186.94274816696998,0.28204103000462055,0
8203,186.9582271669642,0.41279103606939316,0
8204,186.96962312498363,0.317416968755424,0
8205,186.98166904196842,0.354750023689121,0
8206,186.99706945795333,0.30020903795957565,0
8207,187.01240854198113,0.2792910090647638,0
8208,187.0274844999658,0.2952500362880528,0
8209,187.04282454197528,0.2828330034390092,0
8210,187.05618749995483,0.2774170134216547,0
8211,187.07150366698625,0.3001660224981606,0
8212,187.08686579199275,0.36333297612145543,0
8213,187.10232399997767,0.26816700119525194,0
8214,187.1153214579681,0.320709019433707,0
8215,187.12579041696154,0.2921250415965915,0
8216,187.14112070796546,0.26095903012901545,0
8217,187.15641887497623,0.27841702103614807,0
8218,187.1717359579634,0.2702919882722199,0
8219,187.18421449995367,0.25995803298428655,0
8220,187.1959263329627,0.29020902002230287,0
8221,187.21125654195203,0.26954105123877525,0
8222,187.2265651669586,0.2809580182656646,0
8223,187.2418900000048,0.2907079760916531,0
8224,187.2539512499934,0.28849998489022255,0
8225,187.26928112498717,0.2791669685393572,0
8226,187.28459533298155,0.3072500112466514,0
8227,187.2999493329553,0.31333405058830976,0
8228,187.31540666695219,0.4809160018339753,0
8229,187.33094716700725,0.3490409580990672,0
8230,187.3463701249566,0.2942080027423799,0
8231,187.35973879200174,0.17204094910994172,0
8232,187.37210674997186,0.1721670269034803,0
8233,187.38731820799876,0.16708398470655084,0
8234,187.39771079196362,0.16133300960063934,0
8235,187.41291124996496,0.16270799096673727,0
8236,187.42810608295258,0.07462501525878906,0
8237,187.44024579197867,0.11045800056308508,0
8238,187.45219933299813,0.16212498303502798,0
8239,187.46724749996793,0.16537500778213143,0
8240,187.4806266669766,0.19283301662653685,0
8241,187.49471495795297,0.18191704293712974,0
8242,187.5099051669822,0.1847500097937882,0
8243,187.52512983296765,0.16175000928342342,0
8244,187.54033008299302,0.18491700757294893,0
8245,187.55555049999384,0.1711249933578074,0
8246,187.57075033296132,0.17150002531707287,0
8247,187.58595379197504,0.1711660297587514,0
8248,187.59674191696104,0.1674999948590994,0
8249,187.6077135420055,0.16616599168628454,0
8250,187.618157082994,0.169374980032444,0
8251,187.63320654199924,0.1718329731374979,0
8252,187.64841120800702,0.17279194435104728,0
8253,187.66361666697776,0.1640410046093166,0
8254,187.67795029195258,0.18937501590698957,0
8255,187.69320066698128,0.19362499006092548,0
8256,187.70843958295882,0.22120901849120855,0
8257,187.7237300829729,0.17791701247915626,0
8258,187.7375653749914,0.2087079919874668,0
8259,187.75284054200165,0.19608298316597939,0
8260,187.76808883296326,0.21525000920519233,0
8261,187.78333649999695,0.19754195818677545,0
8262,187.79398962500272,0.22145797265693545,0
8263,187.80925766698783,0.20495796343311667,0
8264,187.824491791951,0.18850003834813833,0
8265,187.83973866695305,0.19500002963468432,0
8266,187.8518181249965,0.196542008779943,0
8267,187.8655762919807,0.22245798027142882,0
8268,187.88083445798839,0.2399589866399765,0
8269,187.89611425000476,0.23808295372873545,0
8270,187.91139004199067,0.22270798217505217,0
8271,187.92357708298368,0.3012500237673521,0
8272,187.93892741698073,0.29795797308906913,0
8273,187.95066337496974,0.33787498250603676,0
8274,187.96539766696515,0.46095799189060926,0
8275,187.98090999998385,0.35375001607462764,0
8276,187.9963207920082,0.331540999468416,0
8277,188.00853620795533,0.5157090490683913,0
8278,188.02291499997955,0.3720829845406115,0
8279,188.03758054197533,0.2868750016205013,0
8280,188.05200629198225,0.318541016895324,0
8281,188.06736066698795,0.28724997537210584,0
8282,188.07819837500574,0.29862497467547655,0
8283,188.09224787499988,0.3072499530389905,0
8284,188.10759749996942,0.34974998561665416,0
8285,188.12299195799278,0.305458961520344,0
8286,188.1383386249654,0.43504202039912343,0
8287,188.15381229197374,0.3073749830946326,0
8288,188.16520687495358,0.29633304802700877,0
8289,188.18054274999304,0.30449999030679464,0
8290,188.19588629197096,0.43100002221763134,0
8291,188.21136541699525,0.41920796502381563,0
8292,188.2233137919684,0.3409580094739795,0
8293,188.23795533296652,0.3552089910954237,0
8294,188.25273633300094,0.3272919566370547,0
8295,188.2681041249889,0.3269580192863941,0
8296,188.2834712920012,0.3226249828003347,0
8297,188.2988412079867,0.4038339830003679,0
8298,188.31124204199295,0.3433749661780894,0
8299,188.32662733300822,0.35195896634832025,0
8300,188.3420276249526,0.35616703098639846,0
8301,188.3565812499728,0.37583301309496164,0
8302,188.37199616699945,0.33958296990022063,0
8303,188.3855015829904,0.32954197376966476,0
8304,188.39737399999285,0.2859999658539891,0
8305,188.40908145799767,0.2647920046001673,0
8306,188.42068333295174,0.2713340218178928,0
8307,188.43599012499908,0.2632919931784272,0
8308,188.44793500000378,0.31049997778609395,0
8309,188.46086433297023,0.3242089878767729,0
8310,188.4762442499632,0.31754199881106615,0
8311,188.49040258297464,0.3387919859960675,0
8312,188.50578887498705,0.3292500041425228,0
8313,188.51954991696402,0.31108304392546415,0
8314,188.533934499952,0.338125042617321,0
8315,188.54839154199,0.2086249878630042,0
8316,188.56089220795548,0.18833403009921312,0
8317,188.57612287497614,0.17095799557864666,0
8318,188.59132466698065,0.16437500016763806,0
8319,188.60651241696905,0.13475003652274609,0
8320,188.6216674579773,0.14633400132879615,0
8321,188.63685566699132,0.20708300871774554,0
8322,188.65211004199227,0.16970798606052995,0
8323,188.6673077919986,0.14258298324421048,0
8324,188.68168670800515,0.21579198073595762,0
8325,188.69696749997092,0.5937499809078872,0
8326,188.7085495420033,0.6679579964838922,0
8327,188.72311437496683,0.5490420153364539,0
8328,188.73514533299021,0.6299169617705047,0
8329,188.7511059579556,1.2295840424485505,0
8330,188.76395562500693,0.580207968596369,0
8331,188.7792579579982,0.421667005866766,0
8332,188.79235745797632,0.33662503119558096,0
8333,188.8052267919993,0.3526659565977752,0
8334,188.81578941695625,0.272250035777688,0
8335,188.82672849996015,0.27075002435594797,0
8336,188.83768354199128,0.3038329887203872,0
8337,188.85306599998148,0.3054579719901085,0
8338,188.86814016697463,0.40866603376343846,0
8339,188.8836323749856,0.383333011996001,0
8340,188.89654624997638,0.25583303067833185,0
8341,188.90849558298942,0.26454200269654393,0
8342,188.92066879197955,0.35029102582484484,0
8343,188.9338162500062,0.34974998561665416,0
8344,188.94913329195697,0.39250002009794116,0
8345,188.96441579196835,0.2894580247811973,0
8346,188.97975999995833,0.25379203725606203,0
8347,188.9950731669669,0.36641600308939815,0
8348,189.0105046670069,0.3079999587498605,0
8349,189.02121383295162,0.4490840365178883,0
8350,189.03672429197468,0.32729102531448007,0
8351,189.04977412498556,0.19895797595381737,0
8352,189.06502733298112,0.18262502271682024,0
8353,189.08024829195347,0.21937501151114702,0
8354,189.09550366696203,0.18708303105086088,0
8355,189.11073279200355,0.1790410024113953,0
8356,189.12130720796995,0.18691702280193567,0
8357,189.1347114579985,0.11629197979345918,0
8358,189.149855458003,0.18266699044033885,0
8359,189.16264416696504,0.24566601496189833,0
8360,189.17794208298437,0.49054197734221816,0
8361,189.1927209579735,0.44487498234957457,0
8362,189.20821937499568,0.37183298263698816,0
8363,189.2197519170004,0.391624984331429,0
8364,189.23164666700177,0.3471249947324395,0
8365,189.24703979195328,0.3142080386169255,0
8366,189.2622277920018,0.2883749548345804,0
8367,189.2741780419601,0.30095799593254924,0
8368,189.2856643749983,0.2684170030988753,0
8369,189.30097095796373,0.31879200832918286,0
8370,189.3163389999536,0.2855420461855829,0
8371,189.32689783297246,0.38408400723710656,0
8372,189.3423312919913,0.3692079917527735,0
8373,189.35774049995234,0.2804170362651348,0
8374,189.37305674998788,0.28012500843033195,0
8375,189.38839091698173,0.315624987706542,0
8376,189.40378712496022,,1
8377,189.52098824997665,,1
8378,189.6382299999823,,1
8379,189.75349983299384,,1
8380,189.87074895796832,,1
8381,189.98663974995725,,1
8382,190.100861416955,,1
8383,190.21435749996454,,1
8384,190.33051158295712,,1
8385,190.44663566700183,,1
8386,190.55990941700293,0.4123749677091837,0
8387,190.57452008296968,0.3304170095361769,0
8388,190.58989474998089,0.4128749715164304,0
8389,190.6028933749767,0.2988749765790999,0
8390,190.613494833,0.284458976238966,0
8391,190.62492258299608,0.2680000034160912,0
8392,190.63601412496064,0.4213330103084445,0
8393,190.65001283300808,0.3049169899895787,0
8394,190.66536408296088,0.25816704146564007,0
8395,190.6790822079638,0.22149999858811498,0
8396,190.69434329197975,0.21483300952240825,0
8397,190.70959233300528,0.2114999806508422,0
8398,190.72483437496703,0.15720800729468465,0
8399,190.74001229199348,,1
8400,190.85718408296816,,1
8401,190.97445120796328,,1
8402,191.09055866696872,,1
8403,191.20702674996573,,1
8404,191.32317866699304,,1
8405,191.44043558300473,,1
8406,191.55763016699348,,1
8407,191.67485675000353,,1
8408,191.79211416700855,,1
8409,191.90931895800168,,1
8410,192.02545970800566,,1
8411,192.14279449998867,,1
8412,192.26006000000052,,1
8413,192.3773120829719,,1
8414,192.4898771669832,,1
8415,192.6098864999949,,1
8416,192.7222687919857,0.5638329894281924,0
8417,192.73793616698822,0.30745798721909523,0
8418,192.75330254196888,0.26654102839529514,0
8419,192.76568520796718,0.2779170172289014,0
8420,192.77634870796464,0.3671669983305037,0
8421,192.79180712497327,0.24183298228308558,0
8422,192.80708749999758,0.25341700529679656,0
8423,192.82238820800558,0.25320897111669183,0
8424,192.8349140000064,0.18699996871873736,0
8425,192.8501349169528,,1
8426,192.9661920829676,,1
8427,193.08341349998955,0.363041996024549,0
8428,193.09721887495834,0.22404204355552793,0
8429,193.10962629196,0.2055829972960055,0
8430,193.12486799998442,0.17620797734707594,0
8431,193.13604195800144,0.19995897309854627,0
8432,193.15129895799328,0.1990419696085155,0
8433,193.16312137496425,0.18224999075755477,0
8434,193.17402337497333,0.18587498925626278,0
8435,193.1861500419909,0.1990000018849969,0
8436,193.19869724998716,0.19387499196454883,0
8437,193.21394241700182,0.42520795250311494,0
8438,193.22643979196437,0.39441604167222977,0
8439,193.23953429196263,0.3145410446450114,0
8440,193.2548929170007,0.28516596648842096,0
8441,193.26966416696087,0.31870801467448473,0
8442,193.28179283300415,0.3173339646309614,0
8443,193.29714429198066,0.34683302510529757,0
8444,193.31255116697866,0.5658749723806977,0
8445,193.3261820419575,0.5289580440148711,0
8446,193.3375989579945,0.5408749566413462,0
8447,193.35325916699367,0.5184579640626907,0
8448,193.36544529197272,0.542916008271277,0
8449,193.37753762496868,0.41333300760015845,0
8450,193.39301770797465,0.4556670319288969,0
8451,193.4060599170043,0.5250829854048789,0
8452,193.4174217079999,0.5693749990314245,0
8453,193.43305887497263,0.46779197873547673,0
8454,193.4478414169862,0.3882909659296274,0
8455,193.45958299998892,0.30524999601766467,0
8456,193.47492854198208,0.31366600887849927,0
8457,193.4873305420042,0.35345798823982477,0
8458,193.500642583007,0.4130419692955911,0
8459,193.5161077500088,0.3288329462520778,0
8460,193.531482624996,0.3726249560713768,0
8461,193.54360633296892,0.367750006262213,0
8462,193.55881516699446,0.3950829850509763,0
8463,193.56934833299601,0.3849169588647783,0
8464,193.58477999997558,0.3542079939506948,0
8465,193.59868279198417,0.4197079688310623,0
8466,193.61414641700685,0.3614159650169313,0
8467,193.62776479200693,0.31170796137303114,0
8468,193.63938358298037,0.32404199009761214,0
8469,193.65179233299568,0.3986249794252217,0
8470,193.66723558300873,0.3547499654814601,0
8471,193.68263424996985,0.295375008136034,0
8472,193.6954187079682,0.39237499004229903,0
8473,193.70866608299548,0.3464589826762676,0
8474,193.7192532499903,0.3692079917527735,0
8475,193.7317524579703,0.566834001801908,0
8476,193.74519591697026,0.4605409922078252,0
8477,193.7607165419613,0.43641601223498583,0
8478,193.77124766696943,0.3969999961555004,0
8479,193.78669154195813,0.34950004192069173,0
8480,193.80207720800536,0.3569169784896076,0
8481,193.81352533295285,0.35120901884511113,0
8482,193.82892054197146,0.3470000228844583,0
8483,193.84253466699738,0.35749998642131686,0
8484,193.85709258296993,0.4117499920539558,0
8485,193.87128099997062,0.38066698471084237,0
8486,193.88669691700488,0.34741597482934594,0
8487,193.89758008299395,0.37579197669401765,0
8488,193.90935395797715,0.434333982411772,0
8489,193.9237252919702,0.39379100780934095,0
8490,193.9391638749512,0.374667055439204,0
8491,193.95283341698814,0.4634580109268427,0
8492,193.9644578329753,0.42687501991167665,0
8493,193.9799316249555,0.36445801379159093,0
8494,193.99309629196068,0.35012501757591963,0
8495,194.0084913749597,0.3527920343913138,0
8496,194.02388354198774,0.3007500199601054,0
8497,194.03785891697044,0.36508298944681883,0
8498,194.05326241697185,0.33900002017617226,0
8499,194.06718949996866,0.3668330027721822,0
8500,194.082653749967,0.3708750009536743,0
8501,194.09806658298476,0.37558400072157383,0
8502,194.10936987499008,0.3625829704105854,0
8503,194.12477424996905,0.3462919848971069,0
8504,194.1385035829735,0.3177089965902269,0
8505,194.14888824999798,0.45829196460545063,0
8506,194.16439824999543,0.4011249984614551,0
8507,194.17922508297488,0.39408402517437935,0
8508,194.19466304196976,0.3559580072760582,0
8509,194.21006625000155,0.3748749732039869,0
8510,194.22548333299346,0.3501249593682587,0
8511,194.2372362499591,0.36729202838614583,0
8512,194.25264424999477,0.3803749568760395,0
8513,194.2664861669764,0.40249997982755303,0
8514,194.28193087497493,0.3465830232016742,0
8515,194.29532849998213,0.3554999711923301,0
8516,194.3059242919553,0.47279102727770805,0
8517,194.32041733298684,0.3509590169414878,0
8518,194.33583891700255,0.2978749689646065,0
8519,194.3511813749792,0.3005830221809447,0
8520,194.3645951669896,0.3216249751858413,0
8521,194.37996374996146,0.3054169937968254,0
8522,194.39465887495317,0.2726250095292926,0
8523,194.4091417499585,0.3150000120513141,0
8524,194.4230549169588,0.2841660170815885,0
8525,194.43838616699213,0.33254100708290935,0
8526,194.45375370798865,0.28912501875311136,0
8527,194.4672394169611,0.30512502416968346,0
8528,194.48147291695932,0.3173750010319054,0
8529,194.49683024996193,0.29083300614729524,0
8530,194.51216212497093,0.2929579932242632,0
8531,194.5274934580084,0.27129199588671327,0
8532,194.54280662495876,0.3132499987259507,0
8533,194.5536922919564,0.3256250056438148,0
8534,194.5662938329624,0.41545904241502285,0
8535,194.58175954199396,0.3910409868694842,0
8536,194.59719645796577,0.38108404260128736,0
8537,194.60885316698113,0.3554999711923301,0
8538,194.62425724999048,0.34004199551418424,0
8539,194.63963554200018,0.36045798333361745,0
8540,194.65504137496464,0.36029203329235315,0
8541,194.66685445798794,0.459291972219944,0
8542,194.68236395798158,0.3801250131800771,0
8543,194.6958902499755,0.4040420171804726,0
8544,194.71134120796341,0.3890840453095734,0
8545,194.7247951249592,,1
8546,194.83843283297028,0.48029201570898294,0
8547,194.8539560829522,0.38220902206376195,0
8548,194.86939308297588,0.3855840186588466,0
8549,194.884823417,0.4019159823656082,0
8550,194.90025804197649,0.3215409815311432,0
8551,194.91116320795845,0.35070901503786445,0
8552,194.92225145798875,0.36929198540747166,0
8553,194.93766100000357,0.39958296110853553,0
8554,194.95311379199848,0.40333298966288567,0
8555,194.9685110419523,0.20087504526600242,0
8556,194.97938283300027,0.17862499225884676,0
8557,194.9945945419604,0.1907499972730875,0
8558,195.0098101249896,0.16808300279080868,0
8559,195.02500066696666,0.16020803013816476,0
8560,195.04019741696538,0.3291660104878247,0
8561,195.05241483298596,0.25620899396017194,0
8562,195.06770041695563,0.24054100504145026,0
8563,195.07898133300478,0.39316696347668767,0
8564,195.09062458295375,0.45595900155603886,0
8565,195.10612766700797,0.34704094287008047,0
8566,195.1215192079544,0.3052090178243816,0
8567,195.13687337498413,0.281625019852072,0
8568,195.14808549999725,0.37645798875018954,0
8569,195.16109366697492,,1
8570,195.2782966250088,,1
8571,195.39128049998544,,1
8572,195.5085695000016,0.42274995939806104,0
8573,195.5240435419837,0.3725829883478582,0
8574,195.53759858297417,0.3332089981995523,0
8575,195.55298724997556,0.4047080292366445,0
8576,195.56592341698706,0.37883297773078084,0
8577,195.58135345799383,0.33604196505621076,0
8578,195.59417504200246,0.408291001804173,0
8579,195.60690833296394,0.4235840169712901,0
8580,195.6205026669777,0.3833749797195196,0
8581,195.63592645799508,0.3344999859109521,0
8582,195.6482386669959,0.3389159683138132,0
8583,195.66362083295826,0.2944589941762388,0
8584,195.67650304199196,0.3873750101774931,0
8585,195.69194708298892,0.4223340074531734,0
8586,195.70584591699298,0.40029099909588695,0
8587,195.72130379197188,0.352208036929369,0
8588,195.73670945799677,0.38816698361188173,0
8589,195.75037999998312,0.4344169865362346,0
8590,195.7613724579569,0.3693750477395952,0
8591,195.77597749995766,0.5581250297836959,0
8592,195.78719166695373,0.42633304838091135,0
8593,195.80271595797967,0.303666980471462,0
8594,195.8180906669586,0.2977080293931067,0
8595,195.8294899169705,0.24183298228308558,0
8596,195.8435751249781,0.23304199567064643,0
8597,195.8544189579552,0.2459170063957572,0
8598,195.86971183295827,0.33945904579013586,0
8599,195.8848463749746,0.286333030089736,0
8600,195.9000080829719,0.27366698486730456,0
8601,195.91534004197456,0.228749995585531,0
8602,195.92643125000177,0.1937499619089067,0
8603,195.94013079197612,0.23733300622552633,0
8604,195.95543679199181,0.2574580139480531,0
8605,195.96623474999797,0.2312079886905849,0
8606,195.98133779200725,0.19595795311033726,0
8607,195.99656720797066,0.20708399824798107,0
8608,196.0091738330084,0.27612497797235847,0
8609,196.02447891695192,0.19950000569224358,0
8610,196.03654966695467,2.920916012953967,0
8611,196.05318766698474,0.27541600866243243,0
8612,196.06552870798623,0.33912499202415347,0
8613,196.07738124998286,0.32049999572336674,0
8614,196.09224299999187,0.282666995190084,0
8615,196.10758845799137,0.2983339945785701,0
8616,196.11828491697088,0.21845800802111626,0
8617,196.1292719169869,0.19316596444696188,0
8618,196.14357833296526,0.17975002992898226,0
8619,196.15879354195204,0.18337502842769027,0
8620,196.172602000006,0.17899996601045132,0
8621,196.18781524995575,0.16333302482962608,0
8622,196.20204408298014,0.18083397299051285,0
8623,196.21537687495584,0.18383300630375743,0
8624,196.23059508297592,0.1763339969329536,0
8625,196.2435834169737,0.17208303324878216,0
8626,196.2558961249888,0.5512500065378845,0
8627,196.27143779199105,0.3674579784274101,0
8628,196.2866245000041,0.42141700396314263,0
8629,196.30208787496667,0.3629170241765678,0
8630,196.31585691700457,0.39979099528864026,0
8631,196.33130916696973,0.33029098995029926,0
8632,196.34358908300055,0.3341249539516866,0
8633,196.35457541700453,0.2732499851845205,0
8634,196.3678820829955,0.28849998489022255,0
8635,196.38321658299537,0.3108750097453594,0
8636,196.39856529195094,0.27012504870072007,0
8637,196.41388024995103,0.3551670233719051,0
8638,196.42928408295847,0.3332500346004963,0
8639,196.44276583299506,0.34595897886902094,0
8640,196.45554529200308,0.31529099214822054,0
8641,196.4709159579943,0.24466699687764049,0
8642,196.48619820800377,0.20304200006648898,0
8643,196.50124591699569,0.20554097136482596,0
8644,196.51649283297593,0.20241702441126108,0
8645,196.5317288750084,0.19241694826632738,0
8646,196.54698391695274,0.1872910070233047,0
8647,196.5592721249559,0.18287502462044358,0
8648,196.574892332952,0.2435000496916473,0
8649,196.5901857499848,0.26408297708258033,0
8650,196.60549516696483,0.24654099252074957,0
8651,196.61725587496767,0.28858298901468515,0
8652,196.6325812919531,0.21708302665501833,0
8653,196.64636154199252,0.23529096506536007,0
8654,196.66071049997117,0.20337500609457493,0
8655,196.67594899999676,0.21999998716637492,0
8656,196.69120954198297,0.3196250181645155,0
8657,196.70445616700454,0.24158298037946224,0
8658,196.71958187496057,0.26054203044623137,0
8659,196.73164662497584,0.32699998700991273,0
8660,196.74701462499797,0.2529170014895499,0
8661,196.7623095829622,0.23133400827646255,0
8662,196.77417379198596,0.35454099997878075,0
8663,196.7895686669508,0.3103330382145941,0
8664,196.80311808298575,0.2561669680289924,0
8665,196.81841920799343,0.2626249915920198,0
8666,196.82889999996405,0.26183301815763116,0
8667,196.84329879196594,0.33304101089015603,0
8668,196.85868712497177,0.2839579829014838,0
8669,196.87400783295743,0.2874170313589275,0
8670,196.8843825419899,0.27062499430030584,0
8671,196.899696791952,0.24291605222970247,0
8672,196.9149749999633,0.27229200350120664,0
8673,196.93028787500225,0.3173329751007259,0
8674,196.9435709999525,0.3047080244868994,0
8675,196.95894224999938,0.43895799899473786,0
8676,196.97142104199156,0.3530409885570407,0
8677,196.98681974998908,0.35099999513477087,0
8678,197.00222370796837,0.36033400101587176,0
8679,197.0176272499957,,1
8680,197.13483900000574,,1
8681,197.25206274999073,,1
8682,197.36931624996942,0.43158303014934063,0
8683,197.38360983296297,0.3124590148217976,0
8684,197.39403504197253,0.3225000109523535,0
8685,197.40940399997635,0.30187499942258,0
8686,197.42053249996388,0.29500003438442945,0
8687,197.4319577079732,0.3322089905850589,0
8688,197.44734249997418,0.3094170242547989,0
8689,197.46269679197576,0.2490829792805016,0
8690,197.47646824998083,0.238874985370785,0
8691,197.4917521669995,0.27137500001117587,0
8692,197.5070630830014,0.282666995190084,0
8693,197.5223857499659,0.27050002245232463,0
8694,197.53769862500485,0.30637497548013926,0
8695,197.5519428330008,0.2832919708453119,0
8696,197.56727174995467,0.2495000371709466,0
8697,197.5812512919656,0.32937503419816494,0
8698,197.5919286669814,0.3447079798206687,0
8699,197.60378733300604,0.3120419569313526,0
8700,197.6191389579908,0.29020896181464195,0
8701,197.63323429197771,0.265665992628783,0
8702,197.64856454200344,0.4557499778456986,0
8703,197.6623763749958,0.3851669607684016,0
8704,197.67387462500483,0.3234579926356673,0
8705,197.6879602499539,0.35079201916232705,0
8706,197.70335170795443,0.348250032402575,0
8707,197.71724799997173,0.2828330034390092,0
8708,197.73127687495435,0.3137920284643769,0
8709,197.74663966696244,0.3197080222889781,0
8710,197.76057691697497,0.3190829884260893,0
8711,197.77452929195715,0.3198329941369593,0
8712,197.78989533300046,0.29087497387081385,0
8713,197.80522958299844,0.3172919969074428,0
8714,197.82061999995494,,1
8715,197.93376874999376,,1
8716,198.05102662497666,,1
8717,198.1682974169962,0.4242499708198011,0
8718,198.18376799998805,0.3404580056667328,0
8719,198.1984912919579,0.49400003626942635,0
8720,198.21403108298546,0.35795901203528047,0
8721,198.2252388749621,0.26579201221466064,0
8722,198.2405550419935,0.2753330045379698,0
8723,198.2558673750027,0.261999957729131,0
8724,198.27117570798146,0.3320840187370777,0
8725,198.28654487495078,0.3208750276826322,0
8726,198.30190254200716,0.2804999821819365,0
8727,198.31722720799735,0.2940839622169733,0
8728,198.33076874999097,0.27424999279901385,0
8729,198.34161829197546,0.33175002317875624,0
8730,198.35301508300472,0.2758749760687351,0
8731,198.3646290419856,0.34620799124240875,0
8732,198.38001108297613,0.32175000524148345,0
8733,198.39537783298874,0.316666963044554,0
8734,198.40601308300393,0.28854195261374116,0
8735,198.4213504579966,0.36504201125353575,0
8736,198.43675962497946,0.4083330277353525,0
8737,198.45222070795717,0.3652920131571591,0
8738,198.463154957979,0.30862499261274934,0
8739,198.4746488329838,0.626209017354995,0
8740,198.4903180419933,0.31762500293552876,0
8741,198.5039632919943,0.29508298030123115,0
8742,198.51570654200623,0.2943329745903611,0
8743,198.5310454169521,0.3946250071749091,0
8744,198.54648670798633,0.35504199331626296,0
8745,198.5618977919803,0.395249982830137,0
8746,198.57452720799483,0.31629198929294944,0
8747,198.58988699998008,0.29729201924055815,0
8748,198.60263095796108,0.32049999572336674,0
8749,198.6179912079824,0.3022919991053641,0
8750,198.63205079198815,0.30354101909324527,0
8751,198.6435539999511,0.3818750265054405,0
8752,198.65407766698627,0.43750001350417733,0
8753,198.6707202079706,0.36462501157075167,0
8754,198.686154874973,0.34670799504965544,0
8755,198.7015469999751,0.3434580285102129,0
8756,198.71599724999396,0.2616249839775264,0
8757,198.73033970798133,0.3409169730730355,0
8758,198.74573004199192,0.42287498945370317,0
8759,198.76119941700017,0.3287079744040966,0
8760,198.7764148329734,0.33650000113993883,0
8761,198.78851508296793,0.3094589919783175,0
8762,198.80387145798886,0.33725000685080886,0
8763,198.8174984579673,0.3185420064255595,0
8764,198.8328556669876,0.3123750211670995,0
8765,198.84820445795776,0.33541704760864377,0
8766,198.8635849999846,0.47158298548310995,0
8767,198.8791021250072,0.4057499463669956,0
8768,198.8945498749963,0.3780829720199108,0
8769,198.90997429197887,0.36095798714086413,0
8770,198.92538983299164,0.4015839658677578,0
8771,198.93934824998723,0.439791998360306,0
8772,198.9548403749941,0.3957079607062042,0
8773,198.96725216699997,0.414749956689775,0
8774,198.98164595797425,0.370291993021965,0
8775,198.9970618750085,0.3831249778158963,0
8776,199.01249004196143,0.37037499714642763,0
8777,199.02789916697657,0.321083003655076,0
8778,199.0432682079845,0.33904198789969087,0
8779,199.0586479170015,0.3327080048620701,0
8780,199.0740242920001,0.3690409939736128,0
8781,199.0846122079529,0.39954204112291336,0
8782,199.09655620798003,0.37037499714642763,0
8783,199.10950591700384,0.38304098416119814,0
8784,199.12493583298055,0.2885839785449207,0
8785,199.14026195800398,0.34899997990578413,0
8786,199.15411145798862,0.3310000174678862,0
8787,199.16948458296247,0.3172500291839242,0
8788,199.18484083295334,0.30904205050319433,0
8789,199.19936104200315,0.37295796209946275,0
8790,199.21216091699898,0.4357079742476344,0
8791,199.22764429199742,0.34558295737951994,0
8792,199.24121466698125,0.2514580264687538,0
8793,199.2552426669863,0.18470798386260867,0
8794,199.27046174998395,0.15558302402496338,0
8795,199.28564391698455,0.20379101624712348,0
8796,199.30086912499974,0.18783297855407,0
8797,199.3160751669784,0.14654098777100444,0
8798,199.33124216698343,0.14883297262713313,0
8799,199.3464332500007,0.2509579644538462,0
8800,199.36173424997833,0.14700001338496804,0
8801,199.3769318749546,0.25616702623665333,0
8802,199.39223529200535,0.1955829793587327,0
8803,199.40368024999043,0.21604198263958097,0
8804,199.4189431249979,0.20537496311590075,0
8805,199.4327429579571,0.2050000475719571,0
8806,199.44799049996072,0.1865419908426702,0
8807,199.46188799996162,0.17433299217373133,0
8808,199.47342820797348,0.19979203352704644,0
8809,199.48868074995698,0.2981669967994094,0
8810,199.5040204579709,0.25462498888373375,0
8811,199.5193145829835,0.26133400388062,0
8812,199.5334287500009,0.36762497620657086,0
8813,199.5488442920032,0.27112499810755253,0
8814,199.5638831249671,0.28787500923499465,0
8815,199.57866249996005,0.27845799922943115,0
8816,199.5922428749618,0.27070799842476845,0
8817,199.60668099997565,0.2732080174610019,0
8818,199.61845791700762,0.2691249828785658,0
8819,199.6303565419512,0.25400001322850585,0
8820,199.64565091696568,0.2507499884814024,0
8821,199.65919979196042,0.24875003146007657,0
8822,199.67449216695968,0.24462502915412188,0
8823,199.68763845798094,0.2757500042207539,0
8824,199.69964645797154,0.44249999336898327,0
8825,199.71139983297326,0.5250840331427753,0
8826,199.72700045799138,0.39187498623505235,0
8827,199.7424421669566,0.4391660331748426,0
8828,199.7575578749529,2.5830829981714487,0
8829,199.7769417919917,0.49179099733009934,0
8830,199.7888272079872,0.3511249669827521,0
8831,199.80425445799483,0.43041695607826114,0
8832,199.8180234580068,0.3427089541219175,0
8833,199.83339708298445,0.3292919718660414,0
8834,199.84877312497701,0.3411669749766588,0
8835,199.8631572079612,0.34354202216491103,0
8836,199.87453674996505,0.3901669988408685,0
8837,199.88997204200132,0.374249997548759,0
8838,199.9029394579702,0.3171670250594616,0
8839,199.91830241697608,0.30975003028288484,0
8840,199.9336474169977,0.2905830042436719,0
8841,199.94566508295247,0.4052500007674098,0
8842,199.95959341700654,0.46633294550701976,0
8843,199.97452966700075,0.3755409852601588,0
8844,199.98995949997334,0.3297500079497695,0
8845,200.0053345419583,0.33258303301408887,0
8846,200.01905658299802,0.33545895712450147,0
8847,200.03443904197775,0.3335410146974027,0
8848,200.04980874998728,0.2976669929921627,0
8849,200.06514716695528,0.3606250393204391,0
8850,200.07776862499304,0.32766698859632015,0
8851,200.09121049998794,0.34004199551418424,0
8852,200.10659679200035,0.3215000033378601,0
8853,200.12196474999655,0.32470800215378404,0
8854,200.13733508298174,0.3311249893158674,0
8855,200.15270729199983,0.35574997309595346,0
8856,200.16551779198926,0.3637910122051835,0
8857,200.1809228329803,0.30512502416968346,0
8858,200.1962663329905,0.3964999923482537,0
8859,200.21064687496983,0.43833302333950996,0
8860,200.22612808295526,0.36245904630050063,0
8861,200.2396285419818,0.3624579985626042,0
8862,200.25505387497833,0.34508301177993417,0
8863,200.2704483330017,0.3078339505009353,0
8864,200.28579312498914,0.3517500008456409,0
8865,200.30118595797103,0.3197499900124967,0
8866,200.31654475000687,0.3344169817864895,0
8867,200.32858783297706,0.37291698390617967,0
8868,200.34146637498634,0.4431669949553907,0
8869,200.35694633296225,0.3493340336717665,0
8870,200.3723440829781,0.42041699634864926,0
8871,200.38780954200774,0.3554999711923301,0
8872,200.4004699579673,0.33995899138972163,0
8873,200.41586974996608,0.3636670298874378,0
8874,200.43122891697567,0.3665410331450403,0
8875,200.44663674995536,0.3172080032527447,0
8876,200.46199112496106,0.3054169937968254,0
8877,200.4773385829758,0.34654198680073023,0
8878,200.49016141699394,0.41337497532367706,0
8879,200.50110724999104,0.3649999853223562,0
8880,200.51651420799317,0.32166700111702085,0
8881,200.53056158300024,0.30916696414351463,0
8882,200.54591962497216,0.3453749814070761,0
8883,200.56130758300424,0.3239999641664326,0
8884,200.57455874996958,0.31708303140476346,0
8885,200.58992899995064,0.34366705222055316,0
8886,200.60531487496337,0.31712499912828207,0
8887,200.62067983299494,0.33120898297056556,0
8888,200.63156079198234,0.34487497759982944,0
8889,200.6435936249909,0.32762496266514063,0
8890,200.65749145799782,0.32166700111702085,0
8891,200.67276487499475,0.3370000049471855,0
8892,200.68819470796734,0.3747920272871852,0
8893,200.7036133329966,0.4052500007674098,0
8894,200.71906254196074,0.3543330240063369,0
8895,200.73164470796473,0.37208403227850795,0
8896,200.7470586669515,0.3558750031515956,0
8897,200.76224833296146,0.34541700733825564,0
8898,200.7737400829792,0.3736250218935311,0
8899,200.7891524169827,0.34154101740568876,0
8900,200.80453145800857,0.35162497078999877,0
8901,200.81992620800156,0.37583400262519717,0
8902,200.83135087497067,0.3073749830946326,0
8903,200.8422738329973,0.2976249670609832,0
8904,200.85760704195127,0.27716602198779583,0
8905,200.86807883298025,0.3277920186519623,0
8906,200.88344649999635,0.27733296155929565,0
8907,200.89547049999237,0.28262496925890446,0
8908,200.91078858298715,0.27179199969395995,0
8909,200.92463866696926,0.2767500118352473,0
8910,200.9362612919649,0.27020799461752176,0
8911,200.94783941697096,0.3643750096671283,0
8912,200.962476124987,0.3664999967440963,0
8913,200.97788166697137,0.299000006634742,0
8914,200.99117095797556,0.36025000736117363,0
8915,201.0025613749749,0.3535419818945229,0
8916,201.01749720796943,0.321792031172663,0
8917,201.03179737500614,0.3642919473350048,0
8918,201.04719700000715,0.3197079640813172,0
8919,201.06255170796067,0.28779200511053205,0
8920,201.07787741697393,0.29404100496321917,0
8921,201.09320541698253,0.35095796920359135,0
8922,201.1045887079672,0.3285420243628323,0
8923,201.1199674999807,0.21895801182836294,0
8924,201.13361358299153,0.16854197019711137,0
8925,201.147347082966,0.19095902098342776,0
8926,201.1626066250028,0.1770419767126441,0
8927,201.1745166669716,0.1706660259515047,0
8928,201.18590033298824,0.1699170097708702,0
8929,201.19747804198414,0.20349997794255614,0
8930,201.2127184169949,0.1835830044001341,0
8931,201.22709537495393,0.2400000230409205,0
8932,201.23842987499665,0.22137496853247285,0
8933,201.25372362497728,0.22195797646418214,0
8934,201.268980541965,0.21170801483094692,0
8935,201.2842314579757,0.3076670109294355,0
8936,201.2961484999978,,1
8937,201.4113047499559,,1
8938,201.5285198329948,,1
8939,201.64246870798524,,1
8940,201.75977408298058,0.5512919742614031,0
8941,201.77539416699437,0.3980000037699938,0
8942,201.79085712495726,0.4040829953737557,0
8943,201.80210112495115,0.3628750564530492,0
8944,201.817513166985,0.37004100158810616,0
8945,201.83292600000277,0.3546249936334789,0
8946,201.84762695798418,0.346417014952749,0
8947,201.86302208295092,0.37650001468136907,0
8948,201.87660133297322,0.3505839849822223,0
8949,201.89200125000207,0.3962499904446304,0
8950,201.90660374995787,0.37462502950802445,0
8951,201.9174882079824,0.339167017955333,0
8952,201.9301489579957,0.1450419658794999,0
8953,201.94357133295853,0.19220903050154448,0
8954,201.9579107919708,0.37812499795109034,0
8955,201.96965766698122,0.4957080236636102,0
8956,201.9851963329711,0.2945419983007014,0
8957,201.9962175419787,0.29562501003965735,0
8958,202.01154779200442,0.3672079765237868,0
8959,202.02696787496097,0.3153750440105796,0
8960,202.04115708300378,0.3332089981995523,0
8961,202.05652166699292,0.2704999642446637,0
8962,202.0671634169994,0.3349999897181988,0
8963,202.08254437497817,0.3150830161757767,0
8964,202.0979039169615,0.31708303140476346,0
8965,202.10876729199663,0.3239999641664326,0
8966,202.12412570795277,,1
8967,202.24130945798242,,1
8968,202.35846829199,,1
8969,202.47572504199343,,1
8970,202.59040250000544,,1
8971,202.7065746669541,,1
8972,202.82382637495175,,1
8973,202.94107916695066,0.4351660027168691,0
8974,202.9516638329951,0.42333395686000586,0
8975,202.96713441697648,0.43000001460313797,0
8976,202.9816581250052,0.39133295649662614,0
8977,202.99574633297743,0.32537500374019146,0
8978,203.01112704200204,0.31595799373462796,0
8979,203.0264854579582,0.30545901972800493,0
8980,203.04183841700433,0.3133330028504133,0
8981,203.05508249998093,0.2701670164242387,0
8982,203.07039633300155,0.29029196593910456,0
8983,203.085758332978,0.274333986453712,0
8984,203.1010756669566,,1
8985,203.21803483297117,0.6095420103520155,0
8986,203.23371683299774,0.4763339529745281,0
8987,203.24925458297366,0.43083401396870613,0
8988,203.26193833298748,0.4006249946542084,0
8989,203.2745446669869,0.4467499675229192,0
8990,203.29004258295754,0.43808401096612215,0
8991,203.30478216696065,0.5124580347910523,0
8992,203.3203538749949,0.4503329982981086,0
8993,203.33518379199086,0.4113749600946903,0
8994,203.3476219580043,0.35429198760539293,0
8995,203.3630195829901,0.36979198921471834,0
8996,203.37447729200358,0.5199159495532513,0
8997,203.38686291698832,0.3649999853223562,0
8998,203.4022728749551,0.31741702696308494,0
8999,203.41414866695413,0.37162500666454434,0
9000,203.42957991699222,0.5070409970358014,0
9001,203.44514454196906,0.4146249848417938,0
9002,203.46060683298856,0.3717090003192425,0
9003,203.47197362495353,0.5120830028317869,0
9004,203.48754162498517,0.40662498213350773,0
9005,203.50298954197206,0.3452079836279154,0
9006,203.51361341698794,0.42112497612833977,0
9007,203.52446687495103,0.21275004837661982,0
9008,203.53689070796827,0.20687503274530172,0
9009,203.55212729197228,0.1539579825475812,0
9010,203.56730370799778,0.13616698561236262,0
9011,203.58246212499216,0.1301249722018838,0
9012,203.59761108300881,0.1349169760942459,0
9013,203.61276499996893,0.1330000231973827,0
9014,203.62794316699728,0.26591599453240633,0
9015,203.64137624995783,0.15795801300555468,0
9016,203.65619391697692,0.21937501151114702,0
9017,203.67145220795646,0.20466704154387116,0
9018,203.68447670800379,0.19399996381253004,0
9019,203.69970137497876,0.17016701167449355,0
9020,203.71490487497067,0.17362501239404082,0
9021,203.73011449998012,0.17245800700038671,0
9022,203.74106016696896,0.2395000192336738,0
9023,203.75524495798163,0.26524998247623444,0
9024,203.76862033299403,0.3922499599866569,0
9025,203.78407270798925,0.3582920180633664,0
9026,203.79947687499225,0.3185420064255595,0
9027,203.8148397919722,0.280165986623615,0
9028,203.82525079196785,0.38595800288021564,0
9029,203.8407078749733,0.2835830091498792,0
9030,203.85602824995294,0.274375022854656,0
9031,203.87136137497146,0.292833021376282,0
9032,203.88207187497756,0.5060830153524876,0
9033,203.89762595796492,0.3375420346856117,0
9034,203.9129342919914,0.309124996419996,0
9035,203.92828658298822,0.3159589832648635,0
9036,203.9432679580059,0.3670839942060411,0
9037,203.954140249989,0.3409169730730355,0
9038,203.96735579200322,0.3441659500822425,0
9039,203.98274287499953,0.2937079989351332,0
9040,203.9939367499901,0.2828330034390092,0
9041,204.0092591669527,0.270458054728806,0
9042,204.0244421249954,0.2520830021239817,0
9043,204.03974245797144,0.25987502885982394,0
9044,204.05503712495556,0.2602080348879099,0
9045,204.07034308300354,0.2912499476224184,0
9046,204.0856765829958,,1
9047,204.2018773749587,,1
9048,204.31909829197684,,1
9049,204.4343529169564,0.44783303746953607,0
9050,204.44826916698366,0.3802910214290023,0
9051,204.45987316698302,0.3162909997627139,0
9052,204.47452004195657,0.39950001519173384,0
9053,204.4899662079988,0.37649995647370815,0
9054,204.50068566697882,0.2863749978132546,0
9055,204.51214937499026,0.2842079848051071,0
9056,204.52747974998783,,1
9057,204.6432973750052,0.3802499850280583,0
9058,204.6587212079903,0.38579199463129044,0
9059,204.67416091699852,0.3350829938426614,0
9060,204.68766616698122,0.4296660190448165,0
9061,204.70314637495903,0.4146670107729733,0
9062,204.71598883299157,0.3428749623708427,0
9063,204.72686199995223,0.34075003350153565,0
9064,204.74225262500113,0.3519579768180847,0
9065,204.75576470798114,0.5358339985832572,0
9066,204.7674814579659,0.3462919848971069,0
9067,204.77872412500437,6.165457947645336,0
9068,204.79998133296613,0.6576250307261944,0
9069,204.81572170800064,0.5784999812021852,0
9070,204.8313765829662,0.516542000696063,0
9071,204.8425576669979,0.42941595893353224,0
9072,204.85449766699458,0.4445409867912531,0
9073,204.8698161249631,0.41108299046754837,0
9074,204.88218283298193,0.43999997433274984,0
9075,204.89524462498957,0.3783749998547137,0
9076,204.9106660420075,0.35674998071044683,0
9077,204.9247144999681,0.36095798714086413,0
9078,204.94011924997903,0.33175002317875624,0
9079,204.9534912079689,0.496583990752697,0
9080,204.96724724996602,0.43650000588968396,0
9081,204.9827381669893,0.3637910122051835,0
9082,204.99814974999754,0.36929198540747166,0
9083,205.01136295800097,0.4290000069886446,0
9084,205.02684012497775,0.3920830204151571,0
9085,205.04036145797,0.3838340053334832,0
9086,205.05167933297344,0.41083397809416056,0
9087,205.06713287497405,0.36933302180841565,0
9088,205.08133612497477,0.34837500425055623,0
9089,205.0922433329979,0.34783396404236555,0
9090,205.1076291250065,0.35854196175932884,0
9091,205.12302470795112,0.3592920256778598,0
9092,205.1334318749723,0.32408302649855614,0
9093,205.14785216696328,0.38937502540647984,0
9094,205.163289832999,0.3927919897250831,0
9095,205.17772262496874,0.41212502401322126,0
9096,205.19317495799623,0.3255420015193522,0
9097,205.20467070798622,0.33895898377522826,0
9098,205.2200552499853,0.4194999928586185,0
9099,205.23164808296133,0.4071250441484153,0
9100,205.24455241695978,,1
9101,205.36179970798548,,1
9102,205.47678104200168,,1
9103,205.5895357079571,,1
9104,205.7067959579872,,1
9105,205.82397870795103,,1
9106,205.9397757499828,,1
9107,206.05623912496958,,1
9108,206.17348045797553,,1
9109,206.28520620800555,,1
9110,206.40243749995716,,1
9111,206.51970220799558,0.3719169762916863,0
9112,206.53187362500466,0.20883296383544803,0
9113,206.54357108299155,0.21475000539794564,0
9114,206.55882149998797,0.25695801014080644,0
9115,206.57412229198962,0.37170801078900695,0
9116,206.58674470795086,0.30683400109410286,0
9117,206.5990190419834,0.31587498961016536,0
9118,206.6098330419627,0.4397080047056079,0
9119,206.6253395829699,0.35137502709403634,0
9120,206.64353987498907,0.22729201009497046,0
9121,206.65408495796146,0.24433399084955454,0
9122,206.6693692499539,0.2442499971948564,0
9123,206.68465124996146,0.23429200518876314,0
9124,206.69518049998442,0.2779170172289014,0
9125,206.70650612498866,0.2501669805496931,0
9126,206.71803374995943,0.27837499510496855,0
9127,206.7316424169694,0.2657910226844251,0
9128,206.74694437498692,,1
9129,206.8641057079658,,1
9130,206.9812908329768,,1
9131,207.09856983297504,,1
9132,207.2158331249957,0.44899998465552926,0
9133,207.22883258300135,0.40079199243336916,0
9134,207.24357608298305,0.368500011973083,0
9135,207.2578772919951,0.3589579719118774,0
9136,207.26948137499858,0.3142500063404441,0
9137,207.28382891695946,0.40145800448954105,0
9138,207.29927924997173,0.3417080151848495,0
9139,207.3130201669992,0.36995799746364355,0
9140,207.32842770795105,0.32712501706555486,0
9141,207.34224320796784,0.3682090318761766,0
9142,207.35662220796803,0.37033401895314455,0
9143,207.36789645795943,0.3012919914908707,0
9144,207.3796876669512,0.34929101821035147,0
9145,207.3923021669616,0.3208750276826322,0
9146,207.40766233298928,0.32424996607005596,0
9147,207.4230373330065,0.31599996145814657,0
9148,207.43783220800105,0.337999954354018,0
9149,207.4532038749894,0.3097080043517053,0
9150,207.46685500000603,0.3423329908400774,0
9151,207.4816484169569,0.3517500008456409,0
9152,207.49587404198246,0.3441660082899034,0
9153,207.50991187500767,0.34195795888081193,0
9154,207.5252970419824,,1
9155,207.64075037499424,,1
9156,207.7571102079819,,1
9157,207.87437562498963,,1
9158,207.9902249169536,0.4689160268753767,0
9159,208.00115762499627,0.3656249609775841,0
9160,208.0152305829688,0.4843749920837581,0
9161,208.03078091697535,0.3445000038482249,0
9162,208.04358454199973,0.3019159776158631,0
9163,208.0589407919906,0.2734159934334457,0
9164,208.0732007919578,0.32666604965925217,0
9165,208.08558049995918,0.2936249948106706,0
9166,208.10091495799134,0.27520896401256323,0
9167,208.11623608297668,0.29795902082696557,0
9168,208.12856245797593,0.2909590257331729,0
9169,208.14358116697986,0.26233302196487784,0
9170,208.15887916699285,0.2657909644767642,0
9171,208.16944083297858,0.2804169780574739,0
9172,208.18114366696682,0.2827910357154906,0
9173,208.19648554199375,0.27308298740535975,0
9174,208.2111872920068,0.36645797081291676,0
9175,208.22660570795415,0.352917006239295,0
9176,208.23964079195866,0.3054160042665899,0
9177,208.2549873329699,0.3028340288437903,0
9178,208.26786683296086,0.2879590028896928,0
9179,208.2811305829673,0.3421670407988131,0
9180,208.29651812498923,0.3326669684611261,0
9181,208.30814937496325,0.28129201382398605,0
9182,208.32347433298128,0.285208981949836,0
9183,208.3339212499559,0.32041704980656505,0
9184,208.3451904169633,0.5037910304963589,0
9185,208.35837758297566,0.5397089989855886,0
9186,208.37120441696607,0.42387499706819654,0
9187,208.38411212497158,0.5024169804528356,0
9188,208.39506633300334,0.4528749850578606,0
9189,208.41059262497583,0.218625005800277,0
9190,208.42541724996408,0.11895800707861781,0
9191,208.4364782499615,0.27129199588671327,0
9192,208.45181554200826,0.18929096404463053,0
9193,208.46483587496914,0.16483303625136614,0
9194,208.48003541695653,,1
9195,208.5971641250071,,1
9196,208.71435854199808,,1
9197,208.8310406669625,,1
9198,208.94830987497699,,1
9199,209.06202341697644,0.48829102888703346,0
9200,209.07758016698062,0.3589160041883588,0
9201,209.09293537499616,0.31704199500381947,0
9202,209.1040324579808,0.2817499917000532,0
9203,209.11827804200584,0.30879100086167455,0
9204,209.13287583296187,0.3539170138537884,0
9205,209.14828633295838,0.2982090227305889,0
9206,209.16362179198768,0.26429101126268506,0
9207,209.17892562499037,0.25245797587558627,0
9208,209.19421670795418,0.2732090069912374,0
9209,209.20792566699674,0.3294159541837871,0
9210,209.21985529200174,0.28804095927625895,0
9211,209.2316371249617,0.28683303389698267,0
9212,209.24317508295644,0.3872090019285679,0
9213,209.25861408299534,0.2662090118974447,0
9214,209.27391787496163,0.2555419923737645,0
9215,209.28922366700135,0.39012497290968895,0
9216,209.30126016697614,0.3429999924264848,0
9217,209.31664795795223,0.288875016849488,0
9218,209.33197920798557,0.27312501333653927,0
9219,209.34729912498733,0.28791697695851326,0
9220,209.36263387498911,0.2517919638194144,0
9221,209.37792087497655,0.24700001813471317,0
9222,209.39121070795227,0.27583405608311296,0
9223,209.4056446669856,0.2942080027423799,0
9224,209.4209849999752,0.329374975990504,0
9225,209.4363575419993,0.391624984331429,0
9226,209.45179429196287,0.33204100327566266,0
9227,209.46716829197248,0.3028750070370734,0
9228,209.48160437500337,0.3090829704888165,0
9229,209.4969566249638,0.3078330191783607,0
9230,209.51230999996187,0.3665830008685589,0
9231,209.52772204199573,0.2985409810207784,0
9232,209.5381203329889,0.5894170026294887,0
9233,209.55376558296848,0.3855419927276671,0
9234,209.56919095799094,0.2987500047311187,0
9235,209.57983954198426,0.3161249915137887,0
9236,209.5951930419542,0.265000038780272,0
9237,209.60951604199363,0.25820796145126224,0
9238,209.62481874995865,0.28545799432322383,0
9239,209.63755204196787,0.24954101536422968,0
9240,209.6488735830062,0.2918339450843632,0
9241,209.66190616699168,0.2835830091498792,0
9242,209.6727524169837,0.36333297612145543,0
9243,209.68762970797252,0.4145840066485107,0
9244,209.6987611670047,0.8532909560017288,0
9245,209.71417045796989,0.5590000073425472,0
9246,209.72979783295887,0.36812503822147846,0
9247,209.7452141669928,0.3731249598786235,0
9248,209.7606314579607,0.3624170203693211,0
9249,209.77454849996138,0.316042045596987,0
9250,209.78707541699987,0.30695798341184855,0
9251,209.80081374995643,0.36025000736117363,0
9252,209.8162207499845,0.3182920045219362,0
9253,209.8294773749658,,1
9254,209.94557712500682,,1
9255,210.06252895796206,,1
9256,210.17982862499775,,1
9257,210.2939351249952,,1
9258,210.40930495795328,0.43083401396870613,0
9259,210.424261499953,0.32000005012378097,0
9260,210.43904574995395,0.2844170085154474,0
9261,210.4517603329732,0.2482089912518859,0
9262,210.46705424995162,0.25925005320459604,0
9263,210.48164924996672,0.2312079886905849,0
9264,210.496922041988,,1
9265,210.61233404197264,,1
9266,210.7292583329836,0.42208400554955006,0
9267,210.74358387495158,0.34970801789313555,0
9268,210.75795420800569,0.3684169496409595,0
9269,210.7698971669888,0.30587497167289257,0
9270,210.78524916700553,0.2577499835751951,0
9271,210.79921254195506,0.2875410136766732,0
9272,210.81454424996627,0.2543330192565918,0
9273,210.82751262496458,0.250167038757354,0
9274,210.84224537498085,0.2727080136537552,0
9275,210.8575522499741,0.2615419798530638,0
9276,210.87284991698107,0.2751249703578651,0
9277,210.8842309169704,0.274375022854656,0
9278,210.89954012498492,0.2547500189393759,0
9279,210.91143649996957,0.3251250018365681,0
9280,210.92681308300234,0.32237498089671135,0
9281,210.942135624995,0.32641697907820344,0
9282,210.9562329580076,0.41624996811151505,0
9283,210.9717055420042,0.43062499025836587,0
9284,210.9871817919775,0.3572080167941749,0
9285,211.00206854200223,0.3329159808345139,0
9286,211.01369833300123,0.3031669766642153,0
9287,211.0253149579512,0.29008404817432165,0
9288,211.03663012495963,0.34016702556982636,0
9289,211.05201958300313,0.3416669787839055,0
9290,211.06412075000117,0.32599997939541936,0
9291,211.07546845800243,0.7685419986955822,0
9292,211.09128887497354,,1
9293,211.20533187495312,,1
9294,211.32082916697254,0.33300003269687295,0
9295,211.333007374953,0.24700001813471317,0
9296,211.3435838749865,0.24279201170429587,0
9297,211.3588845419581,0.23283303016796708,0
9298,211.37416233296972,0.22995902691036463,0
9299,211.38943820795976,0.2377500059083104,0
9300,211.4047201249632,0.24633301654830575,0
9301,211.42002308298834,0.214958970900625,0
9302,211.43527174997143,0.2007919829338789,0
9303,211.4505353749846,0.2209999947808683,0
9304,211.4614109999966,0.23066700669005513,0
9305,211.4766819999786,0.23870798759162426,0
9306,211.4919550420018,0.2622909960336983,0
9307,211.50737995799864,0.21829199977219105,0
9308,211.52263883297564,0.24620897602289915,0
9309,211.5379348329734,0.28737500542774796,0
9310,211.553277332976,0.24104199837893248,0
9311,211.56855954200728,0.23499998496845365,0
9312,211.5838307919912,0.3394579980522394,0
9313,211.59921862499323,0.37237501237541437,0
9314,211.61304145795293,0.2983750309795141,0
9315,211.62839570798678,0.2827090211212635,0
9316,211.64371749997372,0.26112498017027974,0
9317,211.65901287499582,0.24595798458904028,0
9318,211.67308941698866,,1
9319,211.78674291697098,0.41445798706263304,0
9320,211.79991291696206,0.515833031386137,0
9321,211.8131133329589,1.8925000331364572,0
9322,211.83012529200641,0.49224996473640203,0
9323,211.84356129198568,0.13624998973682523,0
9324,211.8587585419882,0.4159999662078917,0
9325,211.87471725000069,0.4552080063149333,0
9326,211.88827345799655,0.448125007096678,0
9327,211.9038134579896,0.2483749995008111,0
9328,211.91657241695793,0.24987501092255116,0
9329,211.93176654196577,0.21712499437853694,0
9330,211.94703487498919,0.19520800560712814,0
9331,211.96227474999614,0.3055830020457506,0
9332,211.97729949996574,0.658458040561527,0
9333,211.98968699999386,0.257332983892411,0
9334,212.00046308297897,0.20679202862083912,0
9335,212.01172737497836,0.18108298536390066,0
9336,212.02694795798743,0.23274996783584356,0
9337,212.04057312500663,0.3489579539746046,0
9338,212.05150008300552,0.18258398631587625,0
9339,212.0667237919988,0.20295800641179085,0
9340,212.0819780419697,0.18733303295448422,0
9341,212.09223662497243,0.249417033046484,0
9342,212.10506716696545,0.26937504298985004,0
9343,212.1203735829913,0.24270900757983327,0
9344,212.13563679199433,0.16441597836092114,0
9345,212.15081408299739,0.13754196697846055,0
9346,212.16597879200708,0.23162498837336898,0
9347,212.18067329196492,0.15179102774709463,0
9348,212.1928288329509,0.1364590134471655,0
9349,212.20324945799075,0.31049997778609395,0
9350,212.21536816697335,0.2937079989351332,0
9351,212.22714820795227,0.25400001322850585,0
9352,212.23757445800584,0.21224998636171222,0
9353,212.25282274995698,0.17504201969131827,0
9354,212.2667130419868,0.1806250074878335,0
9355,212.2819332499639,0.20845799008384347,0
9356,212.29501941695344,0.22216601064428687,0
9357,212.3102931669564,0.3322080010548234,0
9358,212.3256662079948,0.21295901387929916,0
9359,212.33714824996423,0.1960000372491777,0
9360,212.3481297499966,0.18404197180643678,0
9361,212.36045829195064,0.17083302373066545,0
9362,212.3725470000063,0.1575419446453452,0
9363,212.3877477920032,0.16866595251485705,0
9364,212.39950491697527,0.17508299788460135,0
9365,212.41295170795638,0.1675420207902789,0
9366,212.42397033295128,0.18275005277246237,0
9367,212.43745062500238,0.1580829848535359,0
9368,212.45265041699167,0.17845799447968602,0
9369,212.46724158298457,0.2882499829865992,0
9370,212.4810034169932,0.43891597306355834,0
9371,212.4965479169623,0.3202080260962248,0
9372,212.51143716700608,0.19729096675291657,0
9373,212.5230161669897,0.16724999295547605,0
9374,212.53460983297555,0.1937500201165676,0
9375,212.5498467919533,0.18158304737880826,0
9376,212.56506370799616,0.16970897559076548,0
9377,212.5802735419711,0.2312079886905849,0
9378,212.59226541698445,0.2347910194657743,0
9379,212.60662412497913,0.19300001440569758,0
9380,212.61814783298178,0.18270901637151837,0
9381,212.6333704169956,0.17458299407735467,0
9382,212.64858612499665,,1
9383,212.76576362497872,,1
9384,212.87684416695265,,1
9385,212.99323387496406,0.4966669948771596,0
9386,213.00483320798958,0.19275001250207424,0
9387,213.0173642919981,0.2907079760916531,0
9388,213.03272358299,0.1793339615687728,0
9389,213.04362779197982,0.16979099018499255,0
9390,213.0565864579985,0.16687496099621058,0
9391,213.07178729196312,0.16662501730024815,0
9392,213.086988791998,,1
9393,213.19973366695922,,1
9394,213.31695662497077,,1
9395,213.4342009999673,,1
9396,213.55140850000316,0.689874985255301,0
9397,213.56718149996595,0.4134170012548566,0
9398,213.57947287498973,0.363041996024549,0
9399,213.59224683296634,0.3577499883249402,0
9400,213.60766874998808,0.33420801628381014,0
9401,213.62304787500761,0.34920795587822795,0
9402,213.63759108295199,0.4964590189047158,0
9403,213.65313770796638,0.4140420351177454,0
9404,213.66382762498688,0.5050419713370502,0
9405,213.67469195800368,0.3589169937185943,0
9406,213.69008354196558,0.34741603303700686,0
9407,213.70547708298545,0.3807920147664845,0
9408,213.7183857919881,0.3339159884490073,0
9409,213.7303232079721,0.3956669825129211,0
9410,213.74356799997622,0.34854200202971697,0
9411,213.75895833299728,0.3470419906079769,0
9412,213.7730998749612,0.3754170029424131,0
9413,213.78852258296683,0.45520899584516883,0
9414,213.8040246249875,0.5112079670652747,0
9415,213.81959174998337,0.41045801481232047,0
9416,213.83492566697532,0.3269580192863941,0
9417,213.85029508295702,,1
9418,213.96574162499746,,1
9419,214.07844895799644,0.4795420099981129,0
9420,214.0902725419728,0.34391600638628006,0
9421,214.10565704200417,0.33070798963308334,0
9422,214.11937287496403,0.34716702066361904,0
9423,214.13475974998437,0.3570420085452497,0
9424,214.14863737497944,,1
9425,214.26588029199047,,1
9426,214.38311824999982,,1
9427,214.4966887079645,,1
9428,214.61391908297082,,1
9429,214.73116245795973,,1
9430,214.84247687499737,,1
9431,214.95871224999428,,1
9432,215.07504070800496,,1
9433,215.18855616700603,,1
9434,215.30576479196316,,1
9435,215.42298904195195,,1
9436,215.5357702919864,,1
9437,215.653043416969,,1
9438,215.77031950000674,,1
9439,215.8874909169972,,1
9440,216.00480554200476,,1
9441,216.1221442919923,,1
9442,216.23946183297085,,1
9443,216.35385699995095,,1
9444,216.47112437500618,,1
9445,216.5883327079937,0.26341696502640843,0
9446,216.60364099999424,0.2738749608397484,0
9447,216.61896887497278,0.20058301743119955,0
9448,216.63203199999407,0.19591697491705418,0
9449,216.64356516697444,0.12116599828004837,0
9450,216.65453483298188,0.17008400755003095,0
9451,216.6660074579995,0.33591699320822954,0
9452,216.67715920798946,0.2787499688565731,0
9453,216.69252874999074,0.3736669896170497,0
9454,216.70797604200197,0.28799998108297586,0
9455,216.71848054195289,0.3007909981533885,0
9456,216.72980483295396,0.32516702776774764,0
9457,216.74276904197177,0.3162909997627139,0
9458,216.7581445419928,0.20491599570959806,0
9459,216.7704163749586,0.18087500939145684,0
9460,216.78564787498908,,1
9461,216.89992012496805,,1
9462,217.01607179199345,,1
9463,217.13343858299777,0.510042009409517,0
9464,217.1490060419892,0.19904098007827997,0
9465,217.16426524997223,0.19350001821294427,0
9466,217.17849754198687,0.20891596795991063,0
9467,217.19285929197213,0.20412501180544496,0
9468,217.20810324995546,0.21108303917571902,0
9469,217.2233619579929,0.22054195869714022,0
9470,217.23861929198029,0.19079097546637058,0
9471,217.25384404195938,0.18025003373622894,0
9472,217.26908241695492,0.18041604198515415,0
9473,217.28429716697428,0.18512498354539275,0
9474,217.29951612500008,0.1710419892333448,0
9475,217.31473504198948,0.4219160182401538,0
9476,217.32980037498055,0.4463749937713146,0
9477,217.34225233300822,0.40241697570309043,0
9478,217.35613487497903,0.1759579754434526,0
9479,217.36679687496508,0.17987500177696347,0
9480,217.3820217080065,0.17012498574331403,0
9481,217.39723008300643,0.15491695376113057,0
9482,217.41241829196224,0.15916599659249187,0
9483,217.42455520795193,0.1675420207902789,0
9484,217.43917949998286,0.16608298756182194,0
9485,217.45011366700055,0.1622499548830092,0
9486,217.4653100419673,0.16208301531150937,0
9487,217.48052120796638,0.18512504175305367,0
9488,217.49576787499245,0.17387501429766417,0
9489,217.50949879200198,0.20883296383544803,0
9490,217.52476708299946,0.18620898481458426,0
9491,217.5399933749577,0.18441700376570225,0
9492,217.55525091697928,0.1836660085245967,0
9493,217.57047266699374,0.1848749816417694,0
9494,217.58569066697964,0.1741659943945706,0
9495,217.59654287499143,0.18945796182379127,0
9496,217.60815687500872,0.16620795940980315,0
9497,217.61965108296135,0.1740000443533063,0
9498,217.63137654197635,0.202000024728477,0
9499,217.64204274996882,0.18216698663309216,0
9500,217.65725987497717,0.1747080241329968,0
9501,217.67246558296029,0.17362501239404082,0
9502,217.68700333300512,0.20183395827189088,0
9503,217.70224337495165,0.30329200671985745,0
9504,217.71603179199155,0.3463749890215695,0
9505,217.73143633297877,0.2674999996088445,0
9506,217.74357674998464,0.17745798686519265,0
9507,217.75596954196226,0.1806660438887775,0
9508,217.7711835829541,0.17300003673881292,0
9509,217.7864070829819,0.16925000818446279,0
9510,217.80161087500164,0.16387499636039138,0
9511,217.81682045798516,0.1758339931257069,0
9512,217.83203141699778,0.15837495448067784,0
9513,217.8461106249597,0.16012502601370215,0
9514,217.85715333296685,0.16841699834913015,0
9515,217.87235558300745,,1
9516,217.9895175419515,,1
9517,218.1067912079743,0.36937498953193426,0
9518,218.12222133297473,0.2797499764710665,0
9519,218.13637470797403,0.2532500075176358,0
9520,218.14802187500754,0.25170797016471624,0
9521,218.16310929198517,0.2400829689577222,0
9522,218.17572966695298,0.2952080103568733,0
9523,218.1910897080088,0.25691697373986244,0
9524,218.20609975000843,0.28608296997845173,0
9525,218.21729354199488,,1
9526,218.33005362498807,,1
9527,218.44357408297947,0.3821669961325824,0
9528,218.45901416696142,,1
9529,218.57467641698895,,1
9530,218.68775745795574,,1
9531,218.80111274996307,,1
9532,218.91430158296134,,1
9533,219.02927737496793,,1
9534,219.14657308295136,,1
9535,219.26390899997205,,1
9536,219.38058216695208,0.41687500197440386,0
9537,219.39608716696966,0.43179100612178445,0
9538,219.40750962495804,0.1995420316234231,0
9539,219.4179571249988,0.1841670018620789,0
9540,219.4321550829918,0.22470898693427444,0
9541,219.44357166695409,0.1943330280482769,0
9542,219.45420424995245,0.17483305418863893,0
9543,219.4657809579512,0.15941704623401165,0
9544,219.48097408295143,0.1657500397413969,0
9545,219.49441374995513,0.1848330139182508,0
9546,219.50713499996345,0.1699579879641533,0
9547,219.5200340419542,0.18083304166793823,0
9548,219.5352718749782,0.17683301120996475,0
9549,219.5504840000067,0.19033299759030342,0
9550,219.56443879200378,0.1689159544184804,0
9551,219.57656645798124,0.1645419979467988,0
9552,219.5914121249807,0.17158297123387456,0
9553,219.60662004200276,0.17970800399780273,0
9554,219.62183570797788,0.17070898320525885,0
9555,219.63410695799394,0.18737500067800283,0
9556,219.64933066698723,0.2490829792805016,0
9557,219.66315624996787,0.20533299539238214,0
9558,219.6745282500051,0.19308296032249928,0
9559,219.68635720800376,0.18037494737654924,0
9560,219.70157149998704,0.18854200607165694,0
9561,219.71681270800764,0.2222499460913241,0
9562,219.73163679195568,0.2317080507054925,0
9563,219.74691466696095,0.22033299319446087,0
9564,219.7604055829579,0.21420902339741588,0
9565,219.7745224169921,0.20941597176715732,0
9566,219.78976829198655,0.19637501100078225,0
9567,219.8049977920018,0.22558297496289015,0
9568,219.82025658298517,0.2590839867480099,0
9569,219.83556666696677,0.23454101756215096,0
9570,219.8508387079928,0.25587499840185046,0
9571,219.86579079198418,0.2294579753652215,0
9572,219.8781405419577,0.24562503676861525,0
9573,219.89342795795528,0.22420904133468866,0
9574,219.90868699998828,0.22737501421943307,0
9575,219.92395500000566,0.22133300080895424,0
9576,219.93921304197283,0.22229098249226809,0
9577,219.95106962497812,0.2744580269791186,0
9578,219.96617745800177,0.32179197296500206,0
9579,219.97659208299592,0.2928749890998006,0
9580,219.99192445800873,0.31574995955452323,0
9581,220.00728604197502,0.3879580181092024,0
9582,220.02276266698027,0.4717080155387521,0
9583,220.03590249997796,0.376833020709455,0
9584,220.05135129200062,0.528500007931143,0
9585,220.06624449999072,0.5092499777674675,0
9586,220.08120195800439,,1
9587,220.19720462500118,,1
9588,220.31330866698408,,1
9589,220.43058049998945,,1
9590,220.54777737497352,,1
9591,220.66503691696562,,1
9592,220.78224279196002,0.304749992210418,0
9593,220.7970148329623,0.28545904206112027,0
9594,220.81235041696345,0.24349999148398638,0
9595,220.82764062500792,0.21887494949623942,0
9596,220.84289729199372,0.20204100292176008,0
9597,220.85316524998052,0.1932079903781414,0
9598,220.86665416695178,0.20900001982226968,0
9599,220.87694404198555,0.21254096645861864,0
9600,220.88813824998215,0.1943749957717955,0
9601,220.90337408299092,0.2198750153183937,0
9602,220.916619082971,0.20416703773662448,0
9603,220.93186499999138,0.20050001330673695,0
9604,220.94606620795093,0.191875034943223,0
9605,220.96129670797382,0.3403340233489871,0
9606,220.97668570798123,0.25879201712086797,0
9607,220.99305441696197,0.2550000208429992,0
9608,221.00789195799734,0.2995000104419887,0
9609,221.02322937495774,0.2482919953763485,0
9610,221.03851066698553,0.23591599892824888,0
9611,221.053788041987,0.3625410026870668,0
9612,221.06918737496017,0.2454170025885105,0
9613,221.08447033300763,0.22599997464567423,0
9614,221.09973295795498,0.22191699827089906,0
9615,221.11038279195782,0.25591603480279446,0
9616,221.1242091669701,0.2694160211831331,0
9617,221.13953054195736,0.23837503977119923,0
9618,221.15424670797074,0.3012919914908707,0
9619,221.16958758299006,0.2398340147919953,0
9620,221.18486191699049,0.20750000840052962,0
9621,221.1956694169785,0.23399997735396028,0
9622,221.21025874995394,0.2579580177552998,0
9623,221.2255556669552,0.25466602528467774,0
9624,221.23626291699475,0.250832992605865,0
9625,221.2478718329803,0.25970902061089873,0
9626,221.26316770800622,0.25333400117233396,0
9627,221.27693970798282,0.2703749923966825,0
9628,221.2885490419576,0.24866603780537844,0
9629,221.3001462079701,0.27291703736409545,0
9630,221.31546662497567,0.28241699328646064,0
9631,221.32888458296657,0.28120900969952345,0
9632,221.342249624955,0.2442080294713378,0
9633,221.35592154198093,0.2555000246502459,0
9634,221.36981887498405,0.2728329855017364,0
9635,221.38514008297352,0.23937498917803168,0
9636,221.39878437499283,0.24595798458904028,0
9637,221.41042924998328,0.24283298989757895,0
9638,221.42571116698673,0.28104096418246627,0
9639,221.4375807499746,0.29858300695195794,0
9640,221.45190837496193,0.39241701597347856,0
9641,221.4672512919642,0.36108301719650626,0
9642,221.48266666696873,0.32129103783518076,0
9643,221.4974246249767,0.3290830063633621,0
9644,221.5091216249857,0.33558299764990807,0
9645,221.52452904195525,0.5491659976541996,0
9646,221.5385967079783,0.5155419930815697,0
9647,221.54989929200383,0.5547079490497708,0
9648,221.56552466697758,0.5571660003624856,0
9649,221.5786829169956,0.4927910049445927,0
9650,221.59225558297476,0.48620899906381965,0
9651,221.60419924999587,0.5527499597519636,0
9652,221.61983099998906,0.3964579664170742,0
9653,221.6352802499896,0.3163329674862325,0
9654,221.65063812496373,0.33733301097527146,0
9655,221.66450833296403,0.37933402927592397,0
9656,221.67993233300513,0.3196249599568546,0
9657,221.69529816700378,0.3779580001719296,0
9658,221.71072787500452,,1
9659,221.82812174997525,,1
9660,221.94358983298298,,1
9661,222.06097733299248,,1
9662,222.17830787500134,,1
9663,222.29264287499245,,1
9664,222.40990224998677,,1
9665,222.5253074169741,,1
9666,222.64255579200108,,1
9667,222.75866704195505,0.4473330336622894,0
9668,222.77419029199518,0.43429096695035696,0
9669,222.78968049999094,0.2181250019930303,0
9670,222.79995187500026,0.16808300279080868,0
9671,222.81515445798868,0.20941701950505376,0
9672,222.8261742919567,0.14333304716274142,0
9673,222.8413468329818,0.15570898540318012,0
9674,222.85652545798803,0.1503750099800527,0
9675,222.87171579198912,0.23187499027699232,0
9676,222.88571933296043,0.14566699974238873,0
9677,222.89717929199105,0.11383299715816975,0
9678,222.90791120799258,0.1722919987514615,0
9679,222.92314387497026,0.21541700698435307,0
9680,222.9367979579838,0.2552919904701412,0
9681,222.94898449996253,0.5932080093771219,0
9682,222.96304562495789,0.9057919960469007,0
9683,222.97556020796765,3.353875013999641,0
9684,222.99444729200331,0.4048330010846257,0
9685,223.00640945800114,0.3156669554300606,0
9686,223.0223390829633,0.42433402268216014,0
9687,223.0360781669733,0.21287502022460103,0
9688,223.05132799997227,0.2865000278688967,0
9689,223.06666754197795,0.3911249805241823,0
9690,223.0819637919776,,1
9691,223.19570545799797,,1
9692,223.31213524995837,,1
9693,223.4249713330064,,1
9694,223.53796208300628,1.6249999753199518,0
9695,223.554692582984,0.5535419913940132,0
9696,223.5656669579912,0.5005839630030096,0
9697,223.5794624579721,0.38658402627334,0
9698,223.59374791698065,0.24041597498580813,0
9699,223.60903070797212,0.24812499759718776,0
9700,223.62239120795857,0.2775000175461173,0
9701,223.6360427920008,0.2536249812692404,0
9702,223.651335750008,,1
9703,223.76779391698074,,1
9704,223.88451733300462,,1
9705,223.99901295796735,,1
9706,224.11633504199563,0.6024999893270433,0
9707,224.13201129197842,0.5026250146329403,0
9708,224.14562112500425,0.476707995403558,0
9709,224.16114983300213,0.46308396849781275,0
9710,224.17308395798318,0.4776249988935888,0
9711,224.1860552500002,0.49120798939839005,0
9712,224.20121462497627,0.519749999511987,0
9713,224.21424866700545,0.4587079747579992,0
9714,224.22976033296436,0.4509169957600534,0
9715,224.24147595796967,0.4984590341337025,0
9716,224.25270941696363,0.49712503096088767,0
9717,224.26825420797104,0.44691702350974083,0
9718,224.2836937920074,0.5104159936308861,0
9719,224.2992648750078,0.5243749474175274,0
9720,224.31485654198332,0.4838330205529928,0
9721,224.33040366700152,0.4755829577334225,0
9722,224.3459335420048,,1
9723,224.46235304197762,,1
9724,224.57968595798593,,1
9725,224.6960656250012,,1
9726,224.81309758295538,,1
9727,224.92634245799854,0.5667500081472099,0
9728,224.94201091700234,0.25770795764401555,0
9729,224.95730833295966,0.19045901717618108,0
9730,224.9725280419807,0.18454098608344793,0
9731,224.98773337499006,0.18337497022002935,0
9732,225.0013896249584,0.38533302722498775,0
9733,225.01535808300832,0.28958398615941405,0
9734,225.03069104196038,0.31450000824406743,0
9735,225.0436072080047,0.32983400160446763,0
9736,225.05898595799226,0.511083984747529,0
9737,225.07340458297404,0.41629199404269457,0
9738,225.08887358300854,0.3531249822117388,0
9739,225.1042797919945,0.35087496507912874,0
9740,225.11967854195973,0.35975000355392694,0
9741,225.13139879197115,0.32175000524148345,0
9742,225.14303941698745,0.3947080112993717,0
9743,225.15466408297652,0.37208403227850795,0
9744,225.17008079198422,0.3691249876283109,0
9745,225.1816242079949,0.3439589636400342,0
9746,225.19243974995334,0.382583006285131,0
9747,225.20786466699792,0.3820830024778843,0
9748,225.22329150000587,0.3404999733902514,0
9749,225.2386727919802,0.3387500182725489,0
9750,225.2533309169812,0.42829097947105765,0
9751,225.26880208298098,0.3629170241765678,0
9752,225.28236412495608,0.3874580143019557,0
9753,225.29658662498696,0.3751249751076102,0
9754,225.3120099999942,0.3469999646767974,0
9755,225.3257655829657,0.35358400782570243,0
9756,225.3411620419938,0.3400829737074673,0
9757,225.3520839170087,0.4623749991878867,0
9758,225.3675964580034,0.3479589940980077,0
9759,225.38104504195508,0.3327080048620701,0
9760,225.39446420798777,0.3308749874122441,0
9761,225.4098402079544,0.3065420314669609,0
9762,225.42518587497761,0.34837500425055623,0
9763,225.44057441700716,0.3299579839222133,0
9764,225.45594591699773,0.37345796590670943,0
9765,225.4672442919691,0.35095802741125226,0
9766,225.48191683297046,0.9846669854596257,0
9767,225.4971467499854,0.3439169959165156,0
9768,225.50875749997795,0.33466698369011283,0
9769,225.52260616695276,0.3302500117570162,0
9770,225.53782820800552,0.3065419732593,0
9771,225.54941008298192,0.28241699328646064,0
9772,225.56135583296418,0.35133399069309235,0
9773,225.57674762496026,0.3551670233719051,0
9774,225.58834354195278,0.441666052211076,0
9775,225.60148920799838,0.28891698457300663,0
9776,225.61681733297883,0.3581669880077243,0
9777,225.63222729199333,0.3744160057976842,0
9778,225.6476514999522,0.3458330174908042,0
9779,225.65832908300217,0.3551669651642442,0
9780,225.67372441699263,0.31833298271521926,0
9781,225.68704520800384,,1
9782,225.80426074995194,,1
9783,225.92092370800674,,1
9784,226.03648679197067,,1
9785,226.1496837500017,,1
9786,226.26695145800477,0.45416696229949594,0
9787,226.28104745800374,0.4009169642813504,0
9788,226.29684166697552,0.5190410302020609,0
9789,226.31241879198933,0.3821249702014029,0
9790,226.32784004195128,0.3153750440105796,0
9791,226.34319295798196,0.3458340070210397,0
9792,226.35858349996852,0.31391700031235814,0
9793,226.37376508297166,0.4038750194013119,0
9794,226.38532395800576,0.32520899549126625,0
9795,226.39692191698123,0.30941597651690245,0
9796,226.4085274579702,0.31691702315583825,0
9797,226.42063174996292,0.35787501838058233,0
9798,226.43603554199217,0.3637910122051835,0
9799,226.4490357079776,0.30274997698143125,0
9800,226.463285041973,0.3815829986706376,0
9801,226.4781973749632,0.34075003350153565,0
9802,226.49358333298005,0.37691701436415315,0
9803,226.50899870798457,0.3476669662632048,0
9804,226.52108645800035,0.3540839534252882,0
9805,226.5364820829709,0.3688749857246876,0
9806,226.55189766699914,0.3465409972704947,0
9807,226.56483479199233,0.31874998239800334,0
9808,226.57680583297042,0.3040420124307275,0
9809,226.5921591669903,0.3238329663872719,0
9810,226.60460508300457,0.3619999624788761,0
9811,226.6200237919693,0.4211250343360007,0
9812,226.63466195797082,0.6455419934354722,0
9813,226.65035408298718,0.31649996526539326,0
9814,226.66572679195087,0.41041604708880186,0
9815,226.68119204195682,0.49937504809349775,0
9816,226.69677408295684,0.38100004894658923,0
9817,226.71220879198518,0.45804097317159176,0
9818,226.7263811249868,0.4249999765306711,0
9819,226.7418544999673,0.36520801950246096,0
9820,226.7572727079969,0.18979195738211274,0
9821,226.77249862498138,0.08379202336072922,0
9822,226.783965666953,0.24525000480934978,0
9823,226.7952377499896,0.20370801212266088,0
9824,226.80867941700853,0.313415948767215,0
9825,226.81928937498014,0.22879202151671052,0
9826,226.8299982919707,0.22783299209550023,0
9827,226.8422404169687,0.21008303156122565,0
9828,226.85413941700244,0.22812496172264218,0
9829,226.86942812497728,0.21416699746623635,0
9830,226.88285366696073,0.22425001952797174,0
9831,226.89605283300625,0.1669999910518527,0
9832,226.91125508298865,0.23308396339416504,0
9833,226.92651758296415,0.09074999252334237,0
9834,226.93696366698714,0.17820799257606268,0
9835,226.94907033297932,0.16549997963011265,0
9836,226.960699291958,0.8784160017967224,0
9837,226.9732281669858,0.2993749803863466,0
9838,226.9884781249566,0.2591250231489539,0
9839,227.00378354196437,0.26170798810198903,0
9840,227.01909795799293,0.30495895771309733,0
9841,227.03293187497184,0.1917920308187604,0
9842,227.0432202499942,0.21799997193738818,0
9843,227.0549348749919,0.17333298455923796,0
9844,227.06630304199643,0.1451660064049065,0
9845,227.08148658298887,0.23341696942225099,0
9846,227.09676316700643,0.17549999756738544,0
9847,227.11196437495528,0.16129203140735626,0
9848,227.1271715000039,0.1706249895505607,0
9849,227.14175262500066,0.17099996330216527,0
9850,227.15695833298378,,1
9851,227.27415633300552,,1
9852,227.39068966696505,,1
9853,227.5079787079594,,1
9854,227.6221929579624,,1
9855,227.73809320799774,,1
9856,227.85139037499903,,1
9857,227.96864124998683,,1
9858,228.08601841697237,,1
9859,228.19880804198328,,1
9860,228.3160879999632,,1
9861,228.42871783295413,,1
9862,228.54484341695206,,1
9863,228.6609419999877,,1
9864,228.7745279999799,0.49354200018569827,0
9865,228.78860279195942,0.39950001519173384,0
9866,228.80405404197518,0.3523749765008688,0
9867,228.819461416977,0.3702500252984464,0
9868,228.83449529198697,0.41395798325538635,0
9869,228.84995045798132,0.3968339879065752,0
9870,228.86539358296432,0.40708400774747133,0
9871,228.87902649998432,0.3809169866144657,0
9872,228.89444795798045,0.3647499834187329,0
9873,228.90986058296403,0.38300000596791506,0
9874,228.9221059170086,0.41329098166897893,0
9875,228.9338730419986,0.401041004806757,0
9876,228.94857974996557,,1
9877,229.06197262497153,,1
9878,229.17707612499362,,1
9879,229.2901432919898,,1
9880,229.40411679196404,,1
9881,229.52002299996093,,1
9882,229.63513433298795,,1
9883,229.7523991249618,0.4016250022687018,0
9884,229.7678589169518,0.3446660120971501,0
9885,229.78325870796107,0.38945901906117797,0
9886,229.79870012495667,0.341000035405159,0
9887,229.8106833329657,0.3218339988961816,0
9888,229.82197141699726,0.2685830113478005,0
9889,229.83580266695935,0.33479102421551943,0
9890,229.85117737500696,0.32187497708946466,0
9891,229.86469787498936,0.30574999982491136,0
9892,229.87929354200605,0.3197909682057798,0
9893,229.8904126669513,0.31395803671330214,0
9894,229.90285824995954,0.3302920376881957,0
9895,229.91467758297222,0.2877499791793525,0
9896,229.93000283295987,0.30308403074741364,0
9897,229.94359358295333,0.3547090454958379,0
9898,229.95899779198226,0.39412500336766243,0
9899,229.97444191697286,0.3528330125845969,0
9900,229.98733166698366,0.33079099375754595,0
9901,230.0027023750008,0.3475829726085067,0
9902,230.0134324170067,0.27266598772257566,0
9903,230.0250454999623,0.2915420336648822,0
9904,230.03923599998234,0.42633299017325044,0
9905,230.0547442919924,0.30399998649954796,0
9906,230.06562237499747,0.288457958959043,0
9907,230.08095308300108,0.30337495263665915,0
9908,230.09629383299034,0.295375008136034,0
9909,230.10972362500615,0.3541249898262322,0
9910,230.12511745799566,0.3025420010089874,0
9911,230.1404702499858,0.297166989184916,0
9912,230.15580758295255,0.3298750380054116,0
9913,230.1697844999726,0.4379170131869614,0
9914,230.18527158297366,0.2988339983858168,0
9915,230.1991108749644,,1
9916,230.31566674995702,,1
9917,230.43118212500121,,1
9918,230.54358212498482,,1
9919,230.66089129197644,,1
9920,230.77749695797684,,1
9921,230.89401320798788,,1
9922,231.01126449997537,,1
9923,231.12796420796076,,1
9924,231.24363704200368,,1
9925,231.35621499997796,,1
9926,231.47339016699698,,1
9927,231.5896556249936,,1
9928,231.70274424995296,,1
9929,231.81998708297033,,1
9930,231.93759129196405,,1
9931,232.05079183296766,,1
9932,232.16807204199722,,1
9933,232.28534995799419,,1
9934,232.40263141697505,,1
9935,232.51987449999433,,1
9936,232.63710770796752,0.4071249859407544,0
9937,232.64884999999776,0.33362500835210085,0
9938,232.66049566696165,0.28733303770422935,0
9939,232.67358616698766,0.3531249822117388,0
9940,232.6880427079741,,1
9941,232.80528729199432,0.42274995939806104,0
9942,232.81715816695942,0.338790996465832,0
9943,232.82837445795303,0.33466704189777374,0
9944,232.84219408297213,0.37404202157631516,0
9945,232.8576168330037,0.31804200261831284,0
9946,232.86886137496913,0.39054203080013394,0
9947,232.8817382499692,0.3399580018594861,0
9948,232.89279487496242,0.31808303901925683,0
9949,232.90816074999748,0.3071249811910093,0
9950,232.92192879196955,0.31704100547358394,0
9951,232.93728570797248,0.35554199712350965,0
9952,232.9527197079733,0.5053339991718531,0
9953,232.96806324995123,0.40433305548503995,0
9954,232.98352066695224,0.46029104851186275,0
9955,232.9990635419963,0.4142500110901892,0
9956,233.0101864580065,0.3987919772043824,0
9957,233.02376312500564,0.678666983731091,0
9958,233.0394854999613,0.3472079988569021,0
9959,233.05488883296493,0.31733402283862233,0
9960,233.06677720800508,0.29658398125320673,0
9961,233.07843333296478,,1
9962,233.19563612499041,0.38837501779198647,0
9963,233.21113820798928,0.34616701304912567,0
9964,233.22398116695695,0.4313330282457173,0
9965,233.2394684579922,0.35258400021120906,0
9966,233.25260533299297,,1
9967,233.368694417004,,1
9968,233.4860096249613,,1
9969,233.60089629195863,,1
9970,233.71599554200657,0.385790946893394,0
9971,233.72836849995656,0.21658302284777164,0
9972,233.74358549999306,0.20758301252499223,0
9973,233.7588302079821,0.1899590133689344,0
9974,233.76926345797256,0.18800003454089165,0
9975,233.7844950419967,0.2307079848833382,0
9976,233.79977070796303,0.20879204384982586,0
9977,233.81503441696987,0.19287498435005546,0
9978,233.82732341700466,0.17891597235575318,0
9979,233.83758720796322,0.18637499306350946,0
9980,233.8511158329784,0.2090419875457883,0
9981,233.86636891699163,0.2212079707533121,0
9982,233.87953691696748,0.368500011973083,0
9983,233.8921336249914,0.40745799196884036,0
9984,233.90758854197338,0.2585829934105277,0
9985,233.92073579196585,0.2648750087246299,0
9986,233.9360642079846,0.25699997786432505,0
9987,233.9506630830001,0.316666963044554,0
9988,233.96602891699877,0.3048329963348806,0
9989,233.97807462495985,0.2726670354604721,0
9990,233.99339266697643,0.2728750114329159,0
9991,234.0087148330058,0.27883396251127124,0
9992,234.0240411249688,0.27962500462308526,0
9993,234.03939579200232,0.2793750027194619,0
9994,234.05361787497532,0.31999999191612005,0
9995,234.06897566700354,0.27929095085710287,0
9996,234.0842886249884,0.26608299231156707,0
9997,234.099591999955,0.2781250514090061,0
9998,234.10992316697957,0.27133297407999635,0
9999,234.12522916699527,0.24629099061712623,0
