seq,times_elapsed_secs,rtt_ms,lost
0,1.3750395737588406e-06,0.3884590114466846,0
1,0.012921167013701051,0.1567919971421361,0
2,0.025606125011108816,0.14908402226865292,0
3,0.03827625000849366,0.1382090267725289,0
4,0.050931917037814856,0.13162498362362385,0
5,0.06358229200122878,0.14354201266542077,0
6,0.07624316704459488,0.16354199033230543,0
7,0.08892512501915917,0.14962500426918268,0
8,0.10159154201392084,0.12916699051856995,0
9,0.11423720902530476,0.14679098967462778,0
10,0.12690295901848003,0.179541006218642,0
11,0.13960408401908353,0.17800001660361886,0
12,0.15230241703102365,0.22133300080895424,0
13,0.1650458340300247,0.20175002282485366,0
14,0.17779920902103186,0.40866603376343846,0
15,0.18978220905410126,0.4694999661296606,0
16,0.20383520901668817,1.1077499948441982,0
17,0.21753962500952184,0.4633750068023801,0
18,0.23059354204451665,0.5203330074436963,0
19,0.24135279201436788,0.44062500819563866,0
20,0.2521053340169601,0.5497080273926258,0
21,0.26412708405405283,1.6188749577850103,0
22,0.2783409590483643,0.35695795668289065,0
23,0.29131954204058275,0.34145801328122616,0
24,0.30424425000092015,0.5716670420952141,0
25,0.3154115420184098,0.4450830165296793,0
26,0.32845479203388095,0.38879201747477055,0
27,0.3391744590480812,0.5724579677917063,0
28,0.3510219170129858,1.8085000338032842,0
29,0.366026834002696,0.41908305138349533,0
30,0.37688895902829245,0.28308300534263253,0
31,0.3897466250346042,0.6068749935366213,0
32,0.40059500001370907,1.1315420269966125,0
33,0.4143103750539012,1.1671249521896243,0
34,0.42810866702347994,0.2947920002043247,0
35,0.43912054202519357,0.35504199331626296,0
36,0.45202662504743785,0.29420899227261543,0
37,0.4649395840242505,0.33237499883398414,0
38,0.47783120902022347,0.2585410256870091,0
39,0.49013341701356694,0.29912503669038415,0
40,0.5009915000409819,0.3047919599339366,0
41,0.5131534170359373,0.24016702082008123,0
42,0.5259521250263788,0.2026250003837049,0
43,0.538703375030309,0.3302089753560722,0
44,0.5516031250008382,0.3535420401021838,0
45,0.5627199170412496,0.26579201221466064,0
46,0.5746313750278205,0.28608401771634817,0
47,0.5874690000200644,0.3191250143572688,0
48,0.6003222920116968,0.23129204055294394,0
49,0.6106535000144504,0.4364590276964009,0
50,0.6236475840560161,0.32949994783848524,0
51,0.6365226250491105,0.44116697972640395,0
52,0.6479529589996673,2.5739160482771695,0
53,0.6607808340340853,0.5261659971438348,0
54,0.6729539590305649,0.5299579934217036,0
55,0.6849649590440094,0.5509579787030816,0
56,0.6974939170177095,0.4639580147340894,0
57,0.710523292014841,0.5562080186791718,0
58,0.7225827500224113,0.43937499867752194,0
59,0.7355807500425726,0.6064169574528933,0
60,0.7479639170342125,0.5612079985439777,0
61,0.7610846250317991,0.5122500006109476,0
62,0.7741572090308182,0.5112080252729356,0
63,0.7872387500246987,0.49766700249165297,0
64,0.7987937920261174,2.1339579834602773,0
65,0.8136181670124643,0.4943750100210309,0
66,0.8266910000238568,0.651167007163167,0
67,0.8400477090035565,1.22170802205801,0
68,0.8526170000550337,0.5422089598141611,0
69,0.8649835840333253,0.3096659784205258,0
70,0.8778754590312019,0.3054160042665899,0
71,0.888934042013716,0.34666701685637236,0
72,0.9003546250169165,0.30870898626744747,0
73,0.9132629590458237,0.433957960922271,0
74,0.9247670840122737,0.48812502063810825,0
75,0.9357832500245422,1.0257919784635305,0
76,0.9493864170508459,0.39666699012741446,0
77,0.9599870420061052,0.360167003236711,0
78,0.9729580840212293,0.4825000069104135,0
79,0.9847322500427254,0.44525001430884004,0
80,0.9977460000081919,0.2560419961810112,0
81,1.010550792037975,0.22095796884968877,0
82,1.0233257500221953,0.33820897806435823,0
83,1.0337569590192288,0.4985409905202687,0
84,1.0468402500264347,0.3125420189462602,0
85,1.0597000840352848,0.2515409723855555,0
86,1.070014542026911,0.20183302694931626,0
87,1.0827611250570044,0.3427089541219175,0
88,1.0956502920016646,0.2828330034390092,0
89,1.1084612090489827,0.2836249768733978,0
90,1.1187938750372268,0.2292919671162963,0
91,1.1315537920454517,0.28066697996109724,0
92,1.1443757090019062,0.24262501392513514,0
93,1.1567756670410745,0.2697079908102751,0
94,1.169566875032615,0.2649169764481485,0
95,1.181275042006746,0.17787504475563765,0
96,1.1939708340214565,0.22266601445153356,0
97,1.206730375008192,0.45958400005474687,0
98,1.2176480840425938,0.4749579820781946,0
99,1.2307188750128262,1.672999991569668,0
100,1.2449816250009462,0.559584004804492,0
101,1.2559359170263633,0.6718750228174031,0
102,1.268415125028696,0.3619170165620744,0
103,1.2840791250346228,0.987791980151087,0
104,1.2966495420550928,0.2972079673781991,0
105,1.3070589590352029,0.5175829865038395,0
106,1.320187417033594,0.5515830125659704,0
107,1.3322158340015449,,1
108,1.4453481250093319,,1
109,1.5578223340562545,,1
110,1.6715944170136936,0.2822920214384794,0
111,1.6820158750051633,0.215750013012439,0
112,1.6948185420478694,0.339832971803844,0
113,1.707743292034138,0.34604198299348354,0
114,1.7206637090421282,0.3971249680034816,0
115,1.7336358750471845,0.4854589933529496,0
116,1.7466970000532456,0.27291697915643454,0
117,1.7595314170466736,0.36624999484047294,0
118,1.7724747090251185,0.3505829954519868,0
119,1.7846357500529848,0.25224999990314245,0
120,1.7974447500309907,0.1996249775402248,0
121,1.807796417037025,0.28608296997845173,0
122,1.8196716670063324,0.429708044975996,0
123,1.8326562920119613,0.2346670371480286,0
124,1.8433490420575254,0.2026669681072235,0
125,1.8558031670399942,0.3383329603821039,0
126,1.8687107920413837,0.3852079971693456,0
127,1.8810987920151092,0.27295801555737853,0
128,1.891856334055774,0.29087497387081385,0
129,1.9046936250524595,0.2825839910656214,0
130,1.917259375040885,0.3369170008227229,0
131,1.9290290840435773,0.33370801247656345,0
132,1.9402737920172513,0.2830000012181699,0
133,1.9507344590383582,0.21916598780080676,0
134,1.961050417041406,0.3850829671137035,0
135,1.9740050420514308,0.6082920008338988,0
136,1.9846928750048392,0.32700004521757364,0
137,1.9975851670023985,1.0841250186786056,0
138,2.0112395000178367,0.41099998634308577,0
139,2.0218413750408217,0.5228340160101652,0
140,2.0336695840233006,0.28837501304224133,0
141,2.0465243750368245,0.30133401742205024,0
142,2.0593895000056364,0.30325003899633884,0
143,2.0722678750171326,0.3961669863201678,0
144,2.08303695905488,0.5044999998062849,0
145,2.096140584035311,0.45133300591260195,0
146,2.106707167054992,0.4057499463669956,0
147,2.1196949170553125,,1
148,2.2328984170453623,,1
149,2.3447955840383656,0.5186249618418515,0
150,2.356009500043001,0.5184999899938703,0
151,2.367640584008768,0.45029103057458997,0
152,2.3798243750352412,0.5477090016938746,0
153,2.3929950840538368,0.5469579482451081,0
154,2.406159459031187,0.6967909866943955,0
155,2.4195042500505224,0.5948749603703618,0
156,2.4318152090418153,0.8187909843400121,0
157,2.4452200420200825,0.45191700337454677,0
158,2.4582984590088017,0.528083008248359,0
159,2.47142433404224,0.4113329923711717,0
160,2.483882667031139,0.6981249898672104,0
161,2.4971982090501115,0.47987495781853795,0
162,2.510275084001478,0.5240000318735838,0
163,2.523402375052683,0.4574169870465994,0
164,2.537757625046652,0.7792499964125454,0
165,2.5500956250471063,0.5370840081013739,0
166,2.563076834019739,0.5167500348761678,0
167,2.5738126250216737,0.9972089901566505,0
168,2.585621667036321,0.4534579929895699,0
169,2.5974862090079114,,1
170,2.710696625057608,0.5542919971048832,0
171,2.7238440420478582,0.45074999798089266,0
172,2.7367109590559267,0.41812495328485966,0
173,2.7480712920078076,0.3646670375019312,0
174,2.760651292046532,0.3694999613799155,0
175,2.7735896670492366,0.37337496178224683,0
176,2.7842925840523094,0.32049999572336674,0
177,2.796059917018283,0.3471249947324395,0
178,2.8089342090534046,0.3374579828232527,0
179,2.8216974170063622,0.42212504195049405,0
180,2.8346780000138097,0.32154202926903963,0
181,2.847548750054557,0.34308398608118296,0
182,2.860446500009857,0.3527090302668512,0
183,2.8727065000566654,0.34616695484146476,0
184,2.8838525840546936,0.5155829712748528,0
185,2.8974941250053234,0.38766703801229596,0
186,2.9117969590006396,0.4820830072276294,0
187,2.9249206670210697,0.40725001599639654,0
188,2.9357355420361273,0.368500011973083,0
189,2.947956250049174,2.154958958271891,0
190,2.960992750013247,0.565042020753026,0
191,2.976756625052076,0.6323339766822755,0
192,2.9902652500313707,2.4558749864809215,0
193,3.0053458340116777,0.3072500112466514,0
194,3.0172156670014374,0.3440420259721577,0
195,3.0301633340422995,0.4784580087289214,0
196,3.043265792017337,0.5912079941481352,0
197,3.0548467920161784,0.4152919864282012,0
198,3.066653459041845,0.42533298255875707,0
199,3.0784219590132125,0.3727910225279629,0
200,3.0913919590529986,0.5104579613544047,0
201,3.1045171250007115,0.4546250565908849,0
202,3.1159001250052825,0.3183750086463988,0
203,3.1287607090198435,,1
204,3.242608917003963,,1
205,3.356507250049617,0.758291978854686,0
206,3.3698525420040824,0.5167500348761678,0
207,3.3812186249997467,0.5387500277720392,0
208,3.3943060420569964,0.47916697803884745,0
209,3.4073758750455454,,1
210,3.5201708750100806,,1
211,3.633953292039223,,1
212,3.747018000052776,,1
213,3.8588883750489913,,1
214,3.971866875013802,,1
215,4.084835959016345,5.086791003122926,0
216,4.102757542044856,0.5567499902099371,0
217,4.115725125011522,0.29954203637316823,0
218,4.128687625052407,0.5827919812873006,0
219,4.142948334047105,0.6867499905638397,0
220,4.155276000034064,0.463999982457608,0
221,4.167755084054079,0.7850409601815045,0
222,4.178763459029142,0.6102080224081874,0
223,4.192013584019151,14.348458033055067,0
224,4.2199437920353375,20.874542009551078,0
225,4.25364279205678,0.6094169802963734,0
226,4.267594917037059,10.31124999281019,0
227,4.290698625030927,0.3575420123524964,0
228,4.3041648750077,0.4374170093797147,0
229,4.317430125025567,0.4180839750915766,0
230,4.328062875021715,0.5675419815815985,0
231,4.339656042051502,0.913208001293242,0
232,4.35163370904047,0.7239580154418945,0
233,4.365198709012475,0.7518749916926026,0
234,4.378682500042487,1.8499589641578496,0
235,4.391895167005714,0.8442079997621477,0
236,4.403542459011078,0.5058330134488642,0
237,4.416741125052795,0.4338749567978084,0
238,4.429856542032212,0.9735000203363597,0
239,4.44359095901018,0.43700000969693065,0
240,4.456616459006909,0.4256660467945039,0
241,4.4697141670039855,0.31050003599375486,0
242,4.483839042019099,3.7534169969148934,0
243,4.503588417021092,1.1614169925451279,0
244,4.523411625006702,2.2877920418977737,0
245,4.539539959048852,0.480332993902266,0
246,4.556522709026467,1.675457984674722,0
247,4.572487292054575,0.4015419981442392,0
248,4.584355459024664,0.2769160200841725,0
249,4.597837209003046,4.812041006516665,0
250,4.613509167043958,0.24612498236820102,0
251,4.623983792029321,0.5324999801814556,0
252,4.6371005000546575,0.23666699416935444,0
253,4.649348250008188,0.2668750239536166,0
254,4.662174959026743,0.18412497593089938,0
255,4.6724432920455,0.20070798927918077,0
256,4.685182750050444,0.22737495601177216,0
257,4.697955292009283,0.47191703924909234,0
258,4.709401209023781,0.1872910070233047,0
259,4.721875292016193,0.17512502381578088,0
260,4.732858917035628,0.10854197898879647,0
261,4.743359834013972,0.19641598919406533,0
262,4.753639500006102,0.37995900493115187,0
263,4.765164334035944,0.24595798458904028,0
264,4.776917417009827,0.27558300644159317,0
265,4.788801625021733,0.354000017978251,0
266,4.8017124170437455,0.2947080065496266,0
267,4.8145596670219675,0.3522920305840671,0
268,4.826380584039725,0.3043329925276339,0
269,4.8382532090181485,0.36341603845357895,0
270,4.851167334010825,0.4004579968750477,0
271,4.861978500033729,0.23179198615252972,0
272,4.8738331670174375,0.2956670359708369,0
273,4.886674042034429,0.24987501092255116,0
274,4.897544292034581,0.2530000056140125,0
275,4.908250667038374,0.4132079775445163,0
276,4.919197292008903,0.32591703347861767,0
277,4.93105087504955,0.2839170047082007,0
278,4.943912459013518,0.27545803459361196,0
279,4.955791375017725,0.22950000129640102,0
280,4.96856916701654,0.4359169979579747,0
281,4.980290792009328,0.23091700859367847,0
282,4.992356125032529,0.21904200548306108,0
283,5.005131667014211,0.258082989603281,0
284,5.0154502500081435,0.3687090356834233,0
285,5.027155875053722,0.31774997478350997,0
286,5.039006459002849,0.34691602922976017,0
287,5.051905959029682,0.375000003259629,0
288,5.06255566701293,0.4287920310162008,0
289,5.0755651670042425,0.46666699927300215,0
290,5.088600125047378,0.2565419999882579,0
291,5.100118875037879,0.21799997193738818,0
292,5.111039084033109,0.22966600954532623,0
293,5.1215739590115845,0.37283299025148153,0
294,5.134526417008601,0.266792019829154,0
295,5.1458266250556335,0.31158397905528545,0
296,5.158358750049956,8.987249981146306,0
297,5.180006209004205,0.32345805084332824,0
298,5.19288495904766,0.24820800172165036,0
299,5.20352812501369,0.3349590115249157,0
300,5.216442667006049,0.4371670074760914,0
301,5.227365209022537,0.14404102694243193,0
302,5.240064250014257,0.388749991543591,0
303,5.253047542006243,0.5919579998590052,0
304,5.264130334020592,0.328666006680578,0
305,5.274840542057063,0.2712079440243542,0
306,5.28671066701645,0.31579198548570275,0
307,5.299578667036258,0.39666699012741446,0
308,5.310297375021037,0.29604200972244143,0
309,5.322487834026106,0.37475000135600567,0
310,5.335448666999582,0.45075005618855357,0
311,5.347509334038477,0.48529100604355335,0
312,5.359674084000289,0.4825830110348761,0
313,5.372744834050536,0.3692079917527735,0
314,5.383416125026997,0.3992919810116291,0
315,5.396387834043708,,1
316,5.508226417005062,,1
317,5.621368125022855,,1
318,5.735244459006935,,1
319,5.849010542035103,,1
320,5.962691125052515,,1
321,6.075781334016938,0.6444579921662807,0
322,6.087539667030796,0.44916698243469,0
323,6.099552292027511,0.46970800030976534,0
324,6.112622959015425,0.4711250076070428,0
325,6.1256939170416445,0.7197079830802977,0
326,6.139517000003252,0.39366702549159527,0
327,6.152649959025439,0.4426660016179085,0
328,6.165640792052727,0.9800829575397074,0
329,6.179274500056636,0.45470899203792214,0
330,6.192617959051859,0.4706659819930792,0
331,6.203716584015638,1.093125029001385,0
332,6.21655783400638,0.972583016846329,0
333,6.230180292041041,0.37104199873283505,0
334,6.240814584016334,0.4113329923711717,0
335,6.252677500015125,0.38487499114125967,0
336,6.265403000055812,0.4210839979350567,0
337,6.278416709043086,0.4522500094026327,0
338,6.29003991704667,0.40437496500089765,0
339,6.303205500007607,0.43950002873316407,0
340,6.316464792005718,0.45779201900586486,0
341,6.327995167055633,0.4925419925712049,0
342,6.34107716701692,3.691249992698431,0
343,6.357956459047273,0.43524999637156725,0
344,6.3702850000117905,,1
345,6.484161042026244,,1
346,6.59802962501999,,1
347,6.711432000040077,,1
348,6.824032584030647,,1
349,6.936427167034708,,1
350,7.050333417020738,,1
351,7.164050959050655,,1
352,7.2777614170336165,,1
353,7.390701167052612,,1
354,7.5044856670429,0.29562501003965735,0
355,7.517362542042974,0.5637499853037298,0
356,7.530527334020007,0.4999160300940275,0
357,7.542534875043202,0.582750013563782,0
358,7.554144209017977,0.3910830128006637,0
359,7.564841542043723,1.3932919828221202,0
360,7.578648292052094,0.5544169689528644,0
361,7.591289375035558,0.5447500152513385,0
362,7.6044565420015715,0.5410000449046493,0
363,7.617613250040449,0.5482090055011213,0
364,7.630762500048149,0.48454198986291885,0
365,7.641418125014752,0.7133340113796294,0
366,7.654752667003777,0.45125000178813934,0
367,7.666217917052563,0.4302499582991004,0
368,7.679238667013124,0.5554170347750187,0
369,7.692409250012133,,1
370,7.80508825002471,,1
371,7.9188353340141475,,1
372,8.031540959025733,,1
373,8.145451875054277,,1
374,8.25860870903125,,1
375,8.372522584046237,,1
376,8.48643000004813,,1
377,8.598185417009518,,1
378,8.710786875046324,,1
379,8.822764167038258,,1
380,8.936628499999642,,1
381,9.0505159170134,,1
382,9.164144417038187,0.44304196489974856,0
383,9.177183917025104,0.30112499371171,0
384,9.190055167011451,0.29075000202283263,0
385,9.201996709045488,0.4957909695804119,0
386,9.216204167052638,0.5322079523466527,0
387,9.229288375005126,0.31229201704263687,0
388,9.242143792042043,0.27774996124207973,0
389,9.254962459031958,0.3905409830622375,0
390,9.265687750012148,0.3980839974246919,0
391,9.278640834032558,0.37049996899440885,0
392,9.291554292023648,0.4273329977877438,0
393,9.304531167028472,0.37762499414384365,0
394,9.317382250039373,0.5002919933758676,0
395,9.330447542015463,0.40845799958333373,0
396,9.343462750024628,0.40004198672249913,0
397,9.356411292043049,0.4535829648375511,0
398,9.367180667002685,0.4493330488912761,0
399,9.379751459055115,0.36149995867162943,0
400,9.391032209037803,0.3537909942679107,0
401,9.403927834006026,0.48054102808237076,0
402,9.415121042053215,0.37233298644423485,0
403,9.425878959009424,0.37220801459625363,0
404,9.437977542052977,0.30687497928738594,0
405,9.449132709007245,0.26791600976139307,0
406,9.461939000000712,0.2804170362651348,0
407,9.474760084005538,0.31458301236853004,0
408,9.48762725002598,0.3041250165551901,0
409,9.499410000047646,0.2922089770436287,0
410,9.51224341703346,0.31924998620525,0
411,9.525103000050876,0.2903339918702841,0
412,9.53793787502218,0.29912497848272324,0
413,9.55079441703856,0.4012499703094363,0
414,9.562925292004365,0.3679580404423177,0
415,9.574844000046141,0.370291993021965,0
416,9.586453000025358,0.3405000315979123,0
417,9.599356750026345,0.48166699707508087,0
418,9.612387375032995,0.3845000173896551,0
419,9.625319334038068,0.3591660060919821,0
420,9.63826900004642,0.42683398351073265,0
421,9.650304917013273,0.4020420019514859,0
422,9.662023125041742,0.4629999748431146,0
423,9.672985292039812,0.6151249981485307,0
424,9.68575037503615,0.3482499741949141,0
425,9.698665750038344,0.3594589652493596,0
426,9.70922362501733,0.43337501119822264,0
427,9.722303500049748,0.37475000135600567,0
428,9.734718167048413,0.45437499647960067,0
429,9.747476375021506,0.19620900275185704,0
430,9.76022862503305,0.18699996871873736,0
431,9.772452000004705,0.1668340410105884,0
432,9.782908042019699,0.1890829880721867,0
433,9.795632084016688,0.18629099940881133,0
434,9.807056792022195,0.1847919775173068,0
435,9.819781959056854,0.21666596876457334,0
436,9.830810667015612,0.22962503135204315,0
437,9.843579334032256,0.20679098088294268,0
438,9.855680000036955,0.1847500097937882,0
439,9.868393792014103,0.16087503172457218,0
440,9.879504209035076,0.19350001821294427,0
441,9.890203959017526,0.20933302585035563,0
442,9.902947917056736,0.22495799930766225,0
443,9.913503667048644,0.5022079567424953,0
444,9.926624834013637,0.39316603215411305,0
445,9.939127334044315,0.3146659582853317,0
446,9.951999917044304,0.27774996124207973,0
447,9.96412170905387,0.22154097678139806,0
448,9.976885625044815,0.2560419961810112,0
449,9.989680084050633,0.2881249529309571,0
450,10.002514625026379,0.2424169797450304,0
451,10.015109875006601,0.23337500169873238,0
452,10.027644209039863,0.20949996542185545,0
453,10.040384667052422,0.25104195810854435,0
454,10.0508438750403,0.266374961938709,0
455,10.063661417050753,0.2324579982087016,0
456,10.07418500003405,0.2654169802553952,0
457,10.085689750034362,0.24670897983014584,0
458,10.097385417029727,0.2830000012181699,0
459,10.10814637504518,0.24049996864050627,0
460,10.120938209001906,0.27079100254923105,0
461,10.133738084055949,0.2448749728500843,0
462,10.146500667033251,0.2727080136537552,0
463,10.159305542008951,2.2167920251376927,0
464,10.174057959055062,0.2140409778803587,0
465,10.186823625001125,0.38220902206376195,0
466,10.19749720901018,0.42225001379847527,0
467,10.211773917020764,0.4034169833175838,0
468,10.223793959012255,0.5333750159479678,0
469,10.23569329205202,0.650417001452297,0
470,10.24948962504277,0.48679200699552894,0
471,10.261161583999638,0.4063750384375453,0
472,10.274145292001776,0.44629204785451293,0
473,10.285454584052786,0.44350000098347664,0
474,10.298555584042333,0.41391595732420683,0
475,10.310746084025595,0.6603330257348716,0
476,10.323996042017825,0.356542004738003,0
477,10.334900459041819,0.575832964386791,0
478,10.347957625053823,0.3622089861892164,0
479,10.360909792012535,0.4492500447668135,0
480,10.372599459020421,0.37708302261307836,0
481,10.385560834023636,0.38316601421684027,0
482,10.398131750000175,0.3213750314898789,0
483,10.409561959037092,0.5001249955967069,0
484,10.422659667034168,0.3625419922173023,0
485,10.434554042003583,0.4077080520801246,0
486,10.447456459049135,0.35149999894201756,0
487,10.460378667048644,0.4395419964566827,0
488,10.471756167011335,0.39125001057982445,0
489,10.483513792045414,0.6260829977691174,0
490,10.496730542043224,0.389041961170733,0
491,10.509049792017322,0.4787500365637243,0
492,10.52121887501562,0.4064170061610639,0
493,10.532887417008169,0.39716699393466115,0
494,10.545877084019594,0.43704098789021373,0
495,10.558305917016696,0.383333011996001,0
496,10.571265667036641,0.46729197492823005,0
497,10.585206459043548,0.24262501392513514,0
498,10.595853625040036,0.31166698317974806,0
499,10.60874070902355,0.33841602271422744,0
500,10.619351542030927,0.2127080224454403,0
501,10.632118417008314,0.2715830341912806,0
502,10.644951167050749,0.3326669684611261,0
503,10.657855249999557,0.35308400401845574,0
504,10.668967208999675,0.36737503251060843,0
505,10.681416334002279,0.24983304319903255,0
506,10.69273091701325,0.37916703149676323,0
507,10.705686875036918,0.30262500513345003,0
508,10.718351000046823,0.28595898766070604,0
509,10.731218125030864,0.5081249983049929,0
510,10.743840209033806,0.4598330124281347,0
511,10.756906167021953,0.46975002624094486,0
512,10.769975709030405,0.38720801239833236,0
513,10.782946667051874,0.39320799987763166,0
514,10.795368584047537,0.33016595989465714,0
515,10.808283084013965,0.44016604078933597,0
516,10.820074959017802,0.47145801363512874,0
517,10.833038875018246,3.3548750216141343,0
518,10.848783375055064,0.6349169998429716,0
519,10.860196625057142,0.5041249678470194,0
520,10.873312334006187,0.4093750030733645,0
521,10.88581200002227,0.8617090061306953,0
522,10.899276875017677,,1
523,11.011989459046163,0.6860409630462527,0
524,11.025279209017754,0.3791250055655837,0
525,11.038234834035393,0.43112499406561255,0
526,11.049792000034358,0.24733401369303465,0
527,11.062589750043117,0.21174998255446553,0
528,11.072983917023521,0.3477080026641488,0
529,11.084761459031142,0.5895000067539513,0
530,11.096564584004227,0.37366600008681417,0
531,11.109539417026099,0.38308301009237766,0
532,11.122499542019796,0.4056670004501939,0
533,11.133486375038046,0.4349169903434813,0
534,11.146473125030752,0.2680419711396098,0
535,11.159296334022656,0.5020829848945141,0
536,11.17143120901892,0.5246250075288117,0
537,11.184514334017877,0.41974999476224184,0
538,11.197484125033952,0.5330420099198818,0
539,11.210108584025875,0.503875024151057,0
540,11.223203792003915,0.3905000048689544,0
541,11.234976584033575,0.4302079905755818,0
542,11.247955917031504,0.3233330207876861,0
543,11.26084379205713,0.40191697189584374,0
544,11.273485125042498,0.370291993021965,0
545,11.285341084003448,0.35279104486107826,0
546,11.295865084044635,0.3054160042665899,0
547,11.307111334055662,0.20945799769833684,0
548,11.319003084034193,0.314916018396616,0
549,11.331880625046324,0.37166697438806295,0
550,11.3448239590507,0.3447909839451313,0
551,11.357004917052109,0.4776249988935888,0
552,11.370068542018998,0.39495801320299506,0
553,11.38128237501951,0.28966699028387666,0
554,11.391774792049546,0.4296249826438725,0
555,11.403166667034384,0.4854999715462327,0
556,11.415315334044863,0.3528749803081155,0
557,11.428234625025652,0.49454200780019164,0
558,11.439464334049262,0.2758749760687351,0
559,11.451387709006667,0.2150830114260316,0
560,11.46418791700853,0.35625003511086106,0
561,11.477108125051018,0.4296249826438725,0
562,11.488722292007878,0.4806670476682484,0
563,11.499823417048901,0.2511669881641865,0
564,11.512641167035326,0.3852499648928642,0
565,11.525350084004458,0.49420801224187016,0
566,11.53842729202006,0.5209170049056411,0
567,11.551513709011488,0.43000001460313797,0
568,11.563177792006172,0.4555420018732548,0
569,11.574865709000733,0.4802910261787474,0
570,11.587957667012233,0.39887503953650594,0
571,11.600927834049799,0.22449996322393417,0
572,11.613700375019107,0.21875003585591912,0
573,11.624363417038694,0.12462498852983117,0
574,11.636266334040556,0.20124996080994606,0
575,11.649014667025767,0.18620799528434873,0
576,11.661746209021658,0.20404101815074682,0
577,11.672468667034991,0.2537500113248825,0
578,11.68527045904193,0.45020796824246645,0
579,11.698282834026031,0.47054101014509797,0
580,11.711097625026014,0.4347920184955001,0
581,11.722467459039763,0.36033301148563623,0
582,11.735405084036756,0.4707910120487213,0
583,11.748449959035497,0.4066660185344517,0
584,11.760495584050659,0.3137079766020179,0
585,11.772397167049348,0.3659999929368496,0
586,11.78533183404943,0.4559159860946238,0
587,11.79836262500612,0.33250002888962626,0
588,11.810735834005754,0.2803330426104367,0
589,11.823567959014326,0.44837500900030136,0
590,11.836609750054777,0.4974170005880296,0
591,11.84900429204572,0.4248750046826899,0
592,11.862167542043608,0.4361249739304185,0
593,11.875181167037226,0.3891249652951956,0
594,11.887560459028464,0.45437499647960067,0
595,11.900059292034712,2.237208012957126,0
596,11.91273566702148,0.8205000194720924,0
597,11.926187334000133,0.42716600000858307,0
598,11.938255500048399,0.4896669997833669,0
599,11.95138558401959,0.5185829941183329,0
600,11.964504750038031,0.6212919834069908,0
601,11.977719709044322,0.5047500017099082,0
602,11.988536834018305,0.47974998597055674,0
603,12.000472375017125,0.38341700565069914,0
604,12.012906834017485,0.2187080099247396,0
605,12.02569391700672,0.4897080361843109,0
606,12.036627417022828,0.3773330245167017,0
607,12.048190042027272,0.3328750026412308,0
608,12.06082462501945,0.3831670037470758,0
609,12.073776542034466,0.36979198921471834,0
610,12.086713709053583,0.4624159773811698,0
611,12.09795516700251,0.3752920310944319,0
612,12.110883042041678,0.47624995931982994,0
613,12.123923709033988,0.5855829804204404,0
614,12.13713850005297,0.4986669518984854,0
615,12.147957709035836,0.5539999692700803,0
616,12.161062000028323,0.42808399302884936,0
617,12.172468875010964,0.470584025606513,0
618,12.18550787505228,0.5321669741533697,0
619,12.198607667000033,0.5069170147180557,0
620,12.211660959001165,0.46495802234858274,0
621,12.224689209018834,0.5432500038295984,0
622,12.237790792016312,0.26950001483783126,0
623,12.249390084005427,0.2648750087246299,0
624,12.262187709042337,0.23762497585266829,0
625,12.274942709016614,0.22287503816187382,0
626,12.287684834038373,0.20433298777788877,0
627,12.300408584007528,0.21299999207258224,0
628,12.31314145901706,0.1908330013975501,0
629,12.325876292015892,0.41391700506210327,0
630,12.336886542034335,0.43166696559637785,0
631,12.349905334005598,0.4448750405572355,0
632,12.361636875022668,0.31629198929294944,0
633,12.37451716704527,0.5092080100439489,0
634,12.387593292049132,0.4188329912722111,0
635,12.399117292021401,0.3344999859109521,0
636,12.41201141703641,0.5162919987924397,0
637,12.42508454201743,0.3940830356441438,0
638,12.436913084005937,0.4284580354578793,0
639,12.449937875033356,0.4324589972384274,0
640,12.462955542025156,0.39724999805912375,0
641,12.475947625003755,0.5892920307815075,0
642,12.489150125009473,0.5554170347750187,0
643,12.502325209032279,0.5448749870993197,0
644,12.513577750010882,0.5843749968335032,0
645,12.533403667039238,0.5750000127591193,0
646,12.546577792032622,0.34491700353100896,0
647,12.559493750042748,0.352917006239295,0
648,12.572399459022563,0.2758330083452165,0
649,12.584441667015199,0.2821669913828373,0
650,12.596316334034782,0.2995830145664513,0
651,12.606806667055935,0.4451249842531979,0
652,12.619714375003241,1.0806250502355397,0
653,12.633821625029668,0.30670897103846073,0
654,12.646687292028219,0.3339580143801868,0
655,12.658628375036642,,1
656,12.772130625031423,,1
657,12.88522204203764,0.5474580102600157,0
658,12.898355000012089,0.4925840185023844,0
659,12.91141870903084,0.4016659804619849,0
660,12.92441429203609,0.5120419664308429,0
661,12.93640366703039,0.2672499977052212,0
662,12.949083834013436,0.35725004272535443,0
663,12.962023625033908,0.4412920097820461,0
664,12.97453091701027,0.801042013335973,0
665,12.985568959033117,0.482457980979234,0
666,12.998218875029124,,1
667,13.111985500028823,,1
668,13.223784459056333,0.575499958358705,0
669,13.236967959033791,0.3609160194173455,0
670,13.249827084015124,0.24583301274105906,0
671,13.262614959036,0.20891596795991063,0
672,13.274403375049587,0.19574997713789344,0
673,13.287152417004108,0.20837504416704178,0
674,13.29954075004207,0.19091699505224824,0
675,13.311285625037272,0.4675840027630329,0
676,13.324332209012937,0.4230409977026284,0
677,13.336836209055036,0.571874959859997,0
678,13.349965500005055,0.35975000355392694,0
679,13.362864875001833,0.33104204339906573,0
680,13.375735292036552,0.2966250176541507,0
681,13.386679875024129,0.4390000249259174,0
682,13.397884709003847,0.29633304802700877,0
683,13.410745542030782,0.33145799534395337,0
684,13.423614584025927,0.3430410288274288,0
685,13.435084500000812,0.31870900420472026,0
686,13.44747862505028,0.29029196593910456,0
687,13.460304959036876,0.28199999360367656,0
688,13.47312962502474,0.2905420260503888,0
689,13.485958125034813,0.26216701371595263,0
690,13.497611042053904,0.4713749513030052,0
691,13.510560417023953,0.5192080279812217,0
692,13.522463500034064,0.3249169676564634,0
693,13.534037125005852,0.4070000140927732,0
694,13.547015792049933,0.18491700757294893,0
695,13.559761250042357,0.1858340110629797,0
696,13.572473750042263,0.24216697784140706,0
697,13.585255334037356,0.3189580165781081,0
698,13.598131584003568,0.21475000539794564,0
699,13.610906917019747,0.21562498295679688,0
700,13.623658292053733,0.29075000202283263,0
701,13.636496542021632,0.42679201578721404,0
702,13.648468334053177,0.09833299554884434,0
703,13.66110300004948,0.22616697242483497,0
704,13.673888542049099,0.34333299845457077,0
705,13.686804667057004,0.35499996738508344,0
706,13.69953500002157,0.18691702280193567,0
707,13.710383167024702,0.30391698237508535,0
708,13.723248709051404,0.31533295987173915,0
709,13.73612870904617,0.21799997193738818,0
710,13.747023084026296,0.23787497775629163,0
711,13.759826667024754,0.4593749763444066,0
712,13.772734917001799,0.39529200876131654,0
713,13.785421000036877,0.4152919864282012,0
714,13.797883750055917,0.32416696194559336,0
715,13.810757250001188,0.4026670358143747,0
716,13.823702042049263,0.4594579804688692,0
717,13.836718292033765,0.3820419660769403,0
718,13.849544459022582,0.36708300467580557,0
719,13.862465834012255,0.497375032864511,0
720,13.875579584040679,0.5549999768845737,0
721,13.888194792030845,0.4684579907916486,0
722,13.901255292003043,0.5305830272845924,0
723,13.914338000002317,0.4253340302966535,0
724,13.927303209027741,0.4016659804619849,0
725,13.94025537505513,0.38287497591227293,0
726,13.953198792005423,0.4883750225417316,0
727,13.966223250026815,0.4456249880604446,0
728,13.979220625013113,0.3267090069130063,0
729,13.992078334034886,0.41087501449510455,0
730,14.005040834017564,0.4154160269536078,0
731,14.018007750040852,0.4735419643111527,0
732,14.031034625018947,0.4329170333221555,0
733,14.04401587502798,0.3818339901044965,0
734,14.056963417038787,0.41199999395757914,0
735,14.072577375045512,1.790667010936886,0
736,14.086952667043079,0.34624995896592736,0
737,14.09986670903163,0.22137496853247285,0
738,14.112639500002842,0.2673340495675802,0
739,14.125460167007986,0.27795799542218447,0
740,14.136141834023874,0.10541599476709962,0
741,14.148787834041286,0.34079101169481874,0
742,14.16090920905117,0.31533295987173915,0
743,14.172591292008292,0.21433300571516156,0
744,14.182867625029758,0.18112501129508018,0
745,14.195578709011897,0.1687910407781601,0
746,14.208291750052013,0.18866697791963816,0
747,14.221027375024278,0.18324999837204814,0
748,14.231434917019214,0.19529199926182628,0
749,14.244018584024161,0.282708031591028,0
750,14.25579300004756,0.22254197392612696,0
751,14.26786500000162,0.21112500689923763,0
752,14.280762125039473,0.28674997156485915,0
753,14.292396625038236,0.13800000306218863,0
754,14.305079750018194,0.1941670197993517,0
755,14.317806459031999,,1
756,14.431282500037923,,1
757,14.542697209049948,,1
758,14.6564272090327,,1
759,14.768336209002882,,1
760,14.881299125030637,0.6118339952081442,0
761,14.894488375051878,0.4432089626789093,0
762,14.905811042001005,0.4912500153295696,0
763,14.916842167032883,0.32479199580848217,0
764,14.92759975005174,0.9911669767461717,0
765,14.94179420900764,0.5828750436194241,0
766,14.95369566703448,0.5257499869912863,0
767,14.96680912503507,0.19975000759586692,0
768,14.977369542000815,0.27516705449670553,0
769,14.990198584040627,0.18324999837204814,0
770,15.001109084056225,0.1800829777494073,0
771,15.013841750042047,0.21541700698435307,0
772,15.02570412500063,0.12208404950797558,0
773,15.036517625034321,0.22495898883789778,0
774,15.048969167051837,0.2639580052345991,0
775,15.060727292031515,0.21420797565951943,0
776,15.072456834022887,0.191457977052778,0
777,15.083785084018018,0.2032910124398768,0
778,15.096523834043182,0.18541596364229918,0
779,15.108230250014458,0.20404200768098235,0
780,15.120978417049628,0.26608299231156707,0
781,15.131362834013999,0.2609580405987799,0
782,15.143150917021558,0.25224999990314245,0
783,15.154820499999914,0.3452500095590949,0
784,15.167719334014691,0.20583299919962883,0
785,15.17938950000098,,1
786,15.293147084012162,,1
787,15.405378209019545,,1
788,15.517727625032421,,1
789,15.63117908401182,,1
790,15.74492916703457,0.5301249912008643,0
791,15.758059125044383,0.5720419576391578,0
792,15.771222042036243,0.376041978597641,0
793,15.784174000029452,0.45283400686457753,0
794,15.797232167038601,0.48512499779462814,0
795,15.810402417031582,0.5344169912859797,0
796,15.822393834008835,0.43408299097791314,0
797,15.834291375009343,0.4649590118788183,0
798,15.84535733400844,0.587458023801446,0
799,15.858581917011179,0.4908330156467855,0
800,15.8716790000326,0.4585839924402535,0
801,15.882322709017899,0.370333029422909,0
802,15.895281709032133,0.47404097858816385,0
803,15.90617795905564,0.5998749984428287,0
804,15.919379625003785,0.4234590451233089,0
805,15.932398167031351,0.29558298410847783,0
806,15.943619084020611,0.22816599812358618,0
807,15.956403792020865,0.36408298183232546,0
808,15.967191667004954,0.3630000283010304,0
809,15.980113250028808,0.28899998869746923,0
810,15.992960875038989,0.47575001372024417,0
811,16.00600725004915,0.4134589689783752,0
812,16.018984709051438,0.3732909681275487,0
813,16.03129875002196,0.3545840154401958,0
814,16.044215250003617,0.29029202414676547,0
815,16.057066292036325,0.4691670183092356,0
816,16.068564750021324,0.4193750210106373,0
817,16.082264875003602,0.42079202830791473,0
818,16.093848292017356,0.5458749947138131,0
819,16.10701604204951,0.512832950334996,0
820,16.120125000015832,0.3635840257629752,0
821,16.13069770904258,0.29154098592698574,0
822,16.1426295840065,0.5039580282755196,0
823,16.155709000013303,0.6832500221207738,0
824,16.16865725000389,0.4479170311242342,0
825,16.180021209002007,0.4033330478705466,0
826,16.1934703750303,1.0795000125654042,0
827,16.205537500034552,0.43754198122769594,0
828,16.21857358404668,0.6069579976610839,0
829,16.23281645902898,1.99366599554196,0
830,16.24777754204115,0.6508749793283641,0
831,16.25885375001235,0.40308403549715877,0
832,16.27075645903824,0.37650001468136907,0
833,16.281730084039737,0.26729097589850426,0
834,16.29453833401203,0.31766603933647275,0
835,16.307402625039686,0.31824997859075665,0
836,16.31806745904032,0.49574999138712883,0
837,16.330600542016327,0.4176670336164534,0
838,16.343558709020726,0.4649159964174032,0
839,16.355813375033904,0.517583976034075,0
840,16.36889704200439,0.5716670420952141,0
841,16.380815500044264,0.4223749856464565,0
842,16.393810584035236,0.4778329748660326,0
843,16.40580000000773,0.3490840317681432,0
844,16.41872295900248,0.31462503829970956,0
845,16.43130087503232,0.33833400812000036,0
846,16.444218292017467,0.3931670216843486,0
847,16.457207042025402,0.38354197749868035,0
848,16.47016941703623,0.33383298432454467,0
849,16.481510084006004,0.3113330458290875,0
850,16.494395459012594,0.46850001672282815,0
851,16.505863834056072,0.3125829971395433,0
852,16.518741209001746,0.2340000355616212,0
853,16.5315275840112,0.18962501781061292,0
854,16.54425529204309,0.19804196199402213,0
855,16.55698662501527,0.29720901511609554,0
856,16.569829959014896,0.2436250215396285,0
857,16.582632834033575,0.26779097970575094,0
858,16.594282375008333,0.1740000443533063,0
859,16.60580670903437,0.3801250131800771,0
860,16.617995875014458,0.32516702776774764,0
861,16.630843917024322,0.41129201417788863,0
862,16.643858417053707,0.4807919613085687,0
863,16.654904834053013,0.6807909812778234,0
864,16.667118084034882,0.36816601641476154,0
865,16.67849991703406,0.39012497290968895,0
866,16.688973292009905,0.4770830273628235,0
867,16.70140125002945,0.3107499796897173,0
868,16.714148459024727,0.4616660298779607,0
869,16.72720341704553,0.3619169583544135,0
870,16.740133334009442,0.5043330020271242,0
871,16.751945334021002,0.5887080333195627,0
872,16.76511862501502,0.6254999898374081,0
873,16.778322375030257,0.41674997191876173,0
874,16.78949229203863,0.386958010494709,0
875,16.80228620901471,0.48575003165751696,0
876,16.815335334045812,0.29054097831249237,0
877,16.827379125053994,0.407166953664273,0
878,16.839802834030706,0.4303749883547425,0
879,16.85227858403232,0.41862501529976726,0
880,16.865293209033553,0.43591600842773914,0
881,16.878305292048026,0.4309999640099704,0
882,16.89117175003048,0.5094590014778078,0
883,16.904243959055748,0.3982079797424376,0
884,16.917747250001412,4.182500008028001,0
885,16.93453904200578,0.37041702307760715,0
886,16.94746491702972,0.38891698932275176,0
887,16.96042966702953,0.4177499795332551,0
888,16.972707834036555,0.571165990550071,0
889,16.985933209012728,0.3441660082899034,0
890,16.997051000013016,0.17712503904476762,0
891,17.009778375038877,0.3838340053334832,0
892,17.02078604203416,0.4225830198265612,0
893,17.03288308402989,0.315624987706542,0
894,17.04576645902125,0.3157909959554672,0
895,17.058647292025853,0.3409580094739795,0
896,17.069598375004716,,1
897,17.181312834029086,0.5898330127820373,0
898,17.194500125013292,0.3933749976567924,0
899,17.207484084006865,0.4497080226428807,0
900,17.220626084017567,0.44670799979940057,0
901,17.23365608404856,0.4997499636374414,0
902,17.245376875041984,1.9518749904818833,0
903,17.25997150002513,0.3330840263515711,0
904,17.27283912501298,0.4550419980660081,0
905,17.285854792047758,0.8557079709134996,0
906,17.297587375040166,0.4272919613867998,0
907,17.31049054203322,0.5138330161571503,0
908,17.322471375053283,0.37112500285729766,0
909,17.3341585000162,0.3356669913046062,0
910,17.347092834010255,0.22683304268866777,0
911,17.358549500000663,0.294625002425164,0
912,17.371412042004522,0.2683750353753567,0
913,17.383561209018808,0.30524999601766467,0
914,17.396428084000945,0.23812503786757588,0
915,17.40923945902614,0.37595798494294286,0
916,17.422548834001645,0.5230410024523735,0
917,17.435654834029265,0.26825000531971455,0
918,17.448485042026732,0.26058300863951445,0
919,17.461310959013645,0.27841603150591254,0
920,17.474167542008217,0.3136669984087348,0
921,17.48628416704014,0.4398329765535891,0
922,17.498124292003922,0.3933749976567924,0
923,17.51111454202328,0.4966669948771596,0
924,17.521854250051547,0.21366699365898967,0
925,17.534107084036805,1.820624980609864,0
926,17.547562542022206,0.479582988191396,0
927,17.563933209050447,2.254874969366938,0
928,17.578891042037867,0.4242919967509806,0
929,17.59061620902503,0.4439160111360252,0
930,17.60170016705524,0.5376669578254223,0
931,17.614009250013623,0.31220901291817427,0
932,17.626890500017907,0.2387920394539833,0
933,17.63968287501484,0.30966702615842223,0
934,17.652584209048655,0.40258298395201564,0
935,17.665553125028964,0.2680000034160912,0
936,17.678376250027213,0.28120900969952345,0
937,17.689187292009592,0.29316701693460345,0
938,17.702038375020493,0.20408403361216187,0
939,17.714611209055874,0.20170799689367414,0
940,17.72643900004914,0.4224999574944377,0
941,17.739436667005066,0.33229199470952153,0
942,17.750220959016588,0.27662503998726606,0
943,17.763069584034383,0.3649999853223562,0
944,17.77601616701577,0.37945801159366965,0
945,17.787431875010952,0.37929200334474444,0
946,17.80037650000304,,1
947,17.91421395901125,0.8174999966286123,0
948,17.927635000029113,0.4734999965876341,0
949,17.94068983400939,0.4331660456955433,0
950,17.95370950002689,0.43587503023445606,0
951,17.96677316701971,1.137582992669195,0
952,17.981298667029478,0.408999971114099,0
953,17.994307500019204,,1
954,18.10820529202465,,1
955,18.22214345901739,,1
956,18.3351250840351,,1
957,18.447976625000592,,1
958,18.5609766250127,0.7003340288065374,0
959,18.57227475004038,0.6169169791974127,0
960,18.585483625007328,0.4391670227050781,0
961,18.59850154200103,0.35791704431176186,0
962,18.611418167012744,0.23262499598786235,0
963,18.62336441705702,0.2519169938750565,0
964,18.636188042000867,0.44883304508402944,0
965,18.64922004204709,0.2987500047311187,0
966,18.660166917019524,0.2656250144354999,0
967,18.672973625012673,0.1996250357478857,0
968,18.685695500054862,0.19445898942649364,0
969,18.698409000004176,0.16595900524407625,0
970,18.711092167010065,0.19770802464336157,0
971,18.723867834021803,0.3411659854464233,0
972,18.73678308405215,0.32358296448364854,0
973,18.747970125055872,0.2988339983858168,0
974,18.758978792000562,0.3292500041425228,0
975,18.771860250039026,0.4169999738223851,0
976,18.784835792030208,0.9448750060983002,0
977,18.798367792041972,0.6412499933503568,0
978,18.81160312501015,0.5939590046182275,0
979,18.82478137500584,0.4794590058736503,0
980,18.837873375043273,0.5608340143226087,0
981,18.85102091700537,0.4011249984614551,0
982,18.863979667017702,0.37458300357684493,0
983,18.876988834002987,0.4277910338714719,0
984,18.889987709000707,0.41641603456810117,0
985,18.901087250036653,0.4337920108810067,0
986,18.914087584009394,0.48275000881403685,0
987,18.92685316700954,0.31391700031235814,0
988,18.939727500022855,0.2471670159138739,0
989,18.951820542046335,0.2726250095292926,0
990,18.964638542034663,0.18874998204410076,0
991,18.976198584015947,0.2068330068141222,0
992,18.987895000027493,0.36033400101587176,0
993,18.999743625056,0.3202499938197434,0
994,19.012628334050532,0.2658329904079437,0
995,19.025455292023253,0.3673330065794289,0
996,19.038393292052206,0.41154195787385106,0
997,19.051281917025335,0.47874997835606337,0
998,19.06433783401735,0.5242080078460276,0
999,19.07614925003145,0.5890419706702232,0
1000,19.08914779202314,0.57441700482741,0
1001,19.100307167042047,0.3771669580601156,0
1002,19.113270792004187,0.49525004578754306,0
1003,19.124467959045433,0.5003749975003302,0
1004,19.137552792031784,0.47620799159631133,0
1005,19.149587584019173,0.9537499863654375,0
1006,19.163128709013108,0.5993330269120634,0
1007,19.176322959014215,,1
1008,19.288656250049826,0.45499997213482857,0
1009,19.29926300002262,0.24750002194195986,0
1010,19.310788542032242,0.34366699401289225,0
1011,19.322502834023908,0.3451249795034528,0
1012,19.334592709026765,0.7468750118277967,0
1013,19.347965834022034,0.44295802945271134,0
1014,19.36099933402147,0.4220830160193145,0
1015,19.371816084021702,0.4242080030962825,0
1016,19.384553167037666,0.5684999632649124,0
1017,19.397693042003084,0.40129205444827676,0
1018,19.41066541703185,0.46624999959021807,0
1019,19.42369912500726,0.44587504817172885,0
1020,19.43574675003765,0.5372919840738177,0
1021,19.447975209041033,0.40733296191319823,0
1022,19.460138542053755,0.669957953505218,0
1023,19.471014542039484,0.5349169950932264,0
1024,19.48207733401796,0.5179999861866236,0
1025,19.494394042005297,0.40187500417232513,0
1026,19.504987542051822,0.3992499550804496,0
1027,19.517953417031094,0.3262920072302222,0
1028,19.530847584013827,0.5465830327011645,0
1029,19.543955209024716,0.4535409971140325,0
1030,19.55700033402536,0.43758301762863994,0
1031,19.569325250049587,0.5526249879039824,0
1032,19.581135750049725,0.2987089683301747,0
1033,19.59281387500232,0.5032920162193477,0
1034,19.60583029204281,0.4283749731257558,0
1035,19.617472625046503,0.4047089605592191,0
1036,19.628473500022665,0.29925000853836536,0
1037,19.64027337502921,0.506750016938895,0
1038,19.653373042005114,0.38070802111178637,0
1039,19.664637000008952,0.4117499920539558,0
1040,19.67759625002509,0.34058402525261045,0
1041,19.689312709029764,0.29695802368223667,0
1042,19.700637792004272,0.24279201170429587,0
1043,19.713444042019546,0.43158303014934063,0
1044,19.726443959050812,0.38349995156750083,0
1045,19.7393757920363,0.3106250078417361,0
1046,19.752241709036753,0.4754579858854413,0
1047,19.764457334007602,0.5431660101749003,0
1048,19.77607000002172,0.5600840086117387,0
1049,19.789140709035564,0.4788750084117055,0
1050,19.802208375011105,0.4033750155940652,0
1051,19.8146214170265,0.2328749978914857,0
1052,19.826438584015705,0.2317500184290111,0
1053,19.839128875057213,0.24104199837893248,0
1054,19.85127037501661,0.2234170096926391,0
1055,19.86312091705622,0.2704999642446637,0
1056,19.875975834031124,0.3626249963417649,0
1057,19.88693758402951,0.3649999853223562,0
1058,19.89986691705417,1.1447499855421484,0
1059,19.912449292023666,0.2615419798530638,0
1060,19.925278834009077,0.37541601341217756,0
1061,19.937493209028617,0.37366600008681417,0
1062,19.950138584012166,0.24162500631064177,0
1063,19.96296000003349,0.5149589851498604,0
1064,19.97450375003973,0.4841670161113143,0
1065,19.985822167014703,0.29445800464600325,0
1066,19.99867025000276,0.23512501502409577,0
1067,20.01145362504758,0.23504195269197226,0
1068,20.024250917020254,0.516542000696063,0
1069,20.035258500021882,0.3580839838832617,0
1070,20.047850125003606,0.17266703071072698,0
1071,20.06057208403945,0.3422499867156148,0
1072,20.07349233404966,0.5067499587312341,0
1073,20.086578125017695,0.7431249832734466,0
1074,20.09990100003779,0.2976669929921627,0
1075,20.11278458405286,0.5403749528340995,0
1076,20.1252372500021,0.4643340362235904,0
1077,20.1382930840482,0.5367499543353915,0
1078,20.15142150002066,0.513250008225441,0
1079,20.164498000056483,0.5913339555263519,0
1080,20.176090292050503,0.48741698265075684,0
1081,20.189138584013563,0.474916014354676,0
1082,20.20141629205318,0.46366697642952204,0
1083,20.21378679201007,0.4231249913573265,0
1084,20.226018042012583,0.4819580353796482,0
1085,20.238598500029184,0.4610000178217888,0
1086,20.251681709021796,0.5228330264799297,0
1087,20.264815834001638,0.36758300848305225,0
1088,20.277749667002354,0.3505000495351851,0
1089,20.28913825005293,0.2923749852925539,0
1090,20.30198404204566,0.4123749677091837,0
1091,20.314946500002407,0.6087920046411455,0
1092,20.328236959001515,,1
1093,20.439662542019505,,1
1094,20.55286470905412,,1
1095,20.666213000018615,,1
1096,20.780093375011347,0.38445903919637203,0
1097,20.79306970903417,,1
1098,20.906549375038594,,1
1099,21.020457875041757,,1
1100,21.13427733402932,,1
1101,21.248152292042505,0.468374986667186,0
1102,21.261223000008613,0.48270903062075377,0
1103,21.27430120902136,0.3066250355914235,0
1104,21.287211542017758,0.5184580222703516,0
1105,21.29954858403653,0.3856659750454128,0
1106,21.312514584045857,0.49891596427187324,0
1107,21.3240844590473,0.5194999976083636,0
1108,21.335933459049556,0.27487496845424175,0
1109,21.348761334025767,0.22770802024751902,0
1110,21.35934104199987,0.300083018373698,0
1111,21.372203334001824,0.4277910338714719,0
1112,21.38291250000475,0.26829203125089407,0
1113,21.395728792005684,0.19983301172032952,0
1114,21.407040125050116,0.5849589942954481,0
1115,21.419564917043317,0.45908300671726465,0
1116,21.432621792017017,0.4835830186493695,0
1117,21.44571420905413,0.498790992423892,0
1118,21.458819584047887,0.3951659891754389,0
1119,21.4698222920415,0.3828330081887543,0
1120,21.480819084041286,0.32295798882842064,0
1121,21.492484750051517,0.4253339720889926,0
1122,21.50546866701916,,1
1123,21.61933462502202,,1
1124,21.73260345903691,,1
1125,21.84661337500438,,1
1126,21.958058167016134,0.3463330212980509,0
1127,21.97113804204855,0.6249999860301614,0
1128,21.98436462500831,0.4704589955508709,0
1129,21.99743683403358,0.4962909733876586,0
1130,22.01050762500381,0.37320901174098253,0
1131,22.022476584010292,0.3480000304989517,0
1132,22.03455991705414,0.32245798502117395,0
1133,22.047458917018957,0.1835830044001341,0
1134,22.057859417051077,0.42883295100182295,0
1135,22.070846584043466,0.4770829691551626,0
1136,22.083897584001534,0.5866250139661133,0
1137,22.097045750007965,0.41750003583729267,0
1138,22.110023875022307,0.4817500011995435,0
1139,22.123073834052775,0.5034159985370934,0
1140,22.136156250024214,0.505667005199939,0
1141,22.147980709036347,0.4909579874947667,0
1142,22.161025500041433,0.4825419746339321,0
1143,22.17407175002154,0.5098750116303563,0
1144,22.18715016701026,0.516583037097007,0
1145,22.19907645904459,0.5257909651845694,0
1146,22.212163709045853,0.4855410079471767,0
1147,22.22393183404347,0.6335829966701567,0
1148,22.237133292015642,0.49474998377263546,0
1149,22.24796570901526,0.4909160197712481,0
1150,22.261017042037565,0.5218330188654363,0
1151,22.27250925003318,0.5872090114280581,0
1152,22.28522962500574,0.6239590002223849,0
1153,22.29844512505224,0.6134999566711485,0
1154,22.310765417001676,0.514333019964397,0
1155,22.322461959032807,0.49420801224187016,0
1156,22.33481816702988,0.6499169976450503,0
1157,22.347955459030345,0.5355409812182188,0
1158,22.361050084000453,0.5340830539353192,0
1159,22.372464500018395,0.5160419968888164,0
1160,22.385548417048994,0.5339579656720161,0
1161,22.398650542018004,0.5555000388994813,0
1162,22.4096708750003,0.49933401169255376,0
1163,22.421019209024962,0.6089580128900707,0
1164,22.43366220901953,0.62691600760445,0
1165,22.446869792009238,0.5675830179825425,0
1166,22.459999500017148,0.5467919982038438,0
1167,22.472507709055208,0.5396249471232295,0
1168,22.485636625031475,0.5524589796550572,0
1169,22.49876791704446,0.5594579852186143,0
1170,22.511886875028722,0.5118339904583991,0
1171,22.524966042023152,0.5159170250408351,0
1172,22.53803770901868,0.4030410200357437,0
1173,22.55099754204275,0.3427499905228615,0
1174,22.56208029203117,0.34916697768494487,0
1175,22.574982875026762,0.32158399699255824,0
1176,22.58784629200818,0.4070000140927732,0
1177,22.60080100002233,0.40262500988319516,0
1178,22.612840084009804,0.3672080347314477,0
1179,22.625748667051084,0.3261249512434006,0
1180,22.638612834038213,0.3160829655826092,0
1181,22.651471917051822,0.3177920007146895,0
1182,22.664328625018243,0.373166985809803,0
1183,22.676356542040594,0.3429999924264848,0
1184,22.68923875002656,0.38808397948741913,0
1185,22.70217170903925,0.3506249631755054,0
1186,22.715063417039346,0.3477080026641488,0
1187,22.727958084025886,0.44183299178257585,0
1188,22.740942750009708,0.38733403198421,0
1189,22.75222725002095,0.3997089806944132,0
1190,22.76413575001061,0.39945903699845076,0
1191,22.775430000037886,0.3599589690566063,0
1192,22.78833587502595,0.4272090154699981,0
1193,22.80066995904781,0.5729160038754344,0
1194,22.81381550000515,0.45954203233122826,0
1195,22.82682795904111,0.4248750046826899,0
1196,22.83981258404674,0.5562909645959735,0
1197,22.850848500034772,0.39166701026260853,0
1198,22.8612983750063,0.3562920028343797,0
1199,22.873514625011012,0.7385000353679061,0
1200,22.885691875009798,0.2923340070992708,0
1201,22.89725233404897,,1
1202,23.01102312502917,,1
1203,23.124810084002092,,1
1204,23.2382398340269,,1
1205,23.35175245901337,,1
1206,23.465602042037062,,1
1207,23.57943012501346,,1
1208,23.691715875000227,,1
1209,23.80563391704345,,1
1210,23.91959250002401,,1
1211,24.03347779205069,0.23874995531514287,0
1212,24.04630491702119,,1
1213,24.157720209041145,,1
1214,24.271403292019386,,1
1215,24.3850983340526,,1
1216,24.4979056250304,,1
1217,24.61179404205177,,1
1218,24.725687042053323,0.5181669839657843,0
1219,24.738772000011522,0.3950000391341746,0
1220,24.75173158402322,0.2984160091727972,0
1221,24.764590792008676,,1
1222,24.877793000021484,,1
1223,24.99084062501788,,1
1224,25.10316233400954,,1
1225,25.21555179200368,0.5987080512568355,0
1226,25.228391417011153,0.5106250173412263,0
1227,25.239137834054418,0.28387497877702117,0
1228,25.251986667048186,0.21199998445808887,0
1229,25.264746834000107,0.21345802815631032,0
1230,25.277499167015776,0.10591698810458183,0
1231,25.28924120904412,0.12312497710809112,0
1232,25.30056883400539,0.1936250482685864,0
1233,25.313295209023636,0.1984580303542316,0
1234,25.32602970901644,0.1885410165414214,0
1235,25.336644000024535,0.4034590092487633,0
1236,25.348745959054213,0.5104579613544047,0
1237,25.36181116703665,0.45604200568050146,0
1238,25.374824209022336,0.44958299258723855,0
1239,25.38665800000308,0.5087090539745986,0
1240,25.399358125054277,0.4080419894307852,0
1241,25.412304375029635,0.4699589917436242,0
1242,25.423254375054967,0.5239589954726398,0
1243,25.43515020905761,0.4237909452058375,0
1244,25.44795520900516,,1
1245,25.560766334005166,,1
1246,25.67468579200795,,1
1247,25.788604250003118,,1
1248,25.902502584038302,,1
1249,26.014170000038575,,1
1250,26.12724216701463,,1
1251,26.241050209035166,,1
1252,26.354797667008825,0.5354169989004731,0
1253,26.366321584035177,0.3589160041883588,0
1254,26.379263334034476,0.4337910213507712,0
1255,26.392282375018112,0.4063750384375453,0
1256,26.405285625020042,0.39012503111734986,0
1257,26.41729045903776,0.39916601963341236,0
1258,26.430288209056016,0.5173749523237348,0
1259,26.443434875051025,0.5223339539952576,0
1260,26.45578929205658,0.27487496845424175,0
1261,26.468620875035413,0.3225000109523535,0
1262,26.481487667013425,0.4171670298092067,0
1263,26.494469042052515,0.48874999629333615,0
1264,26.506294875056483,0.283417000900954,0
1265,26.518020625051577,0.3321249969303608,0
1266,26.52988612500485,0.5184170440770686,0
1267,26.54198391700629,0.4083749954588711,0
1268,26.555020834028255,0.6656249752268195,0
1269,26.567991084011737,0.6681660306639969,0
1270,26.581215667014476,0.2621249877847731,0
1271,26.594042625045404,0.3969999961555004,0
1272,26.607015292043798,0.4087080014869571,0
1273,26.61999725003261,0.40004198672249913,0
1274,26.6329510420328,0.3690419835038483,0
1275,26.64587145904079,0.3910409868694842,0
1276,26.65884479205124,0.5042919656261802,0
1277,26.67191445903154,0.5145830218680203,0
1278,26.682894875004422,0.5235840217210352,0
1279,26.69597641704604,0.37712499033659697,0
1280,26.708913667011075,0.46795804519206285,0
1281,26.72194150002906,0.44333399273455143,0
1282,26.734932375024073,0.3660420188680291,0
1283,26.747839500021655,0.3112090053036809,0
1284,26.76068808400305,0.32708304934203625,0
1285,26.771486125013325,0.3437920240685344,0
1286,26.782382625038736,0.34799997229129076,0
1287,26.795265292050317,0.30324998078867793,0
1288,26.8081301250495,0.3593339934013784,0
1289,26.821034042048268,0.398124975617975,0
1290,26.833975334011484,0.4058330086991191,0
1291,26.846937792026438,0.3844170132651925,0
1292,26.859873667010106,0.4820830072276294,0
1293,26.872493167000357,0.48400001833215356,0
1294,26.88531508401502,0.46341598499566317,0
1295,26.898038334038574,0.4784580087289214,0
1296,26.909493459039368,0.5788329872302711,0
1297,26.922633875044994,0.3789999755099416,0
1298,26.935315584007185,0.36629103124141693,0
1299,26.94824795902241,0.2608749782666564,0
1300,26.961050042009447,0.27845799922943115,0
1301,26.973864042025525,,1
1302,27.0857258750475,,1
1303,27.199585625028703,0.4540000227279961,0
1304,27.212589459028095,0.23166602477431297,0
1305,27.22535500000231,0.2654170384630561,0
1306,27.238150917051826,0.21670799469575286,0
1307,27.250887709029485,0.23466598941013217,0
1308,27.26386862504296,0.20120898261666298,0
1309,27.27659541700268,0.22179202642291784,0
1310,27.289340334013104,0.2181660383939743,0
1311,27.302104209025856,0.6035409751348197,0
1312,27.315283334057312,0.47091598389670253,0
1313,27.326469459047075,0.38666598265990615,0
1314,27.339423750003334,0.3695840132422745,0
1315,27.350119709037244,0.515415973495692,0
1316,27.363204209017567,0.38954103365540504,0
1317,27.37615916703362,0.5199169972911477,0
1318,27.390345917025115,0.537124986294657,0
1319,27.402518500050064,0.38933398900553584,0
1320,27.41462641704129,0.35554199712350965,0
1321,27.42758420901373,0.5112080252729356,0
1322,27.44069425005,0.46274997293949127,0
1323,27.45128925004974,0.34366699401289225,0
1324,27.46423004200915,0.293541990686208,0
1325,27.477090833999682,0.3697910578921437,0
1326,27.489129542023875,0.4552080063149333,0
1327,27.501407250005286,0.6187499966472387,0
1328,27.513268917042296,0.48395799240097404,0
1329,27.526328167004976,0.604833010584116,0
1330,27.539531792048365,0.4789579543285072,0
1331,27.55260304204421,0.5045830039307475,0
1332,27.56570008402923,0.36345800617709756,0
1333,27.578678084013518,0.44525001430884004,0
1334,27.58997916703811,0.48895797226577997,0
1335,27.603052209015004,0.5877910298295319,0
1336,27.616358792001847,0.5470000323839486,0
1337,27.627563084010035,,1
1338,27.739141417026985,0.5869580199941993,0
1339,27.752309042029083,0.5430830060504377,0
1340,27.76542870904086,0.43179100612178445,0
1341,27.77732700004708,0.40954200085252523,0
1342,27.789145417045802,0.41437498293817043,0
1343,27.800710917043034,0.4622919950634241,0
1344,27.81374529202003,0.3248749999329448,0
1345,27.826634625031147,0.18625002121552825,0
1346,27.839125834056176,0.21804095013067126,0
1347,27.85062495904276,0.2507499884814024,0
1348,27.863437334017362,0.35216601099818945,0
1349,27.874508084030822,0.25699997786432505,0
1350,27.887329417048022,0.33133296528831124,0
1351,27.897944667027332,0.21725002443417907,0
1352,27.910712917044293,0.38424995727837086,0
1353,27.92367045901483,0.2686660154722631,0
1354,27.936504500044975,0.27820898685604334,0
1355,27.947881125030108,0.15187502140179276,0
1356,27.958949334046338,0.24387496523559093,0
1357,27.97190495900577,0.35566603764891624,0
1358,27.984814167022705,0.3190420102328062,0
1359,27.997685084003024,0.11066603474318981,0
1360,28.008363375032786,0.2988749765790999,0
1361,28.021210959006567,0.17450004816055298,0
1362,28.03392341703875,0.29604200972244143,0
1363,28.046470375033095,0.632709008641541,0
1364,28.059673792042304,0.24099997244775295,0
1365,28.071437750011683,0.3327089943923056,0
1366,28.08268091705395,0.3053330001421273,0
1367,28.095558875007555,0.3374590305611491,0
1368,28.108462667034473,0.36104198079556227,0
1369,28.121377209026832,0.30999997397884727,0
1370,28.13422750000609,0.23891701130196452,0
1371,28.147011834022123,0.22558303317055106,0
1372,28.15979262505425,0.22179196821525693,0
1373,28.172554167045746,0.22804195759817958,0
1374,28.185317625000607,0.2690420369617641,0
1375,28.197470625047572,0.3489169757813215,0
1376,28.208945459045935,0.3186659887433052,0
1377,28.22084545902908,0.4545410047285259,0
1378,28.23162408400094,0.3571660490706563,0
1379,28.243637500039767,0.3837089752778411,0
1380,28.256598584004678,0.6580830086022615,0
1381,28.269842500041705,0.832458958029747,0
1382,28.283254000009038,0.36454200744628906,0
1383,28.296185500046704,0.3121249610558152,0
1384,28.30802316701738,0.3778330283239484,0
1385,28.319190334004816,0.48149999929592013,0
1386,28.331374042027164,0.3958329907618463,0
1387,28.343097500037402,0.3595419693738222,0
1388,28.35480200004531,0.36733399610966444,0
1389,28.365291625028476,0.32229197677224874,0
1390,28.378155375015922,0.3313340130262077,0
1391,28.39102866704343,0.38829201366752386,0
1392,28.40399508405244,0.49595796735957265,0
1393,28.414857125026174,0.3314589848741889,0
1394,28.42772929201601,0.3974999999627471,0
1395,28.44041266705608,0.3994999569840729,0
1396,28.453349792049266,0.3381249844096601,0
1397,28.466229584009852,0.4964160034433007,0
1398,28.479300959035754,0.588540977332741,0
1399,28.491459500044584,0.4432499990798533,0
1400,28.50366866705008,0.31291699269786477,0
1401,28.51654454204254,0.3375000087544322,0
1402,28.529549334023613,0.3828330081887543,0
1403,28.54250233405037,0.29033300234004855,0
1404,28.55535304202931,0.29854197055101395,0
1405,28.56822491704952,0.26345800142735243,0
1406,28.580904000031296,0.4275839892216027,0
1407,28.593910292023793,0.3730420139618218,0
1408,28.60629308404168,0.4582909750752151,0
1409,28.619333375012502,0.2721250057220459,0
1410,28.63129350001691,0.2647920046001673,0
1411,28.64414512505755,0.38104195846244693,0
1412,28.65583066700492,0.30279200291261077,0
1413,28.668691500031855,0.41391700506210327,0
1414,28.681663542054594,0.3434169921092689,0
1415,28.694586375029758,0.42316701728850603,0
1416,28.706462417030707,0.5056249792687595,0
1417,28.71956516703358,0.44166698353365064,0
1418,28.732574209047016,0.2228749799542129,0
1419,28.74535687500611,0.4831670084968209,0
1420,28.758429375011474,,1
1421,28.87167129199952,,1
1422,28.985638875048608,,1
1423,29.098064584017266,,1
1424,29.209841584030073,,1
1425,29.32101691700518,,1
1426,29.434989167028107,,1
1427,29.54823325003963,,1
1428,29.66160008404404,,1
1429,29.775535625056364,,1
1430,29.887531125044916,,1
1431,30.001426459057257,0.9284999687224627,0
1432,30.014640459034126,0.736250018235296,0
1433,30.028007875022013,0.6116669974289834,0
1434,30.041221584018786,0.6719580269418657,0
1435,30.054495084041264,0.46683300752192736,0
1436,30.066606709035113,0.5068330210633576,0
1437,30.07976370904362,0.47754100523889065,0
1438,30.092831792018842,0.47458300832659006,0
1439,30.105902667040937,0.7925829850137234,0
1440,30.11871200002497,0.5418750224635005,0
1441,30.131853334023617,0.5515830125659704,0
1442,30.144984792044852,0.60766696697101,0
1443,30.15819475002354,0.5451670149341226,0
1444,30.171060500026215,0.5446249851956964,0
1445,30.18256620905595,0.49554096767678857,0
1446,30.195265000045765,0.5495839868672192,0
1447,30.208416250010487,0.5414170445874333,0
1448,30.22153779200744,0.5847080028615892,0
1449,30.23237429204164,0.5653330008499324,0
1450,30.24551479204092,0.3725829883478582,0
1451,30.258454042021185,0.373208022210747,0
1452,30.269628209003713,0.3237500204704702,0
1453,30.28249950002646,0.32333401031792164,0
1454,30.29358816705644,0.37116697058081627,0
1455,30.30651691701496,0.39254198782145977,0
1456,30.319450500013772,0.4349999944679439,0
1457,30.3324404170271,0.4230000195093453,0
1458,30.34541354200337,0.42625004425644875,0
1459,30.35719579202123,0.540416978765279,0
1460,30.370296834036708,0.4684159648604691,0
1461,30.38174954202259,0.4877080209553242,0
1462,30.39477250003256,0.618959020357579,0
1463,30.40795462502865,0.4670000053010881,0
1464,30.420973750005942,0.4608340095728636,0
1465,30.432604667032138,0.42141700396314263,0
1466,30.445353459042963,0.5287079839035869,0
1467,30.45851575001143,0.6445420440286398,0
1468,30.471782042004634,0.3394579980522394,0
1469,30.485326750029344,1.343916985206306,0
1470,30.49746625003172,0.4834589781239629,0
1471,30.51054470904637,0.5061659612692893,0
1472,30.523622292035725,0.43279200326651335,0
1473,30.53661537502194,0.31029200181365013,0
1474,30.54820787505014,0.3094589919783175,0
1475,30.56075787503505,0.4071249859407544,0
1476,30.57245887501631,0.3821669961325824,0
1477,30.58311616705032,0.35033299354836345,0
1478,30.594709084019996,0.3428329946473241,0
1479,30.607088209013455,0.5088750040158629,0
1480,30.6201541670016,0.33483305014669895,0
1481,30.632749500044156,0.3489169757813215,0
1482,30.643825459002983,0.2162080490961671,0
1483,30.655800625041593,0.16758398851379752,0
1484,30.668503750057425,,1
1485,30.78193087503314,,1
1486,30.895624917000532,,1
1487,31.008082125044893,,1
1488,31.12187037500553,,1
1489,31.235716917028185,,1
1490,31.34937670902582,,1
1491,31.46323883405421,,1
1492,31.576766125042923,,1
1493,31.69061795901507,,1
1494,31.804498000012245,,1
1495,31.915987667045556,,1
1496,32.02986991702346,,1
1497,32.143688292009756,0.6410829955711961,0
1498,32.155796084029134,0.5149579956196249,0
1499,32.172884834057186,0.5967909819446504,0
1500,32.18578033405356,0.42587495408952236,0
1501,32.19879225001205,0.4467919934540987,0
1502,32.211839667055756,0.31345797469839454,0
1503,32.22471500001848,0.3057920257560909,0
1504,32.23680362501182,0.2927920431829989,0
1505,32.249273834051564,0.3679159563034773,0
1506,32.26219904201571,0.21279201610013843,0
1507,32.2751127500087,0.3279999946244061,0
1508,32.288002000015695,0.31050003599375486,0
1509,32.299723334028386,0.18037500558421016,0
1510,32.31247341702692,0.3957920125685632,0
1511,32.32456566701876,0.5128750344738364,0
1512,32.33767312503187,0.6222500232979655,0
1513,32.35089958400931,0.5826660199090838,0
1514,32.36406954203267,0.6430419743992388,0
1515,32.37730879202718,0.6748330197297037,0
1516,32.38917387503898,0.7135840132832527,0
1517,32.402477084018756,0.5579580320045352,0
1518,32.415613167046104,0.49124995712190866,0
1519,32.428686334053054,0.4530409933067858,0
1520,32.441067334031686,0.38191600469872355,0
1521,32.45402445900254,0.5484160501509905,0
1522,32.467155000020284,0.4049590206705034,0
1523,32.48011425003642,0.42033399222418666,0
1524,32.49076070904266,0.4939159844070673,0
1525,32.503820250043646,0.5365840042941272,0
1526,32.51476975000696,0.4166250000707805,0
1527,32.52776362502482,0.5786250112578273,0
1528,32.54092691704864,0.4908749833703041,0
1529,32.55328170902794,0.6824579904787242,0
1530,32.566546334011946,0.35933300387114286,0
1531,32.57948283402948,0.41087501449510455,0
1532,32.59247725002933,0.4704170278273523,0
1533,32.604514250007924,0.5883340490981936,0
1534,32.61768225004198,0.422417011577636,0
1535,32.63067033403786,0.35924999974668026,0
1536,32.641298292030115,0.45479199616238475,0
1537,32.65433045901591,,1
1538,32.76819366705604,,1
1539,32.88213091704529,,1
1540,32.996148625039496,,1
1541,33.108687334053684,,1
1542,33.22247891704319,,1
1543,33.336407709051855,,1
1544,33.4501708340249,0.822375004645437,0
1545,33.462087250023615,0.5639999872073531,0
1546,33.474230834050104,0.5530829657800496,0
1547,33.48735633405158,0.5435409839265049,0
1548,33.49797870905604,0.5857909563928843,0
1549,33.5111569170258,0.5089999758638442,0
1550,33.522467875038274,0.5374170141294599,0
1551,33.535590334038716,0.6161659839563072,0
1552,33.548117792000994,0.6757080554962158,0
1553,33.56074525002623,0.5256250151433051,0
1554,33.57383779203519,0.4992500180378556,0
1555,33.58689804200549,0.4766250494867563,0
1556,33.59994845901383,0.6147500243969262,0
1557,33.61141833401052,0.4807910299859941,0
1558,33.624454834032804,0.27079100254923105,0
1559,33.63552662503207,0.2553749945946038,0
1560,33.64830991701456,0.19595801131799817,0
1561,33.66103183402447,,1
1562,33.77247979200911,0.45650004176422954,0
1563,33.78552741702879,0.41737500578165054,0
1564,33.79846687504323,0.3598339972086251,0
1565,33.81066079204902,0.3302919794805348,0
1566,33.822457167028915,0.34737499663606286,0
1567,33.83495633403072,0.3583329962566495,0
1568,33.847852709004655,0.4724159953184426,0
1569,33.85840516700409,0.5887500010430813,0
1570,33.87155616702512,,1
1571,33.98478116700426,0.5550420028157532,0
1572,33.99746941705234,0.2565419999882579,0
1573,34.0090610840125,2.2573330206796527,0
1574,34.024394542037044,0.4282919690012932,0
1575,34.03741995902965,0.4968749708496034,0
1576,34.0495435000048,0.32824999652802944,0
1577,34.062088959035464,0.3672909806482494,0
1578,34.0750167920487,0.427457969635725,0
1579,34.08800337504363,0.524125003721565,0
1580,34.10111212503398,0.4419999895617366,0
1581,34.114119334029965,0.5043330020271242,0
1582,34.127180792042054,0.40304200956597924,0
1583,34.14015366701642,0.4586250288411975,0
1584,34.153212667035405,0.4439579788595438,0
1585,34.16462954203598,0.4422079655341804,0
1586,34.17665754200425,0.5362500087358057,0
1587,34.18914033402689,0.4724999889731407,0
1588,34.199927834037226,0.5369579885154963,0
1589,34.21215791703435,0.44120801612734795,0
1590,34.22514900000533,0.4407090018503368,0
1591,34.23814300005324,0.5039589595980942,0
1592,34.24955491704168,0.5037499940954149,0
1593,34.26208758400753,0.44545804848894477,0
1594,34.27450820902595,0.5743330111727118,0
1595,34.28765754203778,0.43279200326651335,0
1596,34.30066008400172,0.19575003534555435,0
1597,34.31266912503634,0.17179199494421482,0
1598,34.32539633405395,0.18258299678564072,0
1599,34.338122292014305,0.39179204031825066,0
1600,34.34957383404253,0.2876250073313713,0
1601,34.362408000044525,0.21550001110881567,0
1602,34.37518741702661,0.3815829986706376,0
1603,34.38812345900806,0.36579102743417025,0
1604,34.40104954200797,0.45733299339190125,0
1605,34.41405720904004,0.5823330138809979,0
1606,34.42720625002403,0.4050839925184846,0
1607,34.440167500055395,0.47670898493379354,0
1608,34.45321770902956,0.6001659785397351,0
1609,34.46468870900571,0.5359160131774843,0
1610,34.477783084032126,0.5222079926170409,0
1611,34.49087345902808,0.5092080100439489,0
1612,34.50164349999977,0.6258340436033905,0
1613,34.514854875043966,0.6059170118533075,0
1614,34.528023959021084,0.5155410035513341,0
1615,34.53914312500274,0.5260000471025705,0
1616,34.55226866703015,0.5434170016087592,0
1617,34.565302500035614,0.5511249764822423,0
1618,34.57679650001228,0.49400003626942635,0
1619,34.589136959053576,0.5395409534685314,0
1620,34.60015870904317,0.7197500090114772,0
1621,34.61183200002415,0.46125001972541213,0
1622,34.62390604201937,0.4905420355498791,0
1623,34.635387667047326,0.5897919763810933,0
1624,34.647461334010586,0.550583004951477,0
1625,34.658195917028934,0.4449170082807541,0
1626,34.66980212501949,0.5021250108256936,0
1627,34.68439745903015,0.49637502525001764,0
1628,34.69744429201819,0.4557920037768781,0
1629,34.71045945904916,0.5578749696724117,0
1630,34.72247145901201,0.4939160426147282,0
1631,34.73385725001572,0.5999589920975268,0
1632,34.74701587500749,0.5422499962151051,0
1633,34.76010704203509,0.5902500124648213,0
1634,34.77325266704429,0.4932080046273768,0
1635,34.78591358405538,0.495165993925184,0
1636,34.79898583400063,0.5097500397823751,0
1637,34.81205183401471,0.46504102647304535,0
1638,34.82507533405442,0.4774159751832485,0
1639,34.83812087500701,0.4754170076921582,0
1640,34.851164792024065,0.4896669997833669,0
1641,34.86420962505508,0.4071249859407544,0
1642,34.87716845900286,0.47866604290902615,0
1643,34.8902167090564,0.49299997044727206,0
1644,34.90165166702354,0.8292919956147671,0
1645,34.91504979203455,0.5157499690540135,0
1646,34.9281160000246,0.4540000227279961,0
1647,34.94112345902249,0.4942499799653888,0
1648,34.95418308401713,0.5020829848945141,0
1649,34.967239500023425,0.5845000268891454,0
1650,34.98037650005426,0.4764589830301702,0
1651,34.993401334038936,0.4565829876810312,0
1652,35.00642125000013,0.6711670430377126,0
1653,35.01966083404841,0.4724159953184426,0
1654,35.03129250003258,0.46716700308024883,0
1655,35.044312334037386,0.47450000420212746,0
1656,35.05580179201206,0.5376249901019037,0
1657,35.06830812501721,0.6362920394167304,0
1658,35.08150904200738,0.5193750257603824,0
1659,35.094574250048026,,1
1660,35.208392334054224,,1
1661,35.3199901250191,,1
1662,35.43394491705112,,1
1663,35.547492625017185,,1
1664,35.66054258402437,,1
1665,35.77443375001894,,1
1666,35.88814641704084,0.4164169658906758,0
1667,35.90113258402562,0.3555829753167927,0
1668,35.914053334039636,0.3582499921321869,0
1669,35.92697104200488,0.28370803920552135,0
1670,35.939797959057614,0.3817079705186188,0
1671,35.95271920901723,0.3565829829312861,0
1672,35.96475145901786,0.3185000387020409,0
1673,35.976409584051,0.4659160040318966,0
1674,35.98914312501438,0.4887920222245157,0
1675,36.000024042034056,1.4864170225337148,0
1676,36.01415879203705,0.5184169858694077,0
1677,36.02729016705416,0.49474998377263546,0
1678,36.04040175001137,0.8210000232793391,0
1679,36.052911334030796,0.48874999629333615,0
1680,36.0660020840005,,1
1681,36.179717375023756,,1
1682,36.29255375004141,0.648624962195754,0
1683,36.30378750001546,0.5683749914169312,0
1684,36.31696691701654,0.5221249884925783,0
1685,36.32778554200195,0.4282500012777746,0
1686,36.339662292040884,0.5020829848945141,0
1687,36.351231959008146,0.39741600630804896,0
1688,36.36413858400192,0.47625001752749085,0
1689,36.37484183401102,0.36812503822147846,0
1690,36.38670920900768,0.3231250448152423,0
1691,36.397957125038374,0.23608398623764515,0
1692,36.41076670901384,0.36750000435858965,0
1693,36.42372262501158,0.4182500415481627,0
1694,36.43441854201956,0.426042010076344,0
1695,36.44725962501252,0.33312500454485416,0
1696,36.457719500001986,0.42091700015589595,0
1697,36.46882937505143,0.39533397648483515,0
1698,36.48178362502949,0.3914170083589852,0
1699,36.494752584025264,0.7934580207802355,0
1700,36.507649084029254,0.43937499867752194,0
1701,36.51918287505396,0.3540419857017696,0
1702,36.53228841704549,0.5096669774502516,0
1703,36.545386417012196,0.24887500330805779,0
1704,36.55810179200489,0.27466705068945885,0
1705,36.57093462505145,0.35329197999089956,0
1706,36.583846542052925,0.27779198717325926,0
1707,36.59667629201431,0.26762502966448665,0
1708,36.60868783405749,0.4058749764226377,0
1709,36.61972079204861,0.3304999554529786,0
1710,36.63259800005471,0.30579196754842997,0
1711,36.6454533340293,0.30224997317418456,0
1712,36.65831679204712,0.40562497451901436,0
1713,36.67128354200395,0.3901669988408685,0
1714,36.684250250051264,0.38945896085351706,0
1715,36.695634709030855,0.35333301639184356,0
1716,36.707790834014304,0.3611250431276858,0
1717,36.7197205000557,0.3712920006364584,0
1718,36.73267687502084,0.3826250322163105,0
1719,36.74560770904645,0.36037497920915484,0
1720,36.75758783402853,0.4172080080024898,0
1721,36.77057629200863,0.5296670133247972,0
1722,36.783661292050965,,1
1723,36.89750083402032,,1
1724,37.010483459045645,,1
1725,37.124376917025074,,1
1726,37.23829133401159,,1
1727,37.35104175005108,,1
1728,37.46295620902674,,1
1729,37.57681808405323,0.6578329484909773,0
1730,37.590068542049266,0.4719169810414314,0
1731,37.603116250014864,0.5914589855819941,0
1732,37.61575575004099,0.46725000720471144,0
1733,37.628774417040404,0.42816699715331197,0
1734,37.64175554201938,0.38879201747477055,0
1735,37.65287304203957,0.4052919684909284,0
1736,37.66416150005534,0.3846249892376363,0
1737,37.67708479205612,0.3519579768180847,0
1738,37.68997829203727,0.4172080080024898,0
1739,37.70294108404778,0.3701249952428043,0
1740,37.71413554204628,0.31279196264222264,0
1741,37.727004209009465,0.4065830144099891,0
1742,37.73912904202007,0.3917079884558916,0
1743,37.752071334049106,0.45983295422047377,0
1744,37.764119709027,0.4249580088071525,0
1745,37.77711404202273,0.45054202200844884,0
1746,37.790114084025845,0.5378330242820084,0
1747,37.803239584027324,0.5823749816045165,0
1748,37.81586812500609,0.3642500378191471,0
1749,37.828822959039826,0.5017910152673721,0
1750,37.84194637503242,0.5273339920677245,0
1751,37.8550791250309,0.6079169688746333,0
1752,37.86770916701062,0.39837503572925925,0
1753,37.88068345905049,0.46608300181105733,0
1754,37.89372666704003,0.4612499615177512,0
1755,37.906334084051196,0.4433749709278345,0
1756,37.91699670901289,0.3813750226981938,0
1757,37.92993770900648,0.24025002494454384,0
1758,37.94271950004622,0.3078749869018793,0
1759,37.9555816250504,0.28562499210238457,0
1760,37.96653954201611,0.21737499628216028,0
1761,37.97930066700792,0.23779203183948994,0
1762,37.99208258400904,0.43833302333950996,0
1763,38.00510679202853,0.5698750028386712,0
1764,38.01835866703186,0.5161669687367976,0
1765,38.031480209028814,0.40791602805256844,0
1766,38.044446584011894,0.262040994130075,0
1767,38.05620600003749,0.5115419626235962,0
1768,38.06960691703716,0.36812498001381755,0
1769,38.08084933401551,0.34983298974111676,0
1770,38.09177320904564,0.42233295971527696,0
1771,38.10248995904112,0.5754579906351864,0
1772,38.11359808401903,0.32666599145159125,0
1773,38.12538341700565,0.46137504978105426,0
1774,38.138431250001304,0.3129170509055257,0
1775,38.15131025004666,0.22441695909947157,0
1776,38.16408095904626,0.2336659817956388,0
1777,38.17686100001447,0.2698749885894358,0
1778,38.18846241704887,0.2639580052345991,0
1779,38.199082209030166,0.9091660031117499,0
1780,38.21113212505588,0.33729197457432747,0
1781,38.22402600001078,0.26566704036667943,0
1782,38.23909916705452,0.37591694854199886,0
1783,38.251482834049966,0.37016597343608737,0
1784,38.26342900004238,0.268584000878036,0
1785,38.276251667004544,0.280542008113116,0
1786,38.28909233404556,0.3299579839222133,0
1787,38.30106900003739,0.2644999767653644,0
1788,38.31367237505037,0.35849999403581023,0
1789,38.3265846670256,0.1723750028759241,0
1790,38.3391167500522,0.18441700376570225,0
1791,38.351853833999485,0.24758302606642246,0
1792,38.36465516703902,0.3730829921551049,0
1793,38.3775956670288,0.27487502666190267,0
1794,38.39048250002088,0.8180839940905571,0
1795,38.40164420905057,0.39299996569752693,0
1796,38.41279629204655,0.374249997548759,0
1797,38.425646542047616,0.39137498242780566,0
1798,38.43621137505397,0.3410420031286776,0
1799,38.4491255840403,0.3328750026412308,0
1800,38.462015000055544,0.309124996419996,0
1801,38.47488087503007,0.3404589951969683,0
1802,38.487790125014726,0.3932500258088112,0
1803,38.49955579201924,0.3744999994523823,0
1804,38.5124836670002,0.3542500198818743,0
1805,38.52425595902605,0.34854101249948144,0
1806,38.53478687501047,0.28354203095659614,0
1807,38.546659042011015,0.2946670283563435,0
1808,38.55951925000409,0.43195905163884163,0
1809,38.572527084033936,0.26058300863951445,0
1810,38.58356900000945,0.6455840193666518,0
1811,38.59486975002801,0.36562501918524504,0
1812,38.60579745902214,0.35275000846013427,0
1813,38.618735459051095,0.3066249773837626,0
1814,38.63159608404385,0.3156659658998251,0
1815,38.64448037504917,0.3678749781101942,0
1816,38.65740858402569,0.20058301743119955,0
1817,38.66937845904613,0.2224159543402493,0
1818,38.68128137500025,0.2103750011883676,0
1819,38.69403408403741,0.2044580178335309,0
1820,38.7054408750264,0.2072919742204249,0
1821,38.716393167036586,0.23491698084399104,0
1822,38.727410834049806,0.2605409827083349,0
1823,38.73815516702598,0.22033299319446087,0
1824,38.75003375002416,0.2488340251147747,0
1825,38.762824334029574,0.22487499518319964,0
1826,38.77354725002078,0.20950002362951636,0
1827,38.78553041705163,0.20587496692314744,0
1828,38.798274000000674,0.25750003987923265,0
1829,38.80975020903861,0.1663750153966248,0
1830,38.82245704205707,0.2615829580463469,0
1831,38.834064417053014,0.2114999806508422,0
1832,38.84681754204212,0.1710419892333448,0
1833,38.859534250048455,0.1948749995790422,0
1834,38.871779625013005,0.21479203132912517,0
1835,38.88421950000338,0.22666703443974257,0
1836,38.896980084013194,0.17262500477954745,0
1837,38.909699417010415,0.24258304620161653,0
1838,38.92148525000084,0.34725002478808165,0
1839,38.93319050001446,0.562500033993274,0
1840,38.94489537505433,0.4010839620605111,0
1841,38.955380959028844,0.365958025213331,0
1842,38.96634745900519,0.48745801905170083,0
1843,38.97943262505578,0.24691695580258965,0
1844,38.992259709048085,0.12141600018367171,0
1845,39.00391875003697,0.24879199918359518,0
1846,39.01466162502766,0.1663339789956808,0
1847,39.02523412503069,,1
1848,39.1381954170065,,1
1849,39.2516471670242,,1
1850,39.36488441703841,0.6603329675272107,0
1851,39.37786341703031,0.44358300510793924,0
1852,39.389144625049084,0.5011250032112002,0
1853,39.401416459004395,0.4889580304734409,0
1854,39.414265584026,2.0288749947212636,0
1855,39.4273895000224,0.5101669812574983,0
1856,39.43934587505646,0.5289999535307288,0
1857,39.450976000051014,0.5347499973140657,0
1858,39.464088917011395,0.46125001972541213,0
1859,39.47637587500503,0.4587500006891787,0
1860,39.489400000020396,0.4735420225188136,0
1861,39.50146858399967,0.4752910463139415,0
1862,39.51345033402322,0.5143749876879156,0
1863,39.52655350003624,0.6182920187711716,0
1864,39.539169542025775,0.4678330151364207,0
1865,39.55165458400734,0.6072500254958868,0
1866,39.562767667055596,0.6302919937297702,0
1867,39.57501929200953,0.5257500451989472,0
1868,39.5867427920457,0.43533300049602985,0
1869,39.597895584010985,0.39350002771243453,0
1870,39.61007979203714,0.5110420170240104,0
1871,39.62313391704811,0.3469579969532788,0
1872,39.63464916701196,0.3732499899342656,0
1873,39.64612858404871,0.36174996057525277,0
1874,39.65903762500966,0.40970899863168597,0
1875,39.67021875001956,0.58787502348423,0
1876,39.68188716704026,0.5315419984981418,0
1877,39.69497408403549,0.46670797746628523,0
1878,39.70800412504468,0.5192089593037963,0
1879,39.72019216703484,0.45674998546019197,0
1880,39.73304908402497,1.452583004720509,0
1881,39.747063209011685,0.5079580005258322,0
1882,39.760156792006455,0.4746250342577696,0
1883,39.773187459039036,0.585665984544903,0
1884,39.78633295901818,0.4853749996982515,0
1885,39.79830408404814,0.3867499763146043,0
1886,39.81126929202583,0.49233302706852555,0
1887,39.822292375029065,0.38400001358240843,0
1888,39.834968584007584,0.44012500438839197,0
1889,39.84799945901614,0.45266601955518126,0
1890,39.86104791704565,0.5203749751672149,0
1891,39.87418662500568,0.49558404134586453,0
1892,39.88673925003968,0.3664589603431523,0
1893,39.899666834040545,0.26779097970575094,0
1894,39.91174633405171,0.44845795491710305,0
1895,39.924804500013124,0.5078749964013696,0
1896,39.937917625007685,0.49758399836719036,0
1897,39.95053887501126,0.3539170138537884,0
1898,39.96344341704389,0.23820798378437757,0
1899,39.97559879202163,0.5253750132396817,0
1900,39.986713292018976,0.36100001307204366,0
1901,39.999419084051624,0.39866595761850476,0
1902,40.01240129204234,0.5202919710427523,0
1903,40.02552879200084,0.49233302706852555,0
1904,40.03651866700966,0.6237500347197056,0
1905,40.04973179200897,0.37895800778642297,0
1906,40.06023245904362,0.349957961589098,0
1907,40.07314283400774,0.2934579970315099,0
1908,40.08597620902583,0.20112498896196485,0
1909,40.098708917037584,0.17520796973258257,0
1910,40.11141554202186,0.27529202634468675,0
1911,40.12424712500069,0.3539170138537884,0
1912,40.13495762500679,0.35370903788134456,0
1913,40.14790095901117,0.3733329940587282,0
1914,40.16086212504888,0.5217919824644923,0
1915,40.17396245902637,0.38945802953094244,0
1916,40.186657375015784,0.4352920223027468,0
1917,40.19795995904133,0.37058297311887145,0
1918,40.20982145902235,,1
1919,40.323382000031415,,1
1920,40.436832042003516,,1
1921,40.549641584046185,0.27074996614828706,0
1922,40.56246975000249,0.2578750136308372,0
1923,40.573366000026,0.3642920055426657,0
1924,40.58572295901831,0.24641602067276835,0
1925,40.59851662500296,0.19245903240516782,0
1926,40.61125533404993,1.4431249583140016,0
1927,40.6238615840557,0.30758295906707644,0
1928,40.6359770000563,0.39012497290968895,0
1929,40.64865995902801,0.2971659996546805,0
1930,40.66053933399962,0.2919160178862512,0
1931,40.67107641702751,0.28141698567196727,0
1932,40.68276179203531,0.4052500007674098,0
1933,40.695731417043135,0.3636250039562583,0
1934,40.707059292006306,0.3125420189462602,0
1935,40.71832112502307,0.2962920116260648,0
1936,40.730194792035036,0.19329198403283954,0
1937,40.742931042041164,0.344207976013422,0
1938,40.75583783403272,0.35691598895937204,0
1939,40.76777183404192,0.4451249842531979,0
1940,40.78079729201272,0.32049999572336674,0
1941,40.793680167000275,0.3737080260179937,0
1942,40.80661741702352,0.36445801379159093,0
1943,40.81855175003875,0.42379199294373393,0
1944,40.83233954204479,0.41091698221862316,0
1945,40.846206542046275,0.21954200929030776,0
1946,40.858185334014706,0.3626660327427089,0
1947,40.871108459017705,0.24541601305827498,0
1948,40.88390083401464,0.22533303126692772,0
1949,40.89667550002923,0.21508400095626712,0
1950,40.907705417019315,0.5118330009281635,0
1951,40.92080679204082,0.5812079762108624,0
1952,40.93300200003432,0.4123339895159006,0
1953,40.94606416701572,0.41858298936858773,0
1954,40.9590725840535,0.4868749529123306,0
1955,40.97217245900538,0.5367080448195338,0
1956,40.98551395902177,0.3601660137064755,0
1957,40.998447167046834,0.39729196578264236,0
1958,41.01050870900508,0.6011660443618894,0
1959,41.023729750013445,0.38733403198421,0
1960,41.03669312503189,0.27779198717325926,0
1961,41.04953583405586,0.35629095509648323,0
1962,41.06247716705548,0.4087499692104757,0
1963,41.07402295904467,0.49408298218622804,0
1964,41.08597662503598,0.4905840032733977,0
1965,41.09905425005127,0.42875000508502126,0
1966,41.11110825004289,0.4332499811425805,0
1967,41.122478000004776,0.5112920189276338,0
1968,41.134460792003665,0.4218330141156912,0
1969,41.14757458399981,0.5984580493532121,0
1970,41.160774625022896,0.5173750105313957,0
1971,41.17390150000574,0.511125021148473,0
1972,41.18701420904836,0.3544159699231386,0
1973,41.19794845901197,0.21791603649035096,0
1974,41.20919512503315,0.48079201951622963,0
1975,41.222262209048495,0.39299996569752693,0
1976,41.23429612501059,0.35799999022856355,0
1977,41.24659237504238,3.193416981957853,0
1978,41.26210341701517,0.5153749953024089,0
1979,41.27375891705742,0.47045794781297445,0
1980,41.285757834033575,0.4243329749442637,0
1981,41.29747533402406,0.19687501480802894,0
1982,41.310214792029,0.1852919813245535,0
1983,41.32245745905675,0.19237498054280877,0
1984,41.33303225005511,0.19529199926182628,0
1985,41.34578429203248,0.4243329749442637,0
1986,41.358831125020515,0.4439170006662607,0
1987,41.37014775001444,0.4805839853361249,0
1988,41.383230459003244,0.5474160425364971,0
1989,41.39536212501116,0.41804200736805797,0
1990,41.40836708404822,0.3982909838669002,0
1991,41.42036337504396,0.28304196894168854,0
1992,41.43182387505658,0.3439589636400342,0
1993,41.44364675000543,0.4658750258386135,0
1994,41.45579525001813,0.2969999914057553,0
1995,41.467423834023066,0.3275410272181034,0
1996,41.48031679203268,0.26050000451505184,0
1997,41.493146584019996,0.5731660057790577,0
1998,41.505037250055466,0.38058398058637977,0
1999,41.51800350000849,0.33537502167746425,0
2000,41.530743542010896,0.30508299823850393,0
2001,41.5426275000209,0.38829201366752386,0
2002,41.554484667023644,0.36691699642688036,0
2003,41.56741220905678,0.21662499057129025,0
2004,41.580191917018965,0.27670798590406775,0
2005,41.593028209055774,0.38833299186080694,0
2006,41.60391504201107,0.8655000128783286,0
2007,41.61737675004406,0.30041695572435856,0
2008,41.62965120904846,0.2675830037333071,0
2009,41.64248320902698,0.360500009264797,0
2010,41.65540091705043,0.29274995904415846,0
2011,41.66683191701304,0.31337502878159285,0
2012,41.67914462502813,0.2406249986961484,0
2013,41.69082975003403,0.23441697703674436,0
2014,41.70361629204126,0.39241701597347856,0
2015,41.714193167048506,0.26408297708258033,0
2016,41.72701566701289,0.2399170189164579,0
2017,41.739805125049315,0.2584589528851211,0
2018,41.75262216705596,0.3442499437369406,0
2019,41.765527084004134,0.21637504687532783,0
2020,41.778298042016104,0.21437503164634109,0
2021,41.7910598750459,,1
2022,41.90478958404856,,1
2023,42.01876791700488,,1
2024,42.13208754203515,,1
2025,42.24632837501122,,1
2026,42.36030166700948,0.46841701259836555,0
2027,42.3733208340127,0.5081249983049929,0
2028,42.38644187501632,0.5208750371821225,0
2029,42.399566792009864,0.4927080008201301,0
2030,42.41280487505719,0.7045419770292938,0
2031,42.424756709020585,0.5735830054618418,0
2032,42.43793779204134,0.5524170119315386,0
2033,42.449868334049825,0.5256249569356441,0
2034,42.462997834023554,0.5025829887017608,0
2035,42.476095250051,0.499458983540535,0
2036,42.48916391702369,0.5465419963002205,0
2037,42.50073545903433,0.40691602043807507,0
2038,42.512370209035,0.5651249666698277,0
2039,42.52557387505658,0.5708339740522206,0
2040,42.53878858400276,0.5343329976312816,0
2041,42.54954895901028,0.3868750063702464,0
2042,42.56108545901952,0.533208018168807,0
2043,42.574532209022436,0.5260829930193722,0
2044,42.58766837505391,0.4682499566115439,0
2045,42.59958445903612,0.616791017819196,0
2046,42.6108035420184,0.4742080345749855,0
2047,42.62387150002178,0.5837500211782753,0
2048,42.637047875032295,0.41212502401322126,0
2049,42.65004262502771,,1
2050,42.762354459031485,0.5904160207137465,0
2051,42.775564084004145,0.5055410438217223,0
2052,42.788664625026286,0.3291670000180602,0
2053,42.799878042016644,0.31770800705999136,0
2054,42.81073608400766,0.46437501441687346,0
2055,42.823791667004116,0.29204203747212887,0
2056,42.83663858403452,0.27420796686783433,0
2057,42.84946479200153,0.32412505242973566,0
2058,42.861877875053324,0.3726669820025563,0
2059,42.87481154204579,0.3433749661780894,0
2060,42.887702834035736,0.3019580035470426,0
2061,42.90057354205055,0.24154200218617916,0
2062,42.91336708405288,0.35633298102766275,0
2063,42.926722792035434,0.22545800311490893,0
2064,42.93949070904637,0.2507499884814024,0
2065,42.95228779205354,0.23429194698110223,0
2066,42.96412795904325,0.2395409974269569,0
2067,42.97668345901184,0.21825003204867244,0
2068,42.98835212504491,0.21908397320657969,0
2069,43.00104504200863,0.22770802024751902,0
2070,43.0138101670309,0.1990000018849969,0
2071,43.02657008403912,0.20312500419095159,0
2072,43.03930908400798,0.22533303126692772,0
2073,43.05208362505073,0.2820839872583747,0
2074,43.06413504201919,0.4449170082807541,0
2075,43.07702795905061,0.44350000098347664,0
2076,43.090083459042944,0.5739160114899278,0
2077,43.10326250002254,0.5320000345818698,0
2078,43.11612170905573,0.4410829860717058,0
2079,43.12913758400828,0.27362501714378595,0
2080,43.1419606670388,0.22608297877013683,0
2081,43.15473729203222,0.1925000105984509,0
2082,43.16512708400842,0.1866660313680768,0
2083,43.17786325002089,0.4277090192772448,0
2084,43.19085283402819,0.34149998100474477,0
2085,43.20373466704041,0.215750013012439,0
2086,43.216487292025704,0.19966700347140431,0
2087,43.229216000007,0.22112502483651042,0
2088,43.24200325005222,0.26937498478218913,0
2089,43.25482379202731,0.2639580052345991,0
2090,43.26585225004237,0.2507499884814024,0
2091,43.27852937503485,0.21041696891188622,0
2092,43.29081254202174,0.2442080294713378,0
2093,43.301833584031556,0.21983298938721418,0
2094,43.31733233400155,,1
2095,43.43117037502816,,1
2096,43.54457429202739,,1
2097,43.65842687501572,,1
2098,43.77204183401773,,1
2099,43.88595475000329,0.5388749996200204,0
2100,43.897888875042554,0.29458396602422,0
2101,43.910747584013734,0.7580830133520067,0
2102,43.92297012504423,0.32779196044430137,0
2103,43.93585316702956,0.4045829991810024,0
2104,43.94760979205603,0.47520798398181796,0
2105,43.960648542037234,0.3720420063473284,0
2106,43.9735977500095,0.2380840014666319,0
2107,43.986389209050685,0.20887498976662755,0
2108,43.99913483404089,0.20616600522771478,0
2109,44.011885459010955,0.18629099940881133,0
2110,44.024639417009894,0.3184580127708614,0
2111,44.037503125029616,0.2436250215396285,0
2112,44.04953504202422,0.2781249932013452,0
2113,44.06234891701024,0.257750041782856,0
2114,44.07514854200417,0.25554205058142543,0
2115,44.08759479201399,0.2697079908102751,0
2116,44.0990475420258,0.23250002413988113,0
2117,44.11181533400668,0.2199159935116768,0
2118,44.12457079201704,0.23208302445709705,0
2119,44.13530258403625,0.7755829719826579,0
2120,44.14790170901688,0.3898750292137265,0
2121,44.160838875046466,0.3961669863201678,0
2122,44.17254908400355,0.3049580263905227,0
2123,44.18419025000185,0.2963750157505274,0
2124,44.197024125023745,0.2804999821819365,0
2125,44.209846334008034,0.3260000376030803,0
2126,44.22272508405149,0.27254095766693354,0
2127,44.23554329201579,0.2602080348879099,0
2128,44.247482917038724,0.34783297451213,0
2129,44.25961508403998,0.3638329799287021,0
2130,44.27253020904027,0.3292079782113433,0
2131,44.28302337502828,0.48104202141985297,0
2132,44.294525834033266,0.3817909746430814,0
2133,44.30666837503668,0.42050000047311187,0
2134,44.319690875010565,0.4076249897480011,0
2135,44.33065429201815,1.126707997173071,0
2136,44.343187167018186,0.48504199367016554,0
2137,44.35512108402327,0.3309579915367067,0
2138,44.36559812503401,0.2836249768733978,0
2139,44.37841104203835,0.2505420125089586,0
2140,44.39062629203545,0.12437498662620783,0
2141,44.40326695900876,0.11066603474318981,0
2142,44.415891125041526,0.1240840065293014,0
2143,44.42855262500234,0.15858403639867902,0
2144,44.44125066703418,0.2756670000962913,0
2145,44.453099750040565,0.28062501223757863,0
2146,44.464551167038735,0.19608298316597939,0
2147,44.47728037502384,0.2470840117894113,0
2148,44.490088709047996,0.18037500558421016,0
2149,44.502799750014674,0.20283402409404516,0
2150,44.51553941704333,0.21054199896752834,0
2151,44.528291125025135,0.28554198797792196,0
2152,44.54111979203299,0.25937496684491634,0
2153,44.553921917045955,0.2424169797450304,0
2154,44.56674037501216,0.30483404407277703,0
2155,44.57959162502084,0.24862500140443444,0
2156,44.591977292031515,0.2529170014895499,0
2157,44.60477100004209,0.2311249845661223,0
2158,44.61756725003943,0.21041696891188622,0
2159,44.630307667015586,0.19566703122109175,0
2160,44.64303420903161,0.26966602308675647,0
2161,44.65584254200803,0.28375000692903996,0
2162,44.66868837503716,0.2328749978914857,0
2163,44.6812192920479,0.24149997625499964,0
2164,44.69399212504504,0.24754198966547847,0
2165,44.706813125056215,0.22795895347371697,0
2166,44.7196092090453,0.22041599731892347,0
2167,44.73122258402873,0.21983298938721418,0
2168,44.74314704205608,0.21729199215769768,0
2169,44.75539991701953,0.24441699497401714,0
2170,44.768184834043495,0.2631249953992665,0
2171,44.78079179202905,0.22833299590274692,0
2172,44.79356641700724,0.26991701452061534,0
2173,44.80639108404284,0.4417909658513963,0
2174,44.817017334047705,0.321374973282218,0
2175,44.828551750048064,0.2810839796438813,0
2176,44.84137158404337,,1
2177,44.95511562505271,,1
2178,45.069139250030275,,1
2179,45.18151095905341,0.4918749909847975,0
2180,45.19459475000622,0.31400000443682075,0
2181,45.20745479204925,0.3589169937185943,0
2182,45.22037091705715,0.3203749656677246,0
2183,45.23286641703453,0.27199997566640377,0
2184,45.245681292028166,0.32991700572893023,0
2185,45.25708320905687,0.3334999782964587,0
2186,45.2681700840476,0.5207079811953008,0
2187,45.28083570901072,0.3707910072989762,0
2188,45.291388542042114,0.3232919843867421,0
2189,45.3030066670035,0.359416997525841,0
2190,45.314636834023986,0.26416598120704293,0
2191,45.32746920903446,0.22008299129083753,0
2192,45.3402251250227,0.16774999676272273,0
2193,45.35292054200545,0.20708300871774554,0
2194,45.36567379202461,0.20608300110325217,0
2195,45.378470417053904,0.19837496802210808,0
2196,45.39122600003611,0.1919170026667416,0
2197,45.40395079203881,0.1949580037035048,0
2198,45.41506083402783,0.21916598780080676,0
2199,45.42781887500314,0.22541702492162585,0
2200,45.4393149590469,0.2477499656379223,0
2201,45.45210312504787,0.2399589866399765,0
2202,45.46487795904977,0.2429999876767397,0
2203,45.476510584005155,0.21783303236588836,0
2204,45.48927095904946,0.24525000480934978,0
2205,45.5020488340524,0.20495796343311667,0
2206,45.51479320903309,0.18924998585134745,0
2207,45.52513587503927,0.19216700457036495,0
2208,45.53786687500542,0.20558404503390193,0
2209,45.550619167042896,0.22933300351724029,0
2210,45.56208579201484,0.24449999909847975,0
2211,45.574873625009786,0.21787500008940697,0
2212,45.587637292046566,0.20533299539238214,0
2213,45.59962037502555,0.22320897551253438,0
2214,45.61240029201144,0.2127499901689589,0
2215,45.62517300003674,0.22187497233971953,0
2216,45.63793970900588,,1
2217,45.75153816700913,,1
2218,45.86413695901865,,1
2219,45.97755341703305,0.5150829674676061,0
2220,45.9895187500515,0.3197919577360153,0
2221,46.001147917006165,0.3047920181415975,0
2222,46.014005917008035,0.2977499971166253,0
2223,46.024365334014874,0.2655000425875187,0
2224,46.03597683401313,0.2969999914057553,0
2225,46.04860445903614,0.2437079674564302,0
2226,46.061388792004436,0.28558302437886596,0
2227,46.0723171250429,0.29437500052154064,0
2228,46.08515225001611,0.32641703728586435,0
2229,46.097460959048476,0.2841249806806445,0
2230,46.10885020904243,0.29683299362659454,0
2231,46.121690792031586,0.31345797469839454,0
2232,46.13454995903885,0.25174999609589577,0
2233,46.14626445900649,0.2687910455279052,0
2234,46.15788420900935,0.3195000463165343,0
2235,46.168638375005685,0.2917920355685055,0
2236,46.1813082920271,0.2441250253468752,0
2237,46.19271783402655,0.2323330263607204,0
2238,46.20375400001649,0.28375000692903996,0
2239,46.215795875003096,0.2642920007929206,0
2240,46.22860375000164,0.23204204626381397,0
2241,46.23915191704873,0.26545795844867826,0
2242,46.250760375056416,0.3147089737467468,0
2243,46.26361254201038,0.2567920018918812,0
2244,46.27395500004059,0.22370897931978106,0
2245,46.28671358403517,0.2621249877847731,0
2246,46.297539709019475,0.25054102297872305,0
2247,46.31046858400805,0.2448330051265657,0
2248,46.323248959030025,0.2644159831106663,0
2249,46.33605408400763,0.2495830412954092,0
2250,46.34884550003335,0.24087500059977174,0
2251,46.36105320905335,0.22070796694606543,0
2252,46.37272354203742,0.22474996512755752,0
2253,46.385484917031135,0.2530830097384751,0
2254,46.3979724170058,0.2275830483995378,0
2255,46.408882625051774,0.29391696443781257,0
2256,46.42171775002498,0.2608340000733733,0
2257,46.434522167022806,0.2514169900678098,0
2258,46.44731508404948,0.2654999843798578,0
2259,46.46011629200075,0.27887499891221523,0
2260,46.47293254203396,0.257332983892411,0
2261,46.485672750044614,0.5742089706473053,0
2262,46.49745825002901,0.264959002379328,0
2263,46.50857050000923,0.3274170449003577,0
2264,46.52145004202612,0.21904200548306108,0
2265,46.53420025005471,0.15283399261534214,0
2266,46.546873292012606,0.1301250304095447,0
2267,46.55952150002122,,1
2268,46.67217408400029,,1
2269,46.78584695904283,,1
2270,46.89895945903845,,1
2271,47.01258720905753,,1
2272,47.12642875005258,,1
2273,47.23820100002922,,1
2274,47.35203637502855,,1
2275,47.46519345900742,,1
2276,47.579008709057234,,1
2277,47.692765167041216,,1
2278,47.806516834010836,,1
2279,47.92027958401013,,1
2280,48.03419745905558,,1
2281,48.14809825003613,,1
2282,48.26191129203653,,1
2283,48.37506058404688,,1
2284,48.48864729201887,,1
2285,48.602359875047114,,1
2286,48.71464995900169,,1
2287,48.82793783402303,,1
2288,48.94176541705383,,1
2289,49.05555779201677,,1
2290,49.16860583401285,0.6198750343173742,0
2291,49.180727792030666,0.436166999861598,0
2292,49.19353916705586,0.38733298424631357,0
2293,49.206477125000674,0.3765420406125486,0
2294,49.217559209035244,0.42295799357816577,0
2295,49.230573959008325,0.3660410293377936,0
2296,49.24349225003971,0.42795896297320724,0
2297,49.25648129201727,0.4248750046826899,0
2298,49.26945387502201,0.3860840224660933,0
2299,49.28174587502144,0.4301249864511192,0
2300,49.293630167027004,0.4532919847406447,0
2301,49.305077209020965,0.34675002098083496,0
2302,49.316944500023965,0.2298750332556665,0
2303,49.32975591701688,0.18083298346027732,0
2304,49.341694250004366,0.16908399993553758,0
2305,49.35442420904292,0.1925000105984509,0
2306,49.36718591704266,0.20249997032806277,0
2307,49.37950975005515,0.19608397269621491,0
2308,49.39108687505359,0.18037494737654924,0
2309,49.40287704201182,0.17083302373066545,0
2310,49.41464195901062,0.17512502381578088,0
2311,49.42735320900101,0.18445804016664624,0
2312,49.44009220902808,0.18862501019611955,0
2313,49.45281650003744,0.18166698282584548,0
2314,49.46412462502485,0.19916699966415763,0
2315,49.476863334013615,0.23054098710417747,0
2316,49.48963237501448,0.28725003357976675,0
2317,49.50246212503407,0.3233749885112047,0
2318,49.5152795840404,0.22620800882577896,0
2319,49.52805725001963,0.20695902639999986,0
2320,49.54080191702815,0.19350001821294427,0
2321,49.553543459041975,0.19649998284876347,0
2322,49.56627458403818,,1
2323,49.67955591704231,,1
2324,49.79325733403675,,1
2325,49.906181667000055,0.5521670100279152,0
2326,49.91930891701486,0.5062500131316483,0
2327,49.93080320901936,0.47625001752749085,0
2328,49.943845250003505,0.3803750150837004,0
2329,49.956778667052276,0.37287495797500014,0
2330,49.96970558405155,0.36829098826274276,0
2331,49.98131016700063,0.3291670000180602,0
2332,49.9934992500348,0.45437499647960067,0
2333,50.00651637505507,0.34008396323770285,0
2334,50.01940187503351,0.29316701693460345,0
2335,50.03225504205329,0.32391696004197,0
2336,50.04512137500569,0.27112499810755253,0
2337,50.05794308404438,0.3763329586945474,0
2338,50.07086387503659,0.3411250072531402,0
2339,50.08131941704778,0.3215000033378601,0
2340,50.0936176670366,0.27241697534918785,0
2341,50.105271042033564,0.25450001703575253,0
2342,50.11689975002082,0.3154589794576168,0
2343,50.12975175003521,0.2964999875985086,0
2344,50.142326417029835,0.2666669897735119,0
2345,50.155137334018946,0.2651659888215363,0
2346,50.16579233400989,0.2501250128261745,0
2347,50.17861341702519,0.2723329816944897,0
2348,50.191426792007405,0.27062499430030584,0
2349,50.204230959003326,0.27350004529580474,0
2350,50.21644854202168,0.26400003116577864,0
2351,50.229253000055905,0.31999999191612005,0
2352,50.24211545905564,0.2728329855017364,0
2353,50.25493020901922,0.30279101338237524,0
2354,50.26587562501663,0.28450001263991,0
2355,50.278699375048745,0.2821669913828373,0
2356,50.29104412504239,0.25762501172721386,0
2357,50.302849459054414,0.24241599021479487,0
2358,50.31415716704214,0.24387496523559093,0
2359,50.32585475000087,0.24991703685373068,0
2360,50.3376865000464,0.251874967943877,0
2361,50.350475709012244,0.2597080310806632,0
2362,50.363273000053596,0.24445896269753575,0
2363,50.37605100002838,0.24070899235084653,0
2364,50.38883308402728,0.25066599482670426,0
2365,50.401631459011696,0.35675003891810775,0
2366,50.414522125036456,0.2875839709304273,0
2367,50.42735312500736,0.3254589973948896,0
2368,50.440225167025346,0.3017919952981174,0
2369,50.45252262504073,0.28479198226705194,0
2370,50.46464195905719,0.2632079995237291,0
2371,50.47743941703811,0.2762500080280006,0
2372,50.488402542017866,0.25687500601634383,0
2373,50.50001370901009,0.3077500150538981,0
2374,50.51285579201067,0.27241703355684876,0
2375,50.5232294590096,0.259916007053107,0
2376,50.53602950001368,0.24833402130752802,0
2377,50.547979667026084,0.22329197963699698,0
2378,50.5607393750106,0.25029201060533524,0
2379,50.57355400000233,0.22237503435462713,0
2380,50.58631266700104,0.3101670299656689,0
2381,50.59798108402174,0.2513329964131117,0
2382,50.61025733401766,0.28550002025440335,0
2383,50.621932709007524,0.23391604190692306,0
2384,50.633531959028915,0.2592080272734165,0
2385,50.64632633404108,0.23900001542642713,0
2386,50.65674070903333,0.22895797155797482,0
2387,50.668474375037476,0.3107499796897173,0
2388,50.68058045901125,0.2876250073313713,0
2389,50.69344054203248,0.27725001564249396,0
2390,50.70625737501541,0.2471670159138739,0
2391,50.71886237501167,0.27395901270210743,0
2392,50.729739084024914,,1
2393,50.84347720904043,,1
2394,50.957211667031515,0.39020797703415155,0
2395,50.970158375042956,0.24983397452160716,0
2396,50.9829565420514,0.2596669946797192,0
2397,50.99576254200656,0.2155420370399952,0
2398,51.00851654203143,0.19491702551022172,0
2399,51.02125320903724,0.17870799638330936,0
2400,51.03226408403134,0.2033329801633954,0
2401,51.04501441703178,0.17787498654797673,0
2402,51.057286917057354,0.1829169923439622,0
2403,51.06916254200041,0.24025002494454384,0
2404,51.08194016700145,0.1889580162242055,0
2405,51.094663417025004,0.1906250254251063,0
2406,51.10739070904674,,1
2407,51.22081220900873,,1
2408,51.33458820905071,,1
2409,51.448343834024854,,1
2410,51.56076783401659,,1
2411,51.67454225005349,,1
2412,51.78827491705306,,1
2413,51.90201183402678,,1
2414,52.015803209040314,0.4908749833703041,0
2415,52.028861584025435,0.3298749797977507,0
2416,52.041740209038835,0.3329580067656934,0
2417,52.05305412504822,0.3188339760527015,0
2418,52.065022792026866,0.3339999821037054,0
2419,52.07790991704678,0.3767079906538129,0
2420,52.090834209055174,0.3929579979740083,0
2421,52.10220729204593,0.33020798582583666,0
2422,52.11508329201024,0.2957500400952995,0
2423,52.12711625004886,0.30083395540714264,0
2424,52.139958500047214,0.26762497145682573,0
2425,52.15276716701919,0.279792002402246,0
2426,52.16464116703719,0.2608330105431378,0
2427,52.17748037504498,0.2537089749239385,0
2428,52.19027941703098,0.2721669734455645,0
2429,52.20234950003214,0.26691699167713523,0
2430,52.21466345904628,0.2822499955072999,0
2431,52.22748858400155,0.31637505162507296,0
2432,52.24034841702087,0.28312503127381206,0
2433,52.25311575003434,0.259542022831738,0
2434,52.26412704202812,0.27254200540483,0
2435,52.27631145901978,0.2984580351039767,0
2436,52.28915516700363,0.32041704980656505,0
2437,52.30201950005721,0.29320898465812206,0
2438,52.31412975001149,0.27895899256691337,0
2439,52.32695920905098,0.2567499759607017,0
2440,52.3397467090399,0.24612498236820102,0
2441,52.35359225003049,0.2452090266160667,0
2442,52.366378292033914,0.23512501502409577,0
2443,52.37916433403734,,1
2444,52.49291525001172,0.4067090339958668,0
2445,52.505878834053874,0.34974998561665416,0
2446,52.51641375001054,0.28345902683213353,0
2447,52.529265584016684,0.33379101660102606,0
2448,52.54214637505356,0.28387497877702117,0
2449,52.55497108405689,0.26483298279345036,0
2450,52.56660133402329,0.24470803327858448,0
2451,52.57938012504019,0.23991696070879698,0
2452,52.5898140000063,0.27995900018140674,0
2453,52.601433042029385,0.25279197143390775,0
2454,52.6141215840471,0.23516599321737885,0
2455,52.62576425005682,0.22891699336469173,0
2456,52.638538209022954,0.2613749820739031,0
2457,52.651350250002,0.25525002274662256,0
2458,52.66415450000204,0.25195901980623603,0
2459,52.676939042052254,0.25816698325797915,0
2460,52.68832616700092,0.2875000354833901,0
2461,52.70115895901108,0.26537501253187656,0
2462,52.71397091704421,0.24595798458904028,0
2463,52.72676741704345,0.22704200819134712,0
2464,52.73953387502115,0.23554201470687985,0
2465,52.752347750007175,0.28787500923499465,0
2466,52.764119792031124,0.24320802185684443,0
2467,52.77689979202114,,1
2468,52.8905768750119,,1
2469,53.00437920901459,0.49945799401029944,0
2470,53.017451209016144,0.3566659870557487,0
2471,53.03036862501176,0.2792919985949993,0
2472,53.04257841705112,0.23012497695162892,0
2473,53.0535807920387,0.33299997448921204,0
2474,53.06577704200754,0.3435830003581941,0
2475,53.07867125002667,0.34066702937707305,0
2476,53.09155658405507,0.28383295284584165,0
2477,53.10198229202069,0.2519580302760005,0
2478,53.11465133400634,0.24100003065541387,0
2479,53.12746520905057,0.27020799461752176,0
2480,53.14029050001409,0.3670839942060411,0
2481,53.15321516705444,0.33729197457432747,0
2482,53.164160209009424,0.28266600565984845,0
2483,53.17697966704145,0.23758300812914968,0
2484,53.18975733401021,0.23566599702462554,0
2485,53.202535334043205,0.2714999718591571,0
2486,53.214644584048074,0.24949997896328568,0
2487,53.22743237501709,0.2728750114329159,0
2488,53.2402396670077,0.2311250427737832,0
2489,53.25301279203268,0.2840830129571259,0
2490,53.26464441703865,0.23383297957479954,0
2491,53.27742483402835,0.23858301574364305,0
2492,53.29021212505177,0.25570899015292525,0
2493,53.30304137500934,0.22704200819134712,0
2494,53.3146584170172,0.27787499129772186,0
2495,53.32747412502067,0.22537499899044633,0
2496,53.340235834009945,0.2328749978914857,0
2497,53.35301154199988,0.22579205688089132,0
2498,53.36415125004714,0.2382500097155571,0
2499,53.3769509170088,0.21641701459884644,0
2500,53.38973633403657,0.21899997955188155,0
2501,53.402508625003975,0.212125014513731,0
2502,53.41497491701739,0.21404202561825514,0
2503,53.427732084004674,0.22316601825878024,0
2504,53.43829304201063,0.21645799279212952,0
2505,53.44912795902928,0.24274998577311635,0
2506,53.4605011670501,0.22212497424334288,0
2507,53.47216320905136,0.213540974073112,0
2508,53.48378612502711,0.2962920116260648,0
2509,53.495390417054296,0.21770800231024623,0
2510,53.5072081250255,0.23912498727440834,0
2511,53.51997925003525,0.23645901819691062,0
2512,53.53132495901082,0.2192500396631658,0
2513,53.54409450001549,0.2102089929394424,0
2514,53.55685016704956,0.31237496295943856,0
2515,53.56836516701151,0.21912500960752368,0
2516,53.580784667050466,0.27604197384789586,0
2517,53.59360525000375,0.2671670517884195,0
2518,53.60641187505098,0.23904198314994574,0
2519,53.61731504200725,0.22554199676960707,0
2520,53.628923875046894,0.21616695448756218,0
2521,53.64051520900102,0.22445805370807648,0
2522,53.653272500028834,0.2400419907644391,0
2523,53.665572709054686,0.2193329855799675,0
2524,53.67832529201405,0.20400003995746374,0
2525,53.6910705420305,0.25816698325797915,0
2526,53.703873209015,0.22541603539139032,0
2527,53.71599270903971,0.3291660104878247,0
2528,53.727588709036354,0.28791598742827773,0
2529,53.73919254203793,0.2709580003283918,0
2530,53.75089320901316,0.2571250079199672,0
2531,53.76189200003864,0.37045899080112576,0
2532,53.77480579202529,0.37741701817139983,0
2533,53.787726250011474,0.30512502416968346,0
2534,53.80057400005171,0.288833980448544,0
2535,53.81340825004736,0.26762497145682573,0
2536,53.82621525001014,0.2785419928841293,0
2537,53.839031084033195,0.24887500330805779,0
2538,53.85181908402592,0.27295801555737853,0
2539,53.864132459042594,0.2658329904079437,0
2540,53.876937875000294,0.2981670550070703,0
2541,53.88977970904671,0.2934579970315099,0
2542,53.9017313340446,0.24029100313782692,0
2543,53.91413495904999,0.4376659635454416,0
2544,53.92711783404229,0.41466596303507686,0
2545,53.94008120900253,0.36641600308939815,0
2546,53.95299595902907,0.31037500593811274,0
2547,53.96542004204821,0.39008300518617034,0
2548,53.97719020902878,0.6111660040915012,0
2549,53.990352542023174,0.4124580300413072,0
2550,54.00331870903028,0.3367500030435622,0
2551,54.014136750018224,0.2947500324808061,0
2552,54.02697625005385,0.3079999587498605,0
2553,54.0398216250469,0.2832089667208493,0
2554,54.052640125039034,0.34387496998533607,0
2555,54.065180417033844,0.48079201951622963,0
2556,54.07587370905094,0.34804095048457384,0
2557,54.08875870902557,0.33662503119558096,0
2558,54.10164187505143,0.2882919507101178,0
2559,54.11411800002679,0.24983397452160716,0
2560,54.12567537504947,0.2994589740410447,0
2561,54.13815400004387,0.29624998569488525,0
2562,54.15099858405301,0.2840409870259464,0
2563,54.1620718340273,0.25183300022035837,0
2564,54.17485858401051,0.2542500151321292,0
2565,54.18574237503344,0.29554200591519475,0
2566,54.19747145904694,0.24612498236820102,0
2567,54.21025195904076,0.2662499900907278,0
2568,54.22129670903087,,1
2569,54.33498041704297,,1
2570,54.44844637502683,,1
2571,54.56066112505505,,1
2572,54.673804500023834,,1
2573,54.787605084013194,0.49037503777071834,0
2574,54.79891445901012,0.21179101895540953,0
2575,54.811669625050854,0.17804198432713747,0
2576,54.824387833999936,0.21533301332965493,0
2577,54.8371510420111,,1
2578,54.95014941703994,,1
2579,55.0612989590154,,1
2580,55.17434979201062,,1
2581,55.28671145904809,,1
2582,55.3994026670116,,1
2583,55.51414470904274,,1
2584,55.62726429203758,,1
2585,55.741113542055245,,1
2586,55.85284120903816,,1
2587,55.96614454203518,,1
2588,56.08005066704936,,1
2589,56.19341250002617,,1
2590,56.30500087502878,,1
2591,56.418827084009536,0.5700830370187759,0
2592,56.42953570903046,0.3958329907618463,0
2593,56.44248491700273,0.3996670129708946,0
2594,56.45545045903418,0.3370830090716481,0
2595,56.46754829201382,0.32483303220942616,0
2596,56.47915137500968,0.29325002105906606,0
2597,56.49199212505482,0.3428749623708427,0
2598,56.504879167012405,0.31345803290605545,0
2599,56.51579650002532,0.2760839997790754,0
2600,56.52862150000874,0.26000000070780516,0
2601,56.53933891700581,0.4878750187344849,0
2602,56.551905292028096,0.33775001065805554,0
2603,56.56463962502312,0.26462500682100654,0
2604,56.575691125006415,0.2575840335339308,0
2605,56.58848741702968,0.24058297276496887,0
2606,56.59912579203956,0.23937498917803168,0
2607,56.61191229202086,0.23933302145451307,0
2608,56.62427679204848,0.22333295783028007,0
2609,56.63703366700793,0.21216704044491053,0
2610,56.648308750009164,0.25341700529679656,0
2611,56.659137375012506,0.21283404203131795,0
2612,56.67189466702985,0.25629199808463454,0
2613,56.684690792055335,0.2378329518251121,0
2614,56.69746104202932,0.2935000229626894,0
2615,56.7103181250277,0.25445898063480854,0
2616,56.722919542051386,0.2133749658241868,0
2617,56.73418545903405,0.24766597198322415,0
2618,56.74696841702098,0.21425000159069896,0
2619,56.757497667043936,0.25895796716213226,0
2620,56.77028962504119,0.2198339789174497,0
2621,56.78185162501177,0.21249998826533556,0
2622,56.794599000015296,0.20425004186108708,0
2623,56.80733679200057,0.24025002494454384,0
2624,56.82014279201394,0.21216704044491053,0
2625,56.832459125027526,0.22525002714246511,0
2626,56.845216750050895,0.20299997413530946,0
2627,56.855897542031016,0.42916700476780534,0
2628,56.866684667009395,0.49512501573190093,0
2629,56.878907250007614,0.48204202903434634,0
2630,56.891577292000875,0.6285420386120677,0
2631,56.90480383404065,0.4534159670583904,0
2632,56.91785550001077,0.27658400358632207,0
2633,56.93072462501004,0.4985000123269856,0
2634,56.94353966700146,0.545542046893388,0
2635,56.95671937504085,0.45849999878555536,0
2636,56.96978104201844,0.46608300181105733,0
2637,56.98078554205131,0.17220800509676337,0
2638,56.99349625001196,0.17312500858679414,0
2639,57.00621962500736,0.20599999697878957,0
2640,57.017715292051435,,1
2641,57.131432500027586,,1
2642,57.24526345904451,,1
2643,57.359047209029086,0.48649997916072607,0
2644,57.370005334028974,0.28662499971687794,0
2645,57.38130679202732,0.21000002743676305,0
2646,57.39406554203015,0.2008330193348229,0
2647,57.40680225001415,,1
2648,57.52035916701425,,1
2649,57.634146917029284,0.4177920054644346,0
2650,57.64595808403101,0.23200002033263445,0
2651,57.65872791700531,0.22529199486598372,0
2652,57.67086829204345,0.21666695829480886,0
2653,57.681788709014654,0.2525830059312284,0
2654,57.694596375047695,0.24020898854359984,0
2655,57.70739150000736,0.21758401999250054,0
2656,57.72014983400004,0.20045804558321834,0
2657,57.73130795900943,0.19562500528991222,0
2658,57.74406862503383,0.20770897390320897,0
2659,57.756232125044335,0.18350000027567148,0
2660,57.76895120902918,0.1985830022022128,0
2661,57.78130891703768,0.19562500528991222,0
2662,57.79406854201807,0.19116699695587158,0
2663,57.806818834040314,0.1885410165414214,0
2664,57.81957037502434,0.1799589954316616,0
2665,57.83082162501523,0.1824169885367155,0
2666,57.84328212501714,0.16762502491474152,0
2667,57.85598112503067,0.28124998789280653,0
2668,57.86654554202687,0.32533297780901194,0
2669,57.8794080420048,0.3564580110833049,0
2670,57.89235083403764,0.3267499851062894,0
2671,57.90522158402018,0.2913330099545419,0
2672,57.91809300001478,0.3219170030206442,0
2673,57.93079395900713,0.28970802668482065,0
2674,57.94361887505511,0.25633396580815315,0
2675,57.95643491705414,0.2561250003054738,0
2676,57.969236625009216,0.24433399084955454,0
2677,57.98080150003079,,1
2678,58.09460070903879,,1
2679,58.20850158401299,0.6818330148234963,0
2680,58.221803500026,0.6252090097405016,0
2681,58.23357770900475,0.3226250410079956,0
2682,58.2464787500212,0.5524170119315386,0
2683,58.259618084004615,0.6777910166420043,0
2684,58.272952209052164,0.7056659669615328,0
2685,58.28545716701774,0.6644169916398823,0
2686,58.297621459001675,0.6674580508843064,0
2687,58.310882917023264,0.4504169919528067,0
2688,58.322148792038206,0.35395799204707146,0
2689,58.33510087500326,0.5702920025214553,0
2690,58.34825733402977,0.26412500301375985,0
2691,58.36107483401429,0.2911250339820981,0
2692,58.37392720900243,0.28058304451406,0
2693,58.38632512500044,0.42741704965010285,0
2694,58.399327000021,0.2754590241238475,0
2695,58.412171167030465,0.2080830163322389,0
2696,58.42352929204935,0.488624966237694,0
2697,58.435731625009794,0.23733399575576186,0
2698,58.44796258403221,0.22308301413431764,0
2699,58.45972195902141,0.18620799528434873,0
2700,58.47023545904085,0.1879159826785326,0
2701,58.48295825003879,0.18212496070191264,0
2702,58.49568358401302,0.21329103037714958,0
2703,58.50761320901802,0.2157909912057221,0
2704,58.5203774170368,0.20237499848008156,0
2705,58.53128983400529,0.22404099581763148,0
2706,58.543375417008065,0.19387499196454883,0
2707,58.556106250034645,0.21600001491606236,0
2708,58.568862959044054,0.3062909818254411,0
2709,58.583479750028346,1.7235000268556178,0
2710,58.59776704205433,2.5837919674813747,0
2711,58.612941417028196,0.74637500802055,0
2712,58.62625866703456,0.5068330210633576,0
2713,58.6397945000208,0.6395840318873525,0
2714,58.653023084043525,0.6387080065906048,0
2715,58.6659561250126,0.6389589980244637,0
2716,58.677720792009495,0.6929580122232437,0
2717,58.69100404204801,0.6201249780133367,0
2718,58.70425404200796,0.6482500466518104,0
2719,58.71622500004014,0.5852089961990714,0
2720,58.729401500022504,0.6367919850163162,0
2721,58.7438532920205,0.7965000113472342,0
2722,58.757276500051375,0.39137498242780566,0
2723,58.77026683400618,0.3915830166079104,0
2724,58.783383709029295,0.5733749712817371,0
2725,58.794707000022754,0.4723339807242155,0
2726,58.80744675005553,0.45945896999910474,0
2727,58.81944391701836,1.7063749837689102,0
2728,58.8324315000209,0.24008401669561863,0
2729,58.84500291704899,0.3819999983534217,0
2730,58.85592550004367,0.30745897674933076,0
2731,58.86760645901086,0.21712499437853694,0
2732,58.879422459052876,0.2419579541310668,0
2733,58.89212425000733,0.3107090014964342,0
2734,58.90358775004279,0.4409169778227806,0
2735,58.91497166705085,0.3423329908400774,0
2736,58.928192709048744,0.24704099632799625,0
2737,58.93947179202223,0.216833024751395,0
2738,58.952240792044904,0.3202499938197434,0
2739,58.9651100000483,,1
2740,59.07688287500059,,1
2741,59.18940820900025,,1
2742,59.301807459036354,,1
2743,59.41416175005725,,1
2744,59.52800441702129,,1
2745,59.641933500010055,,1
2746,59.75580812501721,,1
2747,59.869712125044316,0.6455839611589909,0
2748,59.88135733403033,0.5784999812021852,0
2749,59.89449279202381,0.47874997835606337,0
2750,59.90582962502958,0.49266702262684703,0
2751,59.918881875055376,0.47620898112654686,0
2752,59.931419000029564,0.361208978574723,0
2753,59.9443320420105,0.31166704138740897,0
2754,59.95718254201347,0.29854202875867486,0
2755,59.969790292030666,0.3855000250041485,0
2756,59.982719459047075,0.3554999711923301,0
2757,59.995620917005,0.2942080027423799,0
2758,60.00845904200105,0.3428750205785036,0
2759,60.0213409170392,0.300041981972754,0
2760,60.03422254201723,0.3029170329682529,0
2761,60.04707025003154,0.2738339826464653,0
2762,60.059196084039286,0.3969160025008023,0
2763,60.07213833404239,0.42170798406004906,0
2764,60.08436450001318,1.5130420215427876,0
2765,60.097802709031384,0.44429098488762975,0
2766,60.110809084028006,0.45774999307468534,0
2767,60.122462334053125,0.3625829704105854,0
2768,60.13299375004135,0.33645896473899484,0
2769,60.14586850005435,0.3518749726936221,0
2770,60.15876641700743,0.3344170399941504,0
2771,60.17164220905397,0.36345794796943665,0
2772,60.184559209039435,0.3702079993672669,0
2773,60.19749079202302,0.3477080026641488,0
2774,60.21038420900004,0.3424160531722009,0
2775,60.22327008401044,0.3273329930379987,0
2776,60.236135375045706,0.324999971780926,0
2777,60.24749050004175,0.3427090123295784,0
2778,60.26038533402607,0.32245798502117395,0
2779,60.273261334048584,0.4648329922929406,0
2780,60.28598366701044,,1
2781,60.399717209045775,,1
2782,60.513498792017344,,1
2783,60.62728366703959,,1
2784,60.73912712500896,,1
2785,60.85289733402897,,1
2786,60.96648050000658,,1
2787,61.07773100002669,,1
2788,61.18938058405183,,1
2789,61.3032898340025,,1
2790,61.41556616703747,,1
2791,61.52768683404429,0.31829095678403974,0
2792,61.54054316703696,0.21383300190791488,0
2793,61.553281375032384,0.22104202071204782,0
2794,61.56632066704333,0.5409999866969883,0
2795,61.57725608401233,2.055916003882885,0
2796,61.589971250039525,0.5016250070184469,0
2797,61.60060795902973,0.5687910015694797,0
2798,61.61354075005511,0.4878339823335409,0
2799,61.62663979205536,0.48629194498062134,0
2800,61.63972175004892,0.46074995771050453,0
2801,61.65137500001583,0.24141703033819795,0
2802,61.664168667048216,0.2233749837614596,0
2803,61.67692820902448,0.23200002033263445,0
2804,61.68969908403233,0.23025000700727105,0
2805,61.702466917049605,0.2519169938750565,0
2806,61.71525600005407,0.2552919904701412,0
2807,61.72804841701873,0.27416698867455125,0
2808,61.74087166704703,0.3566250088624656,0
2809,61.753138292056974,0.35337498411536217,0
2810,61.76413216703804,0.3738329978659749,0
2811,61.777053666999564,0.4097920027561486,0
2812,61.790014334023,0.36270800046622753,0
2813,61.80271758401068,0.392707996070385,0
2814,61.81412675004685,0.35495898919180036,0
2815,61.82706008403329,0.3553749993443489,0
2816,61.8399564170395,0.3423750167712569,0
2817,61.85255045903614,0.5578749696724117,0
2818,61.864258584042545,0.48229098320007324,0
2819,61.877310000010766,0.4657920217141509,0
2820,61.89076191704953,0.4367500077933073,0
2821,61.90163154201582,,1
2822,62.01463300001342,,1
2823,62.126271084009204,0.5973750376142561,0
2824,62.139471875038,0.37520896876230836,0
2825,62.151352792046964,0.2090419875457883,0
2826,62.16411379200872,0.2674580318853259,0
2827,62.17693954205606,0.24491699878126383,0
2828,62.18809841701295,0.2489170292392373,0
2829,62.200023417011835,0.27787499129772186,0
2830,62.21190925000701,0.23316702572628856,0
2831,62.22245712502627,0.33904198789969087,0
2832,62.23484620900126,0.23345800582319498,0
2833,62.24761879205471,0.2400419907644391,0
2834,62.25887208402855,0.37066597724333405,0
2835,62.27179429202806,0.25041698245331645,0
2836,62.28274583403254,0.24933298118412495,0
2837,62.29557612503413,0.21487497724592686,0
2838,62.30832891701721,0.2460000105202198,0
2839,62.32112133404007,0.270332966465503,0
2840,62.33393533405615,0.19283295841887593,0
2841,62.34667433402501,0.23133301874622703,0
2842,62.35947333404329,0.25641598040238023,0
2843,62.37229454203043,0.24883297737687826,0
2844,62.38469554204494,0.4865829832851887,0
2845,62.397475000005215,0.33429200993850827,0
2846,62.41036425001221,0.48979202983900905,0
2847,62.421373459044844,0.41329098166897893,0
2848,62.43420712504303,0.5258749588392675,0
2849,62.447326667024754,0.5633329856209457,0
2850,62.45896216703113,0.5007919971831143,0
2851,62.46988091705134,0.31400000443682075,0
2852,62.481291125004645,0.45704201329499483,0
2853,62.49432316701859,0.4896669997833669,0
2854,62.50738879200071,0.5301250494085252,0
2855,62.5188364170026,0.35370804835110903,0
2856,62.531745917047374,0.505667005199939,0
2857,62.54428137501236,0.42162503814324737,0
2858,62.55725837504724,0.48866699216887355,0
2859,62.57001245900756,0.5193329998292029,0
2860,62.58128125005169,0.42683398351073265,0
2861,62.59226054203464,0.4722499870695174,0
2862,62.6032519590226,0.3745409776456654,0
2863,62.61491908400785,0.4510830040089786,0
2864,62.627932625007816,0.3926249919459224,0
2865,62.6408878340153,0.4034580197185278,0
2866,62.65384166705189,0.22845796775072813,0
2867,62.66660358401714,0.17625000327825546,0
2868,62.677551792003214,0.19745802273973823,0
2869,62.690264375007246,0.21891703363507986,0
2870,62.7015065420419,0.1877499744296074,0
2871,62.714208667050116,0.22933300351724029,0
2872,62.72694970900193,,1
2873,62.84051691700006,,1
2874,62.95415025000693,,1
2875,63.06704954203451,,1
2876,63.18075670901453,,1
2877,63.294268666999415,,1
2878,63.40677837503608,,1
2879,63.51871450000908,,1
2880,63.632504042005166,,1
2881,63.746147167054005,,1
2882,63.857608875026926,,1
2883,63.97193379205419,1.6296669491566718,0
2884,63.98620170901995,0.42512500658631325,0
2885,63.99921404203633,0.5045830039307475,0
2886,64.01229608402355,0.3941659815609455,0
2887,64.02525070903357,0.44908298877999187,0
2888,64.03825304203201,0.38599997060373425,0
2889,64.05118600005517,0.370624999050051,0
2890,64.06409812503261,0.3642920055426657,0
2891,64.07652791700093,0.358375022187829,0
2892,64.08943004201865,0.40066702058538795,0
2893,64.10239362501306,0.4177920054644346,0
2894,64.11412729200674,0.33841701224446297,0
2895,64.12702562502818,0.4812920233234763,0
2896,64.13913237501401,0.4966669948771596,0
2897,64.15220312500605,0.5775000317953527,0
2898,64.16534283402143,0.4997079959139228,0
2899,64.17843908403302,0.4034580197185278,0
2900,64.19123625004431,0.5219589802436531,0
2901,64.20435587503016,0.7630420150235295,0
2902,64.21645945904311,0.5355830071493983,0
2903,64.22955979203107,0.44691702350974083,0
2904,64.2431415420142,0.47791702672839165,0
2905,64.25620629201876,0.43879199074581265,0
2906,64.26832183403894,0.5306659732013941,0
2907,64.28094500000589,0.38337503792718053,0
2908,64.29388187505538,0.33062498550862074,0
2909,64.30676500004483,0.3838340053334832,0
2910,64.319704500027,0.32883399398997426,0
2911,64.33122883405304,0.34987495746463537,0
2912,64.34310995903797,0.4119579680263996,0
2913,64.35607591702137,0.3281250246800482,0
2914,64.36796408402734,0.40279101813212037,0
2915,64.3808354170178,0.4254170344211161,0
2916,64.39382629201282,0.3759170067496598,0
2917,64.40674891701201,0.3881250158883631,0
2918,64.41968791704858,0.36274996818974614,0
2919,64.43196241703117,0.43358298717066646,0
2920,64.44494420901174,0.4142080433666706,0
2921,64.45790079201106,0.34508301177993417,0
2922,64.4689207500196,0.35679200664162636,0
2923,64.48080212500645,0.30512502416968346,0
2924,64.49166204204084,0.34799997229129076,0
2925,64.50216354202712,0.49825001042336226,0
2926,64.5151112920139,0.329792033880949,0
2927,64.52579225000227,0.32637501135468483,0
2928,64.53866850002669,0.22591702872887254,0
2929,64.55143587500788,0.25216699577867985,0
2930,64.5642375840107,0.30683301156386733,0
2931,64.57713558402611,,1
2932,64.69086441700347,,1
2933,64.8046814170084,,1
2934,64.91832058405271,,1
2935,65.03059070900781,,1
2936,65.14393733401084,0.6839160341769457,0
2937,65.15515675005736,1.093833998311311,0
2938,65.16806408402044,0.8517910027876496,0
2939,65.1812910840381,0.5419579683803022,0
2940,65.19271870900411,0.5380410002544522,0
2941,65.2058488340117,0.48429099842906,0
2942,65.21794737502933,0.45529199996963143,0
2943,65.23096458404325,0.4565409617498517,0
2944,65.24398591701174,0.4311670199967921,0
2945,65.2569800420315,0.43091701809316874,0
2946,65.26995604200056,0.461542047560215,0
2947,65.28146787500009,0.448125007096678,0
2948,65.2944715420017,0.4308750503696501,0
2949,65.30751891701948,0.4104170366190374,0
2950,65.32019720901735,0.39062503492459655,0
2951,65.33123125002021,0.39704202208667994,0
2952,65.34417708404362,0.3398749977350235,0
2953,65.35710891702911,0.3567080129869282,0
2954,65.3700140840374,0.48695801524445415,0
2955,65.38307362503838,0.5239169695414603,0
2956,65.39614916703431,0.42570801451802254,0
2957,65.4091344170156,0.3903330070897937,0
2958,65.42208229203243,0.4307079943828285,0
2959,65.43506562500261,0.4907920374535024,0
2960,65.4481168340426,0.4974579787813127,0
2961,65.46047491702484,0.45795802725479007,0
2962,65.47246095904848,0.3856249968521297,0
2963,65.48540704202605,0.49929198576137424,0
2964,65.49848637502873,0.514291983563453,0
2965,65.51156370900571,0.45316602336242795,0
2966,65.52457770903129,0.4799999878741801,0
2967,65.53761204204056,0.39904197910800576,0
2968,65.55056904203957,0.4199169925414026,0
2969,65.563555834,0.46916602877900004,0
2970,65.57658833405003,0.5516659584827721,0
2971,65.58969695901033,0.42170804226770997,0
2972,65.60264975001337,0.454624998383224,0
2973,65.61467025004094,0.3725420101545751,0
2974,65.6275940000196,0.43050001841038465,0
2975,65.63913945900276,0.4123329999856651,0
2976,65.65164145902963,0.5196660058572888,0
2977,65.6647181250155,0.5357920308597386,0
2978,65.67781437502708,0.4318749997764826,0
2979,65.69081212504534,0.4391669644974172,0
2980,65.70379837503424,0.38237497210502625,0
2981,65.71672879200196,0.35066704731434584,0
2982,65.72760470904177,0.47045800602063537,0
2983,65.74063254200155,0.3961670445278287,0
2984,65.75179133401252,0.20591600332409143,0
2985,65.76453025004594,0.1930419821292162,0
2986,65.77724458405282,0.17020798986777663,0
2987,65.78993387502851,0.16737502301111817,0
2988,65.80262137501268,0.1764170010574162,0
2989,65.81533329200465,0.3250419977121055,0
2990,65.82820887502749,0.32158399699255824,0
2991,65.84107554203365,0.30695798341184855,0
2992,65.85392908402719,0.36054098745808005,0
2993,65.86606504203519,,1
2994,65.97984816704411,,1
2995,66.0923340000445,,1
2996,66.20626741700107,,1
2997,66.32010866701603,,1
2998,66.4337429170264,,1
2999,66.54768137505744,,1
3000,66.6592681670445,,1
3001,66.77166479203152,,1
3002,66.88325545901898,,1
3003,66.99683933402412,,1
3004,67.11060983402422,,1
3005,67.22422754199943,,1
3006,67.33804904203862,,1
3007,67.44949833402643,,1
3008,67.56331662501907,,1
3009,67.67728316702414,,1
3010,67.79119154205546,,1
3011,67.90502512501553,,1
3012,68.01762812503148,,1
3013,68.1313007500139,0.6182920187711716,0
3014,68.14372345904121,0.5634999834001064,0
3015,68.15491479204502,0.46199996722862124,0
3016,68.16663279203931,0.5991249927319586,0
3017,68.1802270420012,0.5097080138511956,0
3018,68.19291816704208,0.504207971971482,0
3019,68.2060210420168,0.48295798478648067,0
3020,68.2191272090422,0.6227080011740327,0
3021,68.23559895902872,0.874500023201108,0
3022,68.2472683340311,0.47045800602063537,0
3023,68.26033208402805,0.4345410270616412,0
3024,68.27250558405649,0.42466598097234964,0
3025,68.28549137501977,0.7021250203251839,0
3026,68.29789875005372,0.43516699224710464,0
3027,68.3108868340496,0.4607079899869859,0
3028,68.3217707920121,0.39433303754776716,0
3029,68.3346752920188,0.43524999637156725,0
3030,68.34766608400969,0.4487080150283873,0
3031,68.36068679200253,0.5466670263558626,0
3032,68.37257583404426,0.40625000838190317,0
3033,68.38405233400408,0.5542910075746477,0
3034,68.39719645900186,0.4687500186264515,0
3035,68.41025087505113,0.6498339935205877,0
3036,68.42349595902488,0.5222909967415035,0
3037,68.43659879203187,0.6316669750958681,0
3038,68.44982891704421,0.4030829877592623,0
3039,68.46216220903443,0.4161659744568169,0
3040,68.47514654201223,0.4790830425918102,0
3041,68.48820020904532,0.4065829562023282,0
3042,68.50118312501581,0.3920840099453926,0
3043,68.51415320904925,0.3602909855544567,0
3044,68.52460600004997,0.4034589510411024,0
3045,68.53739725000923,0.6781250122003257,0
3046,68.55066266702488,0.514750019647181,0
3047,68.56376637500944,0.4710840294137597,0
3048,68.57680891704513,,1
3049,68.68822770903353,,1
3050,68.80214295902988,,1
3051,68.91536704200553,,1
3052,69.02930470905267,,1
3053,69.14127754204674,1.9409579690545797,0
3054,69.15449570905184,0.23750000400468707,0
3055,69.16612425004132,0.38095901254564524,0
3056,69.1790731670335,0.38112502079457045,0
3057,69.19203800003743,0.33612496918067336,0
3058,69.20493691705633,0.33674994483590126,0
3059,69.21785012504552,0.3582499921321869,0
3060,69.23073970904807,0.43654098408296704,0
3061,69.24240183405345,0.43370795901864767,0
3062,69.25511433405336,0.34679099917411804,0
3063,69.26739012502367,0.3794590011239052,0
3064,69.2783253750531,0.35795895382761955,0
3065,69.29078495904105,0.3827500040642917,0
3066,69.30201687500812,0.6610419950447977,0
3067,69.31348700000672,0.29954203637316823,0
3068,69.32534770900384,0.2758330083452165,0
3069,69.33834033401217,0.38545799907296896,0
3070,69.34988437505672,0.3125419607385993,0
3071,69.36292595905252,0.44787494698539376,0
3072,69.37530312500894,0.2531670033931732,0
3073,69.38812687504105,0.38395897718146443,0
3074,69.40102779201698,0.2935000229626894,0
3075,69.4128496250487,0.33891695784404874,0
3076,69.42433720902773,0.306583009660244,0
3077,69.43736870901193,0.450249994173646,0
3078,69.45042966702022,0.27837499510496855,0
3079,69.46322704205522,0.3297919756732881,0
3080,69.47612341702916,0.2678749733604491,0
3081,69.4883934170357,0.3101250040344894,0
3082,69.49971829203423,0.3089579986408353,0
3083,69.51085879205493,0.3327919985167682,0
3084,69.5237665840541,0.3654159954749048,0
3085,69.5367025420419,0.35333295818418264,0
3086,69.54795487504452,0.292791984975338,0
3087,69.56080475001363,0.3795000375248492,0
3088,69.57343183405465,0.342374958563596,0
3089,69.58383662503911,0.3474999684840441,0
3090,69.59673083404778,0.42758299969136715,0
3091,69.60973858402576,0.49591599963605404,0
3092,69.62039475003257,0.5621669697575271,0
3093,69.63353583402932,0.5024999845772982,0
3094,69.64665641705506,0.5202919710427523,0
3095,69.65976720902836,0.5772080039605498,0
3096,69.67247212503571,0.7928339764475822,0
3097,69.68591141700745,0.3558750031515956,0
3098,69.6985248340061,0.4327080096118152,0
3099,69.71140362502774,0.44704199535772204,0
3100,69.72444066702155,0.3495829878374934,0
3101,69.73736300005112,0.4137499490752816,0
3102,69.75036816700594,0.3214169992133975,0
3103,69.76324837503489,0.26579201221466064,0
3104,69.77609362505609,0.4950419533997774,0
3105,69.78917187504703,0.4412090056575835,0
3106,69.80217295902548,0.2785830292850733,0
3107,69.81500008405419,0.36224996438249946,0
3108,69.82793287502136,0.4526670090854168,0
3109,69.84096366702579,0.5185829941183329,0
3110,69.8525736250449,0.32179197296500206,0
3111,69.86461512499955,0.3695420455187559,0
3112,69.87754487502389,0.4884169902652502,0
3113,69.89055891701719,0.6276670028455555,0
3114,69.90376737504266,0.5432089674286544,0
3115,69.9169380000094,0.6125420331954956,0
3116,69.93012941704364,0.47570798778906465,0
3117,69.94317862502066,0.4153749905526638,0
3118,69.95619437500136,0.41975005296990275,0
3119,69.96764870901825,0.22508302936330438,0
3120,69.9785006250022,0.22358400747179985,0
3121,69.99127291701734,0.24095800472423434,0
3122,70.0016249170294,0.28541701612994075,0
3123,70.0141342500574,0.2620419836603105,0
3124,70.02667312504491,0.27591700199991465,0
3125,70.03949479199946,0.25979202473536134,0
3126,70.05228441703366,0.2216249704360962,0
3127,70.06502604205161,0.2264999784529209,0
3128,70.0777718340396,0.23395800963044167,0
3129,70.0887092500343,0.2513339859433472,0
3130,70.10148816701258,0.1954170293174684,0
3131,70.11422370903892,0.3490410163067281,0
3132,70.12675254204078,0.45416696229949594,0
3133,70.13762883405434,0.5270409747026861,0
3134,70.14991641702363,0.49108301755040884,0
3135,70.16279270901578,0.4402080085128546,0
3136,70.17581262503518,0.38587499875575304,0
3137,70.18878466699971,0.4502500523813069,0
3138,70.19941412500339,0.503875024151057,0
3139,70.21248000004562,0.46433397801592946,0
3140,70.22550912504084,0.4426249652169645,0
3141,70.23828350001713,0.49166701501235366,0
3142,70.25136820902117,0.9639160125516355,0
3143,70.26462416700087,0.5070000188425183,0
3144,70.27604191703722,,1
3145,70.38916958402842,,1
3146,70.50307554204483,,1
3147,70.61629620904569,,1
3148,70.72791975003202,0.4136249772273004,0
3149,70.74093300005188,0.4942499799653888,0
3150,70.75163416704163,0.41741697350516915,0
3151,70.76461012504296,0.36095897667109966,0
3152,70.77754262503004,0.5501250270754099,0
3153,70.78837475000182,0.5149590433575213,0
3154,70.8009790420183,0.5052920314483345,0
3155,70.8140576670412,0.42112497612833977,0
3156,70.82659704203252,0.4374579875729978,0
3157,70.83834937500069,,1
3158,70.95139266701881,0.438000017311424,0
3159,70.96439041703707,0.29749999521300197,0
3160,70.97725462500239,0.405792030505836,0
3161,70.9890768340556,0.41520799277350307,0
3162,71.00206487503601,0.5657500005327165,0
3163,71.01517991704168,0.3852499648928642,0
3164,71.02643658401212,0.38483302341774106,0
3165,71.0384322500322,0.5749170086346567,0
3166,71.05159991700202,0.5455000209622085,0
3167,71.06463029200677,0.5181250162422657,0
3168,71.07605433400022,0.46133302384987473,0
3169,71.08921629202086,0.5980419809930027,0
3170,71.10238866700092,0.5292080459184945,0
3171,71.11456783401081,0.6159160402603447,0
3172,71.1277640000335,0.5993340164422989,0
3173,71.1409415420494,0.5689169629476964,0
3174,71.153288875008,0.5494999932125211,0
3175,71.16643083404051,0.6027079652994871,0
3176,71.17961212503724,0.5637920112349093,0
3177,71.19277045904892,0.589582952670753,0
3178,71.20391704200301,0.57050003670156,0
3179,71.21707158401841,0.5034999921917915,0
3180,71.23014316702029,0.4331250092945993,0
3181,71.24141179205617,0.4705419996753335,0
3182,71.25288220902439,0.4992500180378556,0
3183,71.2646428340231,0.46695797936990857,0
3184,71.27606816700427,0.5352920270524919,0
3185,71.28700100001879,0.5687089869752526,0
3186,71.30017966701416,0.5643329932354391,0
3187,71.31332000001566,0.5797090125270188,0
3188,71.32591979205608,0.625832995865494,0
3189,71.33921212505084,0.5807089619338512,0
3190,71.35235637502046,0.5562920123338699,0
3191,71.36495254200418,0.5364170065149665,0
3192,71.37646708404645,0.5687910015694797,0
3193,71.38916620903183,0.5663330084644258,0
3194,71.40232170902891,0.5771659780293703,0
3195,71.41464762500254,0.5494170472957194,0
3196,71.42696045903722,0.584165973123163,0
3197,71.43913175002672,0.5057089729234576,0
3198,71.45160904200748,0.5804169923067093,0
3199,71.46475908404682,0.4932910087518394,0
3200,71.47781870904146,0.5275409785099328,0
3201,71.49091341701569,,1
3202,71.60369770904072,,1
3203,71.71774904202903,0.7190419710241258,0
3204,71.7308150420431,0.5276249721646309,0
3205,71.74393058405258,0.628707988653332,0
3206,71.75581791700097,0.663458020426333,0
3207,71.76910029200371,0.6159170297905803,0
3208,71.78079929202795,0.6094580166973174,0
3209,71.79398983402643,0.47558301594108343,0
3210,71.80707675003214,0.5673749838024378,0
3211,71.82021112501388,0.47133403131738305,0
3212,71.8332387500559,0.4036249592900276,0
3213,71.84497145900968,0.41075004264712334,0
3214,71.85794362501474,0.44525001430884004,0
3215,71.870940834051,0.4156659706495702,0
3216,71.88390941702528,0.4225830198265612,0
3217,71.89677812502487,0.653750030323863,0
3218,71.91000850003911,0.5784590030089021,0
3219,71.92157000000589,2.41800001822412,0
3220,71.93576050002594,0.5230000242590904,0
3221,71.94801204203395,0.32824999652802944,0
3222,71.95856841700152,0.481792027130723,0
3223,71.97163800004637,0.5184589535929263,0
3224,71.98318725003628,0.3980839974246919,0
3225,71.99612116703065,0.46870799269527197,0
3226,72.00915875000646,0.483584008179605,0
3227,72.02057700004661,0.35812496207654476,0
3228,72.0312901250436,0.48141699517145753,0
3229,72.04270012502093,0.5315000307746232,0
3230,72.0540417090524,0.40404096944257617,0
3231,72.06707329204073,0.5459169624373317,0
3232,72.07810120901559,0.5708750104531646,0
3233,72.09197633404983,0.4618329694494605,0
3234,72.10503391700331,0.33775001065805554,0
3235,72.1179836250376,0.29458396602422,0
3236,72.13082558405586,0.1883749500848353,0
3237,72.14355100004468,0.3292500041425228,0
3238,72.15580679202685,0.42562501039355993,0
3239,72.16878866701154,0.25266699958592653,0
3240,72.18157600000268,0.2482090494595468,0
3241,72.19434633402852,0.1433329889550805,0
3242,72.20701579202432,0.2025830326601863,0
3243,72.21850383403944,0.20524999126791954,0
3244,72.23125495901331,0.3525000065565109,0
3245,72.24310250004055,0.4183339769951999,0
3246,72.25618062500143,0.5823750398121774,0
3247,72.26891729200725,0.5415000487118959,0
3248,72.28158725000685,0.5212920368649065,0
3249,72.30050275003305,0.758624984882772,0
3250,72.31386725004995,0.32412499422207475,0
3251,72.32627962500555,0.35129202296957374,0
3252,72.33919400000013,0.2871250035241246,0
3253,72.35058883402962,0.3435409744270146,0
3254,72.36161900003208,0.3451670054346323,0
3255,72.37453691702103,0.49412500811740756,0
3256,72.38762233400485,0.5017910152673721,0
3257,72.39835200004745,0.4033339791931212,0
3258,72.41024787502829,0.5800420185551047,0
3259,72.42341345903696,0.5308329709805548,0
3260,72.43538175005233,0.6419169949367642,0
3261,72.44859795900993,0.7452910067513585,0
3262,72.45958316704491,0.5405829870142043,0
3263,72.47270658402704,0.5236659781076014,0
3264,72.48497841705102,0.8186670020222664,0
3265,72.49796445900574,0.5275830044411123,0
3266,72.50936016702326,0.5072500207461417,0
3267,72.52245241700439,0.48679200699552894,0
3268,72.53502720902907,0.5071249906904995,0
3269,72.5480465000146,0.4997919895686209,0
3270,72.5607357500121,0.4761249874718487,0
3271,72.57229250000091,0.45995903201401234,0
3272,72.58612533402629,1.7835830221883953,0
3273,72.60071087500546,0.2808340359479189,0
3274,72.61121787503362,0.2304589725099504,0
3275,72.62401041702833,0.31470798421651125,0
3276,72.63469991704915,0.27783296536654234,0
3277,72.64753695903346,0.49720797687768936,0
3278,72.66062837501522,0.472709012683481,0
3279,72.67370145901805,0.5062500131316483,0
3280,72.68669029203011,0.3173329751007259,0
3281,72.69957741705002,0.49958296585828066,0
3282,72.71268691704609,0.44608296593651175,0
3283,72.72572183405282,0.4773329710587859,0
3284,72.73877508402802,0.48587500350549817,0
3285,72.74972837505629,0.47274999087676406,0
3286,72.76160237501608,0.47245901077985764,0
3287,72.7746610000031,0.49991701962426305,0
3288,72.78528066701256,0.4806669894605875,0
3289,72.79834783403203,0.4867910174652934,0
3290,72.81074450002052,0.5151670193299651,0
3291,72.82383375003701,0.46900002053007483,0
3292,72.83686579205096,0.32341695623472333,0
3293,72.84975462500006,0.5170840304344893,0
3294,72.86283833405469,0.4551659803837538,0
3295,72.87587904202519,0.5208749789744616,0
3296,72.8887127090129,0.4873329889960587,0
3297,72.90148691704962,0.7380829774774611,0
3298,72.91480041702744,0.5117920227348804,0
3299,72.92788308404852,0.35437499172985554,0
3300,72.94027958402876,0.4742079763673246,0
3301,72.95164995902451,0.5904160207137465,0
3302,72.96483833400998,0.5080830305814743,0
3303,72.97793487500167,0.5720000481233001,0
3304,72.99078204203397,0.606333022005856,0
3305,73.00401741702808,0.3785829758271575,0
3306,73.01465075003216,0.4923340165987611,0
3307,73.02772137505235,0.5156249972060323,0
3308,73.04078066704096,0.5305419908836484,0
3309,73.05163908400573,0.4820830072276294,0
3310,73.06462825002382,0.49154198495671153,0
3311,73.0776911250432,0.5457919905893505,0
3312,73.0908142090193,0.5303749931044877,0
3313,73.10391095903469,0.37841597804799676,0
3314,73.11683662503492,0.3647920093499124,0
3315,73.12789287505439,0.3540839534252882,0
3316,73.14080283400835,0.37170801078900695,0
3317,73.15373058401747,0.44070801232010126,0
3318,73.16672925004968,0.38779195165261626,0
3319,73.17967091704486,0.4794169799424708,0
3320,73.1927140840562,,1
3321,73.30521741701523,,1
3322,73.41831662500044,0.47970900777727365,0
3323,73.43079020903679,0.24808297166600823,0
3324,73.44359025004087,0.20745897199958563,0
3325,73.45634250005241,,1
3326,73.57004191703163,,1
3327,73.6829110000399,0.44241698924452066,0
3328,73.695942209044,0.3240829682908952,0
3329,73.70883066701936,0.41149999015033245,0
3330,73.72072133404436,0.6762080010958016,0
3331,73.7340126670315,0.4782920004799962,0
3332,73.7457152090501,0.6042909808456898,0
3333,73.75891575001879,,1
3334,73.87236608401872,,1
3335,73.98496983404038,0.5873329937458038,0
3336,73.99814441701164,0.40745799196884036,0
3337,74.01001454202924,0.514333019964397,0
3338,74.02311062504305,0.42929197661578655,0
3339,74.03610687504988,0.4717499832622707,0
3340,74.04801154200686,0.5347499973140657,0
3341,74.06073479203042,0.4998749936930835,0
3342,74.07246837503044,0.5812919698655605,0
3343,74.08396345900837,0.4921249928884208,0
3344,74.09702662500786,0.47958403592929244,0
3345,74.11007287504617,0.4694589879363775,0
3346,74.1231109170476,0.4871669807471335,0
3347,74.13503229204798,0.4873329889960587,0
3348,74.1480937920278,0.4729169886559248,0
3349,74.1611344590201,0.5461249966174364,0
3350,74.17315583402524,0.47683302545920014,0
3351,74.18574791704305,0.5512919742614031,0
3352,74.19887258403469,0.46754098730161786,0
3353,74.21189629205037,0.4843329661525786,0
3354,74.22494270902826,0.5079580005258322,0
3355,74.23802579200128,0.5355830071493983,0
3356,74.25113079202129,0.6554580177180469,0
3357,74.26414933404885,0.5032909684814513,0
3358,74.27722270903178,0.5247499793767929,0
3359,74.28894612501608,0.5098750116303563,0
3360,74.3020312920562,0.3700419911183417,0
3361,74.31412695901236,0.2803330426104367,0
3362,74.32695425004931,0.2899999963119626,0
3363,74.33978054200998,0.230583013035357,0
3364,74.35253120900597,0.181750045157969,0
3365,74.36523270903854,0.1634579966776073,0
3366,74.3779385840171,0.28012500843033195,0
3367,74.39076879201457,0.20712503464892507,0
3368,74.40353904204676,0.22374995751306415,0
3369,74.41412437503459,0.24725002003833652,0
3370,74.42467062501237,0.3024589968845248,0
3371,74.43574045901187,0.27137500001117587,0
3372,74.44854829204269,0.2191669773310423,0
3373,74.46130712504964,0.38779195165261626,0
3374,74.47246650001034,0.8557920227758586,0
3375,74.48521841701586,0.5583330057561398,0
3376,74.49802379205357,0.5381249939091504,0
3377,74.50946616701549,0.49162498908117414,0
3378,74.522535834054,0.5377909983508289,0
3379,74.53566316701472,0.6098329904489219,0
3380,74.54804704204435,0.4653749638237059,0
3381,74.56108687503729,0.37637498462572694,0
3382,74.57402100000763,0.4027920076623559,0
3383,74.58488225005567,0.4872919525951147,0
3384,74.59750179201365,0.501750037074089,0
3385,74.61006362503394,0.413333997130394,0
3386,74.62302995903883,0.392707996070385,0
3387,74.635969459021,0.3755830111913383,0
3388,74.64725362503668,0.4615840152837336,0
3389,74.66031825001119,0.4419590113684535,0
3390,74.67331445903983,0.3918329603038728,0
3391,74.68574575003004,0.43712498154491186,0
3392,74.69745950005017,0.400999968405813,0
3393,74.71041987504577,0.39012497290968895,0
3394,74.72336083400296,0.37812499795109034,0
3395,74.7348560000537,0.48916699597612023,0
3396,74.74661545903655,0.39558298885822296,0
3397,74.7595626670518,0.30995794804766774,0
3398,74.7703899590415,0.45920797856524587,0
3399,74.78224570903694,0.3007909981533885,0
3400,74.79511254205136,0.2867919974960387,0
3401,74.8057542090537,,1
3402,74.91950145905139,,1
3403,75.03300337505061,,1
3404,75.14684745902196,,1
3405,75.26006120903185,,1
3406,75.37409595900681,,1
3407,75.4902399170096,,1
3408,75.60334729205351,,1
3409,75.71637425001245,0.4645000444725156,0
3410,75.72862295905361,0.48874999629333615,0
3411,75.74059625004884,0.527708965819329,0
3412,75.75394833402243,1.733458018861711,0
3413,75.76999695901759,0.7928750128485262,0
3414,75.7819720840198,1.6610409948043525,0
3415,75.79624879203038,0.49712497275322676,0
3416,75.8093422090169,0.3855000250041485,0
3417,75.82176962500671,0.5345420213416219,0
3418,75.83431120903697,,1
3419,75.94718512502732,,1
3420,76.06074966705637,,1
3421,76.17455566703575,0.35849999403581023,0
3422,76.18748733401299,0.45895803486928344,0
3423,76.19960654200986,0.6915000267326832,0
3424,76.21300195902586,0.3867499763146043,0
3425,76.22596291702939,0.3809580230154097,0
3426,76.23890962504083,0.36524998722597957,0
3427,76.24953641701723,0.2779170172289014,0
3428,76.262355709041,0.3184580127708614,0
3429,76.27446033403976,0.6020409637130797,0
3430,76.28765333403135,0.3869159845635295,0
3431,76.30058212502627,0.2744999947026372,0
3432,76.31341858400265,0.540791021194309,0
3433,76.32635329203913,0.5032499902881682,0
3434,76.34026904200437,,1
3435,76.45413875003578,,1
3436,76.56794833403546,,1
3437,76.68407250003656,,1
3438,76.79615787504008,,1
3439,76.91081333404873,,1
3440,77.02521862502908,,1
3441,77.13914470904274,,1
3442,77.25072283402551,,1
3443,77.3620543750003,0.3913750406354666,0
3444,77.3749847090221,0.2898750244639814,0
3445,77.38779929204611,0.26362499920651317,0
3446,77.40058441704605,0.2466249861754477,0
3447,77.41200266702799,0.16308302292600274,0
3448,77.42469933402026,0.3577499883249402,0
3449,77.43759604200022,0.21795800421386957,0
3450,77.45032987504965,0.16520899953320622,0
3451,77.46300850005355,0.18224999075755477,0
3452,77.47343312500743,0.171584018971771,0
3453,77.48494116700022,0.22679200628772378,0
3454,77.49744162504794,,1
3455,77.6110939590144,,1
3456,77.72453533404041,,1
3457,77.83852054201998,,1
3458,77.9511602090206,3.3410830073989928,0
3459,77.96718812501058,0.6626670365221798,0
3460,77.98024241701933,0.40891702519729733,0
3461,77.99325266701635,0.5372079904191196,0
3462,78.00581325002713,0.30083401361480355,0
3463,78.01651854201918,0.33420801628381014,0
3464,78.02939441701164,0.4194169887341559,0
3465,78.04240950004896,0.48562500160187483,0
3466,78.0534772920073,0.2840420347638428,0
3467,78.06930250005098,0.6712919566780329,0
3468,78.08261187502649,0.4330840311013162,0
3469,78.09565333405044,0.48945797607302666,0
3470,78.10746166703757,0.5524170119315386,0
3471,78.1206465420546,0.4197079688310623,0
3472,78.13367204205133,0.5036249640397727,0
3473,78.1444978750078,0.39487500907853246,0
3474,78.15748812502716,0.534249993506819,0
3475,78.17063708405476,0.5799159989692271,0
3476,78.18138804205228,,1
3477,78.2954637920484,,1
3478,78.40898004203336,0.47679198905825615,0
3479,78.42205050005578,0.5065839504823089,0
3480,78.43312566704117,0.5539169651456177,0
3481,78.44627641700208,0.521250010933727,0
3482,78.45941666699946,0.5450830212794244,0
3483,78.47249000001466,0.6592090358026326,0
3484,78.48577670904342,0.662375008687377,0
3485,78.49903633404756,0.4131249734200537,0
3486,78.51207350002369,0.6849999772384763,0
3487,78.52436962502543,,1
3488,78.63815200002864,,1
3489,78.75198025000282,,1
3490,78.8637274170178,0.47220801934599876,0
3491,78.87679695902625,0.36987499333918095,0
3492,78.88913354201941,0.30979199800640345,0
3493,78.90198879200034,0.22662500850856304,0
3494,78.91511245904258,0.3555410075932741,0
3495,78.92799516703235,0.2639999729581177,0
3496,78.9391227500164,0.27891702484339476,0
3497,78.95197612501215,0.3100419999100268,0
3498,78.96533008402912,0.9418330155313015,0
3499,78.97883937502047,0.22074999287724495,0
3500,78.99169962503947,0.7849999819882214,0
3501,79.00506350002252,0.4142500110901892,0
3502,79.01804375002393,0.40433398680761456,0
3503,79.03083416703157,0.27608301024883986,0
3504,79.043646834034,0.32004097010940313,0
3505,79.05653529200936,0.40491699473932385,0
3506,79.06949687504675,0.26395899476483464,0
3507,79.08230366703356,0.22724998416379094,0
3508,79.09281120903324,0.2604579785838723,0
3509,79.10562241700245,0.3481670282781124,0
3510,79.11620450002374,0.24754198966547847,0
3511,79.12900437501958,0.22262503625825047,0
3512,79.14175245905062,0.24287495762109756,0
3513,79.15453616704326,0.23783301003277302,0
3514,79.16730237501906,0.23954198695719242,0
3515,79.18007379205665,0.1760829472914338,0
3516,79.19279850000748,0.48445904394611716,0
3517,79.2058019170072,0.4582080291584134,0
3518,79.21883570903447,0.5144159658811986,0
3519,79.23135304200696,0.5687500233761966,0
3520,79.24449800001457,0.5951250204816461,0
3521,79.25769800000126,0.6280840025283396,0
3522,79.2709095000173,0.5355000030249357,0
3523,79.28401612502057,0.46725000720471144,0
3524,79.29704866703833,0.488292018417269,0
3525,79.31009558402002,0.4737910348922014,0
3526,79.32311645901063,0.3172080032527447,0
3527,79.33598500001244,0.2708749962039292,0
3528,79.34747270902153,0.28454099083319306,0
3529,79.3602959170239,0.22958300542086363,0
3530,79.37309662502958,0.25808397913351655,0
3531,79.38567229203181,0.2857919898815453,0
3532,79.3974514590227,0.2038329839706421,0
3533,79.40886695904192,0.23916596546769142,0
3534,79.42060612502974,0.2987500047311187,0
3535,79.43123745900812,0.36987499333918095,0
3536,79.44366737501696,0.34420902375131845,0
3537,79.455283917021,0.2900830004364252,0
3538,79.46689395903377,0.3192080184817314,0
3539,79.47760470904177,0.29916601488366723,0
3540,79.49046070902841,0.3903330070897937,0
3541,79.50170950003667,0.4373749834485352,0
3542,79.5132270840113,1.109750010073185,0
3543,79.5269432500354,0.34662499092519283,0
3544,79.53827716701198,0.4230830236338079,0
3545,79.549542459019,0.29862503288313746,0
3546,79.56207712501055,0.4099170328117907,0
3547,79.57505608402425,0.3451249795034528,0
3548,79.58689745905576,0.3014579997397959,0
3549,79.59761883405736,0.42295799357816577,0
3550,79.60822362505132,0.45845896238461137,0
3551,79.61999525001738,,1
3552,79.73081095900852,,1
3553,79.84268983401125,,1
3554,79.95561325002927,,1
3555,80.06945000000997,,1
3556,80.18125920905732,0.5644999910145998,0
3557,80.19444529199973,0.36100001307204366,0
3558,80.20736966701224,0.32579200342297554,0
3559,80.21905208402313,0.34775002859532833,0
3560,80.23124929203186,0.292833021376282,0
3561,80.24184412503382,0.27899997076019645,0
3562,80.25469887501094,0.2930000191554427,0
3563,80.26640200003749,0.2947499742731452,0
3564,80.27923775004456,0.262749963440001,0
3565,80.29121733404463,0.25345798349007964,0
3566,80.30283304204931,0.30504196183755994,0
3567,80.3156772920047,0.3106670337729156,0
3568,80.32604658399941,0.29325002105906606,0
3569,80.33793091704138,0.25166699197143316,0
3570,80.35072595905513,0.28374994872137904,0
3571,80.36356283404166,0.2714580041356385,0
3572,80.3741692090407,0.3893749671988189,0
3573,80.38714420900214,0.40625000838190317,0
3574,80.40010233403882,0.3053330001421273,0
3575,80.41133325005649,0.3096669679507613,0
3576,80.42419025005074,0.3072089748457074,0
3577,80.43574883404654,0.3673330065794289,0
3578,80.44746745901648,0.31958299223333597,0
3579,80.46033208403969,0.29579096008092165,0
3580,80.47319054201944,0.27362501714378595,0
3581,80.48600241704844,0.26654195971786976,0
3582,80.49745533399982,0.2610000083222985,0
3583,80.51026725000702,0.33183401683345437,0
3584,80.52316950005479,0.2941249986179173,0
3585,80.5350466670352,0.2587079652585089,0
3586,80.54739912500372,0.3167500253766775,0
3587,80.56027387501672,0.5992919905111194,0
3588,80.57376316701993,1.0382920154370368,0
3589,80.5874013749999,0.6738340016454458,0
3590,80.60063116700621,0.4308750503696501,0
3591,80.61368108401075,0.6921660387888551,0
3592,80.62698045902653,0.5461249966174364,0
3593,80.64008883404313,0.45608298387378454,0
3594,80.65310545900138,0.4458330222405493,0
3595,80.6647512090276,0.49045798368752,0
3596,80.67779191705631,0.41679199784994125,0
3597,80.69076158403186,0.4131660098209977,0
3598,80.70371820905712,0.35929097793996334,0
3599,80.71633937500883,0.40008401265367866,0
3600,80.72828683402622,0.404666003305465,0
3601,80.74052729201503,0.29666698537766933,0
3602,80.75338083400857,0.2406249986961484,0
3603,80.76615337503608,0.20875001791864634,0
3604,80.77893425000366,0.14837505295872688,0
3605,80.79160379205132,0.16179197700694203,0
3606,80.80428691703128,0.15358300879597664,0
3607,80.81698462500935,0.22849999368190765,0
3608,80.8297660840326,0.18099998123943806,0
3609,80.8425013750093,0.25754200760275126,0
3610,80.85530483402545,0.16545801190659404,0
3611,80.86592183401808,0.21050003124400973,0
3612,80.8775039590546,0.1772079849615693,0
3613,80.89022212504642,0.1692089717835188,0
3614,80.902954084042,0.18641597125679255,0
3615,80.91336433403194,0.17391599249094725,0
3616,80.92608258401742,0.17758301692083478,0
3617,80.93881587503711,0.17433398170396686,0
3618,80.95152529201005,0.17583300359547138,0
3619,80.96422962500947,0.16170903109014034,0
3620,80.97692870901665,0.4284580354578793,0
3621,80.98797745903721,0.28804101748391986,0
3622,81.00080737500684,0.20733400015160441,0
3623,81.01117495901417,0.18050003563985229,0
3624,81.02265300002182,0.20516698714345694,0
3625,81.03540229203645,0.18516700947657228,0
3626,81.04743504204089,0.21112500689923763,0
3627,81.05924083403079,0.2188329817727208,0
3628,81.07203287503216,0.25320897111669183,0
3629,81.08485791704152,0.21974998526275158,0
3630,81.09761799999978,0.2417500363662839,0
3631,81.10974820901174,0.21429103799164295,0
3632,81.12154304201249,0.2145000034943223,0
3633,81.13296054204693,0.1962079550139606,0
3634,81.14569495903561,0.1867079990915954,0
3635,81.15841429203283,0.19524997333064675,0
3636,81.17114308400778,0.20554102957248688,0
3637,81.18388383404817,0.19054097356274724,0
3638,81.19540812500054,0.22891705157235265,0
3639,81.20822504203534,0.20487501751631498,0
3640,81.22096500004409,0.20366697572171688,0
3641,81.23372233402915,0.2097910037264228,0
3642,81.24649025005056,0.201958988327533,0
3643,81.25924108404433,0.2175829722546041,0
3644,81.27201970905298,0.19908294780179858,0
3645,81.28386879200116,0.20895805209875107,0
3646,81.29662070900667,0.19750004867091775,0
3647,81.30936650000513,0.2155840047635138,0
3648,81.32214216701686,0.1971669844351709,0
3649,81.33489512500819,0.195500033441931,0
3650,81.3476276670117,0.19879202591255307,0
3651,81.36036041704938,0.18412497593089938,0
3652,81.37307691702154,0.20887498976662755,0
3653,81.3858256250387,0.24508399656042457,0
3654,81.39800991700031,0.24304201360791922,0
3655,81.41084004205186,0.20341697381809354,0
3656,81.42358058399986,0.222250004298985,0
3657,81.43482200003928,0.2181250019930303,0
3658,81.44757241703337,0.19391701789572835,0
3659,81.46032420900883,0.20941602997481823,0
3660,81.47279458405683,0.19949994748458266,0
3661,81.48555283405585,0.20824995590373874,0
3662,81.49800975003745,0.20174996461719275,0
3663,81.51074275001884,0.2553340164013207,0
3664,81.52354566700524,0.28558302437886596,0
3665,81.53640941705089,0.23883295943960547,0
3666,81.54746066703228,0.23962499108165503,0
3667,81.5602395000169,0.21000002743676305,0
3668,81.57299654203234,0.21004199516028166,0
3669,81.58573608403094,0.28525001835078,0
3670,81.59749958402244,0.38016599137336016,0
3671,81.60905991704203,0.45125000178813934,0
3672,81.62208545900648,0.2460000105202198,0
3673,81.63486450002529,0.20100001711398363,0
3674,81.6474664590205,0.20795798627659678,0
3675,81.66020900005242,0.23720896570011973,0
3676,81.67298141703941,0.22250000620260835,0
3677,81.68575125001371,0.260292028542608,0
3678,81.69855104200542,0.21754199406132102,0
3679,81.71131075004814,0.24695898173376918,0
3680,81.72409462503856,0.21054199896752834,0
3681,81.73684150003828,0.21049997303634882,0
3682,81.74718141701305,0.2429999876767397,0
3683,81.75817204202758,0.23800000781193376,0
3684,81.77094720903551,0.21762499818578362,0
3685,81.78311162500177,0.23554201470687985,0
3686,81.7958831670112,0.25279202964156866,0
3687,81.80634354200447,0.2227500081062317,0
3688,81.81787125003757,0.4062919761054218,0
3689,81.83081595902331,0.2776660257950425,0
3690,81.84142545901705,0.2550409990362823,0
3691,81.8542195840273,0.2892499906010926,0
3692,81.8646744590369,0.2384160179644823,0
3693,81.87748008401832,0.2192910178564489,0
3694,81.88907791703241,0.23804197553545237,0
3695,81.90185050002765,0.22687501041218638,0
3696,81.91461308405269,0.3180829808115959,0
3697,81.92747716704616,0.3392079961486161,0
3698,81.93978987500304,0.27516705449670553,0
3699,81.9514400420012,0.2737920149229467,0
3700,81.96424779202789,0.22670801263302565,0
3701,81.97475829202449,0.6079580052755773,0
3702,81.98627283400856,0.30383304692804813,0
3703,81.99801095901057,0.3202499938197434,0
3704,82.00947137502953,0.2508750185370445,0
3705,82.02225708402693,0.29029097640886903,0
3706,82.03509641700657,0.2810830483213067,0
3707,82.04746887501096,0.2867919974960387,0
3708,82.06030837504659,0.23462495300918818,0
3709,82.07307837501867,0.2333340235054493,0
3710,82.08584658405744,0.23674999829381704,0
3711,82.09861529205227,0.2502919523976743,0
3712,82.11140300001716,0.23470900487154722,0
3713,82.1241196670453,0.2536249812692404,0
3714,82.13695116702002,0.24270801804959774,0
3715,82.14880362502299,0.2346669789403677,0
3716,82.16159241704736,0.2597499988041818,0
3717,82.17441633401904,0.24820800172165036,0
3718,82.18574162502773,0.24120899615809321,0
3719,82.19800908403704,0.25687500601634383,0
3720,82.21079716703389,0.24804199347272515,0
3721,82.22358091705246,0.31029200181365013,0
3722,82.23643070901744,0.35200000274926424,0
3723,82.24746320903068,0.2780830254778266,0
3724,82.25842745904811,0.26791595155373216,0
3725,82.26902800000971,0.28600002406165004,0
3726,82.28145704203052,0.2596250269562006,0
3727,82.29388912505237,0.26704196352511644,0
3728,82.3064812090015,0.24741602828726172,0
3729,82.31732504203683,0.25824998738244176,0
3730,82.33011937502306,,1
3731,82.44358733401168,,1
3732,82.55736966704717,,1
3733,82.67110991704976,,1
3734,82.78486179205356,,1
3735,82.89809854200576,,1
3736,83.01178579201223,,1
3737,83.124067167053,0.5239579477347434,0
3738,83.13565362500958,0.2816670457832515,0
3739,83.14690470905043,0.24399999529123306,0
3740,83.15969829203095,0.23366697132587433,0
3741,83.17247350001708,0.22720900597050786,0
3742,83.18526937504066,0.213916995562613,0
3743,83.19714179204311,,1
3744,83.31083504203707,,1
3745,83.42465250001987,0.42316701728850603,0
3746,83.43766191700706,0.29004202224314213,0
3747,83.44914508401416,0.2507080207578838,0
3748,83.46067875000881,0.21229201229289174,0
3749,83.47263625002233,0.22495898883789778,0
3750,83.48540958401281,0.22537499899044633,0
3751,83.49745779205114,0.19212497863918543,0
3752,83.50832416705089,0.1913749729283154,0
3753,83.52106600004481,0.1973749604076147,0
3754,83.5318756250199,0.21199998445808887,0
3755,83.54217150004115,0.24566700449213386,0
3756,83.55495495902142,0.21124997874721885,0
3757,83.5677005420439,0.19916699966415763,0
3758,83.5804352920386,0.18154201097786427,0
3759,83.59315029205754,0.1997079816646874,0
3760,83.60585845902096,0.22095802705734968,0
3761,83.61748475005152,0.20354200387373567,0
3762,83.62939216702944,0.20266702631488442,0
3763,83.64213779201964,0.21770800231024623,0
3764,83.65489533403888,0.30695798341184855,0
3765,83.66631775000133,0.2583340392448008,0
3766,83.67914833402028,0.2906660083681345,0
3767,83.69199116702657,0.3393749939277768,0
3768,83.70486945903394,0.23608299670740962,0
3769,83.71778275002725,0.31270901672542095,0
3770,83.73063445900334,0.27950003277510405,0
3771,83.74349320901092,0.2281250199303031,0
3772,83.75577500002692,0.25404198095202446,0
3773,83.76857345900498,0.23095804499462247,0
3774,83.78134312503971,0.2298339968547225,0
3775,83.79165037500206,0.22370903752744198,0
3776,83.80322987504769,0.2602089662104845,0
3777,83.81412345904391,0.2570409560576081,0
3778,83.82641287503066,0.21704199025407434,0
3779,83.83828462503152,0.22300001000985503,0
3780,83.84968087502057,0.20991702331230044,0
3781,83.86127975001,0.2204999909736216,0
3782,83.87403379200259,0.2519580302760005,0
3783,83.8868217500276,0.25633402401581407,0
3784,83.89747729204828,0.24341698735952377,0
3785,83.9102737090434,0.2977909753099084,0
3786,83.92311062500812,0.2561250003054738,0
3787,83.93574979202822,0.3124169888906181,0
3788,83.94860195904039,0.28808298520743847,0
3789,83.96142750000581,0.23679202422499657,0
3790,83.9742005840526,0.2531659556552768,0
3791,83.98510600003647,,1
3792,84.09881491702981,,1
3793,84.21117658400908,0.5476660444401205,0
3794,84.22430450003594,,1
3795,84.33805691701127,0.49050000961869955,0
3796,84.34890925005311,0.4528749850578606,0
3797,84.36192866700003,0.3706670249812305,0
3798,84.37485283403657,0.3522500046528876,0
3799,84.38776166702155,0.3315830253995955,0
3800,84.40065387502545,0.38649997441098094,0
3801,84.4136058750446,0.4235839587636292,0
3802,84.42495233402587,0.3882080200128257,0
3803,84.4357393340324,0.3507499932311475,0
3804,84.44863612501649,0.3486670320853591,0
3805,84.46153762500035,0.3378340043127537,0
3806,84.47442983405199,0.34920795587822795,0
3807,84.48736912501045,,1
3808,84.60112875001505,0.45954203233122826,0
3809,84.61424379202072,0.35099999513477087,0
3810,84.62716583401198,0.343875028192997,0
3811,84.6400723340339,0.3624579985626042,0
3812,84.65299637505086,0.30370900640264153,0
3813,84.66584883403266,0.27299998328089714,0
3814,84.67867458402179,0.2651250106282532,0
3815,84.689290084003,0.3465000190772116,0
3816,84.70014629204525,0.3748749732039869,0
3817,84.71307087503374,0.31650002347305417,0
3818,84.72593720903387,0.3349999897181988,0
3819,84.73800266702892,0.3038329887203872,0
3820,84.75085483404109,0.29262498719617724,0
3821,84.76372408401221,0.3012079978361726,0
3822,84.77658787503606,0.27820898685604334,0
3823,84.78948016703362,0.2993749803863466,0
3824,84.80231708404608,0.2675830037333071,0
3825,84.81412195903249,0.2954999799840152,0
3826,84.8249077090295,0.26854098541662097,0
3827,84.83558000001358,0.2989170025102794,0
3828,84.84748737502377,,1
3829,84.96120741701452,,1
3830,85.07499087502947,,1
3831,85.18871200003196,,1
3832,85.30212154204492,,1
3833,85.41383433400188,,1
3834,85.5266965420451,0.5812500021420419,0
3835,85.53986758401152,0.5157080013304949,0
3836,85.55085291701835,0.48458302626386285,0
3837,85.56391291704495,0.5042499979026616,0
3838,85.57697845902294,0.4440409829840064,0
3839,85.58998200000497,0.45895902439951897,0
3840,85.60299029201269,0.4320830339565873,0
3841,85.61597045900999,0.4249580088071525,0
3842,85.62894379202044,0.41520799277350307,0
3843,85.64069791702786,0.4711250076070428,0
3844,85.6537145000184,0.43637503404170275,0
3845,85.6665202920558,0.4830419784411788,0
3846,85.67957537504844,0.5000839591957629,0
3847,85.69119033403695,0.5651249666698277,0
3848,85.70432333403733,0.2519999979995191,0
3849,85.7171540420386,0.24462497094646096,0
3850,85.72993079200387,0.18745800480246544,0
3851,85.74266383401118,0.4125830018892884,0
3852,85.75564837502316,0.2673339913599193,0
3853,85.76846220903099,0.3725410206243396,0
3854,85.78360254201107,0.690957996994257,0
3855,85.7968742500525,0.6745419814251363,0
3856,85.8079115000437,0.5621669697575271,0
3857,85.82107295905007,0.6063749897293746,0
3858,85.83426254201913,0.5947920144535601,0
3859,85.84743083402282,1.5297079808078706,0
3860,85.86152029200457,1.0878750472329557,0
3861,85.8751922090305,0.612083007581532,0
3862,85.88854850002099,0.2535840030759573,0
3863,85.90132062503835,0.1699170097708702,0
3864,85.9130481670145,0.21520804148167372,0
3865,85.92578887502896,0.20233402028679848,0
3866,85.93854358402314,0.5539160338230431,0
3867,85.94966941705206,0.4319580039009452,0
3868,85.96175379201304,0.49279199447482824,0
3869,85.97481883404544,0.4565409617498517,0
3870,85.9859682090464,0.33545796759426594,0
3871,85.99747933400795,0.45329099521040916,0
3872,86.01052012504078,0.4135839990340173,0
3873,86.02245308400597,0.31604099785909057,0
3874,86.03313312504906,0.36566698690876365,0
3875,86.04500554205151,0.35141699481755495,0
3876,86.05792720901081,0.30220800545066595,0
3877,86.07078500004718,0.2749169943854213,0
3878,86.08161825005664,0.2936249948106706,0
3879,86.09446237504017,0.3082919865846634,0
3880,86.10731216700515,0.2892500488087535,0
3881,86.12013575003948,0.2781669609248638,0
3882,86.13295391702559,0.30570797389373183,0
3883,86.14580675004981,0.3142919740639627,0
3884,86.15866966702743,0.311999989207834,0
3885,86.17153237503953,0.5154169630259275,0
3886,86.18325370905222,0.3085409989580512,0
3887,86.19488312501926,0.3404589951969683,0
3888,86.20744804205606,0.4232499632053077,0
3889,86.22087404201739,2.0283330231904984,0
3890,86.2344037500443,1.187249959912151,0
3891,86.2459405840491,0.5205409834161401,0
3892,86.25933191704098,0.24154200218617916,0
3893,86.27176258404506,0.28087495593354106,0
3894,86.28461175004486,0.42399996891617775,0
3895,86.29760745901149,0.4397500306367874,0
3896,86.3105257920106,0.5643329932354391,0
3897,86.32317500002682,0.6337499944493175,0
3898,86.33535633404972,0.5809160065837204,0
3899,86.3485643750173,0.34945900551974773,0
3900,86.36069245904218,0.3769159666262567,0
3901,86.37370295904111,0.6213329616002738,0
3902,86.38696191704366,0.3006669576279819,0
3903,86.39769675000571,0.46183401718735695,0
3904,86.4095327090472,0.39858295349404216,0
3905,86.42251266702078,0.5347080295905471,0
3906,86.43407479202142,0.31466700602322817,0
3907,86.44480887503596,0.6867090123705566,0
3908,86.45812662504613,0.4085839609615505,0
3909,86.47022116702283,0.6975000142119825,0
3910,86.48135891702259,0.4266669857315719,0
3911,86.49555470905034,0.43704098789021373,0
3912,86.50791829201626,0.7779580191709101,0
3913,86.53209695901023,0.772416009567678,0
3914,86.54555612505646,1.0883749928325415,0
3915,86.5568995840149,0.5715410225093365,0
3916,86.56773925002199,2.45349999750033,0
3917,86.58351425000001,4.020459018647671,0
3918,86.60532570903888,17.246040981262922,0
3919,86.64455725002335,0.9780420223250985,0
3920,86.65830262500094,0.8873750339262187,0
3921,86.67182929202681,0.3114580176770687,0
3922,86.68409541703295,0.4925419925712049,0
3923,86.70868700003484,0.5014169728383422,0
3924,86.72181941702729,0.5978330154903233,0
3925,86.73432108404813,0.6414579693228006,0
3926,86.7457375000231,0.55854202946648,0
3927,86.75655375001952,0.8354589808732271,0
3928,86.76967179204803,0.6853329832665622,0
3929,86.7813329170458,0.4076669574715197,0
3930,86.79326054203557,0.6713750190101564,0
3931,86.80602854205063,0.3475419944152236,0
3932,86.81763400003547,0.43224997352808714,0
3933,86.83067925000796,0.41029200656339526,0
3934,86.84368320903741,0.45441597467288375,0
3935,86.85688895900967,0.47291599912568927,0
3936,86.87001808400964,0.4337080172263086,0
3937,86.88236104202224,0.33545802580192685,0
3938,86.89540000003763,0.5111249629408121,0
3939,86.90667262504576,0.6069589871913195,0
3940,86.9178911250201,0.704375037457794,0
3941,86.93126504204702,0.6781249539926648,0
3942,86.9446111250436,0.901208957657218,0
3943,86.95698333403561,0.5337909678928554,0
3944,86.9701173750218,0.4557089996524155,0
3945,86.98316225002054,0.5080840201117098,0
3946,86.99531583400676,0.3630410064943135,0
3947,87.00677816703683,0.3682500100694597,0
3948,87.0201387090492,0.6712079630233347,0
3949,87.03348662500503,2.7459170087240636,0
3950,87.0483903750428,,1
3951,87.16248237504624,,1
3952,87.2762283750344,0.5117920227348804,0
3953,87.28689450002275,0.26879197685047984,0
3954,87.29972254205495,0.38541696267202497,0
3955,87.31266254204093,0.31879200832918286,0
3956,87.3246146250167,0.5276250303722918,0
3957,87.33782533404883,1.1232079705223441,0
3958,87.34984187502414,0.7106250268407166,0
3959,87.36346733401297,1.2471660156734288,0
3960,87.37739129201509,1.1430830345489085,0
3961,87.39149191702018,0.6356249796226621,0
3962,87.40472479205346,0.490749953314662,0
3963,87.41783654200844,1.101458037737757,0
3964,87.4316920840065,0.8890409953892231,0
3965,87.44627645902801,0.3602909855544567,0
3966,87.45925383403664,0.7294999668374658,0
3967,87.4711695840233,0.4366249777376652,0
3968,87.48413370904746,0.5410409648902714,0
3969,87.49499220901635,0.820583023596555,0
3970,87.5085312090232,0.5446660215966403,0
3971,87.52167541702511,0.2943329745903611,0
3972,87.53238487505587,0.5461249966174364,0
3973,87.54555041703861,0.4502919618971646,0
3974,87.55661433405476,0.36333297612145543,0
3975,87.56958308402682,0.6995000294409692,0
3976,87.58293487504125,0.5616669659502804,0
3977,87.59617900004378,0.6857499829493463,0
3978,87.60759254201548,0.5750830168835819,0
3979,87.61945462500444,0.49000000581145287,0
3980,87.63256137503777,0.8594589889980853,0
3981,87.6460932920454,0.6367919850163162,0
3982,87.65700708405348,0.5758749903179705,0
3983,87.67018695903243,0.4313749959692359,0
3984,87.68318366701715,0.2555419923737645,0
3985,87.69598579203011,0.2912500058300793,0
3986,87.70882379205432,0.34074997529387474,0
3987,87.72171412501484,0.3660420188680291,0
3988,87.73462295904756,0.4206249723210931,0
3989,87.7476243750425,0.5603749887086451,0
3990,87.76073350000661,0.4384590429253876,0
3991,87.77247554203495,0.4640420083887875,0
3992,87.78553412505426,0.539666973054409,0
3993,87.79866833402775,0.5724580259993672,0
3994,87.8107637920184,0.5478329840116203,0
3995,87.82391020900104,0.5166660412214696,0
3996,87.83649779204279,0.5102079594507813,0
3997,87.84838012501132,0.5228749942034483,0
3998,87.85950979200425,0.45704201329499483,0
3999,87.87256520905066,0.6648330017924309,0
4000,87.88582066702656,0.5014170310460031,0
4001,87.89889537502313,0.36870897747576237,0
4002,87.90986958402209,0.4095410113222897,0
4003,87.92245762504172,0.2589590149000287,0
4004,87.93527525005629,0.33662497298792005,0
4005,87.94789683405543,0.3357499954290688,0
4006,87.96080825000536,0.40666700806468725,0
4007,87.97249000001466,0.4468340193852782,0
4008,87.98406545905164,0.5506659508682787,0
4009,87.99731050000992,0.4670000053010881,0
4010,88.01037729205564,0.5119169945828617,0
4011,88.02193479205016,0.6582079804502428,0
4012,88.0351042500115,0.48275000881403685,0
4013,88.04792145901592,0.5793750169686973,0
4014,88.0587192090461,0.3227499546483159,0
4015,88.06981725001242,1.46416702773422,0
4016,88.0848121670424,0.49466697964817286,0
4017,88.09746387501946,0.16829202650114894,0
4018,88.10958075005328,0.5137499538250268,0
4019,88.12267704203259,0.20591699285432696,0
4020,88.13488625001628,,1
4021,88.24764075002167,,1
4022,88.36226433404954,,1
4023,88.47733383404557,,1
4024,88.59035962505732,0.29008398996666074,0
4025,88.6009095000336,0.46075001591816545,0
4026,88.61395295901457,0.2799580106511712,0
4027,88.62678387505002,0.2597919665277004,0
4028,88.6393216670258,0.29604200972244143,0
4029,88.65229195903521,0.36291597643867135,0
4030,88.66477583401138,1.4998330152593553,0
4031,88.67886479204753,0.3719579544849694,0
4032,88.69175945903407,0.3204160020686686,0
4033,88.70464512502076,0.3028340288437903,0
4034,88.7151210840093,0.47500000800937414,0
4035,88.72819000005256,0.4497919580899179,0
4036,88.74029616703046,0.4782920004799962,0
4037,88.75334345904412,0.24004100123420358,0
4038,88.76367787504569,0.32933399779722095,0
4039,88.77654887503013,0.32049999572336674,0
4040,88.7870015000226,1.0824999772012234,0
4041,88.80205137503799,0.32362499041482806,0
4042,88.81332350004232,0.29491697205230594,0
4043,88.82443454203894,0.28724997537210584,0
4044,88.8372751250281,0.32583402935415506,0
4045,88.84830441704253,1.207166991662234,0
4046,88.86047600000165,0.30266703106462955,0
4047,88.87333183403825,0.24004100123420358,0
4048,88.88611058401875,0.21654099691659212,0
4049,88.89885450003203,0.1478340127505362,0
4050,88.90915729204426,0.23820798378437757,0
4051,88.92193287500413,0.27754204347729683,0
4052,88.93475508404663,0.22929097758606076,0
4053,88.94752929202514,0.29150000773370266,0
4054,88.96037029201398,0.28675002977252007,0
4055,88.97320679202676,0.2560419961810112,0
4056,88.98603158403421,0.3406250034458935,0
4057,88.99842641700525,0.720708048902452,0
4058,89.01186529203551,0.33312500454485416,0
4059,89.02233162504854,0.2667089574970305,0
4060,89.0351492500049,0.26162504218518734,0
4061,89.04796445905231,0.40033296681940556,0
4062,89.06092529202579,0.20579202100634575,0
4063,89.07261254201876,0.71854202542454,0
4064,89.08579020900652,0.3106250078417361,0
4065,89.09759729204234,,1
4066,89.21155295905191,,1
4067,89.32463075005217,,1
4068,89.43835579202278,,1
4069,89.55208400002448,,1
4070,89.66536387504311,,1
4071,89.77882858400699,,1
4072,89.89564729202539,,1
4073,90.00929729203926,0.5569579661823809,0
4074,90.0224882500479,0.4478339687921107,0
4075,90.03586204204476,7.908666972070932,0
4076,90.05643275001785,0.3761670086532831,0
4077,90.0693682920537,0.32416696194559336,0
4078,90.08044779201737,0.3952080151066184,0
4079,90.09313041705173,0.3143329522572458,0
4080,90.10452379204798,0.35437499172985554,0
4081,90.1174423340126,0.27650000993162394,0
4082,90.12782662501559,0.2923340070992708,0
4083,90.14084225002443,0.30566699570044875,0
4084,90.15371625003172,0.2703749923966825,0
4085,90.16657579201274,0.2856670180335641,0
4086,90.17712983401725,0.29262498719617724,0
4087,90.18885358405532,0.26524998247623444,0
4088,90.20174154202687,0.9948749793693423,0
4089,90.21531325002434,0.28304202714934945,0
4090,90.22805750003317,0.2606670022942126,0
4091,90.24088916700566,0.3000420401804149,0
4092,90.25362516700989,0.31987502006813884,0
4093,90.26572091702837,0.2531249774619937,0
4094,90.27753925003344,0.2334999735467136,0
4095,90.28940158401383,0.3720830427482724,0
4096,90.30235158401774,0.3132910351268947,0
4097,90.31525212503038,0.19979197531938553,0
4098,90.32642591703916,0.23841700749471784,0
4099,90.33878337504575,0.252624973654747,0
4100,90.35077466705116,0.4445419763214886,0
4101,90.36388295900542,0.364125007763505,0
4102,90.37683079205453,0.539666973054409,0
4103,90.38932604203,0.5842919927090406,0
4104,90.40249116701307,0.5029999883845448,0
4105,90.415627917042,0.3230419824831188,0
4106,90.42852604202926,0.4214579821564257,0
4107,90.43955704203108,0.4610000178217888,0
4108,90.45261591702001,0.500250025652349,0
4109,90.46569500002079,0.32708398066461086,0
4110,90.47749804204796,0.3082919865846634,0
4111,90.49038654204924,0.4859169712290168,0
4112,90.50345187500352,0.4098750068806112,0
4113,90.51537962502334,0.4002919886261225,0
4114,90.52610704203835,0.35679200664162636,0
4115,90.5390377920121,0.34333299845457077,0
4116,90.5519333750126,0.41666702600196004,0
4117,90.56249879201641,0.3120829933322966,0
4118,90.57477720902534,0.667083018925041,0
4119,90.58703570900252,0.6471250089816749,0
4120,90.60080654203193,0.7200000109151006,0
4121,90.61177000001771,0.6606249953620136,0
4122,90.62501679203706,0.49775000661611557,0
4123,90.63834625005256,0.5462919943965971,0
4124,90.65148133400362,0.6153330323286355,0
4125,90.66468008403899,1.9582079839892685,0
4126,90.67923058400629,0.5640830495394766,0
4127,90.6924217090127,0.5016250070184469,0
4128,90.7054127920419,0.671416986733675,0
4129,90.71872833400266,0.6510000093840063,0
4130,90.73275816702517,0.7608329760842025,0
4131,90.74377033405472,0.5579579737968743,0
4132,90.75572212500265,0.6308750016614795,0
4133,90.767876292055,0.9275829652324319,0
4134,90.7829530420131,0.8426670101471245,0
4135,90.79638870904455,0.5890409811399877,0
4136,90.80959666700801,0.7319170399568975,0
4137,90.8229340420221,0.6799169932492077,0
4138,90.83448225003667,0.5948339821770787,0
4139,90.84765975002665,1.8666249816305935,0
4140,90.86240575002739,0.6353749777190387,0
4141,90.87562550004805,0.7132089813239872,0
4142,90.8889572500484,0.7069589919410646,0
4143,90.90274479205254,0.6457080016843975,0
4144,90.91627766704187,0.34241698449477553,0
4145,90.92920437501743,0.48504199367016554,0
4146,90.94229604204884,0.5675829597748816,0
4147,90.95526300003985,0.48745900858193636,0
4148,90.96836079203058,0.4960420192219317,0
4149,90.9814470000565,0.4457499599084258,0
4150,90.99445391702466,0.4071249859407544,0
4151,91.00742025004001,0.3709169686771929,0
4152,91.02036387502449,0.22187503054738045,0
4153,91.03141475003213,0.23183401208370924,0
4154,91.04418333404465,0.26249996153637767,0
4155,91.05598970904248,0.29087497387081385,0
4156,91.0688258340233,0.6570410332642496,0
4157,91.08205141703365,0.5646250210702419,0
4158,91.09403175004991,0.44304196489974856,0
4159,91.10704091703519,0.2020419924519956,0
4160,91.11978304205695,0.21191698033362627,0
4161,91.13288825005293,6.31395896198228,0
4162,91.15040912502445,0.32104202546179295,0
4163,91.16331716702553,0.2631249953992665,0
4164,91.17442362505244,0.2257499727420509,0
4165,91.18575095903361,0.42654096614569426,0
4166,91.19743733404903,0.3501249593682587,0
4167,91.20936216705013,0.3721249522641301,0
4168,91.222023792041,0.24049996864050627,0
4169,91.23288383404724,0.2181659801863134,0
4170,91.2456462920527,0.3603329532779753,0
4171,91.25856854201993,0.28562499210238457,0
4172,91.27021320903441,0.2590829972177744,0
4173,91.28145850001602,0.17833401216194034,0
4174,91.2941840000567,0.20008394494652748,0
4175,91.30602375004673,0.4021250060759485,0
4176,91.31835483404575,0.33487495966255665,0
4177,91.33100345905405,0.2174999681301415,0
4178,91.34305816702545,0.46633300371468067,0
4179,91.35510633402737,0.4316659760661423,0
4180,91.36819312500302,0.6767500308342278,0
4181,91.37911000003805,0.6827919860370457,0
4182,91.39053783402778,0.5710410187020898,0
4183,91.40369283402106,0.3577080206014216,0
4184,91.41641387500567,0.2898750244639814,0
4185,91.42924991704058,0.2335829776711762,0
4186,91.44114870904014,0.2912079798988998,0
4187,91.45150966703659,0.23616699036210775,0
4188,91.46427750005387,0.23833400337025523,0
4189,91.47705766704166,0.32474996987730265,0
4190,91.48994975001551,0.4433750291354954,0
4191,91.50295933400048,0.35816605668514967,0
4192,91.51587879203726,0.35924999974668026,0
4193,91.52880170900607,0.31529105035588145,0
4194,91.54127937502926,0.29441702645272017,0
4195,91.55273158400087,0.26108301244676113,0
4196,91.56567837501643,0.41979202069342136,0
4197,91.5784412920475,0.4725419566966593,0
4198,91.58965345902834,0.46616600593551993,0
4199,91.60271233401727,0.3364580334164202,0
4200,91.61358658404788,0.2805409603752196,0
4201,91.62640225002542,0.25983399245887995,0
4202,91.63919041701593,0.23866700939834118,0
4203,91.65194454201264,0.1865000231191516,0
4204,91.66464462503791,0.14408398419618607,0
4205,91.67730004200712,0.20133302314206958,0
4206,91.69001291703898,0.16804196638986468,0
4207,91.70269454200752,0.23500004317611456,0
4208,91.71545941702789,0.21845800802111626,0
4209,91.72819008404622,0.21329097216948867,0
4210,91.74091937503545,0.18262496450915933,0
4211,91.75361775001511,0.16550003783777356,0
4212,91.7662967920187,0.19283301662653685,0
4213,91.7765146670281,0.20754197612404823,0
4214,91.78731412504567,0.17195899272337556,0
4215,91.79762629204197,0.3863329766318202,0
4216,91.81056454201462,0.4041669890284538,0
4217,91.82125937502133,0.4110420122742653,0
4218,91.83308887504973,0.16541697550565004,0
4219,91.84496233402751,0.1931660226546228,0
4220,91.8555050000432,0.2822499955072999,0
4221,91.86609312501969,0.4586669965647161,0
4222,91.8767526250449,0.26220898143947124,0
4223,91.88955062505556,0.37758395774289966,0
4224,91.90247833402827,0.22454099962487817,0
4225,91.91287304204889,0.37770799826830626,0
4226,91.92437229200732,0.373208022210747,0
4227,91.93486750003649,0.43466698843985796,0
4228,91.94786512502469,0.4022089997306466,0
4229,91.96085033402778,0.5514579825103283,0
4230,91.97814787505195,0.46729197492823005,0
4231,91.98877325002104,0.8855420164763927,0
4232,92.00110920902807,0.32545800786465406,0
4233,92.01402812503511,0.5757089820690453,0
4234,92.02721058402676,0.7297910051420331,0
4235,92.0405483340146,0.507833028677851,0
4236,92.05247191700619,0.46900002053007483,0
4237,92.06434545904631,,1
4238,92.1783360420377,0.5741249769926071,0
4239,92.19082258403068,0.3489580121822655,0
4240,92.20375650003552,1.2910839868709445,0
4241,92.21762566705002,0.2109169727191329,0
4242,92.22856329201022,0.3459579893387854,0
4243,92.23937170900172,0.4129580338485539,0
4244,92.25234958401415,0.4253750084899366,0
4245,92.2653601670172,0.41566701838746667,0
4246,92.27834670903394,0.4065409884788096,0
4247,92.29129583400209,1.78920803591609,0
4248,92.30360558402026,0.42395800119265914,0
4249,92.31478883401724,,1
4250,92.42879650002578,,1
4251,92.54059833404608,,1
4252,92.6545169170131,,1
4253,92.76735862501664,0.4377090372145176,0
4254,92.77925179200247,0.406875042244792,0
4255,92.79222920903703,0.3653750172816217,0
4256,92.80307912500575,0.3194170421920717,0
4257,92.81596704205731,0.2888749586418271,0
4258,92.82879725005478,0.19683397840708494,0
4259,92.840667667042,0.29095797799527645,0
4260,92.85353079205379,0.4271669895388186,0
4261,92.8665352090029,0.2579160500317812,0
4262,92.87935900001321,0.3973750281147659,0
4263,92.89007737505017,0.28624996775761247,0
4264,92.90122829203028,0.4311670199967921,0
4265,92.91424616705626,0.24883297737687826,0
4266,92.92678825004259,0.18120900494977832,0
4267,92.93950945901452,0.22483302745968103,0
4268,92.95227316702949,0.32183300936594605,0
4269,92.96487279201392,0.2340830396860838,0
4270,92.9776575420401,0.32112497137859464,0
4271,92.99054904200602,0.5039580282755196,0
4272,93.00168125005439,0.33549999352544546,0
4273,93.01460129203042,0.3422499867156148,0
4274,93.02583079203032,0.3032080130651593,0
4275,93.0387151670293,0.7232499774545431,0
4276,93.05202425003517,0.37162500666454434,0
4277,93.06524645903846,0.42449997272342443,0
4278,93.07627987500746,0.6170000415295362,0
4279,93.08948833402246,0.3903330070897937,0
4280,93.10247283405624,0.5789999850094318,0
4281,93.11563829204533,0.41391700506210327,0
4282,93.12636575003853,0.3422499867156148,0
4283,93.13928058400052,0.45662501361221075,0
4284,93.15232587500941,0.5621250020340085,0
4285,93.16549412504537,0.48637500731274486,0
4286,93.17769083403982,0.3547079977579415,0
4287,93.19061929202871,0.4367500077933073,0
4288,93.20365658402443,0.4116250202059746,0
4289,93.21492150000995,0.8267920347861946,0
4290,93.22836454201024,0.383333011996001,0
4291,93.23939925001469,0.34841703018173575,0
4292,93.25097337504849,0.2614170080050826,0
4293,93.26379058405291,0.3018329734914005,0
4294,93.27665383403655,0.4000409971922636,0
4295,93.28939262503991,0.3308749874122441,0
4296,93.30228745902423,0.2526250318624079,0
4297,93.31508137501078,0.3796670353040099,0
4298,93.32802491704933,0.29379199258983135,0
4299,93.34087241702946,0.29508298030123115,0
4300,93.35182425001403,0.3221250372007489,0
4301,93.36468104203232,0.18258299678564072,0
4302,93.37623162503587,0.36679196637123823,0
4303,93.3882205420523,0.28624996775761247,0
4304,93.40107079205336,0.4349579685367644,0
4305,93.41185250005219,0.32104196725413203,0
4306,93.42376400000649,0.4700000281445682,0
4307,93.43581954203546,0.9382080170325935,0
4308,93.44745912501821,0.30508398776873946,0
4309,93.45934416702949,0.31358300475403666,0
4310,93.4722209169995,,1
4311,93.58490104204975,,1
4312,93.69906358403387,0.6511249812319875,0
4313,93.71310687501682,0.6807090248912573,0
4314,93.72505633404944,,1
4315,93.83896020904649,,1
4316,93.95163795904955,,1
4317,94.06471345905447,,1
4318,94.17876375000924,,1
4319,94.29270766704576,,1
4320,94.40593029203592,,1
4321,94.5198383750394,,1
4322,94.63377333403332,0.46737497905269265,0
4323,94.64683850004803,0.3346249577589333,0
4324,94.65800566703547,0.33787498250603676,0
4325,94.6701883340138,0.22545800311490893,0
4326,94.6829596250318,0.22283400176092982,0
4327,94.69336762500461,0.1989590236917138,0
4328,94.7042442500242,0.24725002003833652,0
4329,94.7147834590287,0.3309579915367067,0
4330,94.7276820000261,0.30875002266839147,0
4331,94.74083533399971,0.2663330524228513,0
4332,94.75370708404807,0.39912498323246837,0
4333,94.76435779203894,0.23750000400468707,0
4334,94.77715662500123,0.41679205605760217,0
4335,94.79015579202678,0.3964169882237911,0
4336,94.80314925004495,0.3910000086762011,0
4337,94.81610695901327,0.4302909947000444,0
4338,94.82855975005077,0.3172919969074428,0
4339,94.84041920903837,0.23079098900780082,0
4340,94.85322229203302,0.14887499855831265,0
4341,94.86472366703674,0.3429579664953053,0
4342,94.87762333400315,0.2610410447232425,0
4343,94.88923112500925,0.20116701489314437,0
4344,94.90196770901093,0.1836250303313136,0
4345,94.91468220902607,0.12204097583889961,0
4346,94.92734929203289,0.18762500258162618,0
4347,94.93926991702756,0.2644999767653644,0
4348,94.9501471670228,0.22333301603794098,0
4349,94.96291920903604,0.2348329871892929,0
4350,94.9750226670294,0.46274997293949127,0
4351,94.98638420901261,0.4592500044964254,0
4352,94.99945066700457,0.4683330189436674,0
4353,95.01252737501636,0.31812500674277544,0
4354,95.02413295902079,0.45733299339190125,0
4355,95.03718145901803,0.3524580388329923,0
4356,95.05009450000944,0.3600000054575503,0
4357,95.0630271670525,,1
4358,95.17477887502173,,1
4359,95.28788283403264,,1
4360,95.40155545901507,,1
4361,95.51529475004645,0.6097919540479779,0
4362,95.52641275001224,0.4443750367499888,0
4363,95.53832516702823,0.445541983935982,0
4364,95.55005600000732,0.380834040697664,0
4365,95.56193141703261,0.3974169958382845,0
4366,95.5749002500088,0.34775002859532833,0
4367,95.58715862501413,0.3826669999398291,0
4368,95.598090125015,0.35420904168859124,0
4369,95.60878720902838,0.33237499883398414,0
4370,95.62169391702628,0.4362079780548811,0
4371,95.6345022090245,0.40095800068229437,0
4372,95.64520775002893,0.4825000069104135,0
4373,95.65829058404779,0.46391598880290985,0
4374,95.67044329200871,0.39075000677257776,0
4375,95.68142912501935,0.4212500061839819,0
4376,95.69444683403708,0.43366599129512906,0
4377,95.7074713340262,0.44712499948218465,0
4378,95.72046304203104,0.5102080176584423,0
4379,95.73357466701418,0.4184580175206065,0
4380,95.74658904201351,0.4902500077150762,0
4381,95.75896516704233,0.5359170027077198,0
4382,95.77082691702526,0.47804199857637286,0
4383,95.78391816705698,0.4895419697277248,0
4384,95.79703062504996,0.4474589950405061,0
4385,95.81008412502706,0.5235419957898557,0
4386,95.82321691705147,0.4912919830530882,0
4387,95.83405695902184,0.41095801861956716,0
4388,95.8470629590447,0.42454100912436843,0
4389,95.86008195905015,0.6024999893270433,0
4390,95.87329141702503,0.44054200407117605,0
4391,95.88633458403638,0.39391597965732217,0
4392,95.89763854205376,0.2691669506020844,0
4393,95.91046879201895,0.33845799043774605,0
4394,95.92336075002095,0.29608403565362096,0
4395,95.9356370420428,0.3308749874122441,0
4396,95.94757279200712,0.26775000151246786,0
4397,95.95887370902346,0.3635000321082771,0
4398,95.96932600002037,0.29850000282749534,0
4399,95.98000445903745,0.6321250111795962,0
4400,95.9932692090515,0.4248750046826899,0
4401,96.00572987500345,,1
4402,96.11844483402092,0.4142500110901892,0
4403,96.13147600000957,0.5334590096026659,0
4404,96.14461937500164,0.44875004095956683,0
4405,96.15766800002893,0.40191697189584374,0
4406,96.17065887502395,0.4127090214751661,0
4407,96.1836525000399,0.40908396476879716,0
4408,96.19664662500145,0.3589170519262552,0
4409,96.20857329200953,0.5009580054320395,0
4410,96.22164687502664,0.4710420034825802,0
4411,96.23470895900391,0.5902910488657653,0
4412,96.24785829201574,2.621082996483892,0
4413,96.26177616702626,,1
4414,96.37381612503668,,1
4415,96.4869222920388,,1
4416,96.60029587504687,,1
4417,96.71425683400594,,1
4418,96.82840129203396,0.6927920039743185,0
4419,96.84119137504604,0.5262919585220516,0
4420,96.85428470902843,0.4534160252660513,0
4421,96.86729650001507,0.37399999564513564,0
4422,96.88022320903838,0.4337080172263086,0
4423,96.8932131670299,0.3700000233948231,0
4424,96.90594320901437,0.5524579901248217,0
4425,96.91905520902947,0.361250014975667,0
4426,96.9319702089997,0.4796250141225755,0
4427,96.94499716704013,0.4131249734200537,0
4428,96.95795466704294,0.3441249718889594,0
4429,96.97084266704042,0.5462919943965971,0
4430,96.98394904204179,0.4936669720336795,0
4431,96.99699470901396,0.3804159932769835,0
4432,97.00938800000586,0.30562502797693014,0
4433,97.0222401250503,0.4064170061610639,0
4434,97.03519133402733,0.43529097456485033,0
4435,97.04808900004718,0.39479200495406985,0
4436,97.06102754204767,0.393416965380311,0
4437,97.07263525004964,0.330416951328516,0
4438,97.08500916702906,0.5316250026226044,0
4439,97.09761995903682,0.46850001672282815,0
4440,97.10829058400122,0.4084160318598151,0
4441,97.11878762504784,0.40374998934566975,0
4442,97.13174116704613,0.3719579544849694,0
4443,97.14306841703365,,1
4444,97.25592441705521,,1
4445,97.3697180840536,,1
4446,97.4814058340271,,1
4447,97.59493854205357,,1
4448,97.70667720900383,,1
4449,97.8204493340454,,1
4450,97.93419595900923,,1
4451,98.0479414590518,,1
4452,98.1616619170527,,1
4453,98.27545750001445,,1
4454,98.38931737502571,,1
4455,98.50144854205428,0.5547499749809504,0
4456,98.51427954202518,0.24700001813471317,0
4457,98.52707262500189,0.3251250018365681,0
4458,98.53994470904581,0.2775409957394004,0
4459,98.55204254202545,0.3197080222889781,0
4460,98.56492287502624,0.34316699020564556,0
4461,98.57753262500046,0.23625005269423127,0
4462,98.58784225001,0.4622500273399055,0
4463,98.60043362504803,0.4456249880604446,0
4464,98.61344604199985,0.14370802091434598,0
4465,98.62547945900587,0.33250002888962626,0
4466,98.63735479203751,0.2192499814555049,0
4467,98.65011770901037,0.18875004025176167,0
4468,98.66207370901247,0.20758301252499223,0
4469,98.67236820905237,0.3808749606832862,0
4470,98.68532033404335,0.3168329712934792,0
4471,98.6981882090331,0.18445798195898533,0
4472,98.71014862501761,0.18308399012312293,0
4473,98.72203950001858,0.23858400527387857,0
4474,98.7348485000548,0.381458958145231,0
4475,98.74578020902118,0.1854160218499601,0
4476,98.75684212503256,0.17133401706814766,0
4477,98.76756387500791,0.1663750153966248,0
4478,98.7801072090515,0.17437495989724994,0
4479,98.79122895904584,0.1842500059865415,0
4480,98.8039556670119,0.18604204524308443,0
4481,98.81488266703673,0.21954200929030776,0
4482,98.82659962505568,0.2097089891321957,0
4483,98.8384702920448,0.17354200826957822,0
4484,98.85118329204852,0.17187499906867743,0
4485,98.86216641700594,0.13412500265985727,0
4486,98.87402404204477,0.33966696355491877,0
4487,98.88460783404298,0.19191601313650608,0
4488,98.89734479202889,0.25658297818154097,0
4489,98.9096831670031,,1
4490,99.02204587502638,,1
4491,99.13421762501821,,1
4492,99.24795058404561,0.40929100941866636,0
4493,99.26092754205456,0.34083297941833735,0
4494,99.2735370840528,0.24587498046457767,0
4495,99.28442375001032,0.2115420065820217,0
4496,99.29664170905016,0.2116249524988234,0
4497,99.30939000000944,0.10120903607457876,0
4498,99.32203420903534,0.21891598589718342,0
4499,99.33378879202064,0.21120801102370024,0
4500,99.3465381670394,0.14537497190758586,0
4501,99.3592090420425,0.17866695998236537,0
4502,99.37193562503671,0.2623340114951134,0
4503,99.38476075005019,0.285208981949836,0
4504,99.39764945901698,,1
4505,99.51068066700827,,1
4506,99.62374454201199,,1
4507,99.73765179200564,0.5338329938240349,0
4508,99.75083100004122,0.378916971385479,0
4509,99.76376004202757,0.3567080129869282,0
4510,99.77669695904478,0.30524999601766467,0
4511,99.78926750004757,0.36695896415039897,0
4512,99.80219295900315,0.32170803751796484,0
4513,99.81474820902804,0.37054100539535284,0
4514,99.82692625001073,1.7249590018764138,0
4515,99.84089075005613,0.3504169872030616,0
4516,99.85378712503007,0.42983400635421276,0
4517,99.86502041702624,0.8046249859035015,0
4518,99.87793341703946,0.46974996803328395,0
4519,99.88925408403156,0.3762500127777457,0
4520,99.9004645840032,0.3676250344142318,0
4521,99.91337091702735,0.4123329999856651,0
4522,99.92635762505233,0.44704199535772204,0
4523,99.9392581670545,0.38774998392909765,0
4524,99.95223325002007,0.46029197983443737,0
4525,99.96524966700235,0.36912504583597183,0
4526,99.97617050004192,0.549459015019238,0
4527,99.98773700004676,0.3969589597545564,0
4528,99.99870720901527,0.3490410163067281,0
4529,100.01160137500847,0.30691700521856546,0
4530,100.02446395903826,0.47154101775959134,0
4531,100.03797116701026,0.8419580408371985,0
4532,100.05168316705385,0.5359579809010029,0
4533,100.06489350000629,0.49991701962426305,0
4534,100.07622262503719,0.5742089706473053,0
4535,100.08936433400959,0.5083750002086163,0
4536,100.10175975004677,0.5042089615017176,0
4537,100.1129731250112,1.0028750402852893,0
4538,100.12656716705533,0.8489169995300472,0
4539,100.13926250004442,0.3476669662632048,0
4540,100.1522030000342,0.6282919785007834,0
4541,100.16543545905733,0.33541599987074733,0
4542,100.17832674999954,0.2641670289449394,0
4543,100.19111816701479,0.22074999287724495,0
4544,100.20385420904495,0.22429099772125483,0
4545,100.2166002090089,0.20825001411139965,0
4546,100.2293378750328,0.2769589773379266,0
4547,100.2421608340228,0.3132080310024321,0
4548,100.25503691704944,0.39020797703415155,0
4549,100.26619533402845,0.29333302518352866,0
4550,100.27822758402908,0.30516600236296654,0
4551,100.2892953750561,0.2090419875457883,0
4552,100.29999954201048,0.2382500097155571,0
4553,100.31073750002543,0.30783400870859623,0
4554,100.32346820901148,0.2548330230638385,0
4555,100.3353145000292,0.3202090156264603,0
4556,100.34809766703984,0.2584169851616025,0
4557,100.35856333404081,0.44475001050159335,0
4558,100.37159170903033,0.4028750117868185,0
4559,100.38406308402773,0.3386249882169068,0
4560,100.39698566700099,0.2519580302760005,0
4561,100.40979170904029,0.19779097056016326,0
4562,100.42179595900234,0.24012505309656262,0
4563,100.43277695903089,0.2662499900907278,0
4564,100.4446202920517,0.389833003282547,0
4565,100.45641320903087,0.3620409988798201,0
4566,100.46933054202236,0.38174999644979835,0
4567,100.48141183401458,0.3042499884031713,0
4568,100.49180695903488,0.27887499891221523,0
4569,100.50374750001356,0.2565840259194374,0
4570,100.51655816700077,0.23108301684260368,0
4571,100.52783162501873,0.7031250279396772,0
4572,100.5411343750311,0.4954999894835055,0
4573,100.55408062500646,0.34070899710059166,0
4574,100.56653800001368,0.5029999883845448,0
4575,100.577168250049,,1
4576,100.68947412504349,,1
4577,100.8032985420432,0.2661249600350857,0
4578,100.81612662505358,0.2632089890539646,0
4579,100.82893800002057,0.1971669844351709,0
4580,100.84122529200977,0.30858302488923073,0
4581,100.85278091701912,0.23079203674569726,0
4582,100.86494816699997,0.19379204604774714,0
4583,100.87768925004639,,1
4584,100.98926195903914,,1
4585,101.10189454205101,,1
4586,101.21427587501239,,1
4587,101.32739600003697,0.6826670141890645,0
4588,101.34074404201237,0.5113329971209168,0
4589,101.353828292049,0.5430830060504377,0
4590,101.36475900001824,0.5197090213187039,0
4591,101.37783295905683,,1
4592,101.49161516700406,,1
4593,101.60582754202187,,1
4594,101.719108334044,0.6865409668534994,0
4595,101.73095433402341,0.4171250038780272,0
4596,101.74392795900349,0.37129101110622287,0
4597,101.75686504202895,0.39950001519173384,0
4598,101.76879154203925,0.3648329875431955,0
4599,101.78169762500329,0.3166670212522149,0
4600,101.79455283400603,0.35941600799560547,0
4601,101.80746237502899,0.3684170078486204,0
4602,101.81984195904806,0.3477080026641488,0
4603,101.83095333405072,0.3055830020457506,0
4604,101.84207129204879,0.3850419889204204,0
4605,101.85500837501604,0.3224170068278909,0
4606,101.86666108400095,0.41212502401322126,0
4607,101.87854487501318,0.343833991792053,0
4608,101.89144041703548,0.3625829704105854,0
4609,101.90433629200561,0.2727500395849347,0
4610,101.9166192090488,0.798082968685776,0
4611,101.93005162500776,0.493708997964859,0
4612,101.94159645901527,0.566875038202852,0
4613,101.95322258403758,0.5193329998292029,0
4614,101.9650848750025,0.5316670285537839,0
4615,101.9775479590171,0.5966250319033861,0
4616,101.98832679202314,0.5422920221462846,0
4617,102.00147383403964,0.5384159740060568,0
4618,102.01459745905595,0.5306659732013941,0
4619,102.02771824999945,0.22554205497726798,0
4620,102.0404927090276,0.3832909860648215,0
4621,102.05157408403466,0.3724999842233956,0
4622,102.06449554202845,0.2835830091498792,0
4623,102.07733229204314,0.26712496764957905,0
4624,102.09013666701503,0.18812500638887286,0
4625,102.10082329204306,0.21579198073595762,0
4626,102.11267341702478,0.43058302253484726,0
4627,102.12568941700738,0.4491250147111714,0
4628,102.13873720902484,0.5452909972518682,0
4629,102.1497008340084,0.6242500385269523,0
4630,102.1619187920005,0.4812500555999577,0
4631,102.17406962503446,0.6397090037353337,0
4632,102.18593270902056,0.6324999849312007,0
4633,102.19920666702092,0.48637500731274486,0
4634,102.21144587500021,0.37270900793373585,0
4635,102.22268991702003,0.6532500265166163,0
4636,102.23604458401678,0.5408750148490071,0
4637,102.24769200000446,0.6031670491211116,0
4638,102.260931042023,0.594375014770776,0
4639,102.27418537501944,0.7595419883728027,0
4640,102.28658129204996,0.7481249631382525,0
4641,102.30018575000577,0.4823339986614883,0
4642,102.31326170900138,0.3819999983534217,0
4643,102.3250044590095,0.38112502079457045,0
4644,102.3379423340084,0.2608750364743173,0
4645,102.35073733405443,0.4261659923940897,0
4646,102.36372150003444,0.42699999175965786,0
4647,102.37674708402483,0.3874999820254743,0
4648,102.38848916703137,0.32479199580848217,0
4649,102.40138250001473,0.3039590083062649,0
4650,102.41341375000775,0.36737503251060843,0
4651,102.42584029200953,0.30200002947822213,0
4652,102.43871179205598,0.33374998020008206,0
4653,102.45014825003454,0.22624997654929757,0
4654,102.46293945901562,0.49512501573190093,0
4655,102.47606358403573,0.5531659699045122,0
4656,102.48831841704668,0.5565419560298324,0
4657,102.50016566703562,0.48820796655490994,0
4658,102.51188279205235,0.4302079905755818,0
4659,102.52385045902338,0.5260829930193722,0
4660,102.53569654200692,0.5422499962151051,0
4661,102.54885329201352,0.7727500051259995,0
4662,102.56075995904393,0.5824579857289791,0
4663,102.57311716704862,0.4487079568207264,0
4664,102.58616666705348,0.47387497033923864,0
4665,102.59868916700361,0.2524169976823032,0
4666,102.61151004204294,0.3222079831175506,0
4667,102.62434470903827,0.3161659697070718,0
4668,102.63723900000332,0.3748750314116478,0
4669,102.64806045900332,0.23108301684260368,0
4670,102.65992045903113,0.17208297504112124,0
4671,102.6726454590098,0.403250043746084,0
4672,102.68561658402905,0.2900830004364252,0
4673,102.69760595902335,0.27191598201170564,0
4674,102.71002604201203,0.2115830429829657,0
4675,102.72278329200344,0.31150004360824823,0
4676,102.73564904200612,0.2192500396631658,0
4677,102.74755250004819,0.2606670022942126,0
4678,102.76035645900993,0.37395802792161703,0
4679,102.7732703340007,0.3512080293148756,0
4680,102.78616987500573,0.44716702541336417,0
4681,102.79922887502471,0.4052090225741267,0
4682,102.81073866703082,0.3827919717878103,0
4683,102.8236721670255,0.3998749889433384,0
4684,102.83470745902741,0.3571659908629954,0
4685,102.84762370900717,0.49945799401029944,0
4686,102.86074104200816,0.46095799189060926,0
4687,102.87381187500432,0.22354203974828124,0
4688,102.88658950000536,0.2352500450797379,0
4689,102.89689387503313,0.14224997721612453,0
4690,102.9095919590327,0.5358330090530217,0
4691,102.9227030420443,0.18995796563103795,0
4692,102.93452345900005,0.18408300820738077,0
4693,102.94724966702051,0.16516703180968761,0
4694,102.9599473750568,0.1764169428497553,0
4695,102.97146500000963,0.18554204143583775,0
4696,102.9841872920515,0.1855829614214599,0
4697,102.99692500004312,0.17191696679219604,0
4698,103.00883850001264,0.2621249877847731,0
4699,103.02166333404602,0.39612496038898826,0
4700,103.03257854201365,0.2340830396860838,0
4701,103.04536125005689,0.314833945594728,0
4702,103.05592591705499,0.4112499882467091,0
4703,103.06806408404373,0.25116599863395095,0
4704,103.08076887502102,0.8493750356137753,0
4705,103.094242375053,0.3517919685691595,0
4706,103.10848662501667,0.3587090177461505,0
4707,103.12079537502723,0.4502920201048255,0
4708,103.1338115420076,0.41029200656339526,0
4709,103.14680979202967,0.4521249793469906,0
4710,103.15984129201388,0.2323330263607204,0
4711,103.17263562500011,0.27054204838350415,0
4712,103.18547295901226,0.3749580355361104,0
4713,103.19808675005333,0.18749997252598405,0
4714,103.20974195905728,0.22329099010676146,0
4715,103.22255641705124,0.45674998546019197,0
4716,103.23557708400767,0.21320802625268698,0
4717,103.24682345904876,0.19816600251942873,0
4718,103.25956741702976,0.20008301362395287,0
4719,103.27103670901852,0.17675000708550215,0
4720,103.28290179203032,0.23633299861103296,0
4721,103.29570291703567,0.28841698076575994,0
4722,103.30853737500729,0.12429204070940614,0
4723,103.32119816704653,0.26166700990870595,0
4724,103.3340205840068,0.36691600689664483,0
4725,103.34459625004092,0.23608398623764515,0
4726,103.35739108402049,0.28570799622684717,0
4727,103.36864070902811,0.2969999914057553,0
4728,103.38148104201537,0.13191701145842671,0
4729,103.3941469170386,0.19979197531938553,0
4730,103.4053822500282,0.18037500558421016,0
4731,103.41812066704733,0.18620799528434873,0
4732,103.4308434590348,0.20108302123844624,0
4733,103.44394679204561,0.3750830073840916,0
4734,103.45594166702358,0.3712500329129398,0
4735,103.46672387502622,0.37174997851252556,0
4736,103.4790652920492,0.2079170080833137,0
4737,103.49181941704592,0.17716700676828623,0
4738,103.50453683402156,0.18883298616856337,0
4739,103.51619016705081,0.17604196909815073,0
4740,103.52890016703168,0.15600002370774746,0
4741,103.53925283404533,0.1836660085245967,0
4742,103.54952862503706,0.1622500130906701,0
4743,103.56222533405526,0.16733299707993865,0
4744,103.57493804203114,0.17908297013491392,0
4745,103.5875118750264,0.18245901446789503,0
4746,103.59952141705435,0.1532500027678907,0
4747,103.612241542025,0.16541697550565004,0
4748,103.62496166705387,0.16987498383969069,0
4749,103.63765800005058,0.1777499564923346,0
4750,103.64801608404377,0.15658297343179584,0
4751,103.65989641705528,0.1754579716362059,0
4752,103.67261458403664,0.197957968339324,0
4753,103.68374066700926,0.1937500201165676,0
4754,103.69649533403572,0.20004098769277334,0
4755,103.7085342920036,0.21691701840609312,0
4756,103.72129079204751,0.33137499121949077,0
4757,103.7341674590134,0.2590410294942558,0
4758,103.74697358405683,0.24987495271489024,0
4759,103.75889875000576,0.2898340462706983,0
4760,103.77080587501405,0.43933402048423886,0
4761,103.78378679201705,0.42629201197996736,0
4762,103.79675104201306,0.3917079884558916,0
4763,103.80969883402577,0.4932500305585563,0
4764,103.82104970904766,0.602290965616703,0
4765,103.83414570905734,0.3030829830095172,0
4766,103.84702279203339,0.3551670233719051,0
4767,103.85945316700963,0.21000002743676305,0
4768,103.87220008403528,0.1837079762481153,0
4769,103.8838412920013,,1
4770,103.99762633402133,,1
4771,104.11175804201048,,1
4772,104.22465795901371,,1
4773,104.33697775000473,0.5179590079933405,0
4774,104.34966687503038,0.2648750087246299,0
4775,104.36247933405684,0.3507909714244306,0
4776,104.3753811250208,0.41420903289690614,0
4777,104.38834825000959,0.42208400554955006,0
4778,104.40133012505248,0.3968339879065752,0
4779,104.4143270420027,0.27600000612437725,0
4780,104.42714583402267,0.28854102129116654,0
4781,104.43927733402234,0.24479097919538617,0
4782,104.4515048340545,0.29104098211973906,0
4783,104.46433575003175,0.5003749975003302,0
4784,104.4774183340487,0.3364579752087593,0
4785,104.4903075840557,0.23399997735396028,0
4786,104.50307445903309,0.2091249916702509,0
4787,104.51580595900305,0.1515410258434713,0
4788,104.52847770904191,0.16454100841656327,0
4789,104.5411595000187,0.24516700068488717,0
4790,104.55350170901511,0.23566599702462554,0
4791,104.5647007090156,0.3345829900354147,0
4792,104.57761300000129,0.26466703275218606,0
4793,104.59042883402435,0.46991597628220916,0
4794,104.60166454204591,0.3767079906538129,0
4795,104.61391937505687,0.4123749677091837,0
4796,104.62687925004866,0.3635419998317957,0
4797,104.63978820905322,0.34383300226181746,0
4798,104.65267912502168,0.37762499414384365,0
4799,104.66427087504417,0.33116695703938603,0
4800,104.67688229202759,0.45137497363612056,0
4801,104.68987579201348,0.46308303717523813,0
4802,104.70260054204846,0.37358299596235156,0
4803,104.7147612090339,0.41337497532367706,0
4804,104.72568154201144,0.3064580378122628,0
4805,104.73754925001413,0.23058400256559253,0
4806,104.75033533404348,0.390874978620559,0
4807,104.76207154203439,0.372458016499877,0
4808,104.7746916670003,0.25591702433303,0
4809,104.78750112501439,0.2739169867709279,0
4810,104.79998466704274,0.23233296815305948,0
4811,104.81039912503911,0.22304197773337364,0
4812,104.82293425005628,0.2809169818647206,0
4813,104.83493687503505,0.23662496823817492,0
4814,104.84770804201253,0.21525000920519233,0
4815,104.8605043340358,0.2675830037333071,0
4816,104.87396287504816,0.2721669734455645,0
4817,104.88677483401261,0.2829580334946513,0
4818,104.89961266703904,0.25833299150690436,0
4819,104.90996908402303,3.5286659840494394,0
4820,104.92605487501714,0.4348750226199627,0
4821,104.93904000002658,0.46070897951722145,0
4822,104.9496855000034,0.48162502935156226,0
4823,104.9627307090559,0.4570829914882779,0
4824,104.97575712500839,0.5779170314781368,0
4825,104.98892720905133,0.8669579983688891,0
4826,105.00237945903791,0.5915410001762211,0
4827,105.01554241700796,0.5549580091610551,0
4828,105.02866158401594,0.5229579983279109,0
4829,105.03926108404994,0.4724579630419612,0
4830,105.05231766705401,,1
4831,105.16485558403656,,1
4832,105.27897658402799,,1
4833,105.39294100005645,,1
4834,105.50685945904115,,1
4835,105.61785433400655,,1
4836,105.73168325005099,,1
4837,105.84372479200829,,1
4838,105.9576749590342,,1
4839,106.07148258405505,,1
4840,106.18222054204671,,1
4841,106.2934608750511,0.6715839845128357,0
4842,106.30594200000633,0.5251670372672379,0
4843,106.31906533404253,0.4528749850578606,0
4844,106.33094708400313,0.26770803378894925,0
4845,106.34377795900218,0.17537502571940422,0
4846,106.35480762500083,0.17883401596918702,0
4847,106.36751800001366,0.21283404203131795,0
4848,106.3802697090432,0.2050829934887588,0
4849,106.39301329205045,0.2126669860444963,0
4850,106.40575758402701,0.18737500067800283,0
4851,106.4184971670038,0.21675002062693238,0
4852,106.43125750002218,0.19795901607722044,0
4853,106.44400058401516,0.3917909925803542,0
4854,106.45694233401446,0.39075000677257776,0
4855,106.46987708401866,0.4725829930976033,0
4856,106.48290445900057,0.4284580354578793,0
4857,106.4958935000468,0.49462495371699333,0
4858,106.50753287505358,0.4736249684356153,0
4859,106.51929295901209,0.33487501787021756,0
4860,106.53141800005687,0.2656669821590185,0
4861,106.54424691700842,0.4686670145019889,0
4862,106.55730145901907,0.2997079864144325,0
4863,106.57015995902475,0.24812499759718776,0
4864,106.58097750000888,0.17670902889221907,0
4865,106.59293991705636,0.44112495379522443,0
4866,106.60391866700957,0.4330830415710807,0
4867,106.61468262504786,0.4237089888192713,0
4868,106.6276737920125,0.30691700521856546,0
4869,106.64053500001319,0.20041700918227434,0
4870,106.65326933405595,0.16662495909258723,0
4871,106.66595750005217,0.14299998292699456,0
4872,106.67861991701648,0.17345801461488008,0
4873,106.69131175003713,0.19695900846272707,0
4874,106.70380770904012,0.3409580094739795,0
4875,106.71673833404202,0.43174996972084045,0
4876,106.72883483400801,0.3796250093728304,0
4877,106.74179829203058,0.36141701275482774,0
4878,106.75470920902444,0.3197910264134407,0
4879,106.76759129203856,0.32991700572893023,0
4880,106.77872654201929,0.4449170082807541,0
4881,106.79135283402866,0.45858300291001797,0
4882,106.80313875002321,0.5383340176194906,0
4883,106.81627208401915,0.5939159891568124,0
4884,106.829425584001,0.45841600513085723,0
4885,106.84244241705164,0.474874977953732,0
4886,106.85547258402221,0.4692500224336982,0
4887,106.86635179200675,0.46204199315980077,0
4888,106.87937116704416,0.4772499669343233,0
4889,106.89279629202792,0.4367919755168259,0
4890,106.9058247920475,,1
4891,107.01964058401063,0.6531249964609742,0
4892,107.03287112503313,0.3088340163230896,0
4893,107.04575441702036,0.2304170047864318,0
4894,107.05854320904473,0.4285830073058605,0
4895,107.07037941704039,0.937832985073328,0
4896,107.08388270903379,0.4908330156467855,0
4897,107.09693583403714,0.3637499758042395,0
4898,107.10985270905076,0.31233299523591995,0
4899,107.12272320903139,0.24933298118412495,0
4900,107.13381537504029,0.1419589971192181,0
4901,107.14648508402752,0.23858301574364305,0
4902,107.15749912505271,0.18358399393036962,0
4903,107.16937550000148,0.18379202811047435,0
4904,107.18212954205228,0.17470796592533588,0
4905,107.1931351670064,0.18800003454089165,0
4906,107.20500083401566,0.24766603019088507,0
4907,107.21684854204068,0.18854200607165694,0
4908,107.22957229200983,0.18525001360103488,0
4909,107.24229766702047,,1
4910,107.3561427500099,,1
4911,107.46817420900334,0.4635000368580222,0
4912,107.48118908400647,0.2846660208888352,0
4913,107.49402491701767,0.3203750238753855,0
4914,107.5059342920431,0.42879197280853987,0
4915,107.51894412504043,0.5370840081013739,0
4916,107.5320243340102,0.4605409922078252,0
4917,107.54505687503843,0.4604589776135981,0
4918,107.555930292001,0.486500037368387,0
4919,107.56846670905361,0.6091659888625145,0
4920,107.5816638340475,0.30708295525982976,0
4921,107.59452975000022,0.3195840399712324,0
4922,107.60739966703113,0.19645801512524486,0
4923,107.61826933402335,0.21887500770390034,0
4924,107.63102037500357,0.10570901213213801,0
4925,107.6436715000309,0.18358399393036962,0
4926,107.65592062502401,0.17779198242351413,0
4927,107.66755766700953,0.18241704674437642,0
4928,107.67934662505286,0.16449997201561928,0
4929,107.69054387504002,0.21104200277477503,0
4930,107.70329095900524,0.2132500521838665,0
4931,107.71603895904263,0.20141596905887127,0
4932,107.72877383400919,0.1842500059865415,0
4933,107.73926379205659,0.2055829972960055,0
4934,107.75201004202245,0.2128329942934215,0
4935,107.76427900005365,0.21945894695818424,0
4936,107.7770522920182,0.1906250254251063,0
4937,107.78977433399996,0.2193330437876284,0
4938,107.80252929200651,0.2258330350741744,0
4939,107.81468558404595,0.2769999555312097,0
4940,107.82751425000606,0.2732090069912374,0
4941,107.84032712504268,0.28658396331593394,0
4942,107.85316033405252,0.25404099142178893,0
4943,107.86429045902332,0.25358301354572177,0
4944,107.87707812502049,0.2363750245422125,0
4945,107.88926391705172,0.2579169813543558,0
4946,107.89966633403674,0.3441660082899034,0
4947,107.91091045900248,0.6362910498864949,0
4948,107.92259512504097,0.38833398139104247,0
4949,107.93436550005572,0.41916698683053255,0
4950,107.9473240840016,0.3512500552460551,0
4951,107.96022970904596,0.3542079939506948,0
4952,107.9731232500053,0.3765840083360672,0
4953,107.98605937504908,0.3689999575726688,0
4954,107.99899250001181,0.3402919974178076,0
4955,108.01187270903029,0.2936249948106706,0
4956,108.02259783400223,,1
4957,108.13635170902126,,1
4958,108.25021537503926,,1
4959,108.36402941704728,,1
4960,108.47689512500074,,1
4961,108.59083033405477,0.5807079724036157,0
4962,108.6039971250575,0.48341695219278336,0
4963,108.6162643750431,0.5532919894903898,0
4964,108.62937779200729,0.38941699312999845,0
4965,108.64232941705268,0.48887496814131737,0
4966,108.6545108340215,0.47558301594108343,0
4967,108.66753766703187,0.5602079909294844,0
4968,108.68065333401319,0.43366599129512906,0
4969,108.69364091701573,0.47904200619086623,0
4970,108.7047385420301,0.5093750078231096,0
4971,108.71780866704648,0.6157919997349381,0
4972,108.73097404203145,0.6328329909592867,0
4973,108.74418379203416,0.5236249999143183,0
4974,108.75483941700077,0.3031250089406967,0
4975,108.76769375003641,0.2537089749239385,0
4976,108.77888825000264,0.20291702821850777,0
4977,108.78936850000173,0.20304200006648898,0
4978,108.80209529201966,0.1943330280482769,0
4979,108.814812000026,0.14424999244511127,0
4980,108.82747333403677,0.1908330013975501,0
4981,108.84018404205563,0.1830419641919434,0
4982,108.85291345900623,0.4130830056965351,0
4983,108.86591179203242,0.7110830047167838,0
4984,108.87921191705391,0.3902500029653311,0
4985,108.89103395905113,0.4378749872557819,0
4986,108.90405000001192,0.4734169924631715,0
4987,108.91476925002644,0.49208401469513774,0
4988,108.92782216705382,0.48629200318828225,0
4989,108.9392675840063,0.5787080153822899,0
4990,108.95241729205009,0.5282919737510383,0
4991,108.96475775004365,0.5502499989233911,0
4992,108.97788325004512,0.5164169706404209,0
4993,108.99068120901939,0.5295000155456364,0
4994,109.00265537505038,0.5425839917734265,0
4995,109.01476600003662,0.506000011228025,0
4996,109.02784379204968,0.4908749833703041,0
4997,109.03927400003886,0.5337499896995723,0
4998,109.05099433404393,0.5354579770937562,0
4999,109.06208720902214,0.4598749801516533,0
5000,109.07378479203908,0.4189999890513718,0
5001,109.08536079199985,0.49958302406594157,0
5002,109.09843025001464,0.27712498558685184,0
5003,109.11128125002142,0.2625840133987367,0
5004,109.12409483402735,0.4236249951645732,0
5005,109.1370703340508,0.3631659783422947,0
5006,109.14991641702363,,1
5007,109.26143125002272,,1
5008,109.3742033750168,0.5743750371038914,0
5009,109.3872725420515,0.5696250009350479,0
5010,109.40043320902623,0.5690830294042826,0
5011,109.41358275001403,0.5267920205369592,0
5012,109.42667304200586,0.4931670264340937,0
5013,109.43973341700621,0.43524999637156725,0
5014,109.45275070902426,0.39358303183689713,0
5015,109.46427350002341,0.4063749802298844,0
5016,109.4772258750163,0.3024170291610062,0
5017,109.4892761670053,0.30625000363215804,0
5018,109.50213770900154,0.2930830232799053,0
5019,109.51496854203288,0.27650000993162394,0
5020,109.52779087499948,0.4533750470727682,0
5021,109.54079554200871,0.3862500307150185,0
5022,109.55374695901992,0.5383330280892551,0
5023,109.56685320904944,0.4660409758798778,0
5024,109.57987637503538,0.4688749904744327,0
5025,109.59218745905673,0.41991594480350614,0
5026,109.60515475005377,0.3908340004272759,0
5027,109.61798429203918,0.37949997931718826,0
5028,109.62962191703264,0.349292007740587,0
5029,109.6425103340298,0.3281660028733313,0
5030,109.65537491702707,0.35562500124797225,0
5031,109.66827412502607,0.3623749944381416,0
5032,109.6811765000457,0.43654197361320257,0
5033,109.69237466703635,,1
5034,109.80621187505312,0.6691669696010649,0
5035,109.8175917090266,0.5112910293973982,0
5036,109.83066800003871,0.4807919613085687,0
5037,109.84371645899955,0.4016660386696458,0
5038,109.85667762503726,0.41204201988875866,0
5039,109.86964979203185,0.4512079758569598,0
5040,109.88142129202606,,1
5041,109.99521883402485,,1
5042,110.10917891701683,,1
5043,110.22306858404772,,1
5044,110.3350438750349,0.7316669798456132,0
5045,110.34835733403452,0.4861659836024046,0
5046,110.3610647500027,0.4366670036688447,0
5047,110.3740560420556,0.3880419535562396,0
5048,110.38700200000312,0.48100005369633436,0
5049,110.40006287500728,0.5637920112349093,0
5050,110.41319191700313,0.5531670176424086,0
5051,110.42631362500833,0.5035840440541506,0
5052,110.43936416704673,0.4677079850807786,0
5053,110.45122491702205,0.5621250020340085,0
5054,110.46295958402334,0.4587080329656601,0
5055,110.47596591705224,0.3963749622926116,0
5056,110.4888996250229,0.3944170312024653,0
5057,110.4997015420231,0.48695801524445415,0
5058,110.51273437502095,0.45520899584516883,0
5059,110.52574058400933,0.44304103357717395,0
5060,110.53873629204463,0.38658297853544354,0
5061,110.55167529202299,0.4936250043101609,0
5062,110.5628663750249,0.47087500570341945,0
5063,110.57590020901989,0.398916017729789,0
5064,110.58820720901713,0.31479098834097385,0
5065,110.5993540000054,0.2582090091891587,0
5066,110.6121547090006,0.208541052415967,0
5067,110.62258608400589,0.2419160446152091,0
5068,110.6347907500458,0.21908397320657969,0
5069,110.6456055000308,0.1984999980777502,0
5070,110.65711875003763,0.3130839904770255,0
5071,110.66997729201103,0.4532920429483056,0
5072,110.68299287505215,0.5417089560069144,0
5073,110.6962779170135,0.3899580333381891,0
5074,110.70923733402742,0.2812910242937505,0
5075,110.72205862501869,0.2804999821819365,0
5076,110.73285770905204,0.26004097890108824,0
5077,110.74565387505572,0.27170899556949735,0
5078,110.75848000001861,0.5903340061195195,0
5079,110.77162712503923,,1
5080,110.88555129204178,,1
5081,110.99946458404884,0.49129099352285266,0
5082,111.0100758340559,0.26937498478218913,0
5083,111.0229076250107,0.3390840138308704,0
5084,111.0344338750001,0.2791670267470181,0
5085,111.04628887504805,0.24141697213053703,0
5086,111.0570662090322,0.16420800238847733,0
5087,111.06928620900726,0.3613330191001296,0
5088,111.08096500003012,0.29254198307171464,0
5089,111.09381912503159,0.24633400607854128,0
5090,111.10541437502252,0.3777500241994858,0
5091,111.11659258400323,0.31283299904316664,0
5092,111.12947295902995,0.32183300936594605,0
5093,111.14272883400554,1.476458040997386,0
5094,111.15623820904875,0.4087080014869571,0
5095,111.16920579201542,0.20725000649690628,0
5096,111.1819668340031,0.32904103863984346,0
5097,111.19333608401939,0.27304101968184114,0
5098,111.20592229202157,0.2548749907873571,0
5099,111.21634429204278,0.25295797968283296,0
5100,111.22694608400343,0.2162910532206297,0
5101,111.23969825002132,0.18870900385081768,0
5102,111.25242387503386,0.18450000789016485,0
5103,111.26272733404767,0.19270798657089472,0
5104,111.27546033402905,0.20729098469018936,0
5105,111.28822787501849,0.2072920324280858,0
5106,111.29977433400927,0.1997910439968109,0
5107,111.31253079202725,0.24108297657221556,0
5108,111.32465783401858,0.22020802134647965,0
5109,111.33630187500967,0.250459008384496,0
5110,111.3476195000112,0.22616703063249588,0
5111,111.36039587500272,0.3795000375248492,0
5112,111.37332275003428,0.2899590181186795,0
5113,111.38615670904983,0.4019579500891268,0
5114,111.39755245903507,,1
5115,111.51144054200267,,1
5116,111.62537449999945,,1
5117,111.73925412504468,,1
5118,111.85312045901082,,1
5119,111.96704041701742,,1
5120,112.08348487503827,,1
5121,112.19785362505354,0.5192919634282589,0
5122,112.21094208402792,0.235249986872077,0
5123,112.22260604205076,0.22395799169316888,0
5124,112.23546362505294,0.18858397379517555,0
5125,112.24760845903074,0.17429102445021272,0
5126,112.26032737502828,0.18587498925626278,0
5127,112.27305108401924,0.16437500016763806,0
5128,112.28576887503732,0.18137501319870353,0
5129,112.29791229200782,0.28416700661182404,0
5130,112.31075662502553,0.3553749993443489,0
5131,112.3219896670198,0.21829199977219105,0
5132,112.33473820902873,0.2530000056140125,0
5133,112.34753812500276,0.23375003365799785,0
5134,112.36030491703423,0.2161670126952231,0
5135,112.3725910000503,0.25933398865163326,0
5136,112.38441458402667,0.2589999930933118,0
5137,112.39722412504489,0.2531670033931732,0
5138,112.40875920903636,0.37066597724333405,0
5139,112.42167916701874,0.26591698406264186,0
5140,112.43245091702556,0.3910419763997197,0
5141,112.44430275005288,0.2347089466638863,0
5142,112.45707470900379,0.2865830319933593,0
5143,112.46837075002259,0.3844170132651925,0
5144,112.48092829203233,,1
5145,112.59467812505318,,1
5146,112.70856070902664,,1
5147,112.82194808404893,,1
5148,112.93602725001983,0.7425420335493982,0
5149,112.94944829202723,0.7282079895958304,0
5150,112.96253245900152,0.4671250353567302,0
5151,112.97491341701243,0.6266669952310622,0
5152,112.98731683404185,0.5027499864809215,0
5153,112.99990158400033,0.6300830282270908,0
5154,113.0110517500434,0.4997089854441583,0
5155,113.02416158403503,0.5285830120556056,0
5156,113.03720183402766,0.521583016961813,0
5157,113.05035695905099,,1
5158,113.16211504203966,0.6007920019328594,0
5159,113.17531570902793,0.5559999844990671,0
5160,113.18830966704991,0.5332079599611461,0
5161,113.19968979200348,0.3657920169644058,0
5162,113.21035916701658,0.4413750139065087,0
5163,113.22139541700017,0.437250011600554,0
5164,113.2343820000533,0.4525839467532933,0
5165,113.24738387501566,0.3856249968521297,0
5166,113.26033087505493,0.3197499900124967,0
5167,113.27319020900177,0.31337502878159285,0
5168,113.28500329202507,,1
5169,113.39878175000194,0.5616249982267618,0
5170,113.41191450000042,0.4390840185806155,0
5171,113.4249132090481,0.40262495167553425,0
5172,113.43732225004351,0.3945420030504465,0
5173,113.4493217090494,0.31708297319710255,0
5174,113.46217195905047,0.20616600522771478,0
5175,113.47356562502682,0.32508402364328504,0
5176,113.48644283402245,0.40433299727737904,0
5177,113.49802033405285,0.2824160037562251,0
5178,113.51085479202447,0.2823329996317625,0
5179,113.5236856250558,0.20120898261666298,0
5180,113.53642550000222,0.169792037922889,0
5181,113.54912791703828,0.16095797764137387,0
5182,113.56069987500086,0.16704201698303223,0
5183,113.57339875004254,0.19820895977318287,0
5184,113.58615287503926,0.19133399473503232,0
5185,113.59801687503932,0.17841701628640294,0
5186,113.61073087505065,0.17737498274073005,0
5187,113.62260341702495,0.1812499831430614,0
5188,113.63531975005753,0.1735419500619173,0
5189,113.64802262501325,0.21850003395229578,0
5190,113.6599006250035,0.1953340251930058,0
5191,113.67259483400267,0.17733301501721144,0
5192,113.68530704203295,0.18254201859235764,0
5193,113.69761275005294,0.1901249634101987,0
5194,113.71034391701687,0.21654198644682765,0
5195,113.72258633404272,0.35262497840449214,0
5196,113.73508808400948,0.28845801716670394,0
5197,113.74791075004032,0.25933398865163326,0
5198,113.76070612500189,0.2315420424565673,0
5199,113.77197158400668,0.24916604161262512,0
5200,113.78299912501825,0.24958403082564473,0
5201,113.79386562504806,0.24529197253286839,0
5202,113.80664870905457,0.24699995992705226,0
5203,113.81918337504612,0.44583395356312394,0
5204,113.83136233402183,0.36150001687929034,0
5205,113.84426179202273,0.2809999859891832,0
5206,113.85664037504466,0.47387497033923864,0
5207,113.86968629201874,0.3879169817082584,0
5208,113.88142141705612,0.4172499757260084,0
5209,113.8945532500511,0.5597499548457563,0
5210,113.90597474999959,0.7927920087240636,0
5211,113.9193172090454,0.3851659712381661,0
5212,113.93226766702719,0.19104202510789037,0
5213,113.94272966700373,0.36158302100375295,0
5214,113.95564300002297,0.3724999842233956,0
5215,113.96856020903215,0.42158301221206784,0
5216,113.98153950000415,0.31700002728030086,0
5217,113.99256929202238,0.41516701458022,0
5218,114.00553108402528,0.5369160207919776,0
5219,114.01700045901816,0.447416037786752,0
5220,114.02979979204247,0.3760000108741224,0
5221,114.04271837504348,0.439791998360306,0
5222,114.05572670901893,0.5726660019718111,0
5223,114.06886887503788,0.4403339698910713,0
5224,114.0813579170499,0.47924998216331005,0
5225,114.09412208403228,0.45125000178813934,0
5226,114.10713679203764,0.4297500126995146,0
5227,114.13086533400929,1.5343750128522515,0
5228,114.1450383340125,0.3589580301195383,0
5229,114.15794950001873,0.188250036444515,0
5230,114.1683701670263,0.30995800625532866,0
5231,114.18093933403725,0.1492910087108612,0
5232,114.19362679205369,0.20070798927918077,0
5233,114.20592920901254,0.13533304445445538,0
5234,114.21859512501396,0.36729202838614583,0
5235,114.23150941700442,0.42454199865460396,0
5236,114.24454791704193,0.34387496998533607,0
5237,114.25744275003672,0.35212497459724545,0
5238,114.27034166705562,0.38466695696115494,0
5239,114.28161033400102,0.3581250202842057,0
5240,114.29454275005264,0.4267089534550905,0
5241,114.3059162920108,0.30337501084432006,0
5242,114.31827637500828,0.4211250343360007,0
5243,114.33123516704654,0.3440419677644968,0
5244,114.34414591704262,0.4492920124903321,0
5245,114.35595504200319,0.5380830261856318,0
5246,114.36748670903035,,1
5247,114.48066525004106,,1
5248,114.59811375004938,,1
5249,114.71201504202327,,1
5250,114.82535833405564,,1
5251,114.9392574170488,,1
5252,115.05316079204204,,1
5253,115.16703462501755,,1
5254,115.28087858401705,0.3727910225279629,0
5255,115.29381808405742,0.3357909736223519,0
5256,115.30669870902784,0.24533300893381238,0
5257,115.31701579201035,0.2482919953763485,0
5258,115.32980870903702,0.31099998159334064,0
5259,115.34266337502049,0.21783402189612389,0
5260,115.35572929203045,0.2692079870030284,0
5261,115.36858645902248,0.251916004344821,0
5262,115.3809470840497,0.18470798386260867,0
5263,115.39366645901464,0.22124999668449163,0
5264,115.40642029204173,0.2168749924749136,0
5265,115.41918337502284,0.30745897674933076,0
5266,115.42985091701848,0.3565829829312861,0
5267,115.44276083400473,0.3664999967440963,0
5268,115.45567729201866,0.34850003430619836,0
5269,115.46857108402764,0.3447909839451313,0
5270,115.48135212500347,0.2916670055128634,0
5271,115.49422725004843,0.540749984793365,0
5272,115.50730287504848,0.43824996100738645,0
5273,115.52029462502105,0.3803750150837004,0
5274,115.5330059590051,0.37333305226638913,0
5275,115.54593125003157,0.22720900597050786,0
5276,115.55872175004333,0.2781249932013452,0
5277,115.57154425000772,0.22520904894918203,0
5278,115.58430908404989,0.21858297986909747,0
5279,115.59707304200856,0.22725004237145185,0
5280,115.60978125000838,0.3922500181943178,0
5281,115.62271566700656,0.721000018529594,0
5282,115.63534987502499,0.5682089831680059,0
5283,115.6485124170431,0.4248750046826899,0
5284,115.66095875005703,0.25083398213610053,0
5285,115.67375658400124,0.18470804207026958,0
5286,115.68493679200765,0.2003330155275762,0
5287,115.69767212501029,,1
5288,115.81093983404571,,1
5289,115.92278350004926,0.48274995060637593,0
5290,115.93563937500585,0.37875003181397915,0
5291,115.94751075003296,0.4301670123822987,0
5292,115.96054729202297,0.5807080306112766,0
5293,115.97373166703619,0.24762499378994107,0
5294,115.98652458400466,0.18870801432058215,0
5295,115.99925362505019,0.17916696378961205,0
5296,116.01096716703614,0.2121669822372496,0
5297,116.02371929201763,0.20066701108589768,0
5298,116.03646616701735,0.19937503384426236,0
5299,116.04760775004979,0.2832919708453119,0
5300,116.05966929200804,0.40508300298824906,0
5301,116.0726358340471,0.31933299032971263,0
5302,116.08550550002838,0.3040839801542461,0
5303,116.09836591704516,0.20433298777788877,0
5304,116.1111053340137,0.9773329948075116,0
5305,116.12541683402378,1.08579098014161,0
5306,116.13910208403831,0.47466601245105267,0
5307,116.1527065000264,0.9192089783027768,0
5308,116.16624887502985,0.4704589955508709,0
5309,116.177475125005,0.2257919986732304,0
5310,116.19024720904417,0.2364999963901937,0
5311,116.20290379202925,0.20004197722300887,0
5312,116.21564279205631,0.20733295241370797,0
5313,116.22651470900746,0.37941604387015104,0
5314,116.23944954201579,0.22879202151671052,0
5315,116.25222820905037,0.2842909889295697,0
5316,116.26470345904818,0.36879099206998944,0
5317,116.27761137502966,0.325749977491796,0
5318,116.29048220900586,0.319291022606194,0
5319,116.30334645905532,0.26170798810198903,0
5320,116.31427583401091,0.29095803620293736,0
5321,116.32519462500932,0.30320900259539485,0
5322,116.33807733404683,0.3202909720130265,0
5323,116.35095079202438,0.27416698867455125,0
5324,116.36376150004799,0.25458395248278975,0
5325,116.37655500002438,0.20504201529547572,0
5326,116.38928791700164,0.2049580216407776,0
5327,116.40203837503213,0.21675002062693238,0
5328,116.41468558402266,0.3039159928448498,0
5329,116.42751758400118,0.21470803767442703,0
5330,116.4392511670012,0.40270801400765777,0
5331,116.45220700005302,0.30629197135567665,0
5332,116.46504958404694,0.24220795603469014,0
5333,116.47783175000222,0.3605420351959765,0
5334,116.49073937500361,0.3244170220568776,0
5335,116.50160912499996,0.2862090477719903,0
5336,116.51425166701665,0.2324579982087016,0
5337,116.5259611250367,0.37154200254008174,0
5338,116.53887916705571,0.3144579823128879,0
5339,116.55173991702031,0.3315830253995955,0
5340,116.56461829203181,0.31991698779165745,0
5341,116.5774809170398,0.2734579611569643,0
5342,116.5892755840323,0.24520797887817025,0
5343,116.60161779203918,0.2810420119203627,0
5344,116.6142592090182,0.27779099764302373,0
5345,116.62708033400122,0.2412910107523203,0
5346,116.63985387503635,0.26633398374542594,0
5347,116.65211125003407,0.2922089770436287,0
5348,116.66468495904701,0.29220798751339316,0
5349,116.67751216702163,0.2591669908724725,0
5350,116.68926654203096,0.2739580231718719,0
5351,116.70209341699956,0.2778750495053828,0
5352,116.71429212501971,0.29066699789837,0
5353,116.72712262504501,0.29324996285140514,0
5354,116.73995033401297,0.3131660050712526,0
5355,116.75280295900302,0.3085409989580512,0
5356,116.7646871250472,0.5011250032112002,0
5357,116.77559708402259,0.30041602440178394,0
5358,116.78729262505658,0.4242919967509806,0
5359,116.79921016702428,0.3607079852372408,0
5360,116.81211670901394,0.41270803194493055,0
5361,116.82510750001529,0.3636250039562583,0
5362,116.83804850000888,0.36141701275482774,0
5363,116.85096641705604,0.3024579491466284,0
5364,116.861835000047,0.3315839567221701,0
5365,116.87470175005728,0.3643749514594674,0
5366,116.88761395902839,0.20854099420830607,0
5367,116.89800495904638,0.10862498311325908,0
5368,116.91063854203094,0.25945797096937895,0
5369,116.92346316704061,0.4586249706335366,0
5370,116.93431433400838,0.4955829936079681,0
5371,116.94739991700044,0.3589170519262552,0
5372,116.95876950002275,0.4070419818162918,0
5373,116.97180337505415,0.28066697996109724,0
5374,116.98462433402892,0.45854097697883844,0
5375,116.99761229200521,0.27233303990215063,0
5376,117.01041583402548,0.23866601986810565,0
5377,117.0231941670063,0.28437504079192877,0
5378,117.03602095902897,0.28912501875311136,0
5379,117.048854917055,0.3155419835820794,0
5380,117.06028791703284,0.32833300065249205,0
5381,117.07259300001897,0.41629199404269457,0
5382,117.0855548340478,,1
5383,117.1993294590502,,1
5384,117.31323645904195,,1
5385,117.4269389170222,,1
5386,117.54081791703356,,1
5387,117.65470058401115,,1
5388,117.76854325004388,,1
5389,117.88239037501626,,1
5390,117.99463020905387,,1
5391,118.10824670904549,,1
5392,118.22147258400219,,1
5393,118.33335033402545,,1
5394,118.44723470904864,,1
5395,118.56074758403702,,1
5396,118.67456370900618,,1
5397,118.78839170903666,,1
5398,118.90019250003388,,1
5399,119.01408008404542,,1
5400,119.12792525003897,,1
5401,119.2417455840041,0.5325410165823996,0
5402,119.25451770902146,0.36216602893546224,0
5403,119.26743408403127,0.32608298351988196,0
5404,119.27849595900625,0.26175001403316855,0
5405,119.29023512505228,0.34358398988842964,0
5406,119.30313533404842,0.4326250054873526,0
5407,119.31613312504487,0.41924999095499516,0
5408,119.32758250000188,0.38208405021578074,0
5409,119.34054920903873,0.3572080167941749,0
5410,119.35298200004036,0.30625000363215804,0
5411,119.36582766700303,0.27720804791897535,0
5412,119.37864708405687,0.29979099053889513,0
5413,119.38925729203038,0.30112499371171,0
5414,119.4021151670022,0.2722080098465085,0
5415,119.41427395900246,0.3262080135755241,0
5416,119.42534241703106,1.3102919911034405,0
5417,119.43678525002906,0.3937919973395765,0
5418,119.44960883405292,0.48049999168142676,0
5419,119.46270700002788,0.3321670228615403,0
5420,119.47528233402409,0.2937910030595958,0
5421,119.48713687504642,0.3203749656677246,0
5422,119.50003845902393,0.18695800099521875,0
5423,119.51275841705501,0.14604197349399328,0
5424,119.52293895900948,0.16854103887453675,0
5425,119.53319329203805,0.1754579716362059,0
5426,119.54456358402967,0.2536249812692404,0
5427,119.55597554205451,0.37579197669401765,0
5428,119.56893333402695,0.2717910101637244,0
5429,119.58174841705477,0.21374999778345227,0
5430,119.59259916702285,0.20220800070092082,0
5431,119.60534575005295,0.3025420010089874,0
5432,119.6181930420571,0.20183296874165535,0
5433,119.63093870901503,0.1200829865410924,0
5434,119.64348979201168,0.19220804097130895,0
5435,119.65621412504697,0.18387497402727604,0
5436,119.66827654204099,0.2872080076485872,0
5437,119.68114145903382,0.30645797960460186,0
5438,119.6940002090414,0.316707999445498,0
5439,119.70686512504471,0.38662500446662307,0
5440,119.71980229200562,0.21129200467839837,0
5441,119.73254812503001,0.18304202239960432,0
5442,119.74526708404301,0.20733301062136889,0
5443,119.75801095901988,0.17549999756738544,0
5444,119.77072679204866,0.19979197531938553,0
5445,119.78257712500636,0.177042034920305,0
5446,119.79553195904009,0.17462496180087328,0
5447,119.80591654201271,0.1829999964684248,0
5448,119.81738991703605,0.18079200526699424,0
5449,119.83010866702534,0.20241702441126108,0
5450,119.84284225001466,0.24141703033819795,0
5451,119.85496404202422,0.23250002413988113,0
5452,119.8677354590036,0.2912080381065607,0
5453,119.88057266705437,0.23374997545033693,0
5454,119.89282754203305,0.2381670055910945,0
5455,119.90561970905401,0.38666598265990615,0
5456,119.919724959007,0.39595802081748843,0
5457,119.93140912504168,0.3231670125387609,0
5458,119.94428791705286,0.3974169958382845,0
5459,119.95722933404613,0.34433300606906414,0
5460,119.96999195904937,0.42354100150987506,0
5461,119.98095787502825,0.4074170137755573,0
5462,119.99154933402315,0.34500000765547156,0
5463,120.0044612090569,0.3768749884329736,0
5464,120.01749112503603,0.5073749925941229,0
5465,120.02840837504482,0.4146670107729733,0
5466,120.03926566703012,0.4724169848486781,0
5467,120.05228512501344,0.5086670280434191,0
5468,120.06541500001913,0.5830419831909239,0
5469,120.07856983400416,0.48479100223630667,0
5470,120.0916261250386,0.4055839963257313,0
5471,120.1045905840001,0.4178330418653786,0
5472,120.11636995902518,0.5043330020271242,0
5473,120.12942845904035,0.3953329869545996,0
5474,120.14237320900429,0.37833303213119507,0
5475,120.15412491705501,0.3809999907389283,0
5476,120.16622229205677,0.5337919574230909,0
5477,120.17797725001583,0.34249998861923814,0
5478,120.18967312504537,0.25995896430686116,0
5479,120.20248204201926,0.45966700417920947,0
5480,120.21424195903819,0.4201249685138464,0
5481,120.22721920901677,0.4581250250339508,0
5482,120.24030045903055,0.4655409720726311,0
5483,120.25331508403178,0.4528749850578606,0
5484,120.26635033404455,0.5546250031329691,0
5485,120.27945945900865,0.42995804687961936,0
5486,120.29245158401318,0.49875001423060894,0
5487,120.305567042029,0.8291670237667859,0
5488,120.31665583403083,0.6170410197228193,0
5489,120.32764508400578,0.545166025403887,0
5490,120.34074325003894,0.40729198371991515,0
5491,120.35193379200064,0.43441704474389553,0
5492,120.36491933400976,0.32183300936594605,0
5493,120.37779404205503,0.3719169762916863,0
5494,120.39074883400463,0.42095803655683994,0
5495,120.40372987504816,0.4563339753076434,0
5496,120.41482312500011,0.36379200173541903,0
5497,120.42686437501106,0.5167089984752238,0
5498,120.43860533402767,0.48520800191909075,0
5499,120.4505730420351,0.5401669768616557,0
5500,120.46206920902478,0.4919579951092601,0
5501,120.4751128750504,0.4692919901572168,0
5502,120.48814170900732,0.3846660256385803,0
5503,120.50110458402196,0.6145000224933028,0
5504,120.51280829205643,0.5315419984981418,0
5505,120.52585608401569,0.4367500077933073,0
5506,120.53732550004497,,1
5507,120.64970208401792,,1
5508,120.76209320902126,,1
5509,120.87593962502433,,1
5510,120.98981425003149,0.5600419826805592,0
5511,121.00154987501446,0.3349999897181988,0
5512,121.01425787503831,0.21379196550697088,0
5513,121.02703254204243,0.21116697462275624,0
5514,121.0397812500014,0.17625000327825546,0
5515,121.0524973749998,0.18091703532263637,0
5516,121.06274670903804,0.2008749870583415,0
5517,121.07392866699956,0.23662502644583583,0
5518,121.08517225005198,10.222124983556569,0
5519,121.10803037503501,0.3262499812990427,0
5520,121.12093725003069,0.2910839975811541,0
5521,121.13135191705078,0.2020419924519956,0
5522,121.14409783401061,0.26120804250240326,0
5523,121.15592891705455,0.40179200004786253,0
5524,121.16889841703232,0.355791999027133,0
5525,121.17985837504966,0.37037499714642763,0
5526,121.19035416701809,0.38650003261864185,0
5527,121.20398720900994,0.3643330419436097,0
5528,121.21571908402257,0.41020801290869713,0
5529,121.22870816703653,0.34495798172429204,0
5530,121.23975329200039,1.9910420523956418,0
5531,121.25313062500209,0.2701670164242387,0
5532,121.26467358402442,0.2775000175461173,0
5533,121.27751120901667,0.30458299443125725,0
5534,121.2888806250412,0.8756250026635826,0
5535,121.30232745903777,0.33120799344033003,0
5536,121.31426825001836,0.23154198424890637,0
5537,121.3270538750221,0.2968339831568301,0
5538,121.33887375000631,0.2299170009791851,0
5539,121.35319083405193,0.2788329729810357,0
5540,121.36451091704657,0.36574999103322625,0
5541,121.3774384999997,0.08687505032867193,0
5542,121.38926004205132,0.20458298968151212,0
5543,121.4000844170223,0.1443750225007534,0
5544,121.41277725005057,0.3670839942060411,0
5545,121.42570262501249,0.22845901548862457,0
5546,121.43744029203663,0.23812497965991497,0
5547,121.45022395905107,0.18504098989069462,0
5548,121.46295433404157,0.1861659693531692,0
5549,121.47370183403837,0.20416598999872804,0
5550,121.48647150001489,,1
5551,121.59852383402176,,1
5552,121.71237125003245,,1
5553,121.82624487503199,,1
5554,121.9392760420451,,1
5555,122.05314970901236,,1
5556,122.16469033400062,,1
5557,122.27855541702593,,1
5558,122.39186541701201,,1
5559,122.50576912501128,,1
5560,122.61962820903864,,1
5561,122.7322254590108,,1
5562,122.84620795905357,,1
5563,122.95789787505055,,1
5564,123.07179491705028,,1
5565,123.1843898340012,,1
5566,123.29840791702736,,1
5567,123.41227066703141,,1
5568,123.52407700003823,,1
5569,123.6380449590506,,1
5570,123.7519267500029,,1
5571,123.86428350000642,,1
5572,123.97817562503042,,1
5573,124.0920979170478,,1
5574,124.20603995904094,,1
5575,124.31991941703018,,1
5576,124.43383566703415,,1
5577,124.5536016250262,,1
5578,124.66738895903109,,1
5579,124.78092475002632,0.6690840236842632,0
5580,124.79225325002335,0.3884169855155051,0
5581,124.80288316705264,0.36274996818974614,0
5582,124.81428725004662,0.49124995712190866,0
5583,124.82733570900746,0.391666020732373,0
5584,124.84027316700667,,1
5585,124.9541102090152,,1
5586,125.06609366700286,,1
5587,125.17858170904219,,1
5588,125.29120304202661,,1
5589,125.4043040840188,,1
5590,125.51728837500559,,1
5591,125.63118979200954,,1
5592,125.74428495904431,,1
5593,125.85823358403286,,1
5594,125.97065158403711,,1
5595,126.0845440000412,,1
5596,126.19830587500473,,1
5597,126.31206475000363,,1
5598,126.425963125017,,1
5599,126.53933704202063,,1
5600,126.65320195903769,0.609540962614119,0
5601,126.66638112504734,0.3140839980915189,0
5602,126.67923150002025,0.28716702945530415,0
5603,126.69209316704655,0.5459169624373317,0
5604,126.70455837500049,0.595084042288363,0
5605,126.71774020901648,0.545457995031029,0
5606,126.73084529204061,0.4938750062137842,0
5607,126.74272916704649,0.39366696728393435,0
5608,126.75569695903687,0.46199996722862124,0
5609,126.76874195900746,0.45504100853577256,0
5610,126.7817709170049,0.3476249985396862,0
5611,126.79466633405536,0.29941595857962966,0
5612,126.80752349999966,0.28950005071237683,0
5613,126.81797562504653,0.2600839943625033,0
5614,126.82958508405136,0.24087500059977174,0
5615,126.84117983403848,0.24787499569356441,0
5616,126.85396704199957,0.22962503135204315,0
5617,126.86673658405198,0.23145799059420824,0
5618,126.87951150001027,0.2863340196199715,0
5619,126.89236183400499,0.25762501172721386,0
5620,126.90516712504905,0.3458340070210397,0
5621,126.91806325002108,0.3832090296782553,0
5622,126.93099879205693,0.3619579947553575,0
5623,126.94390833401121,0.35149999894201756,0
5624,126.95680900005391,0.35083398688584566,0
5625,126.96912537503522,0.42637501610442996,0
5626,126.98210695903981,0.40566601091995835,0
5627,126.99506120901788,0.35625003511086106,0
5628,127.00593158404808,,1
5629,127.11976137501188,0.6390420021489263,0
5630,127.13298658403801,,1
5631,127.24687912501395,,1
5632,127.35988250002265,0.6489169900305569,0
5633,127.37312004202977,0.48524996964260936,0
5634,127.386173084029,0.3353329957462847,0
5635,127.3980178750353,0.24320901138707995,0
5636,127.40925650001736,0.4449590342119336,0
5637,127.4222614170285,0.5988330231048167,0
5638,127.43541812500916,0.5695840227417648,0
5639,127.4485657090554,0.3476659767329693,0
5640,127.46146020904416,0.4034999874420464,0
5641,127.47441908402834,0.46633300371468067,0
5642,127.48660541704157,0.452041975222528,0
5643,127.49801487504737,0.3017919952981174,0
5644,127.51189037505537,0.3707499708980322,0
5645,127.52313420904102,0.3986249794252217,0
5646,127.53607754205586,0.3284999984316528,0
5647,127.54823758400744,0.5136250401847064,0
5648,127.56130391702754,0.479582988191396,0
5649,127.57434529199963,0.3636250039562583,0
5650,127.5867137919995,0.34858303843066096,0
5651,127.59962154203095,0.5040830001235008,0
5652,127.61069983401103,0.42325002141296864,0
5653,127.62367512501078,,1
5654,127.73725225002272,,1
5655,127.85117766703479,,1
5656,127.96517662500264,0.5297500174492598,0
5657,127.97828662500251,0.2899170503951609,0
5658,127.99113204202149,0.3927500220015645,0
5659,128.00240008404944,0.4649159964174032,0
5660,128.0147565000225,0.4258340341039002,0
5661,128.0277370000258,0.33233402064070106,0
5662,128.04061287501827,0.18341699615120888,0
5663,128.05333279201295,0.23091700859367847,0
5664,128.0660913340398,0.23670797236263752,0
5665,128.07743141701212,0.18287502462044358,0
5666,128.09015841700602,0.2612920361571014,0
5667,128.10295554203913,0.22241700207814574,0
5668,128.1147642090218,0.2994160167872906,0
5669,128.1276242090389,0.403582991566509,0
5670,128.14059383404674,0.421999953687191,0
5671,128.15334908402292,0.25645800633355975,0
5672,128.16428379202262,0.2085830201394856,0
5673,128.17669783404563,0.31066598603501916,0
5674,128.189560000028,0.39666699012741446,0
5675,128.2001933340216,0.5396250053308904,0
5676,128.2116218340234,0.3654159954749048,0
5677,128.22457737504737,0.35749998642131686,0
5678,128.2374879590352,0.2978749689646065,0
5679,128.25032929203007,0.33775001065805554,0
5680,128.26242716703564,0.44237502152100205,0
5681,128.27485783403972,0.385124993044883,0
5682,128.2862703340361,0.29812497086822987,0
5683,128.2981189590064,0.19637501100078225,0
5684,128.31085116701433,0.41683303425088525,0
5685,128.3238249590504,0.47149998135864735,0
5686,128.3368811670225,0.38591702468693256,0
5687,128.34808733401587,0.33950002398341894,0
5688,128.3610125000123,0.35429198760539293,0
5689,128.37390812503872,0.4510419676080346,0
5690,128.38494975003414,0.3504590131342411,0
5691,128.39764300000388,0.5036250222474337,0
5692,128.41070291702636,0.504916999489069,0
5693,128.42376025003614,0.4479589988477528,0
5694,128.43574433401227,0.44595799408853054,0
5695,128.44873654202092,0.4196250229142606,0
5696,128.46040004200768,0.4265829920768738,0
5697,128.4733739590156,0.46970800030976534,0
5698,128.48423912504222,0.5261669866740704,0
5699,128.49731175001943,0.4439170006662607,0
5700,128.50865212501958,0.44587498996406794,0
5701,128.5216502500116,0.45420898823067546,0
5702,128.53466129204025,0.5537079996429384,0
5703,128.54777891701087,0.7128330180421472,0
5704,128.5610387090128,0.3957499866373837,0
5705,128.57258962502237,0.23516698274761438,0
5706,128.58369658404263,0.3635829780250788,0
5707,128.59660983399954,0.33441605046391487,0
5708,128.60948758403538,0.3339999821037054,0
5709,128.62153762503294,0.4062919761054218,0
5710,128.63422104204074,0.49166701501235366,0
5711,128.64726370904827,0.3702079993672669,0
5712,128.66018150001764,0.4527920391410589,0
5713,128.67317762505263,0.2418749500066042,0
5714,128.6857321250136,,1
5715,128.79918433405692,,1
5716,128.91066679201322,,1
5717,129.0248096670257,,1
5718,129.13874575000955,,1
5719,129.24968091701157,,1
5720,129.3635795840528,,1
5721,129.47742379200645,,1
5722,129.58928254200146,,1
5723,129.70111900003394,1.2221250217407942,0
5724,129.71469579200493,0.6173750152811408,0
5725,129.72792050003773,0.4421250196173787,0
5726,129.7409243750153,0.4485840327106416,0
5727,129.75392733403714,0.4024159861728549,0
5728,129.76635250000982,0.3976250300183892,0
5729,129.7788257090142,0.4688330227509141,0
5730,129.79185445903568,0.45308301923796535,0
5731,129.80484858405543,0.3810829948633909,0
5732,129.81633770902408,0.37366600008681417,0
5733,129.82926920900354,0.40499999886378646,0
5734,129.8422249170253,0.47508301213383675,0
5735,129.8552684590104,0.4592500044964254,0
5736,129.8679676669999,0.6147920503281057,0
5737,129.88114050001604,0.48033398343250155,0
5738,129.89417504204903,0.3943750052712858,0
5739,129.9069747920148,0.5633329856209457,0
5740,129.9181418340304,0.47745800111442804,0
5741,129.92932716704672,0.36570796510204673,0
5742,129.94109645904973,0.38191600469872355,0
5743,129.9517708340427,0.4397499724291265,0
5744,129.96479229204124,0.3976249718107283,0
5745,129.97666949999984,0.2882090047933161,0
5746,129.98950908402912,0.33204100327566266,0
5747,130.0023949170136,0.38174999644979835,0
5748,130.01533462502994,0.32870902214199305,0
5749,130.028221125016,0.4537919885478914,0
5750,130.04122395900777,0.46262500109151006,0
5751,130.0542409590562,0.3798749530687928,0
5752,130.0671733340132,,1
5753,130.17862420901656,0.3999160253442824,0
5754,130.19157462503063,0.2816669875755906,0
5755,130.20281112502562,0.2661669859662652,0
5756,130.2156352090533,0.42108295019716024,0
5757,130.22860016702907,0.25220797397196293,0
5758,130.2397752920515,0.27191697154194117,0
5759,130.25258441700134,0.31404203036800027,0
5760,130.2654462500359,0.25924999499693513,0
5761,130.2778092090157,0.2591250231489539,0
5762,130.28871887503192,0.39954198291525245,0
5763,130.29919920902466,0.4087080014869571,0
5764,130.30995037505636,0.4409589455462992,0
5765,130.32158037502086,0.6654169992543757,0
5766,130.33482275001006,0.5874170456081629,0
5767,130.34798787505133,0.3607089747674763,0
5768,130.36090591701213,0.27545803459361196,0
5769,130.3737266670214,0.2316670143045485,0
5770,130.38485620904248,0.49133296124637127,0
5771,130.39765233400976,0.31883304473012686,0
5772,130.4105237920303,0.5340829957276583,0
5773,130.42363462504,0.5535419913940132,0
5774,130.43673920904985,0.4613329656422138,0
5775,130.44977729202947,0.693832989782095,0
5776,130.46207441703882,0.47233299119398,0
5777,130.4751205840148,0.5200830055400729,0
5778,130.48689595900942,0.49045804189518094,0
5779,130.50046500004828,0.5440419772639871,0
5780,130.5122333340114,1.2455410324037075,0
5781,130.52526645903708,0.9633330046199262,0
5782,130.53782545903232,0.8878749795258045,0
5783,130.55137454200303,0.4445830127224326,0
5784,130.5648785000085,2.5427500368095934,0
5785,130.58006879204186,0.30220800545066595,0
5786,130.59144883404952,0.37654099287465215,0
5787,130.6023337090155,0.4452909925021231,0
5788,130.61470537504647,0.35929196747019887,0
5789,130.62664829200367,0.3230420406907797,0
5790,130.6382711250335,0.44249999336898327,0
5791,130.6513100840384,0.38716598646715283,0
5792,130.66428645903943,0.3329159808345139,0
5793,130.67658995901002,0.3249580040574074,0
5794,130.68930641701445,0.23808301193639636,0
5795,130.70208195905434,0.2211249666288495,0
5796,130.7148440000019,0.21958403522148728,0
5797,130.72561704204418,0.2512499922886491,0
5798,130.7384185840492,0.38316595600917935,0
5799,130.7513787500211,0.2537090331315994,0
5800,130.7641748750466,0.20899996161460876,0
5801,130.7769224170479,0.25520799681544304,0
5802,130.78925541701028,0.3183330409228802,0
5803,130.8017919170088,0.599791994318366,0
5804,130.8128875840339,0.4862080095335841,0
5805,130.82595358404797,0.4411659901961684,0
5806,130.83810383401578,0.39366603596135974,0
5807,130.85043745901203,0.3631660365499556,0
5808,130.86339691700414,0.405792030505836,0
5809,130.8763586670393,0.4366249777376652,0
5810,130.8893492090283,0.28387497877702117,0
5811,130.9017540840432,0.345290987752378,0
5812,130.91295737505425,0.3254999755881727,0
5813,130.92427858401788,0.2687909873202443,0
5814,130.93525220901938,0.2527080359868705,0
5815,130.9480441250489,0.25462498888373375,0
5816,130.9608334590448,0.22458296734839678,0
5817,130.97200150002027,0.21233398001641035,0
5818,130.9829967090045,0.19737501861527562,0
5819,130.99573066702578,0.23037497885525227,0
5820,131.0084981250111,0.20270899403840303,0
5821,131.02125816704938,0.21141697652637959,0
5822,131.03400291700382,0.22595800692215562,0
5823,131.04676170903258,0.20637497073039412,0
5824,131.05950100003975,0.22212497424334288,0
5825,131.07228941703215,0.2359580248594284,0
5826,131.08506954205222,0.4373329575173557,0
5827,131.0979865420377,0.3311249893158674,0
5828,131.11101183400024,0.30879100086167455,0
5829,131.12259183404967,0.2831659512594342,0
5830,131.13543304201448,0.2585829934105277,0
5831,131.14801895903656,0.2662079641595483,0
5832,131.16081850003684,0.2863340196199715,0
5833,131.17118645901792,0.30583300394937396,0
5834,131.18403729202691,0.3582499921321869,0
5835,131.1955756250536,0.315583951305598,0
5836,131.2084411670221,0.3344999859109521,0
5837,131.22132325003622,0.3150000120513141,0
5838,131.23302358400542,0.3696660278365016,0
5839,131.24593591701705,0.4300420405343175,0
5840,131.25891770905582,0.37462497130036354,0
5841,131.27063075004844,0.43299997923895717,0
5842,131.28363083401928,0.4488329868763685,0
5843,131.29665212502005,0.39674999425187707,0
5844,131.30961070902413,0.4070830182172358,0
5845,131.32258066703798,0.36025000736117363,0
5846,131.3354945840547,0.47416595043614507,0
5847,131.3464590840158,0.49100001342594624,0
5848,131.3583667500061,,1
5849,131.4722240420524,,1
5850,131.58526241703657,,1
5851,131.69763350003632,,1
5852,131.80975416704314,,1
5853,131.92351141700055,,1
5854,132.0373229170218,,1
5855,132.15109312505228,0.59795897686854,0
5856,132.16425975004677,0.3326669684611261,0
5857,132.17714791704202,0.29695796547457576,0
5858,132.19001383404247,0.4788750084117055,0
5859,132.20078058401123,0.4746250342577696,0
5860,132.21380970900645,0.5155410035513341,0
5861,132.22687495901482,0.364875013474375,0
5862,132.23930216702865,0.4954999894835055,0
5863,132.25110845902236,0.4480410134419799,0
5864,132.26410754205426,0.37583295488730073,0
5865,132.27531012502732,0.5766670219600201,0
5866,132.28620370902354,0.4425829974934459,0
5867,132.2991927920375,0.426707963924855,0
5868,132.30995937500848,0.3678750363178551,0
5869,132.32287133403588,0.25945797096937895,0
5870,132.33489133400144,0.20316604059189558,0
5871,132.3476342090289,0.16729097114875913,0
5872,132.36032550001983,0.16012502601370215,0
5873,132.37300775002223,0.17312500858679414,0
5874,132.3857185000088,0.262125045992434,0
5875,132.39802566700382,0.33541704760864377,0
5876,132.41091308405157,0.30641595367342234,0
5877,132.42375741701107,0.4439170006662607,0
5878,132.43479479203233,0.4354999982751906,0
5879,132.44606183405267,0.4380829632282257,0
5880,132.4590610000305,0.38633402436971664,0
5881,132.4699381250539,0.5565419560298324,0
5882,132.48141862504417,0.4472089931368828,0
5883,132.49441595905228,0.4279159475117922,0
5884,132.5074202090036,0.5050830077379942,0
5885,132.5193699170486,,1
5886,132.63093100005062,0.5966249736957252,0
5887,132.64410237502307,0.3871670342050493,0
5888,132.65704695903696,0.32350001856684685,0
5889,132.66991270903964,0.323207990732044,0
5890,132.68135508400155,0.3362910356372595,0
5891,132.6942551250104,0.23854203755035996,0
5892,132.70596287504304,0.3357499954290688,0
5893,132.7190551670501,0.9876669500954449,0
5894,132.73263991705608,0.3386249882169068,0
5895,132.7455389170209,0.19904202781617641,0
5896,132.75689816701924,0.22175000049173832,0
5897,132.7686340000364,0.26587501633912325,0
5898,132.78142012504395,0.34262496046721935,0
5899,132.79432654200355,0.3653330495581031,0
5900,132.80725183401955,0.38233300438150764,0
5901,132.820188584039,0.3601660137064755,0
5902,132.83287045900943,0.3150000120513141,0
5903,132.84573483403074,0.29029097640886903,0
5904,132.85856900003273,0.25341700529679656,0
5905,132.87136133405147,0.31849998049438,0
5906,132.8842499590246,0.5562080186791718,0
5907,132.89736479200656,0.37150003481656313,0
5908,132.9102998340386,0.26420800713822246,0
5909,132.92311745905317,0.3151659620925784,0
5910,132.93557745905127,0.38658297853544354,0
5911,132.94816345901927,0.31408300856128335,0
5912,132.9610515840468,0.36099995486438274,0
5913,132.97259445901727,0.3725410206243396,0
5914,132.98332375002792,0.38520898669958115,0
5915,132.99626300000818,0.3664999967440963,0
5916,133.00918816705234,0.27599994791671634,0
5917,133.0220215000445,0.370583962649107,0
5918,133.03299866704037,0.302916974760592,0
5919,133.0458527500159,0.3634589957073331,0
5920,133.05848879204132,0.3802499850280583,0
5921,133.0692711250158,0.5794999888166785,0
5922,133.0803329590126,0.4189999890513718,0
5923,133.09337329200935,0.44299999717622995,0
5924,133.10591912502423,0.3747090231627226,0
5925,133.11767783400137,0.2621660241857171,0
5926,133.12964520900277,0.2436659997329116,0
5927,133.14100137504283,0.36629196256399155,0
5928,133.15161737502785,0.2059590187855065,0
5929,133.16276091703912,0.2185420016758144,0
5930,133.1755166250514,0.21958397701382637,0
5931,133.18592541705584,0.33912499202415347,0
5932,133.19791891705245,0.38304197369143367,0
5933,133.20991575001972,0.4480000352486968,0
5934,133.22249462502077,0.42845902498811483,0
5935,133.23304683400784,0.2782079973258078,0
5936,133.24434745905455,0.34095795126631856,0
5937,133.25610158400377,0.6205410463735461,0
5938,133.26930504204938,0.5068749887868762,0
5939,133.28069195902208,0.19562500528991222,0
5940,133.29343954200158,0.21183304488658905,0
5941,133.30619495903375,0.24949997896328568,0
5942,133.31817033403786,0.25749998167157173,0
5943,133.33094404201256,0.3154170117340982,0
5944,133.34379675000673,0.18691702280193567,0
5945,133.35592637502123,0.30908401822671294,0
5946,133.36879679205595,0.26487495051696897,0
5947,133.3813524590223,0.3150830161757767,0
5948,133.3942192500108,0.23416703334078193,0
5949,133.40699866705108,0.2571669756434858,0
5950,133.41913675004616,0.30845898436382413,0
5951,133.43134987505618,0.23770896950736642,0
5952,133.44284200004768,0.3000840079039335,0
5953,133.45570070901886,0.2565000322647393,0
5954,133.46850558405276,0.26716600405052304,0
5955,133.48131420905702,0.2745409728959203,0
5956,133.4918367920327,0.21787500008940697,0
5957,133.5046146250097,0.24158402811735868,0
5958,133.51663433405338,0.2032499760389328,0
5959,133.5288525840151,0.20704104099422693,0
5960,133.54038079205202,0.19629194866865873,0
5961,133.55197291704826,0.3154579899273813,0
5962,133.56372745905537,0.369915971532464,0
5963,133.57546775002265,0.3907920327037573,0
5964,133.5884430000442,0.42683398351073265,0
5965,133.60111304203747,0.3907919744960964,0
5966,133.61297237500548,0.4106250125914812,0
5967,133.6248611670453,0.4314169636927545,0
5968,133.63673883402953,0.5030829925090075,0
5969,133.64985187503044,0.40087499655783176,0
5970,133.66280908405315,0.3215409815311432,0
5971,133.67570637504105,0.28437498258426785,0
5972,133.68769666703884,0.35870797000825405,0
5973,133.7006011250196,0.3084170166403055,0
5974,133.7134511670447,0.3250829759053886,0
5975,133.72612166701583,0.3392919898033142,0
5976,133.7379847090342,0.2812080201692879,0
5977,133.75080958404578,0.3269579610787332,0
5978,133.76368691702373,0.4514169995673001,0
5979,133.77628645900404,0.5128750344738364,0
5980,133.78732483403292,0.3881250158883631,0
5981,133.79968208400533,0.5744160152971745,0
5982,133.81281650002347,0.5267499946057796,0
5983,133.825890334032,0.49595802556723356,0
5984,133.83875125000486,0.5391670274548233,0
5985,133.8518456670572,0.4949169815517962,0
5986,133.86488208401715,0.3119580214843154,0
5987,133.8777354170452,0.34429196966812015,0
5988,133.8906256670016,0.4046670510433614,0
5989,133.90358445903985,0.2872080076485872,0
5990,133.9164260000107,0.39770902367308736,0
5991,133.92937283404171,0.36816595820710063,0
5992,133.94214158400428,0.36954099778085947,0
5993,133.95506483403733,0.32616598764434457,0
5994,133.96634691703366,0.30279200291261077,0
5995,133.979187000019,0.2918749814853072,0
5996,133.99203041702276,0.3422920126467943,0
5997,134.0049250840093,0.35975000355392694,0
5998,134.01639708405128,0.3088749945163727,0
5999,134.02927841700148,0.2872080076485872,0
6000,134.0421111670439,0.38354197749868035,0
6001,134.05504075001227,0.488292018417269,0
6002,134.06791950005572,0.39904197910800576,0
6003,134.08087662502658,0.5626669735647738,0
6004,134.0918341250508,0.4962089587934315,0
6005,134.1029180000187,0.790917023550719,0
6006,134.11632183403708,,1
6007,134.2303383340477,,1
6008,134.3426219590474,,1
6009,134.4565666670096,,1
6010,134.5690121250227,,1
6011,134.68091500003356,,1
6012,134.79354612500174,,1
6013,134.9050018750131,,1
6014,135.01877250004327,,1
6015,135.1321790840011,,1
6016,135.24349491705652,0.5003329715691507,0
6017,135.25597741705133,0.6335829966701567,0
6018,135.26840025000274,0.4017500323243439,0
6019,135.28026941703865,0.46141701750457287,0
6020,135.2933387500234,0.45833399053663015,0
6021,135.30391900002724,0.2138339914381504,0
6022,135.31669375003548,0.28416700661182404,0
6023,135.3283535420196,0.3546670195646584,0
6024,135.33898625004804,0.26287499349564314,0
6025,135.350634209055,0.20237499848008156,0
6026,135.36338654201245,0.2785000251606107,0
6027,135.3762365420116,0.37399999564513564,0
6028,135.38801141700242,0.2839170047082007,0
6029,135.39949687500484,0.2566670300439,0
6030,135.41232479200698,0.4004170186817646,0
6031,135.42318145901663,0.41445798706263304,0
6032,135.43617304204963,0.35808299435302615,0
6033,135.44792158401106,0.17075001960620284,0
6034,135.46064445900265,0.33833301858976483,0
6035,135.47357258404372,0.3817909746430814,0
6036,135.48583995900117,0.7732080412097275,0
6037,135.4979234590428,0.5453329649753869,0
6038,135.51107070903527,0.45674998546019197,0
6039,135.52350329200272,0.4764580517075956,0
6040,135.535342667019,0.32937503419816494,0
6041,135.54823783400934,5.62816602177918,0
6042,135.56662220903672,0.4467910039238632,0
6043,135.57969316700473,0.49237499479204416,0
6044,135.5908727500355,0.3997919848188758,0
6045,135.60387845902005,0.4354999982751906,0
6046,135.61474766704487,0.2675830037333071,0
6047,135.62756437505595,0.38179196417331696,0
6048,135.63855391700054,0.4028330440632999,0
6049,135.65124879201176,0.4272920195944607,0
6050,135.66422654205235,0.4351249663159251,0
6051,135.67721154203173,0.46258297516033053,0
6052,135.68930237501627,0.42333401506766677,0
6053,135.70232691703131,0.503875024151057,0
6054,135.71542841702467,0.5317500326782465,0
6055,135.7285030420171,,1
6056,135.84081516700098,,1
6057,135.95408054202562,,1
6058,136.0679811250302,,1
6059,136.17964791704435,,1
6060,136.29257820901694,,1
6061,136.40664141700836,,1
6062,136.5182995420182,,1
6063,136.63142170902574,,1
6064,136.74544650001917,,1
6065,136.8630862920545,0.47387497033923864,0
6066,136.87613070901716,0.3389160265214741,0
6067,136.8890334170428,0.3654999891296029,0
6068,136.9007595840376,0.541832996532321,0
6069,136.91156716702972,0.4309579962864518,0
6070,136.92470316705294,0.41745795169845223,0
6071,136.93770850001602,0.48275000881403685,0
6072,136.95061212504515,0.4004169604741037,0
6073,136.96248100005323,0.44466694816946983,0
6074,136.97369329200592,0.4796250141225755,0
6075,136.9853186250548,0.5042089615017176,0
6076,136.99840775004122,0.4573339829221368,0
6077,137.00953954202123,0.5349169950932264,0
6078,137.0226635420113,0.3533750423230231,0
6079,137.03404950001277,0.35866699181497097,0
6080,137.04698879201896,0.36624999484047294,0
6081,137.05761383404024,0.43716595973819494,0
6082,137.0706259170547,0.3646669792942703,0
6083,137.0830402499996,0.5947090103290975,0
6084,137.09642504202202,0.548332987818867,0
6085,137.10958116705297,0.2757079782895744,0
6086,137.12097975000506,0.6325000431388617,0
6087,137.13376666704426,0.29079196974635124,0
6088,137.14564454200445,0.28716702945530415,0
6089,137.15848350001033,0.2655840362422168,0
6090,137.16938366700197,0.43895799899473786,0
6091,137.18091662501683,0.4025840316899121,0
6092,137.19386195903644,0.3943750052712858,0
6093,137.2059871670208,,1
6094,137.31914541701553,,1
6095,137.43279454205185,,1
6096,137.5467051670421,0.4088329733349383,0
6097,137.55969729204662,0.3881249576807022,0
6098,137.57263900002,0.3770840121433139,0
6099,137.58560133405263,0.2634159754961729,0
6100,137.59842179203406,0.25029201060533524,0
6101,137.60887708404334,0.38079096702858806,0
6102,137.62184770900058,0.35516603384166956,0
6103,137.63249695900595,0.3214580356143415,0
6104,137.64580195903545,0.3552499692887068,0
6105,137.65682262502378,0.2819590154103935,0
6106,137.6681367920246,0.34608301939442754,0
6107,137.68105454201577,0.334082986228168,0
6108,137.69167775003007,0.2820839872583747,0
6109,137.70348591700895,0.3857080009765923,0
6110,137.71535537502496,0.2672920236364007,0
6111,137.7271435840521,0.32424996607005596,0
6112,137.73901612503687,0.2958750119432807,0
6113,137.75153645902174,,1
6114,137.86627095902804,,1
6115,137.9798493750277,0.5572499940171838,0
6116,137.9922711670515,,1
6117,138.10611679201247,,1
6118,138.21804012503708,,1
6119,138.33145341702038,,1
6120,138.44523658405524,,1
6121,138.5587934590294,0.5390829755924642,0
6122,138.57192925002892,0.4742500022985041,0
6123,138.58494270901429,0.4526250413618982,0
6124,138.5980127090006,0.9449580102227628,0
6125,138.61053841700777,0.4943330422975123,0
6126,138.6226231670007,0.25095802266150713,0
6127,138.63416345900623,0.35095802741125226,0
6128,138.64602833404206,0.2842909889295697,0
6129,138.65788187505677,0.33124996116384864,0
6130,138.66973779205,0.317458005156368,0
6131,138.68172945902916,,1
6132,138.79542229202343,,1
6133,138.9092449170421,,1
6134,139.02315829205327,0.7618329836986959,0
6135,139.03625550004654,0.3863750025629997,0
6136,139.04921900003683,,1
6137,139.16230466705747,,1
6138,139.2762704170309,,1
6139,139.39020375005202,,1
6140,139.50377741700504,,1
6141,139.61744095903123,0.3559580072760582,0
6142,139.63039800000843,0.40833401726558805,0
6143,139.64099925005576,0.3375419764779508,0
6144,139.65390879201004,0.38537499494850636,0
6145,139.66686950001167,0.3754170029424131,0
6146,139.67981775000226,0.3609590348787606,0
6147,139.69275737501448,0.4303749883547425,0
6148,139.70374962501228,0.47066702973097563,0
6149,139.716220042028,0.4131249734200537,0
6150,139.72929441701854,0.48862502444535494,0
6151,139.7399642090313,0.5843329709023237,0
6152,139.75314783403883,0.3239159705117345,0
6153,139.76553766703,0.5113750230520964,0
6154,139.77841908403207,0.4334159893915057,0
6155,139.7912312920089,0.49516704166308045,0
6156,139.80308504204731,0.3779580001719296,0
6157,139.81607254204573,0.34079200122505426,0
6158,139.8290130420355,0.4724580212496221,0
6159,139.84210650000023,0.3856670227833092,0
6160,139.85508641705383,0.4897499457001686,0
6161,139.8681328750099,0.26649999199435115,0
6162,139.88099170901114,0.26954099303111434,0
6163,139.89383158402052,0.5392500315792859,0
6164,139.90696866705548,0.3834169474430382,0
6165,139.9189583340194,0.5916660302318633,0
6166,139.931429917051,0.3798329853452742,0
6167,139.94436891702935,0.25091698626056314,0
6168,139.9569407090312,0.2536660176701844,0
6169,139.96976116701262,0.24770799791440368,0
6170,139.98254029202508,0.34795800456777215,0
6171,139.99542270903476,0.1830830005928874,0
6172,140.0069230000372,0.15766697470098734,0
6173,140.01960091700312,0.22924999939277768,0
6174,140.03234062500997,0.1877089962363243,0
6175,140.04378770902986,0.2572080120444298,0
6176,140.07048341701739,0.446291989646852,0
6177,140.0868774590199,0.7422909839078784,0
6178,140.10519987501903,2.182625001296401,0
6179,140.12328954203986,3.111166995950043,0
6180,140.138989625033,0.2886669826693833,0
6181,140.1518525420106,0.25949999690055847,0
6182,140.16466116701486,0.3743750276044011,0
6183,140.17760587501107,0.2846250426955521,0
6184,140.19045679201372,0.27358299121260643,0
6185,140.2032805000199,0.2380840014666319,0
6186,140.21606195904315,0.28799998108297586,0
6187,140.2289189590374,0.26845798129215837,0
6188,140.24209250003332,0.5941250128671527,0
6189,140.2546625000541,0.3463749890215695,0
6190,140.26760041702073,0.4664580337703228,0
6191,140.28020391700557,1.6442080377601087,0
6192,140.2944342920091,0.401417026296258,0
6193,140.30744383402634,0.5305000231601298,0
6194,140.3198616670561,0.30058296397328377,0
6195,140.3327575000003,0.4598750383593142,0
6196,140.34354908403475,0.09337498340755701,0
6197,140.35620141704567,0.46199996722862124,0
6198,140.36925508402055,0.30691601568832994,0
6199,140.38114766700892,0.1972500467672944,0
6200,140.39389979204861,0.30945800244808197,0
6201,140.40683970903046,0.576250022277236,0
6202,140.4188251250307,0.2938340185210109,0
6203,140.43172104202677,0.4415420116856694,0
6204,140.44582529203035,,1
6205,140.55898104200605,,1
6206,140.67331595905125,,1
6207,140.78603087505326,,1
6208,140.89991812501103,,1
6209,141.01313891704194,,1
6210,141.12632433400722,,1
6211,141.23851008404745,,1
6212,141.35109175002435,,1
6213,141.4647694590385,,1
6214,141.57884908403503,0.6733749760314822,0
6215,141.59122641704744,0.4687499604187906,0
6216,141.60286804201314,0.4909579874947667,0
6217,141.6159542920068,2.9993330244906247,0
6218,141.6316617920529,0.48158300342038274,0
6219,141.6424697090406,0.2657909644767642,0
6220,141.65532358404016,0.4405410145409405,0
6221,141.66820437501883,0.47429202822968364,0
6222,141.67994633404305,0.2396659692749381,0
6223,141.69274279201636,1.404042006470263,0
6224,141.70681400003377,0.34379196586087346,0
6225,141.71973437501583,0.300459039863199,0
6226,141.73259787500137,0.28358399868011475,0
6227,141.74547141703079,0.4597919760271907,0
6228,141.75850525003625,0.31095900340005755,0
6229,141.77140087500447,0.34737499663606286,0
6230,141.78374625003198,0.21662499057129025,0
6231,141.79594320902834,0.21187501261010766,0
6232,141.80872379202629,0.2912079798988998,0
6233,141.82258229202125,,1
6234,141.93554116704036,,1
6235,142.0497010840336,,1
6236,142.1620960420114,,1
6237,142.27613729203586,0.376791984308511,0
6238,142.28920850000577,0.9932920220308006,0
6239,142.30303750000894,0.47500000800937414,0
6240,142.3213407920557,1.4406669652089477,0
6241,142.33527687500464,0.39416702929884195,0
6242,142.34841008402873,0.6403750157915056,0
6243,142.36167650000425,0.5794590106233954,0
6244,142.37319279200165,0.4992500180378556,0
6245,142.38502370903734,0.296790967695415,0
6246,142.39789191703312,0.40254200575873256,0
6247,142.41089633404044,0.5033329944126308,0
6248,142.4231245420524,0.4237499670125544,0
6249,142.43612712505274,0.2151669468730688,0
6250,142.44830350001575,0.33004203578457236,0
6251,142.46016291703563,0.39558298885822296,0
6252,142.47313595900778,0.46616600593551993,0
6253,142.48585904203355,0.4621249972842634,0
6254,142.4989477500203,0.4627089947462082,0
6255,142.51205625000875,0.43229199945926666,0
6256,142.52507945901016,0.45475002843886614,0
6257,142.53812920901692,0.2638750011101365,0
6258,142.55095416703261,,1
6259,142.66296129202237,,1
6260,142.7751484590117,,1
6261,142.88705854205182,,1
6262,143.0015832920326,,1
6263,143.11569712503115,,1
6264,143.22917833400425,0.3607080434449017,0
6265,143.24024308403023,0.18391601042822003,0
6266,143.2529546250007,0.2518750261515379,0
6267,143.26573175005615,0.14787499094381928,0
6268,143.27840016700793,0.23920804960653186,0
6269,143.29024275002303,0.2179589937441051,0
6270,143.30051579204155,0.36512501537799835,0
6271,143.31348558404716,0.3085829666815698,0
6272,143.32635700004175,0.22966699907556176,0
6273,143.33914095902583,0.2769160200841725,0
6274,143.3513450419996,0.28370803920552135,0
6275,143.36420466704294,0.44704199535772204,0
6276,143.3749007920269,0.27879199478775263,0
6277,143.38775875000283,,1
6278,143.50148758402793,,1
6279,143.61389920901274,,1
6280,143.72727604204556,,1
6281,143.8411663750303,,1
6282,143.95436508400599,,1
6283,144.06733470904874,,1
6284,144.180413959024,,1
6285,144.29382283403538,0.6404580199159682,0
6286,144.3068403750076,0.5275839939713478,0
6287,144.318409917003,0.349333044141531,0
6288,144.33134370902553,1.7675000126473606,0
6289,144.3450999170309,0.366666994523257,0
6290,144.35806229204172,0.38133299676701427,0
6291,144.3688242090284,0.3457500133663416,0
6292,144.38144158403156,0.3957499866373837,0
6293,144.3944458340411,0.2797499764710665,0
6294,144.40730954200262,0.464417040348053,0
6295,144.4189549590228,0.42229099199175835,0
6296,144.4326258750516,0.504916999489069,0
6297,144.4458379590069,0.4095410113222897,0
6298,144.45749954204075,0.47729199286550283,0
6299,144.470787709055,0.4045829991810024,0
6300,144.48394987505162,0.6334589561447501,0
6301,144.4971716250293,0.30454201623797417,0
6302,144.50794604205294,0.4517079796642065,0
6303,144.51996229204815,0.3559999749995768,0
6304,144.5325046670041,0.2050000475719571,0
6305,144.54524820903316,0.23691600654274225,0
6306,144.55645179201383,0.22104202071204782,0
6307,144.5680336250225,0.34600001526996493,0
6308,144.58093108405592,0.21083297906443477,0
6309,144.59368254203582,0.19687501480802894,0
6310,144.60642562503926,0.3088749945163727,0
6311,144.61928958405042,0.46737497905269265,0
6312,144.63231558405096,0.3673749743029475,0
6313,144.64420620905003,0.31695800134912133,0
6314,144.6566632920294,0.3589169937185943,0
6315,144.6695723750163,0.25933398865163326,0
6316,144.68237325001974,0.29850000282749534,0
6317,144.69523945904803,0.4955829936079681,0
6318,144.70831725001335,0.677584030199796,0
6319,144.7190863750293,0.45774999307468534,0
6320,144.73246066702995,1.1946670128963888,0
6321,144.74628270900575,,1
6322,144.8601493750466,,1
6323,144.97425508400192,,1
6324,145.08677437505685,,1
6325,145.19932862505084,,1
6326,145.3122382920119,0.385124993044883,0
6327,145.32291187503142,0.6885000038892031,0
6328,145.33651733404258,0.3822909784503281,0
6329,145.35027241701027,0.2788330311886966,0
6330,145.36410462501226,0.9152500424534082,0
6331,145.3775748750195,0.2846249844878912,0
6332,145.3904186670552,0.9910829830914736,0
6333,145.40399966703262,0.31345797469839454,0
6334,145.41619212500518,0.15287502901628613,0
6335,145.42887808399973,0.20479102386161685,0
6336,145.44145133404527,0.2621659659780562,0
6337,145.452601625002,0.20691700046882033,0
6338,145.46469150000485,0.20466704154387116,0
6339,145.4755392500083,0.16791699454188347,0
6340,145.4882478340296,0.17204100731760263,0
6341,145.49920008401386,0.2870000316761434,0
6342,145.5120342920418,0.2413329784758389,0
6343,145.52339720900636,1.3579160440713167,0
6344,145.53514416702092,0.4240419948473573,0
6345,145.54691541701322,0.5077079986222088,0
6346,145.5584043340059,0.24579104501754045,0
6347,145.57036479201633,0.19754201639443636,0
6348,145.58079962502234,0.15437498223036528,0
6349,145.5921192090027,0.10504102101549506,0
6350,145.60400937503437,0.2508750185370445,0
6351,145.6168048340478,0.2079999540001154,0
6352,145.62959387502633,0.29841699870303273,0
6353,145.6424675420276,0.20545802544802427,0
6354,145.65345770900603,0.21700002253055573,0
6355,145.66622762504267,0.37399999564513564,0
6356,145.6786235840409,0.5358749767765403,0
6357,145.69802600005642,2.1228749537840486,0
6358,145.71043666702462,0.5067919846624136,0
6359,145.7215995840379,0.4724999889731407,0
6360,145.7346567500499,0.298250000923872,0
6361,145.74568008404458,0.2849159645847976,0
6362,145.75693254201906,0.29016699409112334,0
6363,145.76889791700523,0.3552500274963677,0
6364,145.7804738750565,0.3090419922955334,0
6365,145.7933728340431,0.340582977514714,0
6366,145.80552416702267,0.35858299816027284,0
6367,145.81817987503018,0.3338750102557242,0
6368,145.83109958400019,0.39175001438707113,0
6369,145.84408050001366,0.3289590240456164,0
6370,145.85693050001282,0.29183400329202414,0
6371,145.86990637501003,0.8355420432053506,0
6372,145.88153633405454,0.4773329710587859,0
6373,145.894623625034,0.5424590199254453,0
6374,145.90720566705568,0.30345795676112175,0
6375,145.91813191701658,,1
6376,146.03207070904318,,1
6377,146.1437256670324,,1
6378,146.25594075000845,,1
6379,146.36970175005263,,1
6380,146.48037916701287,,1
6381,146.5942951250472,0.5353749729692936,0
6382,146.60742508404655,0.4826659569516778,0
6383,146.62049112503882,0.43404201278463006,0
6384,146.63349729200127,0.27137500001117587,0
6385,146.6455551670515,0.42687496170401573,0
6386,146.6585723340395,0.42516598477959633,0
6387,146.67156512505608,0.2616249839775264,0
6388,146.68437525001355,0.2293750294484198,0
6389,146.69714825000847,0.28608401771634817,0
6390,146.7075269590132,0.36708300467580557,0
6391,146.7204653750523,0.31745899468660355,0
6392,146.73333895904943,0.36087498301640153,0
6393,146.7457822500146,0.4894590238109231,0
6394,146.75871425005607,0.5926250014454126,0
6395,146.77187470905483,0.4343749606050551,0
6396,146.7848698750022,0.40895905112847686,0
6397,146.79783954203594,0.5304170190356672,0
6398,146.81156850000843,0.5030420143157244,0
6399,146.82450833404437,,1
6400,146.93834970903117,,1
6401,147.05212850001408,,1
6402,147.16561416705372,,1
6403,147.2792752920068,,1
6404,147.39298529201187,,1
6405,147.5067866250174,,1
6406,147.62064287503017,,1
6407,147.73455058404943,0.6550829857587814,0
6408,147.74764595902525,1.4457909855991602,0
6409,147.76169145904714,0.4945409600622952,0
6410,147.7733242920367,0.520833011250943,0
6411,147.78644458402414,0.4410829860717058,0
6412,147.79717304202495,0.493000028654933,0
6413,147.8102621670114,0.46791700879111886,0
6414,147.82342045905534,0.5944159929640591,0
6415,147.83661741705146,0.476666959002614,0
6416,147.85026866703993,0.4894169978797436,0
6417,147.86127641703933,0.5269579705782235,0
6418,147.87377029203344,0.4653329961001873,0
6419,147.88683766702889,0.48533297376707196,0
6420,147.8974768750486,0.2987500047311187,0
6421,147.90826025005663,0.2971249632537365,0
6422,147.9207032090053,0.5339580238796771,0
6423,147.9338732920005,0.5281670019030571,0
6424,147.9448411250487,0.4663339932449162,0
6425,147.9579055000213,0.47258398262783885,0
6426,147.97099220904056,0.4717499832622707,0
6427,147.98194291704567,4.12362499628216,0
6428,148.00031545903767,9.39795799786225,0
6429,148.02238337503513,1.2175000156275928,0
6430,148.0362549170386,0.5210000090301037,0
6431,148.05082800000673,2.6506250142119825,0
6432,148.06859862501733,3.918167029041797,0
6433,148.08479079202516,0.4132079775445163,0
6434,148.0978029590333,0.518708024173975,0
6435,148.1109090000391,0.5210840026848018,0
6436,148.12223237502621,0.4056670004501939,0
6437,148.1352422500495,0.5831249873153865,0
6438,148.14843570900848,0.4360000020824373,0
6439,148.16152087500086,0.6450420478358865,0
6440,148.17469550005626,0.5017090006731451,0
6441,148.18778733402723,0.4290409851819277,0
6442,148.20038529200247,0.3024580073542893,0
6443,148.21325962501578,0.4264999879524112,0
6444,148.226293292013,0.5489170434884727,0
6445,148.2386454170337,0.5212079850025475,0
6446,148.25175175000913,0.4329590010456741,0
6447,148.26481120905373,0.6433329544961452,0
6448,148.2764472500421,0.45237498125061393,0
6449,148.2895041250158,0.42733398731797934,0
6450,148.3026990420185,0.5505000008270144,0
6451,148.3147539170459,0.5136670079082251,0
6452,148.3278660000069,0.5026670405641198,0
6453,148.3409208340454,0.900540966540575,0
6454,148.35441679204814,0.6290419842116535,0
6455,148.36766112502664,0.9507089853286743,0
6456,148.38119095901493,3.277165989857167,0
6457,148.39705404202687,0.5317499744705856,0
6458,148.40934170904802,0.6485409685410559,0
6459,148.4225792500074,0.3586670500226319,0
6460,148.4349112920463,0.5041249678470194,0
6461,148.44725495902821,0.4000409971922636,0
6462,148.46020337502705,0.3742090193554759,0
6463,148.4731350420043,,1
6464,148.58654929202748,0.6212079897522926,0
6465,148.59974750003312,0.2506250166334212,0
6466,148.61079595901538,0.21887500770390034,0
6467,148.62275587505428,0.29133399948477745,0
6468,148.63334612501785,0.20558398682624102,0
6469,148.6449844170129,0.2714580041356385,0
6470,148.65689933404792,0.32424996607005596,0
6471,148.66785520903068,0.2857910003513098,0
6472,148.68068904202664,0.30679197516292334,0
6473,148.6913948340225,0.30187499942258,0
6474,148.7042655000114,0.33408403396606445,0
6475,148.7157185000251,0.41266699554398656,0
6476,148.72872616705718,0.47874997835606337,0
6477,148.74180345900822,0.34195801708847284,0
6478,148.75318975001574,0.4711670335382223,0
6479,148.76464925002074,0.5402920069172978,0
6480,148.77776733401697,0.31037500593811274,0
6481,148.7883055000566,0.16804196638986468,0
6482,148.80018204200314,0.2500830451026559,0
6483,148.81294562504627,0.32187497708946466,0
6484,148.82470783405006,0.3007499617524445,0
6485,148.8375633340329,0.26845798129215837,0
6486,148.8484777500271,0.25174999609589577,0
6487,148.85978675005026,0.2863749978132546,0
6488,148.87261495902203,0.1717910054139793,0
6489,148.88531904201955,0.15962502220645547,0
6490,148.89715925004566,0.13170897727832198,0
6491,148.90875504200812,0.2841250388883054,0
6492,148.92157154204324,0.26341696502640843,0
6493,148.93438062502537,0.21308398572728038,0
6494,148.9471207090537,0.1397499581798911,0
6495,148.95740025001578,0.18095900304615498,0
6496,148.97016062500188,0.6799170514568686,0
6497,148.9817782920436,0.36158296279609203,0
6498,148.99223320902092,0.2994579845108092,0
6499,149.00270029203966,0.36879198160022497,0
6500,149.01345383404987,0.47354097478091717,0
6501,149.0242606670363,0.8193330140784383,0
6502,149.03556637500878,0.34783402225002646,0
6503,149.04617037501885,0.22716703824698925,0
6504,149.05693987500854,0.2892500488087535,0
6505,149.06976595905144,0.19704096484929323,0
6506,149.08250433404464,0.41104096453636885,0
6507,149.0954607500462,0.16108399722725153,0
6508,149.10691545903683,0.2467079902999103,0
6509,149.1197287090472,0.34858298022300005,0
6510,149.13267012505094,0.225124997086823,0
6511,149.14543508400675,0.1515829935669899,0
6512,149.15811295900494,0.1318750437349081,0
6513,149.17076504201395,0.1448750263080001,0
6514,149.183422000031,0.12983399210497737,0
6515,149.1960696670576,0.18691696459427476,0
6516,149.20877891703276,0.2406249986961484,0
6517,149.22153616702417,0.2708749962039292,0
6518,149.23435354203684,,1
6519,149.3481190840248,,1
6520,149.4619986670441,,1
6521,149.5759200840257,,1
6522,149.68971579201752,,1
6523,149.80290087504545,,1
6524,149.92515250004362,0.4959999932907522,0
6525,149.93633441702696,0.5169580108486116,0
6526,149.9472071250202,0.5057090311311185,0
6527,149.9741188750486,1.4414589968509972,0
6528,149.9896698340308,0.5254999850876629,0
6529,150.00205812504282,0.7920420030131936,0
6530,150.0176912920433,0.7806249777786434,0
6531,150.02897829201538,0.351875030901283,0
6532,150.04029166704277,0.34149998100474477,0
6533,150.05355366703589,1.5135830035433173,0
6534,150.06711704202462,0.5238329758867621,0
6535,150.07944791699992,0.4349580267444253,0
6536,150.0925143750501,0.751333951484412,0
6537,150.1047151250532,1.5944589977152646,0
6538,150.1197362090461,2.1657499601133168,0
6539,150.13461379200453,0.6204580422490835,0
6540,150.14761141705094,0.3233329625800252,0
6541,150.15802912501385,0.5167920025996864,0
6542,150.16949712502537,0.6822089781053364,0
6543,150.18155920901336,1.4714580029249191,0
6544,150.19352141703712,0.7106669945642352,0
6545,150.2053312920034,0.3232500166632235,0
6546,150.2182933750446,0.6293340120464563,0
6547,150.231216959015,0.48508303007110953,0
6548,150.24433575000148,0.37454202538356185,0
6549,150.25674441701267,0.4840420442633331,0
6550,150.26984266703948,0.3940829774364829,0
6551,150.28284475003602,0.9618750191293657,0
6552,150.29640658403514,0.45195798156782985,0
6553,150.30944708402967,0.43120799819007516,0
6554,150.32180758402683,0.5866250139661133,0
6555,150.33500212500803,0.4645420121960342,0
6556,150.34726458403748,0.3772909985855222,0
6557,150.36022729205433,0.4461249918676913,0
6558,150.37324450002052,0.41129201417788863,0
6559,150.3865883750259,0.8967089815996587,0
6560,150.39863925002282,0.4694170202128589,0
6561,150.41170412505744,0.7257089600898325,0
6562,150.42504145903513,0.5211249808780849,0
6563,150.43577916704817,0.4277499974705279,0
6564,150.44661787501536,0.44170900946483016,0
6565,150.4596544590313,0.38124999264255166,0
6566,150.47180429199943,0.44412503484636545,0
6567,150.4836566670565,0.49104198114946485,0
6568,150.4968150840141,0.42458303505554795,0
6569,150.50983283401,0.5748750409111381,0
6570,150.52301620901562,0.5088330362923443,0
6571,150.53568383405218,0.5536249955184758,0
6572,150.5466285420116,0.39724999805912375,0
6573,150.55850366700906,0.4270420176908374,0
6574,150.57019891700475,0.5187920178286731,0
6575,150.58257295901421,0.7237080135382712,0
6576,150.59593541704817,0.43058296432718635,0
6577,150.60896533401683,0.4413750139065087,0
6578,150.62140795902815,0.5316250026226044,0
6579,150.6332262090291,0.6611249991692603,0
6580,150.66254312504316,0.4759589792229235,0
6581,150.67562675004592,0.30033400980755687,0
6582,150.68780383403646,0.7234999793581665,0
6583,150.70161412504967,0.35183399450033903,0
6584,150.7149291250389,0.7742919842712581,0
6585,150.72825716703665,0.6028749630786479,0
6586,150.74096504203044,0.31266699079424143,0
6587,150.75386700005038,0.9077919530682266,0
6588,150.7667125420412,0.3909170045517385,0
6589,150.77780045900727,0.4497910267673433,0
6590,150.78851825004676,0.4689999623224139,0
6591,150.80160579201765,0.4944580141454935,0
6592,150.81460608402267,0.3684579860419035,0
6593,150.82655475003412,0.37508399691432714,0
6594,150.839523459028,0.31345797469839454,0
6595,150.85195708402898,0.2952080103568733,0
6596,150.86382375005633,0.37879199953749776,0
6597,150.87679216702236,0.41729200165718794,0
6598,150.8875370840542,0.31637499341741204,0
6599,150.898766834056,4.1870829882100224,0
6600,150.91572062502382,0.3853340167552233,0
6601,150.92725591704948,0.3157079918310046,0
6602,150.94014879205497,0.28145796386525035,0
6603,150.9568271250464,1.2702500098384917,0
6604,150.9689360000193,0.6510000093840063,0
6605,150.9814573340118,0.8366249967366457,0
6606,150.99495129205752,0.3939999733120203,0
6607,151.0077080000192,0.4426250234246254,0
6608,151.01990354200825,0.3910000086762011,0
6609,151.03289233404212,0.4197909729555249,0
6610,151.04564133402891,0.5092499777674675,0
6611,151.05886537500191,0.4472920554690063,0
6612,151.07200058404123,1.0941660148091614,0
6613,151.08576758403797,0.699999975040555,0
6614,151.09909841703484,0.48400001833215356,0
6615,151.11218337505125,0.39654196007177234,0
6616,151.12471395905595,0.5051249754615128,0
6617,151.1365353340516,0.43887499487027526,0
6618,151.14962312503485,0.5315839662216604,0
6619,151.16280591703253,0.36987499333918095,0
6620,151.17400966701098,0.45845803106203675,0
6621,151.1857828340144,0.4200830007903278,0
6622,151.19817633403,0.4794580163434148,0
6623,151.211232792004,0.5305000231601298,0
6624,151.2243744590087,0.44125004205852747,0
6625,151.23697875003563,0.4271669895388186,0
6626,151.24981637502788,0.4431250272318721,0
6627,151.2604645420215,0.4621670232154429,0
6628,151.2735482090502,,1
6629,151.38651545904577,,1
6630,151.49809645902133,,1
6631,151.61193183402065,,1
6632,151.72472870902857,,1
6633,151.83850720903138,,1
6634,151.95225037500495,,1
6635,152.06730791705195,,1
6636,152.1813605420175,,1
6637,152.29497883404838,,1
6638,152.4079997500521,0.6877919659018517,0
6639,152.42131804203382,0.36341696977615356,0
6640,152.4330010000267,0.25874999118968844,0
6641,152.44579891703324,0.18854200607165694,0
6642,152.45852350001223,0.2655840362422168,0
6643,152.47132691700244,0.2435000496916473,0
6644,152.48410133400466,0.25054102297872305,0
6645,152.496893750038,0.3624169621616602,0
6646,152.5098230840522,0.2738749608397484,0
6647,152.52265520900255,0.6130410474725068,0
6648,152.53449895902304,0.6683749961666763,0
6649,152.54760420904495,1.776082965079695,0
6650,152.56048820901196,0.3832910442724824,0
6651,152.57261758402456,0.7030830020084977,0
6652,152.58588125003735,0.9576670126989484,0
6653,152.60193820903078,0.7534159813076258,0
6654,152.61556162504712,0.539999979082495,0
6655,152.62962179200258,0.33000000985339284,0
6656,152.64250150002772,,1
6657,152.7562007920351,,1
6658,152.86844250001013,,1
6659,152.98362362501211,,1
6660,153.09896958403988,,1
6661,153.21099275001325,0.42804202530533075,0
6662,153.22446800000034,1.1660420568659902,0
6663,153.23627808404854,0.722082972060889,0
6664,153.24770479201106,0.2329580020159483,0
6665,153.25897895905655,0.2872909535653889,0
6666,153.27063000004273,0.43466698843985796,0
6667,153.28364729200257,0.8675420540384948,0
6668,153.29711866704747,1.6020829789340496,0
6669,153.31132641702425,0.3190829884260893,0
6670,153.32487708400004,0.7038750336505473,0
6671,153.33818433404667,0.19445799989625812,0
6672,153.35094133403618,0.3900409792549908,0
6673,153.36393462505657,0.5224589840508997,0
6674,153.37519000004977,0.3892089589498937,0
6675,153.38759112503612,0.40012499084696174,0
6676,153.40063787502004,0.27229200350120664,0
6677,153.41348525002832,0.457499991171062,0
6678,153.42654933402082,0.44370803516358137,0
6679,153.43959420901956,0.7205830188468099,0
6680,153.45292658405378,0.3787909517996013,0
6681,153.46589337504702,0.4099999787285924,0
6682,153.47784800000954,0.6104999920353293,0
6683,153.49105475004762,0.4659169935621321,0
6684,153.5041362500051,0.39779202779754996,0
6685,153.5166631670436,1.183166983537376,0
6686,153.52993391704513,0.4913749871775508,0
6687,153.54064208402997,0.74487499659881,0
6688,153.55176058399957,0.4205830045975745,0
6689,153.56479033402866,0.9013329981826246,0
6690,153.57824291702127,0.16525003593415022,0
6691,153.59097600000678,0.20566704915836453,0
6692,153.60243833402637,0.17266598297283053,0
6693,153.6142437090166,0.2170410007238388,0
6694,153.62584650004283,0.24629198014736176,0
6695,153.6388015000266,0.22433401318266988,0
6696,153.65106779203052,0.20641699666157365,0
6697,153.6637974170153,0.16745802713558078,0
6698,153.67648341704626,0.15366700245067477,0
6699,153.6891563750105,0.1163340057246387,0
6700,153.7017965420382,0.22320798598229885,0
6701,153.71454012504546,0.18554198322817683,0
6702,153.72725958400406,0.30391605105251074,0
6703,153.74013312504394,0.24904200108721852,0
6704,153.75292445905507,0.18345797434449196,0
6705,153.7656361250556,0.19933399744331837,0
6706,153.77836387505522,0.16529194545000792,0
6707,153.7892822920112,0.3207920235581696,0
6708,153.80216666701017,0.21558301523327827,0
6709,153.81423883402022,0.16154098557308316,0
6710,153.8245140000363,0.1769589725881815,0
6711,153.834726042056,0.3624169621616602,0
6712,153.84648295905208,0.17195800319314003,0
6713,153.85669129202142,0.1534579787403345,0
6714,153.86936341703404,0.18437497783452272,0
6715,153.88090475002537,0.12541702017188072,0
6716,153.8935408750549,0.17962499987334013,0
6717,153.90590379200876,0.13537501217797399,0
6718,153.918550084054,0.20608300110325217,0
6719,153.93126775004202,0.12991699622943997,0
6720,153.94390779203968,0.17675000708550215,0
6721,153.95660879201023,0.23254199186339974,0
6722,153.9693749170401,0.23608299670740962,0
6723,153.9821275420254,0.15550001990050077,0
6724,153.99406737502431,0.23895897902548313,0
6725,154.00436391704716,0.22562500089406967,0
6726,154.0171156670549,0.2270419499836862,0
6727,154.02973620902048,0.3030000370927155,0
6728,154.04022254201118,0.21295802434906363,0
6729,154.05106408405118,0.2086249878630042,0
6730,154.06175370904384,0.18512498354539275,0
6731,154.0744518340216,0.2044999855570495,0
6732,154.085096334049,0.20954100182279944,0
6733,154.09782191703562,0.25454198475927114,0
6734,154.1105955420062,0.22495799930766225,0
6735,154.12333545903675,0.22154097678139806,0
6736,154.13506845902884,0.1901250216178596,0
6737,154.14778337505413,0.3274589544162154,0
6738,154.16066154203145,0.5771249998360872,0
6739,154.17418570903828,0.2717910101637244,0
6740,154.18539041705662,0.33491698559373617,0
6741,154.19583595904987,0.30462496215477586,0
6742,154.20696983404923,0.3560409531928599,0
6743,154.21988275001058,0.2556249964982271,0
6744,154.23265941702994,0.2572920056991279,0
6745,154.2429516670527,0.2329580020159483,0
6746,154.2557098340476,0.2816659980453551,0
6747,154.26777170901187,0.22570800501853228,0
6748,154.27814625005703,0.14333397848531604,0
6749,154.29026654205518,0.1956249470822513,0
6750,154.30107316700742,0.4545830306597054,0
6751,154.31412183400244,0.23104104911908507,0
6752,154.32690362504218,0.29566697776317596,0
6753,154.33976400003303,0.23254199186339974,0
6754,154.35144487500656,0.4920000210404396,0
6755,154.36453262501163,0.16500003403052688,0
6756,154.37726541701704,0.28433301486074924,0
6757,154.3901202090201,0.4105410189367831,0
6758,154.4016310000443,0.5567919579334557,0
6759,154.41346116701607,0.5223749903962016,0
6760,154.42658445902634,0.38545799907296896,0
6761,154.43926170904888,0.28262496925890446,0
6762,154.449933625001,0.26775000151246786,0
6763,154.4627462500357,0.2767500118352473,0
6764,154.47358833404724,0.32895797630771995,0
6765,154.48450475005666,0.443708966486156,0
6766,154.49620537500596,0.4152920446358621,0
6767,154.50797412503744,1.338500005658716,0
6768,154.52190208400134,0.41320803575217724,0
6769,154.53489733400056,,1
6770,154.64803787501296,,1
6771,154.76154479203979,,1
6772,154.87472387502203,,1
6773,154.9885854590102,,1
6774,155.1024067090475,,1
6775,155.21520887501538,,1
6776,155.32918704202166,0.5535000236704946,0
6777,155.34234183403896,0.4962499951943755,0
6778,155.35544516704977,0.7454169681295753,0
6779,155.3687805000227,0.4344169865362346,0
6780,155.38179979205597,0.428499944973737,0
6781,155.39292179205222,0.42633299017325044,0
6782,155.40593258402077,0.4683330189436674,0
6783,155.41861341701588,0.5628750077448785,0
6784,155.43172633403447,,1
6785,155.54963333404157,,1
6786,155.66352566704154,,1
6787,155.7755755840335,,1
6788,155.8882058750023,,1
6789,156.00756254204316,,1
6790,156.12191762501607,,1
6791,156.23436925001442,,1
6792,156.347886500007,,1
6793,156.46160570904613,,1
6794,156.57380691700382,,1
6795,156.6874791670125,,1
6796,156.8004147920292,,1
6797,156.91764883400174,,1
6798,157.03192433400545,,1
6799,157.14479062502505,,1
6800,157.25872416701168,,1
6801,157.37264758400852,0.6250410224311054,0
6802,157.38713704200927,0.38004200905561447,0
6803,157.40047054202296,0.5076249944977462,0
6804,157.4135732499999,0.5385420517995954,0
6805,157.42526025004918,0.4836249863728881,0
6806,157.43839508405654,0.44787494698539376,0
6807,157.45195525005693,0.3422499867156148,0
6808,157.46536837500753,0.2851670142263174,0
6809,157.47661595902173,0.4853330319747329,0
6810,157.48849025001982,0.4483340308070183,0
6811,157.50152787502157,0.3570840344764292,0
6812,157.51422645902494,0.4077909979969263,0
6813,157.52721200004453,0.3582499921321869,0
6814,157.5379828750156,0.2879590028896928,0
6815,157.55029854201712,0.514000013936311,0
6816,157.56343958404614,0.5348749691620469,0
6817,157.5756970840157,0.7984160329215229,0
6818,157.58906154200668,1.004417019430548,0
6819,157.6026993340347,0.44312496902421117,0
6820,157.61790058400948,0.4825000069104135,0
6821,157.6289106250042,0.35070901503786445,0
6822,157.64188025001204,0.3184170345775783,0
6823,157.6549113750225,0.39758399361744523,0
6824,157.66557208402082,0.585333036724478,0
6825,157.67893695901148,0.3386660246178508,0
6826,157.6918776250095,0.5356250330805779,0
6827,157.7050807500491,0.23679196601733565,0
6828,157.71661383402534,0.4605000140145421,0
6829,157.7272250840324,0.37295802030712366,0
6830,157.74016208405374,0.23624999448657036,0
6831,157.7506325840368,0.4468749975785613,0
6832,157.76373633404728,0.22370798978954554,0
6833,157.77652258402668,0.25158299831673503,0
6834,157.78942608402576,1.0294999810867012,0
6835,157.802143042034,0.3234579926356673,0
6836,157.816275625024,0.5464170244522393,0
6837,157.82864175003488,0.870083982590586,0
6838,157.8409672920243,0.39783300599083304,0
6839,157.85394962504506,0.25512499269098043,0
6840,157.86677212500945,0.27254200540483,0
6841,157.8796053750557,0.31570898136124015,0
6842,157.89129733404843,0.8000829839147627,0
6843,157.90478108404204,0.4152499604970217,0
6844,157.91795629204717,0.29979198006913066,0
6845,157.93082775000948,0.5373750464059412,0
6846,157.94282787502743,0.7522500236518681,0
6847,157.9551378750475,1.0498339543119073,0
6848,157.96882175002247,0.33179199090227485,0
6849,157.98186420905404,0.6499159499071538,0
6850,157.99268145899987,0.417000032030046,0
6851,158.00330408400623,0.25229103630408645,0
6852,158.0150945840287,0.6122079794295132,0
6853,158.0283964590053,0.3465000190772116,0
6854,158.04130837501725,0.3031250089406967,0
6855,158.0541842500097,0.3689170116558671,0
6856,158.0671397500555,0.27520896401256323,0
6857,158.07748483400792,0.3039159928448498,0
6858,158.09050004201708,0.362333026714623,0
6859,158.1012507090345,0.3054579719901085,0
6860,158.11415533401305,2.127207990270108,0
6861,158.12894966703607,0.3127079689875245,0
6862,158.14186400000472,0.6244590040296316,0
6863,158.15650108404225,1.4381660148501396,0
6864,158.17077212501317,0.3990840050391853,0
6865,158.18340520904167,1.4397909981198609,0
6866,158.19500862504356,0.24812499759718776,0
6867,158.20689250004943,0.38416695315390825,0
6868,158.2198677920387,0.367750006262213,0
6869,158.23074808402453,0.47929101856425405,0
6870,158.242524084053,0.23687497014179826,0
6871,158.25532129203202,0.2632919931784272,0
6872,158.2681444590562,0.30458299443125725,0
6873,158.2810354170506,0.5649169906973839,0
6874,158.29394612502074,0.5247499793767929,0
6875,158.30706433404703,0.3512079711072147,0
6876,158.31762320903363,0.47312502283602953,0
6877,158.3307303750189,0.5631250096485019,0
6878,158.34390675002942,0.5409590085037053,0
6879,158.35715891700238,0.3284999984316528,0
6880,158.36855500005186,0.31162495724856853,0
6881,158.38196533400333,0.4422910278663039,0
6882,158.3949844170129,0.33950002398341894,0
6883,158.40790512500098,0.40016701677814126,0
6884,158.42039800004568,0.7373339612968266,0
6885,158.43381120904814,0.2943329745903611,0
6886,158.44645050005056,0.3055419656448066,0
6887,158.4593127090484,0.3151659620925784,0
6888,158.4721804590081,0.30633300775662065,0
6889,158.48400895902887,0.4926659748889506,0
6890,158.49484787503025,0.42441702680662274,0
6891,158.506923500041,0.32233400270342827,0
6892,158.51980700000422,0.32858405029401183,0
6893,158.53097204200458,0.2262920024804771,0
6894,158.54374245903455,0.39129098877310753,0
6895,158.5566852920456,0.2964579616673291,0
6896,158.5695455840323,0.34670799504965544,0
6897,158.58131504204357,0.49104198114946485,0
6898,158.59442495903932,0.30479097040370107,0
6899,158.60729229205754,0.3208749694749713,0
6900,158.62017175002256,0.3010840155184269,0
6901,158.63302170904353,0.26966596487909555,0
6902,158.64582245901693,0.17750001279637218,0
6903,158.65714137500618,0.23929204326123,0
6904,158.6677559170057,0.22425001952797174,0
6905,158.68050479202066,0.16245798906311393,0
6906,158.69320445903577,0.24462497094646096,0
6907,158.7059871670208,0.24620798649266362,0
6908,158.71879579202505,0.37641701055690646,0
6909,158.7317366670468,0.3587499959394336,0
6910,158.74390537501313,0.47037500189617276,0
6911,158.75564533402212,0.2900410327129066,0
6912,158.76850425003795,0.46133401338011026,0
6913,158.7815374590573,0.24716596817597747,0
6914,158.79295166704105,0.4369579837657511,0
6915,158.80593495903304,0.3382909926585853,0
6916,158.81885008403333,0.32400002237409353,0
6917,158.83046912500868,0.2572500379756093,0
6918,158.8428786250297,0.20700000459328294,0
6919,158.85565329203382,0.4953750176355243,0
6920,158.8687147090095,0.2170410007238388,0
6921,158.8809314170503,0.2407499705441296,0
6922,158.8917279590387,0.1930830185301602,0
6923,158.90246745903278,0.33950002398341894,0
6924,158.91538529202808,0.630167021881789,0
6925,158.92861333402107,0.5310410051606596,0
6926,158.94173283403507,0.3739579697139561,0
6927,158.95279808400664,0.3195000463165343,0
6928,158.96372595900903,0.37291599437594414,0
6929,158.97666145901894,0.22375001572072506,0
6930,158.98942783405073,0.2685829531401396,0
6931,159.00155683403136,0.278000021353364,0
6932,159.0143805000116,0.3986670053564012,0
6933,159.0273478340241,0.4734580288641155,0
6934,159.04045925004175,0.32354198629036546,0
6935,159.05336729204282,0.5966249736957252,0
6936,159.06656404200476,0.46795804519206285,0
6937,159.079339500051,0.47154194908216596,0
6938,159.09238995902706,0.3096250002272427,0
6939,159.10529950005002,0.5209170049056411,0
6940,159.1184341670014,0.5063750431872904,0
6941,159.1315094170277,0.3457500133663416,0
6942,159.14305670902831,0.48283301293849945,0
6943,159.1561638340354,0.3285830025561154,0
6944,159.16905970900552,0.47291599912568927,0
6945,159.17971341701923,0.39950001519173384,0
6946,159.1926843750407,0.46616699546575546,0
6947,159.20572683401406,0.27950003277510405,0
6948,159.2185777920531,0.40304195135831833,0
6949,159.2297983750468,0.4392499686218798,0
6950,159.24130025005434,0.29804196674376726,0
6951,159.25416179205058,0.27312495512887836,0
6952,159.2669814590481,0.23479096125811338,0
6953,159.279660625034,0.5325420061126351,0
6954,159.29126479203114,0.2597079728730023,0
6955,159.3057261670474,0.360500009264797,0
6956,159.3172180840047,2.713375026360154,0
6957,159.33251908404054,0.3732079640030861,0
6958,159.3435195000493,0.4826249787583947,0
6959,159.35600379202515,0.3078749869018793,0
6960,159.3690332090482,0.47400000039488077,0
6961,159.37961616704706,0.28795795515179634,0
6962,159.3924687920371,0.2863749978132546,0
6963,159.4053222090006,0.35979103995487094,0
6964,159.41827979200752,1.2348330346867442,0
6965,159.43079287500586,0.4002920468337834,0
6966,159.44377566705225,0.5368329584598541,0
6967,159.4559624590329,0.35924999974668026,0
6968,159.4688629170414,0.32195798121392727,0
6969,159.47971429204335,,1
6970,159.59360441705212,,1
6971,159.70538929203758,,1
6972,159.8193816250423,,1
6973,159.9333383750054,0.5426250281743705,0
6974,159.94647683401126,0.3106660442426801,0
6975,159.95934358402155,0.4114159964956343,0
6976,159.97200204205,0.4181669792160392,0
6977,159.98502408404602,,1
6978,160.09897308400832,,1
6979,160.21278112503933,,1
6980,160.32630279200384,0.6698750075884163,0
6981,160.33951004204573,0.255499966442585,0
6982,160.35241800005315,0.4015839658677578,0
6983,160.36537441704422,0.6006250041536987,0
6984,160.37858945905464,0.46787498285993934,0
6985,160.39166070905048,0.2942910068668425,0
6986,160.4034355840413,0.34708296880126,0
6987,160.41642612504074,,1
6988,160.52937358402414,0.2892499906010926,0
6989,160.54032954201102,0.32112502958625555,0
6990,160.55112766701495,0.526249990798533,0
6991,160.56204225000693,0.37979200715199113,0
6992,160.57502245903015,0.4215409862808883,0
6993,160.58676508400822,0.4767909995280206,0
6994,160.5998436670052,0.5019170348532498,0
6995,160.61301583400927,0.5020410171709955,0
6996,160.62615424999967,0.4961670492775738,0
6997,160.63929208402988,0.3374579828232527,0
6998,160.65220495901303,0.2739159972406924,0
6999,160.66407087503467,0.33904198789969087,0
7000,160.67622820904944,0.499832967761904,0
7001,160.68800150003517,0.3040420124307275,0
7002,160.70094033400528,0.2330410061404109,0
7003,160.71371466701385,0.23545802105218172,0
7004,160.72648558404762,0.2882079570554197,0
7005,160.73929737502476,0.20541698904708028,0
7006,160.75201762502547,0.15700003132224083,0
7007,160.76423837500624,0.21129200467839837,0
7008,160.77698533399962,0.2435830538161099,0
7009,160.78975425002864,0.17908401787281036,0
7010,160.80245979200117,0.17829204443842173,0
7011,160.81517491705017,0.36112498492002487,0
7012,160.8275895420229,0.5026669823564589,0
7013,160.84032687504077,0.5611249944195151,0
7014,160.8535025420133,0.6288749864324927,0
7015,160.86674837500323,0.5229170201346278,0
7016,160.87754983402556,0.3936659777536988,0
7017,160.88929083402036,0.6800830014981329,0
7018,160.9010462090373,0.4318749997764826,0
7019,160.91302045900375,2.185208024457097,0
7020,160.92671262501972,0.3689590375870466,0
7021,160.9512453750358,10.730542009696364,0
7022,160.97219275002135,1.1143339797854424,0
7023,160.9907230840181,1.111583027523011,0
7024,161.00287779205246,0.3237919881939888,0
7025,161.01362908404553,0.43008296051993966,0
7026,161.02437958400697,0.3309580497443676,0
7027,161.0351586250472,0.6856669788248837,0
7028,161.04972812504275,0.43220899533480406,0
7029,161.06075441703433,0.4956669872626662,0
7030,161.07156295905588,1.1244999477639794,0
7031,161.08474133402342,0.8581249858252704,0
7032,161.09657362505095,0.4854589933529496,0
7033,161.10755312500987,0.4200839903205633,0
7034,161.11992529203417,1.6463749925605953,0
7035,161.13442212500377,0.8850000449456275,0
7036,161.14571345900185,0.48045802395790815,0
7037,161.15664033405483,0.5642499891109765,0
7038,161.16889775003074,1.122416986618191,0
7039,161.1803071250324,0.7522500236518681,0
7040,161.19216425000923,,1
7041,161.30591395904776,0.2699159667827189,0
7042,161.3187610420282,0.6474169786088169,0
7043,161.32976650004275,0.8101249695755541,0
7044,161.34176704200218,0.36862504202872515,0
7045,161.35250116704265,0.9959170129150152,0
7046,161.36475466703996,0.3364169970154762,0
7047,161.37522837502183,0.29483402613550425,0
7048,161.38807816704502,0.20312500419095159,0
7049,161.4008498750045,0.57516701053828,0
7050,161.41403229202842,0.4859999753534794,0
7051,161.4272235420067,0.44120801612734795,0
7052,161.4403432920226,0.30566699570044875,0
7053,161.45388079201803,0.7954169996082783,0
7054,161.46643008402316,0.479582988191396,0
7055,161.47829437500332,0.43145904783159494,0
7056,161.49027775001014,0.34079200122505426,0
7057,161.50322000001324,0.45366701669991016,0
7058,161.5170580840204,0.49070798559114337,0
7059,161.53017462504795,0.5134589737281203,0
7060,161.5429992499994,1.0530000436119735,0
7061,161.55999679205706,1.1314999428577721,0
7062,161.57370683405316,0.26433297898620367,0
7063,161.59088700002758,0.33116701524704695,0
7064,161.6037896250491,0.38466695696115494,0
7065,161.61675133404788,0.4004579968750477,0
7066,161.627801500028,0.3327499725855887,0
7067,161.64025504200254,0.5597500130534172,0
7068,161.65346125001088,0.5846670246683061,0
7069,161.66669820901006,0.4719159915111959,0
7070,161.67981016705744,,1
7071,161.7929140420165,,1
7072,161.91002075001597,,1
7073,162.02364270901307,,1
7074,162.13635950000025,,1
7075,162.25035916705383,,1
7076,162.36432279204018,0.5136249819770455,0
7077,162.37582904205192,0.3445000038482249,0
7078,162.38879958400503,0.6478330469690263,0
7079,162.4032041670289,0.5779169732704759,0
7080,162.41638766700635,0.5272499984130263,0
7081,162.42949766700622,0.30262500513345003,0
7082,162.44128629204351,0.38970797322690487,0
7083,162.45428054203512,0.5235419957898557,0
7084,162.46502791700186,0.5651670508086681,0
7085,162.47689837502548,0.30095898546278477,0
7086,162.4890831670491,0.33958296990022063,0
7087,162.50067212502472,0.29916700441390276,0
7088,162.51356387505075,0.6401669816114008,0
7089,162.5268653750536,0.47920900397002697,0
7090,162.53832666703966,0.2901249681599438,0
7091,162.55123187502613,0.5702089983969927,0
7092,162.5644417090225,0.5435830098576844,0
7093,162.57611833402188,0.5465000285767019,0
7094,162.58923362503992,0.3874169779010117,0
7095,162.60220600001048,0.49695902271196246,0
7096,162.6130209590192,0.37191598676145077,0
7097,162.62597229203675,0.29158301185816526,0
7098,162.63889108400326,0.33125001937150955,0
7099,162.65203712502262,0.4122090176679194,0
7100,162.66503391700098,0.35620800917968154,0
7101,162.67800141702173,0.43154199374839664,0
7102,162.6907084590057,0.40900002932175994,0
7103,162.7037332500331,0.7024169899523258,0
7104,162.71709012502106,0.5872499896213412,0
7105,162.72878254204988,0.5244999774731696,0
7106,162.7419197500567,0.3679169458337128,0
7107,162.75335737504065,0.8860419620759785,0
7108,162.76699054200435,0.3868330386467278,0
7109,162.77761320903664,0.27854100335389376,0
7110,162.78814629203407,0.2514169900678098,0
7111,162.8009548750124,0.25795900728553534,0
7112,162.8137824590085,0.22712501231580973,0
7113,162.82655895903008,0.24274998577311635,0
7114,162.83934837504057,0.28070900589227676,0
7115,162.85010812501423,0.29083399567753077,0
7116,162.86296450003283,0.298958970233798,0
7117,162.8741815420217,0.21416699746623635,0
7118,162.88761150004575,0.47916697803884745,0
7119,162.9007574590505,0.3150409902445972,0
7120,162.91363670903957,0.3089579986408353,0
7121,162.92657579202205,0.6335420184768736,0
7122,162.9387273750035,0.3837920376099646,0
7123,162.9517251670477,0.394499977119267,0
7124,162.96471766702598,0.40841702139005065,0
7125,162.9759142920375,0.260957982391119,0
7126,162.98704329202883,0.40445802733302116,0
7127,162.99935966701014,0.2969170454889536,0
7128,163.01111108402256,0.22862502373754978,0
7129,163.0226057090331,0.24583301274105906,0
7130,163.0354090000037,0.26462500682100654,0
7131,163.04822020902066,0.234208011534065,0
7132,163.0609955000109,0.21470902720466256,0
7133,163.07375691703055,0.2630419912748039,0
7134,163.0865793750272,0.26104197604581714,0
7135,163.09965933405329,0.32541598193347454,0
7136,163.11096950003412,0.2660839818418026,0
7137,163.1237890420016,0.28137501794844866,0
7138,163.13625766703626,0.3499999875202775,0
7139,163.1472434590105,0.2871660399250686,0
7140,163.160489959002,0.23329100804403424,0
7141,163.1729903340456,0.3185409586876631,0
7142,163.18519695900613,0.2583330497145653,0
7143,163.19658591703046,0.3608330152928829,0
7144,163.20951791701373,0.24887500330805779,0
7145,163.22046304203104,0.5978749832138419,0
7146,163.23214458400616,0.43400004506111145,0
7147,163.24514895904576,0.25604100665077567,0
7148,163.2579682090436,0.2860410022549331,0
7149,163.27084075001767,0.4135839990340173,0
7150,163.28312750003533,0.17591699725016952,0
7151,163.2958584590233,0.27908303309231997,0
7152,163.3086389170494,0.41808298556134105,0
7153,163.3216320000356,0.2917919773608446,0
7154,163.33307737502037,0.22799998987466097,0
7155,163.3458620000165,0.22074999287724495,0
7156,163.3568107500323,0.3789589973166585,0
7157,163.3697616670397,0.27658301405608654,0
7158,163.38069941702997,0.4444579826667905,0
7159,163.3937105840305,0.2436659997329116,0
7160,163.40651350002736,0.35262497840449214,0
7161,163.4178456250229,0.22945902310311794,0
7162,163.4306352500571,0.3444589674472809,0
7163,163.44226679200074,0.378625001758337,0
7164,163.4552263750229,0.25929202092811465,0
7165,163.46807391702896,0.3838749835267663,0
7166,163.4810470000375,0.39004196878522635,0
7167,163.4940283340402,0.3849579952657223,0
7168,163.50703645905014,0.4101249505765736,0
7169,163.5200509170536,0.4303749883547425,0
7170,163.53143820900004,0.45441603288054466,0
7171,163.5439534590114,,1
7172,163.65825866704108,,1
7173,163.77130462502828,,1
7174,163.8853958340478,,1
7175,163.99895741703222,,1
7176,164.11022254201816,0.409417029004544,0
7177,164.12320916703902,0.25579199427738786,0
7178,164.13365316705313,0.3168329712934792,0
7179,164.14653891703347,0.24937500711530447,0
7180,164.15935416700086,0.3880000440403819,0
7181,164.17215520900209,0.6160000339150429,0
7182,164.18396041705273,0.36616699071601033,0
7183,164.19691108400002,0.37591601721942425,0
7184,164.20986620901385,0.30695804161950946,0
7185,164.22144183400087,0.44183304999023676,0
7186,164.23446562502068,0.3782919957302511,0
7187,164.24744570901385,0.5102910217829049,0
7188,164.26056908402825,0.49895799020305276,0
7189,164.27368358400417,0.5127080366946757,0
7190,164.28680008405354,0.35808299435302615,0
7191,164.2997623750125,0.41974999476224184,0
7192,164.31033658405067,0.4790829843841493,0
7193,164.32220616703853,0.5085829761810601,0
7194,164.3336119170417,0.544707989320159,0
7195,164.34677675005514,0.5125419702380896,0
7196,164.35990287503228,0.5011250032112002,0
7197,164.37304908403894,,1
7198,164.48683366703335,,1
7199,164.59841500001494,0.6041250308044255,0
7200,164.6092756250291,0.3331669722683728,0
7201,164.62191862502368,0.35133399069309235,0
7202,164.6350669170497,0.41283300379291177,0
7203,164.6464574590209,0.45645801583305,0
7204,164.6595177090494,0.36099995486438274,0
7205,164.67247041704832,0.5719169857911766,0
7206,164.68567729200004,0.5657500005327165,0
7207,164.69809604203328,0.4427079693414271,0
7208,164.71116837504087,0.5072919884696603,0
7209,164.723288875015,0.3333750064484775,0
7210,164.73625341703882,0.5255829892121255,0
7211,164.747792167007,0.6217920454218984,0
7212,164.7610057500424,0.32416696194559336,0
7213,164.77394204202574,0.4284579772502184,0
7214,164.78698120900663,0.3582080244086683,0
7215,164.79995270899963,0.2281660563312471,0
7216,164.81219679204514,0.3992499550804496,0
7217,164.82404016703367,0.23091700859367847,0
7218,164.8350034590112,0.18029101192951202,0
7219,164.8477466670447,0.4707499756477773,0
7220,164.86080591700738,0.26950001483783126,0
7221,164.8727933750488,0.2584589528851211,0
7222,164.8834655000246,0.4099170328117907,0
7223,164.89532895904267,0.24862500140443444,0
7224,164.90592108404962,0.2312909928150475,0
7225,164.91711079201195,0.44537504436448216,0
7226,164.93011866702,0.27000001864507794,0
7227,164.94345662504202,0.6502500036731362,0
7228,164.9559526250232,0.7415420259349048,0
7229,164.96808375004912,0.48270897241309285,0
7230,164.98082150000846,0.4349170485511422,0
7231,164.99321791704278,0.5254579591564834,0
7232,165.00633179204306,0.3939169691875577,0
7233,165.01931366702775,0.25108299450948834,0
7234,165.03162975003943,0.28024998027831316,0
7235,165.04398866702104,0.3665830008685589,0
7236,165.05693354201503,0.37112500285729766,0
7237,165.0679293750436,2.3123749997466803,0
7238,165.08113150001736,0.3286250284872949,0
7239,165.0940235000453,0.2947499742731452,0
7240,165.10457762505393,0.34070899710059166,0
7241,165.11751145904418,0.5196249694563448,0
7242,165.13060837500961,0.2060420229099691,0
7243,165.14338308403967,0.21908298367634416,0
7244,165.1561556670349,,1
7245,165.26775016705506,,1
7246,165.38149595900904,,1
7247,165.49457945901668,,1
7248,165.6082515840535,,1
7249,165.72009708400583,0.43695804197341204,0
7250,165.73061112500727,0.351125025190413,0
7251,165.74251458403887,0.37037499714642763,0
7252,165.75544229202205,0.2951670321635902,0
7253,165.7658459590166,0.2567080082371831,0
7254,165.77868991700234,0.2418750082142651,0
7255,165.78939758404158,0.3060830058529973,0
7256,165.79992287501227,0.5877499934285879,0
7257,165.81084912503138,0.43829198693856597,0
7258,165.8238767500152,0.3742920234799385,0
7259,165.83683162502712,0.2865000278688967,0
7260,165.84972587501397,0.2894999925047159,0
7261,165.86264450004091,0.33487495966255665,0
7262,165.87334954203106,0.2710000262595713,0
7263,165.88607279205462,1.087999960873276,0
7264,165.9001495000557,0.27304195100441575,0
7265,165.91298245900543,0.24112500250339508,0
7266,165.9255033340305,0.8116249809972942,0
7267,165.9378944170312,0.3412499791011214,0
7268,165.94846058404073,0.36229100078344345,0
7269,165.95940262504155,0.31162501545622945,0
7270,165.97227162501076,0.2709170221351087,0
7271,165.98315933404956,0.280165986623615,0
7272,165.9959979170235,0.20133302314206958,0
7273,166.00882900005672,0.4783749463967979,0
7274,166.02064362500096,0.20416703773662448,0
7275,166.0309452500078,0.25804201140999794,0
7276,166.04127033404075,0.45495800441130996,0
7277,166.0519175840309,0.25579100474715233,0
7278,166.0653445420321,0.5913749919272959,0
7279,166.07850979204522,0.34324999433010817,0
7280,166.08959237503586,0.4192920168861747,0
7281,166.10260100004962,0.380749988835305,0
7282,166.11554841703037,0.26058300863951445,0
7283,166.12717887503095,0.5101669812574983,0
7284,166.13840395904845,0.2703749923966825,0
7285,166.1488825000124,0.23479200899600983,0
7286,166.16167370905168,0.23866596166044474,0
7287,166.17448266700376,0.3820830024778843,0
7288,166.18573675001971,0.3855000250041485,0
7289,166.19872087502154,0.2626249915920198,0
7290,166.21004712500144,0.35483401734381914,0
7291,166.22301662503742,0.37879199953749776,0
7292,166.23377725004684,0.27416698867455125,0
7293,166.24565229204018,0.3692079917527735,0
7294,166.2575877920026,0.26941701071336865,0
7295,166.26943875005236,0.2774999593384564,0
7296,166.28132175002247,0.2692500129342079,0
7297,166.2941607090179,0.43462502071633935,0
7298,166.30509216705104,0.42574998224154115,0
7299,166.31810333405156,0.25287497555837035,0
7300,166.32882733404404,0.372040958609432,0
7301,166.34176650003064,0.2465000143274665,0
7302,166.3526585000218,0.3175840247422457,0
7303,166.36552829202265,0.2524169976823032,0
7304,166.37835904204985,0.39308296982198954,0
7305,166.39134412503336,0.2944589941762388,0
7306,166.40420433401596,0.25937502505257726,0
7307,166.41585558402585,0.24858297547325492,0
7308,166.42866291705286,0.2652079565450549,0
7309,166.44149354205,0.379666977096349,0
7310,166.45444804202998,0.2304170047864318,0
7311,166.46586708404357,0.3559159813448787,0
7312,166.47718791704392,0.22620800882577896,0
7313,166.49000258400338,0.2819159999489784,0
7314,166.50091645901557,0.23845798568800092,0
7315,166.51371545903385,0.250082986894995,0
7316,166.52432462503202,0.3766249865293503,0
7317,166.5365270000184,0.2579169813543558,0
7318,166.54897229204653,0.2311249845661223,0
7319,166.56073504203232,0.2227919758297503,0
7320,166.5735246250406,0.39612496038898826,0
7321,166.58649058401352,0.21162501070648432,0
7322,166.59925045905402,0.17424998804926872,0
7323,166.61152225005208,0.3552919952198863,0
7324,166.62445233401377,0.22441602777689695,0
7325,166.6371995000518,0.40604197420179844,0
7326,166.65017404203536,0.34912500996142626,0
7327,166.66308262501843,0.2282499917782843,0
7328,166.67587212502258,0.32216700492426753,0
7329,166.68875500001013,0.25887502124533057,0
7330,166.70161075005308,0.29841699870303273,0
7331,166.71447000000626,0.25733403163030744,0
7332,166.72728833404835,0.26937498478218913,0
7333,166.74012058402877,0.42808300349861383,0
7334,166.7531412920216,0.3577080206014216,0
7335,166.76606208400335,0.24112500250339508,0
7336,166.7772909590276,0.31350000062957406,0
7337,166.7901686670375,0.28487498639151454,0
7338,166.8027258340153,0.359458033926785,0
7339,166.81456583400723,0.28145802207291126,0
7340,166.8274127090117,0.2436659997329116,0
7341,166.84022441704292,0.2923749852925539,0
7342,166.85209804202896,0.24220801424235106,0
7343,166.86490025004605,0.25029201060533524,0
7344,166.87534279201645,0.23737503215670586,0
7345,166.88814012502553,0.30141702154651284,0
7346,166.89950079203118,0.24387502344325185,0
7347,166.91232862503966,0.38662500446662307,0
7348,166.92531504202634,0.25762501172721386,0
7349,166.93797404202633,0.29791699489578605,0
7350,166.9487812090083,0.25387504138052464,0
7351,166.96159345901106,0.2676660078577697,0
7352,166.97442483401392,0.2521660062484443,0
7353,166.98724112502532,0.4307919880375266,0
7354,166.9984440000262,0.46429201029241085,0
7355,167.00971583405044,0.3233329625800252,0
7356,167.02169991703704,0.32641697907820344,0
7357,167.0346121250186,0.3707089927047491,0
7358,167.047553625016,0.36512501537799835,0
7359,167.0591374170035,0.5445420392788947,0
7360,167.07111595902825,0.7034579757601023,0
7361,167.08484104200033,0.3244580002501607,0
7362,167.0977492920356,0.3695000195875764,0
7363,167.10859591700137,0.3469170187599957,0
7364,167.1205292090308,0.4045829991810024,0
7365,167.1335353750037,0.5537500255741179,0
7366,167.14428400003817,0.40487496880814433,0
7367,167.15728187502827,0.40066702058538795,0
7368,167.1686018340406,,1
7369,167.28162083402276,0.36925001768395305,0
7370,167.2945829590317,0.24449999909847975,0
7371,167.30501812504372,0.21312496392056346,0
7372,167.31776595901465,0.25354098761454225,0
7373,167.3305547920172,0.2719170297496021,0
7374,167.34339645900764,0.33300003269687295,0
7375,167.3563015840482,0.6513329572044313,0
7376,167.3690485000261,0.30554202385246754,0
7377,167.38072775001638,0.3980420297011733,0
7378,167.39370983402478,0.2767500118352473,0
7379,167.40451941703213,0.4615000216290355,0
7380,167.4175633340492,0.4296659608371556,0
7381,167.43061429203954,0.4587919684126973,0
7382,167.44369175005704,0.39416697109118104,0
7383,167.45602229202632,0.3361250273883343,0
7384,167.4689453750034,0.4485000390559435,0
7385,167.48199308401672,0.48087502364069223,0
7386,167.4950651670224,0.31870801467448473,0
7387,167.50795175001258,0.2560000284574926,0
7388,167.5207887920551,0.30087499180808663,0
7389,167.53365425002994,0.2626249915920198,0
7390,167.5464817090542,0.29912497848272324,0
7391,167.55933966703014,0.2550000208429992,0
7392,167.5721594170318,0.27083297027274966,0
7393,167.58253841701662,0.272250035777688,0
7394,167.59433770901524,0.2776249893940985,0
7395,167.6061790000531,0.24570897221565247,0
7396,167.61804054200184,0.24675001623108983,0
7397,167.63009516702732,0.40324998553842306,0
7398,167.6408830420114,0.2887920127250254,0
7399,167.65374512504786,0.341624952852726,0
7400,167.66553420905257,0.3767079906538129,0
7401,167.6784959170036,0.3432500525377691,0
7402,167.68946275004419,0.348208996001631,0
7403,167.7024235840072,0.4151250468567014,0
7404,167.71491908404278,0.35333295818418264,0
7405,167.7253841670463,,1
7406,167.83685966703342,0.3190420102328062,0
7407,167.84850625001127,0.2761250361800194,0
7408,167.85897987504723,0.23725000210106373,0
7409,167.87008845905075,0.28329098131507635,0
7410,167.88198737503262,0.24966697674244642,0
7411,167.89480216702214,0.3809580230154097,0
7412,167.90608804201474,0.397083000279963,0
7413,167.91748175001703,,1
7414,168.0293232090189,,1
7415,168.14207729202462,,1
7416,168.25383016705746,,1
7417,168.36789058404975,,1
7418,168.48136700002942,,1
7419,168.59414329205174,,1
7420,168.7072385000065,,1
7421,168.8189603750361,,1
7422,168.93240262503969,,1
7423,169.04624791705282,,1
7424,169.1592550839996,0.3582500503398478,0
7425,169.17219983402174,,1
7426,169.28604154201457,,1
7427,169.398257959052,,1
7428,169.51208000001498,,1
7429,169.6258227090002,,1
7430,169.7396507920348,,1
7431,169.85153604205698,,1
7432,169.96476129203802,0.4290419747121632,0
7433,169.977749667014,0.27670798590406775,0
7434,169.98924670903943,0.23466598941013217,0
7435,170.00202258402715,0.1414580037817359,0
7436,170.01468958402984,0.1051250146701932,0
7437,170.02731387503445,0.1894999877549708,0
7438,170.04003404203104,0.20258297445252538,0
7439,170.05276691704057,,1
7440,170.17377670900896,,1
7441,170.28776562504936,,1
7442,170.4007390840561,0.8067499729804695,0
7443,170.41368933400372,0.4218750400468707,0
7444,170.42673708405346,0.6628749542869627,0
7445,170.43927116703708,0.4321250016801059,0
7446,170.4502235420514,0.6777499802410603,0
7447,170.46360612503486,0.4356249701231718,0
7448,170.4766534170485,0.5916249938309193,0
7449,170.48979183402844,1.0297499829903245,0
7450,170.50344350002706,0.4337090067565441,0
7451,170.51647925004363,0.4235839587636292,0
7452,170.5272685000091,0.4220000118948519,0
7453,170.5383572500432,0.42379199294373393,0
7454,170.55140175000997,0.4320419975556433,0
7455,170.56406029203208,0.5709169781766832,0
7456,170.57579591701506,0.580916996113956,0
7457,170.58899445901625,0.42954098898917437,0
7458,170.59990737505723,0.474874977953732,0
7459,170.61299020901788,0.4362909821793437,0
7460,170.62522683403222,0.27312501333653927,0
7461,170.6356035420322,0.2482919953763485,0
7462,170.64844779204577,0.4494579625315964,0
7463,170.66148787504062,0.4367919755168259,0
7464,170.67451475001872,0.5117090186104178,0
7465,170.68671291705687,0.8749579428695142,0
7466,170.69887958402978,0.4683330189436674,0
7467,170.7104337500059,0.44641701970249414,0
7468,170.72349433402997,0.5090829799883068,0
7469,170.7349152090028,0.5193750257603824,0
7470,170.74806679203175,0.44662499567493796,0
7471,170.76112008403288,0.4601660184562206,0
7472,170.7741792500019,0.5846670246683061,0
7473,170.78742091701133,0.5957920220680535,0
7474,170.80061595904408,0.39154099067673087,0
7475,170.81361262500286,0.4526250413618982,0
7476,170.8268920420087,0.42937503894791007,0
7477,170.83804575004615,1.3371249660849571,0
7478,170.851636959007,0.4433330032043159,0
7479,170.8647298750002,1.13145902287215,0
7480,170.8781405420159,0.4577080253511667,0
7481,170.89007166703232,0.7030420238152146,0
7482,170.90105100005167,1.2850839993916452,0
7483,170.91364829201484,0.4119580262340605,0
7484,170.92467854201095,0.7077500340528786,0
7485,170.93706450000172,0.3770420444197953,0
7486,170.94804133404978,1.7282909830100834,0
7487,170.96209091704804,0.49479195149615407,0
7488,170.9747726250207,0.5701670306734741,0
7489,170.98590650002006,1.336042012553662,0
7490,170.99983470904408,0.64970797393471,0
7491,171.01176554203266,0.5269169923849404,0
7492,171.02494162501534,0.5819170037284493,0
7493,171.036326750007,0.36225002259016037,0
7494,171.04928283405025,0.3024999750778079,0
7495,171.0615927920444,0.532125006429851,0
7496,171.07481470901985,0.452833017334342,0
7497,171.08786466700258,0.35258301068097353,0
7498,171.09878308401676,0.3043329925276339,0
7499,171.11053912504576,0.27883396251127124,0
7500,171.12338216701755,0.5047500017099082,0
7501,171.13424591702642,0.30966702615842223,0
7502,171.14712604205124,0.37879199953749776,0
7503,171.15807833400322,0.39970804937183857,0
7504,171.16916295903502,0.42150000808760524,0
7505,171.1801861670101,0.46487501822412014,0
7506,171.19322087505134,0.34374999813735485,0
7507,171.20612870901823,0.40929100941866636,0
7508,171.21723295905394,0.4678329569287598,0
7509,171.229481959017,0.46341598499566317,0
7510,171.2425524170394,0.566457980312407,0
7511,171.25515570904827,1.0053329751826823,0
7512,171.26819879200775,0.697542040143162,0
7513,171.28601745900232,0.4603750421665609,0
7514,171.29811545903794,0.9269159636460245,0
7515,171.31073479203042,0.43062499025836587,0
7516,171.32142804202158,0.4652499919757247,0
7517,171.33725325000705,0.8689590031281114,0
7518,171.3503953340114,2.696750045288354,0
7519,171.36578950000694,0.4189170431345701,0
7520,171.3787794590462,0.3750830073840916,0
7521,171.39180991705507,0.5284579819999635,0
7522,171.40355187503155,0.43704197742044926,0
7523,171.41562641703058,0.4535000189207494,0
7524,171.4286531250109,0.39604201447218657,0
7525,171.44108708400745,0.6047080387361348,0
7526,171.45295912504662,0.4044999950565398,0
7527,171.46596191701246,0.40487502701580524,0
7528,171.47855904203607,0.4987079882994294,0
7529,171.49166595900897,0.5206660134717822,0
7530,171.50457562500378,0.4265840398147702,0
7531,171.51748733402928,0.4387079970911145,0
7532,171.5305333750439,0.38583396235480905,0
7533,171.5435027500498,0.3254589973948896,0
7534,171.55637979204766,0.16900000628083944,0
7535,171.5690856250003,0.2262920024804771,0
7536,171.58184366702335,0.1906250254251063,0
7537,171.59455066703958,0.1985830022022128,0
7538,171.6068970420165,0.183542026206851,0
7539,171.61960983404424,0.31883298652246594,0
7540,171.632473167032,0.22258301032707095,0
7541,171.64522500004387,0.19520899513736367,0
7542,171.65611654205713,0.1741249579936266,0
7543,171.66884158400353,0.21437503164634109,0
7544,171.6816011670162,0.21708302665501833,0
7545,171.6943716670503,0.22829195950180292,0
7546,171.70713904203149,0.1932079903781414,0
7547,171.7198602090357,0.17520796973258257,0
7548,171.73255325003993,0.1342089963145554,0
7549,171.7452032090514,,1
7550,171.85881237505237,,1
7551,171.9724465420004,,1
7552,172.08636016701348,0.604083004873246,0
7553,172.09723716700682,0.5623330362141132,0
7554,172.10845020902343,0.42699999175965786,0
7555,172.12039795902092,0.577000027988106,0
7556,172.1335537500563,0.513208971824497,0
7557,172.14579283405328,0.23879099171608686,0
7558,172.15804675000254,0.40966703090816736,0
7559,172.1710175840417,0.4195829969830811,0
7560,172.1828575420077,0.3951250109821558,0
7561,172.19579770904966,0.43904100311920047,0
7562,172.20717295905342,0.559207983314991,0
7563,172.21849179203855,0.383291975595057,0
7564,172.23141704202862,0.23187499027699232,0
7565,172.24420412501786,0.2809169818647206,0
7566,172.2546249590232,0.24691602448001504,0
7567,172.26570854202146,0.27479202253744006,0
7568,172.27639766701031,0.40379201527684927,0
7569,172.2892695000046,0.27420901460573077,0
7570,172.30253320903284,0.2776659675873816,0
7571,172.3155346250278,0.25804201140999794,0
7572,172.32835316704586,0.34670799504965544,0
7573,172.34044212504523,0.34429196966812015,0
7574,172.35335979203228,0.38400001358240843,0
7575,172.36529137502657,1.678000029642135,0
7576,172.37860354204895,0.4652919596992433,0
7577,172.39062745904084,0.3208330017514527,0
7578,172.40352791704936,0.427457969635725,0
7579,172.41592541703722,0.3448330098763108,0
7580,172.42810945905512,0.4154579946771264,0
7581,172.44111574999988,0.5947920144535601,0
7582,172.45433162502013,0.4831670084968209,0
7583,172.4673779590521,0.2865829737856984,0
7584,172.4795489590033,0.32241601729765534,0
7585,172.49242416705238,0.33858296228572726,0
7586,172.50532908400055,0.3643330419436097,0
7587,172.5182465420221,0.31512498389929533,0
7588,172.53114712500246,0.27775001944974065,0
7589,172.54398895904887,0.4681249847635627,0
7590,172.5556971670012,0.29250001534819603,0
7591,172.56854395900154,0.3262910176999867,0
7592,172.58146549999947,0.2181250019930303,0
7593,172.59268100000918,0.36337500205263495,0
7594,172.60559579200344,0.2346250112168491,0
7595,172.61838441703003,0.2448749728500843,0
7596,172.63117779203458,0.22616697242483497,0
7597,172.64395508402959,0.31654100166633725,0
7598,172.65510479203658,0.3196250181645155,0
7599,172.66797458403744,0.14841597294434905,0
7600,172.67948591703316,0.25516701862215996,0
7601,172.6922843750217,0.3168749972246587,0
7602,172.70385187503416,0.34608400892466307,0
7603,172.7147581250174,0.4170419997535646,0
7604,172.7277595840278,0.3744999994523823,0
7605,172.74068091704976,0.48758299089968204,0
7606,172.75321800005622,0.547249976079911,0
7607,172.76633108401438,0.42516604298725724,0
7608,172.77754900004948,0.4449169500730932,0
7609,172.79027012502775,0.46308402670547366,0
7610,172.8032871670439,0.4509579739533365,0
7611,172.81629300001077,0.42625004425644875,0
7612,172.82926662504906,0.4213749780319631,0
7613,172.84024100005627,0.48454198986291885,0
7614,172.85178650001762,0.3348340396769345,0
7615,172.8633961250307,0.3310000174678862,0
7616,172.8749832920148,0.2994170063175261,0
7617,172.88782362500206,0.3527920343913138,0
7618,172.90073000005214,0.363041996024549,0
7619,172.91366212500725,0.30387501465156674,0
7620,172.925512042013,0.3182920045219362,0
7621,172.93736750003882,0.42699999175965786,0
7622,172.95037570904242,0.433957960922271,0
7623,172.96339533402352,0.35612500505521894,0
7624,172.97630916704657,0.3446670016273856,0
7625,172.98919495905284,0.28329098131507635,0
7626,173.0020268340013,0.3535830182954669,0
7627,173.01498566701775,0.2538330154493451,0
7628,173.02610045904294,0.2514579682610929,0
7629,173.03797891701106,0.2809580182656646,0
7630,173.05081950000022,0.32416702015325427,0
7631,173.0617180840345,0.39183301851153374,0
7632,173.0735915840487,0.35216595279052854,0
7633,173.08650137501536,0.3593750298023224,0
7634,173.09759679203853,0.38887496339157224,0
7635,173.1081230000127,0.3807920147664845,0
7636,173.12095062504523,1.0675420053303242,0
7637,173.13248612504685,0.43645896948873997,0
7638,173.14550862502074,0.29604200972244143,0
7639,173.15594370901817,0.306583009660244,0
7640,173.1680224170559,0.6184999947436154,0
7641,173.18125525000505,0.4675000091083348,0
7642,173.1942955000559,0.4204589640721679,0
7643,173.20592516701436,0.3148750402033329,0
7644,173.21737116703298,0.5186250200495124,0
7645,173.23045558400918,0.37291599437594414,0
7646,173.24340483400738,0.4625410074368119,0
7647,173.25648362503853,0.49041700549423695,0
7648,173.269564584014,0.5202910397201777,0
7649,173.28145950002363,0.25808397913351655,0
7650,173.2923348340555,0.39499998092651367,0
7651,173.30419920902932,0.3429999924264848,0
7652,173.3162151670549,0.29737496515735984,0
7653,173.3282531670411,0.22899999748915434,0
7654,173.3396441670484,0.3724999842233956,0
7655,173.35175241704565,0.4417079617269337,0
7656,173.36474675004138,0.4576249630190432,0
7657,173.377781584044,0.5331659922376275,0
7658,173.3902943750145,0.4468340193852782,0
7659,173.40087637503166,0.4012499703094363,0
7660,173.4127255420317,0.36808301229029894,0
7661,173.42459412501194,0.3965840442106128,0
7662,173.43519183405442,0.41529099689796567,0
7663,173.44636795902625,0.2912079798988998,0
7664,173.45847862504888,0.3700419911183417,0
7665,173.4714066250017,0.3320420510135591,0
7666,173.4822742920369,0.34270796459168196,0
7667,173.49518362502567,0.313459022436291,0
7668,173.506035834027,0.5705410148948431,0
7669,173.51917841704562,0.44012500438839197,0
7670,173.53010325005744,0.5386669654399157,0
7671,173.54274425003678,0.4497090121731162,0
7672,173.55579208402196,0.5909579922445118,0
7673,173.56776695902226,0.3756660153158009,0
7674,173.57914662500843,0.7967920391820371,0
7675,173.59265570901334,0.3697079955600202,0
7676,173.6056211250252,0.3278750227764249,0
7677,173.61854933400173,0.43695804197341204,0
7678,173.6295937920222,0.5236249999143183,0
7679,173.64125125005376,0.4854169674217701,0
7680,173.65401625004597,0.2685000072233379,0
7681,173.66688904201146,0.3660420188680291,0
7682,173.67876937502297,0.22070901468396187,0
7683,173.69027287501376,0.37341698771342635,0
7684,173.70321587502258,0.26058399816975,0
7685,173.71481095900526,0.7477910257875919,0
7686,173.72870158404112,4.949082969687879,0
7687,173.74491454201052,0.7124580442905426,0
7688,173.75692100002198,0.33491698559373617,0
7689,173.7698415000341,0.3243749961256981,0
7690,173.78108833404258,0.26412500301375985,0
7691,173.79414154205006,0.30041695572435856,0
7692,173.80698975000996,0.2757090260274708,0
7693,173.81980091700098,0.7011250127106905,0
7694,173.83326550002676,0.25220902170985937,0
7695,173.844042584009,0.19325001630932093,0
7696,173.8567916250322,0.2511669881641865,0
7697,173.8695822500158,0.1388340024277568,0
7698,173.8822600840358,0.2429999876767397,0
7699,173.89505345904035,0.2640410093590617,0
7700,173.9071907090256,,1
7701,174.0201624170295,0.4705419996753335,0
7702,174.03077454201411,0.3565000370144844,0
7703,174.0417921670014,0.2989170025102794,0
7704,174.05464341701008,0.29858300695195794,0
7705,174.06580775004113,0.33891701605170965,0
7706,174.07660408405354,0.3929579979740083,0
7707,174.08821845904458,0.32133300555869937,0
7708,174.0998311250005,0.42670901166275144,0
7709,174.11281100002816,0.4283339949324727,0
7710,174.12579579203157,0.4112080205231905,0
7711,174.1380312090041,0.3548749955371022,0
7712,174.1501772920019,0.32475002808496356,0
7713,174.16204141703201,0.28845801716670394,0
7714,174.17358266701922,0.2702500205487013,0
7715,174.18574562499998,0.28950005071237683,0
7716,174.19612325000344,0.35370903788134456,0
7717,174.2090552500449,0.41133398190140724,0
7718,174.2217747090035,0.41270803194493055,0
7719,174.23475595901255,0.3168749972246587,0
7720,174.2476224170532,0.23974996292963624,0
7721,174.26041145902127,0.2169160288758576,0
7722,174.27317016705638,0.26062497636303306,0
7723,174.28560625005048,0.2347499830648303,0
7724,174.29754995903932,0.23212499218061566,0
7725,174.30880891700508,0.2844580449163914,0
7726,174.32163358404068,,1
7727,174.4344817920355,,1
7728,174.54842233401723,0.5221249884925783,0
7729,174.56075016700197,0.39104203460738063,0
7730,174.5737009170116,0.30387501465156674,0
7731,174.58658529201057,0.26712502585723996,0
7732,174.5990216670325,0.23324997164309025,0
7733,174.61180333403172,0.34849997609853745,0
7734,174.6247001250158,0.275125028565526,0
7735,174.637522584002,0.259166001342237,0
7736,174.650327750016,0.3304170095361769,0
7737,174.6611487090122,0.2910830080509186,0
7738,174.673990625015,0.39233401184901595,0
7739,174.68619120900985,0.28070801636204123,0
7740,174.6977459170157,0.30141702154651284,0
7741,174.7105804590392,0.3103329800069332,0
7742,174.72342583403224,0.3024999750778079,0
7743,174.73379195900634,0.29329099925234914,0
7744,174.7442764590378,0.3447079798206687,0
7745,174.75580150005408,0.31512498389929533,0
7746,174.76703645900125,0.4286660114303231,0
7747,174.78002070903312,0.31766598112881184,0
7748,174.79056558402954,0.28266600565984845,0
7749,174.80223220901098,0.36758300848305225,0
7750,174.8138675840455,0.32762496266514063,0
7751,174.8248156250338,0.5228340160101652,0
7752,174.83789387502475,0.39599998854100704,0
7753,174.85086387500633,0.4705000319518149,0
7754,174.86389558401424,0.40312501369044185,0
7755,174.8768646250246,0.4063340020366013,0
7756,174.88982850004686,0.4128339933231473,0
7757,174.90103066700976,0.3830420318990946,0
7758,174.91277745901607,0.3852910012938082,0
7759,174.9241357500432,0.4277089610695839,0
7760,174.93574750004336,0.3494999837130308,0
7761,174.94864641700406,0.37525000516325235,0
7762,174.95937616704032,0.35620800917968154,0
7763,174.97026662505232,0.7381669711321592,0
7764,174.98356462502852,0.6271249731071293,0
7765,174.99432520900154,0.4088749992661178,0
7766,175.00545266701374,0.5569999921135604,0
7767,175.01744479202898,0.4729580250568688,0
7768,175.03063187503722,0.5709169781766832,0
7769,175.04197591700358,0.8577080443501472,0
7770,175.05539741704706,0.21425000159069896,0
7771,175.0681450420525,0.1919999485835433,0
7772,175.08088379201945,0.4616670194081962,0
7773,175.09252533403924,0.2971249632537365,0
7774,175.10546737501863,0.40291703771799803,0
7775,175.11846604204038,0.5585830076597631,0
7776,175.13164233404677,0.4142499528825283,0
7777,175.14465145900613,0.38362503983080387,0
7778,175.1576256250264,0.37462502950802445,0
7779,175.16919441701612,0.35450002178549767,0
7780,175.18088304204866,0.3910000086762011,0
7781,175.20465879200492,0.33587502548471093,0
7782,175.21564579202095,0.37454202538356185,0
7783,175.22857454203768,0.2174169640056789,0
7784,175.24131616705563,0.2074579824693501,0
7785,175.25406958401436,0.307333015371114,0
7786,175.26710762502626,1.2257919879630208,0
7787,175.2803370000329,0.5225000204518437,0
7788,175.29222212504828,0.5799999926239252,0
7789,175.30488345900085,0.6422910373657942,0
7790,175.31812283402542,0.6213330198079348,0
7791,175.329198209045,0.6529579986818135,0
7792,175.3424691670225,0.6223330274224281,0
7793,175.35568583401619,0.549832999240607,0
7794,175.36883420904633,0.5517079844139516,0
7795,175.3801909169997,0.48808305291458964,0
7796,175.39324525004486,0.707999977748841,0
7797,175.40653566701803,0.4606249858625233,0
7798,175.41768162505468,0.4178749513812363,0
7799,175.4291587920161,0.3245419939048588,0
7800,175.44150204205653,0.3932499676011503,0
7801,175.45445579203079,0.33474998781457543,0
7802,175.4673426670488,0.3098329761996865,0
7803,175.47780679201242,0.497375032864511,0
7804,175.4909407920204,0.3648329875431955,0
7805,175.50386387505569,0.3410419449210167,0
7806,175.51677579205716,0.43937499867752194,0
7807,175.52979466703255,0.3570420085452497,0
7808,175.54061233403627,0.34962501376867294,0
7809,175.55351516703377,0.18579198513180017,0
7810,175.56623554200632,0.23125001462176442,0
7811,175.57901208405383,0.21654099691659212,0
7812,175.591769709019,0.19541598157957196,0
7813,175.6033105420065,0.16600004164502025,0
7814,175.61603012500564,0.16916700406000018,0
7815,175.62654645903967,0.2587079652585089,0
7816,175.63935754203703,0.28787500923499465,0
7817,175.65218545903917,0.2515409723855555,0
7818,175.66497495904332,0.2442499971948564,0
7819,175.6777695840574,0.2845829585567117,0
7820,175.69039570901077,0.2854160265997052,0
7821,175.70200733403908,0.2705829683691263,0
7822,175.71244237502106,0.7853340357542038,0
7823,175.72578650002833,0.4081670194864273,0
7824,175.73715220903978,0.546541006769985,0
7825,175.7502916670055,0.41379203321412206,0
7826,175.7632745000301,0.5055000074207783,0
7827,175.77428325003712,0.5988749908283353,0
7828,175.7868500840268,0.5670830141752958,0
7829,175.79845041700173,0.5464170244522393,0
7830,175.81158304202836,0.5634580156765878,0
7831,175.82356616703328,0.5746249807998538,0
7832,175.83674408402294,0.5699159810319543,0
7833,175.8499128750409,0.5202500033192337,0
7834,175.86113058403134,0.3719999804161489,0
7835,175.87409266701434,0.6110420217737556,0
7836,175.88731933402596,0.690666027367115,0
7837,175.89976945903618,0.5503330030478537,0
7838,175.9115906250081,0.6161670316942036,0
7839,175.92479645903222,0.33070798963308334,0
7840,175.93587808404118,0.2188329817727208,0
7841,175.94862433400704,0.21766603458672762,0
7842,175.96135408402188,0.19412499386817217,0
7843,175.97406825004146,0.19608397269621491,0
7844,175.98677837505238,0.1692919759079814,0
7845,175.99952175002545,0.31558400951325893,0
7846,176.01149104203796,0.32179197296500206,0
7847,176.0227351670037,0.4048330010846257,0
7848,176.03334766702028,0.37466699723154306,0
7849,176.04631429200526,0.412292021792382,0
7850,176.05734616704285,0.5598329589702189,0
7851,176.0705054590362,0.635207979939878,0
7852,176.08314745902317,0.589290983043611,0
7853,176.09657487500226,0.4776670248247683,0
7854,176.1090531250229,0.4531670128926635,0
7855,176.1220942500513,0.6003339658491313,0
7856,176.1343281250447,0.43566699605435133,0
7857,176.1467790840543,0.4616249934770167,0
7858,176.16008258401416,0.35329099046066403,0
7859,176.17534304200672,3.561625024303794,0
7860,176.18920658400748,0.390583008993417,0
7861,176.20217316702474,0.2537919790484011,0
7862,176.21256200002972,0.2920840051956475,0
7863,176.2232612920343,0.28024998027831316,0
7864,176.2361217920552,0.30329194851219654,0
7865,176.25724691705545,0.6943329935893416,0
7866,176.27052662504138,0.3617919865064323,0
7867,176.28269287501462,0.454624998383224,0
7868,176.29573870904278,0.3510829992592335,0
7869,176.30638779205037,0.3691249876283109,0
7870,176.3193206670112,0.18258299678564072,0
7871,176.33011958404677,0.25237497175112367,0
7872,176.34301175002474,0.5040839896537364,0
7873,176.35585533402627,0.7542499806731939,0
7874,176.36920870904578,0.3401659778319299,0
7875,176.3821335840039,0.5068330210633576,0
7876,176.39524820900988,0.4540830268524587,0
7877,176.40718808403471,0.43183297384530306,0
7878,176.4202181250439,0.3860419965349138,0
7879,176.43092829204397,0.44195796363055706,0
7880,176.44397416705033,0.2845419803634286,0
7881,176.45477862504777,0.12325000716373324,0
7882,176.46744745905744,0.4059579805471003,0
7883,176.47985645901645,0.2912080381065607,0
7884,176.492371750006,0.3165420494042337,0
7885,176.5052615000168,0.4747920320369303,0
7886,176.51854983402882,1.5899579739198089,0
7887,176.5314970840118,0.7095410255715251,0
7888,176.54455725004664,0.3516669967211783,0
7889,176.55521462502657,0.27600000612437725,0
7890,176.56870766700013,1.1742080096155405,0
7891,176.58361145900562,0.3870410146191716,0
7892,176.59462770901155,0.44779101153835654,0
7893,176.6065197090502,0.47400000039488077,0
7894,176.61857654200867,2.8530830168165267,0
7895,176.63241645903327,0.47774997074157,0
7896,176.64551366702653,0.508250028360635,0
7897,176.6586084170267,0.3747920272871852,0
7898,176.6715854590293,0.41995797073468566,0
7899,176.68457516701892,0.3398330300115049,0
7900,176.69746600004146,0.2905419678427279,0
7901,176.71080354205333,0.6209999555721879,0
7902,176.72271195903886,0.3897909773513675,0
7903,176.73424033401534,0.7261660066433251,0
7904,176.74758945900248,0.460083014331758,0
7905,176.7606292090495,0.7184160058386624,0
7906,176.77360366703942,0.43720798566937447,0
7907,176.7847382920445,0.6055829580873251,0
7908,176.79798633401515,0.6268330034799874,0
7909,176.81120987504255,0.2905000001192093,0
7910,176.8240597920376,0.26008300483226776,0
7911,176.8351856250083,0.2293750294484198,0
7912,176.8479609170463,1.5494999825023115,0
7913,176.86207895900588,0.4939160426147282,0
7914,176.87491104204673,0.6226249970495701,0
7915,176.88838304200908,0.7317920099012554,0
7916,176.90184820903232,0.4938750062137842,0
7917,176.92116820905358,1.158582977950573,0
7918,176.93281050003134,0.4866250092163682,0
7919,176.9442848750041,0.3651670413091779,0
7920,176.95724037504988,0.43920899042859674,0
7921,176.97027833404718,0.4975000047124922,0
7922,176.98334404203342,0.4344169865362346,0
7923,176.99608837504638,0.5297089810483158,0
7924,177.01762737502577,0.49766700249165297,0
7925,177.02951762505108,0.19999995129182935,0
7926,177.04027866700199,0.15929201617836952,0
7927,177.05297504202463,0.20070798927918077,0
7928,177.0657137920498,0.3012079978361726,0
7929,177.07857566705206,0.3957919543609023,0
7930,177.08987120905658,0.3828329499810934,0
7931,177.10282645904226,0.3857910051010549,0
7932,177.11475395900197,0.3829160123132169,0
7933,177.12771095900098,0.5359160131774843,0
7934,177.1387317920453,0.5847080028615892,0
7935,177.15228316700086,0.7701670401729643,0
7936,177.16474575002212,2.083375002257526,0
7937,177.17938395903911,0.45374996261671185,0
7938,177.1924059590092,0.48512499779462814,0
7939,177.2054507920402,0.44416700256988406,0
7940,177.2177509170142,0.4656669916585088,0
7941,177.23054262500955,0.4336670390330255,0
7942,177.24353662505746,0.5322090000845492,0
7943,177.2559504590463,0.4978330107405782,0
7944,177.27185550000286,1.100042019970715,0
7945,177.28427387500415,1.3367090141400695,0
7946,177.29892370902235,0.5693749990314245,0
7947,177.31210133404238,0.5196660058572888,0
7948,177.32522112503648,0.3354590153321624,0
7949,177.33815654204227,0.538958003744483,0
7950,177.35127825004747,0.5188339855521917,0
7951,177.3620843750541,0.44233398512005806,0
7952,177.37510666705202,0.5542080034501851,0
7953,177.38824295904487,0.3738329978659749,0
7954,177.40121979202377,0.7180829998105764,0
7955,177.41449737502262,0.43254200136289,0
7956,177.42672358400887,0.46612502774223685,0
7957,177.4385565840057,0.47504104441031814,0
7958,177.45038616703823,0.2917079837061465,0
7959,177.4622295840527,0.3803329891525209,0
7960,177.47488275001524,1.1136250104755163,0
7961,177.48837012500735,0.5522920400835574,0
7962,177.50151333404938,0.37591595901176333,0
7963,177.51391733402852,0.3297500079497695,0
7964,177.52683083404554,0.38833299186080694,0
7965,177.53979745903052,0.45849999878555536,0
7966,177.55139920901274,0.30400004470720887,0
7967,177.56253508402733,0.26179099222645164,0
7968,177.57536083401646,0.29516598442569375,0
7969,177.5882407920435,0.614624994341284,0
7970,177.60143179201987,0.33662503119558096,0
7971,177.6143223750405,,1
7972,177.72665887500625,,1
7973,177.84049950004555,0.3385419840924442,0
7974,177.85338795901043,0.2371660084463656,0
7975,177.86616766703082,0.20158302504569292,0
7976,177.87828895903658,0.29374996665865183,0
7977,177.89113683404867,0.2542499569244683,0
7978,177.9039520000224,0.3837500116787851,0
7979,177.9169142920291,0.38308301009237766,0
7980,177.92994679202093,0.35012501757591963,0
7981,177.94253212504555,0.310166971758008,0
7982,177.9547260000254,0.27583399787545204,0
7983,177.96647895901697,0.2199159935116768,0
7984,177.9778084170539,0.27541699819266796,0
7985,177.98959291703068,0.3059169976040721,0
7986,178.00249925005483,0.41720899753272533,0
7987,178.01447275001556,0.2469590399414301,0
7988,178.02736916701542,0.4545830306597054,0
7989,178.03927583404584,0.4698749980889261,0
7990,178.0514223750215,0.40179200004786253,0
7991,178.06442095903913,0.5949159967713058,0
7992,178.0770284170285,0.5629999795928597,0
7993,178.08778283401625,0.2775000175461173,0
7994,178.09940400003688,0.5987919867038727,0
7995,178.1125735420501,0.273957964964211,0
7996,178.12359912501415,0.3884169855155051,0
7997,178.13652150001144,0.30087499180808663,0
7998,178.14937237504637,0.2803339739330113,0
7999,178.15981191705214,0.36700000055134296,0
8000,178.17259316705167,0.2313329605385661,0
8001,178.18501687503885,0.27887499891221523,0
8002,178.19630604202393,0.31112501164898276,0
8003,178.20918870903552,0.2347499830648303,0
8004,178.22001487505622,0.23954198695719242,0
8005,178.2311026250245,0.49404200399294496,0
8006,178.24374191701645,0.4580829991027713,0
8007,178.25680429203203,0.47687499318271875,0
8008,178.26738712500082,0.6561670452356339,0
8009,178.28063841705443,0.3351669874973595,0
8010,178.29138762503862,0.3411250072531402,0
8011,178.30322325002635,0.34841703018173575,0
8012,178.31494679203024,0.2672499977052212,0
8013,178.32779779203702,0.49008300993591547,0
8014,178.33911087503657,0.3034999826923013,0
8015,178.35196983400965,0.3600000054575503,0
8016,178.36289516702527,0.49345800653100014,0
8017,178.3759547920199,,1
8018,178.48868866701378,,1
8019,178.60118283401243,,1
8020,178.71515100001125,0.678999989759177,0
8021,178.72839825000847,0.33170904498547316,0
8022,178.74129533400992,0.48925000010058284,0
8023,178.75365287502063,0.24979200679808855,0
8024,178.7664775000303,0.24145899806171656,0
8025,178.77686500002164,,1
8026,178.89006345905364,,1
8027,179.0019963750383,,1
8028,179.11661200004164,0.3929169615730643,0
8029,179.13898850005353,0.617499987129122,0
8030,179.15231108403532,0.2603749744594097,0
8031,179.16719758399995,3.254916053265333,0
8032,179.18326295900624,0.30512502416968346,0
8033,179.19608625001274,0.23654202232137322,0
8034,179.20893100003013,0.25033397832885385,0
8035,179.2217323750374,0.22891699336469173,0
8036,179.25105254200753,5.356000037863851,0
8037,179.26904708403163,0.3560410114005208,0
8038,179.2795580420061,0.25862501934170723,0
8039,179.2913750000298,0.32745901262387633,0
8040,179.3043969590217,0.37966598756611347,0
8041,179.31735412502894,0.3141670022159815,0
8042,179.33015287504531,0.2654169802553952,0
8043,179.34297479200177,0.22325001191347837,0
8044,179.35336816700874,0.2885420108214021,0
8045,179.3662240000558,0.27304195100441575,0
8046,179.37905829201918,0.36400003591552377,0
8047,179.39202104200376,0.41391700506210327,0
8048,179.40327787504066,0.3493339754641056,0
8049,179.41619033401366,0.5094580119475722,0
8050,179.42930379201425,0.3684579860419035,0
8051,179.44224550004583,0.2672499977052212,0
8052,179.4526369170053,0.31233299523591995,0
8053,179.46639837505063,0.32354198629036546,0
8054,179.47930512501625,0.3492090036161244,0
8055,179.49184658401646,0.2727910177782178,0
8056,179.50401995901484,0.34929101821035147,0
8057,179.51584658405045,0.29054097831249237,0
8058,179.52771650004433,0.47791696852073073,0
8059,179.54077612503897,0.29904197435826063,0
8060,179.55364783405093,0.3754579811356962,0
8061,179.5647625840502,0.368415960110724,0
8062,179.577717209002,0.4261250142008066,0
8063,179.5907560000196,0.5016250070184469,0
8064,179.60212345904438,0.32020796788856387,0
8065,179.61400545900688,0.33479102421551943,0
8066,179.6258507090388,0.2842079848051071,0
8067,179.63871783402283,0.24870800552889705,0
8068,179.65153733402258,0.3600000054575503,0
8069,179.66452379204566,0.3665419644676149,0
8070,179.67678554204758,0.3891669912263751,0
8071,179.68862991704373,0.2990830107592046,0
8072,179.70149462501286,0.3755000070668757,0
8073,179.71233558404492,0.3089579986408353,0
8074,179.72522300004493,0.5059170071035624,0
8075,179.73650808405364,0.5201249732635915,0
8076,179.74811137502547,1.144916983321309,0
8077,179.75976041704416,0.5030829925090075,0
8078,179.7728717920254,0.39950001519173384,0
8079,179.78545229200972,0.5374579923227429,0
8080,179.79897162504494,0.46779197873547673,0
8081,179.81204254203476,0.5022080149501562,0
8082,179.825163334026,0.4699580022133887,0
8083,179.83833395905094,0.4587909788824618,0
8084,179.851293292013,0.8621250162832439,0
8085,179.8660299590556,0.2816659980453551,0
8086,179.87888462503906,0.35970896715298295,0
8087,179.8898661250132,0.22954202722758055,0
8088,179.9026508750394,0.23716699797660112,0
8089,179.91572991700377,0.2607920323498547,0
8090,179.9299694170477,0.4227079916745424,0
8091,179.94069995905738,0.7467909599654377,0
8092,179.9541075420566,0.32341695623472333,0
8093,179.96612095902674,0.2501659910194576,0
8094,179.97893212502822,0.3457500133663416,0
8095,179.99179258401273,0.27983303880319,0
8096,180.00337050005328,0.3154999576508999,0
8097,180.01631191704655,0.2802920062094927,0
8098,180.02916508400813,0.3802910214290023,0
8099,180.04112408403307,0.3971249680034816,0
8100,180.05410666705575,0.281207961961627,0
8101,180.06695170904277,0.30337501084432006,0
8102,180.07982233405346,0.3274159971624613,0
8103,180.09197616705205,0.2895829966291785,0
8104,180.10489033401245,0.23737503215670586,0
8105,180.1176907090121,0.40433299727737904,0
8106,180.13067491701804,0.35541702527552843,0
8107,180.14355316699948,0.2619170118123293,0
8108,180.15413929201895,0.39366702549159527,0
8109,180.16672641702462,0.23141701240092516,0
8110,180.17856804199982,0.28133305022493005,0
8111,180.1909326670575,0.21816696971654892,0
8112,180.20372562500415,0.2987920306622982,0
8113,180.21670100005576,0.2286669914610684,0
8114,180.22888716700254,0.23062503896653652,0
8115,180.24167516705347,0.35224994644522667,0
8116,180.25455520901596,,1
8117,180.3682837090455,,1
8118,180.48093341704225,,1
8119,180.59475425002165,,1
8120,180.70854400005192,0.6143749924376607,0
8121,180.72173729201313,0.4040420171804726,0
8122,180.73393562500132,0.4160000244155526,0
8123,180.74694241705583,0.45199994929134846,0
8124,180.7599956250051,0.39958400884643197,0
8125,180.77299408405088,0.31591596780344844,0
8126,180.7858962920145,0.3381670103408396,0
8127,180.797730625025,0.5497499951161444,0
8128,180.81074820901267,0.47812500270083547,0
8129,180.82380308402935,0.2906249719671905,0
8130,180.83667608402902,0.3791250055655837,0
8131,180.84803233400453,0.9932080283761024,0
8132,180.85918108402984,0.3649159916676581,0
8133,180.87211125000613,0.27645903173834085,0
8134,180.88494658400305,0.23908301955088973,0
8135,180.8977360840072,,1
8136,181.01180812501116,,1
8137,181.1238253340125,,1
8138,181.23784912505653,0.5634999834001064,0
8139,181.25048645900097,0.34683302510529757,0
8140,181.26339458400616,0.2329580020159483,0
8141,181.2761875000433,0.28425001073628664,0
8142,181.28903833404183,0.30416599474847317,0
8143,181.30190662504174,0.3281249664723873,0
8144,181.31481400004122,0.252624973654747,0
8145,181.32572045904817,0.2223330084234476,0
8146,181.33784141700016,0.2880000392906368,0
8147,181.3499058340094,0.407207990065217,0
8148,181.36145212501287,0.34854200202971697,0
8149,181.37444408400916,0.46487501822412014,0
8150,181.38761345902458,0.5357500049285591,0
8151,181.40078862500377,0.43395900866016746,0
8152,181.4138130840147,0.39845803985372186,0
8153,181.4250423340127,0.31183299142867327,0
8154,181.43740587501088,0.2459170063957572,0
8155,181.4502195000532,0.6149589898996055,0
8156,181.4634154170053,0.5260420148260891,0
8157,181.4744988750317,0.34895900171250105,0
8158,181.48742470901925,0.21379103418439627,0
8159,181.50019241700647,0.2437080256640911,0
8160,181.51198487501824,0.21654198644682765,0
8161,181.5246457090252,0.19975000759586692,0
8162,181.53738879202865,0.2893329947255552,0
8163,181.55022662505507,0.5173749523237348,0
8164,181.56331533403136,0.3595000016503036,0
8165,181.57625058403937,0.34508301177993417,0
8166,181.58918775001075,,1
8167,181.701657000056,,1
8168,181.81457441701787,,1
8169,181.92804033402354,,1
8170,182.04199900000822,,1
8171,182.15589695901144,1.4823329984210432,0
8172,182.1700110840029,,1
8173,182.28394058404956,,1
8174,182.39786787505727,,1
8175,182.51171016704757,,1
8176,182.62494079204043,,1
8177,182.73885854205582,0.727499951608479,0
8178,182.7521702500526,0.42395899072289467,0
8179,182.76288166700397,0.465167046058923,0
8180,182.7759235840058,0.6788330501876771,0
8181,182.78874166705646,0.7152499747462571,0
8182,182.80205195903545,0.41674997191876173,0
8183,182.81624483404448,0.4273749655112624,0
8184,182.8292444590479,0.5236659781076014,0
8185,182.84183245903114,0.4749579820781946,0
8186,182.8538343750406,0.5372500163502991,0
8187,182.86701904202346,0.5015420028939843,0
8188,182.8801018750528,0.49345899606123567,0
8189,182.89316829200834,0.5139170098118484,0
8190,182.90609866700834,0.679458025842905,0
8191,182.9186204590369,0.6024159956723452,0
8192,182.93133512500208,1.499209029134363,0
8193,182.94546137505677,0.29495899798348546,0
8194,182.95832616701955,0.3331670304760337,0
8195,182.9712428340572,,1
8196,183.08275929203955,1.2272499734535813,0
8197,183.09434191702167,0.3980000037699938,0
8198,183.10731562500587,0.3871670342050493,0
8199,183.1202997500077,0.52920903544873,0
8200,183.1319483750267,1.0820419993251562,0
8201,183.14592220901977,0.4150409949943423,0
8202,183.15888066700427,0.4265830502845347,0
8203,183.17073095904198,0.4512909799814224,0
8204,183.1822954590316,0.4844579962082207,0
8205,183.1941472090548,0.4491249565035105,0
8206,183.20718945900444,0.3540830221027136,0
8207,183.21772295900155,0.30166603391990066,0
8208,183.22952395904576,0.4711250076070428,0
8209,183.2401223750203,0.523374998010695,0
8210,183.25325479201274,0.27412502095103264,0
8211,183.2644750000327,0.5004589911550283,0
8212,183.27618541702395,0.4149579908698797,0
8213,183.28916358400602,0.35279104486107826,0
8214,183.30215383402538,0.42583298636600375,0
8215,183.31514995900216,0.36287499824538827,0
8216,183.32809537503636,0.48204197082668543,0
8217,183.34115687501617,0.145500001963228,0
8218,183.35324025002774,0.26462500682100654,0
8219,183.36390845902497,0.3832079819403589,0
8220,183.37687579204794,0.3607499529607594,0
8221,183.38796175003517,0.33933401573449373,0
8222,183.40090583404526,0.3632910083979368,0
8223,183.41166058403905,0.40608301060274243,0
8224,183.4246527920477,0.3780829720199108,0
8225,183.43760183401173,0.2413330366834998,0
8226,183.44917237502523,0.23312499979510903,0
8227,183.4610344590037,0.3826250322163105,0
8228,183.4723773750011,0.29608403565362096,0
8229,183.4868945000344,0.29854197055101395,0
8230,183.49730033404194,0.9815410012379289,0
8231,183.50891179201426,0.2793750027194619,0
8232,183.5205960420426,0.2679579774849117,0
8233,183.532432625012,0.2310420386493206,0
8234,183.54521945904708,0.24550000671297312,0
8235,183.5560845840373,0.33029098995029926,0
8236,183.5669288750505,0.31758396653458476,0
8237,183.57987250003498,0.25574996834620833,0
8238,183.59041412500665,0.3812090144492686,0
8239,183.60240633401554,0.2230409882031381,0
8240,183.6134468340315,0.3786659799516201,0
8241,183.62424483400537,0.21237501641735435,0
8242,183.63700183405308,0.10666600428521633,0
8243,183.6479363340186,0.25049998657777905,0
8244,183.66074229200603,0.275125028565526,0
8245,183.67165941704297,2.652041963301599,0
8246,183.68782679201104,0.5409170407801867,0
8247,183.7009345840197,0.31758303521201015,0
8248,183.7115326670464,0.7393749547190964,0
8249,183.72270858404227,0.3826249740086496,0
8250,183.7334092920064,0.38691703230142593,0
8251,183.74527187505737,0.21816696971654892,0
8252,183.7580342090223,0.24979101726785302,0
8253,183.76941345905652,0.25995797477662563,0
8254,183.78222625004128,0.26408396661281586,0
8255,183.793181792018,0.2929170150309801,0
8256,183.80566945904866,0.3702910034917295,0
8257,183.8170877090306,0.2839579829014838,0
8258,183.82837900001323,0.32662501325830817,0
8259,183.838878709008,0.4367080400697887,0
8260,183.85190304205753,0.36754197208210826,0
8261,183.86246945901075,0.2817910281009972,0
8262,183.87531295901863,0.3079160233028233,0
8263,183.8862468340085,0.2673750277608633,0
8264,183.89798191701993,0.27879199478775263,0
8265,183.9092519590049,3.6076250253245234,0
8266,183.92301562504144,0.6320839747786522,0
8267,183.93622191704344,0.2911249757744372,0
8268,183.9484999170527,0.4518329515121877,0
8269,183.96163562504807,0.578042003326118,0
8270,183.97453258401947,0.8324580267071724,0
8271,183.98840420902707,0.3292500041425228,0
8272,183.99991162505466,0.300041981972754,0
8273,184.01052579202224,0.43391698272898793,0
8274,184.02205975004472,1.2265419936738908,0
8275,184.03367216704646,1.3549170107580721,0
8276,184.04745062504662,0.27187500381842256,0
8277,184.06002387503395,0.7921250071376562,0
8278,184.07103666703915,0.35033299354836345,0
8279,184.0831746670301,4.36120800441131,0
8280,184.09893033403205,,1
8281,184.21387962502195,,1
8282,184.32739758404205,,1
8283,184.44017204205738,0.3987079835496843,0
8284,184.45313475001603,0.2144169993698597,0
8285,184.46589604200562,0.22245803847908974,0
8286,184.47752004204085,0.16024999786168337,0
8287,184.4894570420147,0.3423329908400774,0
8288,184.5028950420092,1.1563750449568033,0
8289,184.51482250000117,0.3688340075314045,0
8290,184.5278256670572,0.4612499615177512,0
8291,184.54068795900093,0.244333001319319,0
8292,184.55349262501113,0.34662499092519283,0
8293,184.56501020904398,0.27970800874754786,0
8294,184.5769710840541,0.39445795118808746,0
8295,184.5886187920114,0.9473750251345336,0
8296,184.60127408400876,0.4113329923711717,0
8297,184.61240875005024,0.23624999448657036,0
8298,184.62360712501686,0.21033402299508452,0
8299,184.63477800000692,0.4699590499512851,0
8300,184.6476064590388,0.3292079782113433,0
8301,184.65818016702542,0.43166702380403876,0
8302,184.67076354200253,0.28962502256035805,0
8303,184.68381254200358,0.3451670054346323,0
8304,184.69431212503696,0.3106250078417361,0
8305,184.70618141704472,0.3256250056438148,0
8306,184.7178870420321,1.4099580002948642,0
8307,184.7321928750025,0.41741703171283007,0
8308,184.74450416699983,0.2887500450015068,0
8309,184.75650783401215,2.1902910084463656,0
8310,184.77049658400938,2.177625021431595,0
8311,184.78549516701605,1.5468330238945782,0
8312,184.79967029200634,1.4543330180458724,0
8313,184.8127178750001,0.3803750150837004,0
8314,184.8256758750067,0.7467920077033341,0
8315,184.83901358401636,0.9812079952098429,0
8316,184.85237391700502,0.25170802837237716,0
8317,184.86427662504138,0.6473750108852983,0
8318,184.87749279203126,0.27116702403873205,0
8319,184.89033754204866,0.3576249582692981,0
8320,184.90320237504784,0.2586249611340463,0
8321,184.91506479203235,0.2690419787541032,0
8322,184.92630145902513,0.29387499671429396,0
8323,184.93682341702515,0.5147079937160015,0
8324,184.94992370903492,0.37841597804799676,0
8325,184.96235600003274,0.3102499758824706,0
8326,184.97342483402463,0.8554999949410558,0
8327,184.986844417057,0.3453749814070761,0
8328,184.99792333401274,0.32408302649855614,0
8329,185.01184208400082,0.3332500346004963,0
8330,185.02473854203708,0.288875016849488,0
8331,185.03763479203917,1.2764999992214143,0
8332,185.05108583404217,0.2733750152401626,0
8333,185.0627035840298,0.2947080065496266,0
8334,185.0755761670298,0.785832991823554,0
8335,185.09149462502683,1.297666982281953,0
8336,185.10567808401538,0.29095803620293736,0
8337,185.11611595901195,0.2531250356696546,0
8338,185.12764787505148,0.2970839850604534,0
8339,185.14050466701156,0.3450420335866511,0
8340,185.15344112500316,0.33120904117822647,0
8341,185.16548916703323,0.30987500213086605,0
8342,185.17703820904717,0.938165991101414,0
8343,185.19015429203864,0.3720420063473284,0
8344,185.20311250002123,0.35137502709403634,0
8345,185.2166625840473,0.2985409810207784,0
8346,185.22803450003266,0.37812499795109034,0
8347,185.24099120905157,0.25399995502084494,0
8348,185.25364845903823,0.27195800794288516,0
8349,185.26649087504484,0.4979170043952763,0
8350,185.2795735420077,0.364875013474375,0
8351,185.29153112502536,0.3907090285792947,0
8352,185.30325587501284,0.30495901592075825,0
8353,185.3147610000451,0.2912500058300793,0
8354,185.32761358405696,0.45320799108594656,0
8355,185.34064512501936,0.35320903407409787,0
8356,185.35260095901322,0.42529101483523846,0
8357,185.3640561250504,0.3980000037699938,0
8358,185.37712495902088,0.2877499791793525,0
8359,185.38999308401253,0.42799999937415123,0
8360,185.40301229205215,0.4147919826209545,0
8361,185.4146071250434,0.848791969474405,0
8362,185.42764379200526,0.38425001548603177,0
8363,185.44066820904845,0.32462499802932143,0
8364,185.45357587502804,0.4131249734200537,0
8365,185.46595000004163,0.36908400943502784,0
8366,185.47763487504562,0.3907919744960964,0
8367,185.48919012502301,0.2719589974731207,0
8368,185.502078834048,0.4518329515121877,0
8369,185.5150996670127,0.23979198886081576,0
8370,185.5266082920134,0.3285830025561154,0
8371,185.53952420904534,0.3234579926356673,0
8372,185.55231441702927,0.33958302810788155,0
8373,185.565219250042,0.3230419824831188,0
8374,185.57602833403507,0.3009159700013697,0
8375,185.58891350001795,0.28908398235216737,0
8376,185.59959275001893,0.41979202069342136,0
8377,185.6125885420479,0.5019169766455889,0
8378,185.6251117089996,0.3077910514548421,0
8379,185.6379860000452,0.2850419841706753,0
8380,185.65088025003206,0.3287500003352761,0
8381,185.66378425003495,0.36629202077165246,0
8382,185.67673491704045,0.4194169887341559,0
8383,185.6892758340109,0.30341598903760314,0
8384,185.7021868340089,0.41029101703315973,0
8385,185.714269084041,0.36937498953193426,0
8386,185.72685587505111,0.30041695572435856,0
8387,185.73974054201972,0.26883301325142384,0
8388,185.75259520905092,0.2549159689806402,0
8389,185.76552833401365,0.4416659940034151,0
8390,185.77877025003545,0.3262090031057596,0
8391,185.7912327500526,0.283417000900954,0
8392,185.8040893340367,0.3573329886421561,0
8393,185.81615379202412,0.4337499849498272,0
8394,185.82853037503082,0.3732499899342656,0
8395,185.84063225000864,0.4943750100210309,0
8396,185.85418387502432,1.3329589855857193,0
8397,185.86823108402314,2.0763750071637332,0
8398,185.88268266705563,0.6839169654995203,0
8399,185.89675175002776,1.8328750156797469,0
8400,185.91176600003382,0.5699589964933693,0
8401,185.92511412501335,2.008749986998737,0
8402,185.9397820000304,0.8272919803857803,0
8403,185.9533162090229,0.3982500056736171,0
8404,185.965721125016,3.553583985194564,0
8405,185.9795645000413,0.33912499202415347,0
8406,185.99200000002747,0.28379197465255857,0
8407,186.04031258402392,2.6941249961964786,0
8408,186.1020505000488,1.827833999413997,0
8409,186.14796333404956,,1
8410,186.29384445905453,0.9282499668188393,0
8411,186.30854300002102,3.5648340126499534,0
8412,186.32479533401784,1.8653750303201377,0
8413,186.36150445905514,1.8825409933924675,0
8414,186.3766135420301,10.644332971423864,0
8415,186.41219250002177,46.51216702768579,0
8416,186.52010787505424,1.508166955318302,0
8417,186.53877283405745,1.3935829629190266,0
8418,186.5706219590502,0.6206249818205833,0
8419,186.59389741701307,1.3683750294148922,0
8420,186.60863941704156,0.46449998626485467,0
8421,186.62664279202,2.4484579917043447,0
8422,186.63933054200606,0.6763749988749623,0
8423,186.6526501250337,0.5970839993096888,0
8424,186.66582745901542,0.9253330063074827,0
8425,186.67936687503243,0.3212919691577554,0
8426,186.69323804200394,2.484083001036197,0
8427,186.71198766701855,5.310332984663546,0
8428,186.73673158400925,0.8129160269163549,0
8429,186.74988154205494,1.5282919630408287,0
8430,186.76408050005557,1.5645839739590883,0
8431,186.7781328750425,0.6675840122625232,0
8432,186.79038675001357,3.0154589912854135,0
8433,186.8060780420201,9.48262499878183,0
8434,186.82860591704957,0.9712500032037497,0
8435,186.84182825003518,0.5578749696724117,0
8436,186.85579266701825,0.6667920388281345,0
8437,186.8690682920278,0.4063749802298844,0
8438,186.88125120900804,0.5683330236934125,0
8439,186.89422787504736,0.455666973721236,0
8440,186.9094890000415,4.117625008802861,0
8441,186.97742641705554,75.09179197950289,0
8442,187.06745262502227,,1
8443,187.1809377919999,,1
8444,187.32081229204778,,1
8445,187.44094954204047,0.45529199996963143,0
8446,187.45228991704062,1.344666990917176,0
8447,187.46617425000295,0.9091250249184668,0
8448,187.47968899999978,0.44716702541336417,0
8449,187.49272741703317,0.4978749784640968,0
8450,187.50411020900356,0.7290409994311631,0
8451,187.51614612503909,0.407584011554718,0
8452,187.52914170903387,0.6010410143062472,0
8453,187.5425428340095,0.30975003028288484,0
8454,187.5554250840214,0.5785410176031291,0
8455,187.5686993340496,0.5222499603405595,0
8456,187.57940254203277,0.23495801724493504,0
8457,187.5912913340144,0.27474999660626054,0
8458,187.6031919590314,0.3020410076715052,0
8459,187.61607008404098,0.3785410081036389,0
8460,187.62902575003682,0.27904199669137597,0
8461,187.64072962501086,0.3582920180633664,0
8462,187.65365679201204,,1
8463,187.7675972500001,,1
8464,187.87994241702836,0.5685830255970359,0
8465,187.89270275004674,0.40608400013297796,0
8466,187.9056912920205,0.39712502621114254,0
8467,187.9176091250265,0.3406250034458935,0
8468,187.9295123340562,0.37874997360631824,0
8469,187.94247162505053,0.3767089801840484,0
8470,187.9554253340466,0.3632499719969928,0
8471,187.96835858403938,0.2934579970315099,0
8472,187.9812500840053,1.4070410397835076,0
8473,187.99487912503537,0.3028750070370734,0
8474,188.00778458401328,0.30033302027732134,0
8475,188.02064870903268,0.3542079939506948,0
8476,188.03361966705415,0.480624963529408,0
8477,188.04991000000155,2.6875840267166495,0
8478,188.06383866700344,0.42283302173018456,0
8479,188.07685325003695,0.44158397940918803,0
8480,188.08989441703307,0.3842919832095504,0
8481,188.10135804204037,0.5454999627545476,0
8482,188.11450970900478,0.6542910123243928,0
8483,188.12709512503352,0.46533398563042283,0
8484,188.14014875004068,0.41024998063221574,0
8485,188.1508578750072,0.39883400313556194,0
8486,188.16385795903625,0.424915982875973,0
8487,188.17460487503558,0.49579201731830835,0
8488,188.18573770904914,,1
8489,188.29966383404098,,1
8490,188.41359983402072,,1
8491,188.52657700004056,,1
8492,188.6424857500242,,1
8493,188.75535475002835,,1
8494,188.867647667008,,1
8495,188.98139458399964,,1
8496,189.094277917,,1
8497,189.20762895903317,,1
8498,189.32064966700273,,1
8499,189.4345352090313,,1
8500,189.54927616700297,0.49058301374316216,0
8501,189.5620852500433,0.4276669933460653,0
8502,189.57489183405414,0.4874579608440399,0
8503,189.58796662505483,0.4896249738521874,0
8504,189.6010551250074,0.7815000135451555,0
8505,189.613107125042,0.3606670070439577,0
8506,189.62603741703788,0.524416973348707,0
8507,189.6369472090155,0.4770000232383609,0
8508,189.6501016250113,0.37220900412648916,0
8509,189.66304395900806,0.4891660064458847,0
8510,189.6761437500245,0.5581669975072145,0
8511,189.68972458405187,0.4739159485325217,0
8512,189.7006199590396,0.2567080082371831,0
8513,189.71344545902684,0.3191250143572688,0
8514,189.726317209017,,1
8515,189.8400683750515,,1
8516,189.95339866704307,,1
8517,190.06726870901184,0.4521660157479346,0
8518,190.08027950004907,0.18395896768197417,0
8519,190.09301708400017,0.3922080504707992,0
8520,190.10598762502195,0.40320900734514,0
8521,190.11695162503747,0.2547089825384319,0
8522,190.128816209035,0.25004101917147636,0
8523,190.14162362500792,0.2276250161230564,0
8524,190.1544068340445,0.235249986872077,0
8525,190.16718641703483,0.2954580122604966,0
8526,190.1800446670386,0.4146249848417938,0
8527,190.1905201250338,0.5003340193070471,0
8528,190.2035922500072,0.4301250446587801,0
8529,190.21670483401977,0.32533303601667285,0
8530,190.22960712504573,0.41495898040011525,0
8531,190.2426130840322,0.5249580135568976,0
8532,190.25572545902105,0.7938329945318401,0
8533,190.26841479202267,0.47504203394055367,0
8534,190.28037266700994,0.2830000012181699,0
8535,190.2932761250413,0.4438339965417981,0
8536,190.3059467500425,0.48649997916072607,0
8537,190.3190377090359,0.4875409649685025,0
8538,190.33142354205484,1.012332970276475,0
8539,190.3450196670019,0.5182080203667283,0
8540,190.35815375001403,0.5089170299470425,0
8541,190.37127233401407,0.4540410009212792,0
8542,190.38430662505561,0.3073749830946326,0
8543,190.39615166705335,0.4254169762134552,0
8544,190.40813629201148,0.46608300181105733,0
8545,190.42118154204218,,1
8546,190.53505112504354,1.709416974335909,0
8547,190.54935058404226,0.3353329957462847,0
8548,190.56225437502144,0.4247089964337647,0
8549,190.5752805840457,0.339832971803844,0
8550,190.58640245901188,0.37512503331527114,0
8551,190.59880850004265,0.30383397825062275,0
8552,190.61166029202286,0.2162500168196857,0
8553,190.62197945901426,0.7940410287119448,0
8554,190.6355900420458,0.34133298322558403,0
8555,190.64850695902715,0.2602500026114285,0
8556,190.6613177920226,0.49516698345541954,0
8557,190.67284387501422,0.33166701905429363,0
8558,190.68442862504162,0.14454196207225323,0
8559,190.69710266700713,0.21845800802111626,0
8560,190.7098576670396,0.21120801102370024,0
8561,190.72260958404513,0.3302500117570162,0
8562,190.73548795905663,0.3304999554529786,0
8563,190.7483334170538,0.33308297861367464,0
8564,190.7601077920408,0.44116697972640395,0
8565,190.77195945900166,0.26666600024327636,0
8566,190.78412441705586,0.3037499845959246,0
8567,190.79700304201106,0.40487502701580524,0
8568,190.80971733405022,2.2777909762226045,0
8569,190.8235469170031,0.5157080013304949,0
8570,190.83525950001786,0.49166701501235366,0
8571,190.84976237500086,0.5459170206449926,0
8572,190.86093470902415,0.4224579897709191,0
8573,190.87261016701814,0.19162503303959966,0
8574,190.88534475001507,0.2589590149000287,0
8575,190.89807379205013,0.16545795369893312,0
8576,190.91078416700475,0.37358299596235156,0
8577,190.92373412504094,0.4443749785423279,0
8578,190.93574887502473,0.4276250256225467,0
8579,190.94760125002358,0.8680840255692601,0
8580,190.9601623340277,0.3564999788068235,0
8581,190.97253637504764,0.6466250051744282,0
8582,190.98558691702783,0.5327920080162585,0
8583,190.99877537501743,0.724292011000216,0
8584,191.01215458405204,0.4896659520454705,0
8585,191.02523716702126,0.4449170082807541,0
8586,191.03827716701198,0.36800000816583633,0
8587,191.05034500005422,0.41033397428691387,0
8588,191.0633933340432,0.4943329840898514,0
8589,191.07599083404057,0.38379098987206817,0
8590,191.0889297920512,0.14712498523294926,0
8591,191.10161820903886,0.22387498756870627,0
8592,191.11275816702982,0.3613330191001296,0
8593,191.1246096250252,0.41375000728294253,0
8594,191.1376546670217,,1
8595,191.2515337500372,,1
8596,191.3641150840558,,1
8597,191.47801770904334,,1
8598,191.59186795901041,,1
8599,191.70518358401023,,1
8600,191.81780266703572,,1
8601,191.93144225003198,,1
8602,192.0454483750509,,1
8603,192.15797550004208,,1
8604,192.27199958404526,,1
8605,192.38433912501205,0.29608403565362096,0
8606,192.3972045420087,0.3856670227833092,0
8607,192.40805983403698,0.3874999820254743,0
8608,192.42103154200595,0.4889999981969595,0
8609,192.43410145904636,0.697874987963587,0
8610,192.44738641701406,0.38516701897606254,0
8611,192.460498709057,0.5262079648673534,0
8612,192.47386120900046,0.3151660203002393,0
8613,192.48661987500964,0.36979204742237926,0
8614,192.50132904201746,1.3033750001341105,0
8615,192.5165106250206,0.401417026296258,0
8616,192.52762408403214,0.5384999676607549,0
8617,192.53979729203274,0.6514170090667903,0
8618,192.5516235420364,0.27620798209682107,0
8619,192.56199229200138,0.6385830347426236,0
8620,192.57367937505478,0.3215419710613787,0
8621,192.58480666700052,0.2632079995237291,0
8622,192.5976371249999,0.24304201360791922,0
8623,192.60849087504903,0.32891699811443686,0
8624,192.62013466702774,0.36108301719650626,0
8625,192.63189966703067,0.24941697483882308,0
8626,192.64469983405434,0.27958297869190574,0
8627,192.65578183403704,0.22412498947232962,0
8628,192.66775766701903,0.31458301236853004,0
8629,192.6806449170108,0.370624999050051,0
8630,192.69358170905616,0.3959579626098275,0
8631,192.70655683404766,0.3392910002730787,0
8632,192.71946516702883,0.2359169884584844,0
8633,192.7298043340561,0.1836249721236527,0
8634,192.7421927920077,0.3410830395296216,0
8635,192.75463929201942,0.32420799834653735,0
8636,192.76748779200716,0.4080830258317292,0
8637,192.77831000002334,0.22466701921075583,0
8638,192.79013187502278,0.400334014557302,0
8639,192.80310375004774,,1
8640,192.9144878340303,,1
8641,193.0286296250415,,1
8642,193.14044270903105,,1
8643,193.25473191705532,0.21791696781292558,0
8644,193.26750658400124,0.2245830255560577,0
8645,193.28029666701332,0.25924999499693513,0
8646,193.29312462505186,0.2709999680519104,0
8647,193.30626558401855,0.2794580068439245,0
8648,193.31913004204398,0.26999996043741703,0
8649,193.33142620901344,,1
8650,193.44516870903317,,1
8651,193.55896158399992,,1
8652,193.67310737504158,,1
8653,193.7849917090498,,1
8654,193.8988667500089,,1
8655,194.01107820903417,,1
8656,194.12413908401504,,1
8657,194.23721150000347,0.4558750079013407,0
8658,194.2503290840541,0.4964160034433007,0
8659,194.26340445905225,0.36220799665898085,0
8660,194.2750541670248,2.117375028319657,0
8661,194.2884648340405,0.3311249893158674,0
8662,194.3013765840442,0.31383300665766,0
8663,194.31425245903665,0.24633301654830575,0
8664,194.3270787500078,0.31404203036800027,0
8665,194.33928845904302,0.2863749978132546,0
8666,194.3521366250352,0.32187497708946466,0
8667,194.3646708750166,0.38525002310052514,0
8668,194.3766677500098,0.3019170253537595,0
8669,194.38830945902737,0.44741597957909107,0
8670,194.40006137505407,0.5323339719325304,0
8671,194.41349020903,0.33183302730321884,0
8672,194.42566237505525,0.30562496976926923,0
8673,194.43853845901322,0.36975002149119973,0
8674,194.4512552920496,0.3182920045219362,0
8675,194.46296058403095,0.4598749801516533,0
8676,194.4759900420322,0.3267499851062894,0
8677,194.48895750002703,0.386916974093765,0
8678,194.50192004203564,0.31979201594367623,0
8679,194.51480500004254,0.2477499656379223,0
8680,194.52565158403013,0.3554999711923301,0
8681,194.537297959032,0.3179159830324352,0
8682,194.55210875003831,0.7832919945940375,0
8683,194.56547066703206,0.2577920095063746,0
8684,194.57679562503472,0.4157919902354479,0
8685,194.58853520901175,0.6156250019557774,0
8686,194.6010966670001,0.40800002170726657,0
8687,194.61409087502398,0.4384170169942081,0
8688,194.62712029204704,0.3427919582463801,0
8689,194.6400517920265,,1
8690,194.7528394170222,,1
8691,194.86665820900816,,1
8692,194.97845654201228,,1
8693,195.09152179205557,0.4362499457783997,0
8694,195.10267470905092,0.3964999923482537,0
8695,195.11455087503418,0.3177089965902269,0
8696,195.12546200002544,0.275125028565526,0
8697,195.13631616701605,0.9199170162901282,0
8698,195.14986033400055,0.3404160379432142,0
8699,195.16281441703904,0.3186250105500221,0
8700,195.1757258340367,0.4731660010293126,0
8701,195.18879487505183,3.755499958060682,0
8702,195.20515720901312,0.5893750349059701,0
8703,195.21832125005312,0.2530419733375311,0
8704,195.2310326670413,0.2936669625341892,0
8705,195.24391537503107,0.35308400401845574,0
8706,195.25684725004248,0.33074995735660195,0
8707,195.26977762504248,0.36862498382106423,0
8708,195.2805370000424,0.3393339575268328,0
8709,195.2934698750032,0.2649170346558094,0
8710,195.30427212500945,0.378625001758337,0
8711,195.31818358402234,6.428583001252264,0
8712,195.33578416705132,0.34916697768494487,0
8713,195.34821470902534,0.35579100949689746,0
8714,195.35954975005006,0.22054195869714022,0
8715,195.3699272920494,0.6282919785007834,0
8716,195.38261758402223,0.2508750185370445,0
8717,195.39542366703972,0.2514579682610929,0
8718,195.40587554202648,0.5785829853266478,0
8719,195.41910041705705,0.31329196644946933,0
8720,195.4319735840545,0.20533299539238214,0
8721,195.4426214590203,0.4395830328576267,0
8722,195.45563125004992,0.28437498258426785,0
8723,195.4684817500529,0.28970895800739527,0
8724,195.48093433404574,0.22670795442536473,0
8725,195.4937202920555,0.31824997859075665,0
8726,195.50660387502285,0.3035420086234808,0
8727,195.51713900000323,0.332667026668787,0
8728,195.52771912503522,0.30499999411404133,0
8729,195.54059225000674,0.32816705061122775,0
8730,195.55212862504413,0.35420898348093033,0
8731,195.56400937505532,0.31108397524803877,0
8732,195.57688870903803,0.4387910012155771,0
8733,195.5898998340126,0.37358299596235156,0
8734,195.60284075001255,0.37929200334474444,0
8735,195.6143726670416,0.3697079955600202,0
8736,195.6270967500168,0.3469589864835143,0
8737,195.64002495905152,0.5527499597519636,0
8738,195.6526822920423,0.4142079851590097,0
8739,195.66428358404664,0.9815410012379289,0
8740,195.6776960840216,0.5817079800181091,0
8741,195.69091633404605,0.37658296059817076,0
8742,195.70317825005623,0.4159589880146086,0
8743,195.71619045903208,0.24562497856095433,0
8744,195.72899600001983,0.32408401602879167,0
8745,195.74188312503975,0.32062496757134795,0
8746,195.75475954200374,0.2989580389112234,0
8747,195.76761525002075,0.3267920110374689,0
8748,195.78045945905615,0.4476249450817704,0
8749,195.7916705000098,0.4881670465692878,0
8750,195.80400654202094,0.42708299588412046,0
8751,195.816585417022,0.4069579881615937,0
8752,195.82949975004885,0.4861669731326401,0
8753,195.84027016704204,0.4648329922929406,0
8754,195.85092970903497,0.5025410209782422,0
8755,195.86175075004576,0.4128339933231473,0
8756,195.87268433405552,0.4901249776594341,0
8757,195.88503916701302,0.9989170357584953,0
8758,195.89862025005277,0.4419999895617366,0
8759,195.91165716701653,0.5513750365935266,0
8760,195.92464991705492,0.5652919644489884,0
8761,195.93602004204877,0.5344169912859797,0
8762,195.94795645901468,0.49883301835507154,0
8763,195.9599490420078,0.6083330372348428,0
8764,195.97236954205437,0.5415829946286976,0
8765,195.98460941703524,0.582000007852912,0
8766,195.99599858402507,0.434375018812716,0
8767,196.0082831250038,0.4748750361613929,0
8768,196.02135570900282,0.4426660016179085,0
8769,196.03275208402192,0.3226249828003347,0
8770,196.04457687505055,0.38416695315390825,0
8771,196.05752250005025,0.5035419599153101,0
8772,196.07059483404737,0.5372079904191196,0
8773,196.08369670901448,0.528500007931143,0
8774,196.0960280840518,0.40749995969235897,0
8775,196.10693541704677,0.544374983292073,0
8776,196.118432459014,0.46558299800381064,0
8777,196.13159883400658,3.3624159987084568,0
8778,196.1475373340072,0.40679104859009385,0
8779,196.15921058401,0.8816249901428819,0
8780,196.17295783403097,0.5736660095863044,0
8781,196.18568458402297,0.38408301770687103,0
8782,196.19862820900744,0.385124993044883,0
8783,196.21115858404664,0.4124160041101277,0
8784,196.2240127500263,0.3498750156722963,0
8785,196.23655791702913,,1
8786,196.3508440000005,,1
8787,196.46369504200993,,1
8788,196.5777048340533,,1
8789,196.69043704203796,,1
8790,196.80398458405398,,1
8791,196.91782179201255,,1
8792,197.03259220905602,,1
8793,197.14641070901416,,1
8794,197.26033304200973,0.7459580083377659,0
8795,197.2734611670021,0.9085000492632389,0
8796,197.28467150003416,0.6051670061424375,0
8797,197.29544133401942,1.083041017409414,0
8798,197.30693108402193,0.6817079847678542,0
8799,197.32021012500627,0.5014589987695217,0
8800,197.33329108403996,0.5254159914329648,0
8801,197.3466842090129,0.6006660405546427,0
8802,197.3585495420266,0.5815420299768448,0
8803,197.371709500032,0.504166993778199,0
8804,197.38480333401822,0.6547500379383564,0
8805,197.39724537503207,0.4225419834256172,0
8806,197.4079887920525,0.46862498857080936,0
8807,197.4210325840395,0.2539579872973263,0
8808,197.4338481670129,0.3422920126467943,0
8809,197.44658075005282,0.24520896840840578,0
8810,197.4593758340343,0.36454101791605353,0
8811,197.47230229200795,0.4508750280365348,0
8812,197.4843812500476,0.3761249827221036,0
8813,197.49510475003626,0.3048339858651161,0
8814,197.50694612500956,0.23479200899600983,0
8815,197.51771654200274,0.23283303016796708,0
8816,197.53047104203142,0.27545797638595104,0
8817,197.54326900001615,0.28137501794844866,0
8818,197.55594079202274,0.453874992672354,0
8819,197.56775795901194,0.6152500282041728,0
8820,197.58095420902828,0.46608300181105733,0
8821,197.5940972500248,0.5545000312849879,0
8822,197.60661525005708,0.39729196578264236,0
8823,197.61957670905394,0.2414159826003015,0
8824,197.63237208401551,0.29795803129673004,0
8825,197.64436379203107,0.27591700199991465,0
8826,197.6572804590105,0.4378330195322633,0
8827,197.67031683400273,0.5430830060504377,0
8828,197.68346829200163,0.454292050562799,0
8829,197.6965766250505,0.27437496464699507,0
8830,197.7074842500151,0.3331670304760337,0
8831,197.72037433402147,0.23200002033263445,0
8832,197.73315700003877,0.3494999837130308,0
8833,197.74611508403905,0.2557080006226897,0
8834,197.75793279201025,0.2704579965211451,0
8835,197.76972116704565,0.2852079924196005,0
8836,197.7819025000208,0.41545898420736194,0
8837,197.79341962502804,0.40324998553842306,0
8838,197.80605933401966,0.39012503111734986,0
8839,197.81717883405508,0.4153749905526638,0
8840,197.8301714170375,0.5535829695872962,0
8841,197.84328504203586,0.38608297472819686,0
8842,197.8559366670088,0.4647080204449594,0
8843,197.86762283404823,0.48354099271818995,0
8844,197.88070616702316,0.42045803274959326,0
8845,197.8937053750269,0.5057500093244016,0
8846,197.9053498750436,0.4343749606050551,0
8847,197.91834820900112,0.38720801239833236,0
8848,197.93134470900986,1.4075000071898103,0
8849,197.94317120901542,0.335165997967124,0
8850,197.95529004203854,0.4261250142008066,0
8851,197.96776437503286,,1
8852,198.0801973750349,,1
8853,198.19320608401904,,1
8854,198.3070877090213,,1
8855,198.42102179204812,0.6002080044709146,0
8856,198.43404395901598,0.39429101161658764,0
8857,198.44605825003237,0.39941701106727123,0
8858,198.4590436250437,0.27545896591618657,0
8859,198.47014454205055,0.24162500631064177,0
8860,198.48294487502426,0.2885839785449207,0
8861,198.49441570905037,0.2884159912355244,0
8862,198.5064757920336,0.3796250093728304,0
8863,198.51941987505415,0.2798749483190477,0
8864,198.53226266702404,0.4430420231074095,0
8865,198.5452745000366,0.30337501084432006,0
8866,198.5569479590049,0.42408303124830127,0
8867,198.56995329202618,0.4937920020893216,0
8868,198.58055037504528,0.5577499978244305,0
8869,198.59372954204446,0.5946249584667385,0
8870,198.60594604205107,0.5145829636603594,0
8871,198.61906412499957,0.4831250407733023,0
8872,198.6321500420454,0.8929999894462526,0
8873,198.6449648750131,0.6353339995257556,0
8874,198.65694495901698,0.42579101864248514,0
8875,198.6678795000189,0.5106250173412263,0
8876,198.6809755420545,2.2332919761538506,0
8877,198.69580591702834,0.5311670247465372,0
8878,198.70895891700638,0.4290830111131072,0
8879,198.7213555840426,0.4677079850807786,0
8880,198.7332027500379,0.3998749889433384,0
8881,198.7461933340528,0.41325000347569585,0
8882,198.75917750003282,0.2726669772528112,0
8883,198.77097512502223,0.3624589880928397,0
8884,198.78373525000643,0.36079203709959984,0
8885,198.79665000003297,0.21837500389665365,0
8886,198.80775020900182,0.25170802837237716,0
8887,198.82055483403383,0.2509159967303276,0
8888,198.83335912501207,0.33658399479463696,0
8889,198.84530900005484,0.19174994667991996,0
8890,198.85805658402387,0.3328329767100513,0
8891,198.87094587500906,0.4109170404262841,0
8892,198.8827701670234,0.2276250161230564,0
8893,198.89556666702265,0.4160830285400152,0
8894,198.90676262503257,0.39191701216623187,0
8895,198.91874616703717,0.6614999729208648,0
8896,198.93010887503624,0.4170419997535646,0
8897,198.94313650002005,0.6926670321263373,0
8898,198.95651575003285,0.505667005199939,0
8899,198.9688467090018,0.46437501441687346,0
8900,198.98047408403363,0.2787499688565731,0
8901,198.9932100000442,0.35266700433567166,0
8902,199.00614041701192,0.2495830412954092,0
8903,199.01764520903816,0.3392499638721347,0
8904,199.03056175005622,0.3797919489443302,0
8905,199.0435208340059,0.41383301140740514,0
8906,199.05613204202382,0.3191669820807874,0
8907,199.06843275000574,0.19758404232561588,0
8908,199.08119000005536,0.3212919691577554,0
8909,199.09407866705442,,1
8910,199.20548958401196,,1
8911,199.31702016701456,,1
8912,199.4294617920532,,1
8913,199.54233650001697,,1
8914,199.65512954205042,,1
8915,199.7671134590055,,1
8916,199.88092179200612,0.3980000037699938,0
8917,199.89391362504102,0.4474999732337892,0
8918,199.90673254203284,0.4224579897709191,0
8919,199.91976033401443,1.3722910080105066,0
8920,199.93169591703918,0.532416976056993,0
8921,199.94478516705567,0.26404199888929725,0
8922,199.9552555840346,0.4529160214588046,0
8923,199.96780708403094,0.3828330081887543,0
8924,199.98078533401713,0.5213749827817082,0
8925,199.9939108340186,0.41516602504998446,0
8926,200.0061161670019,0.44708303175866604,0
8927,200.01789529202506,1.1950000189244747,0
8928,200.031537709001,0.49229100113734603,0
8929,200.04463254200527,0.5706250085495412,0
8930,200.05784116702853,,1
8931,200.1709119170555,,1
8932,200.2844377090223,0.28495799051597714,0
8933,200.29487233405234,0.37287495797500014,0
8934,200.30624775000615,0.2781250514090061,0
8935,200.31909437500872,0.34429202787578106,0
8936,200.33199800003786,0.19862496992573142,0
8937,200.34270650002873,0.4503339878283441,0
8938,200.35331545904046,0.398874981328845,0
8939,200.36493245902238,0.4877910250797868,0
8940,200.37801050004782,0.35512499744072556,0
8941,200.38857204205124,0.5557499825954437,0
8942,200.4017425000202,0.3671669983305037,0
8943,200.41467979201116,,1
8944,200.52761779201683,0.3720829845406115,0
8945,200.54057337500853,0.46254199696704745,0
8946,200.55131512501976,0.28295902302488685,0
8947,200.56418358400697,0.5751660210080445,0
8948,200.57537333405344,0.35395799204707146,0
8949,200.58833204203984,0.4233329673297703,0
8950,200.6013951250352,0.3800839767791331,0
8951,200.61377475003246,0.3789589973166585,0
8952,200.62661620904692,1.4599579735659063,0
8953,200.6418912920053,0.792292004916817,0
8954,200.65525354200508,0.3618750488385558,0
8955,200.6681273750146,0.2927090390585363,0
8956,200.68098600005032,0.22274994989857078,0
8957,200.69166008400498,0.276208040304482,0
8958,200.70312820904655,0.2977079711854458,0
8959,200.71599904203322,0.2014579949900508,0
8960,200.72876558400458,0.2521660062484443,0
8961,200.74034591700183,0.27704203967005014,0
8962,200.7532114170026,0.3997500170953572,0
8963,200.76475920900702,0.3732910263352096,0
8964,200.77778950001812,0.3950420068576932,0
8965,200.79078625002876,0.38754200795665383,0
8966,200.8019674590323,0.3714159829542041,0
8967,200.81668229203206,0.4015419981442392,0
8968,200.8296631250414,0.7832919945940375,0
8969,200.84156316705048,0.39416697109118104,0
8970,200.8545461250469,0.32645900500938296,0
8971,200.8658232090529,0.34858298022300005,0
8972,200.8770292090485,0.2355409669689834,0
8973,200.88984441704815,0.42170798406004906,0
8974,200.900717792043,0.6928750080987811,0
8975,200.91399179201107,0.3322500269860029,0
8976,200.92600925004808,0.3155419835820794,0
8977,200.93890133401146,0.35083299735561013,0
8978,200.95095508400118,0.30737504130229354,0
8979,200.96144583402202,0.23758300812914968,0
8980,200.97423841705313,0.2797499764710665,0
8981,200.9870961670531,0.39974995888769627,0
8982,201.0001697090338,0.36700000055134296,0
8983,201.01310754200676,0.17995800590142608,0
8984,201.0245855000103,0.2221670001745224,0
8985,201.0374249590095,0.4123329999856651,0
8986,201.05040495900903,0.27379102539271116,0
8987,201.06325733405538,0.26958296075463295,0
8988,201.07400845905067,0.24104095064103603,0
8989,201.0868044590461,0.3014159738086164,0
8990,201.099619500048,0.2447089646011591,0
8991,201.11241670901654,0.25941600324586034,0
8992,201.12523904204136,0.2531249774619937,0
8993,201.13639412500197,0.26883400278165936,0
8994,201.14921695902012,0.228791031986475,0
8995,201.16199654201046,0.25174999609589577,0
8996,201.1742640840239,0.320332997944206,0
8997,201.1871478340472,0.39612496038898826,0
8998,201.1985352920019,2.3995000519789755,0
8999,201.21351616701577,0.23075001081451774,0
9000,201.22630579204997,0.25504198856651783,0
9001,201.23837870900752,0.38241600850597024,0
9002,201.2505876670475,0.25062495842576027,0
9003,201.26254079205683,0.24104199837893248,0
9004,201.27534570900025,0.35033305175602436,0
9005,201.2863342500059,0.3143339999951422,0
9006,201.29863766703056,0.38004200905561447,0
9007,201.30915129202185,0.5117080290801823,0
9008,201.3222644170164,0.32170803751796484,0
9009,201.33517266705167,0.48883300041779876,0
9010,201.34825704200193,0.3394579980522394,0
9011,201.36116691702046,0.372416980098933,0
9012,201.37411341705592,0.27674995362758636,0
9013,201.38529350003228,0.4378749872557819,0
9014,201.3976156670251,0.39487500907853246,0
9015,201.41059233405394,0.3769159666262567,0
9016,201.42329283402069,0.5586250335909426,0
9017,201.44151350000175,0.4502920201048255,0
9018,201.454571417009,0.25758304400369525,0
9019,201.46653887501452,0.23800000781193376,0
9020,201.47841825004434,0.24741695960983634,0
9021,201.49123079201672,0.24162500631064177,0
9022,201.50405650003813,0.3629999700933695,0
9023,201.51700216700556,0.37879199953749776,0
9024,201.52989775000606,0.5052920314483345,0
9025,201.5429771670024,0.38754200795665383,0
9026,201.55596370901912,0.33424998400732875,0
9027,201.5672947500134,0.5069170147180557,0
9028,201.5803922090563,0.3744999994523823,0
9029,201.59295329201268,,1
9030,201.70581695903093,,1
9031,201.81652141700033,,1
9032,201.930002875044,,1
9033,202.0436088340357,,1
9034,202.15742441703333,,1
9035,202.27018887503073,,1
9036,202.38397150003584,0.5608340143226087,0
9037,202.3965145420516,0.31637499341741204,0
9038,202.40938154200558,0.3067080397158861,0
9039,202.4201883750502,,1
9040,202.53139933402417,0.3374579828232527,0
9041,202.54434220900293,0.6348330061882734,0
9042,202.55523195903515,0.3792080096900463,0
9043,202.56818504200783,0.2899999963119626,0
9044,202.581037750002,0.2617090358398855,0
9045,202.59387245902326,,1
9046,202.70527570904233,,1
9047,202.81903037504526,,1
9048,202.93127545900643,,1
9049,203.04470700002275,0.4157919902354479,0
9050,203.0560156670399,0.31516700983047485,0
9051,203.0689685420366,0.4294170066714287,0
9052,203.08110025001224,0.34416699782013893,0
9053,203.09403812501114,0.3426670446060598,0
9054,203.10593670903472,0.38124999264255166,0
9055,203.11892429203726,0.41691696969792247,0
9056,203.13192420901032,0.3608330152928829,0
9057,203.14485300000524,0.2642920007929206,0
9058,203.15649158402812,0.3282909747213125,0
9059,203.16939891700167,0.364875013474375,0
9060,203.18239133403404,0.2994579845108092,0
9061,203.1942563750199,0.4727920168079436,0
9062,203.20737800002098,0.34791702637448907,0
9063,203.2203004170442,0.2589169889688492,0
9064,203.2331188750104,0.6076670251786709,0
9065,203.24631725001382,0.317834026645869,0
9066,203.25919012504164,0.2905419678427279,0
9067,203.27204691700172,0.3837080439552665,0
9068,203.28456841700245,0.38691703230142593,0
9069,203.29754279204644,0.24562497856095433,0
9070,203.308501875028,0.35866699181497097,0
9071,203.3198457500548,0.3285839920863509,0
9072,203.33273216703674,0.20766700617969036,0
9073,203.3445134590147,0.2894159988500178,0
9074,203.35738533403492,0.482166011352092,0
9075,203.36959658400156,0.3525410429574549,0
9076,203.38251433405094,0.30162499751895666,0
9077,203.3953832090483,0.29229099163785577,0
9078,203.40670733404113,0.4213330103084445,0
9079,203.41972679202445,0.39416702929884195,0
9080,203.43270887504332,0.40787499165162444,0
9081,203.4451453340007,0.3215830074623227,0
9082,203.45807254203828,0.47508301213383675,0
9083,203.47113758401247,0.21654099691659212,0
9084,203.48392212501494,0.2832090249285102,0
9085,203.49675825005397,0.21945894695818424,0
9086,203.50952145905467,0.17341598868370056,0
9087,203.5222318340093,0.19695801893249154,0
9088,203.53497004200472,0.20362500799819827,0
9089,203.54771383403568,0.18149998504668474,0
9090,203.559478167037,0.20233297254890203,0
9091,203.57222237501992,0.1865419908426702,0
9092,203.58494958403753,,1
9093,203.69835600000806,,1
9094,203.81207491701934,0.5455000209622085,0
9095,203.82384204200935,0.55854202946648,0
9096,203.83671375003178,0.3320840187370777,0
9097,203.84842225001194,0.5094590014778078,0
9098,203.8615169590339,0.20766601664945483,0
9099,203.8735612500459,0.19770895596593618,0
9100,203.88629975001095,0.3140839980915189,0
9101,203.89916850003647,0.26404199888929725,0
9102,203.91198004200123,0.30279200291261077,0
9103,203.92277404200286,0.31341705471277237,0
9104,203.93565091700293,0.44529204024001956,0
9105,203.94643358403118,0.5404999828897417,0
9106,203.95741525001358,0.3155000158585608,0
9107,203.96848550002323,0.37887500366196036,0
9108,203.98142637504498,0.23604196030646563,0
9109,203.9942003340111,0.1860830234363675,0
9110,204.00589850003598,0.1818750170059502,0
9111,204.0186124590109,0.17629103967919946,0
9112,204.03131025005132,0.14649995137006044,0
9113,204.04397845902713,0.15795801300555468,0
9114,204.0567032090039,0.23983302526175976,0
9115,204.0677581250202,1.0852499981410801,0
9116,204.07964750000974,0.45200000749900937,0
9117,204.0912819590303,0.4239159752614796,0
9118,204.10430533403996,0.33741601509973407,0
9119,204.11499116703635,0.3714580088853836,0
9120,204.12682445900282,0.2515410305932164,0
9121,204.1396348750568,0.18049997743219137,0
9122,204.15235204203054,0.2620419836603105,0
9123,204.1634000420454,0.26720797177404165,0
9124,204.17460475000553,0.2707090461626649,0
9125,204.18573254201328,0.28437504079192877,0
9126,204.19858004205162,0.22479199105873704,0
9127,204.20958570903167,0.2596660051494837,0
9128,204.22090583405225,0.38770795799791813,0
9129,204.2339089170564,0.317416968755424,0
9130,204.2452445840463,0.37224998231977224,0
9131,204.25727958400967,0.3868750063702464,0
9132,204.27052050002385,7.954167027492076,0
9133,204.29142345901346,0.31337502878159285,0
9134,204.30430904205423,0.18862495198845863,0
9135,204.31704958400223,0.23483304539695382,0
9136,204.3286060000537,0.09158399188891053,0
9137,204.3402207090403,0.24758296785876155,0
9138,204.35303441702854,0.3576669842004776,0
9139,204.36596508405637,0.35291595850139856,0
9140,204.37891700002365,0.276917009614408,0
9141,204.39174958399963,2.796416054479778,0
9142,204.40710812504403,0.7439169567078352,0
9143,204.41972166701453,0.30566699570044875,0
9144,204.43142625002656,0.8352500153705478,0
9145,204.4434616670478,0.24154200218617916,0
9146,204.45387845905498,0.2553749945946038,0
9147,204.46669666701928,0.3225830150768161,0
9148,204.479627584049,0.27958297869190574,0
9149,204.4924640840036,0.25037501472979784,0
9150,204.5055911670206,0.781457987613976,0
9151,204.51838800002588,0.3230419824831188,0
9152,204.53130762500223,0.3701250534504652,0
9153,204.54426025005523,0.3212919691577554,0
9154,204.55600058403797,0.3934999695047736,0
9155,204.5689864170272,0.3227079869247973,0
9156,204.58045837504324,0.2827919670380652,0
9157,204.59330829203827,0.4182499833405018,0
9158,204.6063272090396,0.360500009264797,0
9159,204.61925129202427,0.27362501714378595,0
9160,204.6298702500062,0.24508399656042457,0
9161,204.642677209049,0.39795797783881426,0
9162,204.65567050001118,0.42083399603143334,0
9163,204.66869054205017,0.355791999027133,0
9164,204.68145637505222,0.8261249749921262,0
9165,204.6948609170504,0.41974999476224184,0
9166,204.70690145902336,0.4291249788366258,0
9167,204.71990804205416,0.3802499850280583,0
9168,204.73284495901316,0.16358302673324943,0
9169,204.7457162500359,0.32216700492426753,0
9170,204.75615837500663,0.2763340016826987,0
9171,204.7680629590177,0.19416603026911616,0
9172,204.77997366705677,0.24104199837893248,0
9173,204.79278512502788,0.3796250093728304,0
9174,204.80573400005233,0.3636669716797769,0
9175,204.81767625000793,0.34850003430619836,0
9176,204.83078604203183,0.2963750157505274,0
9177,204.84132062504068,0.4734999965876341,0
9178,204.85438512504334,0.3278339863754809,0
9179,204.86727854202036,0.5107499891892076,0
9180,204.87889404204907,0.33858296228572726,0
9181,204.8918390420149,0.4016250022687018,0
9182,204.9048219170072,0.33958302810788155,0
9183,204.91772625001613,0.24841702543199062,0
9184,204.93054470903007,0.3553329734131694,0
9185,204.9434652090422,0.24641596246510744,0
9186,204.95601658400847,0.24987501092255116,0
9187,204.96791666705394,0.529124983586371,0
9188,204.97977312502917,0.44954201439395547,0
9189,204.9927942090435,0.18208299297839403,0
9190,205.00553708401276,0.3762909909710288,0
9191,205.0181347920443,0.5943329888395965,0
9192,205.03042945900233,0.26650005020201206,0
9193,205.04326391703216,0.40158297633752227,0
9194,205.05625454202527,0.4116250202059746,0
9195,205.06738479202613,0.3007079940289259,0
9196,205.0802466670284,0.23912498727440834,0
9197,205.09303920902312,0.2384160179644823,0
9198,205.10582799999975,0.2002500114031136,0
9199,205.11857820901787,0.1931249862536788,0
9200,205.13130854204064,0.18320797244086862,0
9201,205.1440458750003,0.21166703663766384,0
9202,205.15684108401183,0.17537502571940422,0
9203,205.169555917033,0.17912499606609344,0
9204,205.18227291700896,0.1812080154195428,0
9205,205.1950077500078,0.1407500240020454,0
9206,205.20693416701397,0.18091703532263637,0
9207,205.2174135420355,0.1735829864628613,0
9208,205.23012212500907,,1
9209,205.3416700840462,,1
9210,205.4538197920192,,1
9211,205.5674739590031,,1
9212,205.6782712500426,,1
9213,205.7921708340291,,1
9214,205.9054627090227,,1
9215,206.0189360420336,,1
9216,206.13269870902877,,1
9217,206.2463856250397,,1
9218,206.36019587505143,,1
9219,206.47255404200405,,1
9220,206.58457454200834,,1
9221,206.69761237502098,,1
9222,206.81152662500972,,1
9223,206.92542266700184,,1
9224,207.03931366704637,0.6860420107841492,0
9225,207.05260433402145,0.4713329835794866,0
9226,207.06564137502573,0.41316699935123324,0
9227,207.07797845901223,0.41333300760015845,0
9228,207.09094541700324,1.3337500276975334,0
9229,207.10483350005234,0.39179198211058974,0
9230,207.11778320901794,0.3643329837359488,0
9231,207.13069554202957,0.37358299596235156,0
9232,207.14182008401258,0.3400000277906656,0
9233,207.15449237503344,0.42216700967401266,0
9234,207.16620404203422,0.37866696948185563,0
9235,207.17666041705525,0.3816249663941562,0
9236,207.1895870420267,0.33829198218882084,0
9237,207.20014733402058,0.39729103446006775,0
9238,207.21149379201233,0.3321670228615403,0
9239,207.22438675002195,0.346417014952749,0
9240,207.2372797500575,0.36816694773733616,0
9241,207.2501912090229,0.30754099134355783,0
9242,207.26206741703209,0.3296670038253069,0
9243,207.27499004203128,0.339832971803844,0
9244,207.28795087500475,0.2887090086005628,0
9245,207.29856766702142,0.32708299113437533,0
9246,207.3107395840343,0.31429098453372717,0
9247,207.32361004204722,0.2958329860121012,0
9248,207.33644958405057,0.2644159831106663,0
9249,207.34925908403238,0.25695801014080644,0
9250,207.362061834021,0.3279580269008875,0
9251,207.37393487500958,0.4463749937713146,0
9252,207.38693362503545,0.32362499041482806,0
9253,207.39979308401234,0.26533304480835795,0
9254,207.41260129201692,,1
9255,207.5263947500498,,1
9256,207.64031358400825,,1
9257,207.75295979203656,,1
9258,207.8647896250477,,1
9259,207.97871750005288,,1
9260,208.0925837920513,0.453874992672354,0
9261,208.10352316702483,1.001457974780351,0
9262,208.1171171250171,,1
9263,208.22960762504954,,1
9264,208.34342383401236,,1
9265,208.45599691703683,,1
9266,208.56943995901383,0.5647080251947045,0
9267,208.5825794590055,0.31387503258883953,0
9268,208.59544875001302,0.2311250427737832,0
9269,208.6077618750278,0.2044169814325869,0
9270,208.61964108404936,0.21541595924645662,0
9271,208.6323984170449,0.23066700669005513,0
9272,208.64424758404493,0.40929100941866636,0
9273,208.65492354205344,0.2899169921875,0
9274,208.66677854204318,0.3597079776227474,0
9275,208.67972650000593,0.5655420245602727,0
9276,208.69289391703205,0.4160829703323543,0
9277,208.7041281670099,0.41083304677158594,0
9278,208.71714375005104,0.5125839961692691,0
9279,208.72843925002962,0.5254590068943799,0
9280,208.74031212500995,0.583500019274652,0
9281,208.75113970902748,0.41737500578165054,0
9282,208.76164216705365,0.31895795837044716,0
9283,208.7731905420078,0.8627080242149532,0
9284,208.78669937502127,0.439791998360306,0
9285,208.7980849170126,0.27816701913252473,0
9286,208.80983012501383,0.45483402209356427,0
9287,208.8212996670045,0.4219580441713333,0
9288,208.83430579205742,0.4380419850349426,0
9289,208.84713820903562,0.9327909792773426,0
9290,208.8591491250554,0.4579999949783087,0
9291,208.8720146670239,0.4725829930976033,0
9292,208.8826020420529,0.5338329938240349,0
9293,208.89572766702622,0.5008329753763974,0
9294,208.90691604203312,0.40662498213350773,0
9295,208.91813000000548,0.47212501522153616,0
9296,208.93092841701582,0.3969169920310378,0
9297,208.94388404203346,0.234208011534065,0
9298,208.95669912500307,0.2340000355616212,0
9299,208.9694837500574,0.3572499845176935,0
9300,208.98141404200578,0.21654204465448856,0
9301,208.99417075002566,0.36225002259016037,0
9302,209.0067817090312,0.47283299500122666,0
9303,209.01980895904126,0.2235409920103848,0
9304,209.03105804201914,0.2327919937670231,0
9305,209.04383854201296,0.2667080261744559,0
9306,209.05665970902191,0.6530830287374556,0
9307,209.0699153340538,0.6212499574758112,0
9308,209.08210541703738,0.7862920174375176,0
9309,209.09506733401213,0.496625027153641,0
9310,209.10743000003276,0.5104999872855842,0
9311,209.12052341701929,0.4820000031031668,0
9312,209.13362762500765,0.5113750230520964,0
9313,209.14675683400128,0.6159160402603447,0
9314,209.15996579203056,0.3310000174678862,0
9315,209.17286858404987,0.27112499810755253,0
9316,209.18568975001108,0.2728750114329159,0
9317,209.19853562500793,0.37925003562122583,0
9318,209.2115290420479,0.48458296805620193,0
9319,209.22354487504344,0.5621669697575271,0
9320,209.23661454202374,0.27720798971131444,0
9321,209.2490442090202,0.2252910053357482,0
9322,209.2618118750397,0.20424998365342617,0
9323,209.27452345902566,0.20424998365342617,0
9324,209.28728100005537,0.23324997164309025,0
9325,209.30006354203215,0.22458296734839678,0
9326,209.31243937503314,0.22758397972211242,0
9327,209.32521016703686,0.3545419895090163,0
9328,209.3381280840258,0.2282499917782843,0
9329,209.35091100004502,0.21374999778345227,0
9330,209.36207958403975,0.20658300491049886,0
9331,209.3734772920143,0.20716700237244368,0
9332,209.38622008403763,0.18991599790751934,0
9333,209.39896812505322,0.18545897910371423,0
9334,209.41169137501856,0.21587498486042023,0
9335,209.42346212500706,0.16245903680101037,0
9336,209.43481770902872,0.20729098469018936,0
9337,209.4475957500399,0.21658401237800717,0
9338,209.46038237505127,0.21537498105317354,0
9339,209.47313879203284,0.20012498134747148,0
9340,209.48588300001575,0.22354203974828124,0
9341,209.49865862500155,0.24312501773238182,0
9342,209.50901916704606,0.5109579651616514,0
9343,209.5220755840419,0.2952080103568733,0
9344,209.5349161250051,0.2440420212224126,0
9345,209.54769975005183,0.2174169640056789,0
9346,209.5604605000117,0.20716700237244368,0
9347,209.57321354205487,0.22841698955744505,0
9348,209.58597883401671,0.3434999962337315,0
9349,209.59887645900017,0.43004105100408196,0
9350,209.60951241705334,0.36824995186179876,0
9351,209.6224262920441,0.3350419574417174,0
9352,209.6343935840414,0.3787080058827996,0
9353,209.64731987501727,0.38929202128201723,0
9354,209.66027070902055,0.4523330135270953,0
9355,209.6729670840432,0.5336249596439302,0
9356,209.68442700000014,0.4593750345520675,0
9357,209.69745025003795,0.39850000757724047,0
9358,209.7114789590123,0.4802910261787474,0
9359,209.72247375000734,0.45550003414973617,0
9360,209.73515558399959,0.4271250218153,0
9361,209.7480683750473,0.5547499749809504,0
9362,209.7601382920402,0.5249580135568976,0
9363,209.7726447500172,0.5709590041078627,0
9364,209.783733917051,0.6027079652994871,0
9365,209.79537004203303,0.5025420105084777,0
9366,209.80845845903968,0.435040972661227,0
9367,209.82147904200247,0.49275002675130963,0
9368,209.8345476250397,0.40429196087643504,0
9369,209.84694583405508,0.3554999711923301,0
9370,209.85985216702102,0.4516670014709234,0
9371,209.87174779199995,0.373208022210747,0
9372,209.88421545905294,0.4041659994982183,0
9373,209.89717754203593,0.357625016476959,0
9374,209.91009537503123,0.4640839761123061,0
9375,209.9217893750174,0.3289590240456164,0
9376,209.9346582920407,0.18437497783452272,0
9377,209.94737883401103,0.19058299949392676,0
9378,209.95785654202336,0.20133302314206958,0
9379,209.96882562502287,0.22908399114385247,0
9380,209.9815877500223,0.2964999875985086,0
9381,209.99442929204088,0.35333301639184356,0
9382,210.0073299590149,0.3298330120742321,0
9383,210.02020508400165,0.27804099954664707,0
9384,210.03274220903404,0.2738329931162298,0
9385,210.04556758404942,0.2754159504547715,0
9386,210.05682104203152,0.29087497387081385,0
9387,210.0696807920467,0.3465829649940133,0
9388,210.08256208401872,0.3222909872420132,0
9389,210.09544254204957,0.47774997074157,0
9390,210.10605891700834,0.5297500174492598,0
9391,210.11914608400548,,1
9392,210.23166625003796,0.5153749953024089,0
9393,210.2429412920028,0.42462500277906656,0
9394,210.2551262920024,,1
9395,210.3682211250416,,1
9396,210.4803078340483,0.30891597270965576,0
9397,210.49121537501924,0.33725000685080886,0
9398,210.50275170902023,0.26779097970575094,0
9399,210.51383250002982,0.24320901138707995,0
9400,210.52664687501965,0.2464590361341834,0
9401,210.5386631670408,0.34729199251160026,0
9402,210.54960116703296,0.3614579909481108,0
9403,210.5623969170265,0.26516697835177183,0
9404,210.5752349170507,0.32412499422207475,0
9405,210.58812991704326,0.2252080012112856,0
9406,210.600912834052,0.23416598560288548,0
9407,210.6133593340055,0.19179104128852487,0
9408,210.6245709170471,0.17512496560811996,0
9409,210.63641654205276,0.21020800340920687,0
9410,210.6491682920023,0.18012500368058681,0
9411,210.66047625005012,0.19933399744331837,0
9412,210.67085775005398,0.1991249737329781,0
9413,210.68209412501892,0.2464590361341834,0
9414,210.6948863340076,0.18266600091010332,0
9415,210.70586704200832,0.20400003995746374,0
9416,210.7186165000312,0.18558400915935636,0
9417,210.72899475001032,0.1919170026667416,0
9418,210.74172508402262,0.22387498756870627,0
9419,210.75263637502212,,1
9420,210.86631737503922,,1
9421,210.98014229204273,,1
9422,211.0935280000558,,1
9423,211.20672125002602,,1
9424,211.32054166705348,,1
9425,211.43431566702202,,1
9426,211.548069417011,,1
9427,211.66185537504498,,1
9428,211.7756755000446,,1
9429,211.8895545420237,,1
9430,212.00330508401385,,1
9431,212.1170343340491,,1
9432,212.23181833402487,,1
9433,212.3459173340234,,1
9434,212.4594716670108,,1
9435,212.57335166702978,0.4143330152146518,0
9436,212.5869454590138,0.5698750028386712,0
9437,212.60009154200088,0.543333007954061,0
9438,212.61155791702913,0.4480829811654985,0
9439,212.6236805000226,0.7798339938744903,0
9440,212.63703929202165,0.39733300218358636,0
9441,212.64801612502197,0.4171670298092067,0
9442,212.66098050004803,0.3696669591590762,0
9443,212.6726039170171,0.44495798647403717,0
9444,212.6855023340322,0.4689159686677158,0
9445,212.69800800003577,0.5094169755466282,0
9446,212.7110922500142,0.46366703463718295,0
9447,212.7235160000273,0.4812090191990137,0
9448,212.73446437501116,0.4465840174816549,0
9449,212.7474705420318,0.4282919690012932,0
9450,212.7598621250363,0.5275000003166497,0
9451,212.77260600001318,0.47854200238361955,0
9452,212.7856333750533,0.3962089540436864,0
9453,212.79857062501833,0.37100003100931644,0
9454,212.8114827920217,0.3973750281147659,0
9455,212.8225911250338,0.45895896619185805,0
9456,212.83561212505447,0.5565419560298324,0
9457,212.84874491702067,0.4817500011995435,0
9458,212.86132487503346,0.3540840116329491,0
9459,212.87308112502797,0.32175000524148345,0
9460,212.88595170900226,0.6170830456539989,0
9461,212.899189125048,0.3819999983534217,0
9462,212.91205895901658,0.38475001929327846,0
9463,212.923496042029,0.37037499714642763,0
9464,212.93433637503767,0.4989170120097697,0
9465,212.94738612504443,0.4427499952726066,0
9466,212.96038000000408,0.44350000098347664,0
9467,212.9726438340149,0.5723329959437251,0
9468,212.98351879202528,0.43091701809316874,0
9469,212.99520366702927,0.38783298805356026,0
9470,213.0064066250343,0.5371670122258365,0
9471,213.0189677090384,,1
9472,213.13304337504087,,1
9473,213.24695470900042,,1
9474,213.3608202090254,,1
9475,213.4747907500132,,1
9476,213.58792550000362,,1
9477,213.70185858401237,,1
9478,213.81570445903344,,1
9479,213.92971975001274,,1
9480,214.0412276670104,0.6666670087724924,0
9481,214.0544899170054,0.5473330384120345,0
9482,214.0662049590028,0.4429160035215318,0
9483,214.07920783403097,0.4361660103313625,0
9484,214.09119050001027,0.42679201578721404,0
9485,214.1041756250197,0.45774999307468534,0
9486,214.11718541703885,0.42391696479171515,0
9487,214.1283180420287,0.44716702541336417,0
9488,214.14023570902646,0.4565410199575126,0
9489,214.1532412500237,0.4016250022687018,0
9490,214.1661851250101,0.43804204324260354,0
9491,214.17748062504688,0.39583398029208183,0
9492,214.1890777090448,0.33804099075496197,0
9493,214.20196945901262,0.43158303014934063,0
9494,214.21287991700228,0.4122500540688634,0
9495,214.22473725001328,0.33883401192724705,0
9496,214.23728733405005,0.45804097317159176,0
9497,214.25068154203473,0.40187500417232513,0
9498,214.26365412503947,0.4224589793011546,0
9499,214.27432883402798,0.5208749789744616,0
9500,214.28640491701663,0.8605000330135226,0
9501,214.29985604202375,0.5270420224405825,0
9502,214.3129589590244,0.4940410144627094,0
9503,214.3240695000277,0.5146670155227184,0
9504,214.33716854202794,0.43991702841594815,0
9505,214.34785437502433,0.6065419875085354,0
9506,214.35940629203105,0.48854202032089233,0
9507,214.3724727090448,0.456040957942605,0
9508,214.38550291705178,0.3475829726085067,0
9509,214.3973895420204,0.34137500915676355,0
9510,214.41028312500566,0.40233402978628874,0
9511,214.42321191704832,0.543333007954061,0
9512,214.43573633400956,0.36337500205263495,0
9513,214.44870179204736,,1
9514,214.5610625000554,,1
9515,214.67420541704632,,1
9516,214.7869997920352,,1
9517,214.9008265840239,,1
9518,215.0145964170224,0.6663330132141709,0
9519,215.0278392090113,0.46562502393499017,0
9520,215.0393075000029,0.5114590167067945,0
9521,215.0523952920339,0.36270800046622753,0
9522,215.06530595902586,0.20962499547749758,0
9523,215.0780577500118,0.2791250008158386,0
9524,215.09016541700112,0.21958304569125175,0
9525,215.10047337500146,0.21354202181100845,0
9526,215.11323279200587,0.20962499547749758,0
9527,215.12598804204026,0.2669579698704183,0
9528,215.1387963340385,0.23516599321737885,0
9529,215.15158416703343,0.37575000897049904,0
9530,215.16328487504506,0.9295839699916542,0
9531,215.17663808405632,0.37233298644423485,0
9532,215.18956908403197,0.3107910160906613,0
9533,215.20207258401206,0.29445800464600325,0
9534,215.21472708403599,0.3160000196658075,0
9535,215.2275885840063,0.2829580334946513,0
9536,215.2401528750197,0.28966699028387666,0
9537,215.25134879205143,0.28029194800183177,0
9538,215.26417408400448,0.38825004594400525,0
9539,215.27588716702303,0.510375015437603,0
9540,215.28895300003933,0.4586249706335366,0
9541,215.30107175000012,0.48454204807057977,0
9542,215.31410608405713,0.47270796494558454,0
9543,215.32616587501252,,1
9544,215.4400066670496,,1
9545,215.5532236250001,,1
9546,215.66624504205538,,1
9547,215.78021320904372,,1
9548,215.89591100002872,,1
9549,216.00968041701708,,1
9550,216.1227288750233,,1
9551,216.2366647500312,,1
9552,216.35053058405174,,1
9553,216.4632453340455,,1
9554,216.57716262503527,,1
9555,216.6892799170455,0.6852920050732791,0
9556,216.70115958404494,0.6622909568250179,0
9557,216.71439733402804,0.5816660122945905,0
9558,216.7258710420574,0.5032499902881682,0
9559,216.7383160419995,0.5812920280732214,0
9560,216.75150250003207,0.5709590041078627,0
9561,216.7642718340503,0.7011659909039736,0
9562,216.77670866705012,0.601166975684464,0
9563,216.78991970903007,0.5171659868210554,0
9564,216.80130491702585,0.30791701283305883,0
9565,216.81190654204693,0.22729201009497046,0
9566,216.8246901250095,0.21179200848564506,0
9567,216.8374347090139,0.1824999926611781,0
9568,216.85031516704476,0.22608297877013683,0
9569,216.86146154202288,0.2739999908953905,0
9570,216.87190575001296,0.35358400782570243,0
9571,216.88443325000117,0.30616699950769544,0
9572,216.89729008404538,0.29691599775105715,0
9573,216.91014891705709,0.34320796839892864,0
9574,216.9226040840149,0.41725003393366933,0
9575,216.9344254170428,0.3261250094510615,0
9576,216.94732195901452,0.5315410089679062,0
9577,216.95971579203615,0.4267499898560345,0
9578,216.9718232920277,0.3856670227833092,0
9579,216.98443195904838,0.34516595769673586,0
9580,216.99733379203826,0.3643750096671283,0
9581,217.00864529202227,0.33895799424499273,0
9582,217.0215459590545,0.3971249680034816,0
9583,217.03452754201135,0.4004579968750477,0
9584,217.04714375000913,0.33933401573449373,0
9585,217.06004800001392,0.4337920108810067,0
9586,217.073673084029,0.6340409745462239,0
9587,217.08615641703364,0.4497080226428807,0
9588,217.09907941700658,0.19024999346584082,0
9589,217.11181916703936,0.29558298410847783,0
9590,217.12468250002712,0.21912500960752368,0
9591,217.13619291700888,0.34479203168302774,0
9592,217.1483092920389,0.6473750108852983,0
9593,217.16151770902798,0.30499999411404133,0
9594,217.17443412501598,0.2399170189164579,0
9595,217.1856177090085,0.23108301684260368,0
9596,217.19808379205642,0.1992079778574407,0
9597,217.21083279204322,0.24149997625499964,0
9598,217.22363258403493,0.20287500228732824,0
9599,217.2347810420324,0.15104201156646013,0
9600,217.24748870905023,0.34566596150398254,0
9601,217.2581522090477,0.21795800421386957,0
9602,217.27093412500108,0.20162505097687244,0
9603,217.28340900002513,0.17437501810491085,0
9604,217.29417104204185,0.169374980032444,0
9605,217.30452316702576,0.18316699424758554,0
9606,217.31724287505494,0.18245895626023412,0
9607,217.32918800000334,0.18929201178252697,0
9608,217.34226145903813,0.19058299949392676,0
9609,217.35288579203188,0.17716700676828623,0
9610,217.3655912920367,0.11662498582154512,0
9611,217.37824179203017,0.2749169943854213,0
9612,217.3892980000237,0.22291700588539243,0
9613,217.40208358404925,,1
9614,217.51583629200468,,1
9615,217.62924608401954,,1
9616,217.74239750002744,0.7001250050961971,0
9617,217.75410845904844,0.37583295488730073,0
9618,217.76530250004726,0.33595896093174815,0
9619,217.77778766700067,0.37233304465189576,0
9620,217.79072287504096,0.31924998620525,0
9621,217.80360491701867,0.36616699071601033,0
9622,217.81586308404803,0.25645800633355975,0
9623,217.82867654203437,0.3337920061312616,0
9624,217.84098283405183,0.3649579593911767,0
9625,217.85391112504294,0.3124589566141367,0
9626,217.86478687502677,0.2837090287357569,0
9627,217.8776147920289,0.25941699277609587,0
9628,217.89042316703126,0.3139579785056412,0
9629,217.90327962505398,0.29070896562188864,0
9630,217.9142530420213,0.3000000142492354,0
9631,217.92613483400783,0.37525000516325235,0
9632,217.93907495902386,0.3310409956611693,0
9633,217.95112216705456,0.23845798568800092,0
9634,217.9639090000419,0.22812496172264218,0
9635,217.97561550000682,0.15870900824666023,0
9636,217.98751945904223,0.46312500489875674,0
9637,218.0005777090555,0.34787500044330955,0
9638,218.0120268340106,0.4809160018339753,0
9639,218.02510020905174,0.7170409662649035,0
9640,218.03777191700647,,1
9641,218.15093533403706,,1
9642,218.26549233403057,0.5915830261074007,0
9643,218.2787320840289,0.26537501253187656,0
9644,218.29157429200131,,1
9645,218.4055374590098,,1
9646,218.51970016700216,,1
9647,218.63156637502834,,1
9648,218.74556029203814,,1
9649,218.85938766703475,,1
9650,218.97278166702017,,1
9651,219.08662154205376,0.42449997272342443,0
9652,219.09808095905464,0.21733297035098076,0
9653,219.11085587501293,0.2643750049173832,0
9654,219.12154641700909,0.23537501692771912,0
9655,219.13431616703747,0.24174997815862298,0
9656,219.14709000004223,0.24754198966547847,0
9657,219.1598923750571,0.24029199266806245,0
9658,219.17268379201414,0.2840830129571259,0
9659,219.18551308405586,0.33512496156618,0
9660,219.1997188750538,0.7082499796524644,0
9661,219.2105144590023,0.28187502175569534,0
9662,219.22146408405388,0.37349999183788896,0
9663,219.2332303340081,0.3814580268226564,0
9664,219.24511100002564,,1
9665,219.35836804204155,0.5201249732635915,0
9666,219.368985542038,0.3084170166403055,0
9667,219.3793652500026,0.31100003980100155,0
9668,219.39224175002892,0.4123339895159006,0
9669,219.40504912502365,0.35608402686193585,0
9670,219.4169120840379,0.29258301947265863,0
9671,219.42976658401312,0.3017500275745988,0
9672,219.4406678750529,0.2704169601202011,0
9673,219.45347933401354,0.26595802046358585,0
9674,219.46629275003215,0.2513750223442912,0
9675,219.4790986670414,0.27074996614828706,0
9676,219.49191100004828,0.3136669984087348,0
9677,219.5039683340001,0.2976250252686441,0
9678,219.51583333400777,0.2776660257950425,0
9679,219.52768729202216,0.3907920327037573,0
9680,219.53944466705434,0.5014169728383422,0
9681,219.55108975002076,0.4014589940197766,0
9682,219.56265312503092,0.37587498081848025,0
9683,219.57569195900578,0.49541599582880735,0
9684,219.587630834023,0.3867500345222652,0
9685,219.6005890420056,0.4898330080322921,0
9686,219.61263366701314,0.33487501787021756,0
9687,219.62553062505322,0.5544589948840439,0
9688,219.63865841703955,0.5475829821079969,0
9689,219.65179891703883,0.6179579650051892,0
9690,219.66544533404522,0.501957954838872,0
9691,219.67849629203556,0.4366249777376652,0
9692,219.69151087501086,0.6045420304872096,0
9693,219.70467825001106,0.4972090246155858,0
9694,219.71537683403585,0.5020829848945141,0
9695,219.7284957500524,0.5499999970197678,0
9696,219.74017983401427,0.30025001615285873,0
9697,219.75061970902607,0.49637502525001764,0
9698,219.7637202090118,0.36883301800116897,0
9699,219.77626112505095,0.18495897529646754,0
9700,219.78900254203472,0.24020799901336432,0
9701,219.8018029590021,0.31529105035588145,0
9702,219.81415891705547,0.17970794579014182,0
9703,219.8253604590427,0.2103750011883676,0
9704,219.8381046249997,0.3315420472063124,0
9705,219.85098054201808,0.3576669842004776,0
9706,219.86389150004834,0.30637497548013926,0
9707,219.876745125046,0.30679197516292334,0
9708,219.88959100004286,0.32349996035918593,0
9709,219.902454959054,0.28279097750782967,0
9710,219.91324920905754,0.35695795668289065,0
9711,219.92620354203973,0.37112500285729766,0
9712,219.9391299590352,0.36116602132096887,0
9713,219.9520546250278,0.23250002413988113,0
9714,219.96483320900006,0.2228330122306943,0
9715,219.97760083404137,0.18162501510232687,0
9716,219.9903206670424,0.17566699534654617,0
9717,220.0030281250365,0.18941698363050818,0
9718,220.01572566700634,0.6310419994406402,0
9719,220.02893200004473,0.3968749660998583,0
9720,220.04188304202398,0.5904170102439821,0
9721,220.05428537505213,0.6215839530341327,0
9722,220.0661917090183,0.706207996699959,0
9723,220.0794920840417,0.5570409703068435,0
9724,220.09262925002258,0.44487498234957457,0
9725,220.10390750004444,0.33345900010317564,0
9726,220.11473245901288,1.1744160437956452,0
9727,220.12760479201097,0.2567920018918812,0
9728,220.14041370904306,0.27537497226148844,0
9729,220.1507782090339,0.28866599313914776,0
9730,220.16360987501685,0.2423750120215118,0
9731,220.17639279202558,0.4292079829610884,0
9732,220.18844975001412,0.506000011228025,0
9733,220.2015307090478,0.5626659840345383,0
9734,220.21239183400758,0.5630000378005207,0
9735,220.22552766703302,0.6511249812319875,0
9736,220.23729708400788,0.6167080136947334,0
9737,220.25049795903033,0.6315410137176514,0
9738,220.26563733402872,1.041666022501886,0
9739,220.27925033401698,0.5660000024363399,0
9740,220.2923810420325,0.6002499721944332,0
9741,220.30556708405493,0.6896659615449607,0
9742,220.31886150001083,0.4507920239120722,0
9743,220.33188033400802,0.3345410223118961,0
9744,220.34347654203884,0.2739169867709279,0
9745,220.35546312504448,0.3066249773837626,0
9746,220.36832779203542,0.3688749857246876,0
9747,220.38124395901104,0.36925001768395305,0
9748,220.39415562502109,0.3339590039104223,0
9749,220.40706504200352,0.8162920130416751,0
9750,220.4204445000505,0.31220895471051335,0
9751,220.43330995901488,0.26954099303111434,0
9752,220.44613737502368,0.3154589794576168,0
9753,220.45899379201,0.3260830417275429,0
9754,220.46992987504927,0.7507919799536467,0
9755,220.48094733402831,0.3613749868236482,0
9756,220.49386279203463,0.4034999874420464,0
9757,220.50682708405657,0.42241596383973956,0
9758,220.51860216702335,0.37691701436415315,0
9759,220.53079845901811,0.2964999875985086,0
9760,220.54364837502362,0.43345900485292077,0
9761,220.5559194170055,0.594375014770776,0
9762,220.56844145903597,0.45683298958465457,0
9763,220.5797574170283,,1
9764,220.69292658404447,,1
9765,220.8065179590485,,1
9766,220.91855987504823,,1
9767,221.03243629203644,,1
9768,221.14626758400118,,1
9769,221.26012316701235,,1
9770,221.3731116670533,,1
9771,221.48739037505584,0.4933749441988766,0
9772,221.50051987502957,0.34008402144536376,0
9773,221.51249975000974,0.4318340215831995,0
9774,221.52365158405155,0.286665977910161,0
9775,221.53567975002807,0.5081670242361724,0
9776,221.5488252500072,0.3744999994523823,0
9777,221.56176541704917,0.33020798582583666,0
9778,221.5726169590489,0.27424999279901385,0
9779,221.58547925000312,0.31887501245364547,0
9780,221.59838187502464,0.3588750259950757,0
9781,221.61132337502204,0.24983403272926807,0
9782,221.62258312501945,0.1782919862307608,0
9783,221.6351227920386,0.15041697770357132,0
9784,221.6475852500298,,1
9785,221.76434758404503,0.3902500029653311,0
9786,221.77603808400454,3.154166042804718,0
9787,221.8073375840322,0.4029580159112811,0
9788,221.82555229205173,9.731374972034246,0
9789,221.84785145905335,2.3842909722588956,0
9790,221.86298241704935,,1
9791,221.97702229203423,0.5362919764593244,0
9792,221.98953100002836,0.5658339941874146,0
9793,222.0026894590119,0.36179099697619677,0
9794,222.01322175003588,0.3225840046070516,0
9795,222.02611900004558,0.3209169954061508,0
9796,222.03906837501563,0.3706670249812305,0
9797,222.05200875003356,0.29558397363871336,0
9798,222.0645691670361,0.38929202128201723,0
9799,222.07638570904965,0.35920797381550074,0
9800,222.08832645905204,1.8675829633139074,0
9801,222.10281900002155,0.5738339968957007,0
9802,222.11405429203296,0.4297500126995146,0
9803,222.12736800004495,0.783249968662858,0
9804,222.13990870903945,0.29150000773370266,0
9805,222.1513535840204,0.3172910073772073,0
9806,222.16424254199956,0.28079201001673937,0
9807,222.1750779170543,0.4632920026779175,0
9808,222.1881570420228,0.35924999974668026,0
9809,222.19946816703305,1.380082976538688,0
9810,222.21371729200473,0.31758303521201015,0
9811,222.22629487502854,0.41908398270606995,0
9812,222.23925283405697,0.3080409951508045,0
9813,222.25217866705498,0.6885419716127217,0
9814,222.26400320901303,0.458249996881932,0
9815,222.2770675420179,0.7965830154716969,0
9816,222.28926237503765,0.5437500076368451,0
9817,222.30238791700685,0.45787502313032746,0
9818,222.3137234170572,0.7864169892854989,0
9819,222.32476608402794,0.3377909888513386,0
9820,222.33690754201962,,1
9821,222.45545050001238,,1
9822,222.56783733400516,,1
9823,222.6825339590432,,1
9824,222.79653312504524,,1
9825,222.9100040840567,,1
9826,223.02458150003804,1.4177499688230455,0
9827,223.04105241701473,0.4930830327793956,0
9828,223.05414220900275,0.4926249966956675,0
9829,223.06572675000643,0.47400000039488077,0
9830,223.07881570904283,0.46154099982231855,0
9831,223.0914139590459,0.3342079580761492,0
9832,223.10434312501457,0.560334010515362,0
9833,223.1175308340462,,1
9834,223.2295482090558,,1
9835,223.34351708402392,,1
9836,223.4568986670347,,1
9837,223.57135754200863,,1
9838,223.68446887505706,,1
9839,223.79747483402025,,1
9840,223.91184745903593,,1
9841,224.0253750840202,,1
9842,224.13925595901674,,1
9843,224.25317795900628,,1
9844,224.36701904202346,,1
9845,224.48094575002324,,1
9846,224.59390712500317,,1
9847,224.70789170905482,,1
9848,224.82176850002725,,1
9849,224.9337136670365,,1
9850,225.04744945903076,,1
9851,225.1604265840142,0.4869159893132746,0
9852,225.1729528750293,0.4391670227050781,0
9853,225.1859770840383,0.38479099748656154,0
9854,225.19894000003114,0.2887499867938459,0
9855,225.210505959054,0.20549999317154288,0
9856,225.22325654205633,0.3959579626098275,0
9857,225.23425070900703,0.3204580279998481,0
9858,225.24714062502608,0.33658399479463696,0
9859,225.26004875003127,0.45300001511350274,0
9860,225.27309175004484,0.23479200899600983,0
9861,225.2858812920167,0.29141700360924006,0
9862,225.29872625001008,0.3516250289976597,0
9863,225.31067204201827,0.42799999937415123,0
9864,225.3236725840252,0.43700000969693065,0
9865,225.33636870904593,0.36174996057525277,0
9866,225.34809116704855,0.3748749732039869,0
9867,225.3601292920066,0.24037499679252505,0
9868,225.37293712503742,0.5119169945828617,0
9869,225.3863029590575,0.3859159769490361,0
9870,225.3972197920084,0.34854200202971697,0
9871,225.41012558405055,0.38062495877966285,0
9872,225.42349187500076,0.5764590459875762,0
9873,225.43631533405278,0.43416599510237575,0
9874,225.44948991702404,0.504916999489069,0
9875,225.46206637501018,0.44116703793406487,0
9876,225.47508100001141,0.650083995424211,0
9877,225.4873414169997,0.36025000736117363,0
9878,225.49807862500893,0.38758403388783336,0
9879,225.50907475000713,0.24895899696275592,0
9880,225.52067212504335,0.5895419744774699,0
9881,225.5313921670313,1.7744579818099737,0
9882,225.5452261250466,0.38766697980463505,0
9883,225.55570162500953,0.30720903305336833,0
9884,225.56864583404968,0.29199995333328843,0
9885,225.58146395900985,0.1486660330556333,0
9886,225.59413041704101,0.20220800070092082,0
9887,225.60686904203612,0.2529170014895499,0
9888,225.6196465420071,0.28654199559241533,0
9889,225.63139008404687,0.3767079906538129,0
9890,225.64244454202708,0.3149170079268515,0
9891,225.65475745900767,0.2794160391204059,0
9892,225.66523045900976,,1
9893,225.7789245840395,,1
9894,225.8923292090185,,1
9895,226.0042053340003,,1
9896,226.1179705420509,,1
9897,226.2315551250358,,1
9898,226.3439574590302,,1
9899,226.45781120902393,,1
9900,226.5712798750028,,1
9901,226.68522804201348,0.7191250333562493,0
9902,226.69856300001265,0.26862503727898,0
9903,226.71141741704196,0.5208749789744616,0
9904,226.72367154201493,0.275125028565526,0
9905,226.73555741703603,0.3014579997397959,0
9906,226.74808737501735,0.19970902940258384,0
9907,226.75932316703256,0.3005000180564821,0
9908,226.77120800002012,0.27654203586280346,0
9909,226.7829283750034,0.3737090155482292,0
9910,226.795873709023,0.27950003277510405,0
9911,226.80874295905232,0.17566594760864973,0
9912,226.8214575840393,0.17158297123387456,0
9913,226.83416662504897,0.1769589725881815,0
9914,226.8459166670218,0.20195799879729748,0
9915,226.85686791705666,0.2162919845432043,0
9916,226.86760362505447,0.18458400154486299,0
9917,226.88033666700358,0.3848750493489206,0
9918,226.89089041703846,0.399957993067801,0
9919,226.9013792500482,,1
9920,227.01315295899985,0.4431250272318721,0
9921,227.0250005000271,0.5932499771006405,0
9922,227.0382133340463,0.5553750088438392,0
9923,227.0507000000216,0.5865420098416507,0
9924,227.0625707920408,0.46891701640561223,0
9925,227.07445658399956,0.49170805141329765,0
9926,227.0863105840399,0.5362909869290888,0
9927,227.09939395904075,0.41591597255319357,0
9928,227.10993237502407,0.435416994150728,0
9929,227.12179508403642,0.5577499978244305,0
9930,227.13556108402554,0.45683298958465457,0
9931,227.14860887505347,,1
9932,227.262491417001,0.5515830125659704,0
9933,227.27352437505033,0.46012498205527663,0
9934,227.28441454202402,0.47870801063254476,0
9935,227.30008075002115,0.601625011768192,0
9936,227.3132950840518,0.583415967412293,0
9937,227.32647091703257,0.39366696728393435,0
9938,227.3394616250298,0.5175420083105564,0
9939,227.35261095903115,0.4249580088071525,0
9940,227.36560295900563,0.41445804527029395,0
9941,227.37867537501734,0.3229590365663171,0
9942,227.3896312500001,0.40370901115238667,0
9943,227.40260933403624,0.45774999307468534,0
9944,227.41566554200836,0.5565000465139747,0
9945,227.4268777500256,0.5450000171549618,0
9946,227.4375112920534,0.5735419690608978,0
9947,227.45015179202892,0.4747919738292694,0
9948,227.46130616700975,0.564000045415014,0
9949,227.47451154200826,0.5975000094622374,0
9950,227.4879982090206,0.7305830367840827,0
9951,227.50108116702177,0.578792009036988,0
9952,227.51429004204692,0.5415419582277536,0
9953,227.52743625000585,0.5929170292802155,0
9954,227.54025079205167,0.5567079642787576,0
9955,227.55218362505548,0.49158395268023014,0
9956,227.56528629205422,0.538166961632669,0
9957,227.57969737501116,1.1364590027369559,0
9958,227.59343254205305,0.31341699650511146,0
9959,227.60632350004744,0.44879200868308544,0
9960,227.6187449170393,0.553749967366457,0
9961,227.6306037500035,0.4406670341268182,0
9962,227.6436371250311,0.4349999944679439,0
9963,227.65600516705308,0.5384999676607549,0
9964,227.6691430840292,0.48158300342038274,0
9965,227.68092891701963,0.4550000303424895,0
9966,227.69396383402636,0.3993330174125731,0
9967,227.70696687500458,0.3600420313887298,0
9968,227.71989083400695,0.3517080331221223,0
9969,227.73208333400544,0.3470000228844583,0
9970,227.74498658400262,0.3805410233326256,0
9971,227.75794425001368,0.5242500337772071,0
9972,227.77105708402814,0.5438330117613077,0
9973,227.7841743750032,0.5590000073425472,0
9974,227.79560704203323,0.5244999774731696,0
9975,227.80721170903416,0.2840000088326633,0
9976,227.8191619590507,0.2579579595476389,0
9977,227.8319313340471,0.299000006634742,0
9978,227.84477008401882,0.33670803532004356,0
9979,227.8559390840237,0.40208298014476895,0
9980,227.86891891702544,0.4039169871248305,0
9981,227.88091795903165,0.21079101134091616,0
9982,227.89368166704662,0.2591669908724725,0
9983,227.90623733401299,0.3349999897181988,0
9984,227.91789741703542,0.35316700814291835,0
9985,227.93082283402327,0.5079580005258322,0
9986,227.9419105000561,0.7111249724403024,0
9987,227.95520608400693,0.5882499972358346,0
9988,227.96837087505264,0.6036669947206974,0
9989,227.98154800001066,0.6089170346967876,0
9990,227.9933282090351,0.5677500157617033,0
9991,228.00647945899982,0.61495800036937,0
9992,228.01771870901575,0.6528330268338323,0
9993,228.03094425000018,0.47254201490432024,0
9994,228.04305691702757,0.5452500190585852,0
9995,228.0559322500485,0.44312496902421117,0
9996,228.06866637500934,0.45250001130625606,0
9997,228.08138279203558,0.42566697811707854,0
9998,228.09270316699985,0.4717500414699316,0
9999,228.10577708401252,0.42212504195049405,0
