seq,times_elapsed_secs,rtt_ms,lost
0,3.7500285543501377e-06,0.495165993925184,0
1,0.013059250020887703,0.48241601325571537,0
2,0.026129416015464813,0.25212502805516124,0
3,0.03892783302580938,0.20695797866210341,0
4,0.05168895801762119,0.2465000143274665,0
5,0.06449499999871477,0.3124580252915621,0
6,0.07737116602947935,0.3059590235352516,0
7,0.0902241250150837,0.36891602212563157,0
8,0.10283604101277888,0.4722499870695174,0
9,0.11590341600822285,0.27529202634468675,0
10,0.12876129103824496,0.39283401565626264,0
11,0.14178762503433973,0.3554999711923301,0
12,0.1547240000218153,,1
13,0.26720408303663135,,1
14,0.3805181250208989,,1
15,0.49189275002572685,,1
16,0.6056878750096075,,1
17,0.7190767080173828,,1
18,0.8300924580544233,0.3416669787839055,0
19,0.8430320000043139,0.27070799842476845,0
20,0.8558654160005972,0.2596250269562006,0
21,0.8667788750026375,0.24466600734740496,0
22,0.8789255000301637,0.21604099310934544,0
23,0.8916692080092616,0.1727920025587082,0
24,0.9043808749993332,0.2164160250686109,0
25,0.9170697080553509,0.1735419500619173,0
26,0.9282921660342254,0.1406670198775828,0
27,0.939227375027258,0.15120801981538534,0
28,0.9518999160500243,0.14837499475106597,0
29,0.9635410830378532,0.12683297973126173,0
30,0.9761823750450276,0.12983300257474184,0
31,0.9888376660528593,0.15454198000952601,0
32,1.0011773750302382,0.14479097444564104,0
33,1.012937083025463,0.1343329786323011,0
34,1.023122875019908,,1
35,1.1368451660382561,,1
36,1.250694916001521,,1
37,1.3631982080405578,,1
38,1.4753482910455205,0.5859590019099414,0
39,1.4885372910066508,0.5598340067081153,0
40,1.4998278749990277,0.24387502344325185,0
41,1.5126262500416487,0.36479096161201596,0
42,1.523270666017197,0.30983402393758297,0
43,1.5361335830530152,0.37579197669401765,0
44,1.5490752080222592,0.3947080112993717,0
45,1.5605110830510966,0.35449996357783675,0
46,1.5726053329999559,0.3837500116787851,0
47,1.5855335410451517,0.1871249987743795,0
48,1.598257583042141,0.3072079853154719,0
49,1.61110604100395,0.3209169954061508,0
50,1.622438416001387,0.5044590216130018,0
51,1.635492500034161,0.30274997698143125,0
52,1.6483532499987632,0.35375001607462764,0
53,1.6612522500217892,0.2353329909965396,0
54,1.6740383330034092,0.2328749978914857,0
55,1.686797000002116,0.2055829972960055,0
56,1.6979692080058157,0.18025003373622894,0
57,1.710673207999207,0.19504205556586385,0
58,1.7233864160371013,0.19166700076311827,0
59,1.7361010830500163,0.37695799255743623,0
60,1.7490279580233619,0.19291701028123498,0
61,1.7616346660070121,0.22899999748915434,0
62,1.772686500044074,0.17708295490592718,0
63,1.7853856660076417,0.23441703524440527,0
64,1.7981433750246651,0.22008299129083753,0
65,1.8108759580063634,0.22008304949849844,0
66,1.8236098330235109,0.2519999979995191,0
67,1.8364069160306826,0.9949589730240405,0
68,1.8500197910470888,0.3415839746594429,0
69,1.8610174159985036,0.30908401822671294,0
70,1.8739016250474378,0.2881659893319011,0
71,1.8866286250413395,0.5234159762039781,0
72,1.8997395830228925,0.24020799901336432,0
73,1.9125559580279514,0.20220800070092082,0
74,1.9253126250114292,0.2811659942381084,0
75,1.9381745410501026,0.2887919545173645,0
76,1.9510395000106655,0.23320800391957164,0
77,1.9638227500254288,0.25654101045802236,0
78,1.9754233750281855,0.364875013474375,0
79,1.987552875012625,0.36041601561009884,0
80,2.0004608330200426,0.3316249931231141,0
81,2.0133316660067067,0.330834009218961,0
82,2.0247257910086773,0.3307090373709798,0
83,2.0375829160329886,0.4135839990340173,0
84,2.0505409160396084,0.4077499615959823,0
85,2.062693500018213,0.45016600051894784,0
86,2.0745038330205716,0.5073749925941229,0
87,2.086136666010134,0.5728339892812073,0
88,2.0992630410473794,2.210541977547109,0
89,2.1117800830397755,0.7990829763002694,0
90,2.1227627500193194,,1
91,2.235243500035722,,1
92,2.3495177080039866,,1
93,2.4620750410249457,,1
94,2.5749625410535373,,1
95,2.6867291660164483,,1
96,2.8002303750254214,,1
97,2.9116238750284538,,1
98,3.0255272080539726,,1
99,3.138934541027993,0.6569590186700225,0
100,3.151949291001074,0.3375420346856117,0
101,3.1631047500413842,0.3041249583475292,0
102,3.174229208030738,0.2821669913828373,0
103,3.1866238330258057,0.37274998612701893,0
104,3.1995547910337336,0.4377500154078007,0
105,3.2116530000348575,0.5462499684654176,0
106,3.2247634580126032,0.47979201190173626,0
107,3.236264375038445,0.7078750059008598,0
108,3.2495482910308056,0.49454200780019164,0
109,3.2620717080426402,0.6266249692998827,0
110,3.2752509160200134,0.439041992649436,0
111,3.2882887910236605,0.6221670191735029,0
112,3.2996448330231942,0.44829200487583876,0
113,3.312663375050761,0.5177499842830002,0
114,3.325158833002206,0.47562504187226295,0
115,3.336122250009794,1.591166015714407,0
116,3.3502876660204493,0.532834033947438,0
117,3.3619477080064826,0.3879170399159193,0
118,3.374919875001069,0.5198750295676291,0
119,3.3856773750158027,0.3007909981533885,0
120,3.3985307500115596,0.5047080339863896,0
121,3.4095059580286033,0.5862080142833292,0
122,3.4222361250431277,0.5542910075746477,0
123,3.435356166039128,,1
124,3.5492804160458036,0.6252090097405016,0
125,3.5601495830342174,0.5585419712588191,0
126,3.5724882910144515,0.6888339994475245,0
127,3.5857763750245795,2.409457985777408,0
128,3.6009942500386387,0.3327080048620701,0
129,3.6139199580065906,0.5979170091450214,0
130,3.6257156660431065,0.381499994546175,0
131,3.6371567500173114,0.4488329868763685,0
132,3.6494069160544313,0.5115839885547757,0
133,3.6625282910536043,0.42691698763519526,0
134,3.6731770830228925,0.3363750292919576,0
135,3.6860606660484336,0.35195896634832025,0
136,3.696773750009015,0.3690000157803297,0
137,3.709699208033271,0.2847079886123538,0
138,3.720309249998536,0.4630410112440586,0
139,3.7331483750022016,0.3452500095590949,0
140,3.7459919580142014,0.4579999949783087,0
141,3.7590221660211682,0.4772500251419842,0
142,3.7720760000520386,0.5353329470381141,0
143,3.785222083039116,0.4737079725600779,0
144,3.798251208034344,0.2530419733375311,0
145,3.810650916013401,0.34787500044330955,0
146,3.823564708000049,0.35387504613026977,0
147,3.835015791002661,0.4822090268135071,0
148,3.847025750030298,0.4065000102855265,0
149,3.86251191602787,,1
150,3.975942291028332,0.305499997921288,0
151,3.9869535410543904,0.36462495336309075,0
152,3.9998713330132887,0.30812498880550265,0
153,4.0127262500463985,0.3571249544620514,0
154,4.023381625011098,0.6365830195136368,0
155,4.0363486660062335,0.2857500221580267,0
156,4.047911000030581,0.32187497708946466,0
157,4.060655208013486,0.3350420156493783,0
158,4.071751708048396,0.34620799124240875,0
159,4.0849309580517,0.5413749604485929,0
160,4.097235625027679,0.555582984816283,0
161,4.110407458036207,0.390874978620559,0
162,4.122199250035919,0.28249999741092324,0
163,4.134002208011225,0.3372920327819884,0
164,4.1468827910139225,0.2567500341683626,0
165,4.159701666038018,0.3855839604511857,0
166,4.172654541034717,0.32333401031792164,0
167,4.184682958002668,0.38654200034216046,0
168,4.1978488330496475,0.545457995031029,0
169,4.210968625033274,0.3317079972475767,0
170,4.223870125017129,0.26699999580159783,0
171,4.235987291031051,0.6548339733853936,0
172,4.249170125054661,0.31949998810887337,0
173,4.261003333027475,0.2707919920794666,0
174,4.272804625041317,0.3043749602511525,0
175,4.285696875012945,0.7039580377750099,0
176,4.29838362504961,0.4533749888651073,0
177,4.311410166032147,0.37229200825095177,0
178,4.324400333047379,,1
179,4.437165125040337,,1
180,4.550480208010413,0.6312080076895654,0
181,4.561771625012625,0.38479099748656154,0
182,4.573425125039648,0.33487495966255665,0
183,4.586296958033927,0.5569169879890978,0
184,4.599459041026421,0.41608401807025075,0
185,4.612468333041761,0.5215000128373504,0
186,4.625094500021078,0.4747909842990339,0
187,4.6368085000431165,0.4642079584300518,0
188,4.649067958001979,0.21370803005993366,0
189,4.660664166032802,0.44816697482019663,0
190,4.672171791025903,0.3452919772826135,0
191,4.685080374998506,0.43841602746397257,0
192,4.695860125008039,0.3316660295240581,0
193,4.708754416031297,0.29091699980199337,0
194,4.721928583050612,0.5545419990085065,0
195,4.733818125037942,0.5008329753763974,0
196,4.746940458018798,0.45200000749900937,0
197,4.760007791046519,0.5231249961070716,0
198,4.772652083018329,0.36329199792817235,0
199,4.785593041044194,0.7112089660950005,0
200,4.797379291034304,0.5441670073196292,0
201,4.8080302500166,0.5143749876879156,0
202,4.8198745410190895,,1
203,4.933878416020889,,1
204,5.047022000013385,,1
205,5.15945004101377,,1
206,5.27328312501777,,1
207,5.385311875026673,,1
208,5.499611416016705,,1
209,5.6135274580447,,1
210,5.726404541055672,,1
211,5.839775333006401,,1
212,5.953825208009221,,1
213,6.065856208035257,,1
214,6.179810875037219,,1
215,6.293715208012145,,1
216,6.405799416010268,,1
217,6.518208333000075,,1
218,6.631524374999572,,1
219,6.7454618330230005,0.5633329856209457,0
220,6.758620625012554,0.3635830362327397,0
221,6.769129750027787,0.4035410238429904,0
222,6.781450791051611,0.30395895009860396,0
223,6.793976500048302,0.33912499202415347,0
224,6.806362833012827,6.436666997615248,0
225,6.825404208037071,0.46562496572732925,0
226,6.837740833056159,0.5812079762108624,0
227,6.848861958016641,0.4681670106947422,0
228,6.861901416035835,0.4367089713923633,0
229,6.874917125038337,0.4552080063149333,0
230,6.88794433302246,0.3702079993672669,0
231,6.900887416035403,0.4420420154929161,0
232,6.9126546660554595,0.5329589475877583,0
233,6.925769000023138,0.48754102317616343,0
234,6.9368457500240766,0.538207998033613,0
235,6.9500125830527395,0.40791695937514305,0
236,6.962465291027911,0.46433397801592946,0
237,6.975489041011315,0.4202499985694885,0
238,6.988496833015233,0.518666987773031,0
239,7.001609416038264,0.46070897951722145,0
240,7.013919083052315,0.3141670022159815,0
241,7.0264122080407105,0.2982919686473906,0
242,7.037290708045475,0.4622499691322446,0
243,7.050375458027702,0.426042010076344,0
244,7.061339041043539,0.46800001291558146,0
245,7.07290195801761,0.4283330054022372,0
246,7.085437625006307,0.5365410470403731,0
247,7.098561040998902,0.5379590438678861,0
248,7.111836833006237,0.6961250328458846,0
249,7.123732625041157,1.0974580072797835,0
250,7.13743375003105,0.5319580086506903,0
251,7.150537875015289,0.41450001299381256,0
252,7.16350829100702,0.3172500291839242,0
253,7.176383833051659,0.5007499712519348,0
254,7.190053958038334,0.6965830107219517,0
255,7.2024314580485225,0.5163750029169023,0
256,7.215507291024551,,1
257,7.328284541028552,,1
258,7.441993000044022,0.41562499245628715,0
259,7.454671000014059,0.45120803406462073,0
260,7.4665331250289455,0.4130409797653556,0
261,7.4795498750172555,0.46075001591816545,0
262,7.492234541045036,0.5250839749351144,0
263,7.50534350000089,0.31570805003866553,0
264,7.5182316660066135,0.528500007931143,0
265,7.529769625049084,0.5466250004246831,0
266,7.54183408303652,0.4707499756477773,0
267,7.554899416049011,0.3741669934242964,0
268,7.567848333041184,0.33120799344033003,0
269,7.579158541047946,0.5194999976083636,0
270,7.5922881660517305,0.5043749697506428,0
271,7.604704208031762,0.43524999637156725,0
272,7.617724291048944,0.463999982457608,0
273,7.6284794580424204,0.4836249863728881,0
274,7.6391324160504155,0.3302089753560722,0
275,7.652066916052718,0.5430839955806732,0
276,7.662942000024486,0.41808298556134105,0
277,7.675936958054081,0.480332993902266,0
278,7.688139833044261,0.2905419678427279,0
279,7.700984208029695,0.5113329971209168,0
280,7.712130916013848,,1
281,7.824599208019208,,1
282,7.939151041035075,,1
283,8.053093791007996,,1
284,8.164600750023965,,1
285,8.276680875045713,,1
286,8.389948583033402,0.3974999999627471,0
287,8.402961583051365,0.7439999608322978,0
288,8.416306708008051,0.4064170061610639,0
289,8.42867658304749,0.45545800821855664,0
290,8.44059187505627,0.5580829456448555,0
291,8.453507583006285,0.33237499883398414,0
292,8.466418958036229,0.3867499763146043,0
293,8.479400625044946,0.49945799401029944,0
294,8.492498000035994,0.6663330132141709,0
295,8.503908041049726,0.40254200575873256,0
296,8.515381708042696,0.6537919980473816,0
297,8.527256625005975,0.5407500430010259,0
298,8.54037350002909,0.6502079777419567,0
299,8.553810416022316,0.37691701436415315,0
300,8.565847458026838,0.46900002053007483,0
301,8.578904375026468,0.5243329796940088,0
302,8.592018833034672,0.4837079904973507,0
303,8.602794416015968,1.456167025025934,0
304,8.616620333050378,0.3684999537654221,0
305,8.628627750033047,0.47220801934599876,0
306,8.64071150001837,0.4788750084117055,0
307,8.652297332999296,0.42616704013198614,0
308,8.663151166052558,0.48866699216887355,0
309,8.673862083000131,0.5348750273697078,0
310,8.686137583048549,0.5644999910145998,0
311,8.698099791014101,0.9120000177063048,0
312,8.711621500027832,0.5714580183848739,0
313,8.724787625018507,0.6040000007487833,0
314,8.736755000019912,0.4266659962013364,0
315,8.748861041036434,0.44533400796353817,0
316,8.761888541048393,0.5553339724428952,0
317,8.774032708024606,0.47037500189617276,0
318,8.787082666007336,0.25020900648087263,0
319,8.799176541040652,0.3903749748133123,0
320,8.812164125032723,,1
321,8.924473875027616,,1
322,9.036161125055514,0.8043749839998782,0
323,9.049579458020162,0.5814169999212027,0
324,9.062756625004113,0.5244160420261323,0
325,9.07587337505538,0.7748749922029674,0
326,9.089138375013135,0.39908301550894976,0
327,9.102104916004464,0.36020902916789055,0
328,9.112963291001506,0.5132090300321579,0
329,9.12971520802239,0.5294170114211738,0
330,9.143209625035524,0.5077910027466714,0
331,9.155687291000504,0.36137504503130913,0
332,9.1686246250174,0.5107499891892076,0
333,9.181724083027802,0.5461670225486159,0
334,9.19315283303149,0.5374579923227429,0
335,9.20476591604529,0.450208957772702,0
336,9.21782429103041,0.29850000282749534,0
337,9.230629666009918,1.7262499895878136,0
338,9.244950041000266,0.39950001519173384,0
339,9.255802416009828,0.5623750039376318,0
340,9.266991750046145,0.4076659679412842,0
341,9.27997516602045,0.5675000138580799,0
342,9.29314833303215,0.5740419728681445,0
343,9.305805208045058,0.42691698763519526,0
344,9.316392375039868,0.4439579788595438,0
345,9.328286416013725,0.38287503411993384,0
346,9.34122662502341,0.5442079855129123,0
347,9.354554250021465,1.4319579931907356,0
348,9.368558540998492,0.47329202061519027,0
349,9.381596291030291,0.39483397267758846,0
350,9.39415262505645,0.7388749509118497,0
351,9.405706291028764,2.3318749736063182,0
352,9.419825625023805,0.4214160144329071,0
353,9.43128533300478,0.3969999961555004,0
354,9.443973916000687,0.2989170025102794,0
355,9.456833916017786,0.2531670033931732,0
356,9.469609040999785,0.19758404232561588,0
357,9.482320375042036,0.2158329589292407,0
358,9.495056791056413,0.2121669822372496,0
359,9.50779900001362,0.22445799550041556,0
360,9.520584041019902,0.30987500213086605,0
361,9.531055791012477,0.35058404318988323,0
362,9.543852791015524,0.8222089963965118,0
363,9.55610941600753,0.5551250069402158,0
364,9.5678292910452,0.5076249944977462,0
365,9.579059791052714,0.47874997835606337,0
366,9.592120333050843,0.4272919613867998,0
367,9.603415750025306,0.4084159736521542,0
368,9.61639262503013,0.4677079850807786,0
369,9.627838625048753,0.5456249928101897,0
370,9.639140666055027,0.5535839591175318,0
371,9.652278916037176,0.517916982062161,0
372,9.664017333008815,0.5833750474266708,0
373,9.675846916041337,0.5148340133018792,0
374,9.68769237503875,0.3394579980522394,0
375,9.700606666039675,0.2899589599110186,0
376,9.71161487500649,0.41075004264712334,0
377,9.72310370800551,0.38462504744529724,0
378,9.736041916010436,0.5197920254431665,0
379,9.749100625049323,0.23433298338204622,0
380,9.761939166055527,0.8797089685685933,0
381,9.7753826250555,0.4349579685367644,0
382,9.786238125001546,0.2876660437323153,0
383,9.797861375031061,0.46787498285993934,0
384,9.810916625021491,0.44254102976992726,0
385,9.821541250043083,0.4137909854762256,0
386,9.834508541040123,,1
387,9.946321333001833,,1
388,10.058911500032991,,1
389,10.172193500038702,,1
390,10.285416750004515,,1
391,10.396898500039242,,1
392,10.510727458051406,,1
393,10.623846250004135,,1
394,10.73764787503751,,1
395,10.852162583032623,,1
396,10.96484250004869,,1
397,11.078613750054501,,1
398,11.192462458042428,,1
399,11.306321916054003,,1
400,11.417749041051138,,1
401,11.53180258302018,,1
402,11.644973416056018,,1
403,11.757716250023805,0.5504160071723163,0
404,11.769473166030366,0.5662090261466801,0
405,11.782618875033222,0.4300830187276006,0
406,11.795022291014902,0.24100003065541387,0
407,11.806861416029278,0.26333401910960674,0
408,11.819676041021012,0.21829199977219105,0
409,11.831648833001964,0.40383305167779326,0
410,11.844625124998856,0.3851250512525439,0
411,11.855815791001078,0.41750003583729267,0
412,11.868777541036252,0.47266698675230145,0
413,11.880066208017524,0.4485000390559435,0
414,11.891061833011918,0.46079204184934497,0
415,11.902930083044339,0.9117499575950205,0
416,11.916415500047151,0.5299999611452222,0
417,11.929521333018783,0.6087920046411455,0
418,11.9408761660452,0.566834001801908,0
419,11.952312833047472,0.42112497612833977,0
420,11.965328875056002,0.5352499429136515,0
421,11.978310083039105,0.5827079876326025,0
422,11.99147366604302,0.4920839564874768,0
423,12.002921125036664,0.5254159914329648,0
424,12.01401900005294,0.5883749690838158,0
425,12.025161541008856,9.8834169912152,0
426,12.047622750047594,0.4487499827519059,0
427,12.059602583001833,0.6959580350667238,0
428,12.07294391602045,0.36449998151510954,0
429,12.088629000005312,0.5294580478221178,0
430,12.10009900003206,0.3302500117570162,0
431,12.112997291027568,0.43745897710323334,0
432,12.125693416048307,1.229124958626926,0
433,12.139494458038826,0.2096669632010162,0
434,12.151291791000403,0.2239170134998858,0
435,12.162091583013535,0.5187920178286731,0
436,12.1742653750116,0.2732500433921814,0
437,12.186787875019945,0.24745799601078033,0
438,12.199589958006982,0.2513750223442912,0
439,12.211456041026395,0.23233401589095592,0
440,12.224235875008162,0.251916004344821,0
441,12.236169708019588,0.2918330137617886,0
442,12.248049916001037,0.338125042617321,0
443,12.259926833037753,0.3059579757973552,0
444,12.272464958019555,0.2980420249514282,0
445,12.28305733302841,0.339832971803844,0
446,12.295972875028383,0.3846660256385803,0
447,12.308943458017893,0.3435830003581941,0
448,12.319572666019667,0.2543749869801104,0
449,12.332377333019394,0.26362499920651317,0
450,12.345191916043404,0.2776249893940985,0
451,12.35730275005335,0.3619579947553575,0
452,12.370458041026723,0.9308750159107149,0
453,12.383986708009616,0.5152919911779463,0
454,12.394602958054747,0.5557499825954437,0
455,12.407753208011854,0.49579201731830835,0
456,12.420833125011995,0.35737501457333565,0
457,12.433826375054196,0.2643749467097223,0
458,12.445993250003085,0.38783304626122117,0
459,12.458982458047103,0.49008295172825456,0
460,12.471064958022907,0.38895802572369576,0
461,12.48318720801035,0.42554200626909733,0
462,12.49618079100037,0.5066250450909138,0
463,12.509251666022465,,1
464,12.623053000017535,0.41445798706263304,0
465,12.635651166026946,0.2666669897735119,0
466,12.648505666002166,,1
467,12.761835458048154,,1
468,12.874028708029073,,1
469,12.9879363750224,,1
470,13.102018125005998,,1
471,13.21639962500194,,1
472,13.330168625048827,,1
473,13.443915166018996,,1
474,13.557258708053268,,1
475,13.669477625051513,,1
476,13.783246666018385,,1
477,13.896926790999714,,1
478,14.010943291010335,,1
479,14.124780291051138,,1
480,14.238367333018687,,1
481,14.35149845801061,,1
482,14.465138583036605,,1
483,14.576906250033062,,1
484,14.687545208027586,,1
485,14.80174058303237,,1
486,14.913127916050144,,1
487,15.027072833036073,0.6896670092828572,0
488,15.039134208054747,0.3208749694749713,0
489,15.052020000002813,0.28845801716670394,0
490,15.064035250048619,0.31099998159334064,0
491,15.076953750045504,0.42749999556690454,0
492,15.088929707999341,0.32462505623698235,0
493,15.101811833039392,0.3196249599568546,0
494,15.112961458042264,0.441916985437274,0
495,15.124383958056569,0.40329195326194167,0
496,15.136569583031815,0.33012498170137405,0
497,15.14943533303449,0.3396670217625797,0
498,15.162322833028156,0.4134170012548566,0
499,15.175291041028686,0.3617500187829137,0
500,15.18660508299945,1.1219170410186052,0
501,15.200282916019205,0.3895839909091592,0
502,15.2132297080243,,1
503,15.32698579103453,,1
504,15.440798333031125,,1
505,15.552865791018121,,1
506,15.666204166016541,,1
507,15.780018165998627,,1
508,15.893768750014715,,1
509,16.00646854104707,,1
510,16.120179958001245,,1
511,16.23313191602938,,1
512,16.34457300003851,,1
513,16.45838237501448,0.5347910337150097,0
514,16.47149041603552,0.2642920007929206,0
515,16.48347666603513,0.18575001740828156,0
516,16.49489229102619,0.19987497944384813,0
517,16.506003500020597,0.2501250128261745,0
518,16.518110916018486,0.25683402782306075,0
519,16.529506125021726,0.3654580214060843,0
520,16.540901708009187,0.49887504428625107,0
521,16.553248416050337,0.21599995670840144,0
522,16.566005250031594,0.22624997654929757,0
523,16.57808341603959,0.23295899154618382,0
524,16.590879666036926,0.2132090157829225,0
525,16.60192291601561,0.2735840389505029,0
526,16.613748708041385,0.37054199492558837,0
527,16.62589404103346,0.520500005222857,0
528,16.638295000011567,0.3549579996615648,0
529,16.651234208024107,0.41262502782046795,0
530,16.662604041048326,,1
531,16.77641308301827,,1
532,16.89036566601135,,1
533,17.002076625009067,,1
534,17.114680416008923,,1
535,17.227627083018888,,1
536,17.341541000001598,,1
537,17.455720250029117,,1
538,17.569226833002176,,1
539,17.685092583007645,,1
540,17.799483958049677,,1
541,17.913189375016373,,1
542,18.02711604104843,,1
543,18.141174041025806,,1
544,18.254134500049986,,1
545,18.36696979100816,,1
546,18.479960083030164,,1
547,18.595011833007447,,1
548,18.716439625015482,,1
549,18.831547083042096,,1
550,18.942967833019793,,1
551,19.056762457999866,,1
552,19.17073854105547,,1
553,19.28303054103162,,1
554,19.396961541031487,,1
555,19.509455750056077,,1
556,19.622779333032668,,1
557,19.73685791605385,,1
558,19.850838333019055,0.5824579857289791,0
559,19.864106583001558,0.7092920131981373,0
560,19.877444291021675,0.4597920342348516,0
561,19.889807958039455,0.3784999717026949,0
562,19.902747708023526,0.3886669874191284,0
563,19.915259916044306,0.4312919918447733,0
564,19.927130333031528,0.38475001929327846,0
565,19.940107416012324,0.7642920245416462,0
566,19.95387233304791,0.9695419576019049,0
567,19.967549541033804,0.6118339952081442,0
568,19.980767625034787,,1
569,20.092001416021958,,1
570,20.20623020804487,,1
571,20.32001125003444,,1
572,20.43342645803932,,1
573,20.54646262503229,,1
574,20.65817925002193,,1
575,20.769679000019096,,1
576,20.88164716603933,,1
577,20.993513375055045,,1
578,21.10601733304793,,1
579,21.219112500024494,0.6849580095149577,0
580,21.232437791011762,0.32220903085544705,0
581,21.245335666055325,0.4373339470475912,0
582,21.258372875046916,0.5332079599611461,0
583,21.269219291047193,0.4377089790068567,0
584,21.27991275000386,0.4866250092163682,0
585,21.29298462503357,0.29991602059453726,0
586,21.305172041000333,0.5685420474037528,0
587,21.316975166031625,0.2845840062946081,0
588,21.329754125035834,0.5927910096943378,0
589,21.342949958052486,0.5095829837955534,0
590,21.355098541011102,0.28137501794844866,0
591,21.366581916052382,0.4966669948771596,0
592,21.379652500036173,0.4571659956127405,0
593,21.392707791004796,0.4686670145019889,0
594,21.405767791031394,0.3090000245720148,0
595,21.418650000006892,0.5686249933205545,0
596,21.431908416037913,0.35608396865427494,0
597,21.44335995800793,0.5016250070184469,0
598,21.455224833043758,0.36791700404137373,0
599,21.468199708033353,0.4352079704403877,0
600,21.481225083000027,0.3245000261813402,0
601,21.494124375050887,0.3980000037699938,0
602,21.506439541000873,0.29916700441390276,0
603,21.51828437502263,0.36333297612145543,0
604,21.53126204101136,0.4180840332992375,0
605,21.54425945802359,0.4939580103382468,0
606,21.555475625034887,0.2842909889295697,0
607,21.568363375030458,0.38525002310052514,0
608,21.581324583035894,0.41683297604322433,0
609,21.593003958056215,0.46074995771050453,0
610,21.606853666016832,0.5065419827587903,0
611,21.61879662499996,0.328000052832067,0
612,21.63169045804534,0.4135419731028378,0
613,21.643971125013195,0.2916250377893448,0
614,21.656829166051466,0.36037497920915484,0
615,21.668826750013977,0.2722910139709711,0
616,21.68082420801511,1.4190830406732857,0
617,21.694849625055213,0.4702909500338137,0
618,21.707094125042204,2.3818750050850213,0
619,21.72207995801,0.46608300181105733,0
620,21.732770541042555,0.2358339843340218,0
621,21.745572125015315,0.30816602520644665,0
622,21.75844191602664,0.2507090102881193,0
623,21.77122962503927,0.13462500646710396,0
624,21.783903583011124,0.20608300110325217,0
625,21.796669583010953,0.4142500110901892,0
626,21.808905916055664,0.4487499827519059,0
627,21.819467916036956,0.3065000055357814,0
628,21.83066791604506,0.42349996510893106,0
629,21.843688958033454,0.520791974849999,0
630,21.85680820804555,0.2888329909183085,0
631,21.868196416005958,0.2775000175461173,0
632,21.879238291003276,0.27662503998726606,0
633,21.891096291015856,0.28233398916199803,0
634,21.902731666050386,0.27220899937674403,0
635,21.915573208010755,0.18045800970867276,0
636,21.928310083050746,0.17433299217373133,0
637,21.939452291000634,0.16879203030839562,0
638,21.95216933300253,0.19720802083611488,0
639,21.96493079100037,0.2357920166105032,0
640,21.977728458005004,0.19387505017220974,0
641,21.990462041052524,0.20412495359778404,0
642,22.003206541005056,0.17612503143027425,0
643,22.01554600003874,0.15495799016207457,0
644,22.026931083004456,0.10779203148558736,0
645,22.038283208035864,0.15658297343179584,0
646,22.050988291040994,0.21162501070648432,0
647,22.062641166034155,0.21475000539794564,0
648,22.07539320801152,0.24491699878126383,0
649,22.087193625047803,0.341624952852726,0
650,22.099267583049368,0.2822079695761204,0
651,22.112114500021562,0.27491600485518575,0
652,22.12273887504125,0.26004097890108824,0
653,22.135538125003222,0.23212505038827658,0
654,22.14592745801201,0.3212920273654163,0
655,22.158586666046176,0.36908400943502784,0
656,22.171048791031353,0.39766699774190784,0
657,22.18400162504986,0.3524579806253314,0
658,22.196269583015237,0.30395801877602935,0
659,22.209114708006382,0.28654199559241533,0
660,22.220558500033803,0.2454579807817936,0
661,22.233344083011616,0.2311250427737832,0
662,22.24611166602699,0.26383402291685343,0
663,22.25843262503622,0.2330410061404109,0
664,22.26940516603645,0.2441669930703938,0
665,22.282185333024245,0.2209169906564057,0
666,22.294949333008844,0.22616703063249588,0
667,22.30773645802401,0.5357079789973795,0
668,22.320600958017167,0.3332500346004963,0
669,22.333901500038337,0.3618749906308949,0
670,22.34602979104966,0.35674998071044683,0
671,22.3566598330508,0.30625000363215804,0
672,22.369524708017707,,1
673,22.482584250043146,0.3080409951508045,0
674,22.495461375045124,0.2977079711854458,0
675,22.50834808300715,0.18900004215538502,0
676,22.520654958032537,0.17729197861626744,0
677,22.53337470802944,0.20950002362951636,0
678,22.54614433302777,0.23958302335813642,0
679,22.558928333048243,0.2092499635182321,0
680,22.56950833305018,0.22412498947232962,0
681,22.58176737499889,0.21020800340920687,0
682,22.594530208036304,0.21054199896752834,0
683,22.60728266602382,0.186417018994689,0
684,22.61896712501766,0.18974998965859413,0
685,22.63029020803515,0.18787500448524952,0
686,22.64301558304578,0.2354579628445208,0
687,22.655817457998637,0.23229204816743731,0
688,22.668593166046776,0.20158395636826754,0
689,22.681332166015636,0.19912503194063902,0
690,22.692090708005708,0.22662500850856304,0
691,22.704861291043926,0.19337498815730214,0
692,22.71758850000333,0.18266600091010332,0
693,22.728974291007034,0.1931250444613397,0
694,22.739409333036747,0.19466696539893746,0
695,22.75213745801011,0.2661250182427466,0
696,22.764951916004065,0.2607920323498547,0
697,22.775572833023034,0.3243749961256981,0
698,22.78841962502338,0.300833024084568,0
699,22.80049091600813,0.23683399194851518,0
700,22.813300833047833,0.2181250019930303,0
701,22.826076708035544,0.21583301713690162,0
702,22.836543458048254,0.269249954726547,0
703,22.849402416031808,0.19116699695587158,0
704,22.86174529104028,0.281583983451128,0
705,22.874567040998954,0.25741703575477004,0
706,22.887187625048682,0.2840409870259464,0
707,22.900042332999874,0.25533302687108517,0
708,22.912020791030955,0.290958967525512,0
709,22.923131500021555,0.2762500080280006,0
710,22.93594729102915,0.24149997625499964,0
711,22.948782208026387,0.3005000180564821,0
712,22.961619000008795,0.29437500052154064,0
713,22.974452791037038,0.2887920127250254,0
714,22.9872805410414,0.2530000056140125,0
715,23.000102291000076,0.23654202232137322,0
716,23.0125693330192,0.27245801175013185,0
717,23.02538133302005,0.2775000175461173,0
718,23.03783329104772,0.3040839801542461,0
719,23.05073216604069,0.2519169938750565,0
720,23.06355495803291,0.2467079902999103,0
721,23.076341875013895,0.2793330349959433,0
722,23.08689758303808,0.23187499027699232,0
723,23.099670666037127,0.24449999909847975,0
724,23.112056500045583,0.26775000151246786,0
725,23.123708125029225,0.25883299531415105,0
726,23.135649458039552,0.23891701130196452,0
727,23.148426041007042,0.2596669946797192,0
728,23.161234791041352,0.4247089964337647,0
729,23.174218083033338,0.45537500409409404,0
730,23.186900625005364,0.34508301177993417,0
731,23.199788708006963,0.37041702307760715,0
732,23.2127293330268,0.3452500095590949,0
733,23.225649291009177,0.32508402364328504,0
734,23.23852016602177,0.28895901050418615,0
735,23.251364291005302,0.30983402393758297,0
736,23.26421512500383,0.3000000142492354,0
737,23.27706654102076,0.2819590154103935,0
738,23.289890875050332,0.31524995574727654,0
739,23.30065041600028,0.2988339983858168,0
740,23.313488791056443,0.2972499933093786,0
741,23.326326333044562,0.3060830058529973,0
742,23.33917279104935,0.28895895229652524,0
743,23.34973950003041,0.28425001073628664,0
744,23.36256520805182,0.28624996775761247,0
745,23.37342954101041,0.3218750352971256,0
746,23.385638958017807,0.22608303697779775,0
747,23.396390541049186,0.17720897449180484,0
748,23.40909566602204,0.21829199977219105,0
749,23.419998666038737,0.37874997360631824,0
750,23.43292079103412,0.266042014118284,0
751,23.444913708022796,0.24745799601078033,0
752,23.45787854102673,0.36979198921471834,0
753,23.469503208005335,0.34537503961473703,0
754,23.482382333022542,0.3353329957462847,0
755,23.495245333004277,0.26308302767574787,0
756,23.508045291004237,0.2880000392906368,0
757,23.520867375016678,0.2655829885043204,0
758,23.533666375034954,0.3055409761145711,0
759,23.546514916000888,0.31929201213642955,0
760,23.558086166041903,0.34849997609853745,0
761,23.570922500046436,0.1954999752342701,0
762,23.58366066601593,0.22074999287724495,0
763,23.596112208033446,0.19583298126235604,0
764,23.60884070803877,0.18174998695030808,0
765,23.620122500055004,0.230165955144912,0
766,23.63165116601158,0.21879200357943773,0
767,23.644421000033617,0.2174580004066229,0
768,23.6571912500076,0.26779103791341186,0
769,23.669997041055467,0.28724997537210584,0
770,23.68281987501541,0.22979103960096836,0
771,23.694909125042614,0.3001249860972166,0
772,23.707316458050627,0.2448749728500843,0
773,23.72005750000244,0.24883303558453918,0
774,23.732841916033067,0.21954200929030776,0
775,23.74559195805341,0.21012499928474426,0
776,23.757088750018738,0.2512499922886491,0
777,23.76898158300901,0.2732500433921814,0
778,23.78179983299924,0.35687501076608896,0
779,23.794696041033603,0.3540840116329491,0
780,23.807581833039876,0.2604579785838723,0
781,23.8203751250403,0.2545829629525542,0
782,23.83316158305388,0.23716699797660112,0
783,23.845936125027947,0.24270801804959774,0
784,23.858753875014372,0.2524580340832472,0
785,23.869935458002146,0.23920804960653186,0
786,23.88273554103216,0.2233340055681765,0
787,23.89550079102628,0.232374994084239,0
788,23.908264208002947,0.26529200840741396,0
789,23.918986250006128,0.2953330404125154,0
790,23.930356250028126,0.23900001542642713,0
791,23.94174237502739,0.26595802046358585,0
792,23.953383000043686,0.23670797236263752,0
793,23.966332916053943,0.2709589898586273,0
794,23.97914029104868,0.27962500462308526,0
795,23.991960416024085,0.24804199347272515,0
796,24.002837208041456,0.23195799440145493,0
797,24.015607750043273,0.24229096015915275,0
798,24.02839941601269,0.24250004207715392,0
799,24.041172249999363,0.24862500140443444,0
800,24.0529418750084,0.2394579933024943,0
801,24.065730958012864,0.3928749938495457,0
802,24.078691125032492,0.5946659948676825,0
803,24.091848583018873,0.46004203613847494,0
804,24.104010583017953,0.41029200656339526,0
805,24.116086333000567,0.28000003658235073,0
806,24.128706958028488,0.3101250040344894,0
807,24.141558916016947,0.33170898677781224,0
808,24.153501541004516,0.30279200291261077,0
809,24.16635325003881,0.25420798920094967,0
810,24.179159708030056,0.27816701913252473,0
811,24.19155899999896,0.20350003615021706,0
812,24.20380062505137,0.2456659567542374,0
813,24.215068500023335,0.31525001395493746,0
814,24.226986624998972,0.334500044118613,0
815,24.23782033304451,0.31762500293552876,0
816,24.249888750026003,0.2793329767882824,0
817,24.262704875029158,0.2869580057449639,0
818,24.273126833024435,0.2984579768963158,0
819,24.28596354101319,0.38054201286286116,0
820,24.297028541041072,0.3397089894860983,0
821,24.30991641600849,0.2960000419989228,0
822,24.321165333036333,0.31649996526539326,0
823,24.333236333040986,0.281207961961627,0
824,24.34605570801068,0.2649580128490925,0
825,24.358687125029974,0.31625002156943083,0
826,24.370649666001555,0.3285420243628323,0
827,24.38353695801925,0.3090419922955334,0
828,24.39502070803428,0.25337497936561704,0
829,24.40780787501717,0.25229103630408645,0
830,24.418975375010632,0.25995803298428655,0
831,24.429932666011155,0.3498750156722963,0
832,24.441569708054885,0.2929169568233192,0
833,24.45381991600152,0.28354203095659614,0
834,24.466642291052267,0.2618339494802058,0
835,24.4790027080453,,1
836,24.591446291015018,,1
837,24.70520187501097,,1
838,24.818940750032198,,1
839,24.930255875049625,,1
840,25.0445032910211,,1
841,25.1583066250314,,1
842,25.271512291044928,,1
843,25.3853695000289,,1
844,25.498264291032683,,1
845,25.6121467500343,,1
846,25.72432108304929,,1
847,25.838184916006867,,1
848,25.949599666055292,,1
849,26.06346591602778,,1
850,26.17731704103062,,1
851,26.291139291017316,,1
852,26.40299637505086,,1
853,26.516817666008137,,1
854,26.630650541046634,,1
855,26.741930791002233,,1
856,26.85467991605401,,1
857,26.967741000000387,,1
858,27.081562916049734,,1
859,27.195424625009764,,1
860,27.308378291025292,,1
861,27.422285291017033,,1
862,27.538781291048508,1.0552919702604413,0
863,27.550128458009567,0.6926250061951578,0
864,27.563410375034437,0.6972079863771796,0
865,27.57690495805582,0.6401669816114008,0
866,27.58989558304893,0.5754579906351864,0
867,27.604032750008628,0.5804580287076533,0
868,27.617183125053998,,1
869,27.73036970803514,0.6224170210771263,0
870,27.743581833026838,0.6166669772937894,0
871,27.756777208007406,1.5738329966552556,0
872,27.770913833053783,0.5265419604256749,0
873,27.781670208030846,0.9554579737596214,0
874,27.795214625017252,0.4012910067103803,0
875,27.80739812500542,0.2460000105202198,0
876,27.819459208054468,0.275749946013093,0
877,27.831528291048016,0.33645896473899484,0
878,27.843414291040972,0.3910000086762011,0
879,27.85587220801972,0.43629202991724014,0
880,27.867169041011948,0.4775419947691262,0
881,27.878322083037347,0.6544999778270721,0
882,27.889104708039667,0.6657500052824616,0
883,27.90057458303636,0.6282919785007834,0
884,27.913836750027258,0.4467910039238632,0
885,27.926891083014198,0.4509169957600534,0
886,27.939551416027825,0.24887500330805779,0
887,27.95235133304959,0.2519169938750565,0
888,27.963739500031807,0.3020829753950238,0
889,27.976587000011932,0.3252910100854933,0
890,27.989265708019957,0.4984579863958061,0
891,28.00140420801472,0.5241670296527445,0
892,28.014489750028588,0.5357500049285591,0
893,28.027304291026667,0.5135000101290643,0
894,28.04038425005274,0.42116595432162285,0
895,28.053354166040663,0.48925000010058284,0
896,28.065847625024617,0.5131249781697989,0
897,28.078421166050248,0.5191669915802777,0
898,28.08926587505266,0.5704999784938991,0
899,28.100628500047605,0.47212495701387525,0
900,28.112341041036416,0.5427919677458704,0
901,28.12543908302905,0.48395799240097404,0
902,28.137190541019663,0.4777919966727495,0
903,28.15022566600237,0.40316703962162137,0
904,28.163172666041646,0.38300000596791506,0
905,28.176100583048537,0.3881249576807022,0
906,28.18903854105156,0.4971669986844063,0
907,28.202089291007724,0.40708400774747133,0
908,28.21504525002092,0.4855410079471767,0
909,28.228078333020676,0.39833300979807973,0
910,28.241025583003648,0.3878750139847398,0
911,28.2529442080413,0.4051249707117677,0
912,28.26590004103491,0.34429196966812015,0
913,28.27881108300062,,1
914,28.39248125004815,0.5889579770155251,0
915,28.40566825005226,0.46866596676409245,0
916,28.418743208050728,0.4164580022916198,0
917,28.429427375027444,0.47924998216331005,0
918,28.44253879104508,0.48275000881403685,0
919,28.45641154103214,0.6857920088805258,0
920,28.46793870802503,0.34012499963864684,0
921,28.47973100002855,0.39424997521564364,0
922,28.491559750051238,0.4262079601176083,0
923,28.502806708042044,0.3939999733120203,0
924,28.515767125005368,0.3742080298252404,0
925,28.52719687501667,0.3809999907389283,0
926,28.539128458010964,0.34529203549027443,0
927,28.550699583021924,0.31879200832918286,0
928,28.563574583036825,0.4425420193001628,0
929,28.57503212505253,1.0679579572752118,0
930,28.58703737502219,0.3980830078944564,0
931,28.599993375013582,0.47741603339090943,0
932,28.6127564580529,0.5710419500246644,0
933,28.62593191600172,0.3046670462936163,0
934,28.636542000051122,0.6260409718379378,0
935,28.64792708301684,0.46066701179370284,0
936,28.659874750010204,0.3167500253766775,0
937,28.671714000054635,0.2717079478316009,0
938,28.684577208012342,0.5579999997280538,0
939,28.695354416035116,0.513208971824497,0
940,28.70720754103968,0.350042013451457,0
941,28.720128250017297,0.20483299158513546,0
942,28.732923958043102,0.8312499849125743,0
943,28.746348833024967,0.5467919982038438,0
944,28.758761166012846,0.2703749923966825,0
945,28.771598291001283,0.3760420368053019,0
946,28.784534333040938,0.4218749818392098,0
947,28.797565666027367,0.3272920148447156,0
948,28.810442791029345,0.29245897894725204,0
949,28.823259333032183,0.215750013012439,0
950,28.836014041036833,0.3280419623479247,0
951,28.84890845802147,0.28845801716670394,0
952,28.860661958053242,0.4302499582991004,0
953,28.87183083302807,0.2809169818647206,0
954,28.884679583017714,0.33474998781457543,0
955,28.89759116602363,0.520166999194771,0
956,28.910695083031897,0.31266699079424143,0
957,28.92209291603649,0.24816696532070637,0
958,28.9343662080355,0.31849998049438,0
959,28.946134458004963,0.45537500409409404,0
960,28.95773708302295,0.46545802615582943,0
961,28.96902629104443,0.616416975390166,0
962,28.98223100003088,0.18849998014047742,0
963,28.994990750041325,0.49129099352285266,0
964,29.00782529101707,0.3796250093728304,0
965,29.020572208042722,0.36883295979350805,0
966,29.031342625035904,0.39920798735693097,0
967,29.044019125052728,0.45483297435566783,0
968,29.055845083028544,0.6076249992474914,0
969,29.069061375048477,0.4478750051930547,0
970,29.080760500044562,0.48891600454226136,0
971,29.093841916008387,0.3534170100465417,0
972,29.106836083054077,0.4081669612787664,0
973,29.11819262499921,0.4676250391639769,0
974,29.131256708002184,0.3351250197738409,0
975,29.14417450001929,0.45112502994015813,0
976,29.155751750047784,0.3183750086463988,0
977,29.167362125008367,0.4332910175435245,0
978,29.180391791043803,0.4086669650860131,0
979,29.191065500024706,0.33079099375754595,0
980,29.20294162502978,0.4450409905984998,0
981,29.214614833006635,0.4713330417871475,0
982,29.227677375019994,0.43645797995850444,0
983,29.24069445801433,0.34508301177993417,0
984,29.25300058303401,0.250832992605865,0
985,29.263624375045765,0.44895795872434974,0
986,29.27494937501615,,1
987,29.386221416003536,,1
988,29.49855145800393,,1
989,29.611846875050105,,1
990,29.724512458022218,,1
991,29.83614462503465,,1
992,29.94943937502103,,1
993,30.063292333041318,,1
994,30.17651633301284,,1
995,30.28836087504169,,1
996,30.40227570803836,,1
997,30.516153458040208,,1
998,30.628240999998525,,1
999,30.742078875016887,,1
1000,30.855910875019617,0.5594160174950957,0
1001,30.86904791602865,0.39300002390518785,0
1002,30.882282291015144,0.3540419857017696,0
1003,30.895193000033032,0.35933300387114286,0
1004,30.905972416047007,0.4240839625708759,0
1005,30.918957708054222,0.35741698229685426,0
1006,30.929381916008424,0.22650003666058183,0
1007,30.942135166027583,0.22295897360891104,0
1008,30.954886791005265,0.21683401428163052,0
1009,30.96761679102201,0.2227920340374112,0
1010,30.980354416009504,0.22179202642291784,0
1011,30.993105833011214,0.3409170312806964,0
1012,31.00548716605408,0.9636249742470682,0
1013,31.01903966604732,0.4367500077933073,0
1014,31.030003332998604,0.3714580088853836,0
1015,31.042393916053697,0.34012499963864684,0
1016,31.053062541002873,0.2911250339820981,0
1017,31.0648681250168,0.2887910231947899,0
1018,31.077709458011668,0.41508302092552185,0
1019,31.089592458039988,0.3421250148676336,0
1020,31.102307125052903,0.37458300357684493,0
1021,31.115242666041013,0.36808400182053447,0
1022,31.125712958048098,0.43708295561373234,0
1023,31.13871133304201,0.39374997140839696,0
1024,31.14973625005223,0.3465409972704947,0
1025,31.16035337501671,0.3564580110833049,0
1026,31.17326425004285,0.39474997902289033,0
1027,31.185649125021882,0.44899998465552926,0
1028,31.198470333009027,0.3837500116787851,0
1029,31.210919375007506,0.4938750062137842,0
1030,31.223967875004746,0.4943750100210309,0
1031,31.23689804103924,0.3399169654585421,0
1032,31.248880791012198,0.4246670287102461,0
1033,31.26151141599985,0.32045901753008366,0
1034,31.272691958001815,0.25758304400369525,0
1035,31.283826208033133,0.2216249704360962,0
1036,31.29619383305544,0.2661669859662652,0
1037,31.308905041019898,0.32699998700991273,0
1038,31.320672833011486,0.37645798875018954,0
1039,31.33117666601902,0.32300001475960016,0
1040,31.343523833027575,0.2969999914057553,0
1041,31.3563638330088,0.26987504679709673,0
1042,31.368973416043445,0.2921670093201101,0
1043,31.381656958023086,,1
1044,31.495435291028116,0.5838340148329735,0
1045,31.508654958044644,0.5094580119475722,0
1046,31.519519791007042,0.44583401177078485,0
1047,31.5325450830278,0.36345800617709756,0
1048,31.5454684580327,0.394499977119267,0
1049,31.558422333037015,0.44229201739653945,0
1050,31.57141200004844,0.3429159987717867,0
1051,31.584327707998455,0.30570803210139275,0
1052,31.597182625031564,0.34379097633063793,0
1053,31.610076208016835,0.4097920027561486,0
1054,31.62115766602801,0.4075000179000199,0
1055,31.63375412503956,0.3273329930379987,0
1056,31.645297250011936,0.3234160249121487,0
1057,31.657051083049737,0.3482499741949141,0
1058,31.66897370800143,0.37879199953749776,0
1059,31.681907666032203,0.3957920125685632,0
1060,31.694860415998846,0.28429203666746616,0
1061,31.705240291019436,0.2865000278688967,0
1062,31.718070208036806,0.2828330034390092,0
1063,31.730925458017737,0.25833299150690436,0
1064,31.743727708002552,0.2663330524228513,0
1065,31.756545125041157,0.28433301486074924,0
1066,31.76937416603323,0.2814999897964299,0
1067,31.782229500007816,0.23966602748259902,0
1068,31.795010708039626,0.24112500250339508,0
1069,31.806793833035044,0.5087919998914003,0
1070,31.819844750047196,0.3045409685000777,0
1071,31.83270533301402,0.2692079870030284,0
1072,31.84551900002407,0.39075000677257776,0
1073,31.857774541014805,0.4479170311242342,0
1074,31.870775583025534,0.40687498403713107,0
1075,31.883740958001,0.9649170096963644,0
1076,31.897275000053924,0.4696659743785858,0
1077,31.91031483304687,0.5018329829908907,0
1078,31.92289929103572,0.3309589810669422,0
1079,31.935768166033085,0.2173340180888772,0
1080,31.947286875045393,0.21245796233415604,0
1081,31.9596402910538,0.224041985347867,0
1082,31.97240316600073,0.2612920361571014,0
1083,31.98520954104606,0.3202499938197434,0
1084,31.998077625001315,0.3209999995306134,0
1085,32.01097491604742,0.37633400643244386,0
1086,32.022828291053884,0.3201669896952808,0
1087,32.034769875055645,0.2828749711625278,0
1088,32.047604291001335,0.4400840261951089,0
1089,32.060591708053835,0.36504195304587483,0
1090,32.072639458056074,0.3513749688863754,0
1091,32.08528970804764,0.30579196754842997,0
1092,32.0964127080515,0.27666694950312376,0
1093,32.10749454103643,0.2577920095063746,0
1094,32.120120458013844,0.2835830091498792,0
1095,32.13296000001719,0.2698749885894358,0
1096,32.14380158303538,0.32541697146371007,0
1097,32.15626366605284,0.3691249876283109,0
1098,32.16686741600279,0.2923340070992708,0
1099,32.179733958037104,0.3625419922173023,0
1100,32.19048562500393,0.3102500340901315,0
1101,32.20337066601496,0.3527920343913138,0
1102,32.21429004101083,0.3090000245720148,0
1103,32.227145125041716,0.3756249789148569,0
1104,32.24007487500785,0.5153749953024089,0
1105,32.25231433304725,0.42120798025280237,0
1106,32.2652859580121,0.4071250441484153,0
1107,32.27815420803381,0.35437499172985554,0
1108,32.29106216604123,0.3613749868236482,0
1109,32.30398016603431,0.3311249893158674,0
1110,32.31587400002172,0.3304160200059414,0
1111,32.32875054102624,0.34904200583696365,0
1112,32.339945666026324,0.3022089949809015,0
1113,32.352317375014536,0.2940000267699361,0
1114,32.36514887504745,0.3049160004593432,0
1115,32.37696841603611,0.29795896261930466,0
1116,32.389579291047994,0.3429169883020222,0
1117,32.40230858302675,0.28479198226705194,0
1118,32.41453275003005,0.2827499993145466,0
1119,32.42738845804706,0.25345798349007964,0
1120,32.44018887501443,0.28929102700203657,0
1121,32.450699750042986,0.2610409865155816,0
1122,32.463515000010375,0.24654099252074957,0
1123,32.47574566601543,0.24595903232693672,0
1124,32.48617745802039,0.33595802960917354,0
1125,32.498703000019304,0.2567500341683626,0
1126,32.51150175003568,0.25704101426526904,0
1127,32.5242977910093,0.25279202964156866,0
1128,32.53564929100685,0.24333404144272208,0
1129,32.5484259580262,0.33712497679516673,0
1130,32.56109895801637,0.3185420064255595,0
1131,32.57225525000831,0.42575004044920206,0
1132,32.58527233300265,0.37283304845914245,0
1133,32.59819100005552,0.2907909802161157,0
1134,32.611020958051085,0.3367919707670808,0
1135,32.62389491603244,,1
1136,32.73618129105307,,1
1137,32.84990208304953,,1
1138,32.96367175003979,,1
1139,33.07700287504122,,1
1140,33.19072229100857,,1
1141,33.30362091603456,,1
1142,33.41698862501653,,1
1143,33.53080920805223,,1
1144,33.64463733305456,,1
1145,33.758527041005436,,1
1146,33.87238537502708,,1
1147,33.985887750051916,,1
1148,34.09971745801158,,1
1149,34.2135796250077,0.6549580139108002,0
1150,34.226831625041086,0.49058301374316216,0
1151,34.239898541010916,0.4320000298321247,0
1152,34.25218541600043,0.4079590435139835,0
1153,34.2650097910082,,1
1154,34.37878633302171,0.4968330031260848,0
1155,34.39184700004989,0.38012495497241616,0
1156,34.40449654101394,0.31495903385803103,0
1157,34.41736708302051,0.3048750222660601,0
1158,34.428271916054655,0.28074998408555984,0
1159,34.44109733303776,0.3434169921092689,0
1160,34.452844250015914,0.27558300644159317,0
1161,34.465667958022095,0.2759579801931977,0
1162,34.47821804101113,0.2774590393528342,0
1163,34.489915166050196,0.2523339935578406,0
1164,34.502300125022884,0.2294580335728824,0
1165,34.51506841601804,0.2976669929921627,0
1166,34.52791270799935,0.29141700360924006,0
1167,34.54075208300492,0.32691704109311104,0
1168,34.55231212504441,0.3502909676171839,0
1169,34.56521937501384,0.31050003599375486,0
1170,34.57591195800342,0.29729201924055815,0
1171,34.58862345805392,0.3210829454474151,0
1172,34.601514833047986,0.28608296997845173,0
1173,34.6121155830333,0.29499997617676854,0
1174,34.62495008303085,0.3410420031286776,0
1175,34.636189500044566,0.35033299354836345,0
1176,34.64852641604375,0.3433749661780894,0
1177,34.66140974999871,0.33416604856029153,0
1178,34.672071833047085,0.2894579665735364,0
1179,34.68505979102338,0.2762919757515192,0
1180,34.69788316602353,0.27833401691168547,0
1181,34.71039570803987,0.273957964964211,0
1182,34.723210708005354,0.32233301317319274,0
1183,34.73607600003015,0.24116598069667816,0
1184,34.7488529580296,0.22733298828825355,0
1185,34.76162983302493,0.247207994107157,0
1186,34.774248916015495,0.2239170134998858,0
1187,34.786716791044455,0.2548749907873571,0
1188,34.797546500049066,0.2414159826003015,0
1189,34.810334541019984,0.23629202041774988,0
1190,34.82272483303677,0.3108329838141799,0
1191,34.835575750039425,0.3037499845959246,0
1192,34.848415125044994,0.2449579769745469,0
1193,34.85904870805098,0.2502499846741557,0
1194,34.86950833303854,0.24799996754154563,0
1195,34.882292541034985,0.24154200218617916,0
1196,34.89507675002096,0.22258301032707095,0
1197,34.907836791011505,,1
1198,35.01954379101517,,1
1199,35.13332912500482,,1
1200,35.245563916047104,,1
1201,35.359335875022225,0.479582988191396,0
1202,35.372399708023295,0.38062501698732376,0
1203,35.38433829101268,0.4497920162975788,0
1204,35.397346166020725,0.3440000000409782,0
1205,35.410048333054874,0.3476249985396862,0
1206,35.422958708018996,0.24366698926314712,0
1207,35.43574341601925,0.2121669822372496,0
1208,35.447671041009016,0.22262503625825047,0
1209,35.45914420805639,0.2199579612351954,0
1210,35.470929875038564,0.21004100563004613,0
1211,35.48367862502346,0.2020830288529396,0
1212,35.494429916027,0.1900839852169156,0
1213,35.50576320802793,0.20520802354440093,0
1214,35.517357041011564,0.18366699805483222,0
1215,35.53007550002076,0.22475002333521843,0
1216,35.542834541003685,0.23612502263858914,0
1217,35.5556176660466,0.2510839840397239,0
1218,35.567222250043415,0.33199996687471867,0
1219,35.57798383303452,0.3819169942289591,0
1220,35.59091279102722,0.4277090192772448,0
1221,35.60389412502991,0.39487500907853246,0
1222,35.61497966601746,0.3307090373709798,0
1223,35.62730750004994,0.40624995017424226,0
1224,35.63922850001836,0.3831250360235572,0
1225,35.65215837501455,0.33554102992638946,0
1226,35.66481600003317,0.3334999782964587,0
1227,35.67693820805289,0.36412494955584407,0
1228,35.68985037505627,0.33366598654538393,0
1229,35.70271733304253,0.42554200626909733,0
1230,35.714907916029915,0.3249170258641243,0
1231,35.72662225004751,0.322124978993088,0
1232,35.73823050002102,0.3535409923642874,0
1233,35.751124583010096,,1
1234,35.86483883304754,,1
1235,35.97831787500763,,1
1236,36.09210766601609,,1
1237,36.20400445803534,,1
1238,36.316350916051306,,1
1239,36.42880158300977,,1
1240,36.54114233300788,0.3887080238200724,0
1241,36.552823708043434,1.0941249784082174,0
1242,36.565872791048605,0.44187495950609446,0
1243,36.57668629102409,0.5216249846853316,0
1244,36.58980862505268,0.3555409493856132,0
1245,36.600396000023466,0.4740830045193434,0
1246,36.613475166028365,0.4729999927803874,0
1247,36.6265448750346,0.4985830164514482,0
1248,36.63780587504152,0.3290830063633621,0
1249,36.649366791010834,0.3818339901044965,0
1250,36.662336833018344,0.47974998597055674,0
1251,36.674642875033896,0.36891602212563157,0
1252,36.68558870803099,0.5461249966174364,0
1253,36.6987406660337,0.4895839956589043,0
1254,36.71066925005289,0.3720829845406115,0
1255,36.72363512503216,0.606333022005856,0
1256,36.7366686250316,0.3594579757191241,0
1257,36.74825229099952,0.46895904233679175,0
1258,36.76063579105539,0.27541699819266796,0
1259,36.7724703749991,0.28187502175569534,0
1260,36.78532083303435,0.32699998700991273,0
1261,36.79587004100904,0.5065420409664512,0
1262,36.80769887502538,0.26424997486174107,0
1263,36.819019875023514,0.3153749858029187,0
1264,36.8318922080216,0.3939170273952186,0
1265,36.84489533305168,0.5987499607726932,0
1266,36.85733666602755,0.6499590235762298,0
1267,36.86945920804283,1.4758749748580158,0
1268,36.88350195804378,0.4718749551102519,0
1269,36.89663366600871,0.36862504202872515,0
1270,36.909710000036284,1.9192909821867943,0
1271,36.92256129102316,,1
1272,37.036180625029374,,1
1273,37.15021512500243,,1
1274,37.26172437501373,,1
1275,37.37568108300911,,1
1276,37.48941612505587,,1
1277,37.60321804101113,,1
1278,37.71717258304125,,1
1279,37.828559791028965,,1
1280,37.94092579104472,,1
1281,38.05487458303105,,1
1282,38.167180000047665,,1
1283,38.27941983303754,,1
1284,38.393201625032816,0.3833749797195196,0
1285,38.40589312504744,0.37966598756611347,0
1286,38.418867416039575,0.5433749756775796,0
1287,38.43267766601639,0.5728339892812073,0
1288,38.44441600004211,0.41570799658074975,0
1289,38.457427708024625,0.5205420311540365,0
1290,38.471290833025705,0.40779198752716184,0
1291,38.48428195802262,0.504916999489069,0
1292,38.49739483301528,0.5484999855980277,0
1293,38.508623958041426,0.5158749991096556,0
1294,38.520520791003946,0.29204203747212887,0
1295,38.533372416044585,0.25145895779132843,0
1296,38.545683875039686,0.2578750136308372,0
1297,38.55818195804022,0.32662501325830817,0
1298,38.5707848330494,0.22079196060076356,0
1299,38.58354737504851,0.40262495167553425,0
1300,38.59447979100514,0.4051669966429472,0
1301,38.60744833300123,0.4038750194013119,0
1302,38.61877800000366,0.44841604540124536,0
1303,38.6317970410455,0.40504196658730507,0
1304,38.64476929104421,0.48091699136421084,0
1305,38.65780020802049,0.4800420138053596,0
1306,38.66899775003549,0.5125830066390336,0
1307,38.68207220803015,0.6905000191181898,0
1308,38.69546512502711,0.45858300291001797,0
1309,38.70847908302676,0.4746670019812882,0
1310,38.71957341604866,0.7637919625267386,0
1311,38.7329164580442,0.33779197838157415,0
1312,38.74401383299846,0.5231250543147326,0
1313,38.75651841604849,0.7192919729277492,0
1314,38.76949608302675,0.7048330153338611,0
1315,38.782838833052665,0.5977499531581998,0
1316,38.79606687504565,0.5090409540571272,0
1317,38.80829625000479,0.4605830181390047,0
1318,38.819478333054576,0.40616694604977965,0
1319,38.83002608304378,0.5434579798020422,0
1320,38.842574375041295,0.46633300371468067,0
1321,38.85562420805218,0.34558295737951994,0
1322,38.86949054105207,0.47462497605010867,0
1323,38.88257004105253,0.45737496111541986,0
1324,38.895635750028305,0.554832979105413,0
1325,38.9063354160171,0.30866701854392886,0
1326,38.916772333031986,0.669291999656707,0
1327,38.93008279101923,0.5010840250179172,0
1328,38.94275412504794,0.44554099440574646,0
1329,38.95579454104882,0.5287089734338224,0
1330,38.967185125045944,0.4402499762363732,0
1331,38.980192208022345,0.45241700718179345,0
1332,38.99322000000393,0.47995802015066147,0
1333,39.00429858302232,0.47066702973097563,0
1334,39.017346125037875,0.4512079758569598,0
1335,39.03036166605307,0.509583973325789,0
1336,39.040980875026435,0.38245797622948885,0
1337,39.05227820802247,0.5072500207461417,0
1338,39.065843583026435,0.5273750284686685,0
1339,39.07894141605357,0.363041996024549,0
1340,39.09166400000686,0.5650410312227905,0
1341,39.10487366601592,0.3945000353269279,0
1342,39.128162750042975,0.6853750091977417,0
1343,39.14078670804156,0.46083296183496714,0
1344,39.15381141600665,0.3117500455118716,0
1345,39.16670237504877,0.3084579948335886,0
1346,39.17957783304155,0.3148330142721534,0
1347,39.19247704104055,0.4194590146653354,0
1348,39.2043071660446,0.3411250072531402,0
1349,39.21721129101934,0.43299997923895717,0
1350,39.22981404099846,0.3396670217625797,0
1351,39.24059058300918,0.5839579971507192,0
1352,39.25280312501127,1.9610000308603048,0
1353,39.26718287501717,0.4782500327564776,0
1354,39.280298666039016,0.5341249634511769,0
1355,39.29341312503675,0.8199159638024867,0
1356,39.30486579105491,0.4140419769100845,0
1357,39.3165637080092,0.9037500130943954,0
1358,39.33085954101989,0.5650839884765446,0
1359,39.34403329103952,0.5484590074047446,0
1360,39.35580266604666,0.5732089630328119,0
1361,39.36894416605355,0.35783398197963834,0
1362,39.38188345800154,0.5576670519076288,0
1363,39.3950458750478,0.5891659529879689,0
1364,39.40683795802761,0.9117919835262001,0
1365,39.42156554100802,1.170584000647068,0
1366,39.435452125035226,0.7390829850919545,0
1367,39.44882204104215,0.48454198986291885,0
1368,39.45946691604331,,1
1369,39.572623958054464,0.7113329484127462,0
1370,39.58743295801105,0.57125004241243,0
1371,39.600602541002445,0.5382500239647925,0
1372,39.61274883302394,0.4492920124903321,0
1373,39.62452495802427,0.37399999564513564,0
1374,39.63624870800413,1.6245419974438846,0
1375,39.648063500004355,0.4912910517305136,0
1376,39.66043545800494,0.43462502071633935,0
1377,39.67262362502515,0.708332983776927,0
1378,39.68577387504047,0.5751249846071005,0
1379,39.69894120801473,0.31504203798249364,0
1380,39.71064845804358,0.27249997947365046,0
1381,39.72180462500546,0.4914160235784948,0
1382,39.73487041605404,0.4312089877203107,0
1383,39.74694683303824,0.33970799995586276,0
1384,39.75984129100107,0.31691702315583825,0
1385,39.770937250053976,0.34104095539078116,0
1386,39.78383358300198,0.37758302642032504,0
1387,39.79578754102113,0.4153749905526638,0
1388,39.80724708305206,0.5084999720565975,0
1389,39.82026837504236,0.4749579820781946,0
1390,39.83229695801856,0.37804199382662773,0
1391,39.84398712503025,0.5479580140672624,0
1392,39.85593504103599,0.44829200487583876,0
1393,39.86865983303869,0.4968749708496034,0
1394,39.87937070801854,0.5313330329954624,0
1395,39.890414708002936,0.3057920257560909,0
1396,39.90308683301555,0.3578329924494028,0
1397,39.9160059580463,0.30216696904972196,0
1398,39.927330291015096,0.4849170218221843,0
1399,39.940416583034676,0.4176669754087925,0
1400,39.95319704100257,0.5415420164354146,0
1401,39.96419941604836,0.4519589710980654,0
1402,39.97724591603037,0.4521249793469906,0
1403,39.990283375023864,0.26483298279345036,0
1404,40.00426154100569,0.4709589993581176,0
1405,40.015574750024825,0.2412910107523203,0
1406,40.0273137910408,0.4134170012548566,0
1407,40.04031108302297,0.24625001242384315,0
1408,40.05102145799901,0.24366704747080803,0
1409,40.06383295805426,0.43224997352808714,0
1410,40.076834750012495,0.3595830057747662,0
1411,40.08853208302753,0.3220419748686254,0
1412,40.10038800002076,0.3802499850280583,0
1413,40.1122067910037,0.4942090017721057,0
1414,40.12283983302768,0.566457980312407,0
1415,40.133749625005294,0.332291005179286,0
1416,40.14666395803215,0.8403749670833349,0
1417,40.15798366605304,0.27283397503197193,0
1418,40.17017829103861,0.3562920028343797,0
1419,40.183103750052396,0.37824996979907155,0
1420,40.19606158300303,0.47316704876720905,0
1421,40.20882558304584,0.2513749641366303,0
1422,40.219504125008825,0.5517910467460752,0
1423,40.23264045803808,0.38595800288021564,0
1424,40.24560512503376,0.3276659990660846,0
1425,40.25618383300025,0.294625002425164,0
1426,40.26899620803306,0.3197499900124967,0
1427,40.2794857500121,0.3169160336256027,0
1428,40.291332708031405,0.2912500058300793,0
1429,40.3027213330497,0.2365830005146563,0
1430,40.31309412501287,0.37345802411437035,0
1431,40.324977083015256,0.43820799328386784,0
1432,40.335982875025366,0.4496250185184181,0
1433,40.34899516601581,0.5317089962773025,0
1434,40.36129945801804,0.6088329828344285,0
1435,40.37264383304864,0.6084999768063426,0
1436,40.38582695805235,0.6606249953620136,0
1437,40.399373000022024,0.5157910054549575,0
1438,40.41248200001428,0.5702500347979367,0
1439,40.42352762504015,0.5277079762890935,0
1440,40.43613487505354,0.744165969081223,0
1441,40.44777312502265,0.5241659819148481,0
1442,40.46065295801964,0.6832079961895943,0
1443,40.47395045805024,1.229124958626926,0
1444,40.48570629104506,0.6107499939389527,0
1445,40.498901041049976,0.5360840004868805,0
1446,40.51191829104209,0.5379589856602252,0
1447,40.52332416601712,0.4073340096510947,0
1448,40.53628516604658,0.28204196132719517,0
1449,40.54910529102199,0.26054203044623137,0
1450,40.56189362501027,0.21495803957805037,0
1451,40.57258666603593,,1
1452,40.68638195801759,,1
1453,40.7993669580319,,1
1454,40.91116279101698,,1
1455,41.022725416056346,,1
1456,41.13412658305606,,1
1457,41.247971250035334,,1
1458,41.36187854100717,,1
1459,41.47583275003126,,1
1460,41.58831512503093,,1
1461,41.7004901660257,,1
1462,41.81429308303632,,1
1463,41.92735841602553,,1
1464,42.03923562500859,0.48345804680138826,0
1465,42.05233745800797,0.5493329954333603,0
1466,42.0654940000386,0.4410829860717058,0
1467,42.07852050004294,0.3903749748133123,0
1468,42.091503375035245,0.3957909648306668,0
1469,42.10445779102156,0.33429200993850827,0
1470,42.117321916040964,0.2965420135296881,0
1471,42.1301471250481,0.3327080048620701,0
1472,42.14302762504667,0.2811249578371644,0
1473,42.155835125013255,0.22804102627560496,0
1474,42.16857883305056,0.23108295863494277,0
1475,42.18133425002452,0.28154102619737387,0
1476,42.194136500009336,0.22508302936330438,0
1477,42.20687470800476,0.2269170363433659,0
1478,42.21961575001478,0.3007909981533885,0
1479,42.231900250015315,0.2668750239536166,0
1480,42.24470466602361,0.19291701028123498,0
1481,42.25741962500615,0.32416603062301874,0
1482,42.268272416025866,0.24858402321115136,0
1483,42.281057208019774,0.22924999939277768,0
1484,42.293857041047886,0.4772499669343233,0
1485,42.30690304102609,0.45604200568050146,0
1486,42.31832754105562,0.4407089436426759,0
1487,42.33133150002686,0.574040983337909,0
1488,42.34446462499909,0.5184580222703516,0
1489,42.3575420830166,0.5519170081242919,0
1490,42.36947475001216,0.5220830207690597,0
1491,42.3803532080492,0.3909999504685402,0
1492,42.39223774999846,1.2732500326819718,0
1493,42.406088625022676,0.5895409849472344,0
1494,42.419242416042835,0.24520896840840578,0
1495,42.432040375017095,0.3834160161204636,0
1496,42.44319895800436,0.3305000136606395,0
1497,42.456083708035294,0.3720829845406115,0
1498,42.46901554102078,0.48629200318828225,0
1499,42.48207879101392,0.499167013913393,0
1500,42.494988541002385,0.7060420466586947,0
1501,42.508820291026495,0.9282500250265002,0
1502,42.52107291604625,0.6132499547675252,0
1503,42.534275333047844,0.9206249960698187,0
1504,42.547216875012964,0.5461249966174364,0
1505,42.56034233304672,0.5723329959437251,0
1506,42.57349520805292,0.575832964386791,0
1507,42.58626054105116,0.6472499808296561,0
1508,42.59829162503593,0.5848750006407499,0
1509,42.6113223330467,0.6059169536456466,0
1510,42.622591333056334,0.4872499848715961,0
1511,42.63463920803042,0.577332975808531,0
1512,42.64610237500165,0.4045829991810024,0
1513,42.65675870800624,0.37525000516325235,0
1514,42.66957441600971,0.2730840351432562,0
1515,42.68240541603882,0.4859589971601963,0
1516,42.69549370801542,0.8351670112460852,0
1517,42.70656554104062,0.3304170095361769,0
1518,42.719440083019435,0.28383301105350256,0
1519,42.73227991600288,0.30379201052710414,0
1520,42.745155708049424,0.3577499883249402,0
1521,42.75806216604542,0.20583398872986436,0
1522,42.77080295805354,0.20112498896196485,0
1523,42.78352979104966,0.21120900055393577,0
1524,42.795074750029016,0.2246249932795763,0
1525,42.807821791036986,0.22141699446365237,0
1526,42.82059320801636,0.43466698843985796,0
1527,42.833592708047945,0.46504195779561996,0
1528,42.84505045803962,0.5008329753763974,0
1529,42.85814000002574,0.5959580303169787,0
1530,42.87011979101226,0.5332090076990426,0
1531,42.88323095801752,0.5029169842600822,0
1532,42.896323875000235,0.5914160283282399,0
1533,42.909504333045334,0.5330829881131649,0
1534,42.92268379102461,,1
1535,43.03563262504758,,1
1536,43.14940595801454,0.28775003738701344,0
1537,43.161760416056495,0.17091695917770267,0
1538,43.17446354101412,0.250167038757354,0
1539,43.18725275003817,,1
1540,43.30027504102327,,1
1541,43.41334066604031,0.6929590017534792,0
1542,43.42662550002569,0.4266250180080533,0
1543,43.43759704101831,1.2289169826544821,0
1544,43.44980750000104,0.4568750155158341,0
1545,43.46288541605463,0.49158395268023014,0
1546,43.475515500002075,0.46729104360565543,0
1547,43.487353791017085,0.23750000400468707,0
1548,43.500150458014105,0.35791698610410094,0
1549,43.51312058302574,0.520500005222857,0
1550,43.52623004105408,0.41691696969792247,0
1551,43.53914166602772,0.30391698237508535,0
1552,43.55086095799925,0.27341704117134213,0
1553,43.56371570803458,0.5079169641248882,0
1554,43.57664595800452,0.5554580129683018,0
1555,43.589011541043874,0.3606249811127782,0
1556,43.599903082998935,0.41675003012642264,0
1557,43.61088616604684,0.4092089948244393,0
1558,43.624281666008756,0.3285839920863509,0
1559,43.636320875026286,,1
1560,43.747903750045225,0.4837079904973507,0
1561,43.760675041005015,0.47308404464274645,0
1562,43.77371195802698,0.6175420130603015,0
1563,43.78615029103821,1.0428749956190586,0
1564,43.797692416002974,0.41195901576429605,0
1565,43.81068070803303,0.397083000279963,0
1566,43.82363066601101,0.4255000385455787,0
1567,43.83664020802826,0.31712499912828207,0
1568,43.849522583012,0.25233300402760506,0
1569,43.862310708034784,0.3492499818094075,0
1570,43.87343337503262,0.35912496969103813,0
1571,43.886365750047844,0.5289579858072102,0
1572,43.89950250001857,0.40262500988319516,0
1573,43.91249504103325,0.4716669791378081,0
1574,43.92458616604563,0.3412499791011214,0
1575,43.93717079103226,0.29958400409668684,0
1576,43.950043208024,0.3595000016503036,0
1577,43.96214204101125,0.34429202787578106,0
1578,43.97506270802114,0.4535000189207494,0
1579,43.98715495801298,0.4593750345520675,0
1580,43.9996810000157,0.3625830286182463,0
1581,44.01066208304837,0.4910829593427479,0
1582,44.022355458000675,0.3257080097682774,0
1583,44.0350970410509,0.44895894825458527,0
1584,44.04710216604872,0.4359589656814933,0
1585,44.06013362505473,0.526249990798533,0
1586,44.07325287500862,0.6185410311445594,0
1587,44.08641908300342,0.7241250132210553,0
1588,44.0983440830023,0.40066702058538795,0
1589,44.11133233300643,0.4646670422516763,0
1590,44.123816875042394,0.25749998167157173,0
1591,44.136063916026615,0.2738339826464653,0
1592,44.14889833302004,0.3572499845176935,0
1593,44.1618348750053,0.46070804819464684,0
1594,44.1748823330272,0.2940000267699361,0
1595,44.18678150000051,0.4386660293675959,0
1596,44.199786208046135,0.31350000062957406,0
1597,44.21268220804632,0.45262498315423727,0
1598,44.22422712499974,0.2430410240776837,0
1599,44.23614329105476,0.28249999741092324,0
1600,44.249000666022766,0.36633398849517107,0
1601,44.26196075003827,0.5170829826965928,0
1602,44.27507662505377,0.5157080013304949,0
1603,44.28708525002003,0.505290983710438,0
1604,44.29871754103806,0.2447500010021031,0
1605,44.311535291024484,,1
1606,44.4254030000302,,1
1607,44.53917387500405,,1
1608,44.652399875049014,,1
1609,44.76558012503665,0.5547910113818944,0
1610,44.77646362502128,0.3249580040574074,0
1611,44.7891345830285,0.29562501003965735,0
1612,44.80026079103118,0.23966701701283455,0
1613,44.81200916605303,0.4599169478751719,0
1614,44.82277750002686,0.4207079764455557,0
1615,44.83343400002923,0.3090410027652979,0
1616,44.84536333300639,0.5557500408031046,0
1617,44.85742062504869,0.4873329889960587,0
1618,44.87012295803288,0.4497499903663993,0
1619,44.883143291051965,0.4016250022687018,0
1620,44.89610554103274,0.41437498293817043,0
1621,44.9066024160129,0.3458340070210397,0
1622,44.91915250004968,0.5032909684814513,0
1623,44.93227891600691,0.8454170310869813,0
1624,44.944362250040285,0.35345798823982477,0
1625,44.95611716603162,0.46187499538064003,0
1626,44.969180625048466,0.5504160071723163,0
1627,44.98150195804192,0.35191699862480164,0
1628,44.993982708023395,0.3600420313887298,0
1629,45.00580604100833,0.28262502746656537,0
1630,45.018640458001755,0.2454580389894545,0
1631,45.030496125051286,0.4025409580208361,0
1632,45.04219370801002,0.521583016961813,0
1633,45.05391866603168,0.5829170113429427,0
1634,45.06584733305499,0.38487499114125967,0
1635,45.07882195804268,0.4167080041952431,0
1636,45.091806625016034,0.3929579979740083,0
1637,45.103316083026584,0.4456249880604446,0
1638,45.11631383304484,0.2667919616214931,0
1639,45.126855416048784,0.3136669984087348,0
1640,45.13876345800236,0.43166702380403876,0
1641,45.150671041046735,0.38408400723710656,0
1642,45.16360425000312,0.46062504407018423,0
1643,45.17481716600014,0.3771250485442579,0
1644,45.18782845803071,1.7311670235358179,0
1645,45.20212025003275,0.4865829832851887,0
1646,45.21518395800376,0.41383301140740514,0
1647,45.22684279101668,0.3619170165620744,0
1648,45.239773333014455,0.5013750051148236,0
1649,45.2516764580505,,1
1650,45.36472612502985,,1
1651,45.47862904105568,,1
1652,45.593804708041716,,1
1653,45.70600483304588,,1
1654,45.81856125005288,0.3858329728245735,0
1655,45.8314493750222,0.27733301976695657,0
1656,45.843418000033125,0.23566599702462554,0
1657,45.856203375034966,0.30395801877602935,0
1658,45.869021041027736,0.2558340202085674,0
1659,45.881833250052296,0.2906249719671905,0
1660,45.89415612502489,0.4129160079173744,0
1661,45.906684208021034,2.0970000186935067,0
1662,45.92063045804389,1.0229169856756926,0
1663,45.93339612503769,0.3507909714244306,0
1664,45.946323916024994,0.29533402994275093,0
1665,45.9570351660368,,1
1666,46.068799250002485,,1
1667,46.18323908303864,0.7287079934030771,0
1668,46.19517400005134,0.5505000008270144,0
1669,46.207570375001524,0.43108302634209394,0
1670,46.21894295804668,0.48391695600003004,0
1671,46.231981500051916,0.507415970787406,0
1672,46.24504833301762,0.4977920325472951,0
1673,46.258111541043036,0.5033749621361494,0
1674,46.26947129104519,0.5769999697804451,0
1675,46.28260829101782,0.3071249811910093,0
1676,46.29547370801447,0.36441703559830785,0
1677,46.3063291250146,0.45379099901765585,0
1678,46.31934262503637,0.7162080146372318,0
1679,46.332629375043325,0.45608298387378454,0
1680,46.34563525003614,0.487915996927768,0
1681,46.35868699999992,0.5533750518225133,0
1682,46.371171416016296,0.350333983078599,0
1683,46.382810208015144,0.26291701942682266,0
1684,46.395639416005,,1
1685,46.508155500050634,0.5732499994337559,0
1686,46.5192236660514,1.0226669837720692,0
1687,46.53186850005295,0.40691596223041415,0
1688,46.54358925000997,0.5215000128373504,0
1689,46.554503833001945,,1
1690,46.66841770801693,,1
1691,46.78218229103368,,1
1692,46.89549916604301,0.573333993088454,0
1693,46.908649208024144,,1
1694,47.02241633302765,,1
1695,47.13563191605499,,1
1696,47.24893633305328,,1
1697,47.361748458002694,,1
1698,47.47359275002964,,1
1699,47.58735866600182,,1
1700,47.70201366604306,,1
1701,47.81255454104394,,1
1702,47.92333070799941,,1
1703,48.034727708029095,,1
1704,48.148828833014704,,1
1705,48.262642791029066,,1
1706,48.375728041050024,,1
1707,48.48957812500885,0.5981660215184093,0
1708,48.50331375002861,0.6425409810617566,0
1709,48.51481591601623,0.3129999968223274,0
1710,48.525693458039314,0.49595796735957265,0
1711,48.53709700005129,0.3815829986706376,0
1712,48.55006187502295,0.3980000037699938,0
1713,48.56305333302589,0.45608298387378454,0
1714,48.57609141600551,0.46770903281867504,0
1715,48.58728500001598,0.3405830357223749,0
1716,48.600227375049144,1.0157909709960222,0
1717,48.61381295800675,0.6160000339150429,0
1718,48.62703916605096,0.6637499900534749,0
1719,48.64030445803655,1.2334579951129854,0
1720,48.652446625055745,1.5510829980485141,0
1721,48.66658166603884,0.5355000030249357,0
1722,48.67971362505341,0.6107909721322358,0
1723,48.69294133305084,0.577332975808531,0
1724,48.70435312500922,0.37004100158810616,0
1725,48.71600200003013,0.39195799035951495,0
1726,48.72762237500865,0.19129103748127818,0
1727,48.7396909580566,0.2834999468177557,0
1728,48.752310208044946,0.34854200202971697,0
1729,48.764939500018954,0.24875003146007657,0
1730,48.77680745802354,0.35779201425611973,0
1731,48.78913929103874,0.30383397825062275,0
1732,48.8020006250008,0.35012501757591963,0
1733,48.81489883305039,0.5507919704541564,0
1734,48.827990791003685,0.36037503741681576,0
1735,48.83866708300775,0.3535420401021838,0
1736,48.85138187505072,0.435040972661227,0
1737,48.864392333023716,0.9309169836342335,0
1738,48.87733320804546,0.4802079638466239,0
1739,48.8903991660336,0.5138749838806689,0
1740,48.90484745800495,0.5417500506155193,0
1741,48.91798812500201,0.6026659975759685,0
1742,48.93116833304521,0.6773329805582762,0
1743,48.94445233303122,1.2594580184668303,0
1744,48.95784425002057,0.5301660276018083,0
1745,48.97094816603931,0.5905419820919633,0
1746,48.98414895799942,1.0829170350916684,0
1747,48.997807583014946,0.6194169982336462,0
1748,49.01065670803655,0.6384169682860374,0
1749,49.02377783303382,0.3812920185737312,0
1750,49.03630195802543,0.3943750052712858,0
1751,49.051205125055276,0.5223749903962016,0
1752,49.06432025000686,0.5472500342875719,0
1753,49.077443875023164,0.5012910114601254,0
1754,49.08937420800794,0.425333040766418,0
1755,49.102346000028774,0.6257909699343145,0
1756,49.113077500020154,0.47920801443979144,0
1757,49.126113041013014,0.7000000332482159,0
1758,49.14076970802853,0.5977500113658607,0
1759,49.15277704101754,0.9681250085122883,0
1760,49.16484833305003,0.7972499588504434,0
1761,49.178219666006044,0.4377920413389802,0
1762,49.191793416044675,0.47099997755140066,0
1763,49.20490879105637,1.150333962868899,0
1764,49.218977333046496,0.3994579892605543,0
1765,49.22998495801585,0.29862503288313746,0
1766,49.24282583303284,0.25337497936561704,0
1767,49.25559920800151,,1
1768,49.369255500030704,0.3375830128788948,0
1769,49.382142166025005,0.3161249915137887,0
1770,49.395002000033855,0.27608301024883986,0
1771,49.40782041603234,0.3238749923184514,0
1772,49.420684208045714,0.25699997786432505,0
1773,49.43096837500343,0.2722910139709711,0
1774,49.443778875051066,0.26245799381285906,0
1775,49.45657520805253,0.23220799630507827,0
1776,49.469624750025105,0.26966602308675647,0
1777,49.48244358302327,0.303666980471462,0
1778,49.49528683302924,0.3000000142492354,0
1779,49.508113708056044,0.19537494517862797,0
1780,49.519319666025694,0.30208402313292027,0
1781,49.53214979101904,0.2778340131044388,0
1782,49.54396166600054,0.31516700983047485,0
1783,49.556810458016116,0.3899580333381891,0
1784,49.570318833051715,0.2881669788621366,0
1785,49.583143791009206,0.32654200913384557,0
1786,49.59600720804883,0.30341697856783867,0
1787,49.60783445800189,0.28541701612994075,0
1788,49.620514083013404,0.30758301727473736,0
1789,49.63336600002367,0.31637499341741204,0
1790,49.646262041002046,0.3147920360788703,0
1791,49.65913020801963,0.4761249874718487,0
1792,49.672184250026476,0.6220000213943422,0
1793,49.68538320803782,0.3530000103637576,0
1794,49.69828662503278,0.22679101675748825,0
1795,49.71104120800737,0.25633303448557854,0
1796,49.7238292080001,0.5309170228429139,0
1797,49.73690258304123,0.2887499867938459,0
1798,49.749728541006334,0.3213750314898789,0
1799,49.76258387503913,0.26050000451505184,0
1800,49.775375583034474,0.2839579829014838,0
1801,49.7881894580205,0.3209999995306134,0
1802,49.80103766603861,0.21654198644682765,0
1803,49.813837375026196,0.31575001776218414,0
1804,49.826717791031115,0.24874997325241566,0
1805,49.839529250049964,0.40149997221305966,0
1806,49.85231179103721,0.31766697065904737,0
1807,49.86517470801482,0.31037500593811274,0
1808,49.87801779102301,0.21775002824142575,0
1809,49.8907843750203,0.4926249966956675,0
1810,49.9027974580531,0.24949997896328568,0
1811,49.915371916024014,0.3499169833958149,0
1812,49.92828966601519,0.6682500243186951,0
1813,49.94152545800898,0.23491703905165195,0
1814,49.95255058305338,0.2815829939208925,0
1815,49.96550962503534,0.24383299751207232,0
1816,49.98238587501692,1.9454580033198,0
1817,49.99702679103939,0.3379170084372163,0
1818,50.009937625029124,0.8207079954445362,0
1819,50.020927000034135,0.405374972615391,0
1820,50.03361150005367,,1
1821,50.14696929103229,0.3581669880077243,0
1822,50.15754387504421,0.3445830079726875,0
1823,50.17053900001338,0.3744160057976842,0
1824,50.18349554104498,0.2804999821819365,0
1825,50.19499700004235,0.2534159575589001,0
1826,50.20779045805102,0.274707970675081,0
1827,50.21871679101605,0.21641701459884644,0
1828,50.22992037504446,0.28899998869746923,0
1829,50.24159220803995,0.29262498719617724,0
1830,50.25243237504037,1.6391249955631793,0
1831,50.26662041601958,0.2867919974960387,0
1832,50.279445708030835,0.24862500140443444,0
1833,50.29563325003255,1.4113750075921416,0
1834,50.311641708016396,0.2707919920794666,0
1835,50.32258566602832,0.7112919702194631,0
1836,50.33358420804143,1.321582996752113,0
1837,50.34755995805608,1.3371249660849571,0
1838,50.35959708300652,0.327582994941622,0
1839,50.37253233301453,0.9138750028796494,0
1840,50.38506108301226,0.2702919882722199,0
1841,50.39793054101756,0.7193750352598727,0
1842,50.41156162502011,0.7701250142417848,0
1843,50.42441741604125,0.5200419691391289,0
1844,50.43613891600398,0.2214590203948319,0
1845,50.44891266600462,0.2055420191027224,0
1846,50.46166420803638,0.3741669934242964,0
1847,50.4735639160499,0.22441695909947157,0
1848,50.48633420804981,0.21783297415822744,0
1849,50.49908395804232,0.2335829776711762,0
1850,50.5118962910492,0.1972919562831521,0
1851,50.52462679101154,0.15983398770913482,0
1852,50.5373222080525,0.24120794842019677,0
1853,50.55010350001976,0.1950410078279674,0
1854,50.56163866602583,0.2387089771218598,0
1855,50.57499816600466,3.323459008242935,0
1856,50.591346958011854,0.41508302092552185,0
1857,50.60430704103783,0.2579169813543558,0
1858,50.61715066601755,0.3058750298805535,0
1859,50.630013125017285,0.2168749924749136,0
1860,50.6427692080033,,1
1861,50.75639320805203,,1
1862,50.870101666019764,,1
1863,50.983872208045796,0.3755829529836774,0
1864,50.99678775004577,0.24749996373429894,0
1865,51.007729958044365,0.18616695888340473,0
1866,51.02044020802714,0.16825000056996942,0
1867,51.03312904102495,0.2916670055128634,0
1868,51.04594712500693,0.23958302335813642,0
1869,51.05871862504864,0.1872910070233047,0
1870,51.071424666035455,0.20012498134747148,0
1871,51.084310000005644,0.284541049040854,0
1872,51.09495966602117,0.3677920321933925,0
1873,51.107877291040495,0.3023750032298267,0
1874,51.120699874998536,0.23229100042954087,0
1875,51.13315670803422,0.32104196725413203,0
1876,51.146017333026975,0.28604199178516865,0
1877,51.15884583303705,0.3273750189691782,0
1878,51.16942991601536,0.9570420370437205,0
1879,51.182959916011896,0.3255840274505317,0
1880,51.19588100002147,0.24525000480934978,0
1881,51.20866379101062,0.2422920078970492,0
1882,51.21905312500894,,1
1883,51.33270991605241,0.37104199873283505,0
1884,51.34494487504708,0.24349999148398638,0
1885,51.355319041002076,0.2505420125089586,0
1886,51.368118666054215,0.35687495255842805,0
1887,51.37929225002881,0.3803750150837004,0
1888,51.390969375032,0.34324999433010817,0
1889,51.403861583035905,0.3358329995535314,0
1890,51.4157283329987,0.26991701452061534,0
1891,51.42827600002056,0.30179100576788187,0
1892,51.44084020802984,0.310958013869822,0
1893,51.45369091600878,0.2756250323727727,0
1894,51.46650458301883,0.2948330366052687,0
1895,51.479353166010696,0.3232500166632235,0
1896,51.490314416005276,0.3017919952981174,0
1897,51.50233066600049,0.41841703932732344,0
1898,51.51452562503982,0.2937910030595958,0
1899,51.52736129105324,0.3404169692657888,0
1900,51.54027020803187,0.5139170098118484,0
1901,51.55235908302711,0.5233329720795155,0
1902,51.56434016604908,0.303666980471462,0
1903,51.57719033304602,0.267457973677665,0
1904,51.58913391601527,0.40595902828499675,0
1905,51.60213145799935,0.4474580055102706,0
1906,51.615130333055276,0.3766249865293503,0
1907,51.62806195800658,0.41037501068785787,0
1908,51.641041333030444,0.43512502452358603,0
1909,51.65348683303455,0.4942499799653888,0
1910,51.66653275000863,0.5227079964242876,0
1911,51.679602375021204,0.3649999853223562,0
1912,51.692246875027195,1.8114160047844052,0
1913,51.70689516601851,0.4664169973693788,0
1914,51.719445166003425,0.3196250181645155,0
1915,51.730685875052586,0.22991595324128866,0
1916,51.74346600001445,0.24054100504145026,0
1917,51.75625683303224,0.280875014141202,0
1918,51.76908350002486,0.2601250307634473,0
1919,51.78188525000587,0.16616604989394546,0
1920,51.794578583037946,0.18091697711497545,0
1921,51.807300083048176,0.2417920040898025,0
1922,51.82007558300393,0.15462504234164953,0
1923,51.83277087501483,0.25862501934170723,0
1924,51.84499108302407,0.3082919865846634,0
1925,51.85782679100521,,1
1926,51.96951991604874,,1
1927,52.08184641605476,,1
1928,52.195012416050304,,1
1929,52.3087378750206,0.5073749925941229,0
1930,52.31988295802148,1.891333027742803,0
1931,52.333173375052866,0.46808295883238316,0
1932,52.34622362500522,0.38554100319743156,0
1933,52.35758645803435,0.254457991104573,0
1934,52.370374708028976,0.4029999836347997,0
1935,52.38568558305269,0.3243749961256981,0
1936,52.39622600004077,0.41333300760015845,0
1937,52.409195958054624,0.4104169784113765,0
1938,52.42150004103314,0.3850000211969018,0
1939,52.43445366603555,0.3504999913275242,0
1940,52.44493987504393,0.44470798457041383,0
1941,52.456833208038006,0.558874977286905,0
1942,52.46898033301113,0.3266670391894877,0
1943,52.48184741602745,0.31045899959281087,0
1944,52.49308466602815,0.2811250160448253,0
1945,52.5059145000414,0.21199998445808887,0
1946,52.518664000032004,0.23979099933058023,0
1947,52.53143429104239,0.19816699204966426,0
1948,52.54415254102787,0.1275839749723673,0
1949,52.55680008302443,,1
1950,52.67023762501776,,1
1951,52.78400300000794,,1
1952,52.897682666021865,0.2833750331774354,0
1953,52.91049233300146,0.18100003944709897,0
1954,52.92319262505043,0.15683297533541918,0
1955,52.93586966604926,0.140791991725564,0
1956,52.948528541019186,0.17954199574887753,0
1957,52.9612190410262,0.14287501107901335,0
1958,52.973870958026964,0.13287499314174056,0
1959,52.98651279101614,0.11766701936721802,0
1960,52.999387000047136,0.18354097846895456,0
1961,53.01146916602738,0.1307500060647726,0
1962,53.02416620805161,0.29312499100342393,0
1963,53.03698866604827,0.37712499033659697,0
1964,53.049916375020985,0.5990000208839774,0
1965,53.06175533303758,0.6885419716127217,0
1966,53.07503554102732,0.26954198256134987,0
1967,53.08596866601147,0.15554198762401938,0
1968,53.09884825005429,0.40804099990054965,0
1969,53.11164550000103,0.5246660439297557,0
1970,53.12475387501763,0.26587501633912325,0
1971,53.13562683301279,0.2726670354604721,0
1972,53.1473622910562,0.3338749520480633,0
1973,53.15782358305296,0.35200000274926424,0
1974,53.17074641602812,0.3100419999100268,0
1975,53.183408666052856,0.3719169762916863,0
1976,53.194979416031856,,1
1977,53.306435250036884,,1
1978,53.420291708025616,0.37295802030712366,0
1979,53.43322425003862,0.25354098761454225,0
1980,53.446023208030965,0.2815420157276094,0
1981,53.45721008302644,0.6238329806365073,0
1982,53.47040404099971,0.35779201425611973,0
1983,53.48335054103518,0.38124999264255166,0
1984,53.493925416027196,2.4131250102072954,0
1985,53.50650666601723,0.9980840259231627,0
1986,53.51978570804931,0.6124579813331366,0
1987,53.53053358301986,2.196833025664091,0
1988,53.542794041044544,0.299291976261884,0
1989,53.554082875023596,0.32708299113437533,0
1990,53.56697920802981,0.23241702001541853,0
1991,53.57977195800049,0.2042920095846057,0
1992,53.592556458024774,0.2869170275516808,0
1993,53.605382166046184,0.17391698202118278,0
1994,53.618088708026335,0.20062498515471816,0
1995,53.63052383303875,0.19874999998137355,0
1996,53.643255416012835,0.2453750348649919,0
1997,53.65579158300534,0.24449999909847975,0
1998,53.66715904104058,0.31224999111145735,0
1999,53.68001070804894,0.2918329555541277,0
2000,53.692852166015655,0.3065420314669609,0
2001,53.705708333000075,0.30512502416968346,0
2002,53.71857266605366,0.3147919778712094,0
2003,53.73143883305602,0.3315829671919346,0
2004,53.742031416040845,0.3665839903987944,0
2005,53.753062916046474,0.4634999786503613,0
2006,53.766080208006315,0.3250419977121055,0
2007,53.77832045801915,0.42325002141296864,0
2008,53.79130891599925,0.33870904007926583,0
2009,53.80216829100391,0.37745904410257936,0
2010,53.81509433302563,0.29254198307171464,0
2011,53.82549429102801,0.38929202128201723,0
2012,53.83656179101672,0.3556670271791518,0
2013,53.84946287504863,0.3021659795194864,0
2014,53.86231708305422,0.35574997309595346,0
2015,53.875206875032745,0.27558300644159317,0
2016,53.88601458305493,0.4190419567748904,0
2017,53.89898774999892,0.32595801167190075,0
2018,53.91189570800634,0.44058304047212005,0
2019,53.92491325002629,0.31999999191612005,0
2020,53.93683850002708,0.29987498419359326,0
2021,53.94969245803077,0.4319170257076621,0
2022,53.9627307500341,0.30758301727473736,0
2023,53.975501291046385,0.42495899833738804,0
2024,53.98859266604995,0.6563749630004168,0
2025,54.00181554100709,0.26816700119525194,0
2026,54.01394816604443,0.3455840051174164,0
2027,54.026302958023734,0.5876250215806067,0
2028,54.03836674999911,0.5281660123728216,0
2029,54.050335750041995,0.5256249569356441,0
2030,54.06345133302966,0.40129199624061584,0
2031,54.076460833020974,0.6140419864095747,0
2032,54.08971333299996,0.42320805368945,0
2033,54.101364791044034,0.5282919737510383,0
2034,54.114508541009855,0.5579999997280538,0
2035,54.12765720800962,0.4472919972613454,0
2036,54.140693708031904,0.49820798449218273,0
2037,54.153656458016485,0.5785829853266478,0
2038,54.166866500047036,0.4570829914882779,0
2039,54.179202375002205,0.5316660390235484,0
2040,54.19233550003264,0.4377500154078007,0
2041,54.20350570802111,0.40370802162215114,0
2042,54.21649437502492,,1
2043,54.32890754099935,,1
2044,54.441675708047114,,1
2045,54.554219541023485,,1
2046,54.66805891605327,,1
2047,54.78236495802412,,1
2048,54.8944164160057,,1
2049,55.0083404580364,,1
2050,55.12244391604327,0.5867920117452741,0
2051,55.13560929102823,0.6362919812090695,0
2052,55.14941054105293,0.4651669878512621,0
2053,55.160001833050046,0.6262499955482781,0
2054,55.17118850001134,0.7708750199526548,0
2055,55.183319041039795,0.5973340012133121,0
2056,55.19515250000404,0.9429579949937761,0
2057,55.20871362503385,0.62616600189358,0
2058,55.219474208017346,0.8000420057214797,0
2059,55.23287241603248,0.5608749925158918,0
2060,55.246032000053674,0.7634159992448986,0
2061,55.258337791019585,0.610959017649293,0
2062,55.26941850001458,0.611750001553446,0
2063,55.28265750000719,0.5937500391155481,0
2064,55.295058708055876,0.5674579879269004,0
2065,55.30821445805486,0.484999967738986,0
2066,55.319412583019584,0.5583330057561398,0
2067,55.33256120805163,0.65437494777143,0
2068,55.34492845804198,0.48995797988027334,0
2069,55.358018916042056,0.5461249966174364,0
2070,55.371159541013185,0.5605840124189854,0
2071,55.384312875045,0.5210000090301037,0
2072,55.39493037504144,0.44908298877999187,0
2073,55.40796012501232,0.42575004044920206,0
2074,55.41941550001502,0.5129160126671195,0
2075,55.43251983303344,0.5370830185711384,0
2076,55.44564004102722,0.49391697393730283,0
2077,55.458719541027676,0.4769589868374169,0
2078,55.46941020805389,0.46187499538064003,0
2079,55.48070362501312,0.3536249860189855,0
2080,55.493613541009836,0.47383399214595556,0
2081,55.506648708018474,0.40362501749768853,0
2082,55.51960412500193,0.37237501237541437,0
2083,55.53259912499925,0.4179160459898412,0
2084,55.54558270802954,0.3707080031745136,0
2085,55.55617225001333,0.466583005618304,0
2086,55.56924245803384,0.5607919883914292,0
2087,55.58237145800376,0.2830000012181699,0
2088,55.59520000003977,0.13316597323864698,0
2089,55.60785966605181,0.1794169656932354,0
2090,55.620567000005394,0.15716603957116604,0
2091,55.63324462500168,0.16187503933906555,0
2092,55.645925333024934,0.16416702419519424,0
2093,55.65860587503994,0.13491598656401038,0
2094,55.67125654104166,0.16241701086983085,0
2095,55.68297612504102,0.1897079637274146,0
2096,55.69489975000033,0.17633300740271807,0
2097,55.70759920804994,0.16545795369893312,0
2098,55.72028779104585,0.15637499745935202,0
2099,55.7329757080297,0.25804201140999794,0
2100,55.744915750052314,0.3254999755881727,0
2101,55.75541850004811,0.3838749835267663,0
2102,55.766623625007924,0.37762499414384365,0
2103,55.77823683305178,0.417332979850471,0
2104,55.79126129101496,0.32641703728586435,0
2105,55.802513875009026,0.2799580106511712,0
2106,55.815350708027836,0.30979199800640345,0
2107,55.82572337501915,0.24691602448001504,0
2108,55.8365931250155,0.21241599461063743,0
2109,55.847833916021045,0.30270899878814816,0
2110,55.859601416043006,0.25162496604025364,0
2111,55.87240312504582,0.27312495512887836,0
2112,55.88290704099927,0.3356250235810876,0
2113,55.89334295800654,0.2687080414034426,0
2114,55.906154833035544,0.22620800882577896,0
2115,55.9189361250028,0.43291604379191995,0
2116,55.93193920800695,0.2286670496687293,0
2117,55.94323100004112,0.18199998885393143,0
2118,55.955951250041835,0.321083003655076,0
2119,55.968804708041716,0.24020799901336432,0
2120,55.9816659160424,0.16654201317578554,0
2121,55.99437808303628,0.29458297649398446,0
2122,56.007258416037075,0.5400839727371931,0
2123,56.0201370830182,0.22420799359679222,0
2124,56.03062333300477,0.26862503727898,0
2125,56.04345470800763,0.2500000409781933,0
2126,56.053870625037234,0.2181659801863134,0
2127,56.06608895800309,0.412292021792382,0
2128,56.078337333048694,0.42924995068460703,0
2129,56.091333333053626,0.25583297247067094,0
2130,56.1028628750355,0.32070797169581056,0
2131,56.11438750004163,0.5225829663686454,0
2132,56.12752837501466,0.5835409974679351,0
2133,56.14013283303939,0.30379201052710414,0
2134,56.15300708304858,0.36633299896493554,0
2135,56.164053500047885,0.23054098710417747,0
2136,56.17685245804023,0.5015420028939843,0
2137,56.18979275005404,0.43304095743224025,0
2138,56.202808125002775,0.3196659963577986,0
2139,56.21352150000166,0.24800002574920654,0
2140,56.22632487502415,0.24166598450392485,0
2141,56.237132958020084,0.238874985370785,0
2142,56.24943670805078,0.22054195869714022,0
2143,56.262200416007545,0.23241702001541853,0
2144,56.27497116604354,0.24795898934826255,0
2145,56.28700700000627,0.2305410453118384,0
2146,56.29953075002413,0.2686249790713191,0
2147,56.31086516601499,0.2517920220270753,0
2148,56.32365033304086,0.2958329860121012,0
2149,56.33566433301894,0.4770419909618795,0
2150,56.347982666047756,0.500208989251405,0
2151,56.35963779099984,0.4627919988706708,0
2152,56.37149520800449,0.40241703391075134,0
2153,56.38447233301122,0.27241703355684876,0
2154,56.39505541604012,,1
2155,56.50737470801687,,1
2156,56.61957291600993,0.3553340211510658,0
2157,56.631338708044495,0.22270798217505217,0
2158,56.644592458033,0.3554580034688115,0
2159,56.65753729100106,0.263167021330446,0
2160,56.66878279100638,0.39187504444271326,0
2161,56.68176254100399,0.3771250485442579,0
2162,56.69472295802552,0.3849170170724392,0
2163,56.70526229101233,0.25874999118968844,0
2164,56.71806091599865,0.14154205564409494,0
2165,56.730742416053545,0.23566698655486107,0
2166,56.74352308304515,0.22366695338860154,0
2167,56.75629716605181,0.3712089965119958,0
2168,56.76768104103394,0.22504199296236038,0
2169,56.7794446660555,0.2489169710315764,0
2170,56.79223229101626,0.1810840331017971,0
2171,56.80493912502425,0.18279103096574545,0
2172,56.81764425005531,0.1681249705143273,0
2173,56.83035133301746,0.2601250307634473,0
2174,56.8431500410079,0.3005420439876616,0
2175,56.856007916037925,0.5875420174561441,0
2176,56.86816395801725,0.44412503484636545,0
2177,56.880351083003916,0.3760420368053019,0
2178,56.89329133305,0.41204196168109775,0
2179,56.905911791021936,0.36316702608019114,0
2180,56.91884850000497,,1
2181,57.032646291016135,,1
2182,57.15324358304497,,1
2183,57.267060000041965,,1
2184,57.380922458018176,,1
2185,57.49477383302292,0.6060419837012887,0
2186,57.507956208020914,0.40550000267103314,0
2187,57.5188598750392,1.0165409767068923,0
2188,57.53246058302466,,1
2189,57.64625941601116,,1
2190,57.7600212910329,,1
2191,57.8738326660241,,1
2192,57.985926083056256,,1
2193,58.100666250044014,,1
2194,58.21301383303944,,1
2195,58.3267941250233,,1
2196,58.43919470801484,,1
2197,58.555508625053335,,1
2198,58.66974016604945,0.8207919890992343,0
2199,58.68256312503945,0.7809579838067293,0
2200,58.69499137502862,0.545166025403887,0
2201,58.705799916002434,0.616417033597827,0
2202,58.71895658300491,0.3041670424863696,0
2203,58.73061208304716,0.30441698618233204,0
2204,58.7434664160246,0.29141700360924006,0
2205,58.75387170800241,0.4950420116074383,0
2206,58.76690608303761,0.2411669702269137,0
2207,58.779683083004784,0.3589999978430569,0
2208,58.792174541042186,0.38424995727837086,0
2209,58.80515995802125,,1
2210,58.91947787505342,0.6447499617934227,0
2211,58.93053604103625,0.4967499990016222,0
2212,58.94187229103409,0.34087500534951687,0
2213,58.95279766601743,0.3310000174678862,0
2214,58.96567720803432,0.11274998541921377,0
2215,58.97831387503538,0.07574999472126365,0
2216,58.989121708029415,0.07045798702165484,0
2217,59.00149670802057,0.12091698590666056,0
2218,59.01275950000854,0.07462501525878906,0
2219,59.025229416030925,0.07574999472126365,0
2220,59.036120416014455,0.09304203558713198,0
2221,59.048747375025414,0.11704099597409368,0
2222,59.061384583008476,0.11087500024586916,0
2223,59.0740257500438,0.10449998080730438,0
2224,59.0861377500114,0.18333300249651074,0
2225,59.09886500000721,0.3204160020686686,0
2226,59.11174766602926,0.4041669890284538,0
2227,59.124744083033875,0.18445798195898533,0
2228,59.13745670800563,0.2180000301450491,0
2229,59.150221750023775,0.39370800368487835,0
2230,59.16320170805557,0.4700419958680868,0
2231,59.17627229104983,0.29266695491969585,0
2232,59.18717333301902,0.2257500309497118,0
2233,59.199967583001126,0.4460420459508896,0
2234,59.21267420804361,0.35745796049013734,0
2235,59.2256026660325,0.22458401508629322,0
2236,59.23734833300114,0.20287500228732824,0
2237,59.25010458304314,0.5239999736659229,0
2238,59.26321625005221,0.22191595053300261,0
2239,59.27599229104817,0.4972500028088689,0
2240,59.289077916007955,0.2850840101018548,0
2241,59.30178770801285,0.2791670267470181,0
2242,59.31463033304317,0.37949997931718826,0
2243,59.32667470804881,0.39075000677257776,0
2244,59.33962333301315,0.2911670017056167,0
2245,59.35236200003419,0.3471249947324395,0
2246,59.36404975003097,0.4736660048365593,0
2247,59.37705408304464,0.2579999854788184,0
2248,59.388766832998954,0.29087503207847476,0
2249,59.39930904103676,0.21525000920519233,0
2250,59.41104258300038,0.3006670158356428,0
2251,59.42173354100669,0.3624170203693211,0
2252,59.434265250049066,1.3553329627029598,0
2253,59.4473582910141,0.6803750293329358,0
2254,59.458240500011016,0.677958014421165,0
2255,59.46931679104455,1.2374999932944775,0
2256,59.48142170801293,0.5324170342646539,0
2257,59.49206866603345,0.4005000228062272,0
2258,59.503106208052486,0.403541955165565,0
2259,59.513583666004706,0.4230420454405248,0
2260,59.52425620803842,0.23499998496845365,0
2261,59.53463600005489,0.36933296360075474,0
2262,59.54505570803303,0.3107499796897173,0
2263,59.55557254102314,0.34241698449477553,0
2264,59.56846933305496,0.3273749607615173,0
2265,59.57902825000929,0.4033750155940652,0
2266,59.59075512504205,0.2032080083154142,0
2267,59.60297062504105,0.4296659608371556,0
2268,59.61461245804094,0.21487497724592686,0
2269,59.62737104104599,0.23945898283272982,0
2270,59.639270875020884,0.44079101644456387,0
2271,59.6522656250163,0.16808300279080868,0
2272,59.6649667910533,0.18933397950604558,0
2273,59.677682166046,0.12420897837728262,0
2274,59.69034133304376,0.21824997384101152,0
2275,59.701536416017916,0.17387501429766417,0
2276,59.711817000003066,0.16387499636039138,0
2277,59.72261225001421,0.4208330065011978,0
2278,59.73563216603361,0.3854589886032045,0
2279,59.74902570800623,0.2547500189393759,0
2280,59.761855583055876,0.4451669519767165,0
2281,59.77485754102236,0.3356250235810876,0
2282,59.78773112501949,0.3137500025331974,0
2283,59.80059312505182,0.2595830010250211,0
2284,59.81231991603272,0.3267920110374689,0
2285,59.82523300003959,0.42233295971527696,0
2286,59.83583875000477,0.41033304296433926,0
2287,59.848807083035354,0.41920796502381563,0
2288,59.86144925002009,0.3327500307932496,0
2289,59.87188250001054,0.726458034478128,0
2290,59.885199125041254,0.514332961756736,0
2291,59.89832766604377,0.5543339648284018,0
2292,59.91148570802761,0.5877499934285879,0
2293,59.92543233302422,0.41491701267659664,0
2294,59.93802716600476,0.4587090224958956,0
2295,59.95108716603136,0.40666700806468725,0
2296,59.966651750029996,4.457290982827544,0
2297,59.98272079101298,0.5275420262478292,0
2298,59.99511600000551,0.3079160233028233,0
2299,60.00657179101836,16.793499991763383,0
2300,60.03602287505055,0.4618329694494605,0
2301,60.04837500001304,0.28145802207291126,0
2302,60.061213958018925,,1
2303,60.174458166002296,,1
2304,60.28651554102544,,1
2305,60.40034650004236,,1
2306,60.51365529105533,,1
2307,60.62480095803039,0.4717499832622707,0
2308,60.63786491600331,0.3618750488385558,0
2309,60.648483958037104,0.4164169658906758,0
2310,60.66032750002341,0.3946250071749091,0
2311,60.672618375043385,0.4042909713461995,0
2312,60.68562000000384,0.47391600674018264,0
2313,60.69870108301984,0.4937080084346235,0
2314,60.7108282080153,0.506750016938895,0
2315,60.72261050000088,0.42045803274959326,0
2316,60.73560200002976,0.3225830150768161,0
2317,60.74848450004356,0.49412500811740756,0
2318,60.76156545802951,0.4516670014709234,0
2319,60.77460120804608,0.464749988168478,0
2320,60.787511875038035,0.41612499626353383,0
2321,60.80057070800103,1.0137080098502338,0
2322,60.81377050001174,0.5346660036593676,0
2323,60.82689666602528,0.4170840256847441,0
2324,60.83927895803936,0.3589169937185943,0
2325,60.84988804103341,0.2762500080280006,0
2326,60.86186083301436,0.45670801773667336,0
2327,60.87260329100536,0.5742500070482492,0
2328,60.88416758301901,0.4181670374237001,0
2329,60.896715875016525,0.4290000069886446,0
2330,60.90840254101204,0.3469589864835143,0
2331,60.919980000006035,0.5873329937458038,0
2332,60.93278062500758,0.5981660215184093,0
2333,60.94525979104219,0.587083981372416,0
2334,60.95847304101335,0.49766700249165297,0
2335,60.97050837503048,0.46454102266579866,0
2336,60.98353008303093,0.562082976102829,0
2337,60.995178125042,0.47341600293293595,0
2338,61.00705116603058,0.298958970233798,0
2339,61.019152875000145,,1
2340,61.13284975005081,,1
2341,61.244180916051846,,1
2342,61.35804654104868,,1
2343,61.471309666056186,,1
2344,61.585355500050355,,1
2345,61.69784487504512,0.6509159575216472,0
2346,61.71108233300038,0.5017080111429095,0
2347,61.72314620803809,0.4728749627247453,0
2348,61.73585629102308,0.41625002631917596,0
2349,61.74748883303255,0.4410829860717058,0
2350,61.76048950001132,0.4344999906606972,0
2351,61.77120658301283,0.40745799196884036,0
2352,61.784173666033894,0.5231670220382512,0
2353,61.79653137503192,0.4380409955047071,0
2354,61.80952095804969,0.4082079976797104,0
2355,61.82216675003292,0.6279160152189434,0
2356,61.833074416033924,0.40687498403713107,0
2357,61.84602883300977,0.33587502548471093,0
2358,61.856904291023966,0.5397499771788716,0
2359,61.8700020830147,1.836292038206011,0
2360,61.88439654104877,0.5148749914951622,0
2361,61.89747070800513,0.47037500189617276,0
2362,61.90968625003006,0.505290983710438,0
2363,61.92276754102204,0.5537500255741179,0
2364,61.93587570800446,0.4962499951943755,0
2365,61.9481234580162,0.417000032030046,0
2366,61.960892333008815,0.3922500181943178,0
2367,61.9738014160539,0.5304999649524689,0
2368,61.98622887500096,0.5586660117842257,0
2369,61.99932812503539,0.4879579646512866,0
2370,62.01236758305458,0.32174994703382254,0
2371,62.025239083042834,,1
2372,62.13852758303983,,1
2373,62.252410333021544,,1
2374,62.3650416660239,,1
2375,62.47900575003587,,1
2376,62.593018208048306,,1
2377,62.70496320800157,,1
2378,62.81763454101747,,1
2379,62.93072637502337,,1
2380,63.044586583040655,0.6336249643936753,0
2381,63.057845708040986,0.4550419980660081,0
2382,63.069563875033055,0.49595796735957265,0
2383,63.082625750044826,0.5264999927021563,0
2384,63.09571325004799,0.48645795322954655,0
2385,63.10849412501557,0.46341598499566317,0
2386,63.1192327500321,0.5355000030249357,0
2387,63.13234258303419,0.5872920155525208,0
2388,63.14502895803889,0.48283301293849945,0
2389,63.1577990000369,0.4837909946218133,0
2390,63.17084137501661,0.4659999976865947,0
2391,63.18159791600192,0.38337503792718053,0
2392,63.19452733302023,0.5042499979026616,0
2393,63.20756912505021,0.2312909928150475,0
2394,63.21936037502019,0.29450003057718277,0
2395,63.23221300001023,0.21779100643470883,0
2396,63.24496254103724,0.1519590150564909,0
2397,63.257638541050255,0.14595896936953068,0
2398,63.27030412503518,0.17399998614564538,0
2399,63.28301841602661,0.42908400064334273,0
2400,63.296001541020814,0.3328750026412308,0
2401,63.30889320804272,0.3044579643756151,0
2402,63.32020325004123,0.3208330017514527,0
2403,63.33306283300044,0.29808300314471126,0
2404,63.3459012080566,0.3462919848971069,0
2405,63.358792625018395,0.3234579926356673,0
2406,63.371659958036616,0.3424579626880586,0
2407,63.38456087501254,0.305499997921288,0
2408,63.397409458004404,0.3339170361869037,0
2409,63.41043825005181,0.5297909956425428,0
2410,63.42226687504444,0.3761249827221036,0
2411,63.433585833001416,0.41562505066394806,0
2412,63.44654154102318,0.37445902125909925,0
2413,63.45771758304909,0.34983298974111676,0
2414,63.46954908303451,0.3044579643756151,0
2415,63.48239729105262,0.29566697776317596,0
2416,63.495000250055455,0.28495799051597714,0
2417,63.505833916016854,0.3534170100465417,0
2418,63.51673212501919,0.31416601268574595,0
2419,63.52833412500331,0.3785000299103558,0
2420,63.53968008304946,0.3719999804161489,0
2421,63.55260737502249,0.4927080008201301,0
2422,63.564427541045006,0.45354198664426804,0
2423,63.57743100001244,0.3882080200128257,0
2424,63.589677250012755,0.37654099287465215,0
2425,63.60260229103733,0.4115839838050306,0
2426,63.61358937504701,0.5512909847311676,0
2427,63.62670775002334,0.3921660245396197,0
2428,63.63965004100464,0.40895905112847686,0
2429,63.65260341600515,0.3737920196726918,0
2430,63.66552458301885,0.3719170344993472,0
2431,63.67843458300922,0.3755420329980552,0
2432,63.68896970804781,0.3469999646767974,0
2433,63.701862875022925,0.3500410239212215,0
2434,63.71480541600613,0.45108399353921413,0
2435,63.72785304102581,0.5069589824415743,0
2436,63.74092470802134,0.5171250086277723,0
2437,63.75399904104415,0.46716700308024883,0
2438,63.767031000053976,0.5109579651616514,0
2439,63.78008958301507,0.4792920080944896,0
2440,63.793120125017595,0.42520801071077585,0
2441,63.80513304105261,0.4873749567195773,0
2442,63.816653458052315,0.3624169621616602,0
2443,63.829556541051716,0.49649999709799886,0
2444,63.84202466602437,0.29787502717226744,0
2445,63.85332908300916,0.22133300080895424,0
2446,63.86511516600149,0.2435000496916473,0
2447,63.87700229103211,0.3783340216614306,0
2448,63.887888750003185,0.22816599812358618,0
2449,63.900662250001915,0.2270000404678285,0
2450,63.91155191604048,0.25858398294076324,0
2451,63.92435512505472,0.23920799139887094,0
2452,63.93633958301507,0.26537501253187656,0
2453,63.94675670802826,0.2577920095063746,0
2454,63.95816979103256,0.27000001864507794,0
2455,63.969985000032466,0.3356250235810876,0
2456,63.9818358750199,0.2714580041356385,0
2457,63.9946513750474,0.21799997193738818,0
2458,64.0074006250361,0.2907909802161157,0
2459,64.01954908302287,0.18695800099521875,0
2460,64.03226762503618,0.29804097721353173,0
2461,64.04512762505328,0.25591597659513354,0
2462,64.05681562505197,0.25716598611325026,0
2463,64.06869054102572,0.4573339829221368,0
2464,64.08171625004616,0.29166595777496696,0
2465,64.09220016602194,0.23812497965991497,0
2466,64.10289491602452,0.3405000315979123,0
2467,64.11401775002014,0.4765409976243973,0
2468,64.12708320800448,0.4331250092945993,0
2469,64.14008241600823,0.3445420297794044,0
2470,64.15156741603278,0.4967919667251408,0
2471,64.16462425002828,,1
2472,64.27842704101931,,1
2473,64.39160558301955,,1
2474,64.50438429100905,,1
2475,64.6180578750209,0.6799580296501517,0
2476,64.63060837500961,0.5480000399984419,0
2477,64.64373916602926,0.6664170068688691,0
2478,64.65698254102608,0.430750020314008,0
2479,64.66937970800791,1.1537920217961073,0
2480,64.68308137502754,0.4199999966658652,0
2481,64.69606637500692,0.59216603403911,0
2482,64.70831095805624,0.9530829847790301,0
2483,64.72044420801103,0.45116699766367674,0
2484,64.73346775001846,0.5752079887315631,0
2485,64.74411374999909,0.42404100531712174,0
2486,64.75685400003567,0.4610000178217888,0
2487,64.77030887501314,0.9078750154003501,0
2488,64.78251450002426,0.4522500094026327,0
2489,64.79451170802349,0.5216670106165111,0
2490,64.80760900001042,0.6874999962747097,0
2491,64.81955829105573,0.42704195948317647,0
2492,64.83253387501463,0.34804100869223475,0
2493,64.84537345805438,0.5424999981187284,0
2494,64.8570625000284,0.478541012853384,0
2495,64.86962837504689,0.5765410023741424,0
2496,64.88077387504745,0.21904095774516463,0
2497,64.89354041602928,0.3453749814070761,0
2498,64.90643950004596,0.46404096065089107,0
2499,64.91948316601338,0.43704203562811017,0
2500,64.93251200002851,0.45258301543071866,0
2501,64.94367408304242,0.302958011161536,0
2502,64.95593137503602,0.3024580073542893,0
2503,64.96829341602279,0.264959002379328,0
2504,64.98025870800484,,1
2505,65.09414625004865,,1
2506,65.20593504101271,,1
2507,65.3191057080403,,1
2508,65.4329153750441,0.4148749867454171,0
2509,65.44586729101138,0.25266699958592653,0
2510,65.45867512503173,0.3939999733120203,0
2511,65.47111325000878,0.43945800280198455,0
2512,65.48276929103304,0.5275000003166497,0
2513,65.49588133301586,0.4563750117085874,0
2514,65.51105637504952,0.8847079589031637,0
2515,65.52496633300325,0.8206670172512531,0
2516,65.53939233301207,1.0577500215731561,0
2517,65.55290945805609,,1
2518,65.66690525005106,,1
2519,65.77973495802144,,1
2520,65.89388295804383,0.7147080032154918,0
2521,65.90560408303281,0.7052919827401638,0
2522,65.91819216602016,0.5268339882604778,0
2523,65.93128679104848,0.48970896750688553,0
2524,65.94410579104442,0.4914589808322489,0
2525,65.95641875005094,0.4558749496936798,0
2526,65.96910979103995,0.4295419785194099,0
2527,65.97994220803957,0.8501249831169844,0
2528,65.99337070801994,0.42645802022889256,0
2529,66.0051882910193,0.35783398197963834,0
2530,66.0180952080409,0.3072079853154719,0
2531,66.03094620804768,0.3441249718889594,0
2532,66.04384774999926,0.32429100247099996,0
2533,66.05673200002639,0.3732910263352096,0
2534,66.06911245803349,0.29683299362659454,0
2535,66.08061070804251,0.3292079782113433,0
2536,66.09129383304389,0.3292079782113433,0
2537,66.10234087501885,0.36462501157075167,0
2538,66.11526091600535,0.35025004763156176,0
2539,66.12743541604141,,1
2540,66.24125800002366,0.5724999937228858,0
2541,66.25286408304237,,1
2542,66.36659908300499,0.4865420050919056,0
2543,66.37964683305472,0.36104198079556227,0
2544,66.39255620801123,0.3441250300966203,0
2545,66.40545133303385,0.3453330136835575,0
2546,66.41644591605291,0.7658340036869049,0
2547,66.42976812500274,,1
2548,66.54357325000456,,1
2549,66.65452270803507,,1
2550,66.76811637502396,,1
2551,66.87936637504026,,1
2552,66.99249216599856,,1
2553,67.10593670804519,,1
2554,67.21837870799936,,1
2555,67.3322423750069,0.6847080076113343,0
2556,67.34367633302463,0.5476250080391765,0
2557,67.35585583304055,0.4772499669343233,0
2558,67.36889108305331,0.4498329944908619,0
2559,67.38092366600176,0.4122500540688634,0
2560,67.39337445801357,0.5832500173710287,0
2561,67.40652758302167,0.5634580156765878,0
2562,67.41925512504531,3.1075829756446183,0
2563,67.43391995801358,0.8006250136531889,0
2564,67.44502037501661,0.5540000274777412,0
2565,67.45738954102853,0.7220419938676059,0
2566,67.4706886660424,0.5084999720565975,0
2567,67.48311204102356,0.331917020957917,0
2568,67.49498475005385,0.557374965865165,0
2569,67.50618337502237,0.38729101652279496,0
2570,67.51910945802229,0.26954198256134987,0
2571,67.53191254101694,0.2749999985098839,0
2572,67.54471787501825,0.22237503435462713,0
2573,67.55746200005524,0.344207976013422,0
2574,67.57032570801675,0.42745802784338593,0
2575,67.58331650000764,0.3320830292068422,0
2576,67.59562491602264,0.48920902190729976,0
2577,67.60737529100152,0.4948340356349945,0
2578,67.61918916605646,0.7327499915845692,0
2579,67.63089866604423,0.9947919752448797,0
2580,67.64414379105438,0.3582919598557055,0
2581,67.65633770800196,0.4205420264042914,0
2582,67.6693281660555,0.19683397840708494,0
2583,67.68206908303546,0.27229200350120664,0
2584,67.69409141602227,0.2459170063957572,0
2585,67.7068869160139,0.3760000108741224,0
2586,67.7195964580169,0.2603330067358911,0
2587,67.73087408300489,0.2608330105431378,0
2588,67.7436792080407,0.680041965097189,0
2589,67.75477375002811,0.2995409886352718,0
2590,67.76716899999883,0.3581250202842057,0
2591,67.77933587500593,0.41625002631917596,0
2592,67.79021687502973,,1
2593,67.90482579101808,,1
2594,68.01640925003449,,1
2595,68.13019845803501,0.36454200744628906,0
2596,68.14312633301597,0.43908302905038,0
2597,68.15600062505109,0.7185409776866436,0
2598,68.16929783305386,1.1041669640690088,0
2599,68.18192083301255,0.31708303140476346,0
2600,68.19398350000847,0.3783749998547137,0
2601,68.2062839580467,0.8644579793326557,0
2602,68.21732187503949,0.5415409686975181,0
2603,68.23015479103196,0.5644169868901372,0
2604,68.24332062504254,0.41574996430426836,0
2605,68.2563174579991,0.4052920266985893,0
2606,68.2692937500542,0.2988749765790999,0
2607,68.2822019160376,0.34716696245595813,0
2608,68.29511666600592,0.5324590019881725,0
2609,68.30606616602745,0.890374998562038,0
2610,68.31962216604734,0.41612499626353383,0
2611,68.33261412504362,0.3208330017514527,0
2612,68.34549679100746,0.40241703391075134,0
2613,68.35789191600634,0.2736670430749655,0
2614,68.36959166603629,0.25216699577867985,0
2615,68.38108945800923,0.5864170379936695,0
2616,68.39190433302429,0.4985000123269856,0
2617,68.40443829103606,0.369541987311095,0
2618,68.41548762505408,0.2918749814853072,0
2619,68.42808254103875,0.26870897272601724,0
2620,68.43993000005139,0.2920409897342324,0
2621,68.45183404104318,0.4337920108810067,0
2622,68.46486583305523,0.2758329501375556,0
2623,68.47768316604197,0.11329195694997907,0
2624,68.48808108305093,0.22679194808006287,0
2625,68.50043745804578,0.21654198644682765,0
2626,68.5110418330296,0.31958299223333597,0
2627,68.52258908300428,0.34487503580749035,0
2628,68.53547558304854,0.430332962423563,0
2629,68.54805220803246,0.4961669910699129,0
2630,68.56112845800817,0.39004202699288726,0
2631,68.57410070800688,0.2867919974960387,0
2632,68.58626279101009,0.3788340254686773,0
2633,68.59920275001787,0.3210410359315574,0
2634,68.60998879105318,0.3637499758042395,0
2635,68.62136454100255,1.5706670237705112,0
2636,68.63550895801745,0.3897499991580844,0
2637,68.64698379102629,0.5253750132396817,0
2638,68.66012325003976,0.43054099660366774,0
2639,68.67260908300523,0.5529579939320683,0
2640,68.68584987503709,0.5730409757234156,0
2641,68.69897979102097,0.2659590099938214,0
2642,68.71090266603278,0.38362498162314296,0
2643,68.72259562503314,0.41629100451245904,0
2644,68.73557625000831,0.42116601252928376,0
2645,68.74681129102828,0.5387919954955578,0
2646,68.75888175005093,0.5314159789122641,0
2647,68.76959695800906,0.45137503184378147,0
2648,68.78267587500159,0.4475830355659127,0
2649,68.79411766602425,0.3907090285792947,0
2650,68.80705379100982,0.4462090437300503,0
2651,68.81952666601865,0.519749999511987,0
2652,68.832589208032,0.4295830149203539,0
2653,68.84511212504003,0.49299997044727206,0
2654,68.85593408305431,0.5355829489417374,0
2655,68.86712175002322,0.5289579858072102,0
2656,68.88021662505344,0.5181249580346048,0
2657,68.89329529105453,0.5383339594118297,0
2658,68.90592683304567,0.44754199916496873,0
2659,68.91655179101508,0.639959005638957,0
2660,68.9275856250315,0.9902910096570849,0
2661,68.94129375001648,0.49654103349894285,0
2662,68.95371329103364,0.5717499880120158,0
2663,68.96570675005205,0.6387499743141234,0
2664,68.97890583303524,0.5831249873153865,0
2665,68.99206233303994,0.457499991171062,0
2666,69.00501345802331,0.34858298022300005,0
2667,69.01793875003932,0.47024997184053063,0
2668,69.03096662502503,0.5040409741923213,0
2669,69.04406050004764,0.4902909859083593,0
2670,69.05760683305562,1.097791944630444,0
2671,69.07129950000672,,1
2672,69.18462095805444,0.625832995865494,0
2673,69.19783779105637,0.5047089653089643,0
2674,69.20885733305477,0.40249997982755303,0
2675,69.21959337504813,0.3053330001421273,0
2676,69.23243795800954,0.48679200699552894,0
2677,69.244126125006,,1
2678,69.35808516602265,,1
2679,69.47099816601258,,1
2680,69.58267791604158,,1
2681,69.69509775005281,,1
2682,69.80744470801437,,1
2683,69.92112954100594,,1
2684,70.03399441600777,0.60299999313429,0
2685,70.04553295799997,0.4457080503925681,0
2686,70.05777150002541,0.5216660210862756,0
2687,70.06879675004166,3.1575409811921418,0
2688,70.08460608305177,0.7767920033074915,0
2689,70.09642450005049,0.5219579907134175,0
2690,70.10954837501049,0.560290995053947,0
2691,70.12259729101788,,1
2692,70.2364357910119,,1
2693,70.3512210410554,,1
2694,70.46501783304848,0.6914580008015037,0
2695,70.47830029105535,0.5532499635592103,0
2696,70.49142833304359,0.46437495620921254,0
2697,70.50295012502465,0.5609579966403544,0
2698,70.5160830829991,0.4947500419802964,0
2699,70.52912487502908,0.41754101403057575,0
2700,70.54211545805447,0.5024169804528356,0
2701,70.55620079103392,0.5748749827034771,0
2702,70.56782129104249,0.3198749618604779,0
2703,70.58069879101822,0.46533398563042283,0
2704,70.593151958019,0.4337499849498272,0
2705,70.60592191602336,0.5057090311311185,0
2706,70.61896450002678,0.4593749763444066,0
2707,70.63199308305047,0.5434579798020422,0
2708,70.64650325005641,0.5813749739900231,0
2709,70.65842329105362,0.2511669881641865,0
2710,70.6705497080111,0.2715419977903366,0
2711,70.68336720805382,0.39795797783881426,0
2712,70.69614208303392,0.49279199447482824,0
2713,70.70716050005285,0.5362079828046262,0
2714,70.72026145801647,0.49825001042336226,0
2715,70.73239150003064,0.5019159871153533,0
2716,70.74511520803208,0.5446249851956964,0
2717,70.75770820805337,0.5571669898927212,0
2718,70.76959208300104,0.54116704268381,0
2719,70.78269487502985,0.5531249917112291,0
2720,70.79581570799928,0.527417054399848,0
2721,70.80890175001696,0.5030410247854888,0
2722,70.8202791250078,0.5636659916490316,0
2723,70.83339537505526,0.4737909766845405,0
2724,70.84642466600053,0.5059590330347419,0
2725,70.85950041603064,0.5632920074276626,0
2726,70.873570958036,0.7384999771602452,0
2727,70.88688004104188,0.48824999248608947,0
2728,70.89965741604101,0.5052500055171549,0
2729,70.91142320801737,0.5210000090301037,0
2730,70.92450425005518,0.5277079762890935,0
2731,70.93619058304466,0.5506249726749957,0
2732,70.94929904100718,,1
2733,71.06312770803925,,1
2734,71.17427166603738,,1
2735,71.28621354105417,,1
2736,71.39852487505414,0.4023749497719109,0
2737,71.41104316600831,0.5559170385822654,0
2738,71.42419958300889,0.4070420400239527,0
2739,71.43620545801241,0.4044999950565398,0
2740,71.44802150002215,,1
2741,71.5618230830296,,1
2742,71.67569970805198,0.7110829465091228,0
2743,71.68904362502508,0.3778330283239484,0
2744,71.7019902500324,0.48041599802672863,0
2745,71.71505862503545,0.5562499864026904,0
2746,71.72745012503583,0.5479159881360829,0
2747,71.7386481660069,0.3972090198658407,0
2748,71.75162191601703,0.351875030901283,0
2749,71.76454658299917,0.6057080463506281,0
2750,71.77774129103636,0.6725839921273291,0
2751,71.79117950005457,0.3003329620696604,0
2752,71.8033975410508,0.8077499805949628,0
2753,71.81452095805435,0.21541694877669215,0
2754,71.82727554102894,0.1901250216178596,0
2755,71.8400065410533,0.21395896328613162,0
2756,71.8527545830002,0.15391700435429811,0
2757,71.86543679103488,0.1771249808371067,0
2758,71.87815887504257,0.29633298981934786,0
2759,71.88970870804042,0.2512499922886491,0
2760,71.90252404101193,0.2915420336648822,0
2761,71.91528604103951,0.4950420116074383,0
2762,71.92761158302892,0.38991699693724513,0
2763,71.93926708301296,0.4967080312781036,0
2764,71.95233404100873,0.4430839908309281,0
2765,71.96535395801766,0.4538330249488354,0
2766,71.97838170803152,0.49958302406594157,0
2767,71.99048766604392,0.5132919759489596,0
2768,72.00377337500686,0.5685830255970359,0
2769,72.01692583301337,0.5133330123499036,0
2770,72.03003916604212,0.32599997939541936,0
2771,72.04122233303497,0.5157080013304949,0
2772,72.05288550001569,0.4818330053240061,0
2773,72.06585666601313,0.5511670024134219,0
2774,72.0784580000327,0.5419160006567836,0
2775,72.09159195801476,0.4194580251350999,0
2776,72.1024333750247,0.3552910056896508,0
2777,72.11536850000266,0.36800000816583633,0
2778,72.12720804102719,0.3016670234501362,0
2779,72.1383862910443,0.26474997866898775,0
2780,72.14960016601253,0.3048750222660601,0
2781,72.16076204105048,0.3427089541219175,0
2782,72.1719284580322,0.31645799754187465,0
2783,72.18308595800772,0.37158303894102573,0
2784,72.19511020800564,0.3902920288965106,0
2785,72.2080651250435,0.41416595922783017,0
2786,72.219700708054,0.5237499717622995,0
2787,72.23277937504463,0.4445409867912531,0
2788,72.24511479103239,0.4377919831313193,0
2789,72.25811737502227,0.48233300913125277,0
2790,72.27114900003653,0.3987909876741469,0
2791,72.28409391600871,0.3921250463463366,0
2792,72.29703066602815,0.3986670053564012,0
2793,72.30996908299858,0.37566700484603643,0
2794,72.32278875005431,0.4409579560160637,0
2795,72.33576633303892,0.44187501771375537,0
2796,72.34635475004325,0.3926249919459224,0
2797,72.35929591604508,0.37570897256955504,0
2798,72.37186387501424,0.3284999984316528,0
2799,72.38473879103549,0.387999985832721,0
2800,72.39644941600272,0.34245901042595506,0
2801,72.40934937505517,0.32070797169581056,0
2802,72.42225008300738,0.28683303389698267,0
2803,72.4350813330384,0.4087080014869571,0
2804,72.4462912500021,0.341750041116029,0
2805,72.4591841250076,0.32762502087280154,0
2806,72.47024720802438,0.31770800705999136,0
2807,72.48310983303236,0.3007079940289259,0
2808,72.49594904104015,0.30629197135567665,0
2809,72.50880025001243,0.29933301266282797,0
2810,72.5195348749985,0.29150000773370266,0
2811,72.53243312501581,0.2882910193875432,0
2812,72.54527829104336,0.38641697028651834,0
2813,72.55749550001929,0.43112499406561255,0
2814,72.5700194160454,,1
2815,72.68133008305449,0.45983295422047377,0
2816,72.69438229105435,0.41845894884318113,0
2817,72.7073906250298,0.4099580110050738,0
2818,72.72069141600514,1.1371250147931278,0
2819,72.73444845800987,0.29208301566541195,0
2820,72.74733737501083,0.24829100584611297,0
2821,72.76013900001999,0.1848330139182508,0
2822,72.7728907080018,0.41912501910701394,0
2823,72.78528775001178,0.2823329996317625,0
2824,72.79812345805112,0.35683298483490944,0
2825,72.81103325000731,0.3468749928288162,0
2826,72.8239353329991,0.2630420494824648,0
2827,72.83674854104174,0.19208400044590235,0
2828,72.8494780830224,0.22933300351724029,0
2829,72.86179112503305,0.21600001491606236,0
2830,72.87453137501143,0.24216598831117153,0
2831,72.8872875830275,0.21183298667892814,0
2832,72.90002087503672,0.21824997384101152,0
2833,72.9117608750239,0.3078749869018793,0
2834,72.924604208034,0.2887920127250254,0
2835,72.93741233303444,0.19737501861527562,0
2836,72.95016166602727,0.3934170235879719,0
2837,72.96310641604941,0.2809999859891832,0
2838,72.97595420799917,0.5146250477991998,0
2839,72.98902579100104,0.27891702484339476,0
2840,72.99997966602677,0.4147500148974359,0
2841,73.0108251250349,0.23891596356406808,0
2842,73.02290358301252,0.6947920192033052,0
2843,73.03624658304034,0.5866250139661133,0
2844,73.0494214160135,0.28345902683213353,0
2845,73.06228125002235,0.3220409853383899,0
2846,73.07383370801108,0.23954204516485333,0
2847,73.08598833304131,2.4241249775514007,0
2848,73.09946583304554,0.4889999981969595,0
2849,73.1125238329987,0.34416705602779984,0
2850,73.12543254101183,0.43237500358372927,0
2851,73.13786204101052,0.43466698843985796,0
2852,73.14870287501253,0.5400000372901559,0
2853,73.16181804100052,0.3093340201303363,0
2854,73.17468783300137,0.24304201360791922,0
2855,73.1874811660382,0.28770900098606944,0
2856,73.1980455830344,,1
2857,73.31176279101055,,1
2858,73.42407225002535,,1
2859,73.53627783304546,,1
2860,73.65045225003269,,1
2861,73.76315787504427,,1
2862,73.87882762501249,,1
2863,73.99168829101836,0.5136249819770455,0
2864,74.00502875004895,0.4503329982981086,0
2865,74.01811758300755,0.3922079922631383,0
2866,74.03115504101152,0.5534589872695506,0
2867,74.04299066599924,0.4217500099912286,0
2868,74.05600841605337,0.4573339829221368,0
2869,74.06912491604453,1.271874993108213,0
2870,74.08058175002225,0.5726660019718111,0
2871,74.09339987504063,6.095207994803786,0
2872,74.11022262502229,0.5926250014454126,0
2873,74.1218734580325,0.45420799870043993,0
2874,74.13704733300256,16.978625033516437,0
2875,74.16686741600279,0.43229199945926666,0
2876,74.17785525001818,0.751833023969084,0
2877,74.18985604104819,0.6692089955322444,0
2878,74.20408350002253,0.43591600842773914,0
2879,74.21717941603856,0.8242499898187816,0
2880,74.23065691604279,0.3197919577360153,0
2881,74.24329358304385,0.7754999678581953,0
2882,74.25594354100758,0.5005840212106705,0
2883,74.26701691601193,0.8776250178925693,0
2884,74.28051145805512,0.5921669653616846,0
2885,74.29372579103801,0.5280839977785945,0
2886,74.30628020805307,0.3815419622696936,0
2887,74.32199408300221,0.3142920322716236,0
2888,74.3323742080247,0.24862500140443444,0
2889,74.34517962503014,0.384416023734957,0
2890,74.35592041601194,0.3979590255767107,0
2891,74.36888362502214,0.32533297780901194,0
2892,74.38176200003363,0.4148330190218985,0
2893,74.39376941602677,0.2816669875755906,0
2894,74.40660491603194,0.250459008384496,0
2895,74.41923091601348,0.5054590292274952,0
2896,74.43228620802984,0.4873750149272382,0
2897,74.4453270000522,0.4843329661525786,0
2898,74.4575319160358,0.41033397428691387,0
2899,74.47048770805122,0.2922919811680913,0
2900,74.48139741603518,0.33662497298792005,0
2901,74.49334650003584,,1
2902,74.60807916603517,0.6803749711252749,0
2903,74.62157725001452,1.366332988254726,0
2904,74.63390975003131,7.573665992822498,0
2905,74.65556687500793,0.6200000061653554,0
2906,74.66671420802595,0.4034580197185278,0
2907,74.68001537502278,0.4902909859083593,0
2908,74.69242950004991,0.44245796743780375,0
2909,74.7052554160473,0.4384589847177267,0
2910,74.71828870801255,0.4027500399388373,0
2911,74.729625958018,0.4586669965647161,0
2912,74.74265950004337,0.263832975178957,0
2913,74.75475916604046,0.40483399061486125,0
2914,74.7678432080429,0.2971249632537365,0
2915,74.7807240000111,0.7029999978840351,0
2916,74.79401304101339,0.4092089948244393,0
2917,74.80594033305533,0.38704194594174623,0
2918,74.81945466605248,0.47937495401129127,0
2919,74.83061670802999,0.3535000141710043,0
2920,74.84355075005442,0.3133329446427524,0
2921,74.8562511660275,1.518125005532056,0
2922,74.86959633301012,0.22904202342033386,0
2923,74.88237854104955,0.36099995486438274,0
2924,74.89529441605555,0.21708395797759295,0
2925,74.90779037500033,0.23866601986810565,0
2926,74.9205668750219,0.2245830255560577,0
2927,74.93279104103567,0.2638339647091925,0
2928,74.94560600002296,0.24458300322294235,0
2929,74.95680720801465,0.17549999756738544,0
2930,74.96716808300698,0.26991701452061534,0
2931,74.97772333305329,0.2549579949118197,0
2932,74.98966658301651,0.24700001813471317,0
2933,75.00244562502485,0.1942500239238143,0
2934,75.01519929105416,0.34720898838713765,0
2935,75.02641787502216,0.2941249986179173,0
2936,75.03918600000907,0.4022910143248737,0
2937,75.05215362500167,0.4831250407733023,0
2938,75.06520187505521,0.493332976475358,0
2939,75.07826775003923,,1
2940,75.19219550001435,,1
2941,75.30595162505051,0.47045800602063537,0
2942,75.3184957910562,0.42049994226545095,0
2943,75.33147579105571,0.28670899337157607,0
2944,75.34429933305364,0.37712499033659697,0
2945,75.35729379102122,0.41504198452457786,0
2946,75.36987404100364,0.32579200342297554,0
2947,75.38274650002131,0.39895798545330763,0
2948,75.39570170803927,0.41366700315847993,0
2949,75.40759112505475,0.4558329819701612,0
2950,75.42052200000035,0.8712499984540045,0
2951,75.43395066604717,0.44766697101294994,0
2952,75.44696025003213,0.4618329694494605,0
2953,75.45997950003948,0.45504100853577256,0
2954,75.47068537503947,0.4265829920768738,0
2955,75.48367866600165,0.38929202128201723,0
2956,75.496249541,0.42787502752617,0
2957,75.5092372080544,0.4037079634144902,0
2958,75.52219908300322,0.43879204895347357,0
2959,75.53913620801177,0.623667030595243,0
2960,75.55087437503971,0.3957499866373837,0
2961,75.56272162502864,0.3892080276273191,0
2962,75.5756746250554,0.32079097582027316,0
2963,75.58630333305337,0.24329195730388165,0
2964,75.5978894160362,0.5242089973762631,0
2965,75.61101841600612,0.6611670251004398,0
2966,75.62426858302206,0.39912498323246837,0
2967,75.63564362504985,2.737749950028956,0
2968,75.65096341603203,0.4889169940724969,0
2969,75.66281079105102,0.57366699911654,0
2970,75.67598745803116,0.42358296923339367,0
2971,75.68757683300646,0.5056250374764204,0
2972,75.69838141603395,0.5113339866511524,0
2973,75.71642220800277,0.4751670057885349,0
2974,75.72951770800864,0.5319580086506903,0
2975,75.7409328330541,0.3730829921551049,0
2976,75.75242783303838,0.2020419924519956,0
2977,75.76517495804,0.4342499887570739,0
2978,75.77816395804984,0.3489579539746046,0
2979,75.79043708305107,0.4729169886559248,0
2980,75.80285062501207,2.669125038664788,0
2981,75.81808983301744,0.44308300130069256,0
2982,75.8290212500142,0.5231249961070716,0
2983,75.84212379105156,0.5765419919043779,0
2984,75.85528754105326,0.540708948392421,0
2985,75.86839325004257,0.30700000934302807,0
2986,75.88126670802012,0.5511250346899033,0
2987,75.89296704099979,0.44108403380960226,0
2988,75.90591833303915,0.2732499851845205,0
2989,75.91876062500523,0.374249997548759,0
2990,75.93170045805164,0.30820799292996526,0
2991,75.9445751660387,0.29266701312735677,0
2992,75.95635854103602,0.3927919897250831,0
2993,75.96808166604023,0.3831249778158963,0
2994,75.98102270800155,0.4942500381730497,0
2995,75.99407504103146,0.5370419821701944,0
2996,76.00718570803292,0.4938329802826047,0
2997,76.01960637501907,0.6473750108852983,0
2998,76.03157779102912,0.49825001042336226,0
2999,76.04347929102369,0.551584002096206,0
3000,76.05555162503151,0.7056249887682498,0
3001,76.0670362910023,0.36087504122406244,0
3002,76.07902650005417,0.3774579963646829,0
3003,76.09197187505197,0.35566597944125533,0
3004,76.10487345803995,0.2726669772528112,0
3005,76.11765891604591,0.2030839677900076,0
3006,76.1303824580391,0.2935829688794911,0
3007,76.14320495800348,0.31575001776218414,0
3008,76.15607300004922,0.3216659533791244,0
3009,76.16897887503728,0.2966659958474338,0
3010,76.18094104103511,0.37054199492558837,0
3011,76.19280770805199,0.35408296389505267,0
3012,76.20880012505222,0.564665999263525,0
3013,76.22043179103639,0.2648750087246299,0
3014,76.23230829101522,,1
3015,76.34612387500238,0.6624580128118396,0
3016,76.35894254100276,0.4720840370282531,0
3017,76.37188408302609,0.3512080293148756,0
3018,76.38480749999871,0.4570000455714762,0
3019,76.39783812500536,0.6059580482542515,0
3020,76.41078233305598,0.5207079811953008,0
3021,76.42192383302609,0.34904200583696365,0
3022,76.43258462502854,0.38129097083583474,0
3023,76.44552529102657,0.3385840100236237,0
3024,76.45761891599977,0.3819590201601386,0
3025,76.47055091604125,0.3005419857800007,0
3026,76.4831626660307,0.3719999804161489,0
3027,76.49570687505184,0.5694580031558871,0
3028,76.5088335830369,0.6099999882280827,0
3029,76.52119691600092,0.5824590334668756,0
3030,76.53434570803074,0.7190830074250698,0
3031,76.5463037500158,0.5315410089679062,0
3032,76.55916166602401,0.6398750119842589,0
3033,76.571095833031,1.0209999745711684,0
3034,76.5846811250085,0.5421660025604069,0
3035,76.59661450004205,0.5480409599840641,0
3036,76.60886920802295,0.45475002843886614,0
3037,76.62150275002932,0.5492909695021808,0
3038,76.6324887080118,0.37887500366196036,0
3039,76.64535512501607,0.5077079986222088,0
3040,76.65842820802936,0.5419169901870191,0
3041,76.66910550004104,0.45141601003706455,0
3042,76.6821243330487,0.4731249646283686,0
3043,76.6951495410176,0.47483399976044893,0
3044,76.70595645805588,0.5401669768616557,0
3045,76.71904829103732,0.44124998385086656,0
3046,76.73018204100663,0.5922919954173267,0
3047,76.74194929102669,0.41666702600196004,0
3048,76.75760358304251,0.6939169834367931,0
3049,76.77011416602181,0.9365419973619282,0
3050,76.78160179103725,0.4978340002708137,0
3051,76.79470145801315,0.27487502666190267,0
3052,76.80753504100721,0.26699999580159783,0
3053,76.81996175000677,0.6940000457689166,0
3054,76.83212716603884,0.3756249789148569,0
3055,76.8437292080489,0.34254195634275675,0
3056,76.85664333304157,0.23991696070879698,0
3057,76.86911437503295,0.39612501859664917,0
3058,76.8811636660248,0.2875420032069087,0
3059,76.89302250003675,0.34149998100474477,0
3060,76.90594116604188,0.31941698398441076,0
3061,76.91853987501236,0.3600000054575503,0
3062,76.93015825003386,0.457499991171062,0
3063,76.942460958031,0.33612496918067336,0
3064,76.95430733304238,0.21766696590930223,0
3065,76.96620125003392,0.36595796700567007,0
3066,76.9781146250316,0.47454098239541054,0
3067,76.98968020803295,0.41737500578165054,0
3068,77.00268254103139,0.3867089981213212,0
3069,77.01565404102439,0.3464589826762676,0
3070,77.0272951660445,0.23804197553545237,0
3071,77.04008366604103,0.1852919813245535,0
3072,77.05605275003472,1.824999984819442,0
3073,77.07084375002887,0.45804097317159176,0
3074,77.08388245804235,0.2549999626353383,0
3075,77.09670645801816,0.25637500220909715,0
3076,77.10952091601212,0.27754204347729683,0
3077,77.12003316602204,0.32229197677224874,0
3078,77.13119312503841,0.41087501449510455,0
3079,77.14422041602666,0.46020897570997477,0
3080,77.15725129103521,0.25766697945073247,0
3081,77.16969725000672,0.29329099925234914,0
3082,77.18100866605528,0.26458397042006254,0
3083,77.1927402500296,0.34929101821035147,0
3084,77.20571787504014,0.3000409924425185,0
3085,77.21615766600007,0.23783399956300855,0
3086,77.2289398330031,0.1627500168979168,0
3087,77.24165937502403,0.33175002317875624,0
3088,77.25456066604238,0.26125001022592187,0
3089,77.26536245801253,0.29954203637316823,0
3090,77.27821858302923,0.2506250166334212,0
3091,77.29178150004009,0.3279999946244061,0
3092,77.30345854104962,5.4796249605715275,0
3093,77.32221566600492,1.3261670246720314,0
3094,77.33600325003499,4.339958017226309,0
3095,77.35447062505409,0.8032079786062241,0
3096,77.36785337503534,0.2900409745052457,0
3097,77.37935954105342,0.42387499706819654,0
3098,77.3923670410295,0.4129590233787894,0
3099,77.4053752500331,0.384374987334013,0
3100,77.41838304104749,0.39483397267758846,0
3101,77.43135241605341,0.3362919669598341,0
3102,77.44260433304589,0.3795420052483678,0
3103,77.45356745802565,0.22687501041218638,0
3104,77.4663535830332,0.28633297188207507,0
3105,77.47744204103947,0.3225419786758721,0
3106,77.48814216605388,0.5372919840738177,0
3107,77.4999828330474,0.39241695776581764,0
3108,77.51182450004853,,1
3109,77.62545437505469,,1
3110,77.73929787502857,,1
3111,77.85542437504046,,1
3112,77.9825072910171,,1
3113,78.09415541600902,,1
3114,78.2083544160123,0.48079201951622963,0
3115,78.21958120801719,,1
3116,78.33334970800206,,1
3117,78.447195500019,0.5564580205827951,0
3118,78.46039108303376,0.6240829825401306,0
3119,78.47365858301055,0.6175420130603015,0
3120,78.49138062505517,0.6158749456517398,0
3121,78.5029870000435,0.7778749568387866,0
3122,78.51634675002424,0.40550000267103314,0
3123,78.52932441601297,0.4942090017721057,0
3124,78.54022850003093,0.4504999960772693,0
3125,78.55353500001365,0.5076660308986902,0
3126,78.56664550001733,0.5502080311998725,0
3127,78.57880791602656,0.5658749723806977,0
3128,78.590392291022,0.5620840238407254,0
3129,78.60293266602093,1.045333978254348,0
3130,78.61524258303689,0.46624999959021807,0
3131,78.62830200005556,0.547999981790781,0
3132,78.64141937502427,0.36591599928215146,0
3133,78.65352483303286,0.7201670086942613,0
3134,78.66514154104516,0.46258396469056606,0
3135,78.67744962504366,0.41054096072912216,0
3136,78.68871537502855,0.4316659760661423,0
3137,78.70173700002488,0.5262080230750144,0
3138,78.71256729104789,0.4734999965876341,0
3139,78.72438820800744,0.41204201988875866,0
3140,78.7362945000059,0.5344999954104424,0
3141,78.74736066604964,0.45737496111541986,0
3142,78.75856604101136,0.406875042244792,0
3143,78.76910429104464,0.22504199296236038,0
3144,78.7818749580183,0.21412502974271774,0
3145,78.79370820801705,0.24987501092255116,0
3146,78.80650770803913,0.3938750014640391,0
3147,78.81909929105313,0.2784589887596667,0
3148,78.83040908304974,0.25266699958592653,0
3149,78.84204204101115,0.262417015619576,0
3150,78.85399987502024,0.14474999625235796,0
3151,78.8666835410404,0.25350000942125916,0
3152,78.87947725004051,0.266415998339653,0
3153,78.89228458300931,0.2668750239536166,0
3154,78.90509966603713,0.3266669809818268,0
3155,78.91798708302667,0.3953329869545996,0
3156,78.92889095802093,0.692458008415997,0
3157,78.94024479103973,0.7624999852851033,0
3158,78.95327787502902,0.4128749715164304,0
3159,78.9662708750111,0.2830000012181699,0
3160,78.97844575002091,0.36875001387670636,0
3161,78.99093100003665,0.2550829667598009,0
3162,79.00299758301117,0.21775002824142575,0
3163,79.01413558301283,0.3186250105500221,0
3164,79.02700212504715,0.24754100013524294,0
3165,79.0373686660314,0.36454200744628906,0
3166,79.04817362502217,0.30116603011265397,0
3167,79.0610509160324,0.3696670173667371,0
3168,79.07213812501868,,1
3169,79.18331437505549,,1
3170,79.29599862504983,0.5503330030478537,0
3171,79.30912970803911,0.36937498953193426,0
3172,79.32070379104698,0.21845899755135179,0
3173,79.33109462499851,0.21091604139655828,0
3174,79.34388341603335,0.4977919743396342,0
3175,79.35698095802218,0.31633302569389343,0
3176,79.37017904105596,0.5300419870764017,0
3177,79.38327258301433,0.4122499958612025,0
3178,79.39563250000356,0.4151250468567014,0
3179,79.40772691601887,0.45012502232566476,0
3180,79.42028341605328,0.5402090027928352,0
3181,79.43343620805535,0.4463749937713146,0
3182,79.44611704105046,0.3534999559633434,0
3183,79.45906937500695,,1
3184,79.57177600002615,0.45020802645012736,0
3185,79.58481566602131,0.35275000846013427,0
3186,79.59581495804014,0.30279200291261077,0
3187,79.60783191601513,0.31224999111145735,0
3188,79.61968283302849,0.3084579948335886,0
3189,79.63253941602306,0.3220000071451068,0
3190,79.64544087502873,0.5849999724887311,0
3191,79.6572113330476,0.42820797534659505,0
3192,79.67206250003073,0.8923329878598452,0
3193,79.68515320803272,0.3493750118650496,0
3194,79.69809945800807,0.6251250160858035,0
3195,79.71131129103014,0.48450002213940024,0
3196,79.72339495801134,1.1388330021873116,0
3197,79.73551141604548,0.4954169853590429,0
3198,79.74921075004386,0.8042079862207174,0
3199,79.76180529105477,0.5277499440126121,0
3200,79.77457041601883,0.29275001725181937,0
3201,79.78746050002519,0.7930829888209701,0
3202,79.800818000047,0.3204160020686686,0
3203,79.81293137505418,0.409332977142185,0
3204,79.82589083304629,0.4772079992108047,0
3205,79.83851175004384,0.47745800111442804,0
3206,79.85007583303377,0.5160419968888164,0
3207,79.86314766603755,0.3902089665643871,0
3208,79.87620166601846,1.015583984553814,0
3209,79.8897950410028,0.2880420070141554,0
3210,79.90231412503636,0.3269159933552146,0
3211,79.91523112502182,0.5421250243671238,0
3212,79.92744266602676,0.40249997982755303,0
3213,79.9392632500385,0.2240000176243484,0
3214,79.9512094160309,,1
3215,80.06497920805123,,1
3216,80.17824120802106,0.686249986756593,0
3217,80.18996762501774,1.9978330237790942,0
3218,80.20239916600985,0.3742090193554759,0
3219,80.21298541600117,0.4270420176908374,0
3220,80.22393754101358,0.30720903305336833,0
3221,80.23680054105353,0.17595896497368813,0
3222,80.24805591604672,0.2442089607939124,0
3223,80.26085062505445,0.290582946036011,0
3224,80.27140970801702,0.3951670369133353,0
3225,80.2843886250048,0.3655000473372638,0
3226,80.29731862503104,0.3202909720130265,0
3227,80.3077712500235,0.3428750205785036,0
3228,80.31924250000156,0.426083046477288,0
3229,80.3299015830271,0.2756249741651118,0
3230,80.34276858303929,0.5024580168537796,0
3231,80.35416037502,0.4550830344669521,0
3232,80.36547016602708,0.3968339879065752,0
3233,80.37844591605244,0.38954196497797966,0
3234,80.38922212499892,0.37525000516325235,0
3235,80.40231495804619,0.2867919974960387,0
3236,80.41515133302892,0.25820801965892315,0
3237,80.42794449999928,0.26120804250240326,0
3238,80.44074529100908,0.25133404415100813,0
3239,80.45351683301851,0.23079203674569726,0
3240,80.466279083048,0.3832500078715384,0
3241,80.47789429104887,0.8736669551581144,0
3242,80.49135854101041,0.442666991148144,0
3243,80.50415141601115,0.5635000416077673,0
3244,80.51729283301393,0.5831670132465661,0
3245,80.52894704102073,0.4954590112902224,0
3246,80.54179191600997,0.4342499887570739,0
3247,80.55292379105231,0.33133395481854677,0
3248,80.56580116605619,,1
3249,80.6796294580563,,1
3250,80.7935434160172,,1
3251,80.90505275002215,,1
3252,81.01942400005646,,1
3253,81.13321704103146,,1
3254,81.24614470801316,,1
3255,81.36043416603934,,1
3256,81.47427637502551,,1
3257,81.58557970804395,,1
3258,81.69751808303408,0.44404197251424193,0
3259,81.70922300004167,0.4266659962013364,0
3260,81.71992050000699,0.5154579994268715,0
3261,81.73175225005252,0.41325000347569585,0
3262,81.74474179104436,0.511083984747529,0
3263,81.75546616601059,0.2890840405598283,0
3264,81.76831700000912,0.2994160167872906,0
3265,81.77997512504226,0.2341250074096024,0
3266,81.79171754105482,0.1709589851088822,0
3267,81.80392675002804,0.20662497263401747,0
3268,81.81584837503033,0.47104101395234466,0
3269,81.82731300004525,0.20504096755757928,0
3270,81.83919091604184,0.291000003926456,0
3271,81.85100391600281,0.3023340250365436,0
3272,81.86278150003636,0.5222909967415035,0
3273,81.87590691604419,0.6615419988520443,0
3274,81.88851720804814,0.5364999524317682,0
3275,81.90046375000384,0.36645802902057767,0
3276,81.91148679103935,0.579542014747858,0
3277,81.92337070801295,0.5470420001074672,0
3278,81.9358661660226,0.3463340108282864,0
3279,81.948775958037,0.5465829744935036,0
3280,81.96078108303482,0.3571669803932309,0
3281,81.97307254100451,0.40725001599639654,0
3282,81.98561625002185,1.8566660000942647,0
3283,81.99793375004083,0.45491597848013043,0
3284,82.00859350000974,0.4683330189436674,0
3285,82.02050020801835,0.31058298191055655,0
3286,82.03337954101153,0.5344169912859797,0
3287,82.04410516604548,0.4449589760042727,0
3288,82.05710954102688,0.527750002220273,0
3289,82.07034779101377,0.36316702608019114,0
3290,82.08145458303625,0.41583296842873096,0
3291,82.09443966601975,0.46491698594763875,0
3292,82.10520375001943,0.4878329928033054,0
3293,82.1184402910294,,1
3294,82.23056912503671,,1
3295,82.34442412503995,,1
3296,82.45832150004571,0.6468750070780516,0
3297,82.46959612501087,0.5369579885154963,0
3298,82.48269845801406,0.48824999248608947,0
3299,82.49574437504634,0.4766249912790954,0
3300,82.50877050001873,0.3132910351268947,0
3301,82.5216481660027,0.3432500525377691,0
3302,82.5343081660103,0.24862500140443444,0
3303,82.54710995801724,0.2657080185599625,0
3304,82.55990975000896,0.19466603407636285,0
3305,82.57263987505576,0.18329097656533122,0
3306,82.5853447500267,0.15445798635482788,0
3307,82.59603616601089,0.33654202707111835,0
3308,82.60893520800164,0.29633304802700877,0
3309,82.6209580830182,0.3049580263905227,0
3310,82.63380350003717,0.30166597571223974,0
3311,82.64666162501089,0.3588330000638962,0
3312,82.6595579580171,0.3504580236040056,0
3313,82.67122191603994,0.342792016454041,0
3314,82.68412758305203,1.293166948016733,0
3315,82.6979737910442,0.40608400013297796,0
3316,82.71056683303323,0.311249983496964,0
3317,82.72209320805268,0.4278330015949905,0
3318,82.7350528750103,0.3536250442266464,0
3319,82.74795504100621,0.513250008225441,0
3320,82.76101104100235,0.4639170365408063,0
3321,82.7740375000285,0.6622080109082162,0
3322,82.78531012503663,0.6078329752199352,0
3323,82.79656200000318,0.5239580059424043,0
3324,82.80753270804416,0.4571249592117965,0
3325,82.81911779101938,0.4067090339958668,0
3326,82.82972691603936,0.4110420122742653,0
3327,82.84083308302797,0.4676670068874955,0
3328,82.85346279101213,0.519416993483901,0
3329,82.86655333300587,0.44058304047212005,0
3330,82.87886120803887,0.47454197192564607,0
3331,82.89188716601348,0.42691698763519526,0
3332,82.902870000049,0.3839579876512289,0
3333,82.91580975003308,0.5141660221852362,0
3334,82.92841266602045,0.5724169895984232,0
3335,82.94153062504483,0.4861250054091215,0
3336,82.95287458301755,0.46449998626485467,0
3337,82.96590058301808,0.4896669997833669,0
3338,82.9789899160387,0.4450419801287353,0
3339,82.99198495800374,0.3789170295931399,0
3340,83.00451608304866,0.4112919559702277,0
3341,83.01630416605622,0.3885839832946658,0
3342,83.02738833305193,0.34195795888081193,0
3343,83.04026920802426,0.36991701927036047,0
3344,83.0531822910416,0.3381670103408396,0
3345,83.06602141604526,0.3349999897181988,0
3346,83.07889433304081,0.3725829883478582,0
3347,83.09180712501984,0.3513330011628568,0
3348,83.10469925001962,0.32233301317319274,0
3349,83.1157785000396,0.4855410079471767,0
3350,83.12687983305659,0.44529198203235865,0
3351,83.13987008301774,0.4796250141225755,0
3352,83.15245037502609,0.47745800111442804,0
3353,83.16547370800981,0.44170801993459463,0
3354,83.17847379104933,0.5617919960059226,0
3355,83.19039400003385,0.5757909966632724,0
3356,83.20279970800038,0.4570830496959388,0
3357,83.21582329104422,0.5078749964013696,0
3358,83.22794625000097,0.6027500494383276,0
3359,83.24010150000686,0.490875041577965,0
3360,83.25287395803025,0.4324169713072479,0
3361,83.263388708001,0.42204203782603145,0
3362,83.27637220802717,0.5377919878810644,0
3363,83.28945970803034,0.39787497371435165,0
3364,83.30241441604448,0.4193339846096933,0
3365,83.31537954101805,0.4295000107958913,0
3366,83.32835470803548,0.4349169903434813,0
3367,83.33886483300012,0.3857500269077718,0
3368,83.35179725004127,0.4570409655570984,0
3369,83.36479525000323,0.39016600931063294,0
3370,83.37772479100386,0.3879590076394379,0
3371,83.3906620000489,0.36587496288120747,0
3372,83.40333304100204,0.392792047932744,0
3373,83.41626858303789,,1
3374,83.53001108299941,,1
3375,83.64279004104901,,1
3376,83.75543583300896,,1
3377,83.8693406660459,0.33645896473899484,0
3378,83.88223979104077,0.33837498631328344,0
3379,83.89358366600936,0.3755420329980552,0
3380,83.90651583304862,0.3953329869545996,0
3381,83.91930737503571,0.4318749997764826,0
3382,83.93098520801868,,1
3383,84.04413295804989,,1
3384,84.15719983301824,,1
3385,84.27045395801542,,1
3386,84.38454141601687,,1
3387,84.49789341603173,,1
3388,84.61077945801662,,1
3389,84.72399950004183,,1
3390,84.84144162503071,,1
3391,84.95540504105156,,1
3392,85.06926587503403,0.6795409717597067,0
3393,85.08254054101417,0.7156670326367021,0
3394,85.09519158303738,0.6098329904489219,0
3395,85.10705683304695,0.5560829886235297,0
3396,85.11958862503525,1.6619579982943833,0
3397,85.13316904101521,0.642875034827739,0
3398,85.14513783302391,0.5689579993486404,0
3399,85.15645266603678,0.5046249716542661,0
3400,85.16927675000625,2.2489160182885826,0
3401,85.18402929103468,0.6889589712955058,0
3402,85.19615683302982,0.6407080218195915,0
3403,85.20935975003522,0.536833016667515,0
3404,85.22247304103803,0.8985419990494847,0
3405,85.23578595800791,0.43691700557246804,0
3406,85.24808295804542,0.386916974093765,0
3407,85.26102062501013,0.3341659903526306,0
3408,85.27392937504919,0.4516249755397439,0
3409,85.28576179104857,0.38362498162314296,0
3410,85.2981014160323,0.4634590004570782,0
3411,85.31112254102482,0.4533340106718242,0
3412,85.32412450003903,0.4099580110050738,0
3413,85.33624937501736,0.5603330209851265,0
3414,85.34937291604001,0.5238750018179417,0
3415,85.36078370804898,0.5197919672355056,0
3416,85.37258383299923,0.5435830098576844,0
3417,85.38567650003824,0.5136660183779895,0
3418,85.3987545830314,0.5194579716771841,0
3419,85.41177637502551,0.5158329731784761,0
3420,85.42484658304602,0.5026249564252794,0
3421,85.43749779101927,3.5356670268811285,0
3422,85.45524095802102,0.9938330040313303,0
3423,85.46880383300595,0.5591670051217079,0
3424,85.48193750000792,0.4391660331748426,0
3425,85.4949602910201,0.4095000331290066,0
3426,85.50794529099949,0.3095000283792615,0
3427,85.51863900001626,0.2690000110305846,0
3428,85.53147279104451,0.3647090052254498,0
3429,85.5423307500314,0.4390829708427191,0
3430,85.55296454101335,0.76374999480322,0
3431,85.56593966600485,0.5629590013995767,0
3432,85.57906950003235,0.3332910127937794,0
3433,85.59014395804843,0.2910830080509186,0
3434,85.6012406660011,0.2583750174380839,0
3435,85.61328145803418,0.4290419747121632,0
3436,85.6250737500377,0.2925829612649977,0
3437,85.63677837501746,0.2923330175690353,0
3438,85.64924816600978,0.3078750451095402,0
3439,85.66210250003496,0.3689579898491502,0
3440,85.67502966604661,0.3600839991122484,0
3441,85.68796850001672,0.43658301001414657,0
3442,85.7009663330391,0.286291993688792,0
3443,85.71379745804006,0.3077919827774167,0
3444,85.72448441601591,0.29612501384690404,0
3445,85.73662450001575,0.352208036929369,0
3446,85.74793866602704,0.5202090251259506,0
3447,85.76078662503278,0.551957986317575,0
3448,85.77391445805551,1.076499989721924,0
3449,85.78750075004064,3.5193749936297536,0
3450,85.80177650001133,0.5990409990772605,0
3451,85.81495008303318,0.5705420044250786,0
3452,85.82622958300635,0.4154170164838433,0
3453,85.83920591603965,,1
3454,85.95217841601698,,1
3455,86.06737937504658,,1
3456,86.18141004105564,,1
3457,86.29515595803969,,1
3458,86.40909125003964,0.5314159789122641,0
3459,86.42179333302192,0.33558299764990807,0
3460,86.4346999580157,0.3097080043517053,0
3461,86.44533383304952,0.28616696363314986,0
3462,86.45818200003123,0.2549579949118197,0
3463,86.46917891601333,0.3150000120513141,0
3464,86.48208058305318,0.4065829562023282,0
3465,86.495064708055,0.28674997156485915,0
3466,86.50733600003878,0.32049999572336674,0
3467,86.51959741604514,0.3153749858029187,0
3468,86.53246175003005,0.2722499775700271,0
3469,86.54528341605328,0.3446249756962061,0
3470,86.55713558301795,,1
3471,86.66982658300549,0.5195420235395432,0
3472,86.6829139580368,0.35920797381550074,0
3473,86.6940781250014,0.35149999894201756,0
3474,86.70699325000169,0.39308302802965045,0
3475,86.71961058303714,0.40199997602030635,0
3476,86.73257125000237,0.4114159964956343,0
3477,86.74555079103447,0.48620899906381965,0
3478,86.75860320799984,0.4497500485740602,0
3479,86.77017450000858,0.5377079942263663,0
3480,86.78328433301067,0.48087502364069223,0
3481,86.79402837500675,0.4974160110577941,0
3482,86.80633954104269,,1
3483,86.92305170802865,,1
3484,87.03670933301328,,1
3485,87.15005870803725,,1
3486,87.26304375001928,,1
3487,87.37698487500893,,1
3488,87.48927966604242,,1
3489,87.60183112503728,,1
3490,87.7164452910074,,1
3491,87.82849537505535,,1
3492,87.94049137504771,,1
3493,88.05383870803053,,1
3494,88.1677317910362,,1
3495,88.28150741604622,0.5762499640695751,0
3496,88.2924935000483,0.5264999927021563,0
3497,88.30560258304467,0.46912499237805605,0
3498,88.31864275003318,0.475957989692688,0
3499,88.33169004099909,0.48383401008322835,0
3500,88.3429350410006,0.46533404383808374,0
3501,88.35596383304801,0.5923749995417893,0
3502,88.36809812503634,0.5531659699045122,0
3503,88.38121887500165,0.5569159984588623,0
3504,88.39434791600797,0.48095901729539037,0
3505,88.40612141601741,0.48454198986291885,0
3506,88.4175852080225,0.4754579858854413,0
3507,88.43062691600062,0.5328750121407211,0
3508,88.44251858303323,0.49337500240653753,0
3509,88.45525345799979,0.5245000356808305,0
3510,88.46630804101005,0.4562920075841248,0
3511,88.47933170804754,0.4355830023996532,0
3512,88.49233179102885,0.46004197793081403,0
3513,88.5035908750142,0.44887501280754805,0
3514,88.51622400002088,0.4581660032272339,0
3515,88.52844479103805,0.5755419842898846,0
3516,88.53931970801204,0.4967920249328017,0
3517,88.55237566604046,0.5273749702610075,0
3518,88.56371179100825,0.5576669936999679,0
3519,88.57496991602238,0.4853340215049684,0
3520,88.58607479103375,3.1034169951453805,0
3521,88.59990429104073,0.6027499912306666,0
3522,88.61176995804999,,1
3523,88.72414704103721,0.5505839944817126,0
3524,88.73689991602441,0.5345839890651405,0
3525,88.74912125000264,0.497375032864511,0
3526,88.76083833305165,0.779957976192236,0
3527,88.7726372500183,0.7025410304777324,0
3528,88.78559245803626,0.571542012039572,0
3529,88.79715445800684,0.4337500431574881,0
3530,88.80989375000354,0.5556660471484065,0
3531,88.82108604104724,0.5184589535929263,0
3532,88.83257816603873,0.5760840140283108,0
3533,88.84509816602804,0.43987500248476863,0
3534,88.85594145802315,0.48029201570898294,0
3535,88.86717970803147,0.4985000123269856,0
3536,88.88023695803713,0.5068749887868762,0
3537,88.89332087500952,,1
3538,89.00718429102562,,1
3539,89.11906320805429,,1
3540,89.2329662910197,,1
3541,89.34613200003514,,1
3542,89.45932966604596,0.7455419981852174,0
3543,89.47029083303642,0.732292013708502,0
3544,89.48360191599932,,1
3545,89.59747170802439,,1
3546,89.71082708303584,,1
3547,89.82228033302817,,1
3548,89.93615341605619,,1
3549,90.04998233303195,,1
3550,90.16157979104901,,1
3551,90.2754170410335,,1
3552,90.38940341601847,,1
3553,90.50294554105494,,1
3554,90.6150950830197,0.5552080110646784,0
3555,90.62745837500552,0.4385830252431333,0
3556,90.64084037503926,0.40333298966288567,0
3557,90.65346475003753,1.3478749897331,0
3558,90.66842575004557,0.46725000720471144,0
3559,90.68146362504922,0.5793329910375178,0
3560,90.69475995801622,0.29570801416411996,0
3561,90.70670337503543,0.3529160167090595,0
3562,90.72099258302478,0.6593749858438969,0
3563,90.73351491603535,0.47212501522153616,0
3564,90.74541262502316,0.5263750208541751,0
3565,90.75760225002887,0.5094999796710908,0
3566,90.77127254102379,0.561084016226232,0
3567,90.78441458300222,0.5519170081242919,0
3568,90.79693854105426,0.4665000014938414,0
3569,90.80879025004106,0.4747079801745713,0
3570,90.81960179103771,3.8079589721746743,0
3571,90.83604012505384,2.6059160009026527,0
3572,90.85126154101454,0.4657920217141509,0
3573,90.8643129580305,0.5431249737739563,0
3574,90.87744066602318,0.5099999834783375,0
3575,90.89059325004928,0.4732909728772938,0
3576,90.90410666604294,0.5619169678539038,0
3577,90.91641462501138,1.1374580208212137,0
3578,90.92946795804892,0.4629999748431146,0
3579,90.94241004105425,0.45654195128008723,0
3580,90.9537729160511,0.361208978574723,0
3581,90.96672454103827,0.39537501288577914,0
3582,90.97938929102384,0.4550000303424895,0
3583,90.99241525004618,0.45187497744336724,0
3584,91.00380366604077,0.4567090072669089,0
3585,91.01681258302415,0.5110420170240104,0
3586,91.02945429104147,0.49920898163691163,0
3587,91.0427757500438,0.49537495942786336,0
3588,91.05579483305337,0.5452919867821038,0
3589,91.06776204099879,0.3185000387020409,0
3590,91.07943929103203,0.912124989554286,0
3591,91.0911540830275,0.4396250005811453,0
3592,91.10171670804266,0.27954200049862266,0
3593,91.11454595800024,0.3600420313887298,0
3594,91.1274687910336,0.2690000110305846,0
3595,91.14029975002632,0.24470797507092357,0
3596,91.15291758300737,0.27000001864507794,0
3597,91.16399233305128,0.29854197055101395,0
3598,91.17681745800655,0.27879199478775263,0
3599,91.18963225005427,0.2513749641366303,0
3600,91.20245095802238,0.33850001636892557,0
3601,91.21536316600395,0.3195840399712324,0
3602,91.2274636660004,0.2810420119203627,0
3603,91.2392747910344,0.2691249828785658,0
3604,91.2521013750229,0.23599999258294702,0
3605,91.26490400003968,0.4094159812666476,0
3606,91.27789745799964,0.3944170312024653,0
3607,91.28934216604102,0.3689999575726688,0
3608,91.30227837502025,0.42641599429771304,0
3609,91.3137711250456,0.2835830091498792,0
3610,91.32663004100323,0.43704203562811017,0
3611,91.33749641600298,0.2957090036943555,0
3612,91.34889358305372,0.22841698955744505,0
3613,91.36076525005046,0.23458298528566957,0
3614,91.37355329102138,0.31824997859075665,0
3615,91.38720066600945,0.3214169992133975,0
3616,91.40010066604009,0.3842919832095504,0
3617,91.4130584160448,0.21666695829480886,0
3618,91.42582287505502,0.2157499548047781,0
3619,91.43859658302972,0.26454200269654393,0
3620,91.45033183303894,0.21008297335356474,0
3621,91.46069941599853,0.20862504607066512,0
3622,91.47165716602467,0.20549999317154288,0
3623,91.48440604103962,0.17445901175960898,0
3624,91.49628387502162,0.374249997548759,0
3625,91.50922975002322,0.4497499903663993,0
3626,91.52226537500974,0.3885410260409117,0
3627,91.53521933301818,0.230583013035357,0
3628,91.54692920803791,0.49816700629889965,0
3629,91.5600061250152,0.4288750351406634,0
3630,91.57241400005296,0.5626659840345383,0
3631,91.58553975005634,0.4411659901961684,0
3632,91.59624587500002,0.5547910113818944,0
3633,91.6083169580088,0.5394170293584466,0
3634,91.62022183299996,0.31583302188664675,0
3635,91.6319494160125,0.2862089895643294,0
3636,91.6448239160236,0.9159169858321548,0
3637,91.65710737503832,0.3584579681046307,0
3638,91.67005404102383,0.4302500165067613,0
3639,91.68064537504688,0.3305829595774412,0
3640,91.69355804100633,0.5447500152513385,0
3641,91.70537262503058,0.4261659923940897,0
3642,91.71777679101797,0.47958403592929244,0
3643,91.73086550005246,0.25220797397196293,0
3644,91.7437034160248,0.2773340092971921,0
3645,91.75655741605442,0.38879195926710963,0
3646,91.76711845805403,0.3356249653734267,0
3647,91.77896375005366,0.30945800244808197,0
3648,91.79082950000884,0.20029098959639668,0
3649,91.80293570802314,0.27579203015193343,0
3650,91.81455045804614,0.30937499832361937,0
3651,91.82584337500157,0.2589580253697932,0
3652,91.83632841601502,0.30866701854392886,0
3653,91.84921620803652,0.44237496331334114,0
3654,91.86192762502469,0.2496250090189278,0
3655,91.87475633301074,0.4035420133732259,0
3656,91.88630179100437,0.5340000498108566,0
3657,91.89943712501554,0.46445801854133606,0
3658,91.91123625001637,0.22666598670184612,0
3659,91.92404979100684,0.49691699678078294,0
3660,91.93708041601349,0.33583398908376694,0
3661,91.94866733305389,0.5081669660285115,0
3662,91.96081379102543,0.42225001379847527,0
3663,91.97377837501699,0.31174998730421066,0
3664,91.98599708301481,0.3487080102786422,0
3665,91.99765704100719,0.480000046081841,0
3666,92.0094394160551,0.19945896929129958,0
3667,92.02217766601825,0.33012498170137405,0
3668,92.03506687504705,0.2711659763008356,0
3669,92.04790225002216,0.39966602344065905,0
3670,92.060891250032,0.39266597013920546,0
3671,92.07260216603754,0.3915000124834478,0
3672,92.0855742910062,0.5298340111039579,0
3673,92.09869975002948,0.41404098737984896,0
3674,92.11172145802993,0.4528749850578606,0
3675,92.12478483305313,0.49995799781754613,0
3676,92.13736629101913,0.5352090229280293,0
3677,92.14918245800072,0.41966704884544015,0
3678,92.15995816601207,0.4676250391639769,0
3679,92.17301300005056,0.47849997645244,0
3680,92.1860847910284,0.4662920255213976,0
3681,92.19778812502045,0.4551659803837538,0
3682,92.21022462501423,0.4149160231463611,0
3683,92.22322333301418,0.43708301382139325,0
3684,92.23626729100943,0.2760839997790754,0
3685,92.24910720804473,0.2205829950980842,0
3686,92.26078508305363,0.27191697154194117,0
3687,92.27266183303436,0.28541701612994075,0
3688,92.2833714580047,0.351125025190413,0
3689,92.29511362500489,0.49104104982689023,0
3690,92.30759750003926,1.2782909907400608,0
3691,92.32198550004978,3.2803749782033265,0
3692,92.3357058330439,0.5657919682562351,0
3693,92.35038108302979,0.6957500008866191,0
3694,92.36282229103381,0.6078750011511147,0
3695,92.3736215410172,0.4300840082578361,0
3696,92.38806233304786,0.6835829699411988,0
3697,92.40131116600242,0.43504202039912343,0
3698,92.41331641603028,0.6002919981256127,0
3699,92.42515383299906,0.5615830305032432,0
3700,92.43629316601437,,1
3701,92.5480232910486,,1
3702,92.66177191602765,,1
3703,92.77556104102405,,1
3704,92.88927533302922,,1
3705,93.00315783300903,0.7302080048248172,0
3706,93.01578758301912,0.3317079972475767,0
3707,93.02697595802601,0.2346669789403677,0
3708,93.03927308303537,0.36999996518716216,0
3709,93.05076462501893,0.278750027064234,0
3710,93.06262445804896,0.38474996108561754,0
3711,93.07406533299945,1.0343750473111868,0
3712,93.08648137503769,0.45645801583305,0
3713,93.09953233302804,0.4955829936079681,0
3714,93.11271741602104,0.6107499939389527,0
3715,93.1259410410421,0.5153339589014649,0
3716,93.13911500002723,0.6187080289237201,0
3717,93.1523694160278,0.6820419803261757,0
3718,93.16567070805468,0.5212919786572456,0
3719,93.17880700004753,0.41624996811151505,0
3720,93.19119695801055,0.5145830218680203,0
3721,93.20297637500335,1.4287910307757556,0
3722,93.21701800002484,0.5720410263165832,0
3723,93.22869758302113,0.42758299969136715,0
3724,93.2417233750457,0.4100409569218755,0
3725,93.25476933305617,0.348874949850142,0
3726,93.26769058301579,0.3356250235810876,0
3727,93.27843150001718,0.2687909873202443,0
3728,93.29125620803097,0.2751249703578651,0
3729,93.30409883300308,0.2958330442197621,0
3730,93.31583420804236,0.24174997815862298,0
3731,93.32862691604532,0.2922919811680913,0
3732,93.34148037503473,0.383333011996001,0
3733,93.35362150002038,0.49945799401029944,0
3734,93.36501600005431,0.31895795837044716,0
3735,93.37800000002608,0.6469580112025142,0
3736,93.39122037502239,0.43237500358372927,0
3737,93.40373475005617,0.35391596611589193,0
3738,93.41665325005306,0.40137500036507845,0
3739,93.42887162504485,0.5858750082552433,0
3740,93.44203412503703,0.8821659721434116,0
3741,93.45548583305208,0.4629999748431146,0
3742,93.46637308300706,0.42808300349861383,0
3743,93.47823562502163,0.4172080080024898,0
3744,93.49143937503686,0.4807499935850501,0
3745,93.5038963330444,0.5831249873153865,0
3746,93.5146997080301,0.4634999786503613,0
3747,93.52745404100278,0.406875042244792,0
3748,93.54009725002106,0.2965829917229712,0
3749,93.55455741600599,0.5877090152353048,0
3750,93.56670500000473,0.4461660282686353,0
3751,93.57974000001559,0.5544580053538084,0
3752,93.59233362501254,0.47516601625829935,0
3753,93.60544612503145,0.28491602279245853,0
3754,93.6183657910442,0.4681249847635627,0
3755,93.6313960000407,0.5115409730933607,0
3756,93.64370979100931,0.6270000012591481,0
3757,93.65692020801362,0.6562920170836151,0
3758,93.66871525003808,0.45858300291001797,0
3759,93.68140154104913,0.727167003788054,0
3760,93.69470691605238,0.4875839804299176,0
3761,93.70671120804036,0.3670419682748616,0
3762,93.7179420000175,0.5870410241186619,0
3763,93.72937604103936,0.5241669714450836,0
3764,93.74138354102615,0.4166250000707805,0
3765,93.75492979103001,0.3420839784666896,0
3766,93.76783029100625,0.40358403930440545,0
3767,93.7807885830407,0.4089580033905804,0
3768,93.79233525000745,0.5651660030707717,0
3769,93.80548666603863,0.4254590021446347,0
3770,93.81694250000874,0.5109580233693123,0
3771,93.8293953750399,0.5934999790042639,0
3772,93.84257191600045,0.4610420437529683,0
3773,93.85340470803203,0.24333299370482564,0
3774,93.86552695801947,0.16116700135171413,0
3775,93.87823545804713,0.3772499621845782,0
3776,93.89117012504721,0.3832079819403589,0
3777,93.90290229103994,0.27249997947365046,0
3778,93.91551066603279,0.4980419762432575,0
3779,93.92780133301858,0.2739580231718719,0
3780,93.93921920802677,0.47270802315324545,0
3781,93.95294225000544,0.3196250181645155,0
3782,93.96476645802613,0.2371250302530825,0
3783,93.9774892500136,0.47029100824147463,0
3784,93.98844937502872,0.25104102678596973,0
3785,94.00126854103291,0.4812499973922968,0
3786,94.01186504104408,0.9770419565029442,0
3787,94.02404545800528,0.32708304934203625,0
3788,94.03580258303555,0.4029580159112811,0
3789,94.04878058301983,0.466583005618304,0
3790,94.06078325002454,0.35987497540190816,0
3791,94.07357337500434,0.3820410347543657,0
3792,94.08640333299991,0.29379205079749227,0
3793,94.09705750003923,0.34220796078443527,0
3794,94.10853245801991,0.30408299062401056,0
3795,94.12040758301737,0.38370798574760556,0
3796,94.13339170801919,0.45137503184378147,0
3797,94.14642412500689,0.33845804864540696,0
3798,94.1593320830143,0.4818750312551856,0
3799,94.17009041603887,0.28004200430586934,0
3800,94.18292641604785,0.4063340020366013,0
3801,94.19475533301011,0.19945803796872497,0
3802,94.20538154104725,0.19091699505224824,0
3803,94.21811183303362,0.184957985766232,0
3804,94.22844587505097,0.2181250019930303,0
3805,94.23948545800522,0.2702920464798808,0
3806,94.24981312500313,0.22983300732448697,0
3807,94.26034008304123,0.3564169746823609,0
3808,94.27325362502597,0.4045829991810024,0
3809,94.28621129103703,0.360458972863853,0
3810,94.2991205000435,,1
3811,94.41178187500918,,1
3812,94.52448804100277,,1
3813,94.637843583012,,1
3814,94.75170058303047,,1
3815,94.86558141600108,,1
3816,94.9778887500288,0.6799579714424908,0
3817,94.98920133302454,0.42045797454193234,0
3818,95.00217250001151,0.3505410277284682,0
3819,95.01508245803416,0.3998749889433384,0
3820,95.02808537503006,0.5103329895064235,0
3821,95.040635708021,0.47750002704560757,0
3822,95.05303200002527,,1
3823,95.16712966602063,,1
3824,95.28132325003389,,1
3825,95.39447595801903,,1
3826,95.50867316604126,,1
3827,95.62164416600717,,1
3828,95.73412787501002,,1
3829,95.84644275001483,,1
3830,95.95942337502493,0.5345409736037254,0
3831,95.97260162502062,,1
3832,96.08690525003476,,1
3833,96.2008720000158,,1
3834,96.31354245805414,,1
3835,96.4274700829992,0.2947500324808061,0
3836,96.4384485000046,0.7323750178329647,0
3837,96.44978412502678,0.32883300445973873,0
3838,96.46078433300136,0.6700000376440585,0
3839,96.4721437500557,0.38254098035395145,0
3840,96.48508574999869,0.29962504049763083,0
3841,96.49792512500426,0.29150000773370266,0
3842,96.510747500055,0.18708297284319997,0
3843,96.52350079105236,0.2883749548345804,0
3844,96.53634075005539,0.17929094610735774,0
3845,96.5490868750494,0.45237498125061393,0
3846,96.56078829104081,0.522624992299825,0
3847,96.57391470804578,0.4669170011766255,0
3848,96.58626645803452,0.3623749944381416,0
3849,96.59920245804824,0.4415829898789525,0
3850,96.6107977910433,0.40370901115238667,0
3851,96.62318416603375,0.4587919684126973,0
3852,96.63620716601145,0.41904201498255134,0
3853,96.64923133305274,0.5131249781697989,0
3854,96.66174670803593,0.35566696897149086,0
3855,96.67320254101651,0.49400003626942635,0
3856,96.68628300004639,0.3352499916218221,0
3857,96.69919512502383,0.19470800179988146,0
3858,96.71189425000921,0.383333011996001,0
3859,96.72387991601136,0.12433400843292475,0
3860,96.73653629102046,0.1550000160932541,0
3861,96.74924320803257,0.3117920132353902,0
3862,96.7614403750049,0.25004101917147636,0
3863,96.77243220800301,0.366708030924201,0
3864,96.78537954104831,0.4634999786503613,0
3865,96.79843454103684,0.3162499633617699,0
3866,96.81132887501735,0.454624998383224,0
3867,96.82195900002262,0.30291598523035645,0
3868,96.83362383302301,0.3238330245949328,0
3869,96.84547150001163,0.39841601392254233,0
3870,96.8584405000438,0.2807909622788429,0
3871,96.87044029100798,,1
3872,96.98188650002703,,1
3873,97.09551287500653,,1
3874,97.20721062505618,0.6735409842804074,0
3875,97.21806241601007,0.2894169883802533,0
3876,97.22954029100947,0.2938340185210109,0
3877,97.24077312502777,0.31274999491870403,0
3878,97.25321829103632,0.2654999843798578,0
3879,97.2651452080463,0.6675829645246267,0
3880,97.27842491603224,0.3226249828003347,0
3881,97.29077329102438,0.2667090157046914,0
3882,97.30371945805382,0.4580829991027713,0
3883,97.3158386250143,0.40370802162215114,0
3884,97.32880904100602,0.2766670077107847,0
3885,97.34168737503933,0.3714999766089022,0
3886,97.35395254101604,0.7197920349426568,0
3887,97.3668685000157,0.35929103614762425,0
3888,97.37979737500427,0.4414580180309713,0
3889,97.39281191601185,0.39712502621114254,0
3890,97.4058033330366,0.3379170084372163,0
3891,97.4187039580429,0.27954200049862266,0
3892,97.43156170804286,0.37174997851252556,0
3893,97.44449441600591,0.20125001901760697,0
3894,97.45513425004901,0.24399999529123306,0
3895,97.46792800002731,0.21491601364687085,0
3896,97.47963558300398,0.21349999587982893,0
3897,97.4924095000024,0.20583299919962883,0
3898,97.50285987503594,0.25116599863395095,0
3899,97.5156712080352,0.5286670057103038,0
3900,97.52784212504048,0.43666601413860917,0
3901,97.53901679103728,0.44704199535772204,0
3902,97.55145741603337,0.21600001491606236,0
3903,97.56316970800981,0.25645800633355975,0
3904,97.57598366599996,0.2470840117894113,0
3905,97.58877370803384,0.24512497475370765,0
3906,97.60156258300412,0.19895803416147828,0
3907,97.61428625002736,0.1711249933578074,0
3908,97.62698862503748,0.25420798920094967,0
3909,97.63980475004064,0.24454097729176283,0
3910,97.65258529101266,0.15345902647823095,0
3911,97.66353541600984,0.19204203272238374,0
3912,97.67624958301894,0.18020800780504942,0
3913,97.68897287501022,0.2507499884814024,0
3914,97.70052345801378,0.21258299238979816,0
3915,97.71177770802751,0.361250014975667,0
3916,97.72371037502307,0.2068330068141222,0
3917,97.73645337502239,,1
3918,97.85009104100754,0.29670901130884886,0
3919,97.86295258300379,0.27954200049862266,0
3920,97.87337066599866,0.25991705479100347,0
3921,97.88567841600161,0.4110420122742653,0
3922,97.89869125001132,0.3297910443507135,0
3923,97.91442220803583,0.6544999778270721,0
3924,97.92764337500557,0.2906250301748514,0
3925,97.93850687501254,0.39858301170170307,0
3926,97.95147425000323,0.2880830434150994,0
3927,97.96378295804607,0.3839579876512289,0
3928,97.97675854101544,0.3892090171575546,0
3929,97.989723125007,0.3615409950725734,0
3930,98.00126470800024,0.28362503508105874,0
3931,98.01308433304075,0.3114999854005873,0
3932,98.02595866605407,0.3434169921092689,0
3933,98.03691475000232,0.4220000118948519,0
3934,98.04980204103049,0.32662501325830817,0
3935,98.0626874580048,0.22354203974828124,0
3936,98.07559937500628,0.46795804519206285,0
3937,98.088642250048,,1
3938,98.20183620805619,,1
3939,98.31563825003104,0.28683297568932176,0
3940,98.32639704103349,0.3838749835267663,0
3941,98.33934795804089,0.21187501261010766,0
3942,98.35071483300999,0.2187080099247396,0
3943,98.36228941602167,0.33408403396606445,0
3944,98.37399020802695,0.29375002486631274,0
3945,98.38631037500454,0.45070803025737405,0
3946,98.399334791,0.3801670391112566,0
3947,98.41228825005237,0.29820797499269247,0
3948,98.42517262505135,0.3352499916218221,0
3949,98.43787237501238,0.22741599241271615,0
3950,98.44998237502296,0.2127080224454403,0
3951,98.462746041012,0.2737920149229467,0
3952,98.47556937503396,0.24166598450392485,0
3953,98.48797512502642,0.19925000378862023,0
3954,98.4988880410092,0.2060839906334877,0
3955,98.51164991600672,0.30162499751895666,0
3956,98.52260050002951,0.31591602601110935,0
3957,98.53545683302218,0.27579203015193343,0
3958,98.5465272910078,0.2655000425875187,0
3959,98.55935300001875,0.2929160255007446,0
3960,98.57221637503244,0.2697500167414546,0
3961,98.58502362505533,0.22962497314438224,0
3962,98.59779175004223,0.26345800142735243,0
3963,98.61060100002214,0.34262501867488027,0
3964,98.6226033330313,0.30091701773926616,0
3965,98.63506029103883,0.2679589670151472,0
3966,98.64787095802603,0.28970802668482065,0
3967,98.66070275002858,0.29150000773370266,0
3968,98.67353750002803,0.2942080027423799,0
3969,98.68576620804379,0.30283298110589385,0
3970,98.69861454103375,0.2981669967994094,0
3971,98.71114470803877,0.28208299772813916,0
3972,98.7232265000348,0.2828749711625278,0
3973,98.73577762499917,0.27362501714378595,0
3974,98.74863275000826,0.25295803789049387,0
3975,98.76143175002653,0.25587499840185046,0
3976,98.7743637910462,0.7862499915063381,0
3977,98.78736241604201,0.6205419776961207,0
3978,98.80056954105385,0.5239589954726398,0
3979,98.81369008304318,0.43291697511449456,0
3980,98.82668666605605,0.18279196228832006,0
3981,98.839447166014,1.1746250092983246,0
3982,98.85247058304958,0.6801669951528311,0
3983,98.86576158303069,0.4360000020824373,0
3984,98.87878129101591,0.3427090123295784,0
3985,98.8904150830349,0.26595802046358585,0
3986,98.90324212500127,0.24945801123976707,0
3987,98.91575945803197,0.25591702433303,0
3988,98.92838737502461,0.4974160110577941,0
3989,98.9414299580385,0.5485420115292072,0
3990,98.95460554101737,0.48333400627598166,0
3991,98.96710662503028,0.3714159829542041,0
3992,98.980040458031,0.343457970302552,0
3993,98.99294854101026,0.36925001768395305,0
3994,99.00389266601996,0.2513339859433472,0
3995,99.01511812501121,0.19045802764594555,0
3996,99.02784958301345,0.16837503062561154,0
3997,99.04051729105413,0.19754195818677545,0
3998,99.05243637500098,0.19216601504012942,0
3999,99.065173583047,0.3777919919230044,0
4000,99.07594879105454,,1
4001,99.18973475001985,,1
4002,99.30287250003312,,1
4003,99.41638650000095,,1
4004,99.52865983301308,,1
4005,99.64251654100372,,1
4006,99.75627241603797,,1
4007,99.86899887502659,,1
4008,99.9822620000341,,1
4009,100.09515033301432,,1
4010,100.2081096660113,,1
4011,100.3199684160063,0.47212501522153616,0
4012,100.3309598750202,0.21833303617313504,0
4013,100.34372275002534,0.29200001154094934,0
4014,100.35648312501144,0.4005000228062272,0
4015,100.36943937500473,0.2876250073313713,0
4016,100.38174325000728,0.28450001263991,0
4017,100.39460537501145,0.31525001395493746,0
4018,100.40553625003668,0.29570801416411996,0
4019,100.41837250004755,0.2727079554460943,0
4020,100.43121350003639,0.5330409621819854,0
4021,100.44389812502777,0.46733301132917404,0
4022,100.45749629102647,0.4680840065702796,0
4023,100.46995595801855,0.44670799979940057,0
4024,100.48098687501624,0.9391250205226243,0
4025,100.49449566600379,0.5433750338852406,0
4026,100.50765066605527,0.5860419478267431,0
4027,100.51999837503536,0.5054579814895988,0
4028,100.5323801660561,0.4901669453829527,0
4029,100.54512000002433,0.44475001050159335,0
4030,100.55813470802968,1.211417024023831,0
4031,100.57113766600378,0.3766670124605298,0
4032,100.58300429105293,0.43579196790233254,0
4033,100.5960110410233,0.19516702741384506,0
4034,100.60858633305179,1.180624996777624,0
4035,100.62236287503038,0.49887498607859015,0
4036,100.63548616605112,0.4355839919298887,0
4037,100.64820670802146,0.3617919865064323,0
4038,100.66111541603459,0.27362501714378595,0
4039,100.67395662504714,0.3637499758042395,0
4040,100.68450616602786,0.2691670088097453,0
4041,100.69509737502085,0.42516598477959633,0
4042,100.70748433301924,0.49708300502970815,0
4043,100.7196100410074,0.5672500119544566,0
4044,100.73279208299937,0.637417018879205,0
4045,100.7441212500562,0.2882909611798823,0
4046,100.75697625003522,0.44608296593651175,0
4047,100.77002308302326,0.3780830302275717,0
4048,100.78283337503672,0.33491599606350064,0
4049,100.79526245803572,0.255499966442585,0
4050,100.80725687503582,1.4824579702690244,0
4051,100.81955758301774,0.5079170223325491,0
4052,100.8326407080167,0.3861250006593764,0
4053,100.84510950004915,0.4197079688310623,0
4054,100.85662908304948,0.3866669721901417,0
4055,100.86962200002745,0.5982079892419279,0
4056,100.88122320803814,0.47695799730718136,0
4057,100.89435695804423,0.6980829639360309,0
4058,100.90761145803845,0.4509169957600534,0
4059,100.92061470804038,0.5113329971209168,0
4060,100.93368508300046,0.42745802784338593,0
4061,100.94511054101167,0.4442920326255262,0
4062,100.95736520801438,1.35983299696818,0
4063,100.96963195805438,0.5799999926239252,0
4064,100.9828032500227,0.5339580238796771,0
4065,100.99592233303702,0.22212497424334288,0
4066,101.00870708300499,0.3387500182725489,0
4067,101.02161070803413,0.3766670124605298,0
4068,101.03456004103646,0.2809169818647206,0
4069,101.04513779102126,0.4576250212267041,0
4070,101.05818558303872,0.27895800303667784,0
4071,101.07101179100573,0.2610000083222985,0
4072,101.08299008302856,0.2506250166334212,0
4073,101.09543262503576,0.22691598860546947,0
4074,101.1081948330393,0.22129196440801024,0
4075,101.11911341600353,0.1793340197764337,0
4076,101.12941266602138,0.267833995167166,0
4077,101.14221695804736,0.29749999521300197,0
4078,101.15506054100115,0.36379200173541903,0
4079,101.16720204101875,0.3707500291056931,0
4080,101.18014970800141,0.9577920427545905,0
4081,101.19174645800376,0.56900002527982,0
4082,101.20304579101503,0.4989170120097697,0
4083,101.21614600002067,0.6145830266177654,0
4084,101.22936900000786,0.5516250384971499,0
4085,101.24250345805194,0.41095796041190624,0
4086,101.25549858302111,0.30870799673721194,0
4087,101.26750275003724,0.2770830178633332,0
4088,101.27834291604813,,1
4089,101.39213429100346,,1
4090,101.50496720802039,,1
4091,101.61876741604647,,1
4092,101.73252633301308,0.40241703391075134,0
4093,101.74551008304115,0.3154999576508999,0
4094,101.75839425000595,0.46266603749245405,0
4095,101.77137100003893,0.23266597418114543,0
4096,101.78235179104377,0.19579200306907296,0
4097,101.79509404103737,0.2067500026896596,0
4098,101.80784604104701,0.19979197531938553,0
4099,101.82012375001796,0.1890410203486681,0
4100,101.83065933303442,0.1894999877549708,0
4101,101.84318087500287,0.1884160446934402,0
4102,101.85436612501508,0.177707988768816,0
4103,101.86708425002871,0.20704098278656602,0
4104,101.87983104103478,0.18970901146531105,0
4105,101.89256075001322,0.1960000372491777,0
4106,101.90288075001445,0.23200002033263445,0
4107,101.9133028750075,0.7065830286592245,0
4108,101.92616479104618,0.3566250088624656,0
4109,101.93748487503035,0.2205829950980842,0
4110,101.95023920800304,0.2155420370399952,0
4111,101.96298075001687,0.2565830363892019,0
4112,101.97575974999927,0.19737501861527562,0
4113,101.98847758304328,0.20612496882677078,0
4114,102.00121341604972,0.31641696114093065,0
4115,102.0119632499991,0.4499160568229854,0
4116,102.02502387500135,0.578833045437932,0
4117,102.03632437501801,0.4552500322461128,0
4118,102.04938616603613,,1
4119,102.16327558300691,,1
4120,102.27515841601416,0.4508750280365348,0
4121,102.28649254102493,0.2525420277379453,0
4122,102.2976830410189,0.17091701738536358,0
4123,102.31041395803913,0.45662501361221075,0
4124,102.32120912504615,0.4714159877039492,0
4125,102.3342820830294,0.5076670204289258,0
4126,102.3473742910428,0.25400001322850585,0
4127,102.35983700002544,0.34245802089571953,0
4128,102.37274579104269,0.3605840029194951,0
4129,102.38541700004134,0.592165975831449,0
4130,102.39863266603788,0.49816700629889965,0
4131,102.41078687499976,0.26787503156811,0
4132,102.42361608304782,0.26279198937118053,0
4133,102.43500337505247,0.3567079547792673,0
4134,102.44795145804528,0.5923749995417893,0
4135,102.46113675000379,0.26162504218518734,0
4136,102.47396041604225,0.22145896218717098,0
4137,102.48619933304144,0.2098329714499414,0
4138,102.49896741600242,0.34470902755856514,0
4139,102.51184925000416,0.2520830021239817,0
4140,102.52462683303747,0.1876669703051448,0
4141,102.53619370801607,0.24437502725049853,0
4142,102.54898745805258,0.2405419945716858,0
4143,102.5619256659993,0.3563750069588423,0
4144,102.5750490410137,1.7878339858725667,0
4145,102.58943720802199,0.525208015460521,0
4146,102.6013564580353,0.3671669983305037,0
4147,102.61428995802999,0.22208300651982427,0
4148,102.6260861660121,0.29308401281014085,0
4149,102.63894995802548,0.8163329912349582,0
4150,102.65207562502474,0.40725001599639654,0
4151,102.66506837500492,0.511875026859343,0
4152,102.67667141603306,0.4302089801058173,0
4153,102.68982083303854,1.6346669872291386,0
4154,102.70402808301151,0.49762503476813436,0
4155,102.71711633302039,0.49629202112555504,0
4156,102.73019904101966,0.3877920098602772,0
4157,102.74175862502307,0.44700002763420343,0
4158,102.75479100004304,0.24387496523559093,0
4159,102.76677341602044,0.3624589880928397,0
4160,102.77970058302162,0.224083021748811,0
4161,102.79246929101646,0.21337502403184772,0
4162,102.80285995802842,0.24045800091698766,0
4163,102.81481550005265,0.23970799520611763,0
4164,102.82633675000397,0.27062505250796676,0
4165,102.83734933304368,0.2490829792805016,0
4166,102.84942270803731,0.26408297708258033,0
4167,102.86102350003785,0.24708296405151486,0
4168,102.87380779103842,0.35858398769050837,0
4169,102.88653700001305,0.25862501934170723,0
4170,102.89933466602815,0.3126250230707228,0
4171,102.91123750002589,0.36337500205263495,0
4172,102.92299345805077,0.3287500003352761,0
4173,102.9362951250514,0.5569579661823809,0
4174,102.94811500003561,0.878457969520241,0
4175,102.9615875830059,0.3956250147894025,0
4176,102.97454616602045,0.2657499862834811,0
4177,102.98737920803251,0.33208297099918127,0
4178,103.00028233299963,0.15495804836973548,0
4179,103.01244383305311,0.29141694540157914,0
4180,103.02529008302372,0.4038750194013119,0
4181,103.03620979102561,0.8875000057742,0
4182,103.04814604105195,0.665958970785141,0
4183,103.06143050000537,0.4907500115223229,0
4184,103.07450166600756,0.23608404444530606,0
4185,103.08696950000012,0.25104102678596973,0
4186,103.09914362500422,0.16112503362819552,0
4187,103.11178487504367,0.19337498815730214,0
4188,103.12427595804911,0.9832079522311687,0
4189,103.1362776250462,0.5558329867199063,0
4190,103.14943091600435,0.5182500462979078,0
4191,103.16077375004534,0.3472079988569021,0
4192,103.17370583303273,0.3291670000180602,0
4193,103.18662183301058,0.6318750092759728,0
4194,103.19982637499925,0.5232500261627138,0
4195,103.21409175003646,0.4962909733876586,0
4196,103.22674579103477,0.41033397428691387,0
4197,103.23799100000178,0.5258750170469284,0
4198,103.25107774999924,0.3533750423230231,0
4199,103.26398720801808,0.33070798963308334,0
4200,103.2768651250517,0.31120795756578445,0
4201,103.28890583303291,0.31866697827354074,0
4202,103.30192758300109,0.34191703889518976,0
4203,103.3148144580191,0.3328330349177122,0
4204,103.32745925005293,0.5239159800112247,0
4205,103.3394849160104,0.554167025256902,0
4206,103.35244175000116,0.25954103330150247,0
4207,103.3632215410471,0.5910839536227286,0
4208,103.37641645804979,0.40020799497142434,0
4209,103.38938237505499,0.5623329780064523,0
4210,103.40112820803188,0.3777500241994858,0
4211,103.41405587503687,0.35858299816027284,0
4212,103.42696141602937,0.41612499626353383,0
4213,103.44000145804603,0.5202500033192337,0
4214,103.45306033303495,0.41445798706263304,0
4215,103.46474408300128,0.22837502183392644,0
4216,103.47751729103038,0.2513750223442912,0
4217,103.49038537504384,0.6052909884601831,0
4218,103.50294191605644,0.5429999437183142,0
4219,103.51606329105562,0.4699589917436242,0
4220,103.5291041660239,0.3961669863201678,0
4221,103.54020191601012,0.35437499172985554,0
4222,103.55244170804508,0.3820830024778843,0
4223,103.56537933304207,0.34320796839892864,0
4224,103.57826708303764,0.3838749835267663,0
4225,103.59114395803772,0.34716696245595813,0
4226,103.60286199999973,0.31520804623141885,0
4227,103.6132232080563,0.3688749857246876,0
4228,103.62612937501399,0.29745802748948336,0
4229,103.63691895804368,0.3197079640813172,0
4230,103.64854441600619,0.321459025144577,0
4231,103.66142079100246,0.3041670424863696,0
4232,103.6742629580549,0.284082954749465,0
4233,103.68619679100811,0.3225840046070516,0
4234,103.69906191603513,0.32045901753008366,0
4235,103.71192187501583,0.2812910242937505,0
4236,103.72474020801019,0.29670802177861333,0
4237,103.73734504100867,0.29266701312735677,0
4238,103.75018079101574,0.28420903254300356,0
4239,103.76300975005142,0.32416597241535783,0
4240,103.77588220802136,0.2865000278688967,0
4241,103.78873516601743,0.29008398996666074,0
4242,103.8013706660131,0.26583403814584017,0
4243,103.81317249999847,0.2454580389894545,0
4244,103.82477204099996,0.49816700629889965,0
4245,103.83781237504445,0.8657079888507724,0
4246,103.85121995804366,0.4130830056965351,0
4247,103.86175333301071,0.37570804124698043,0
4248,103.87467537500197,0.3409580094739795,0
4249,103.88576558302157,0.35541702527552843,0
4250,103.89675304101547,0.3640840295702219,0
4251,103.90965958300512,0.36270800046622753,0
4252,103.92258325003786,0.405374972615391,0
4253,103.93314679100877,0.3676670021377504,0
4254,103.94606333301635,0.32595801167190075,0
4255,103.9589299580548,0.28808298520743847,0
4256,103.97103608300677,0.31387503258883953,0
4257,103.9839000000502,0.32254098914563656,0
4258,103.99676404101774,0.3646670375019312,0
4259,104.00967695802683,0.30812498880550265,0
4260,104.02010637504281,0.28854096308350563,0
4261,104.03293870802736,0.2637919969856739,0
4262,104.04510458302684,0.3202920197509229,0
4263,104.05685854103649,0.32645900500938296,0
4264,104.06972320802743,0.2144169993698597,0
4265,104.07999050000217,0.18137501319870353,0
4266,104.09269883303205,0.1610000035725534,0
4267,104.10538608301431,0.15541701577603817,0
4268,104.11806366604287,0.15820900443941355,0
4269,104.13074616604717,0.15070900553837419,0
4270,104.14341333304765,0.15229196287691593,0
4271,104.15610550000565,,1
4272,104.26910812500864,,1
4273,104.38185466604773,,1
4274,104.49511070805602,,1
4275,104.60895329102641,0.5225419881753623,0
4276,104.62025441601872,0.3514590207487345,0
4277,104.63317958300468,0.21541700698435307,0
4278,104.64592895802343,0.2400830271653831,0
4279,104.65869200002635,0.23466598941013217,0
4280,104.67144108301727,0.2684170030988753,0
4281,104.6842735829996,0.4190000472590327,0
4282,104.69540712505113,0.23304094793275,0
4283,104.7070327080437,0.14533300418406725,0
4284,104.71800137503305,0.3502909676171839,0
4285,104.73089941602666,0.2876250073313713,0
4286,104.7419118329999,0.22725004237145185,0
4287,104.75343170802807,0.18741702660918236,0
4288,104.7650223330129,0.18454203382134438,0
4289,104.77774145803414,0.19316701218485832,0
4290,104.78828883304959,0.1967499847523868,0
4291,104.80104354105424,0.20299997413530946,0
4292,104.81378929101629,0.18333399202674627,0
4293,104.82607570802793,0.3700000233948231,0
4294,104.83900033304235,0.3912079846486449,0
4295,104.85195725003723,0.40012499084696174,0
4296,104.86491654103156,0.35337498411536217,0
4297,104.87782220804365,0.31245796708390117,0
4298,104.8906818330288,0.31391700031235814,0
4299,104.90299879101804,0.3360839909873903,0
4300,104.91346208303003,0.463999982457608,0
4301,104.92471858300269,0.34554203739389777,0
4302,104.93578087503556,0.47199998516589403,0
4303,104.94885125005385,0.43649994768202305,0
4304,104.96186945802765,0.2197920111939311,0
4305,104.97431320801843,0.190042017493397,0
4306,104.98704133305,0.1818749587982893,0
4307,104.99976479104953,0.17625000327825546,0
4308,105.01176625001244,0.19216601504012942,0
4309,105.02452433301369,0.4431250272318721,0
4310,105.03622033301508,0.30037498800083995,0
4311,105.04908441600855,0.24741701781749725,0
4312,105.06111045804573,0.2341250074096024,0
4313,105.07389337505447,0.4242499708198011,0
4314,105.08802458300488,3.946583019569516,0
4315,105.10297337500378,0.5802910309284925,0
4316,105.11615591601003,0.2618340076878667,0
4317,105.12743020802736,0.16766699263826013,0
4318,105.13856112502981,0.19291602075099945,0
4319,105.1513038330013,0.21954200929030776,0
4320,105.16201270802412,0.10545802069827914,0
4321,105.1746450830251,0.25462498888373375,0
4322,105.18627808301244,0.2785000251606107,0
4323,105.199114750023,0.3832909860648215,0
4324,105.2120582080097,0.2875000354833901,0
4325,105.22489229100756,0.25162502424791455,0
4326,105.2360466250102,1.3206659932620823,0
4327,105.2500832080259,0.5289579858072102,0
4328,105.2632193750469,0.5119579727761447,0
4329,105.27630758302985,0.17925002612173557,0
4330,105.28816250001546,0.24741602828726172,0
4331,105.30097383301472,0.3839170094579458,0
4332,105.3115880410187,0.7957920315675437,0
4333,105.32496950001223,0.3210410359315574,0
4334,105.33605850004824,0.1575829810462892,0
4335,105.34876158303814,0.18737500067800283,0
4336,105.36148320802022,0.16262498684227467,0
4337,105.37417541601462,0.10820903116837144,0
4338,105.386283208034,0.12770801549777389,0
4339,105.39894633303629,0.24620798649266362,0
4340,105.41119829105446,0.9234589524567127,0
4341,105.4238095000037,0.47629099572077394,0
4342,105.43642262503272,0.46387501060962677,0
4343,105.44803583301837,0.5794169846922159,0
4344,105.4611962500494,0.42862497502937913,0
4345,105.47421450004913,0.5079159745946527,0
4346,105.48730683303438,0.3846249892376363,0
4347,105.49954141600756,0.38641702849417925,0
4348,105.51174954103772,0.29195897514000535,0
4349,105.52460070804227,0.31170796137303114,0
4350,105.53746162500465,0.4343330510891974,0
4351,105.54848095803754,0.6245420081540942,0
4352,105.56009991600877,,1
4353,105.67334737500641,,1
4354,105.78721358301118,0.6463750032708049,0
4355,105.79835908301175,0.41554198833182454,0
4356,105.80943412502529,0.3157079918310046,0
4357,105.82058895804221,,1
4358,105.93233558302745,,1
4359,106.04501570801949,,1
4360,106.15884412504965,,1
4361,106.27765241602901,,1
4362,106.39047858305275,0.4718329873867333,0
4363,106.40243054099847,0.3005000180564821,0
4364,106.41528850002214,0.2898750244639814,0
4365,106.4281274160021,0.258500047493726,0
4366,106.44084125000518,0.29508303850889206,0
4367,106.4534549160162,0.30445901211351156,0
4368,106.466296291037,0.36274996818974614,0
4369,106.47749520803336,0.4862080095335841,0
4370,106.48871862504166,1.1049580061808228,0
4371,106.50238783302484,0.40266697760671377,0
4372,106.51544741605176,0.43145898962393403,0
4373,106.52855883300072,1.8103750189766288,0
4374,106.54171654104721,0.7634589564986527,0
4375,106.5538391660084,0.47066702973097563,0
4376,106.56586191605311,0.338749960064888,0
4377,106.57876866601873,0.28591701993718743,0
4378,106.59161945804954,0.3797919489443302,0
4379,106.60456220805645,0.2513329964131117,0
4380,106.61736308300169,0.2505830489099026,0
4381,106.6300806660438,0.2060839906334877,0
4382,106.64283433300443,0.20095804939046502,0
4383,106.6535778750549,0.22579095093533397,0
4384,106.6667310410412,,1
4385,106.77987466601189,,1
4386,106.89417783304816,,1
4387,107.00582529103849,,1
4388,107.1175863330136,,1
4389,107.23150729102781,,1
4390,107.3451169160544,,1
4391,107.45746325002983,,1
4392,107.57136195804924,,1
4393,107.68527316604741,0.6449169595725834,0
4394,107.69651237502694,0.4972500028088689,0
4395,107.7095655000303,0.3656659973785281,0
4396,107.72118137503276,0.30041596619412303,0
4397,107.73374487500405,0.29983301647007465,0
4398,107.74658912501764,0.27295801555737853,0
4399,107.75942000001669,0.28195802588015795,0
4400,107.77068420802243,0.27249997947365046,0
4401,107.78351262502838,0.2567499759607017,0
4402,107.79508479102515,0.2773340092971921,0
4403,107.80791829101508,0.30016701202839613,0
4404,107.82075775001431,0.2524580340832472,0
4405,107.83354683301877,0.23387500550597906,0
4406,107.84631791600259,0.25320902932435274,0
4407,107.85871962504461,0.30570797389373183,0
4408,107.87071279104566,0.21841697162017226,0
4409,107.88234387501143,0.22445799550041556,0
4410,107.89508025004761,0.369165965821594,0
4411,107.90742920804769,1.0980829829350114,0
4412,107.91965229104972,0.7358749862760305,0
4413,107.9330027080141,0.40562503272667527,0
4414,107.94597320799949,0.2643330371938646,0
4415,107.95877970801666,0.2495420048944652,0
4416,107.9701471250155,0.5785000394098461,0
4417,107.98334075004095,0.6069579976610839,0
4418,107.9941072910442,0.3815419622696936,0
4419,108.00706504104892,0.41741697350516915,0
4420,108.01911845803261,0.26408297708258033,0
4421,108.03196483303327,,1
4422,108.14477208303288,0.3065419732593,0
4423,108.1559421250131,0.48529100604355335,0
4424,108.16653125005541,0.2925829612649977,0
4425,108.17939512501471,0.4580829991027713,0
4426,108.19141675002174,0.24883297737687826,0
4427,108.20294487505453,0.3474999684840441,0
4428,108.21586362505332,0.31924998620525,0
4429,108.22874816600233,0.35729201044887304,0
4430,108.24077550001675,0.5309160333126783,0
4431,108.25256316602463,0.3943750052712858,0
4432,108.2644131660345,0.26983401039615273,0
4433,108.27748237503693,0.3701249952428043,0
4434,108.2904369160533,0.3105839714407921,0
4435,108.30287395801861,2.4218750186264515,0
4436,108.31603145803092,0.33537502167746425,0
4437,108.32893991604215,0.38041698280721903,0
4438,108.34190420800587,0.45558303827419877,0
4439,108.3538708750275,0.24870800552889705,0
4440,108.36665816605091,,1
4441,108.48002608300885,,1
4442,108.59399604104692,0.5867919535376132,0
4443,108.60721350001404,0.5735830054618418,0
4444,108.61843987501925,0.4914160235784948,0
4445,108.6293730410398,0.5061670090071857,0
4446,108.64109675004147,0.32970798201859,0
4447,108.6540076660458,0.5971670034341514,0
4448,108.66722108301474,0.49462501192465425,0
4449,108.68029899999965,0.27908303309231997,0
4450,108.69313562504249,0.22950000129640102,0
4451,108.70591304101981,0.30741700902581215,0
4452,108.71875612501753,0.15566602814942598,0
4453,108.73039687500568,0.2883330453187227,0
4454,108.74146487505641,0.22391596576198936,0
4455,108.7539572500391,0.3852910012938082,0
4456,108.76689295802498,0.34604198299348354,0
4457,108.77978695800994,0.3928330261260271,0
4458,108.79282987501938,0.5032910266891122,0
4459,108.805866291048,,1
4460,108.9189542910317,,1
4461,109.03289750003023,,1
4462,109.14511750004021,0.5634580156765878,0
4463,109.15600375004578,0.6318750092759728,0
4464,109.16923779103672,0.5092089995741844,0
4465,109.18234120804118,0.600875006057322,0
4466,109.19412462500622,0.44370803516358137,0
4467,109.20716708304826,0.38845796370878816,0
4468,109.21862895804225,0.2972079673781991,0
4469,109.23148095805664,,1
4470,109.34511387505336,0.4847499658353627,0
4471,109.35638595803175,0.29558298410847783,0
4472,109.36924862500746,0.25770801585167646,0
4473,109.38003983302042,,1
4474,109.49377700005425,,1
4475,109.6076146250125,,1
4476,109.71974958304781,,1
4477,109.83367154101143,,1
4478,109.94560104102129,,1
4479,110.0596182080335,,1
4480,110.17352575005498,0.607290945481509,0
4481,110.18671266600722,0.3990420373156667,0
4482,110.19967925001401,0.36925001768395305,0
4483,110.2126122910413,0.39891700726002455,0
4484,110.2255767500028,0.30029105255380273,0
4485,110.23692100000335,0.31820801086723804,0
4486,110.24980275001144,0.2648750087246299,0
4487,110.26177391601959,0.4272499936632812,0
4488,110.27475975005655,0.3149999538436532,0
4489,110.28636137500871,0.27495803078636527,0
4490,110.29918633302441,0.32133300555869937,0
4491,110.31205691600917,0.3007500199601054,0
4492,110.32490833301563,0.2727500395849347,0
4493,110.33621816604864,0.2739169867709279,0
4494,110.3490575000178,0.27370802126824856,0
4495,110.35941745800665,0.2625000197440386,0
4496,110.3722197500174,0.2726250095292926,0
4497,110.38430895801866,0.29679201543331146,0
4498,110.39714929100592,0.32995903166010976,0
4499,110.41002720803954,0.28791697695851326,0
4500,110.42286395805422,0.288457958959043,0
4501,110.43531087500742,0.5633330438286066,0
4502,110.44702733302256,0.486082979477942,0
4503,110.46008883300237,0.4259580164216459,0
4504,110.47266191605013,0.43933396227657795,0
4505,110.48565687501105,0.30829099705442786,0
4506,110.49623054102995,0.19524997333064675,0
4507,110.50895087502431,,1
4508,110.6226265830337,0.45012502232566476,0
4509,110.6357139160391,0.5021669785492122,0
4510,110.64882462500827,0.5459160311147571,0
4511,110.6595671250252,0.23083301493898034,0
4512,110.67066895804601,0.16529200365766883,0
4513,110.68230054102605,0.3453749814070761,0
4514,110.69509325001854,0.23933302145451307,0
4515,110.70620950002922,0.28133299201726913,0
4516,110.7190346250427,0.643207982648164,0
4517,110.7314363750047,0.5425410345196724,0
4518,110.7445865830523,0.4652919596992433,0
4519,110.75699500000337,0.6158750038594007,0
4520,110.7696132910205,0.4681670106947422,0
4521,110.78268820804078,0.5283330101519823,0
4522,110.79582729103277,0.43870898662135005,0
4523,110.80806833301904,0.4169170279055834,0
4524,110.82106300001033,0.9714580373838544,0
4525,110.83464120799908,0.5832500173710287,0
4526,110.84662808303256,0.7393750129267573,0
4527,110.85946150001837,0.6198750343173742,0
4528,110.87268125003902,0.46279100934043527,0
4529,110.8833646660205,0.41670899372547865,0
4530,110.89415004104376,0.3480839659459889,0
4531,110.90706125000725,0.4350829985924065,0
4532,110.91759183304384,0.5870829918421805,0
4533,110.93076004105387,0.6243339739739895,0
4534,110.94274262501858,0.9141659829765558,0
4535,110.9552559160511,0.5966249736957252,0
4536,110.96842808305519,0.414749956689775,0
4537,110.98048854101216,0.5035420181229711,0
4538,110.9935768750147,0.4724580212496221,0
4539,111.00455429102294,0.5699589964933693,0
4540,111.01768558303593,0.4533749888651073,0
4541,111.03070945804939,0.4290000069886446,0
4542,111.04179812502116,0.36820798413828015,0
4543,111.05345616600243,0.32824999652802944,0
4544,111.06500537501415,0.41333300760015845,0
4545,111.0762420410174,0.37220900412648916,0
4546,111.08918504102621,0.49991701962426305,0
4547,111.10227083304198,0.41491701267659664,0
4548,111.11526916600997,0.3380420384928584,0
4549,111.12814879103098,0.29799999902024865,0
4550,111.14100620802492,0.31045801006257534,0
4551,111.15358379104873,0.3120419569313526,0
4552,111.16644325002562,0.31774997478350997,0
4553,111.17834687500726,0.2976250252686441,0
4554,111.19118641602108,0.2752500004135072,0
4555,111.20289270801004,0.2633330295793712,0
4556,111.21570129104657,0.35799999022856355,0
4557,111.22924154100474,0.531375000718981,0
4558,111.24071283300873,0.651917012874037,0
4559,111.25291416601976,0.6051670061424375,0
4560,111.26612458302407,0.33116701524704695,0
4561,111.27820020803483,0.1930419821292162,0
4562,111.29096595803276,0.6563750212080777,0
4563,111.30293625005288,0.4794999840669334,0
4564,111.31558633304667,0.5221669562160969,0
4565,111.32869133300846,0.6712080212309957,0
4566,111.34198000002652,0.6167080136947334,0
4567,111.35381920804502,0.5180829903110862,0
4568,111.36469470802695,0.3606670070439577,0
4569,111.37742695800262,0.24745799601078033,0
4570,111.38786800001981,0.4741250304505229,0
4571,111.40069100004621,1.381249981932342,0
4572,111.41531079105334,0.7014589500613511,0
4573,111.42745566600934,0.602334039285779,0
4574,111.44067112501943,0.59983303071931,0
4575,111.45385300001362,0.4492499865591526,0
4576,111.46694770804606,0.4409579560160637,0
4577,111.4799869999988,0.5504580331034958,0
4578,111.49312504101545,0.27341704117134213,0
4579,111.50467187503818,0.2313329605385661,0
4580,111.51746733300388,0.3108750097453594,0
4581,111.52846191602293,1.2203750084154308,0
4582,111.54230470804032,0.6316250073723495,0
4583,111.55552091600839,0.5561670404858887,0
4584,111.5686537080328,0.43470796663314104,0
4585,111.5815045000054,0.6096660508774221,0
4586,111.59471462504007,0.5222079926170409,0
4587,111.6078110410017,0.5817500059492886,0
4588,111.62053787504556,0.6591659621335566,0
4589,111.63381254102569,0.6963339983485639,0
4590,111.64713266602485,0.5746670067310333,0
4591,111.66028541600099,0.4520420334301889,0
4592,111.67338350001955,0.5348330014385283,0
4593,111.68574254104169,0.5098339752294123,0
4594,111.6988524160115,0.5349169950932264,0
4595,111.71198220801307,0.47737499698996544,0
4596,111.7250519580557,0.5610829684883356,0
4597,111.73626770800911,0.49229199066758156,0
4598,111.74752045801142,0.6431250367313623,0
4599,111.75942679104628,0.4062919761054218,0
4600,111.7719814160373,0.2757500042207539,0
4601,111.78346229100134,0.22008403902873397,0
4602,111.7962261250359,0.2265410148538649,0
4603,111.80897804105189,0.29512494802474976,0
4604,111.82058612501714,0.23200002033263445,0
4605,111.83136795804603,0.32020796788856387,0
4606,111.84424079104792,0.3100839676335454,0
4607,111.85591479105642,0.43362495489418507,0
4608,111.86652454105206,0.6429999484680593,0
4609,111.8789735410246,0.572583987377584,0
4610,111.89215679100016,0.4187500453554094,0
4611,111.903581999999,0.30033302027732134,0
4612,111.91523241600953,0.878125021699816,0
4613,111.92844687501201,0.5833749892190099,0
4614,111.93991179100703,0.43145904783159494,0
4615,111.95243245805614,0.4318749997764826,0
4616,111.9632464160095,0.3908750368282199,0
4617,111.97619725001277,0.45091600622981787,0
4618,111.98922729102196,0.8083339780569077,0
4619,112.0028980000061,0.8417910430580378,0
4620,112.01635266601807,0.5742500070482492,0
4621,112.02845462504774,0.44295797124505043,0
4622,112.04147545801243,0.305499997921288,0
4623,112.05423950002296,0.38537499494850636,0
4624,112.06583812501049,0.3357499954290688,0
4625,112.08072112500668,0.6082910113036633,0
4626,112.09392100002151,0.4700410063378513,0
4627,112.1070444160141,0.6466250051744282,0
4628,112.12035970803117,0.7211670163087547,0
4629,112.13363725005183,0.6121659534983337,0
4630,112.1451242500334,0.4962499951943755,0
4631,112.1582415830344,0.25816698325797915,0
4632,112.1691097500152,0.36862498382106423,0
4633,112.1820394580136,0.3664169926196337,0
4634,112.19495900004404,0.721791002433747,0
4635,112.20789258304285,0.6755419890396297,0
4636,112.21975120803108,0.5517500103451312,0
4637,112.23290995805291,0.34541694913059473,0
4638,112.2443628750043,0.9599580080248415,0
4639,112.25791637500515,0.33525004982948303,0
4640,112.26952604105463,0.2555419923737645,0
4641,112.28234033304034,0.240666966419667,0
4642,112.29512858303497,0.21245802054181695,0
4643,112.3078892500489,0.2478329697623849,0
4644,112.31909945805091,0.2769999555312097,0
4645,112.33191737503512,0.2545409952290356,0
4646,112.34471958305221,0.34620799124240875,0
4647,112.35762262501521,0.29024999821558595,0
4648,112.37045179103734,0.23858400527387857,0
4649,112.3832333330065,0.23616704856976867,0
4650,112.39600608299952,0.23116701049730182,0
4651,112.40823904104764,0.2589589566923678,0
4652,112.42053658299847,0.3127080271951854,0
4653,112.43344512500335,0.42291602585464716,0
4654,112.44640525005525,0.24274998577311635,0
4655,112.45841041603126,0.505958974827081,0
4656,112.46982025000034,0.5085410084575415,0
4657,112.48294862505281,0.6700409576296806,0
4658,112.49411437503295,0.28325000312179327,0
4659,112.506960291008,0.3434999962337315,0
4660,112.51911887503229,0.26954099303111434,0
4661,112.53193675004877,0.20829099230468273,0
4662,112.54273933300283,0.3996670129708946,0
4663,112.55384779104497,0.337999954354018,0
4664,112.5667272080318,0.2678749733604491,0
4665,112.57956987502985,0.5434579798020422,0
4666,112.59152379102306,0.5223749903962016,0
4667,112.6028929160093,0.33787504071369767,0
4668,112.61364537500776,0.3523750347085297,0
4669,112.62663695804076,0.8403749670833349,0
4670,112.63912520802114,0.3832079819403589,0
4671,112.65206787502393,0.2466660225763917,0
4672,112.66484683303861,0.35437499172985554,0
4673,112.67772779101506,0.24495902471244335,0
4674,112.69049179099966,0.17895904602482915,0
4675,112.70321354101179,0.31212501926347613,0
4676,112.71607883303659,0.22449996322393417,0
4677,112.72786733304383,0.20295800641179085,0
4678,112.73948275001021,0.22562500089406967,0
4679,112.75083408300998,0.20183302694931626,0
4680,112.76357779104728,0.36158395232632756,0
4681,112.7754849580233,2.601124986540526,0
4682,112.79072337504476,0.7963749812915921,0
4683,112.80350450001424,0.3774160286411643,0
4684,112.8161320410436,0.21841697162017226,0
4685,112.82812437502434,0.18979102605953813,0
4686,112.84086145804031,0.4075419856235385,0
4687,112.85286429105327,0.2352919545955956,0
4688,112.86540233303094,,1
4689,112.97744954103837,,1
4690,113.09136120800395,,1
4691,113.20289379102178,,1
4692,113.31597695802338,0.5897500086575747,0
4693,113.32828579103807,0.4820000031031668,0
4694,113.34134595800424,0.43254200136289,0
4695,113.35289766604546,0.727917009498924,0
4696,113.36618925002404,0.35275000846013427,0
4697,113.3784242910333,0.33366697607561946,0
4698,113.39130520803155,0.28562499210238457,0
4699,113.40288762503769,0.3034999826923013,0
4700,113.41374383302173,0.4514169995673001,0
4701,113.42583720805123,1.3002079795114696,0
4702,113.43763050000416,0.40375004755333066,0
4703,113.45060612499947,0.3498750156722963,0
4704,113.4616144580068,0.5039999959990382,0
4705,113.47317150002345,0.27058302657678723,0
4706,113.48576570802834,0.23599999258294702,0
4707,113.49692112504272,0.2039579558186233,0
4708,113.50880400004098,0.3446660120971501,0
4709,113.52046579105081,0.4193339846096933,0
4710,113.53347383305663,0.34666695864871144,0
4711,113.54393462504959,0.4094159812666476,0
4712,113.55494612501934,0.39962498703971505,0
4713,113.56717987504089,0.37595798494294286,0
4714,113.58014229102992,0.37858402356505394,0
4715,113.59287062502699,0.34333299845457077,0
4716,113.60511462501017,0.4931660369038582,0
4717,113.61819883302087,0.3892080276273191,0
4718,113.63085875002434,0.33970799995586276,0
4719,113.64338133303681,0.40441699093207717,0
4720,113.6552804580424,0.4357079742476344,0
4721,113.66716179100331,0.30875002266839147,0
4722,113.68001725000795,0.3615409950725734,0
4723,113.69052912504412,0.5403750110417604,0
4724,113.70363191602519,0.43566699605435133,0
4725,113.71633975004079,0.32950000604614615,0
4726,113.72833262500353,0.4410000401549041,0
4727,113.73959120805375,0.3369170008227229,0
4728,113.75031316600507,0.33933401573449373,0
4729,113.76265345804859,0.7900419877842069,0
4730,113.77603850001469,2.777750021778047,0
4731,113.79140491603175,0.5052919732406735,0
4732,113.8044872500468,0.5163750029169023,0
4733,113.81583391601453,0.43620902579277754,0
4734,113.82743179105455,0.4604169516824186,0
4735,113.84050412505167,0.7059999625198543,0
4736,113.85308625001926,0.708332983776927,0
4737,113.8653826250229,2.058250014670193,0
4738,113.87901791604236,0.6311669712886214,0
4739,113.89034400001401,0.923332991078496,0
4740,113.90350379102165,0.7074170280247927,0
4741,113.91687308304245,1.4477079967036843,0
4742,113.9303620000137,0.5023329867981374,0
4743,113.94343820802169,0.44104200787842274,0
4744,113.9539692500257,0.5339999916031957,0
4745,113.96710845804773,0.4688329645432532,0
4746,113.9793548330199,1.547417021356523,0
4747,113.99148633301957,0.3002079902216792,0
4748,114.00436266604811,0.3937089932151139,0
4749,114.01735891605495,0.5012089968658984,0
4750,114.02848387503764,0.6266660057008266,0
4751,114.041736083047,0.6397499819286168,0
4752,114.05374404101167,0.6550420075654984,0
4753,114.06599166605156,0.34670898457989097,0
4754,114.07745445804903,0.5223329644650221,0
4755,114.08997020800598,0.45845803106203675,0
4756,114.10300300002564,0.28091599233448505,0
4757,114.11584379104897,0.24520896840840578,0
4758,114.1286245000083,0.1889580162242055,0
4759,114.1392682910082,0.3179170307703316,0
4760,114.15184479102027,,1
4761,114.26527783303754,,1
4762,114.3761098330142,,1
4763,114.48996600002283,0.42150000808760524,0
4764,114.50169941602508,0.22116699256002903,0
4765,114.51219920802396,0.4569999873638153,0
4766,114.52526987501187,0.2741659991443157,0
4767,114.53811412502546,0.2841660170815885,0
4768,114.55097608303186,0.37220801459625363,0
4769,114.5623198330286,0.23954198695719242,0
4770,114.5750565410126,0.34550001146271825,0
4771,114.58824845805066,0.35437499172985554,0
4772,114.60117358301068,0.3310000174678862,0
4773,114.6140781660215,0.3225419786758721,0
4774,114.62698245805223,0.3863750025629997,0
4775,114.6399522080319,0.35270798252895474,0
4776,114.65229825000279,0.3737910301424563,0
4777,114.66276433301391,0.26820803759619594,0
4778,114.67558920802549,0.2693330170586705,0
4779,114.6878824160085,0.38220902206376195,0
4780,114.70083016605349,0.3022089949809015,0
4781,114.71370525000384,0.3244580002501607,0
4782,114.72611033305293,0.3030419466085732,0
4783,114.73802712501492,0.3845000173896551,0
4784,114.75023745803628,0.40725001599639654,0
4785,114.76170137501322,0.5529160262085497,0
4786,114.77483745804057,0.33116701524704695,0
4787,114.7877290410106,0.3520839964039624,0
4788,114.80065833299886,0.40954200085252523,0
4789,114.8127725830418,0.3834579838439822,0
4790,114.82571050000843,0.3136250306852162,0
4791,114.83724641602021,0.3289590240456164,0
4792,114.84956495801453,0.28066703816875815,0
4793,114.86243066604948,0.44479197822511196,0
4794,114.8733228330384,0.27258298359811306,0
4795,114.88616958301282,0.3268750151619315,0
4796,114.89903704100288,0.37695904029533267,0
4797,114.91071337502217,0.32316602300852537,0
4798,114.92359916603891,0.2892090124078095,0
4799,114.93576620804379,0.3423329908400774,0
4800,114.94867233303376,,1
4801,115.06197795801563,,1
4802,115.17501408304088,,1
4803,115.28878458304098,0.47441700007766485,0
4804,115.30182929104194,0.378583965357393,0
4805,115.31355220801197,0.3808329929597676,0
4806,115.32653041603044,0.33829198218882084,0
4807,115.33984466601396,0.5390419973991811,0
4808,115.35288279101951,1.689625030849129,0
4809,115.36715850001201,0.3465830232016742,0
4810,115.3800944579998,0.6232080049812794,0
4811,115.39264587505022,0.34154095919802785,0
4812,115.40556791605195,0.26354199508205056,0
4813,115.41841525002383,0.27679099002853036,0
4814,115.43126195803052,0.35091699101030827,0
4815,115.44207625003764,1.0646659648045897,0
4816,115.45448741602013,0.2762500080280006,0
4817,115.46543220803142,0.2699579927138984,0
4818,115.47778183303308,0.33650000113993883,0
4819,115.49152645800496,0.41675003012642264,0
4820,115.50452545803273,0.26766699738800526,0
4821,115.51553791604238,0.806041993200779,0
4822,115.5298512080335,1.7313329735770822,0
4823,115.54276016604854,0.2552919904701412,0
4824,115.55539554101415,0.2778340131044388,0
4825,115.56733437505318,0.36812498001381755,0
4826,115.57977250003023,0.3893329994753003,0
4827,115.59048229100881,0.2804170362651348,0
4828,115.6024389580125,0.321792031172663,0
4829,115.61397770803887,0.3510419628582895,0
4830,115.62551095802337,0.2993749803863466,0
4831,115.6385130410199,0.30341697856783867,0
4832,115.65165029105265,0.23324997164309025,0
4833,115.66233495803317,0.2937079989351332,0
4834,115.67524312500609,0.27762504760175943,0
4835,115.68917983304709,0.7788329967297614,0
4836,115.70062237500679,0.4902910441160202,0
4837,115.71370408299845,0.3838330158032477,0
4838,115.72430891601834,0.28783403104171157,0
4839,115.73610737500712,,1
4840,115.85012591601117,,1
4841,115.96153625001898,,1
4842,116.0754030829994,0.4616670194081962,0
4843,116.08849800005555,,1
4844,116.20196383300936,0.5000830278731883,0
4845,116.21384575002594,0.627624976914376,0
4846,116.22708350000903,0.47933304449543357,0
4847,116.23928445804631,0.44654199155047536,0
4848,116.25235791603336,0.5244999774731696,0
4849,116.26309108303394,0.4132079775445163,0
4850,116.27489112503827,0.407207990065217,0
4851,116.28675833303714,0.48995797988027334,0
4852,116.29985295800725,0.5463749985210598,0
4853,116.31299491605023,0.5304999649524689,0
4854,116.32371025002794,0.7796250283718109,0
4855,116.33627200004412,0.4854999715462327,0
4856,116.3493799160351,0.40058401646092534,0
4857,116.36208429100225,0.5429169978015125,0
4858,116.37326845800271,0.3807920147664845,0
4859,116.3849066660041,0.5438750376924872,0
4860,116.3967627910315,0.5727920215576887,0
4861,116.40998062503058,0.49229100113734603,0
4862,116.42245625000214,0.41858304757624865,0
4863,116.4347689160495,0.5247920053079724,0
4864,116.44730058300775,0.5648329970426857,0
4865,116.45972887502285,0.38837501779198647,0
4866,116.47273291600868,0.47625001752749085,0
4867,116.4858911660267,0.5652499967254698,0
4868,116.49903875001473,0.43579103657975793,0
4869,116.51079316600226,0.43987500248476863,0
4870,116.52384545805398,0.3374579828232527,0
4871,116.53675587504404,0.4320410080254078,0
4872,116.54977429105202,0.44991698814556,0
4873,116.56163570802892,0.4147500148974359,0
4874,116.57347933301935,0.3470419906079769,0
4875,116.58618445805041,0.2829579752869904,0
4876,116.59904100000858,0.3826660104095936,0
4877,116.61072799999965,0.39679103065282106,0
4878,116.6232742080465,0.31637499341741204,0
4879,116.63577679102309,0.29091699980199337,0
4880,116.64862379099941,0.2434170455671847,0
4881,116.66144954104675,0.32787496456876397,0
4882,116.67436033301055,0.41979202069342136,0
4883,116.68626916600624,0.5519590340554714,0
4884,116.69888283300679,0.3922500181943178,0
4885,116.7118412500131,0.4042080254293978,0
4886,116.72480679105502,0.3409999771974981,0
4887,116.73626629100181,0.26054203044623137,0
4888,116.74908204103122,0.2686249790713191,0
4889,116.76079429103993,0.36695896415039897,0
4890,116.773726250045,0.3959579626098275,0
4891,116.78478683304274,0.35083299735561013,0
4892,116.79769300000044,0.3775410004891455,0
4893,116.8101858330192,0.42574998224154115,0
4894,116.82203662500251,0.44450000859797,0
4895,116.83350704103941,0.3357499954290688,0
4896,116.84637979103718,0.2850419841706753,0
4897,116.85679416602943,0.390874978620559,0
4898,116.86788433301263,0.3874580143019557,0
4899,116.88009679102106,0.5435420316644013,0
4900,116.89318450004794,0.4850829718634486,0
4901,116.90605604101438,0.6804590229876339,0
4902,116.91702379100025,0.2718340256251395,0
4903,116.92902304104064,0.26299996534362435,0
4904,116.94183183304267,0.2597079728730023,0
4905,116.95461825001985,0.2419580123387277,0
4906,116.96738104103133,0.17979199765250087,0
4907,116.98008145805215,0.2503329887986183,0
4908,116.99285387503915,0.2603749744594097,0
4909,117.00565083301626,0.7575000054202974,0
4910,117.01872112503042,0.5427909782156348,0
4911,117.03045491600642,0.458249996881932,0
4912,117.04174666601466,0.42637501610442996,0
4913,117.05226641602349,0.2846670104190707,0
4914,117.06292683305219,0.3327919985167682,0
4915,117.07517641602317,0.3862919984385371,0
4916,117.08631829102524,0.46483398182317615,0
4917,117.09840783302207,0.4842919879592955,0
4918,117.10986500000581,0.5035000503994524,0
4919,117.12261012505041,0.484249962028116,0
4920,117.13546000001952,0.5604579928331077,0
4921,117.14859612501459,0.5688749952241778,0
4922,117.16173270804575,0.595749996136874,0
4923,117.1732980000088,0.5527500179596245,0
4924,117.18642029102193,0.511125021148473,0
4925,117.19949845800875,0.4807499935850501,0
4926,117.21177120803623,0.5088329780846834,0
4927,117.22449458303163,0.5182920140214264,0
4928,117.23724779102486,0.775667023845017,0
4929,117.25059575005434,0.5243329796940088,0
4930,117.26368366600946,0.4609170136973262,0
4931,117.27481379103847,0.4692089860327542,0
4932,117.28764054103522,0.20820897771045566,0
4933,117.29850612505106,0.42604096233844757,0
4934,117.31036433303962,0.3577079623937607,0
4935,117.32220745802624,0.3410829813219607,0
4936,117.33367783302674,0.6365830195136368,0
4937,117.3450951660052,0.2797089982777834,0
4938,117.35611862502992,0.994333007838577,0
4939,117.3696066250559,0.37812499795109034,0
4940,117.38207504100865,0.3835840034298599,0
4941,117.39414491603384,0.39108400233089924,0
4942,117.40661225002259,0.4825000069104135,0
4943,117.41734054102562,0.35120901884511113,0
4944,117.43009187502321,0.31241599936038256,0
4945,117.44228575000307,0.36820804234594107,0
4946,117.4544844160555,0.31649996526539326,0
4947,117.46719441603636,0.41912501910701394,0
4948,117.48020291602006,0.4136250354349613,0
4949,117.49320100003388,0.34899997990578413,0
4950,117.50459937501,0.38350000977516174,0
4951,117.51755429100012,0.4203340504318476,0
4952,117.53014866600279,0.3475420526228845,0
4953,117.54307837504894,0.3892499953508377,0
4954,117.55605000001378,0.40862499736249447,0
4955,117.56904629099881,0.3789590555243194,0
4956,117.5819974160404,0.3890839871019125,0
4957,117.59494925005129,0.2574159880168736,0
4958,117.60777312505525,0.442290969658643,0
4959,117.61960600002203,0.3519579768180847,0
4960,117.63255379104521,0.3933749976567924,0
4961,117.64551695802948,0.25883299531415105,0
4962,117.65833387500606,0.18645799718797207,0
4963,117.66910774999997,0.17404102254658937,0
4964,117.6818205830059,0.22562500089406967,0
4965,117.69458891602699,0.18575001740828156,0
4966,117.70520600001328,0.5814160103909671,0
4967,117.71782779099885,0.3987500094808638,0
4968,117.7308102910174,0.22650003666058183,0
4969,117.74359133304097,0.2002919791266322,0
4970,117.75491866603261,0.19879196770489216,0
4971,117.76766012504231,0.16562500968575478,0
4972,117.77962441602722,0.18162501510232687,0
4973,117.79234633303713,0.19791699014604092,0
4974,117.80451295804232,0.21733297035098076,0
4975,117.8158447080059,0.36758300848305225,0
4976,117.82877175003523,0.3322080010548234,0
4977,117.84166379104136,0.27291697915643454,0
4978,117.8534520410467,0.15883398009464145,0
4979,117.86614912503865,0.33237499883398414,0
4980,117.87847125000553,0.2514580264687538,0
4981,117.8912661659997,0.5138340056873858,0
4982,117.90216375002638,0.3367500030435622,0
4983,117.91507108299993,0.5185830523259938,0
4984,117.92744408303406,0.321083003655076,0
4985,117.93883291602833,0.43983402429148555,0
4986,117.95185670803767,0.423832971137017,0
4987,117.96486179099884,0.49512501573190093,0
4988,117.9775001250091,0.591833028011024,0
4989,117.99067800003104,0.503790972288698,0
4990,118.0018382910057,0.44470903230831027,0
4991,118.01487533299951,0.5683750496245921,0
4992,118.02641995804152,0.9959999588318169,0
4993,118.04003054101486,0.5370840081013739,0
4994,118.05260625004303,0.5415409686975181,0
4995,118.06424804101698,0.5187920178286731,0
4996,118.07737270800862,0.5072500207461417,0
4997,118.08995083300397,0.5335420137271285,0
4998,118.10243616602384,0.5985000170767307,0
4999,118.11562866601162,0.5278339958749712,0
5000,118.1275689160102,0.6249170401133597,0
5001,118.13941850000992,0.9670410072430968,0
5002,118.15298233303474,0.7003750069998205,0
5003,118.16628079104703,0.5645419587381184,0
5004,118.17991770803928,0.7214999641291797,0
5005,118.1932336660102,0.5600420408882201,0
5006,118.20642979105469,0.8523750002495944,0
5007,118.21961225004634,0.6226249970495701,0
5008,118.23289800004568,0.5478329840116203,0
5009,118.2441038750112,0.4651250201277435,0
5010,118.25495550001506,0.6232500309124589,0
5011,118.26722908305237,0.5225829663686454,0
5012,118.27844241604907,,1
5013,118.39230462501291,,1
5014,118.50627216603607,,1
5015,118.6196146660368,0.4883339861407876,0
5016,118.63274062500568,0.6480410229414701,0
5017,118.64478187501663,0.6163330399431288,0
5018,118.65677062503528,0.3060000017285347,0
5019,118.6695980830118,0.3567080129869282,0
5020,118.68252954102354,0.35254203248769045,0
5021,118.6934943330125,0.27300004148855805,0
5022,118.70612620800966,0.32475002808496356,0
5023,118.71826241601957,0.21899997955188155,0
5024,118.72947304102127,0.3440000000409782,0
5025,118.74240366602316,0.3225000109523535,0
5026,118.75290420802776,0.31279202084988356,0
5027,118.76550050004153,0.2111659850925207,0
5028,118.77826125000138,0.3369160112924874,0
5029,118.79020633304026,0.24887500330805779,0
5030,118.80618333304301,0.6485419580712914,0
5031,118.81775700004073,0.26141596026718616,0
5032,118.82949270802783,0.2794580068439245,0
5033,118.84161354100797,0.30370900640264153,0
5034,118.85300841601565,0.31566701363772154,0
5035,118.86502054100856,0.21712499437853694,0
5036,118.8768970410456,0.19158399663865566,0
5037,118.88749820803059,0.197957968339324,0
5038,118.90023475000635,0.19700004486367106,0
5039,118.91176387504674,0.22566597908735275,0
5040,118.9245326660457,0.2757089678198099,0
5041,118.93575512501411,0.22779102437198162,0
5042,118.94853875000263,0.33300003269687295,0
5043,118.96144625003217,0.20141596905887127,0
5044,118.97262658301042,0.26816700119525194,0
5045,118.98546266602352,0.3016670234501362,0
5046,118.99831383302808,0.20399998174980283,0
5047,119.01106608303962,0.29737496515735984,0
5048,119.02227045805193,0.2990829525515437,0
5049,119.0337277080398,0.3446249756962061,0
5050,119.04662091605132,0.3463749890215695,0
5051,119.05955962504959,0.5275409785099328,0
5052,119.07069654104998,0.1996249775402248,0
5053,119.08347300003516,0.2103750011883676,0
5054,119.09620720800012,0.14583300799131393,0
5055,119.10887737502344,0.1616249792277813,0
5056,119.12156129104551,0.14991697389632463,0
5057,119.13423262501601,0.15362503472715616,0
5058,119.14690708304988,0.15533296391367912,0
5059,119.1595816250192,0.15979103045538068,0
5060,119.17228129104478,0.23549998877570033,0
5061,119.18462516600266,0.17900002421811223,0
5062,119.19733537500724,0.18737500067800283,0
5063,119.21007595804986,0.29075000202283263,0
5064,119.22294041601708,0.1859589829109609,0
5065,119.23566470801597,0.2532500075176358,0
5066,119.24847283301642,0.29187503969296813,0
5067,119.26131454104325,0.2500839764252305,0
5068,119.27410925005097,0.22991595324128866,0
5069,119.28623612504452,0.24162500631064177,0
5070,119.29732816602336,0.23129198234528303,0
5071,119.31009945803089,0.21133298287168145,0
5072,119.3226047080243,0.2867919974960387,0
5073,119.3354412910412,0.2554589882493019,0
5074,119.34823491604766,0.26691699167713523,0
5075,119.35895300004631,0.23999996483325958,0
5076,119.3695336250239,0.27420802507549524,0
5077,119.38039500004379,0.3045409685000777,0
5078,119.39324745803606,0.24916697293519974,0
5079,119.40378595801303,0.24075002875179052,0
5080,119.41658716602251,0.18741702660918236,0
5081,119.42931208305527,0.1800419995561242,0
5082,119.44035533303395,0.2930000191554427,0
5083,119.45319379103603,0.35970896715298295,0
5084,119.46610450005392,0.1894999877549708,0
5085,119.47881804103963,0.14804198872298002,0
5086,119.4914980000467,0.29045797418802977,0
5087,119.50286254100502,0.327209010720253,0
5088,119.51573525002459,0.1978750224225223,0
5089,119.52717566600768,0.23254199186339974,0
5090,119.53876112500438,0.19150000298395753,0
5091,119.55149654101115,0.21866703173145652,0
5092,119.56395441602217,0.29358401661738753,0
5093,119.57678412500536,0.25295803789049387,0
5094,119.58943954104325,0.2898749662563205,0
5095,119.60228191601345,0.2853749901987612,0
5096,119.61421633302234,0.22933300351724029,0
5097,119.62698304100195,0.2292920253239572,0
5098,119.63735341600841,0.22500002523884177,0
5099,119.65011570800561,0.2181250019930303,0
5100,119.6606900410261,0.20962499547749758,0
5101,119.67343650001567,0.21224998636171222,0
5102,119.68576758302515,0.22799998987466097,0
5103,119.69695420801872,0.2615000121295452,0
5104,119.70729704102268,0.22204202832654119,0
5105,119.71912029100349,0.506417010910809,0
5106,119.73218866600655,0.32170902704820037,0
5107,119.74505200004205,0.2912079798988998,0
5108,119.75788808305515,0.26345800142735243,0
5109,119.77050791605143,0.29974995413795114,0
5110,119.78334812505636,0.23762497585266829,0
5111,119.79613941605203,0.5309999687597156,0
5112,119.80920704104938,0.3011669614352286,0
5113,119.82010783301666,,1
5114,119.93354504101444,,1
5115,120.04747316602152,0.7034590234979987,0
5116,120.06078279099893,0.5171670345589519,0
5117,120.07388441602234,0.48195902490988374,0
5118,120.08694066602038,0.48845901619642973,0
5119,120.10003804101143,0.5459589883685112,0
5120,120.1131550000282,0.4297079867683351,0
5121,120.12615220801672,0.44404203072190285,0
5122,120.13918270805152,0.4265829920768738,0
5123,120.15216454101028,0.4704170278273523,0
5124,120.16520270804176,0.36629196256399155,0
5125,120.17812750005396,0.49491599202156067,0
5126,120.19117579102749,0.38929202128201723,0
5127,120.20287416601786,0.5072089843451977,0
5128,120.21542525000405,0.4612080520018935,0
5129,120.2284472080064,0.4024580121040344,0
5130,120.24140941601945,0.5087500321678817,0
5131,120.25244429102167,0.4700419958680868,0
5132,120.26437337504467,0.3995409933850169,0
5133,120.27621612499934,0.5194160039536655,0
5134,120.28933233302087,0.380458019208163,0
5135,120.30069145804737,0.21737499628216028,0
5136,120.31347091600765,0.5443340050987899,0
5137,120.32662020804128,0.5052500055171549,0
5138,120.33844345802208,0.4266250180080533,0
5139,120.35144029103685,0.2922919811680913,0
5140,120.36428483302006,0.3382079885341227,0
5141,120.37475954100955,0.335542019456625,0
5142,120.3867755830288,0.2776249893940985,0
5143,120.39958954101894,0.2894999925047159,0
5144,120.41244191600708,0.5192499957047403,0
5145,120.42551583301974,0.32608298351988196,0
5146,120.4362032909994,0.3190420102328062,0
5147,120.44730537501164,0.3380830166861415,0
5148,120.4579838750069,0.3581250202842057,0
5149,120.47131195804104,0.5040830001235008,0
5150,120.48384141601855,0.46066701179370284,0
5151,120.49688566604163,0.2899589599110186,0
5152,120.50975641602417,0.25083398213610053,0
5153,120.52067508304026,0.19533297745510936,0
5154,120.53255366603844,0.18691696459427476,0
5155,120.54527650005184,0.19833300029858947,0
5156,120.55803291604389,0.20999996922910213,0
5157,120.57008270802908,0.212125014513731,0
5158,120.58283304102952,0.19858399173244834,0
5159,120.59556945803342,0.3018329734914005,0
5160,120.60683558305027,0.2513329964131117,0
5161,120.61963154101977,0.31329202465713024,0
5162,120.6330937500461,0.366290973033756,0
5163,120.64604629104724,0.46970898984000087,0
5164,120.6572580000502,0.5148329655639827,0
5165,120.6695327500347,0.22208300651982427,0
5166,120.68231391604058,0.18666696269065142,0
5167,120.69396812503692,0.1705829636193812,0
5168,120.70563462504651,0.17612497322261333,0
5169,120.71839758305578,0.19341695588082075,0
5170,120.72885162505554,0.22008299129083753,0
5171,120.74067179101985,0.19545899704098701,0
5172,120.75242687499849,0.19270804477855563,0
5173,120.76393720804481,0.25399995502084494,0
5174,120.77673470805166,0.19616697682067752,0
5175,120.78784066601656,0.18637499306350946,0
5176,120.80056116601918,0.1822090125642717,0
5177,120.81327654101187,0.1758339931257069,0
5178,120.82602083304664,0.19170797895640135,0
5179,120.83786658302415,0.20158302504569292,0
5180,120.84835758304689,0.1777499564923346,0
5181,120.86107000004267,0.1765409833751619,0
5182,120.87378054100554,0.1757090212777257,0
5183,120.8864873330458,0.18108298536390066,0
5184,120.89850654103793,0.2448749728500843,0
5185,120.91083866602276,0.37341698771342635,0
5186,120.92252345802262,0.39137498242780566,0
5187,120.93547300004866,0.3725829883478582,0
5188,120.94841354101663,0.40366698522120714,0
5189,120.96020512504037,0.2602500026114285,0
5190,120.97300325002288,0.29166601598262787,0
5191,120.98584408301394,0.27433299692347646,0
5192,120.99866083305096,0.39720797212794423,0
5193,121.01160550001077,0.43129100231453776,0
5194,121.02458358299918,0.503583054523915,0
5195,121.03836412500823,1.3686250313185155,0
5196,121.05003795801895,0.4787920042872429,0
5197,121.06177045800723,0.4301250446587801,0
5198,121.07332016603323,0.39008399471640587,0
5199,121.08628945803503,0.33541698940098286,0
5200,121.09919837501366,0.37604098906740546,0
5201,121.1121506660129,0.2863749978132546,0
5202,121.12499141599983,0.2125840401276946,0
5203,121.13583404105157,,1
5204,121.24950120801805,,1
5205,121.36197608301882,,1
5206,121.47585350001464,,1
5207,121.58965216600336,0.5106670432724059,0
5208,121.60273441602476,0.9837090037763119,0
5209,121.61632345803082,0.5602079909294844,0
5210,121.6294400410261,0.31045899959281087,0
5211,121.64233933301875,0.48516702372580767,0
5212,121.65307070803829,0.9507079957984388,0
5213,121.66662025003461,0.4879999905824661,0
5214,121.67745279101655,0.5455840146169066,0
5215,121.69044775003567,0.39000000106170774,0
5216,121.70340441603912,0.23029197473078966,0
5217,121.71426987502491,0.3166249953210354,0
5218,121.72716795804445,0.5605829646810889,0
5219,121.74033391603734,0.24966697674244642,0
5220,121.75295470800484,0.5309170228429139,0
5221,121.7653060000157,0.26604102458804846,0
5222,121.77744233305566,0.21191698033362627,0
5223,121.79020904103527,0.22495898883789778,0
5224,121.80286437500035,0.21233304869383574,0
5225,121.81463875004556,0.22508297115564346,0
5226,121.8261861250503,0.2152909873984754,0
5227,121.83770500001265,0.24879100965335965,0
5228,121.85049729101593,0.26645901380106807,0
5229,121.86099816602655,0.4033339791931212,0
5230,121.87367200001609,0.48450002213940024,0
5231,121.88627337501384,0.5162080051377416,0
5232,121.89935662504286,0.43949997052550316,0
5233,121.91162083303789,0.3832079819403589,0
5234,121.92329654103378,0.4587919684126973,0
5235,121.93632279103622,0.4341669846326113,0
5236,121.94933566602413,0.5675000138580799,0
5237,121.96271445800085,0.6890830118209124,0
5238,121.97598745801952,0.5788750131614506,0
5239,121.98739441600628,0.8665840141475201,0
5240,122.00014845799888,0.43045805068686604,0
5241,122.01318525004899,0.6143749924376607,0
5242,122.02415054105222,0.5462499684654176,0
5243,122.03805887501221,0.5658750305883586,0
5244,122.05000987503445,0.5385410040616989,0
5245,122.06317687500268,0.5362500087358057,0
5246,122.07559562503593,0.4767909995280206,0
5247,122.08692233305192,1.0469579719938338,0
5248,122.10054112505168,0.5047500017099082,0
5249,122.11355608300073,0.5027080187574029,0
5250,122.1266377910506,0.508833967614919,0
5251,122.13736529101152,0.590000010561198,0
5252,122.15053537505446,0.5774999735876918,0
5253,122.16369779105298,0.5335839814506471,0
5254,122.1768202080275,0.5050419713370502,0
5255,122.18992020800943,0.5116669926792383,0
5256,122.20176600001287,0.6140409968793392,0
5257,122.21503220801242,0.46791700879111886,0
5258,122.22810266603483,1.0072090080939233,0
5259,122.2392856250517,0.5124579765833914,0
5260,122.25241387501592,0.6437909905798733,0
5261,122.26433025003644,0.4997910000383854,0
5262,122.2774269580259,0.6686670240014791,0
5263,122.2885082080029,0.3446670016273856,0
5264,122.30142875004094,0.5278749740682542,0
5265,122.31452650000574,0.5103330477140844,0
5266,122.3276222080458,0.553416961338371,0
5267,122.33926675003022,0.3850830253213644,0
5268,122.35222237504786,0.45383296674117446,0
5269,122.36524158302927,0.9352079941891134,0
5270,122.37884141603718,0.579542014747858,0
5271,122.39200070803054,0.5667919758707285,0
5272,122.40386608301196,0.7767500355839729,0
5273,122.41720854101004,0.46662503154948354,0
5274,122.42851983301807,1.7850419972091913,0
5275,122.44271904102061,0.6397499819286168,0
5276,122.45594416605309,0.6127499509602785,0
5277,122.46911941602593,0.4160419921390712,0
5278,122.48185004101833,0.3915419802069664,0
5279,122.49409941601334,0.3101670299656689,0
5280,122.5058460830478,0.403582991566509,0
5281,122.51880337501643,0.3566250088624656,0
5282,122.53173595800763,0.31999999191612005,0
5283,122.54291741602356,0.33950002398341894,0
5284,122.55579995800508,0.3563750069588423,0
5285,122.56869529100368,0.35358400782570243,0
5286,122.58160354103893,0.509625009726733,0
5287,122.59411533304956,0.391624984331429,0
5288,122.6059166250052,0.4110830486752093,0
5289,122.61887708300492,0.4758750437758863,0
5290,122.63026787503622,0.4955829936079681,0
5291,122.64332816604292,0.4955419572070241,0
5292,122.65600700001232,0.5272910348139703,0
5293,122.66857866605278,0.4650839837267995,0
5294,122.68160708301002,0.5210830131545663,0
5295,122.69468116603093,0.442666991148144,0
5296,122.70543575001648,0.5302079953253269,0
5297,122.71780750004109,0.47799997264519334,0
5298,122.7308397910092,0.4942920058965683,0
5299,122.74390529101947,0.45312498696148396,0
5300,122.75665345805464,0.8365829708054662,0
5301,122.76960345800035,0.5908330203965306,0
5302,122.78285358304856,0.47874997835606337,0
5303,122.79513041605242,1.1252089752815664,0
5304,122.80661104101455,0.6284590344876051,0
5305,122.81839812500402,0.5036250222474337,0
5306,122.83031237503747,0.6057909922674298,0
5307,122.84349370800192,0.5601250450126827,0
5308,122.85660366603406,0.4349999944679439,0
5309,122.86961483303457,0.8536669774912298,0
5310,122.88192629104014,0.49537495942786336,0
5311,122.89500462502474,1.238957978785038,0
5312,122.90882825001609,0.5177080165594816,0
5313,122.91994162503397,0.9464580216445029,0
5314,122.93347420805367,0.5394579493440688,0
5315,122.94656100001885,0.682333018630743,0
5316,122.95791024999926,0.4551660385914147,0
5317,122.96847400005208,0.521165959071368,0
5318,122.98157879104838,0.6135839503258467,0
5319,122.99231879104627,0.5504169967025518,0
5320,123.00544875004562,0.7279999554157257,0
5321,123.01811354100937,0.5146249895915389,0
5322,123.03121045802254,0.5361249786801636,0
5323,123.04411420802353,0.7483329973183572,0
5324,123.05752691603266,0.5539589910767972,0
5325,123.06959920801455,0.5396670312620699,0
5326,123.08089866605587,0.5237919976934791,0
5327,123.09400825004559,,1
5328,123.2053787910263,0.8681670296937227,0
5329,123.21885500004282,0.7732500089332461,0
5330,123.23223575000884,0.600916042458266,0
5331,123.2451150000561,0.6127079832367599,0
5332,123.2566078750533,0.5135409883223474,0
5333,123.26960387500003,0.5610830266959965,0
5334,123.28272941603791,0.5263339844532311,0
5335,123.2958392080036,0.5304579972289503,0
5336,123.30660770804388,0.48695795703679323,0
5337,123.31910354102729,0.45645900536328554,0
5338,123.33151079103118,,1
5339,123.44587441603653,,1
5340,123.55982312501874,0.5434579798020422,0
5341,123.57118262501899,0.3311249893158674,0
5342,123.58410591603024,0.29200001154094934,0
5343,123.59697245800635,0.22950000129640102,0
5344,123.60977950005326,0.23874995531514287,0
5345,123.621200625028,0.2174580004066229,0
5346,123.63363600004232,0.22970797726884484,0
5347,123.64640254102414,0.20295899594202638,0
5348,123.65914262505248,0.20483299158513546,0
5349,123.67049787502037,0.21075003314763308,0
5350,123.68293575005373,0.36304094828665257,0
5351,123.69585704104975,0.2999589778482914,0
5352,123.70785612502368,0.244333001319319,0
5353,123.71909287502058,0.23608299670740962,0
5354,123.73186675005127,0.25470799300819635,0
5355,123.74467250000453,0.22062502102926373,0
5356,123.75743325002259,0.2502499846741557,0
5357,123.76910579105606,0.2169999643228948,0
5358,123.78186708304565,0.2068749745376408,0
5359,123.79382170800818,0.20650000078603625,0
5360,123.80656908301171,0.1942919916473329,0
5361,123.81930029101204,0.21491700317710638,0
5362,123.83061708300374,0.19950000569224358,0
5363,123.84335095802089,0.26629201602190733,0
5364,123.85615350003354,0.245374976657331,0
5365,123.86719445802737,0.20650000078603625,0
5366,123.87993545801146,0.2027080045081675,0
5367,123.89267400000244,0.18800003454089165,0
5368,123.90541995799867,0.19700004486367106,0
5369,123.91572412505047,0.23737497394904494,0
5370,123.92746554105543,0.23120897822082043,0
5371,123.94023295800434,0.2478330279700458,0
5372,123.95301558304345,0.22012495901435614,0
5373,123.9657736660447,0.28387497877702117,0
5374,123.97860425000545,0.23570802295580506,0
5375,123.99112962500658,0.2287080278620124,0
5376,124.00389445800101,0.22854201961308718,0
5377,124.01665979099926,0.22712501231580973,0
5378,124.02944033301901,0.21416699746623635,0
5379,124.04219500004547,0.2080409904010594,0
5380,124.05385487503372,0.4488329868763685,0
5381,124.06684970803326,0.34600001526996493,0
5382,124.07973833300639,0.264250033069402,0
5383,124.09254020801745,0.23191701620817184,0
5384,124.10285937500885,0.23016601335257292,0
5385,124.11446595803136,0.23891701130196452,0
5386,124.12490550003713,0.31716597732156515,0
5387,124.13537658302812,0.2812080201692879,0
5388,124.1473734160536,0.25629199808463454,0
5389,124.16016970801866,0.276917009614408,0
5390,124.17257854103809,0.3190839779563248,0
5391,124.18543400004273,0.3072500112466514,0
5392,124.19830612500664,0.37991604767739773,0
5393,124.21124441601569,0.3992090350948274,0
5394,124.22419733303832,0.39499998092651367,0
5395,124.23713729105657,0.42258395114913583,0
5396,124.25011354102753,0.36858400562778115,0
5397,124.26307691604597,0.35437499172985554,0
5398,124.27499883301789,0.37925003562122583,0
5399,124.2878583749989,0.4105830448679626,0
5400,124.30067887500627,0.386208004783839,0
5401,124.31362583301961,0.24966703495010734,0
5402,124.32643608300714,0.22858299780637026,0
5403,124.33733062504325,0.1818749587982893,0
5404,124.35005504102446,0.29024999821558595,0
5405,124.36279045802075,0.2502080169506371,0
5406,124.3748873330187,0.3233749885112047,0
5407,124.3857564580394,0.19058299949392676,0
5408,124.39848450000864,0.185375043656677,0
5409,124.41121091600507,0.19633403280749917,0
5410,124.42394608299946,0.2591250231489539,0
5411,124.43674758303678,0.2389579894952476,0
5412,124.44953458302189,0.24966697674244642,0
5413,124.46235337504186,0.3589579719118774,0
5414,124.47530145803466,0.34679198870435357,0
5415,124.48825754103018,,1
5416,124.60173675004626,,1
5417,124.7150287500117,0.4297500126995146,0
5418,124.72714154102141,0.3676250344142318,0
5419,124.74006962502608,0.2637910074554384,0
5420,124.75288308301242,0.23900001542642713,0
5421,124.76566275005462,0.2222499460913241,0
5422,124.77843129105167,0.201958988327533,0
5423,124.7889331660117,0.2196670393459499,0
5424,124.80169483303325,0.20775001030415297,0
5425,124.81360779103125,0.2024589921347797,0
5426,124.82635216601193,0.29791699489578605,0
5427,124.83919137500925,0.24770799791440368,0
5428,124.85032545804279,0.22037496091797948,0
5429,124.86308662500232,0.2234580460935831,0
5430,124.8758469580207,0.2127499901689589,0
5431,124.88861037505558,0.22912496933713555,0
5432,124.90138379100244,0.26950001483783126,0
5433,124.91196733299876,0.40841702139005065,0
5434,124.92495300003793,0.5912909982725978,0
5435,124.93637729104375,0.4745839978568256,0
5436,124.94940554100322,0.4615840152837336,0
5437,124.96058441605419,0.45787496492266655,0
5438,124.9723041660036,0.384792045224458,0
5439,124.98523745802231,0.3683330141939223,0
5440,124.9977467910503,0.38129196036607027,0
5441,125.01067891600542,0.383709033485502,0
5442,125.02361816604389,0.48395898193120956,0
5443,125.0357712500263,0.4189999890513718,0
5444,125.048754166055,0.38408394902944565,0
5445,125.05958008300513,0.40370802162215114,0
5446,125.07068754103966,0.3625419922173023,0
5447,125.08360745804384,0.42695796582847834,0
5448,125.09658766601933,0.4165419959463179,0
5449,125.10955745802494,0.35095802741125226,0
5450,125.12026683305157,0.3850419889204204,0
5451,125.13320700003533,0.3227079869247973,0
5452,125.146007708041,0.39495801320299506,0
5453,125.15796491602669,0.33533398527652025,0
5454,125.16909758304246,0.34270796459168196,0
5455,125.18198050005594,0.322124978993088,0
5456,125.1948508330388,0.31629198929294944,0
5457,125.20577679103008,0.5569169879890978,0
5458,125.218891291006,0.37220900412648916,0
5459,125.23181087500416,,1
5460,125.34478133299854,,1
5461,125.45860100002028,,1
5462,125.5724245410529,,1
5463,125.68627050000941,,1
5464,125.80014683300396,,1
5465,125.91404229099862,,1
5466,126.02614025003277,,1
5467,126.14082316600252,,1
5468,126.25403633300448,,1
5469,126.3659388750093,,1
5470,126.47979716601549,,1
5471,126.59364041604567,0.47983397962525487,0
5472,126.6053536250256,0.32599997939541936,0
5473,126.6158518330194,0.47208298929035664,0
5474,126.62662320805248,0.4645419539883733,0
5475,126.63751241605496,0.4146669525653124,0
5476,126.65012212505098,0.42408297304064035,0
5477,126.66175575001398,0.43512502452358603,0
5478,126.67491395800607,0.4228750476613641,0
5479,126.68741433304967,0.4657499957829714,0
5480,126.70050125004491,2.621290972456336,0
5481,126.71336958301254,5.7834170293062925,0
5482,126.73194754100405,0.6824590382166207,0
5483,126.74393308302388,1.0773750254884362,0
5484,126.75763991603162,0.4080840153619647,0
5485,126.77091670804657,0.9470419608987868,0
5486,126.78449645801447,0.39720803033560514,0
5487,126.79753420804627,0.36587496288120747,0
5488,126.81049458304187,0.45079196570441127,0
5489,126.82201191602508,,1
5490,126.93570383300539,,1
5491,127.04963479103753,,1
5492,127.16351750004105,0.4202499985694885,0
5493,127.17602612503106,0.43945800280198455,0
5494,127.18791533302283,0.41016697650775313,0
5495,127.20092791604111,0.41554198833182454,0
5496,127.21373462502379,0.450999999884516,0
5497,127.22523391601862,0.522624992299825,0
5498,127.23622337501729,0.38237503031268716,0
5499,127.2491695000208,0.31066598603501916,0
5500,127.2595390000497,0.27483300073072314,0
5501,127.27240841602907,0.5578749696724117,0
5502,127.28487575001782,0.27479103300720453,0
5503,127.29774425004143,0.4265829920768738,0
5504,127.31076616601786,0.4971669986844063,0
5505,127.32386116601992,0.362000020686537,0
5506,127.33679016603855,0.20570901688188314,0
5507,127.34832108300179,0.21187501261010766,0
5508,127.36110070801806,2.007708011660725,0
5509,127.37399300001562,0.4177910159341991,0
5510,127.38576137501514,0.26666600024327636,0
5511,127.39857300004223,0.21495798137038946,0
5512,127.41135150002083,0.3511660033836961,0
5513,127.42426112503745,0.18400000408291817,0
5514,127.43698095803848,0.19225000869482756,0
5515,127.44969995802967,0.12304197298362851,0
5516,127.46234366600402,0.1378750312142074,0
5517,127.47367262502667,0.2627079957164824,0
5518,127.48488112504128,0.1962080132216215,0
5519,127.49762275000103,0.45604101615026593,0
5520,127.50920558301732,0.26637502014636993,0
5521,127.52114179101773,0.35029201535508037,0
5522,127.53359850001289,0.394541013520211,0
5523,127.54596291604685,0.3600839991122484,0
5524,127.55886254104553,0.29491697205230594,0
5525,127.57171854103217,0.49337500240653753,0
5526,127.5849556660396,1.0877089807763696,0
5527,127.59864391601877,0.4342920146882534,0
5528,127.61163783300435,0.465832999907434,0
5529,127.62468583305599,0.38770795799791813,0
5530,127.6376339160488,0.2815419575199485,0
5531,127.65045241604093,0.23608398623764515,0
5532,127.66322295804275,0.21720799850299954,0
5533,127.67595891602105,0.18279202049598098,0
5534,127.68865541601554,0.1721670269034803,0
5535,127.70133937505307,0.17291598487645388,0
5536,127.71402383304667,0.25754200760275126,0
5537,127.7267937080469,0.2517919638194144,0
5538,127.73956616601208,0.2299170009791851,0
5539,127.7523169160122,0.3180000348947942,0
5540,127.76517670805333,0.336957979016006,0
5541,127.77606770803686,0.3535830182954669,0
5542,127.78899008303415,0.3367919707670808,0
5543,127.80192458303645,0.5965830059722066,0
5544,127.81513929105131,0.6007089978083968,0
5545,127.82833433302585,0.49950001994147897,0
5546,127.84141545800958,0.43524999637156725,0
5547,127.85445120802615,0.4409169778227806,0
5548,127.86750729102641,0.5692919949069619,0
5549,127.88062670803629,0.5974579835310578,0
5550,127.892285000009,0.5193329998292029,0
5551,127.90538087504683,0.5297079915180802,0
5552,127.91848908300744,0.4493330488912761,0
5553,127.93151779100299,0.4746250342577696,0
5554,127.94454441603739,0.4641250125132501,0
5555,127.95758866600227,0.527750002220273,0
5556,127.96870250004577,,1
5557,128.08060400001705,,1
5558,128.1952080410556,,1
5559,128.30912087502657,,1
5560,128.42261325003346,,1
5561,128.53579129104037,,1
5562,128.64889258303447,,1
5563,128.76081329100998,,1
5564,128.87468445801642,,1
5565,128.98663075000513,,1
5566,129.10448383301264,,1
5567,129.21733708301326,0.3861250006593764,0
5568,129.22897737502353,0.3026659833267331,0
5569,129.2413152080262,0.32058299984782934,0
5570,129.25178775005043,0.28262496925890446,0
5571,129.26440308301244,0.5285420338623226,0
5572,129.2777019580244,0.49837498227134347,0
5573,129.28832987503847,0.3050409723073244,0
5574,129.30121308303205,0.30266697285696864,0
5575,129.31408325000666,0.23562501883134246,0
5576,129.32456883304985,0.2952920040115714,0
5577,129.33627508301288,0.24983304319903255,0
5578,129.349082166038,0.36379200173541903,0
5579,129.36219745804556,0.6562499911524355,0
5580,129.37554520805134,0.49466697964817286,0
5581,129.38861750002252,0.48341602087020874,0
5582,129.40168270800496,0.6017920095473528,0
5583,129.41243458300596,1.7010419978760183,0
5584,129.42672308301553,0.4797080182470381,0
5585,129.4374262909987,3.093209001235664,0
5586,129.45311591605423,0.4395839641802013,0
5587,129.46628650004277,0.5707499803975224,0
5588,129.47845283302013,0.5697919987142086,0
5589,129.491718083038,0.5172080127522349,0
5590,129.5029544160352,0.5378340138122439,0
5591,129.51607783301733,0.3741669934242964,0
5592,129.5274313330301,0.3157079918310046,0
5593,129.53993300005095,0.8534159860573709,0
5594,129.55295104102697,0.5676249857060611,0
5595,129.56585262500448,0.5727910320274532,0
5596,129.57904729101574,0.5474170320667326,0
5597,129.5912312080036,0.3364580334164202,0
5598,129.60269450000487,0.262790999840945,0
5599,129.61552412505262,0.4245409509167075,0
5600,129.6274489160278,0.3284590202383697,0
5601,129.64035333303036,0.49837498227134347,0
5602,129.6524378330214,0.37349999183788896,0
5603,129.66538379102712,0.3135420265607536,0
5604,129.67824354104232,0.251209014095366,0
5605,129.69104104104917,0.24949997896328568,0
5606,129.70384070801083,0.20237499848008156,0
5607,129.7169144580257,0.6584579823538661,0
5608,129.7296315000276,0.6236659828573465,0
5609,129.74282987503102,0.40258298395201564,0
5610,129.75580979103688,0.22833398543298244,0
5611,129.76858341600746,0.21533400285989046,0
5612,129.7802577080438,0.3418329870328307,0
5613,129.7931714580045,0.3482080064713955,0
5614,129.80608429101994,0.27362501714378595,0
5615,129.81698850000976,0.3204160020686686,0
5616,129.82987666601548,0.3142500063404441,0
5617,129.84273758303607,0.1787919900380075,0
5618,129.85545225004898,0.19212497863918543,0
5619,129.86816858302336,0.16116700135171413,0
5620,129.88084925001021,0.15595799777656794,0
5621,129.89352433301974,0.14070799807086587,0
5622,129.90618500002893,0.1539579825475812,0
5623,129.91887145803776,0.24941697483882308,0
5624,129.93163833301514,0.25995803298428655,0
5625,129.9444143330329,0.2762500080280006,0
5626,129.95723283302505,0.3940419992431998,0
5627,129.97008366603404,,1
5628,130.0839592080447,0.6214999593794346,0
5629,130.0960620410042,0.4544170224107802,0
5630,130.10912458301755,0.5453749909065664,0
5631,130.12225108302664,0.36349997390061617,0
5632,130.1351888750214,0.24241599021479487,0
5633,130.14798870804952,0.24966697674244642,0
5634,130.16082770802313,0.4124580300413072,0
5635,130.17327329103136,0.5243750056251884,0
5636,130.1859703330556,0.4901669453829527,0
5637,130.19902066601207,0.5264999927021563,0
5638,130.2113658330054,1.5617920435033739,0
5639,130.22554837504867,0.35341596230864525,0
5640,130.23847162502352,0.5341659998521209,0
5641,130.25156054104446,0.4515839973464608,0
5642,130.26280762505485,0.4819999448955059,0
5643,130.27411408303306,0.44183299178257585,0
5644,130.28556462505367,0.4522499511949718,0
5645,130.2976837080205,0.4587080329656601,0
5646,130.3107590000145,0.46900002053007483,0
5647,130.3237952500349,0.508915982209146,0
5648,130.3363075000234,0.6267080316320062,0
5649,130.3495767500135,0.45433302875608206,0
5650,130.3608287500101,0.41020801290869713,0
5651,130.3737912910292,0.46725000720471144,0
5652,130.38579895801377,,1
5653,130.4990357500501,,1
5654,130.6107711660443,0.7356249843724072,0
5655,130.62299629102927,0.6852090009488165,0
5656,130.63444216601783,0.5018340307287872,0
5657,130.64509391604224,0.49050000961869955,0
5658,130.6581518330495,0.43999997433274984,0
5659,130.66953400004422,0.3874159883707762,0
5660,130.682484458026,0.3589580301195383,0
5661,130.69539320800686,0.3701249952428043,0
5662,130.70831270801136,0.3600000054575503,0
5663,130.72241304104682,0.3917499561794102,0
5664,130.73539604101097,0.39129203651100397,0
5665,130.74834708304843,0.43283298145979643,0
5666,130.76009150000755,0.43841602746397257,0
5667,130.7714483330492,0.4100420046597719,0
5668,130.78441904101055,0.4111670423299074,0
5669,130.7973964580451,0.4837079904973507,0
5670,130.81044545804616,0.4754579858854413,0
5671,130.82186662504682,1.1651249951682985,0
5672,130.83564258302795,0.5008329753763974,0
5673,130.84872029104736,0.4537919885478914,0
5674,130.8617387500126,0.43358298717066646,0
5675,130.87329562503146,0.3982079797424376,0
5676,130.8849320000154,0.4529160214588046,0
5677,130.8979519160348,0.5004589911550283,0
5678,130.91101958299987,1.1391250300221145,0
5679,130.92265912500443,0.681291043292731,0
5680,130.93579587503336,0.5115409730933607,0
5681,130.94680862501264,0.5251250113360584,0
5682,130.95992166601354,0.4975000047124922,0
5683,130.97064083302394,0.5890420288778841,0
5684,130.9837982080062,0.4979580407962203,0
5685,130.99686679104343,0.4503339878283441,0
5686,131.0098807910108,0.44341699685901403,0
5687,131.02290558302775,1.014582987409085,0
5688,131.03650291601662,0.6577090243808925,0
5689,131.04974795802264,0.5564999883063138,0
5690,131.06178395805182,1.154624973423779,0
5691,131.0755177080282,0.4867080133408308,0
5692,131.0885753330076,0.5088750040158629,0
5693,131.10168604104547,0.5543339648284018,0
5694,131.11482633301057,0.5603330209851265,0
5695,131.12771100003738,1.159749983344227,0
5696,131.13998791604536,0.4823749768547714,0
5697,131.15293358301278,0.6866250187158585,0
5698,131.16620274999877,0.4969160072505474,0
5699,131.17846108303638,1.9444999634288251,0
5700,131.19301583303604,0.5687499651685357,0
5701,131.2062227910501,0.47729199286550283,0
5702,131.2193205410149,0.7777920109219849,0
5703,131.23288904101355,0.5959590198472142,0
5704,131.24615474999882,0.6800410337746143,0
5705,131.2571063330397,0.7320420118048787,0
5706,131.2696983750211,0.6742500117979944,0
5707,131.28302916605026,0.5318339681252837,0
5708,131.2961531660403,0.7107499986886978,0
5709,131.30833937501302,0.590750016272068,0
5710,131.3215485830442,0.5252079572528601,0
5711,131.3331275000237,0.521583016961813,0
5712,131.3441125000245,0.5057909875176847,0
5713,131.35692345805,0.41749997762963176,0
5714,131.36960795801133,1.04208302218467,0
5715,131.38324991601985,0.5708750104531646,0
5716,131.3944500409998,0.5191670497879386,0
5717,131.40765400003875,0.4914159653708339,0
5718,131.42025912500685,0.6614160374738276,0
5719,131.43133291602135,0.5194590194150805,0
5720,131.444455208024,1.9477499881759286,0
5721,131.45901016599964,0.5350840510800481,0
5722,131.47043216601014,0.5004589911550283,0
5723,131.4835160410148,0.4990000161342323,0
5724,131.49620179104386,0.4567920113913715,0
5725,131.50690629100427,0.38112502079457045,0
5726,131.51960329100257,0.6122500053606927,0
5727,131.53279612504411,0.5034159985370934,0
5728,131.5441813750076,0.7161660469137132,0
5729,131.5574931660085,0.40245900163426995,0
5730,131.5696007500519,0.6216659676283598,0
5731,131.58281075005652,,1
5732,131.69510612502927,,1
5733,131.8089877910097,,1
5734,131.92209695803467,,1
5735,132.03553725004895,,1
5736,132.15001270803623,,1
5737,132.26390316605102,,1
5738,132.37748800002737,,1
5739,132.49236829101574,,1
5740,132.60579445800977,,1
5741,132.720333166013,,1
5742,132.83258912502788,,1
5743,132.9465937500354,,1
5744,133.0587539160042,6.867209041956812,0
5745,133.07841204100987,0.530291988980025,0
5746,133.0899734160048,0.6013340316712856,0
5747,133.10319162503583,1.943000010214746,0
5748,133.1157807080308,0.4736249684356153,0
5749,133.12853129103314,1.7452919855713844,0
5750,133.1426552910125,0.5062090349383652,0
5751,133.15575395803899,0.77495799632743,0
5752,133.169108083006,0.5199169972911477,0
5753,133.18042966601206,0.5052920314483345,0
5754,133.19211808301043,0.43404201278463006,0
5755,133.20272991602542,0.6138340104371309,0
5756,133.21594637504313,0.474124972242862,0
5757,133.22900229104562,0.9665839606896043,0
5758,133.24171816604212,0.3440000000409782,0
5759,133.25327583303442,1.7220000154338777,0
5760,133.26774833304808,0.5366249824874103,0
5761,133.2808231660165,0.9033750393427908,0
5762,133.29733079101425,0.8704999927431345,0
5763,133.31321012502303,1.5538749867118895,0
5764,133.32824320800137,2.0405420218594372,0
5765,133.34315641602734,0.48279197653755546,0
5766,133.3567259160336,0.3412499791011214,0
5767,133.37229558301624,1.610417035408318,0
5768,133.38421779102646,1.7499999958090484,0
5769,133.4002286660252,0.6762089906260371,0
5770,133.41396083304426,0.6474169786088169,0
5771,133.4255706660333,0.5642090109176934,0
5772,133.43875895801466,1.7600420396775007,0
5773,133.45311512501212,1.4787500258535147,0
5774,133.46770533302333,0.6006670300848782,0
5775,133.47911629104055,0.9572089766152203,0
5776,133.49087775003863,0.43949997052550316,0
5777,133.5030404580175,0.6387500325217843,0
5778,133.51464708300773,0.661000027321279,0
5779,133.5274446660187,0.32762502087280154,0
5780,133.53836466604844,0.40974997682496905,0
5781,133.5512995000463,0.38241600850597024,0
5782,133.56363220803905,0.47445797827094793,0
5783,133.57540170801803,0.4794580163434148,0
5784,133.5878560000565,0.43116597225889564,0
5785,133.60085695801536,0.47870801063254476,0
5786,133.61502595804632,1.2680419604294002,0
5787,133.62868608301505,0.8383329841308296,0
5788,133.6402828330174,0.570832984521985,0
5789,133.6524409580161,0.38595800288021564,0
5790,133.6654185000225,0.3896250273101032,0
5791,133.6786354580545,0.7470829878002405,0
5792,133.6924832080258,0.46004197793081403,0
5793,133.7030742080533,0.6391669739969075,0
5794,133.71631133300252,0.4377920413389802,0
5795,133.7272292910493,0.48395898193120956,0
5796,133.74083312501898,0.5040410323999822,0
5797,133.75245579105103,0.7005420047789812,0
5798,133.7640293330187,0.6311250035651028,0
5799,133.77818037505494,0.5817079800181091,0
5800,133.79136512504192,0.6020409637130797,0
5801,133.80372383299982,0.577000027988106,0
5802,133.81693645805353,0.6069579976610839,0
5803,133.8303345000022,0.4645000444725156,0
5804,133.84243208303815,,1
5805,133.9552529580542,,1
5806,134.0677085830248,0.6179999909363687,0
5807,134.0805663750507,0.49783295253291726,0
5808,134.09195183304837,0.36470795748755336,0
5809,134.1042875830317,0.28137501794844866,0
5810,134.11710816604318,0.2692500129342079,0
5811,134.12989545805613,0.2342079533264041,0
5812,134.14266033301828,0.2615830162540078,0
5813,134.15543675003573,0.24795799981802702,0
5814,134.16820050001843,0.26895798509940505,0
5815,134.18101170804584,0.4355830023996532,0
5816,134.19402991601964,0.581667001824826,0
5817,134.2072506250115,0.45608304208144546,0
5818,134.2191662080004,0.6495000561699271,0
5819,134.23062241601292,0.6987919914536178,0
5820,134.2429795000353,0.6414579693228006,0
5821,134.2562221250264,0.47933298628777266,0
5822,134.26911945804022,0.5873329937458038,0
5823,134.2816664580023,0.6136250449344516,0
5824,134.29489583300892,2.2811670205555856,0
5825,134.30892216600478,1.4373750309459865,0
5826,134.3226158330217,,1
5827,134.43866050004726,,1
5828,134.55326483305544,,1
5829,134.6671542910044,,1
5830,134.78092833299888,,1
5831,134.89392125001177,,1
5832,135.00460433302214,,1
5833,135.11714650003705,,1
5834,135.2310954160057,0.5544170271605253,0
5835,135.2442930000252,0.43295801151543856,0
5836,135.25526125001488,0.5941659910604358,0
5837,135.26843129104236,0.7814589771442115,0
5838,135.28269170800922,0.5706250085495412,0
5839,135.29588500002865,0.90095802443102,0
5840,135.30943933303934,0.7002080092206597,0
5841,135.32274891604902,0.4640839761123061,0
5842,135.33580412500305,2.2857910371385515,0
5843,135.3506752080284,0.4496669862419367,0
5844,135.36279312503757,0.7207500166259706,0
5845,135.3761342910002,0.45825005508959293,0
5846,135.38730491604656,0.5839999648742378,0
5847,135.40019779105205,0.29499997617676854,0
5848,135.4107795410091,0.4124999977648258,0
5849,135.42287725000642,1.3860409962944686,0
5850,135.4387532910332,0.6665840046480298,0
5851,135.45033474999946,0.32708304934203625,0
5852,135.4635025410098,0.5314170266501606,0
5853,135.4742233750294,0.29916601488366723,0
5854,135.48716795805376,1.4795419992879033,0
5855,135.4997066660435,0.2899169921875,0
5856,135.5125454160152,0.3707089927047491,0
5857,135.5254847080214,0.42204197961837053,0
5858,135.53694016602822,0.4394589923322201,0
5859,135.54867800005013,0.949790992308408,0
5860,135.56209679105086,0.31208398286253214,0
5861,135.5737732910202,0.3010840155184269,0
5862,135.58663904102286,0.26533397613093257,0
5863,135.5991985410219,0.4367090296000242,0
5864,135.61121683300007,0.265000038780272,0
5865,135.62171491602203,0.32933399779722095,0
5866,135.63243729103124,0.27654197765514255,0
5867,135.64527433301555,0.3573329886421561,0
5868,135.65820041601546,0.2799170324578881,0
5869,135.6702660000301,0.4005410009995103,0
5870,135.68325879104668,0.42983400635421276,0
5871,135.69529741600854,0.4424170474521816,0
5872,135.70599095802754,0.4550419980660081,0
5873,135.718201041047,0.4165419959463179,0
5874,135.7312066660379,0.37158397026360035,0
5875,135.7437406250392,0.5356660112738609,0
5876,135.75692645803792,0.5804999964311719,0
5877,135.7701377910562,0.6474589463323355,0
5878,135.78342858300311,0.633083051070571,0
5879,135.79668620805023,0.7599999662488699,0
5880,135.8084489160101,0.6530419923365116,0
5881,135.8208675000351,0.7075410103425384,0
5882,135.83396841603098,0.4503750242292881,0
5883,135.84626895800466,0.543292029760778,0
5884,135.85942216601688,0.6890420336276293,0
5885,135.8721257080324,0.690624990966171,0
5886,135.8855151660391,0.7762499735690653,0
5887,135.89891520800302,0.6815000087954104,0
5888,135.9118012500112,0.7493750308640301,0
5889,135.92436666600406,0.6415420211851597,0
5890,135.936225500016,0.6132500129751861,0
5891,135.94828104105545,0.7049589767120779,0
5892,135.960222624999,0.6422910373657942,0
5893,135.973485250026,0.6202909862622619,0
5894,135.98559612501413,0.6024580216035247,0
5895,135.99633470800472,0.5657500005327165,0
5896,136.00949362502433,0.5572910304181278,0
5897,136.02264579100301,0.6039590225555003,0
5898,136.03413995803567,0.5665830103680491,0
5899,136.04625141603174,0.6035839905962348,0
5900,136.0580718330457,0.5393750034272671,0
5901,136.06985025003087,0.5920410039834678,0
5902,136.0820655830321,0.5510000046342611,0
5903,136.0948743330082,0.5847500287927687,0
5904,136.1062105000019,0.5373330204747617,0
5905,136.11910925002303,0.5404999828897417,0
5906,136.13225420803064,0.5716669838875532,0
5907,136.14398845803225,0.5675419815815985,0
5908,136.15713545802282,0.5868750158697367,0
5909,136.17032570805168,0.5471669719554484,0
5910,136.183460750035,0.5643329932354391,0
5911,136.19660970801488,0.5922919954173267,0
5912,136.20981533301529,0.6211670115590096,0
5913,136.2238843330415,0.6484579644165933,0
5914,136.23620325000957,0.39787503192201257,0
5915,136.24922112503555,0.7374999695457518,0
5916,136.2625572910183,0.36195898428559303,0
5917,136.27548954100348,0.24212501011788845,0
5918,136.2882651250111,0.1972499885596335,0
5919,136.3009909579996,0.16816705465316772,0
5920,136.31367587501882,0.20191603107377887,0
5921,136.3263919580495,0.2643750049173832,0
5922,136.33840037503978,0.1569580053910613,0
5923,136.35106895799981,0.19079202320426702,0
5924,136.3637717080419,0.12816698290407658,0
5925,136.37641229102155,0.17741700867190957,0
5926,136.38911037502112,,1
5927,136.5026825410314,0.23791700368747115,0
5928,136.51544470799854,0.2371250302530825,0
5929,136.5282323330175,0.24991703685373068,0
5930,136.54102712502936,0.2907909802161157,0
5931,136.5537007500534,0.3689579898491502,0
5932,136.5648067080183,0.4010419943369925,0
5933,136.57779291603947,0.5224170163273811,0
5934,136.5909076660173,0.38283399771898985,0
5935,136.60386125004152,0.31099998159334064,0
5936,136.6167246660334,0.38112502079457045,0
5937,136.62968850001926,0.5198750295676291,0
5938,136.6418037500116,0.481416005641222,0
5939,136.65289308305364,0.4817919689230621,0
5940,136.6655261660344,0.38770900573581457,0
5941,136.67850858304882,0.4291249788366258,0
5942,136.69152975000907,0.2323330263607204,0
5943,136.70302700001048,0.19099999917671084,0
5944,136.7157656250056,0.22587500279769301,0
5945,136.72854862501845,0.361250014975667,0
5946,136.74126783304382,0.3089999663643539,0
5947,136.75413991604,0.32412499422207475,0
5948,136.76616154104704,0.2786669647321105,0
5949,136.77901933301473,0.397083000279963,0
5950,136.79153133300133,0.531375000718981,0
5951,136.80289050005376,0.6375410011969507,0
5952,136.8161472910433,0.4927499685436487,0
5953,136.82702445803443,0.25695801014080644,0
5954,136.83983362501021,0.3066250355914235,0
5955,136.85268595803063,0.22604200057685375,0
5956,136.86452537501464,0.2527080359868705,0
5957,136.87732737505576,0.1997079816646874,0
5958,136.88988045800943,0.19120803335681558,0
5959,136.90260483301245,0.1912920270115137,0
5960,136.91534966602921,0.16833399422466755,0
5961,136.9273569160141,0.44450000859797,0
5962,136.94039225002052,0.24812499759718776,0
5963,136.9524200410233,0.18791703041642904,0
5964,136.96514645800926,0.188250036444515,0
5965,136.97789983300027,0.22362504387274384,0
5966,136.9906892500003,0.19150000298395753,0
5967,137.00244195800042,0.18983305199071765,0
5968,137.01522491604555,0.3052089596167207,0
5969,137.0267592080054,0.24579203454777598,0
5970,137.0395600410411,0.2132499939762056,0
5971,137.05231175001245,0.20879099611192942,0
5972,137.06394829100464,0.20570901688188314,0
5973,137.075820958009,0.25058299070224166,0
5974,137.08691200002795,0.2667080261744559,0
5975,137.09974658302963,0.3228330169804394,0
5976,137.11067425005604,0.36287499824538827,0
5977,137.12243587500416,0.3599580377340317,0
5978,137.135340250039,0.35454099997878075,0
5979,137.14824883302208,0.30141702154651284,0
5980,137.16109429101925,0.3071670071221888,0
5981,137.17395470803604,0.38116698851808906,0
5982,137.1868876250228,0.39191602263599634,0
5983,137.199834500032,0.4425829974934459,0
5984,137.21283150004456,0.3982500056736171,0
5985,137.2238047910505,0.34654198680073023,0
5986,137.23578175000148,0.2965830499306321,0
5987,137.24863970803563,0.31462498009204865,0
5988,137.26139112503733,0.2935410011559725,0
5989,137.27306150004733,0.3237499622628093,0
5990,137.28592566604493,0.26045896811410785,0
5991,137.2987232080195,0.22541702492162585,0
5992,137.3114871660364,0.22291700588539243,0
5993,137.32428445800906,0.20854204194620252,0
5994,137.33579450001707,0.1937909983098507,0
5995,137.34852416603826,0.2447089646011591,0
5996,137.3613329580403,0.21941697923466563,0
5997,137.37163870804943,0.21579198073595762,0
5998,137.3843915000325,0.1949580037035048,0
5999,137.39712041604798,0.22479199105873704,0
6000,137.4098847080022,0.23191701620817184,0
6001,137.42268283304293,0.2340420032851398,0
6002,137.43495916604297,0.24674995802342892,0
6003,137.44777045800583,0.21845800802111626,0
6004,137.46052787505323,0.20662497263401747,0
6005,137.47328833304346,0.2097499673254788,0
6006,137.48577470803866,0.20995800150558352,0
6007,137.4985146660474,0.17729197861626744,0
6008,137.5112222910393,0.24908396881073713,0
6009,137.5240167080192,0.23045798297971487,0
6010,137.53679175005527,0.21683296654373407,0
6011,137.54955058300402,0.2175000263378024,0
6012,137.56230329105165,0.25229196762666106,0
6013,137.5750889160554,0.22474996512755752,0
6014,137.5869714160217,,1
6015,137.70067712501623,,1
6016,137.8128777910024,,1
6017,137.92528437502915,,1
6018,138.03853645804338,,1
6019,138.15052958304295,,1
6020,138.26443750003818,,1
6021,138.37836883304408,0.6073329714126885,0
6022,138.39157629100373,0.2786670229397714,0
6023,138.40244250005344,0.2568329800851643,0
6024,138.41525804100093,0.25041704066097736,0
6025,138.42806987505173,0.4920409992337227,0
6026,138.4404057500069,0.4049160052090883,0
6027,138.45243537501665,0.3328750026412308,0
6028,138.4653209579992,0.3247920540161431,0
6029,138.47819654102204,0.24220900377258658,0
6030,138.48984487500275,0.36875001387670636,0
6031,138.50045095803216,0.28841698076575994,0
6032,138.5133420410566,0.5374169559217989,0
6033,138.52646366599947,0.3849590430036187,0
6034,138.5395854160306,0.3188339760527015,0
6035,138.55095712502953,0.6513749831356108,0
6036,138.56423641601577,0.5560420104302466,0
6037,138.5768998330459,0.5968330078758299,0
6038,138.5891765410197,0.5924589931964874,0
6039,138.6024007500382,0.45616598799824715,0
6040,138.61549925000872,0.5376249901019037,0
6041,138.62865541601786,0.4978750366717577,0
6042,138.6399645410129,0.6091670366004109,0
6043,138.65321150003,0.6119579775258899,0
6044,138.66645541600883,0.49287499859929085,0
6045,138.67956870800117,,1
6046,138.79354808304925,0.4713749513030052,0
6047,138.80552070803242,0.19687501480802894,0
6048,138.81826441601152,0.40658400394022465,0
6049,138.82873658300377,0.23837503977119923,0
6050,138.84034950000932,0.262125045992434,0
6051,138.85315591603285,0.31858397414907813,0
6052,138.8652049160446,0.21666695829480886,0
6053,138.87795904104132,0.2541670110076666,0
6054,138.89075474999845,0.24116603890433908,0
6055,138.90285954100545,0.2519169938750565,0
6056,138.91353454103228,0.47512497985735536,0
6057,138.92502487503225,0.3523749765008688,0
6058,138.93791295803385,0.2589169889688492,0
6059,138.95064400002593,0.27058302657678723,0
6060,138.96345112501876,0.28062501223757863,0
6061,138.97408500005258,0.33299997448921204,0
6062,138.98576445801882,0.3397919936105609,0
6063,138.99867262504995,0.2764159580692649,0
6064,139.00966783304466,0.2556249964982271,0
6065,139.02031454100506,0.26516703655943274,0
6066,139.03186337504303,0.26016600895673037,0
6067,139.04466487502214,0.27554098051041365,0
6068,139.0574781250325,0.2691249828785658,0
6069,139.06952708301833,0.2590829972177744,0
6070,139.08232712501194,0.2734159934334457,0
6071,139.09514220803976,0.2483749995008111,0
6072,139.10792425001273,0.23725000210106373,0
6073,139.11953358305618,0.2734999870881438,0
6074,139.13059729104862,0.3475839621387422,0
6075,139.1434826660552,0.2686669467948377,0
6076,139.15628958301386,0.26050000451505184,0
6077,139.1671682500164,0.23291603429242969,0
6078,139.17995125002926,0.27304101968184114,0
6079,139.19276825000998,0.3341659903526306,0
6080,139.20516800001496,0.5032910266891122,0
6081,139.21761116600828,0.37475000135600567,0
6082,139.23053387500113,0.37650001468136907,0
6083,139.24346608301857,0.31849998049438,0
6084,139.25452679104637,0.2867919974960387,0
6085,139.2671766250278,0.2389579894952476,0
6086,139.27884870802518,0.27054199017584324,0
6087,139.29167325003073,0.2993749803863466,0
6088,139.30237537500216,0.25295803789049387,0
6089,139.3151975410292,0.39191701216623187,0
6090,139.33170541602885,0.555249978788197,0
6091,139.34484233305557,0.44233299558982253,0
6092,139.35755120799877,0.43095805449411273,0
6093,139.36955195805058,0.4748329520225525,0
6094,139.38113620801596,0.34620799124240875,0
6095,139.39404475002084,0.26004097890108824,0
6096,139.40606325003318,3.2593749929219484,0
6097,139.42072875000304,0.4425000515766442,0
6098,139.43343279103283,0.4508339916355908,0
6099,139.4440152910538,0.4267919575795531,0
6100,139.4570377910277,0.4432090208865702,0
6101,139.4700801660074,0.47558400547131896,0
6102,139.48316829104442,0.6170839769765735,0
6103,139.4958478330518,0.4360000020824373,0
6104,139.50767304102192,0.23233401589095592,0
6105,139.51954091602238,0.2633749973028898,0
6106,139.53138216602383,,1
6107,139.64511200005654,,1
6108,139.7581418750342,,1
6109,139.86953075003112,,1
6110,139.98134604102233,,1
6111,140.09448658302426,,1
6112,140.20882904104656,0.9992499835789204,0
6113,140.22069170803297,0.5033750203438103,0
6114,140.2337703750236,0.44254102976992726,0
6115,140.24677804100793,0.44770899694412947,0
6116,140.25978750002105,0.4117910284548998,0
6117,140.2710590410279,0.49620901700109243,0
6118,140.28410837502452,0.4944580141454935,0
6119,140.29715716600185,0.4451250424608588,0
6120,140.31016337504843,0.4156659706495702,0
6121,140.32067970803473,0.4284579772502184,0
6122,140.33246120804688,0.44999999227002263,0
6123,140.3440728750429,0.5324999801814556,0
6124,140.35572808299912,0.5529580521397293,0
6125,140.36718470801134,0.5323750083334744,0
6126,140.37883762503043,0.49162498908117414,0
6127,140.39190475002397,0.5024159909226,0
6128,140.4049714160501,0.5137919797562063,0
6129,140.41805629100418,0.757209025323391,0
6130,140.4313915829989,0.5224170163273811,0
6131,140.44449525000528,0.5065000150352716,0
6132,140.45572437503142,0.5532079958356917,0
6133,140.46884662500815,0.49820804269984365,0
6134,140.4820535830222,0.5769580020569265,0
6135,140.49519358301768,0.3558750031515956,0
6136,140.5081276660203,0.3428750205785036,0
6137,140.5198809580179,0.5959580303169787,0
6138,140.53305391600588,0.40820904541760683,0
6139,140.5460382910096,0.2986670006066561,0
6140,140.55890495801577,0.3767500165849924,0
6141,140.57063325005583,0.5770829739049077,0
6142,140.58377679105615,0.5097499815747142,0
6143,140.59685716603417,0.424208992626518,0
6144,140.60838508303277,0.31229201704263687,0
6145,140.62120170803973,0.651500013191253,0
6146,140.63266387500335,0.35437504993751645,0
6147,140.6441179580288,0.288125011138618,0
6148,140.65693870803807,0.23354199947789311,0
6149,140.66969304101076,0.2285840455442667,0
6150,140.682436083036,0.25358301354572177,0
6151,140.69520500005456,0.2519579720683396,0
6152,140.7079952500062,0.3477080026641488,0
6153,140.7188965830137,0.3950829850509763,0
6154,140.73189112503314,0.33958296990022063,0
6155,140.74480033305008,0.33195799915120006,0
6156,140.75771537504625,0.4624580033123493,0
6157,140.77033550001215,0.4461660282686353,0
6158,140.7833410000312,0.4094999749213457,0
6159,140.79401433304884,0.4640829865820706,0
6160,140.80574658303522,0.43054198613390326,0
6161,140.81872800004203,0.39362499956041574,0
6162,140.83169008302502,0.44487498234957457,0
6163,140.84470375004457,0.42812497122213244,0
6164,140.85768604103941,0.3997500170953572,0
6165,140.87064195802668,0.41450001299381256,0
6166,140.88189408305334,0.4909579874947667,0
6167,140.8949520830065,0.5238750018179417,0
6168,140.90686262503732,0.5246659857220948,0
6169,140.9191001660074,0.47212501522153616,0
6170,140.93024112505373,0.5345409736037254,0
6171,140.94326279102825,0.46075001591816545,0
6172,140.95452179101994,0.503083982039243,0
6173,140.9675865000463,0.44204096775501966,0
6174,140.98058450000826,0.4659580299630761,0
6175,140.99362870800542,0.4380830214358866,0
6176,141.00662195804762,0.4747500061057508,0
6177,141.01909783302108,0.4743330064229667,0
6178,141.03213475004304,0.428540981374681,0
6179,141.04515041603008,0.5170420045033097,0
6180,141.0582402080181,0.476707995403558,0
6181,141.0695434580557,0.517207954544574,0
6182,141.08264029101701,0.46387501060962677,0
6183,141.09567766601685,0.4645840381272137,0
6184,141.10793504101457,0.4194169887341559,0
6185,141.1191955000395,0.4871250130236149,0
6186,141.13223899999866,0.4152500187046826,0
6187,141.14521045802394,0.4213330103084445,0
6188,141.15654562501004,0.490125035867095,0
6189,141.16910262504825,0.4649159964174032,0
6190,141.18212454102468,0.390874978620559,0
6191,141.19508191605564,0.43466698843985796,0
6192,141.2080709580332,,1
6193,141.32139683305286,,1
6194,141.4330791250104,,1
6195,141.54525187500985,,1
6196,141.65917958301725,,1
6197,141.7728072500322,0.3738750237971544,0
6198,141.78465908300132,0.3902500029653311,0
6199,141.79761633300222,0.17137505346909165,0
6200,141.80834000004688,0.2829160075634718,0
6201,141.82007716601947,0.810416997410357,0
6202,141.83347804105142,0.3197919577360153,0
6203,141.8463548750151,0.3519160090945661,0
6204,141.8574083330459,0.38587499875575304,0
6205,141.86961254104972,1.8495419644750655,0
6206,141.88216308300616,1.0447500390000641,0
6207,141.89564000000246,1.2808750034309924,0
6208,141.9097705000313,0.471291015855968,0
6209,141.92143904103432,0.5403750110417604,0
6210,141.93457570800092,0.44720800360664725,0
6211,141.94587279105326,0.46266696881502867,0
6212,141.95894900005078,0.5012079491280019,0
6213,141.97204358305316,0.40208298014476895,0
6214,141.98503095802153,0.38662500446662307,0
6215,141.99799600004917,0.40845799958333373,0
6216,142.01082633301849,0.5597500130534172,0
6217,142.0232437500381,2.1529580117203295,0
6218,142.0376467910246,,1
6219,142.15151550003793,,1
6220,142.26540725002997,,1
6221,142.37932545802323,,1
6222,142.49174295802368,,1
6223,142.6054433750105,,1
6224,142.71849445800763,,1
6225,142.83072608301882,,1
6226,142.94463737501064,,1
6227,143.05806216603378,,1
6228,143.17195591604104,,1
6229,143.28583741601324,0.7191670010797679,0
6230,143.2992322500213,0.5532079958356917,0
6231,143.31238583300728,0.4705000319518149,0
6232,143.32544141600374,0.46070903772488236,0
6233,143.33726008300437,0.465832999907434,0
6234,143.3503388329991,0.30745804542675614,0
6235,143.36315858300077,0.27733301976695657,0
6236,143.37390245799907,0.24200003826990724,0
6237,143.3862087080488,0.32249995274469256,0
6238,143.3972846660181,0.3527920343913138,0
6239,143.4086285410449,0.26112498017027974,0
6240,143.42048504104605,0.24129200028255582,0
6241,143.43326916603837,0.19108399283140898,0
6242,143.44602800003486,0.20987499738112092,0
6243,143.45878225000342,0.22658304078504443,0
6244,143.46952687500743,0.2050410257652402,0
6245,143.48227979103103,0.3301670076325536,0
6246,143.49516141600907,0.39250002009794116,0
6247,143.50811545801116,1.316458045039326,0
6248,143.52117454103427,0.2673339913599193,0
6249,143.53398675000062,0.2335830358788371,0
6250,143.54680133302463,0.23854197934269905,0
6251,143.55959708301816,0.22129202261567116,0
6252,143.57012816600036,0.2240000176243484,0
6253,143.58289587503532,0.22995797917246819,0
6254,143.59463595802663,0.21412502974271774,0
6255,143.60595058300532,0.2844170085154474,0
6256,143.6188136660494,0.31049997778609395,0
6257,143.63167212501867,0.31395803671330214,0
6258,143.64459208300104,0.38191705243662,0
6259,143.65591304103145,0.3777089877985418,0
6260,143.66756962501677,0.31879101879894733,0
6261,143.68042366602458,0.31816697446629405,0
6262,143.69328666600632,0.339167017955333,0
6263,143.70603950001532,0.5895830108784139,0
6264,143.71839416603325,0.38058398058637977,0
6265,143.72892012505326,0.4255409585312009,0
6266,143.74193070805632,,1
6267,143.8556400000234,,1
6268,143.96913183300057,,1
6269,144.08220050000818,,1
6270,144.19416125002317,,1
6271,144.30677741602995,0.7547499844804406,0
6272,144.32109008304542,0.579457962885499,0
6273,144.33426295802929,0.6040420266799629,0
6274,144.34597820800263,0.45258301543071866,0
6275,144.35902420803905,0.47270796494558454,0
6276,144.37078191601904,0.45958400005474687,0
6277,144.38386520801578,0.4130000015720725,0
6278,144.39519379101694,0.6155840237624943,0
6279,144.40623545803828,0.4104169784113765,0
6280,144.41687916603405,0.3313340130262077,0
6281,144.427442291053,0.416958995629102,0
6282,144.4404562500422,0.4416249576024711,0
6283,144.45293170801597,0.2710830303840339,0
6284,144.46697991603287,0.4253339720889926,0
6285,144.47999020805582,0.43833296513184905,0
6286,144.49301262502559,0.4842079943045974,0
6287,144.50524962501368,0.8681250037625432,0
6288,144.51811295800144,0.4890830023214221,0
6289,144.5294492910034,0.5066250450909138,0
6290,144.54085083300015,0.43766701128333807,0
6291,144.55386212503072,1.0060829808935523,0
6292,144.5658473750227,0.5162910092622042,0
6293,144.57844920805655,0.42420794488862157,0
6294,144.59142725000856,0.5648750229738653,0
6295,144.60245908302022,0.4688749904744327,0
6296,144.61712866602466,0.9867920307442546,0
6297,144.63070408301428,0.6306670256890357,0
6298,144.64390895800898,0.5687079974450171,0
6299,144.6566106660175,1.069209014531225,0
6300,144.66860008303775,0.3583749639801681,0
6301,144.68025308300275,0.4142500110901892,0
6302,144.6908539160504,0.4115839838050306,0
6303,144.7024913750356,0.46616600593551993,0
6304,144.7155291250092,0.3878750139847398,0
6305,144.72641825000755,0.4277499974705279,0
6306,144.73788237501867,0.44345803325995803,0
6307,144.75089658302022,0.7501249783672392,0
6308,144.76427608303493,0.6299999658949673,0
6309,144.77750908304006,0.2871250035241246,0
6310,144.78871387505205,0.2455829526297748,0
6311,144.8015097080497,0.29337499290704727,0
6312,144.81186558300396,0.16262504504993558,0
6313,144.8239234580542,0.21437497343868017,0
6314,144.83626929100137,0.5765840178355575,0
6315,144.84780708304606,0.34733297070488334,0
6316,144.8607247500331,0.3528749803081155,0
6317,144.87142791604856,0.24895899696275592,0
6318,144.88330283301184,0.1984999980777502,0
6319,144.89604733302258,0.24979200679808855,0
6320,144.90684233303182,1.05516699841246,0
6321,144.91916079103248,0.720334006473422,0
6322,144.9325125410105,0.4201669944450259,0
6323,144.94551720801974,0.3605830133892596,0
6324,144.95597958302824,0.14650000957772136,0
6325,144.96866016602144,0.19816699204966426,0
6326,144.98057320801308,0.25645800633355975,0
6327,144.99336329102516,0.30145898927003145,0
6328,145.00621808302822,0.36337500205263495,0
6329,145.01717437501065,0.1711660297587514,0
6330,145.02870433300268,0.1532500027678907,0
6331,145.03893379104557,0.21745898993685842,0
6332,145.05096545803826,0.3963749622926116,0
6333,145.06280295801116,0.20766700617969036,0
6334,145.073937750014,0.4361250321380794,0
6335,145.084678208048,0.6014999817125499,0
6336,145.09614445804618,0.43583300430327654,0
6337,145.1073362910538,0.22074999287724495,0
6338,145.11920733301667,0.2832920290529728,0
6339,145.1320453750086,0.39504101732745767,0
6340,145.14391454105498,0.28916698647663,0
6341,145.15597729105502,0.3534999559633434,0
6342,145.1665124160354,0.40483399061486125,0
6343,145.1774238330545,0.29220798751339316,0
6344,145.18824237503577,0.32679096329957247,0
6345,145.2001263750135,0.28012500843033195,0
6346,145.2119107080507,0.28779200511053205,0
6347,145.22378512501018,0.5095410160720348,0
6348,145.237494083005,0.4758330178447068,0
6349,145.24904104101006,0.4467500257305801,0
6350,145.26078962505562,0.5030409665778279,0
6351,145.27410345803946,0.45074999798089266,0
6352,145.28501295804745,0.49462495371699333,0
6353,145.2981190830469,0.5796249606646597,0
6354,145.31131179101067,0.5305000231601298,0
6355,145.32450016605435,0.694208953063935,0
6356,145.33795829105657,3.579083946533501,0
6357,145.3552648750483,0.6819999543949962,0
6358,145.36685550003313,0.6994580035097897,0
6359,145.38018191599986,,1
6360,145.49336908303667,,1
6361,145.60726020805305,,1
6362,145.72347670805175,0.7692499784752727,0
6363,145.73501633305568,0.2919169492088258,0
6364,145.74561545799952,0.5059580435045063,0
6365,145.758711958013,0.41750003583729267,0
6366,145.77132541604806,0.43104198994114995,0
6367,145.78312291600741,0.4318340215831995,0
6368,145.79613050003536,0.5323329824022949,0
6369,145.8088244580431,0.5076249944977462,0
6370,145.8219555830001,0.480000046081841,0
6371,145.83486516604898,0.3827500040642917,0
6372,145.84781550004845,0.46512496192008257,0
6373,145.8607813330018,0.39237504824995995,0
6374,145.87227062502643,0.4921660292893648,0
6375,145.88420791603858,0.31874998239800334,0
6376,145.89624187501613,0.4158330266363919,0
6377,145.9092473750352,0.4546659765765071,0
6378,145.9217143750284,0.5389999714680016,0
6379,145.9348160000518,0.45137497363612056,0
6380,145.947828666016,0.4552500322461128,0
6381,145.96085320803104,0.4842500202357769,0
6382,145.9739157910226,0.5723750218749046,0
6383,145.98659408302046,0.504958035890013,0
6384,145.9996522500296,0.441958021838218,0
6385,146.01180116605246,0.5905419820919633,0
6386,146.02494545804802,0.6056249840185046,0
6387,146.04244991601445,0.6295840139500797,0
6388,146.05568120803218,0.45541697181761265,0
6389,146.0687732080114,0.5188750219531357,0
6390,146.08199779101415,0.5444590351544321,0
6391,146.09411562501919,0.5481659900397062,0
6392,146.1072535830317,0.3452919772826135,0
6393,146.11846845800756,0.6564580253325403,0
6394,146.13143008301267,0.5360420327633619,0
6395,146.14216883300105,0.4371670074760914,0
6396,146.1552534160437,0.43166696559637785,0
6397,146.16827941604424,0.5401250091381371,0
6398,146.1814348330372,0.5487079615704715,0
6399,146.19387316604843,0.5447089788503945,0
6400,146.2070263750502,0.5120830028317869,0
6401,146.2177156660473,0.4830840043723583,0
6402,146.23081204103073,0.4878339823335409,0
6403,146.243111583055,0.5567079642787576,0
6404,146.256325125054,0.4338749567978084,0
6405,146.26938700000755,0.5889160092920065,0
6406,146.28260370803764,0.339832971803844,0
6407,146.29553295799997,0.48437505029141903,0
6408,146.30689591600094,0.3780000261031091,0
6409,146.3198411660269,0.3642090014182031,0
6410,146.3327819580445,0.4362079780548811,0
6411,146.3448762500193,0.4671660135500133,0
6412,146.35785150004085,0.4515830078162253,0
6413,146.36968120804522,0.24049996864050627,0
6414,146.38106650003465,0.21391600603237748,0
6415,146.3913430829998,0.28908305102959275,0
6416,146.404166250024,0.14241598546504974,0
6417,146.41454391600564,0.19650004105642438,0
6418,146.4264381660032,0.17912499606609344,0
6419,146.4390886660549,0.23224996402859688,0
6420,146.4518700830522,0.27249997947365046,0
6421,146.4647063750308,0.34600001526996493,0
6422,146.47636945801787,0.28195802588015795,0
6423,146.4892605000059,0.2532500075176358,0
6424,146.50204566604225,0.258374959230423,0
6425,146.51385950000258,0.2382500097155571,0
6426,146.52635916601866,0.26187498588114977,0
6427,146.5373918330297,0.1455830060876906,0
6428,146.55006858304841,0.3186249523423612,0
6429,146.56293320801342,0.3534170100465417,0
6430,146.57584262505407,0.5348330014385283,0
6431,146.5874314160319,0.4236249951645732,0
6432,146.6003939580405,0.40491699473932385,0
6433,146.61323183303466,0.5989579949527979,0
6434,146.62639600003604,0.5076659726910293,0
6435,146.6392922080122,0.789125042501837,0
6436,146.65245870803483,0.692749978043139,0
6437,146.66572283301502,,1
6438,146.77950600004988,,1
6439,146.89303241600282,,1
6440,147.00655933300732,,1
6441,147.11823920800816,,1
6442,147.23195520800073,,1
6443,147.34450825001113,,1
6444,147.4576087500318,,1
6445,147.57155808300013,,1
6446,147.68526600004407,0.4873329889960587,0
6447,147.69833016605116,0.38233399391174316,0
6448,147.71130470803473,0.2381670055910945,0
6449,147.724096458056,0.5856669740751386,0
6450,147.7369359160075,0.4319170257076621,0
6451,147.74992083304096,0.49420801224187016,0
6452,147.7624829999986,0.5346660036593676,0
6453,147.77452229103073,0.5169169744476676,0
6454,147.78626820800127,1.9048330141231418,0
6455,147.80098391603678,0.4706669715233147,0
6456,147.81401450000703,0.4082079976797104,0
6457,147.8267695410177,0.4959590150974691,0
6458,147.83925641601672,0.2906250301748514,0
6459,147.8521182500408,0.525208015460521,0
6460,147.86525508301565,0.5047920276410878,0
6461,147.87836133304518,0.4301249864511192,0
6462,147.8895103330142,0.2145830076187849,0
6463,147.90133195801172,0.468792044557631,0
6464,147.91440166602843,0.4974170005880296,0
6465,147.9252438750118,0.5592500092461705,0
6466,147.93629000004148,0.506040989421308,0
6467,147.94938620802714,0.3761670086532831,0
6468,147.96168429101817,,1
6469,148.07550400000764,,1
6470,148.18738108302932,,1
6471,148.30081312503899,,1
6472,148.412677291024,,1
6473,148.5247534160153,,1
6474,148.63866045803297,0.6936250138096511,0
6475,148.6519445410231,0.569417024962604,0
6476,148.66507483302848,0.4901249776594341,0
6477,148.67743900005007,0.47354097478091717,0
6478,148.68933333305176,0.6244999822229147,0
6479,148.70252929104026,1.1052089976146817,0
6480,148.7140425410471,1.2511249515227973,0
6481,148.72593725001207,0.37412502570077777,0
6482,148.73864058300387,0.28487504459917545,0
6483,148.7514808330452,0.44308300130069256,0
6484,148.76259383303113,0.3159170155413449,0
6485,148.77439191605663,0.36616699071601033,0
6486,148.78757104102988,0.785792013630271,0
6487,148.80093912500888,0.5081249983049929,0
6488,148.81239470804576,0.4453329602256417,0
6489,148.82494158303598,0.3216249751858413,0
6490,148.83608350000577,1.3374160043895245,0
6491,148.84826104104286,0.4609999596141279,0
6492,148.86130208300892,0.46133302384987473,0
6493,148.8743470000336,0.7825000211596489,0
6494,148.88626437500352,1.878666051197797,0
6495,148.89981929102214,0.46191702131181955,0
6496,148.91195787501056,0.4818330053240061,0
6497,148.92293766600778,0.4639590042643249,0
6498,148.93598275003023,4.878124978858978,0
6499,148.95421708305366,0.39662496419623494,0
6500,148.96718833304476,0.4771669628098607,0
6501,148.9801763750147,0.5066660232841969,0
6502,148.99327308300417,0.38162502460181713,0
6503,149.005600125005,1.3502500369213521,0
6504,149.01952941605123,1.2634589802473783,0
6505,149.03335987502942,0.4150409949943423,0
6506,149.0461337500019,0.540458015166223,0
6507,149.05859287502244,0.49883301835507154,0
6508,149.0691925000283,,1
6509,149.18263041600585,,1
6510,149.29648208303843,0.3323329729028046,0
6511,149.30934837501263,0.25954103330150247,0
6512,149.32213866600068,0.22545905085280538,0
6513,149.33490166603588,0.30670897103846073,0
6514,149.3473784160451,0.3884999896399677,0
6515,149.35850266600028,0.735500012524426,0
6516,149.37297608301742,0.7877500029280782,0
6517,149.38691762503004,0.6604579975828528,0
6518,149.40016850002576,0.5113329971209168,0
6519,149.41282095800852,0.7323750178329647,0
6520,149.42685029102722,,1
6521,149.53928295802325,,1
6522,149.65320095804054,,1
6523,149.76567633304512,,1
6524,149.87739970802795,,1
6525,149.99150029104203,,1
6526,150.10601379105356,,1
6527,150.21872929105302,,1
6528,150.3354323329986,,1
6529,150.45655141602037,,1
6530,150.56748650001828,,1
6531,150.68223158305045,,1
6532,150.79611754103098,,1
6533,150.90852591604926,,1
6534,151.02018433302874,,1
6535,151.13405404100195,,1
6536,151.24803050002083,,1
6537,151.3619264580193,,1
6538,151.47574379103025,,1
6539,151.5894297080231,0.4538330249488354,0
6540,151.6025922910194,0.29670901130884886,0
6541,151.61542920803186,0.2739169867709279,0
6542,151.62824150000233,0.27904100716114044,0
6543,151.63926833303412,0.5171250086277723,0
6544,151.65073175000725,0.27429102919995785,0
6545,151.66175200004363,0.34854101249948144,0
6546,151.6746366660227,0.238874985370785,0
6547,151.68583341600606,0.21841702982783318,0
6548,151.6985737910145,0.2155840047635138,0
6549,151.71130791603355,0.25874999118968844,0
6550,151.72409483301453,0.29379199258983135,0
6551,151.73792858305387,0.5481249536387622,0
6552,151.7485893330304,0.3290419699624181,0
6553,151.76111279102042,0.44712499948218465,0
6554,151.77301591605647,0.45070896157994866,0
6555,151.78483845799929,0.5765830283053219,0
6556,151.79807345801964,0.2347080153413117,0
6557,151.8108030000003,0.28370803920552135,0
6558,151.8236477910541,0.3468749928288162,0
6559,151.83425458305283,0.47095795162022114,0
6560,151.84614204103127,0.4620840190909803,0
6561,151.85800162504893,0.41274999966844916,0
6562,151.87363633303903,0.8970419876277447,0
6563,151.88717862503836,0.5037079681642354,0
6564,151.90029529103776,0.4188750172033906,0
6565,151.9113497500075,0.549832999240607,0
6566,151.9232075830223,0.42574998224154115,0
6567,151.93623137503164,0.9833750082179904,0
6568,151.9487452500034,0.692791014444083,0
6569,151.96179425000446,0.4895830061286688,0
6570,151.9744538750383,0.6283330149017274,0
6571,151.98629900004016,0.4653329961001873,0
6572,151.99936837505084,0.4322079475969076,0
6573,152.01203837501816,0.44537498615682125,0
6574,152.02261145802913,0.3191669820807874,0
6575,152.03549308300717,0.4095000331290066,0
6576,152.0478310410399,0.35554199712350965,0
6577,152.06075545802014,0.5004170234315097,0
6578,152.073827041022,0.4818750312551856,0
6579,152.08687741600443,0.31754199881106615,0
6580,152.0997470000293,0.2869999734684825,0
6581,152.11076616600621,0.26383402291685343,0
6582,152.1235868750373,0.3077079891227186,0
6583,152.13570195803186,0.35966699942946434,0
6584,152.14860979100922,0.40087499655783176,0
6585,152.16079525003443,0.5485829897224903,0
6586,152.17259433300933,0.42154203401878476,0
6587,152.18559437501244,0.46841602306813,0
6588,152.19653150002705,0.5845410050824285,0
6589,152.2084987910348,0.47016696771606803,0
6590,152.22086095804116,0.5260829930193722,0
6591,152.23318041604944,0.4562499816529453,0
6592,152.24620004103053,0.41145901195704937,0
6593,152.25851179100573,0.5347920232452452,0
6594,152.27160333300708,0.6380419945344329,0
6595,152.2848055830109,0.3880420117639005,0
6596,152.29598883300787,0.45783299719914794,0
6597,152.3079023330356,0.47575001372024417,0
6598,152.32055825000862,0.4505410324782133,0
6599,152.3335570000345,0.5223749903962016,0
6600,152.3466414580471,0.5560419522225857,0
6601,152.3573384580086,0.5457079969346523,0
6602,152.3699612080236,1.0166250285692513,0
6603,152.383540208044,0.5304999649524689,0
6604,152.39665695803706,0.4480829811654985,0
6605,152.40770829102257,0.46433397801592946,0
6606,152.42078154103365,0.30754198087379336,0
6607,152.43181512504816,0.24645798839628696,0
6608,152.44370804104256,0.220416986849159,0
6609,152.45647225005087,0.17670798115432262,0
6610,152.46876066603,0.16499997582286596,0
6611,152.48146475001704,0.26887503918260336,0
6612,152.49428379104938,0.2814589533954859,0
6613,152.50553100003162,0.3030410152859986,0
6614,152.5183810000308,0.1830830005928874,0
6615,152.5290954580414,0.1873329747468233,0
6616,152.54096300003584,0.16833300469443202,0
6617,152.55242066603387,0.13033399591222405,0
6618,152.56450712500373,0.25645800633355975,0
6619,152.5752352499985,2.093833056278527,0
6620,152.58997787500266,0.4514580359682441,0
6621,152.60078920802334,0.379666977096349,0
6622,152.61374333302956,0.5648750229738653,0
6623,152.6249030000181,0.21600001491606236,0
6624,152.6376704160357,0.2067089662887156,0
6625,152.64880720805377,0.21462497534230351,0
6626,152.65909591602394,0.2626670175231993,0
6627,152.67191862501204,0.3898750292137265,0
6628,152.68341179104755,0.34549995325505733,0
6629,152.6941117500537,0.25245797587558627,0
6630,152.70454925001832,0.202000024728477,0
6631,152.71729858301114,0.22766704205423594,0
6632,152.73007229104405,0.2322089858353138,0
6633,152.74285566603066,0.32287498470395803,0
6634,152.75498408300336,0.23291702382266521,0
6635,152.766885500052,0.22499996703118086,0
6636,152.77966695802752,0.2693330170586705,0
6637,152.7918345410144,0.3118750173598528,0
6638,152.80352808302268,0.656625023111701,0
6639,152.81583895802032,0.4250829806551337,0
6640,152.82886033301475,0.12608303222805262,0
6641,152.84061270800885,0.35616703098639846,0
6642,152.85352629103,0.1794170239008963,0
6643,152.86624108301476,0.30170800164341927,0
6644,152.87910154100973,0.27341704117134213,0
6645,152.89195745805046,0.4868749529123306,0
6646,152.9049992080545,0.4659579717554152,0
6647,152.91805058304453,0.4552080063149333,0
6648,152.9291493750061,0.8114580414257944,0
6649,152.94155412504915,0.46333298087120056,0
6650,152.95259341603378,0.4979589721187949,0
6651,152.96509487502044,0.3743330016732216,0
6652,152.9770909580402,0.3541670157574117,0
6653,152.98763529100688,0.39458402898162603,0
6654,152.9994923750055,0.33145799534395337,0
6655,153.01445095799863,2.305625006556511,0
6656,153.02745870803483,0.4190829931758344,0
6657,153.03967487503542,0.32699998700991273,0
6658,153.05256041605026,0.1685839961282909,0
6659,153.0640458750422,0.18654100131243467,0
6660,153.07437483302783,0.11974998051300645,0
6661,153.08625983301317,0.34908304223790765,0
6662,153.09818104101578,0.3802090068347752,0
6663,153.1111370830331,0.37804199382662773,0
6664,153.12407029099995,0.34108402905985713,0
6665,153.13578904099995,0.6137920427136123,0
6666,153.14896775002126,0.3445830079726875,0
6667,153.16185987502104,0.33537502167746425,0
6668,153.17426266602706,0.3025420010089874,0
6669,153.1871092080255,0.2834579790942371,0
6670,153.19900308304932,0.31345797469839454,0
6671,153.2117702080286,0.27179199969395995,0
6672,153.2245842910488,0.2633749973028898,0
6673,153.23741533304565,0.2691249828785658,0
6674,153.2502252080012,0.23962504928931594,0
6675,153.26300229103072,0.2505839802324772,0
6676,153.275791166001,0.31391700031235814,0
6677,153.28864770801738,0.30454201623797417,0
6678,153.30149704101495,0.29895902844145894,0
6679,153.31433737504994,0.26354100555181503,0
6680,153.32493620802416,0.28604199178516865,0
6681,153.3377634580247,0.2411670284345746,0
6682,153.35057254100684,0.22562500089406967,0
6683,153.36336966603994,0.23441697703674436,0
6684,153.3761464160052,0.3144170041196048,0
6685,153.38901425001677,0.2607500064186752,0
6686,153.40163141605444,0.2698339521884918,0
6687,153.41444733302342,0.2563329762779176,0
6688,153.4272458330379,0.24708296405151486,0
6689,153.44005141605157,0.26249996153637767,0
6690,153.45285941602197,,1
6691,153.5665809160564,,1
6692,153.67974099999992,0.3322080010548234,0
6693,153.69261345802806,0.24533300893381238,0
6694,153.70538200001465,0.15233299927785993,0
6695,153.7180557080428,0.17099996330216527,0
6696,153.73077437502798,0.25583297247067094,0
6697,153.74357950000558,0.1789160305634141,0
6698,153.7560555000091,0.2080830163322389,0
6699,153.76881600002525,0.32233301317319274,0
6700,153.77999083301984,0.44754199916496873,0
6701,153.79299975000322,0.3790410119108856,0
6702,153.8059325410286,0.30562502797693014,0
6703,153.81752100004815,0.3250829759053886,0
6704,153.82908729102928,0.30216702725738287,0
6705,153.8419504580088,0.27483300073072314,0
6706,153.85305575001985,0.3572080167941749,0
6707,153.865203207999,0.27558300644159317,0
6708,153.87762600003043,0.22816599812358618,0
6709,153.89039133302867,0.311999989207834,0
6710,153.90324225003133,0.36408298183232546,0
6711,153.91589904105058,0.4868749529123306,0
6712,153.92894637503196,0.49520801985636353,0
6713,153.94084441603627,0.21479197312146425,0
6714,153.95286300004227,0.18679100321605802,0
6715,153.96500062500127,,1
6716,154.07870025001466,,1
6717,154.19199937500525,,1
6718,154.30289825005457,,1
6719,154.41508391604293,,1
6720,154.52743825002108,,1
6721,154.64038279105444,,1
6722,154.75177312502638,0.40279101813212037,0
6723,154.76281425001798,0.41512498864904046,0
6724,154.77508500003023,0.4981249803677201,0
6725,154.78578279103385,0.36762497620657086,0
6726,154.79870758304605,0.4741669981740415,0
6727,154.81026525003836,0.4641250125132501,0
6728,154.82259983301628,0.3653750172816217,0
6729,154.8340959160123,2.0384170347824693,0
6730,154.84635545802303,,1
6731,154.96028741600458,,1
6732,155.07361675001448,0.2911250339820981,0
6733,155.08647700003348,0.4333329852670431,0
6734,155.09951954102144,0.5592090310528874,0
6735,155.1107990000164,0.461166026070714,0
6736,155.12384608300636,0.33845804864540696,0
6737,155.13491975003853,0.49954099813476205,0
6738,155.14802104100818,0.6086670327931643,0
6739,155.16077841602964,0.5130839999765158,0
6740,155.1738941250369,,1
6741,155.28573991602752,,1
6742,155.3979552500532,0.6277909851633012,0
6743,155.4107879580115,0.48616703134030104,0
6744,155.42366362502798,0.38545799907296896,0
6745,155.43664404103765,0.5255839787423611,0
6746,155.44977691600798,0.5934170330874622,0
6747,155.4611174580059,0.39370800368487835,0
6748,155.47165850002784,0.26608299231156707,0
6749,155.4828661660431,,1
6750,155.59337837505154,0.47374999849125743,0
6751,155.60595820803428,0.5107920151203871,0
6752,155.6190775410505,0.416958995629102,0
6753,155.63094579102471,0.4611670156009495,0
6754,155.64276908303145,0.605583016294986,0
6755,155.65600775001803,0.6401659920811653,0
6756,155.66927416605176,0.5264169885776937,0
6757,155.68252737500006,0.4707910120487213,0
6758,155.69366550003178,0.3700000233948231,0
6759,155.7066302500316,0.423832971137017,0
6760,155.72088679100852,1.3643749989569187,0
6761,155.73485504102428,0.5063340067863464,0
6762,155.74796383304056,0.4463329678401351,0
6763,155.7609235830023,2.173667016904801,0
6764,155.77630787499947,0.6554580177180469,0
6765,155.78753487503855,0.46383298467844725,0
6766,155.80047858302714,0.40208298014476895,0
6767,155.81124079105211,0.30637497548013926,0
6768,155.8240884160041,0.2726250095292926,0
6769,155.83689483301714,0.30100002186372876,0
6770,155.84974516602233,0.3457919810898602,0
6771,155.8626207910129,0.2690840046852827,0
6772,155.87544754100963,0.28662499971687794,0
6773,155.8877262910246,0.4568339791148901,0
6774,155.90077991603175,0.5362500087358057,0
6775,155.91396375000477,0.6527500227093697,0
6776,155.92741183302132,1.3153330073691905,0
6777,155.9410923329997,0.5713330465368927,0
6778,155.9531003330485,0.6485829944722354,0
6779,155.96636962500634,0.7643750286661088,0
6780,155.9800827500294,0.7585000130347908,0
6781,155.99294475000352,0.5398750072345138,0
6782,156.00611316604773,2.1858749678358436,0
6783,156.02212929102825,1.0146669810637832,0
6784,156.03584104101174,0.5867500440217555,0
6785,156.04903362505138,0.5067909951321781,0
6786,156.0621607080102,0.5722080240957439,0
6787,156.07536691601854,0.5861670360900462,0
6788,156.08856795803877,0.3808749606832862,0
6789,156.10155195801053,0.5755420424975455,0
6790,156.1129206660553,0.4129169974476099,0
6791,156.12594554101815,0.744541990570724,0
6792,156.1387042500428,0.42883300920948386,0
6793,156.15172341605648,0.6322499830275774,0
6794,156.16383162501734,0.5391250015236437,0
6795,156.17706804105546,0.6968749803490937,0
6796,156.1881698750076,0.5347910337150097,0
6797,156.20132470800309,0.5137500120326877,0
6798,156.2120412500226,0.6742909899912775,0
6799,156.22543812502408,0.5377079942263663,0
6800,156.23704887501663,0.5326659884303808,0
6801,156.24800083303126,0.5577079718932509,0
6802,156.2599112910102,0.5058750393800437,0
6803,156.27302170800976,0.5488329916261137,0
6804,156.28617933305213,0.5736249731853604,0
6805,156.29941137501737,0.5393750034272671,0
6806,156.31108458305243,0.6028329953551292,0
6807,156.3243167080218,0.5234580021351576,0
6808,156.33745541604003,0.513250008225441,0
6809,156.35055075003766,0.36337500205263495,0
6810,156.36132945801364,0.48275000881403685,0
6811,156.3722454160452,0.43462496250867844,0
6812,156.38527770800283,0.5342500517144799,0
6813,156.3979819160304,0.5360000068321824,0
6814,156.41111983300652,0.5148750497028232,0
6815,156.42262079101056,0.45891699846833944,0
6816,156.43363287503598,,1
6817,156.54624741600128,0.5616249982267618,0
6818,156.55811383301625,0.6089170346967876,0
6819,156.57138400000986,0.5422080284915864,0
6820,156.58419200003846,0.49883296014741063,0
6821,156.59513562504435,0.5908749881200492,0
6822,156.60729029105278,0.42395899072289467,0
6823,156.6195926660439,0.4414999857544899,0
6824,156.63259616604773,0.40183396777138114,0
6825,156.6432294580154,0.5151670193299651,0
6826,156.65632295800606,0.47266704495996237,0
6827,156.66936787503073,0.38470799336209893,0
6828,156.68004033301258,0.40254200575873256,0
6829,156.6907211660291,0.4285419709049165,0
6830,156.70471550000366,0.44470804277807474,0
6831,156.71775791601976,0.4295000107958913,0
6832,156.73078445805004,0.6103329942561686,0
6833,156.74183729104698,0.5621250020340085,0
6834,156.7549805000308,0.46983297215774655,0
6835,156.76804258301854,0.6324169808067381,0
6836,156.78130037500523,0.6718329968862236,0
6837,156.79412379104178,0.6110839894972742,0
6838,156.8073223750107,1.2746250140480697,0
6839,156.82338187500136,1.4113750075921416,0
6840,156.8390034160111,0.4266670439392328,0
6841,156.84957979101455,0.5072500207461417,0
6842,156.86176216602325,0.7576249772682786,0
6843,156.87510245805606,0.5691669648513198,0
6844,156.8862587910262,0.4645839799195528,0
6845,156.898370791052,0.42808399302884936,0
6846,156.90967729105614,0.2459999523125589,0
6847,156.92097766604275,0.2275420119985938,0
6848,156.9319315830362,0.2654169802553952,0
6849,156.94394870800897,0.31283299904316664,0
6850,156.9545322910417,0.3082089824602008,0
6851,156.96741833304986,0.3400829737074673,0
6852,156.97818850004114,0.49899995792657137,0
6853,156.99127850000514,0.34850003430619836,0
6854,157.00294383300934,0.46800001291558146,0
6855,157.01588937500492,0.4439160111360252,0
6856,157.02759412501473,0.5127080366946757,0
6857,157.04071920801653,0.42508303886279464,0
6858,157.05251800001133,0.600875006057322,0
6859,157.06500362500083,0.5247080116532743,0
6860,157.07814295805292,0.5117919645272195,0
6861,157.09268262505066,0.49591599963605404,0
6862,157.10383712500334,0.4700410063378513,0
6863,157.11454170802608,0.48745801905170083,0
6864,157.12760762503603,0.3070830134674907,0
6865,157.14048600004753,0.36708300467580557,0
6866,157.1515582500142,0.4071249859407544,0
6867,157.1622462500236,0.5311659770086408,0
6868,157.17534391605295,0.4314169636927545,0
6869,157.18837979104137,0.49462501192465425,0
6870,157.20104716601782,0.5109999910928309,0
6871,157.21307837503264,0.26841601356863976,0
6872,157.22509883303428,0.34562498331069946,0
6873,157.23624500003643,0.2502909628674388,0
6874,157.24905979103642,0.2589999930933118,0
6875,157.25975279102568,0.3165840171277523,0
6876,157.27262520801742,0.41320803575217724,0
6877,157.28559358301573,0.43420802103355527,0
6878,157.29617204103852,0.4302919842302799,0
6879,157.30915933300275,0.34716702066361904,0
6880,157.32167904102243,0.40616700425744057,0
6881,157.33354266604874,0.29624998569488525,0
6882,157.34545200003777,0.5290409899316728,0
6883,157.35857600002782,0.46262500109151006,0
6884,157.37111662502866,0.26483298279345036,0
6885,157.3828367080423,0.3085829666815698,0
6886,157.3957107080496,0.3059579757973552,0
6887,157.40856983303092,0.2772919833660126,0
6888,157.42139525001403,0.2904580323956907,0
6889,157.43423529103165,0.2792089944705367,0
6890,157.44573895802023,0.23574999067932367,0
6891,157.45631766604492,0.23912498727440834,0
6892,157.46814504102804,0.18970901146531105,0
6893,157.48086962505477,0.26370794512331486,0
6894,157.49367183301365,0.3683330141939223,0
6895,157.50653791602235,0.4230840131640434,0
6896,157.52041770803044,3.412374993786216,0
6897,157.53598008304834,0.47108298167586327,0
6898,157.55053891602438,0.507500022649765,0
6899,157.56366174999857,0.6010410143062472,0
6900,157.5752927910071,0.48991700168699026,0
6901,157.58622066600947,0.5178750143386424,0
6902,157.5993641660316,0.5373340100049973,0
6903,157.61181462503737,0.6018329877406359,0
6904,157.622735416051,0.5120839923620224,0
6905,157.6357782080304,0.5772499716840684,0
6906,157.64898754103342,0.5951669882051647,0
6907,157.6617647910025,0.57125004241243,0
6908,157.67493037501117,0.4369160160422325,0
6909,157.68794350000098,0.34504104405641556,0
6910,157.7008821250056,0.5814160103909671,0
6911,157.71405987505568,0.4034579615108669,0
6912,157.7264253750327,0.34245802089571953,0
6913,157.736835541029,0.33520901342853904,0
6914,157.74803895800142,0.4532920429483056,0
6915,157.76106275001075,0.49591599963605404,0
6916,157.77412454102887,0.47141697723418474,0
6917,157.78715279104654,0.41616696398705244,0
6918,157.79944691603305,0.4532500170171261,0
6919,157.81113054102752,0.43879199074581265,0
6920,157.82411258301,0.4455000162124634,0
6921,157.83686095802113,0.5247920053079724,0
6922,157.8499487080262,0.5050830077379942,0
6923,157.86266491602873,0.32824999652802944,0
6924,157.87557304103393,0.3331669722683728,0
6925,157.88690070802113,0.2770830178633332,0
6926,157.89972570800455,0.4195829969830811,0
6927,157.91121533303522,0.4094999749213457,0
6928,157.92417566600488,0.4305840120650828,0
6929,157.93520745803835,0.45250001130625606,0
6930,157.9472912910278,0.36795897176489234,0
6931,157.9578832910047,0.2279590116813779,0
6932,157.970642958011,0.27304200921207666,0
6933,157.98343875003047,0.21137500880286098,0
6934,157.99616450001486,0.17054099589586258,0
6935,158.00884845800465,0.23158302064985037,0
6936,158.02160112501588,0.19212503684684634,0
6937,158.03433554101503,0.3360839909873903,0
6938,158.04621233302169,0.3203750238753855,0
6939,158.0591021660366,0.35558396484702826,0
6940,158.07202004099963,0.38162502460181713,0
6941,158.0849600000074,0.38120802491903305,0
6942,158.09728495799936,0.40487502701580524,0
6943,158.11024920805357,0.3917079884558916,0
6944,158.1211820000317,0.32416597241535783,0
6945,158.13338233303512,0.45125000178813934,0
6946,158.1451641660533,0.4746670019812882,0
6947,158.15696016600123,0.5080000264570117,0
6948,158.16878220799845,0.57591701624915,0
6949,158.1813608330558,0.4830419784411788,0
6950,158.19441350002307,0.4290000069886446,0
6951,158.20741137501318,0.46270800521597266,0
6952,158.22044112504227,0.5984579911455512,0
6953,158.23116100003244,0.5325410165823996,0
6954,158.24179187504342,0.4843329661525786,0
6955,158.2540917500155,0.443791039288044,0
6956,158.26621329103364,0.3399999695830047,0
6957,158.2784460830153,0.27837499510496855,0
6958,158.2912555000512,0.19179098308086395,0
6959,158.30408462503692,0.14129100600257516,0
6960,158.3167395000346,0.1420410117134452,0
6961,158.3294036660227,0.15133398119360209,0
6962,158.34208987501916,0.31849998049438,0
6963,158.35495595802786,0.3138749743811786,0
6964,158.3678092910559,0.2364999963901937,0
6965,158.38056487502763,0.24858297547325492,0
6966,158.3933387910365,0.1740839798003435,0
6967,158.40603733301396,0.16970798606052995,0
6968,158.41871941601858,0.20945898722857237,0
6969,158.4314507500385,0.26116601657122374,0
6970,158.44341766601428,0.20941701950505376,0
6971,158.45614600001136,0.18337502842769027,0
6972,158.46884758304805,0.20704197231680155,0
6973,158.4815744580119,0.22229203023016453,0
6974,158.49431495805038,0.24345796555280685,0
6975,158.50706945802085,0.27600000612437725,0
6976,158.51986487500835,,1
6977,158.6348127500387,,1
6978,158.74868795805378,0.48645795322954655,0
6979,158.75978237501113,,1
6980,158.87145883304765,,1
6981,158.98336379101966,,1
6982,159.09628108300967,,1
6983,159.21027941600187,,1
6984,159.32270783302374,,1
6985,159.43536295800004,,1
6986,159.55494320800062,,1
6987,159.66928870801348,,1
6988,159.78230041603092,,1
6989,159.89647266600514,,1
6990,160.01021558302455,,1
6991,160.1208705410245,,1
6992,160.23463004099904,,1
6993,160.3483530000085,0.4770830273628235,0
6994,160.35934466600884,0.38108404260128736,0
6995,160.3723215830396,0.435416994150728,0
6996,160.38534958305536,0.6165419472381473,0
6997,160.39661637501558,0.5959160043857992,0
6998,160.41006591601763,0.43179199565202,0
6999,160.423080083041,0.38004200905561447,0
7000,160.43610620801337,1.157167018391192,0
7001,160.4498434580164,0.43399998685345054,0
7002,160.4605094580329,0.5015829810872674,0
7003,160.47395541600417,0.6227919948287308,0
7004,160.48751550004818,0.3268749569542706,0
7005,160.4997925000498,0.5587500054389238,0
7006,160.51296779100085,0.5821670056320727,0
7007,160.52621216600528,0.4949170397594571,0
7008,160.53715479100356,0.5107090109959245,0
7009,160.5489930830081,0.4092919989489019,0
7010,160.56197333300952,0.3606670070439577,0
7011,160.57491295802174,0.3303330158814788,0
7012,160.58559979102574,0.721000018529594,0
7013,160.59893429104704,0.5434589693322778,0
7014,160.612082458043,0.4671249771490693,0
7015,160.6231723750243,0.2514580264687538,0
7016,160.63610475003952,0.6530410028062761,0
7017,160.6469432080048,0.5105420132167637,0
7018,160.65777133300435,0.3323330311104655,0
7019,160.66918854101095,0.1937500201165676,0
7020,160.6819507080363,0.542874971870333,0
7021,160.69514870800776,0.5884169950149953,0
7022,160.7078268750338,0.3489580121822655,0
7023,160.71959820803022,0.2815829939208925,0
7024,160.73016270803055,0.44816697482019663,0
7025,160.74319254100556,0.35625003511086106,0
7026,160.75593475002097,0.39474997902289033,0
7027,160.76889941602712,0.40954200085252523,0
7028,160.77939375001006,0.37175003672018647,0
7029,160.79084766603773,0.44599996181204915,0
7030,160.80446908302838,0.5039579700678587,0
7031,160.81669754104223,0.7644589641131461,0
7032,160.8294662500266,0.5002910038456321,0
7033,160.84125774999848,0.7086250116117299,0
7034,160.85210954101058,0.48816698836162686,0
7035,160.86554937501205,0.541541026905179,0
7036,160.87744833301986,0.4865829832851887,0
7037,160.88928829104407,,1
7038,161.00161245802883,,1
7039,161.11336070805555,,1
7040,161.2263772910228,,1
7041,161.33844079100527,,1
7042,161.4523032080033,0.4462079959921539,0
7043,161.4635958330473,0.38641697028651834,0
7044,161.47544729104266,0.4701249999925494,0
7045,161.48809275001986,0.3079579910263419,0
7046,161.50092200003564,0.5842499667778611,0
7047,161.51407470804406,0.4302919842302799,0
7048,161.52648962504463,0.4272499936632812,0
7049,161.53805600001942,0.2906660083681345,0
7050,161.54842608305626,0.4089169669896364,0
7051,161.55987370799994,0.5027080187574029,0
7052,161.5729955410352,0.45612500980496407,0
7053,161.58555270801298,0.43154199374839664,0
7054,161.59856404102175,0.43445901246741414,0
7055,161.61109100002795,0.4469159757718444,0
7056,161.62293908302672,0.3855419927276671,0
7057,161.63580883300165,0.42637501610442996,0
7058,161.6497345000389,0.46012498205527663,0
7059,161.6607763330103,0.4220000118948519,0
7060,161.6723526660353,0.3922089817933738,0
7061,161.685332166031,0.46029197983443737,0
7062,161.69876954104984,0.4005839582532644,0
7063,161.711798541015,0.7261669961735606,0
7064,161.7251105410396,0.37575000897049904,0
7065,161.73591475002468,1.2334160273894668,0
7066,161.74729145801393,0.37816702388226986,0
7067,161.7602592080366,,1
7068,161.87265716603724,0.7886670064181089,0
7069,161.88615750003373,0.8878330118022859,0
7070,161.8996633750503,0.6944999913685024,0
7071,161.91297212505015,0.7409579702652991,0
7072,161.926308041031,0.5592089728452265,0
7073,161.93938704102766,0.7247499888762832,0
7074,161.95060050004395,0.7017079624347389,0
7075,161.96390137501294,0.5912500200793147,0
7076,161.97633112501353,0.5754160229116678,0
7077,161.98932754102862,1.6817499999888241,0
7078,162.00294850004138,0.7065829704515636,0
7079,162.01472795801237,0.6996250012889504,0
7080,162.02591062500142,0.4262910224497318,0
7081,162.03961066604825,0.709791958797723,0
7082,162.05203875002917,0.5172499804757535,0
7083,162.06427712499863,0.4252500366419554,0
7084,162.07610612502322,0.438000017311424,0
7085,162.0886243749992,1.6330410144291818,0
7086,162.10061812505592,,1
7087,162.21452316601062,,1
7088,162.3265034580254,,1
7089,162.4380813750322,,1
7090,162.55191516602645,,1
7091,162.66460220800946,0.6491669919341803,0
7092,162.67785175004974,0.29083300614729524,0
7093,162.69070700003067,0.3092080005444586,0
7094,162.7015165410121,0.29370898846536875,0
7095,162.71437504101777,0.2833750331774354,0
7096,162.72655350004788,,1
7097,162.84036412503337,,1
7098,162.954240416002,,1
7099,163.0696275830269,,1
7100,163.18721641600132,,1
7101,163.30113479105057,,1
7102,163.4134294160176,,1
7103,163.52679762500338,0.7359580486081541,0
7104,163.54013354104245,0.8876670035533607,0
7105,163.5548846660531,1.3921670033596456,0
7106,163.5671811250504,0.609499984420836,0
7107,163.57792495802278,0.568667019251734,0
7108,163.5909037910169,0.7461670320481062,0
7109,163.60466058301972,0.63158298144117,0
7110,163.61791162501322,,1
7111,163.73173716600286,,1
7112,163.84539416601183,,1
7113,163.95913712499896,,1
7114,164.07286995800678,,1
7115,164.18578450003406,0.637791003100574,0
7116,164.1990782910143,0.5376670160330832,0
7117,164.21219979104353,0.5312089924700558,0
7118,164.22531741601415,0.5043339915573597,0
7119,164.23735245800344,0.6139580509625375,0
7120,164.2505451250472,0.48995797988027334,0
7121,164.26360754104098,0.4639169783331454,0
7122,164.27663933305303,,1
7123,164.38983966602245,,1
7124,164.50370854104403,,1
7125,164.6181766660302,,1
7126,164.7321096660453,,1
7127,164.84603850002168,0.47104101395234466,0
7128,164.85749454103643,0.6610419950447977,0
7129,164.86935662501492,1.7600409919396043,0
7130,164.8837866250542,0.4301249864511192,0
7131,164.89510266605066,0.5894170026294887,0
7132,164.90826950001065,0.5351250292733312,0
7133,164.92081908305408,0.47983299009501934,0
7134,164.93313691602089,0.47575001372024417,0
7135,164.94489383301698,0.6578330066986382,0
7136,164.95829350000713,0.620416016317904,0
7137,164.97110875003273,0.7554159965366125,0
7138,164.98247250000713,0.393458001781255,0
7139,164.9941602080362,0.4861669731326401,0
7140,165.0072231250233,0.4380830214358866,0
7141,165.01960225001676,0.3635830362327397,0
7142,165.0325433750404,0.284832960460335,0
7143,165.04369150003185,0.28558302437886596,0
7144,165.0565526660066,0.5030840402469039,0
7145,165.07062341604615,0.49587496323511004,0
7146,165.0839210000122,0.6407080218195915,0
7147,165.0971675000037,0.5470000323839486,0
7148,165.10895475000143,0.4931250005029142,0
7149,165.1220449579996,0.4575830535031855,0
7150,165.1350981250289,0.48524996964260936,0
7151,165.14816679101204,0.508208991959691,0
7152,165.1612390000373,0.48283301293849945,0
7153,165.17236533301184,0.5449579912237823,0
7154,165.18546162504936,,1
7155,165.29942150000716,,1
7156,165.41163795802277,,1
7157,165.52553295803955,0.5829579895362258,0
7158,165.5390095410403,0.7288340129889548,0
7159,165.55235845805146,3.8407499669119716,0
7160,165.56790558301145,0.582750013563782,0
7161,165.58107520802878,0.643917010165751,0
7162,165.59313170803944,0.6331669865176082,0
7163,165.60632837505545,0.5094999796710908,0
7164,165.61922983301338,0.23620802676305175,0
7165,165.63033454102697,0.4497920162975788,0
7166,165.64338958304143,0.4212500061839819,0
7167,165.65539954102132,0.37641701055690646,0
7168,165.66635154100368,0.35029201535508037,0
7169,165.67820250004297,0.39383297553285956,0
7170,165.68985100003192,0.5084580043330789,0
7171,165.70286970800953,1.7434170003980398,0
7172,165.7171882080147,0.474542030133307,0
7173,165.72910741600208,0.6707920110784471,0
7174,165.74068000004627,0.64504100009799,0
7175,165.75293100002455,1.5323749976232648,0
7176,165.7670345410006,0.5562920123338699,0
7177,165.78017929103225,,1
7178,165.89439862500876,,1
7179,166.0072637910489,0.6588749820366502,0
7180,166.02040954102995,0.4407920059747994,0
7181,166.03343554103049,0.39345899131149054,0
7182,166.0463937500026,0.359458033926785,0
7183,166.0569185000495,0.4159579984843731,0
7184,166.06989212502958,0.40908297523856163,0
7185,166.08286620804574,0.4391249967738986,0
7186,166.0956252910546,0.345999957062304,0
7187,166.10853708302602,0.4915830213576555,0
7188,166.12117933301488,0.39358303183689713,0
7189,166.13414350000676,0.39120804285630584,0
7190,166.14710091601592,,1
7191,166.26094350003405,,1
7192,166.3750178750488,,1
7193,166.48876341601135,,1
7194,166.6020314580528,,1
7195,166.71570795803564,0.33783301478251815,0
7196,166.7275896250503,0.4641249543055892,0
7197,166.7382309579989,0.5400000372901559,0
7198,166.75142825004878,0.5799159989692271,0
7199,166.76462125004036,0.6145410006865859,0
7200,166.77750758302864,1.0830829851329327,0
7201,166.78892704105237,0.5520419799722731,0
7202,166.8020627500373,0.5422499962151051,0
7203,166.81494883302366,0.5853329785168171,0
7204,166.82813654100755,0.6072919932194054,0
7205,166.84142012504162,0.5627499776892364,0
7206,166.8526641660137,0.5612089880742133,0
7207,166.8643594160094,0.7798750302754343,0
7208,166.87792520801304,0.7361670141108334,0
7209,166.89032508304808,0.5236669676378369,0
7210,166.90261541603832,0.512500002514571,0
7211,166.91511262505082,0.4628329770639539,0
7212,166.9274403330055,0.4259580164216459,0
7213,166.94044016604312,0.5548339686356485,0
7214,166.95343583304202,0.47345797065645456,0
7215,166.96648137504235,0.797040993347764,0
7216,166.97951854101848,0.6249590078368783,0
7217,166.99255083303433,0.5449579912237823,0
7218,167.00567233300535,0.8037080406211317,0
7219,167.01782695803558,0.6887500057928264,0
7220,167.03111945802812,0.6608329713344574,0
7221,167.04411308304407,0.48699998296797276,0
7222,167.05549758300185,,1
7223,167.1682780830306,1.0947079863399267,0
7224,167.17981604102533,0.6451670196838677,0
7225,167.1930667910492,0.5083750002086163,0
7226,167.20615325000836,0.38129102904349566,0
7227,167.21911462501157,0.3968750243075192,0
7228,167.23211487504886,0.5497079691849649,0
7229,167.2441154580447,0.5024579586461186,0
7230,167.25717083300697,0.4320000298321247,0
7231,167.27017958305078,0.49000000581145287,0
7232,167.28326512500644,0.6832500221207738,0
7233,167.29527370800497,0.5549580091610551,0
7234,167.30616645800183,1.0781250311993062,0
7235,167.3198087500059,0.4776249988935888,0
7236,167.3328513330198,0.39075000677257776,0
7237,167.3457387080416,0.5439170054160058,0
7238,167.35885270801373,0.45116699766367674,0
7239,167.3715150830103,0.5483330460265279,0
7240,167.38467037503142,0.5455830250866711,0
7241,167.3978196660173,0.5019590025767684,0
7242,167.4108000830165,0.8573750383220613,0
7243,167.4230206250213,0.6356249796226621,0
7244,167.43623870803276,0.5535419913940132,0
7245,167.44947354105534,0.4484589444473386,0
7246,167.4625259580207,0.5283330101519823,0
7247,167.4745907910401,0.4403339698910713,0
7248,167.48599041602574,0.6081670289859176,0
7249,167.4991900830064,0.5256250151433051,0
7250,167.5098696660134,0.48258400056511164,0
7251,167.5204681660398,0.41262496961280704,0
7252,167.53359800000908,0.4990830202586949,0
7253,167.54669104103232,0.4352920223027468,0
7254,167.56030716601526,1.2282500392757356,0
7255,167.57439908303786,0.24633301654830575,0
7256,167.58766966604162,0.2749169943854213,0
7257,167.5986152080004,0.3172080032527447,0
7258,167.6093186250073,0.2644580090418458,0
7259,167.62020237505203,0.3513330011628568,0
7260,167.63131437503034,0.2513329964131117,0
7261,167.6441227910109,0.26654201792553067,0
7262,167.65581424999982,0.293583027087152,0
7263,167.66867187502794,0.46141602797433734,0
7264,167.6817049580277,0.37641701055690646,0
7265,167.6946817500284,0.47979102237150073,0
7266,167.70659575000172,0.4535409971140325,0
7267,167.7195974580245,0.2376670017838478,0
7268,167.73239270801423,0.26183301815763116,0
7269,167.74523095804034,0.3232919843867421,0
7270,167.75707833300112,0.2737500471994281,0
7271,167.76892554102233,0.2102500293403864,0
7272,167.78167983301682,0.3400000277906656,0
7273,167.7941170000122,0.2947910106740892,0
7274,167.80696529103443,0.46595901949331164,0
7275,167.81898704101332,0.3516669967211783,0
7276,167.83027979102917,0.40004198672249913,0
7277,167.8418875830248,0.40983298094943166,0
7278,167.85286183300195,0.33666699891909957,0
7279,167.86561587505275,0.436832953710109,0
7280,167.878673625004,0.45504100853577256,0
7281,167.89057004102506,0.41874998714774847,0
7282,167.90355429099873,0.27587503427639604,0
7283,167.91425733303186,0.30629197135567665,0
7284,167.9261070000357,0.3442909801378846,0
7285,167.93726462504128,0.2872080076485872,0
7286,167.95009050000226,0.2839580411091447,0
7287,167.96292554104002,0.35087496507912874,0
7288,167.9757540000137,,1
7289,168.0887687909999,,1
7290,168.20029829104897,,1
7291,168.31422087503597,,1
7292,168.42755508300615,,1
7293,168.5392502080067,,1
7294,168.65147974999854,,1
7295,168.76507091603708,,1
7296,168.8784660830279,0.6977919838391244,0
7297,168.89176354103256,0.6112090195529163,0
7298,168.90417004103074,0.4845840157940984,0
7299,168.91725308302557,0.42345799738541245,0
7300,168.93024525005603,0.2782079973258078,0
7301,168.94237587501993,0.530958001036197,0
7302,168.95539591601118,0.5244170315563679,0
7303,168.96719887503423,0.5149159696884453,0
7304,168.9783180830418,0.5089999758638442,0
7305,168.9913985830499,0.46437495620921254,0
7306,169.0031023750198,0.569041003473103,0
7307,169.0162317500217,0.4492910229600966,0
7308,169.02845295803854,0.5477080121636391,0
7309,169.04155804100446,0.4705000319518149,0
7310,169.05409633304225,0.5004169652238488,0
7311,169.06714187504258,0.4554159822873771,0
7312,169.07844979100628,0.49887504428625107,0
7313,169.08922312501818,0.4047910333611071,0
7314,169.10218200000236,0.6255410262383521,0
7315,169.11539358302252,0.6787920137867332,0
7316,169.12870633305283,0.5878329975530505,0
7317,169.14189187501324,0.6209160201251507,0
7318,169.1541742500267,0.6821660208515823,0
7319,169.16764129104558,0.6210419815033674,0
7320,169.1784378750017,0.5209580413065851,0
7321,169.19084079103777,0.5021669785492122,0
7322,169.20415125001455,0.7660000119358301,0
7323,169.2174909580499,0.4219579859636724,0
7324,169.2294353750185,0.605874985922128,0
7325,169.24134079104988,0.44941698433831334,0
7326,169.2543855830445,0.3707919968292117,0
7327,169.26513304101536,0.3814590163528919,0
7328,169.27809129102388,0.6950420211069286,0
7329,169.2892105409992,0.45966700417920947,0
7330,169.3022485410329,0.4319999716244638,0
7331,169.31278191599995,0.5758750485256314,0
7332,169.3259351660381,0.41375000728294253,0
7333,169.33893195801647,0.8006250136531889,0
7334,169.35232337500202,0.5167910130694509,0
7335,169.36542850005208,0.5061249830760062,0
7336,169.3762500830344,0.4743330064229667,0
7337,169.38929941604147,0.38945896085351706,0
7338,169.40225795801962,0.47679198905825615,0
7339,169.41528725001263,0.6092500407248735,0
7340,169.42757629102562,0.68845902569592,0
7341,169.4394872080302,,1
7342,169.55385983304586,,1
7343,169.66775641601998,,1
7344,169.7817489580484,,1
7345,169.89411725004902,0.4634999786503613,0
7346,169.9071516660042,0.7068340200930834,0
7347,169.9195315830293,0.7062919903546572,0
7348,169.93076520803152,0.3905000048689544,0
7349,169.94369583303342,0.29429199639707804,0
7350,169.95652645803057,0.40670798625797033,0
7351,169.96948162501212,0.4011660348623991,0
7352,169.9824458330404,0.4457079921849072,0
7353,169.9954229160212,0.46233402099460363,0
7354,170.0084495410556,0.43637497583404183,0
7355,170.01910041604424,0.45416696229949594,0
7356,170.03051195800072,0.5898750387132168,0
7357,170.04219108301913,0.5349169950932264,0
7358,170.0532887080335,0.453874992672354,0
7359,170.0658418330131,0.4725829930976033,0
7360,170.07698879099917,0.5368340061977506,0
7361,170.0900999160367,0.5670419777743518,0
7362,170.10293266602093,0.5535000236704946,0
7363,170.116061000037,0.4722499870695174,0
7364,170.12844775000121,0.4700830322690308,0
7365,170.14148516603746,0.4692919901572168,0
7366,170.1529367500334,1.1323749786242843,0
7367,170.16678633302217,0.47500000800937414,0
7368,170.17758712504292,0.7547079585492611,0
7369,170.18976566602942,0.5210840026848018,0
7370,170.2026720000431,0.2990409848280251,0
7371,170.21486687503057,0.4438749747350812,0
7372,170.22739408304915,0.5112499929964542,0
7373,170.2404730830458,0.5829579895362258,0
7374,170.25416512502125,1.0082080261781812,0
7375,170.26715137501014,0.5047500017099082,0
7376,170.27879737503827,0.7605410064570606,0
7377,170.29214200004935,0.6345000001601875,0
7378,170.3029271250125,2.8133750311098993,0
7379,170.3168026250205,0.5512909847311676,0
7380,170.32956141600152,0.5928340251557529,0
7381,170.34026900003664,0.5779580096714199,0
7382,170.3517707500141,0.512958038598299,0
7383,170.3678015000187,0.6689580040983856,0
7384,170.38106991600944,0.5393750034272671,0
7385,170.39419908303535,0.7886249804869294,0
7386,170.4056475830148,0.7425000076182187,0
7387,170.418173416052,0.28204196132719517,0
7388,170.43000158300856,0.5526250461116433,0
7389,170.4416766660288,0.5311249988153577,0
7390,170.45370916603133,0.30637497548013926,0
7391,170.46565975004341,0.4033749573864043,0
7392,170.47863175004022,0.3399159759283066,0
7393,170.49156033300096,0.4686250467784703,0
7394,170.504665666027,0.5719590117223561,0
7395,170.51762945804512,0.44229195918887854,0
7396,170.53067675000057,0.5575410323217511,0
7397,170.54276570799993,0.6094580166973174,0
7398,170.55403429100988,0.32887503039091825,0
7399,170.56694329105085,0.28783397283405066,0
7400,170.57980916602537,0.4290000069886446,0
7401,170.5928305410198,0.46716700308024883,0
7402,170.6058840000187,0.30216603772714734,0
7403,170.61674387502717,0.23549998877570033,0
7404,170.62860458303476,0.33245800295844674,0
7405,170.640472625033,0.5285830120556056,0
7406,170.65380845800973,0.5177920102141798,0
7407,170.66482566605555,0.37520896876230836,0
7408,170.67745329102036,0.5055000074207783,0
7409,170.68915283301612,0.7675419910810888,0
7410,170.70245541603072,0.47450000420212746,0
7411,170.71553962503094,0.34741597482934594,0
7412,170.72844820801402,0.3095419961027801,0
7413,170.73932037502527,,1
7414,170.852946583007,,1
7415,170.9651470410172,,1
7416,171.0789987500175,,1
7417,171.19281100004446,,1
7418,171.3036710830056,,1
7419,171.4166342500248,,1
7420,171.5285505000502,,1
7421,171.64056779100792,,1
7422,171.75434287503595,,1
7423,171.8662240000558,,1
7424,171.97861462505534,0.9139579487964511,0
7425,171.99242583301384,0.5748330149799585,0
7426,172.00573270802852,12.381499982438982,0
7427,172.0317624580348,1.8370419857092202,0
7428,172.04557975003263,0.895500008482486,0
7429,172.05917895800667,0.5368750425986946,0
7430,172.0714960830519,0.7547079585492611,0
7431,172.0848617910524,0.47562498366460204,0
7432,172.09793858299963,0.307333015371114,0
7433,172.108738000039,0.4498329944908619,0
7434,172.1207633750164,0.8053749916143715,0
7435,172.13446158304578,0.532125006429851,0
7436,172.14609625004232,0.20712497644126415,0
7437,172.15799020801205,0.25874999118968844,0
7438,172.16993512504268,1.6821249737404287,0
7439,172.1848245410365,0.5493339849635959,0
7440,172.19802083302056,0.3434580285102129,0
7441,172.2094293750124,0.4113329923711717,0
7442,172.22244520805543,0.32187497708946466,0
7443,172.23532633302966,0.2941670245490968,0
7444,172.24816820805427,0.3173329751007259,0
7445,172.2610510410159,0.42154203401878476,0
7446,172.2726133330143,0.45362499076873064,0
7447,172.28414687502664,0.4226249875500798,0
7448,172.29597141605336,0.43045898200944066,0
7449,172.30784495803528,0.4479999770410359,0
7450,172.32088345801458,0.4784580087289214,0
7451,172.3339573330013,0.6705420091748238,0
7452,172.34722470800625,,1
7453,172.4608129580156,,1
7454,172.57316058303695,,1
7455,172.68578975001583,0.43524999637156725,0
7456,172.69972341600806,0.4098340286873281,0
7457,172.71070045803208,0.45962497824802995,0
7458,172.72303808300057,0.3446670016273856,0
7459,172.73376475000987,0.8543750154785812,0
7460,172.74483095802134,0.43504202039912343,0
7461,172.75789187505143,0.44049997813999653,0
7462,172.76997645804659,0.33416697988286614,0
7463,172.78286125004524,0.29395800083875656,0
7464,172.79565754102077,1.1415000190027058,0
7465,172.80754862504546,0.49775000661611557,0
7466,172.82046495802933,0.5914170178584754,0
7467,172.83312250004383,0.3525000065565109,0
7468,172.84515495802043,0.5139579880051315,0
7469,172.8582940410124,0.6842089933343232,0
7470,172.8693212500075,1.538375043310225,0
7471,172.88343345804606,0.41983299888670444,0
7472,172.8965627500438,0.5282500060275197,0
7473,172.9094194160425,1.9772499799728394,0
7474,172.9223359580501,0.5285829538479447,0
7475,172.93380645802245,0.37816702388226986,0
7476,172.94625600002473,0.40675001218914986,0
7477,172.95732420805143,0.3411669749766588,0
7478,172.970270291029,0.4324999754317105,0
7479,172.98117458302295,0.32533297780901194,0
7480,172.99405008304166,0.31045801006257534,0
7481,173.00690833304543,0.26720797177404165,0
7482,173.01924691605382,0.3061249735765159,0
7483,173.0314857500489,0.33020798582583666,0
7484,173.04443945805542,0.38366694934666157,0
7485,173.05741158302408,0.250082986894995,0
7486,173.06978325004457,0.21020800340920687,0
7487,173.08081725001102,0.25462498888373375,0
7488,173.0936368330149,0.2924170112237334,0
7489,173.10576587502146,0.2425829879939556,0
7490,173.11638637504075,0.34550001146271825,0
7491,173.12804666603915,0.4240419948473573,0
7492,173.14108950004447,0.2418750082142651,0
7493,173.15148900001077,0.3375410451553762,0
7494,173.1643762080348,0.2601669984869659,0
7495,173.17717341601383,0.22583402460440993,0
7496,173.18992779101245,0.25166699197143316,0
7497,173.2024232080439,0.2821669913828373,0
7498,173.2135487080086,0.4474580055102706,0
7499,173.22656475001713,0.512958038598299,0
7500,173.23992887500208,0.21500000730156898,0
7501,173.25042075000238,0.4005000228062272,0
7502,173.26094837504206,0.2952080103568733,0
7503,173.27134825004032,0.2067500026896596,0
7504,173.28177387500182,0.25758304400369525,0
7505,173.29456887504784,0.3324159770272672,0
7506,173.3074348330265,0.19204197451472282,0
7507,173.31907895801123,0.16787502681836486,0
7508,173.33161470800405,0.28483301866799593,0
7509,173.3429858330055,0.4039170453324914,0
7510,173.35593945800792,0.40850002551451325,0
7511,173.36890587501694,0.15924999024719,0
7512,173.37934854102787,0.172999978531152,0
7513,173.39206604100764,0.4021250060759485,0
7514,173.40388379100477,0.46379200648516417,0
7515,173.4157002500142,0.3631250001490116,0
7516,173.42753954103682,0.38570899050682783,0
7517,173.43929412501166,0.4562910180538893,0
7518,173.45126591605367,0.4451249842531979,0
7519,173.4627827910008,0.5220840102992952,0
7520,173.47355333302403,0.5681670154444873,0
7521,173.48670779104577,0.4820000031031668,0
7522,173.49865070800297,0.5336250178515911,0
7523,173.51125820801826,0.9258750360459089,0
7524,173.5237020830391,0.4463329678401351,0
7525,173.53683862503385,0.40391599759459496,0
7526,173.54983129102038,0.4279169952496886,0
7527,173.5613251660252,0.40600000647827983,0
7528,173.57504520803923,0.38483296521008015,0
7529,173.58801466604928,0.3434999962337315,0
7530,173.59957545803627,0.5712080164812505,0
7531,173.61038054100936,0.44345902279019356,0
7532,173.62190620804904,0.5081669660285115,0
7533,173.63511204102542,0.46958401799201965,0
7534,173.64572883304209,0.4575829952955246,0
7535,173.65628866601037,0.3378340043127537,0
7536,173.66920933302026,0.4349999944679439,0
7537,173.68125429103384,0.43220899533480406,0
7538,173.69230175000848,0.6721660029143095,0
7539,173.704322833044,0.6697920034639537,0
7540,173.71516770805465,0.44174998765811324,0
7541,173.725758833054,0.47391699627041817,0
7542,173.73889429104747,0.6208340055309236,0
7543,173.7521078750142,0.4606660222634673,0
7544,173.76516537502175,0.4303330206312239,0
7545,173.77653125004144,0.43887499487027526,0
7546,173.78830491600093,0.3106670337729156,0
7547,173.79997729102615,0.39900001138448715,0
7548,173.8123543750262,0.5141660221852362,0
7549,173.82354720804142,0.31266699079424143,0
7550,173.83628341602162,0.6208340055309236,0
7551,173.84943712502718,0.4540830268524587,0
7552,173.86248595803045,0.4689579945988953,0
7553,173.87554400000954,0.3067500074394047,0
7554,173.88839100004407,0.19866600632667542,0
7555,173.90111170802265,0.18491700757294893,0
7556,173.9138165830518,0.24620798649266362,0
7557,173.926576708036,0.18437497783452272,0
7558,173.93927433300996,0.17866701819002628,0
7559,173.95197479100898,0.1419589971192181,0
7560,173.9646338330349,0.1717080012895167,0
7561,173.97733391600195,0.18129200907424092,0
7562,173.99003158300184,0.17254200065508485,0
7563,174.00273587502306,0.30916603282094,0
7564,174.01560983300442,0.3795420052483678,0
7565,174.02761816600105,0.42316701728850603,0
7566,174.04062825004803,0.465832999907434,0
7567,174.05251950002275,0.36700000055134296,0
7568,174.0654608750483,0.4327499773353338,0
7569,174.0785260000266,0.37470797542482615,0
7570,174.09088045801036,0.418792013078928,0
7571,174.1027772910311,0.42670901166275144,0
7572,174.11494454101194,0.447375001385808,0
7573,174.12818950001383,0.6714999908581376,0
7574,174.14146387501387,0.4214160144329071,0
7575,174.153481416055,0.4305839538574219,0
7576,174.16650958301034,0.45612500980496407,0
7577,174.17958487500437,0.6300410022959113,0
7578,174.19078929105308,0.41491695446893573,0
7579,174.20246195804793,0.5124579765833914,0
7580,174.2139804160106,0.5148749914951622,0
7581,174.22711479105055,0.6017499836161733,0
7582,174.2403072080342,0.5408329889178276,0
7583,174.253533583018,0.5600000149570405,0
7584,174.26669475005474,0.4112499882467091,0
7585,174.2774202080327,0.6644169916398823,0
7586,174.29070500005037,5.990290956106037,0
7587,174.3092939160415,0.43033401016145945,0
7588,174.32052383304108,0.4540419904515147,0
7589,174.33342487504706,0.4539579967968166,0
7590,174.34412795800017,0.3077080473303795,0
7591,174.35957395803416,0.3809999907389283,0
7592,174.37256991601316,0.567167007829994,0
7593,174.3857635410386,0.44758396688848734,0
7594,174.39664829103276,0.3857499687001109,0
7595,174.40780079102842,0.3874999820254743,0
7596,174.42248112504603,0.7275000098161399,0
7597,174.4358242500457,2.209833008237183,0
7598,174.44998716603732,0.4775839624926448,0
7599,174.46252966602333,0.5195839912630618,0
7600,174.4756677080295,1.2031670194119215,0
7601,174.4885760830366,0.6530829705297947,0
7602,174.50167037500069,0.7218750542961061,0
7603,174.51524904102553,0.6512500112876296,0
7604,174.52848995802924,0.6240829825401306,0
7605,174.54161862505134,0.732957967557013,0
7606,174.55558608303545,1.5295419725589454,0
7607,174.57189225003822,1.3509999844245613,0
7608,174.58583437500056,3.9090830250643194,0
7609,174.6023283750401,0.5016250070184469,0
7610,174.61435841600178,0.4893340519629419,0
7611,174.6274958330323,0.5251250113360584,0
7612,174.64092579105636,0.6097919540479779,0
7613,174.65414820803562,0.4351249663159251,0
7614,174.66594337503193,0.3873750101774931,0
7615,174.67710841604276,0.5519589758478105,0
7616,174.69025166600477,0.6524170166812837,0
7617,174.70265325001674,2.1465829922817647,0
7618,174.71741462504724,0.5902909906581044,0
7619,174.73108416603645,3.236916963942349,0
7620,174.74510179104982,,1
7621,174.85906241601333,,1
7622,174.97640025004512,,1
7623,175.09019775001798,,1
7624,175.2025682500098,,1
7625,175.31629029102623,,1
7626,175.42937570804497,,1
7627,175.54330158303492,0.75683300383389,0
7628,175.55520000000251,0.5874159978702664,0
7629,175.56718154100236,0.5682500195689499,0
7630,175.58015637501376,0.548749987501651,0
7631,175.59326933301054,0.4645000444725156,0
7632,175.60629795800196,0.43687503784894943,0
7633,175.61933475005208,3.5686249611899257,0
7634,175.6351400000276,0.5053330096416175,0
7635,175.64793825004017,0.48241601325571537,0
7636,175.65891912503866,0.5502499989233911,0
7637,175.6710839580046,0.7794580305926502,0
7638,175.68444370804355,0.5619999719783664,0
7639,175.69681775005301,0.5626249476335943,0
7640,175.7099810000509,0.6403749575838447,0
7641,175.7229292500415,0.5578330019488931,0
7642,175.73605841601966,3.978708991780877,0
7643,175.7526288330555,1.5843329601921141,0
7644,175.76442654104903,0.44995895586907864,0
7645,175.77744041604456,0.9916669805534184,0
7646,175.78926091600442,0.4913750453852117,0
7647,175.80086625000695,0.45904103899374604,0
7648,175.8122743749991,0.5725000519305468,0
7649,175.82541383302305,0.3548749955371022,0
7650,175.83765245805262,0.37458300357684493,0
7651,175.85061516601127,0.4840840119868517,0
7652,175.86368445801781,0.5131670041009784,0
7653,175.876779000042,0.5781250074505806,0
7654,175.88958595803706,0.32787496456876397,0
7655,175.89998587500304,0.40733302012085915,0
7656,175.91295091604115,0.5184999899938703,0
7657,175.92402083304478,0.4682499566115439,0
7658,175.93593150004745,1.3378330040723085,0
7659,175.94787595805246,0.5613749963231385,0
7660,175.9610180000309,0.5889160092920065,0
7661,175.97258837503614,0.5322499782778323,0
7662,175.98572845803574,1.568750012665987,0
7663,175.99930516601307,0.45008398592472076,0
7664,176.0123352080118,0.5267499946057796,0
7665,176.02543483301997,0.6478329887613654,0
7666,176.03865158301778,0.3316249931231141,0
7667,176.05114775005495,0.4243329749442637,0
7668,176.06202662503347,0.48829097067937255,0
7669,176.07507958303904,0.41375000728294253,0
7670,176.08835395803908,0.8023330010473728,0
7671,176.09960108302766,0.40191697189584374,0
7672,176.1107760000159,0.4350410308688879,0
7673,176.1238018750446,0.4433749709278345,0
7674,176.13797550002346,0.5540830316022038,0
7675,176.14963520801393,0.43754203943535686,0
7676,176.16266404103953,0.45304198283702135,0
7677,176.1757331250119,0.5930410115979612,0
7678,176.1871998750139,0.28545799432322383,0
7679,176.20005725004012,0.5494159995578229,0
7680,176.21317691600416,,1
7681,176.3270417500171,,1
7682,176.44111125002382,,1
7683,176.5550952500198,,1
7684,176.66864312504185,,1
7685,176.78035670804093,,1
7686,176.89401475002524,,1
7687,177.0073556250427,,1
7688,177.12136316602118,0.6468750070780516,0
7689,177.1325975410291,0.4450840060599148,0
7690,177.14445491600782,0.3588750259950757,0
7691,177.15609275002498,0.39000000106170774,0
7692,177.16917100001592,2.3321250337176025,0
7693,177.18424195802072,0.4240419948473573,0
7694,177.1972400000086,0.4524160176515579,0
7695,177.21028879104415,0.4575839848257601,0
7696,177.22337420802796,0.8534169755876064,0
7697,177.23521366604837,0.45016699004918337,0
7698,177.2470570000005,0.4034160519950092,0
7699,177.26005354104564,0.4487499827519059,0
7700,177.2707356660394,0.3428339841775596,0
7701,177.28368312504608,0.35383296199142933,0
7702,177.29675008304184,0.4900419735349715,0
7703,177.30984112503938,0.4302079905755818,0
7704,177.322891541,0.4682090366259217,0
7705,177.33598500001244,0.7020829943940043,0
7706,177.34772291604895,0.44249999336898327,0
7707,177.35884712502593,0.4160000244155526,0
7708,177.37172220804496,0.5429579759947956,0
7709,177.38490816601552,0.5292500136420131,0
7710,177.39644508302445,0.6476669805124402,0
7711,177.4081762499991,0.4820830072276294,0
7712,177.42051679105498,0.3214169992133975,0
7713,177.4318585000001,0.15950005035847425,0
7714,177.44439533300465,0.19404204795137048,0
7715,177.45711891603423,0.2615000121295452,0
7716,177.46990208304487,0.23750000400468707,0
7717,177.48266487504588,0.23320800391957164,0
7718,177.49541391601088,,1
7719,177.60699325002497,,1
7720,177.7208814160549,,1
7721,177.83476229105145,0.41329197119921446,0
7722,177.84767316601938,0.7545420085079968,0
7723,177.86056429101154,1.631750026717782,0
7724,177.8729900830076,0.4885829985141754,0
7725,177.8859920000541,1.2036249972879887,0
7726,177.8997887080186,0.3244580002501607,0
7727,177.91175191604998,0.4329590010456741,0
7728,177.9247480830527,0.34141697688028216,0
7729,177.93568887503352,0.46691601164638996,0
7730,177.94873395800823,0.33483299193903804,0
7731,177.96077483304543,0.37824996979907155,0
7732,177.9714044580469,0.4107079585082829,0
7733,177.98251262505073,0.4005829687230289,0
7734,177.99549758300418,0.48683304339647293,0
7735,178.00766433303943,0.38716697599738836,0
7736,178.01960595801938,0.3712500329129398,0
7737,178.03255212504882,0.3238329663872719,0
7738,178.0434814580367,0.37833297392353415,0
7739,178.0543788750074,0.28966600075364113,0
7740,178.06722570804413,0.25591696612536907,0
7741,178.08004316600272,0.41783403139561415,0
7742,178.09302537504118,0.39549998473376036,0
7743,178.10465654102154,0.3232919843867421,0
7744,178.117013916024,0.2871250035241246,0
7745,178.12886716600042,0.4866250092163682,0
7746,178.1419181660167,0.47266698675230145,0
7747,178.15293008304434,0.41208299808204174,0
7748,178.16481550002936,0.41795801371335983,0
7749,178.1778175830259,0.43566699605435133,0
7750,178.1908205000218,0.417332979850471,0
7751,178.20378566603176,,1
7752,178.31585808302043,0.5651250248774886,0
7753,178.3280045830179,0.47395803267136216,0
7754,178.34106875001453,0.3599580377340317,0
7755,178.35400254104752,0.42816699715331197,0
7756,178.36703912500525,0.5134160164743662,0
7757,178.38016662502196,0.4617500235326588,0
7758,178.39146754104877,0.4296669503673911,0
7759,178.40292687504552,0.30587497167289257,0
7760,178.41521287499927,0.27608301024883986,0
7761,178.42708716605557,0.5037089576944709,0
7762,178.43893191602547,0.4823749768547714,0
7763,178.4520775830024,0.5095830420032144,0
7764,178.4645695000072,0.5305000231601298,0
7765,178.4774370410014,0.4557500360533595,0
7766,178.49047900002915,0.6096250144764781,0
7767,178.5029427500558,0.660582969430834,0
7768,178.51603920804337,0.7009169785305858,0
7769,178.52795250003692,0.5243329796940088,0
7770,178.5394269580138,0.6196670001372695,0
7771,178.55247833300382,0.5675000138580799,0
7772,178.5643344160053,0.500958994962275,0
7773,178.5755597910029,0.49529201351106167,0
7774,178.58872470800998,0.44104200787842274,0
7775,178.6014815410017,0.5084170261397958,0
7776,178.6146036660066,0.6568750250153244,0
7777,178.62693987501552,0.49887498607859015,0
7778,178.6400610000128,0.5003749975003302,0
7779,178.65583329100627,6.828250014223158,0
7780,178.6772151660407,0.2786669647321105,0
7781,178.69007283303654,0.5013750051148236,0
7782,178.70315833302448,,1
7783,178.81513483304298,,1
7784,178.92907654104056,,1
7785,179.04067883302923,,1
7786,179.15457291604253,,1
7787,179.26630100002512,0.482166011352092,0
7788,179.27936108305585,0.33674994483590126,0
7789,179.2917351660435,,1
7790,179.40548162499908,,1
7791,179.51889825001126,,1
7792,179.63212862500222,,1
7793,179.74449050001567,,1
7794,179.85635225003352,,1
7795,179.9668711250415,,1
7796,180.0798859160277,,1
7797,180.19277662504464,1.332040992565453,0
7798,180.20670666603837,0.27045898605138063,0
7799,180.21954066603212,1.0254589724354446,0
7800,180.232264958031,0.28791697695851326,0
7801,180.2451343749999,0.30137505382299423,0
7802,180.25597754103364,0.3012089873664081,0
7803,180.26858479104703,0.2730839769355953,0
7804,180.28142266604118,0.26108400197699666,0
7805,180.294244291028,0.2630840172059834,0
7806,180.30538683303166,0.2887499867938459,0
7807,180.3182396250195,0.34899997990578413,0
7808,180.32908741600113,0.3250000299885869,0
7809,180.34197241603397,0.2536249812692404,0
7810,180.3543422910152,0.43216702761128545,0
7811,180.36662058305228,0.3578329924494028,0
7812,180.37706870801048,0.49708300502970815,0
7813,180.38879441603785,,1
7814,180.5006967910449,,1
7815,180.61460537504172,,1
7816,180.72851358301705,,1
7817,180.84244920802303,0.4758330178447068,0
7818,180.85554129100638,0.4686250467784703,0
7819,180.86860708304448,0.5039999959990382,0
7820,180.8817072500242,0.4280409775674343,0
7821,180.89473233302124,0.4456249880604446,0
7822,180.90779583301628,0.43275003554299474,0
7823,180.9193255000282,2.0056659705005586,0
7824,180.93394412501948,0.4171659820713103,0
7825,180.94680358300684,0.5328330444172025,0
7826,180.95994529104792,0.5873339832760394,0
7827,180.97349033300998,0.6500000017695129,0
7828,180.98674425005447,0.3012910019606352,0
7829,180.99961008300306,0.3125420189462602,0
7830,181.01250200002687,0.5564159946516156,0
7831,181.02566137502436,,1
7832,181.1373816660489,,1
7833,181.25131525000324,0.4426250234246254,0
7834,181.26436833303887,0.4896669997833669,0
7835,181.27664941601688,0.4457500181160867,0
7836,181.2896891250275,1.825041021220386,0
7837,181.3044844160322,0.3718750085681677,0
7838,181.315839916002,0.4301670123822987,0
7839,181.32886462501483,1.1700830073095858,0
7840,181.3426131660235,0.270708987955004,0
7841,181.35547412501182,0.4617910017259419,0
7842,181.36755662504584,0.49541599582880735,0
7843,181.37942266603932,0.6284170085564256,0
7844,181.3910190410097,0.37587503902614117,0
7845,181.40397704101633,0.26758399326354265,0
7846,181.41682204103563,0.2606670022942126,0
7847,181.42963850003434,0.34041597973555326,0
7848,181.4402857500245,0.3792499774135649,0
7849,181.4532471660059,0.36737503251060843,0
7850,181.46618870802922,0.3911249805241823,0
7851,181.47809783305274,0.3923329641111195,0
7852,181.48940200003562,0.33091596560552716,0
7853,181.50006554101128,0.2995000104419887,0
7854,181.51293537503807,0.2561250003054738,0
7855,181.52359033300309,0.3391250502318144,0
7856,181.53946508304216,1.6482920036651194,0
7857,181.5537605410209,0.41208398761227727,0
7858,181.56487570801983,0.35916699562221766,0
7859,181.57783879101044,0.5612089880742133,0
7860,181.59029970801203,0.3618330229073763,0
7861,181.60203037504107,0.44887501280754805,0
7862,181.61524908302817,0.5510000046342611,0
7863,181.6274622080382,0.44516701018437743,0
7864,181.64049425005214,0.3921249881386757,0
7865,181.6528630410321,0.21879200357943773,0
7866,181.66501916601555,0.24100003065541387,0
7867,181.6767205830547,0.3927919897250831,0
7868,181.68885766604217,0.6949169910512865,0
7869,181.7007007910288,0.501292000990361,0
7870,181.71532920800382,0.45733305159956217,0
7871,181.72751862503355,0.47137500951066613,0
7872,181.7382140410482,0.4450419801287353,0
7873,181.75034191604936,0.4045839887112379,0
7874,181.76330245804274,0.2999170101247728,0
7875,181.77614845801145,0.22362504387274384,0
7876,181.78890866599977,0.3166670212522149,0
7877,181.80188608303433,0.8084580185823143,0
7878,181.81284637504723,0.47508295392617583,0
7879,181.824108041008,0.3039590083062649,0
7880,181.8370205410174,0.30512502416968346,0
7881,181.84989408304682,0.31945796217769384,0
7882,181.86157595802797,0.30854198848828673,0
7883,181.87444654101273,0.29504200210794806,0
7884,181.88481950003188,0.2894159988500178,0
7885,181.89714033302153,0.5160419968888164,0
7886,181.9086418330553,0.29024999821558595,0
7887,181.9191965830396,0.41170796612277627,0
7888,181.92970720800804,0.39479200495406985,0
7889,181.94268662499962,0.36800000816583633,0
7890,181.95351062505506,0.19429094390943646,0
7891,181.9637881250237,0.2547500189393759,0
7892,181.97541166603332,0.35358400782570243,0
7893,181.98625670804176,0.26241695741191506,0
7894,181.99905575002776,0.28079102048650384,0
7895,182.0118957910454,0.29970897594466805,0
7896,182.02322479104623,0.646458996925503,0
7897,182.03846916602924,0.8380839717574418,0
7898,182.05193212500308,0.4016250022687018,0
7899,182.06425437500002,0.6993749993853271,0
7900,182.07655191601953,0.317084020934999,0
7901,182.0879562080372,0.4545829724520445,0
7902,182.0992601250182,0.4195410292595625,0
7903,182.11227700003656,0.4498329944908619,0
7904,182.12530075001996,0.39616599678993225,0
7905,182.13859166600741,0.2965420135296881,0
7906,182.1518445830443,,1
7907,182.26505241601262,,1
7908,182.37852112500696,,1
7909,182.49001633300213,,1
7910,182.6041543330066,0.2913330099545419,0
7911,182.61703295802,,1
7912,182.73098150000442,,1
7913,182.84411704103695,,1
7914,182.95786470803432,,1
7915,183.07047533302102,,1
7916,183.1849809580017,,1
7917,183.29881762503646,,1
7918,183.41149712505285,,1
7919,183.5237052500015,,1
7920,183.637463666033,,1
7921,183.74875195801724,,1
7922,183.86169108300237,,1
7923,183.97538775001885,,1
7924,184.08771025005262,0.46549999387934804,0
7925,184.09956866601715,0.5308340187184513,0
7926,184.11269195802743,0.5202500033192337,0
7927,184.12444904103177,0.6809170008637011,0
7928,184.13777045800816,0.4148330190218985,0
7929,184.14909816603176,0.5516670062206686,0
7930,184.16224445804255,0.4802499897778034,0
7931,184.17428116605151,0.5246249493211508,0
7932,184.18760020803893,0.40012499084696174,0
7933,184.20056862500496,,1
7934,184.3141786660417,0.6585840019397438,0
7935,184.32744670804823,0.5812500021420419,0
7936,184.34062187501695,0.5829579895362258,0
7937,184.35151062504156,0.7034579757601023,0
7938,184.36481950001325,0.2756660105660558,0
7939,184.376238958037,0.3801669809035957,0
7940,184.3879270000034,0.3761660191230476,0
7941,184.39985550002893,0.339541002176702,0
7942,184.41280162503244,0.493332976475358,0
7943,184.42350337503012,0.3715410130098462,0
7944,184.4364550000173,0.27666601818054914,0
7945,184.44733008299954,0.2132500521838665,0
7946,184.4600915830233,,1
7947,184.57339754101122,,1
7948,184.6871849160525,,1
7949,184.79865262500243,0.32366602681577206,0
7950,184.81168733304366,0.6769169704057276,0
7951,184.82407341600629,0.3260420053265989,0
7952,184.83697791601298,0.33179199090227485,0
7953,184.84775737504242,0.2770409919321537,0
7954,184.8607126660063,0.3095000283792615,0
7955,184.87358579103602,0.3759589744731784,0
7956,184.88569029100472,0.270417018327862,0
7957,184.8971905830549,0.30749995494261384,0
7958,184.90876729105366,0.2505839802324772,0
7959,184.92075437505264,0.38299994776025414,0
7960,184.93387808301486,0.8487080340273678,0
7961,184.9472970830393,,1
7962,185.0594573750277,0.34683302510529757,0
7963,185.0770764160552,3.8177919923327863,0
7964,185.09391812502872,0.8684580097906291,0
7965,185.10660745803034,0.36687497049570084,0
7966,185.11835958302254,0.354750023689121,0
7967,185.12880775000667,0.3215830074623227,0
7968,185.14151295804186,0.2924999571405351,0
7969,185.1534040410188,0.8760420023463666,0
7970,185.16694704105612,0.3248749999329448,0
7971,185.17909150000196,0.32783299684524536,0
7972,185.19088954100152,0.3267500433139503,0
7973,185.20173054101178,0.3879590076394379,0
7974,185.21476600004826,0.26408297708258033,0
7975,185.22631016600644,0.2774590393528342,0
7976,185.23914983303985,0.40749995969235897,0
7977,185.2520859159995,0.35137502709403634,0
7978,185.26398479100317,0.4247500328347087,0
7979,185.2769872909994,0.3170420532114804,0
7980,185.28988016600488,0.2935000229626894,0
7981,185.30156716605416,0.4071249859407544,0
7982,185.31454879103694,0.38108398439362645,0
7983,185.32524216599995,0.4450000124052167,0
7984,185.33825912501197,0.3071250393986702,0
7985,185.34900079102954,0.27054199017584324,0
7986,185.3618483330356,0.2875420032069087,0
7987,185.3731902500149,0.3141250344924629,0
7988,185.3857663750532,0.2930409973487258,0
7989,185.3980745000299,0.3862910089083016,0
7990,185.40994087501895,0.3910409868694842,0
7991,185.42182416602736,0.4716669791378081,0
7992,185.4325337500195,0.4077079938724637,0
7993,185.44339737505652,0.36349997390061617,0
7994,185.45507683302276,0.2514580264687538,0
7995,185.46789516601712,0.29749999521300197,0
7996,185.47995204100152,0.43237500358372927,0
7997,185.49297875002958,0.2739999908953905,0
7998,185.50381795800058,0.5781670333817601,0
7999,185.51458866603207,1.807584019843489,0
8000,185.52830408303998,3.654874977655709,0
8001,185.54410770803224,0.3421250148676336,0
8002,185.55700975004584,0.3317079972475767,0
8003,185.57056808302877,0.76149997767061,0
8004,185.58237108303,0.3090829704888165,0
8005,185.59317958302563,0.3287079744040966,0
8006,185.60597075003898,0.3488750080578029,0
8007,185.61890841601416,0.2857500221580267,0
8008,185.6295060410048,0.468042038846761,0
8009,185.6423230410437,0.4177499795332551,0
8010,185.65293295803713,0.22841698955744505,0
8011,185.66572800005088,0.33895799424499273,0
8012,185.6786263330141,0.16425002831965685,0
8013,185.69046387501294,0.25933299912139773,0
8014,185.70130245800829,0.3690000157803297,0
8015,185.7132485830225,0.3374170046299696,0
8016,185.72615820803912,0.3486669738776982,0
8017,185.73909087502398,0.28799998108297586,0
8018,185.75193825003225,0.2817499917000532,0
8019,185.76236204104498,0.30808401061221957,0
8020,185.77533641603077,0.2786249970085919,0
8021,185.78778587502893,0.31758297700434923,0
8022,185.80068295804085,0.35695801489055157,0
8023,185.81247979099862,0.36500004353001714,0
8024,185.8254260829999,0.2887920127250254,0
8025,185.8382120000315,0.2928749890998006,0
8026,185.85106712504057,0.3505829954519868,0
8027,185.86258679104503,0.3197919577360153,0
8028,185.87423641601345,0.5452090408653021,0
8029,185.88705404102802,0.33125001937150955,0
8030,185.89793916605413,0.3316249931231141,0
8031,185.91077641601441,0.30433404026553035,0
8032,185.921587458055,0.5139169516041875,0
8033,185.93466183304554,0.3404580056667328,0
8034,185.94668458303204,0.30870799673721194,0
8035,185.95958033303032,0.35966699942946434,0
8036,185.97163008304778,0.558457977604121,0
8037,185.98475729103666,0.3392499638721347,0
8038,185.9976604580297,0.31645799754187465,0
8039,186.01246833300684,1.585833029821515,0
8040,186.02850237500388,0.7113750325515866,0
8041,186.04248200001894,16.641249996609986,0
8042,186.0719304580125,0.46716700308024883,0
8043,186.08529745804844,0.8306249510496855,0
8044,186.0987051250413,0.299665960483253,0
8045,186.11155575001612,0.23504102136939764,0
8046,186.1243995410041,0.2537500113248825,0
8047,186.13719491602387,0.21224998636171222,0
8048,186.14994241599925,0.2630420494824648,0
8049,186.1627404160099,0.185334007255733,0
8050,186.17547229101183,0.23362500360235572,0
8051,186.18823929101927,0.25283399736508727,0
8052,186.20103612501407,,1
8053,186.31480879103765,,1
8054,186.4286831660429,,1
8055,186.54226600000402,,1
8056,186.6560730410274,,1
8057,186.77007162501104,,1
8058,186.8828011660371,,1
8059,186.99675937503343,0.445583020336926,0
8060,187.00811633304693,0.6645419634878635,0
8061,187.01961475005373,0.6356659578159451,0
8062,187.03286350000417,0.6392080103978515,0
8063,187.04511454101885,0.6997500313445926,0
8064,187.05709804105572,0.4978340002708137,0
8065,187.0688107080059,0.527750002220273,0
8066,187.08197883301182,0.49941701581701636,0
8067,187.09509450005135,0.5008329753763974,0
8068,187.10591416602256,0.2620419836603105,0
8069,187.11696395801846,,1
8070,187.22847070801072,0.7077500340528786,0
8071,187.24181445804425,0.6495419656857848,0
8072,187.2548620000016,0.8124160231091082,0
8073,187.26825308304979,0.5855420022271574,0
8074,187.28066212503472,0.5506660090759397,0
8075,187.29378937504953,0.6301249959506094,0
8076,187.3070031250245,0.35091600148007274,0
8077,187.3206404580269,,1
8078,187.43386795802508,,1
8079,187.5463310830528,,1
8080,187.6580691660056,0.5891250330023468,0
8081,187.66960833303165,0.36866700975224376,0
8082,187.6825652080006,0.27495803078636527,0
8083,187.69539337500464,0.24612504057586193,0
8084,187.70819754101103,0.25216699577867985,0
8085,187.72100770805264,0.3472079988569021,0
8086,187.7330074160127,0.35016704350709915,0
8087,187.7445365000167,0.3962499904446304,0
8088,187.75614170799963,0.3552920534275472,0
8089,187.76907004101668,0.3927089856006205,0
8090,187.77986104105366,0.2882499829865992,0
8091,187.79173679102678,0.2440420212224126,0
8092,187.80454108305275,0.1919579808600247,0
8093,187.8181675830274,0.20950002362951636,0
8094,187.82960641605314,0.29154197545722127,0
8095,187.8407240830129,0.3671669983305037,0
8096,187.8529025830212,0.25941699277609587,0
8097,187.86471650004387,0.21183298667892814,0
8098,187.87742995802546,0.19691698253154755,0
8099,187.8901686250465,0.18283299868926406,0
8100,187.9028850000468,0.09916600538417697,0
8101,187.91387850005412,0.27724995743483305,0
8102,187.92571095802123,0.5127500044181943,0
8103,187.93882733304054,0.49949996173381805,0
8104,187.95189412502805,0.3148330142721534,0
8105,187.96237266605021,0.3094589919783175,0
8106,187.97305108304136,0.3001249860972166,0
8107,187.98590195801808,0.35616703098639846,0
8108,187.99882166599855,0.2496250090189278,0
8109,188.01162408303935,0.3944580093957484,0
8110,188.02252466604114,0.2198750153183937,0
8111,188.03289245802443,0.3278750227764249,0
8112,188.04411320801592,0.4824170027859509,0
8113,188.05683050001971,0.2889159950427711,0
8114,188.06836425000802,0.5060830153524876,0
8115,188.08146300003864,0.49875001423060894,0
8116,188.09410254104296,0.26412500301375985,0
8117,188.10695454099914,0.5067090387456119,0
8118,188.12005900003714,0.25883299531415105,0
8119,188.13171387504553,0.250832992605865,0
8120,188.14358041604282,0.21429196931421757,0
8121,188.15633895801147,0.18504203762859106,0
8122,188.1690657910076,0.17716700676828623,0
8123,188.1817678330117,0.24216703604906797,0
8124,188.19412062503397,0.3588749677874148,0
8125,188.20705112500582,0.448125007096678,0
8126,188.22001666604774,0.3969169920310378,0
8127,188.2314030410489,0.3242919920012355,0
8128,188.2443067910499,0.2567499759607017,0
8129,188.25709175004158,0.1719159772619605,0
8130,188.2697777080466,0.14891696628183126,0
8131,188.28244904102758,0.2602500026114285,0
8132,188.29527370800497,0.378625001758337,0
8133,188.30665725003928,0.35679101711139083,0
8134,188.3191347910324,0.3075840068049729,0
8135,188.33202179102227,0.43920899042859674,0
8136,188.34505591605557,0.5424589617177844,0
8137,188.35819779103622,0.42812497122213244,0
8138,188.37070358300116,0.6039580330252647,0
8139,188.3829020410194,0.5698750028386712,0
8140,188.39462479104986,0.5070419865660369,0
8141,188.40628450002987,0.506000011228025,0
8142,188.41704862500774,0.6438750424422324,0
8143,188.4302890410181,0.4593339981511235,0
8144,188.44083775003674,0.4070409922860563,0
8145,188.4538179160445,0.4356249701231718,0
8146,188.46686383301858,0.5777920014224946,0
8147,188.48003933305154,0.327582994941622,0
8148,188.49242470803438,0.31120801577344537,0
8149,188.50390983303078,0.31958299223333597,0
8150,188.51454850001028,0.42333302553743124,0
8151,188.52550170803443,0.47554197954013944,0
8152,188.53818591602612,1.4861670206300914,0
8153,188.55116425000597,0.36975002149119973,0
8154,188.561761375051,0.2336659817956388,0
8155,188.57453662500484,0.25170802837237716,0
8156,188.587205791031,0.25287497555837035,0
8157,188.59811691602226,0.20916701760143042,0
8158,188.6108770830324,0.33825001446530223,0
8159,188.62327316601295,0.2732500433921814,0
8160,188.6360987080261,0.21254201419651508,0
8161,188.6488825000124,0.5331250140443444,0
8162,188.6607826660038,0.46079204184934497,0
8163,188.67382312502014,0.40804099990054965,0
8164,188.68617137504043,0.3114999854005873,0
8165,188.69904341601068,0.23295899154618382,0
8166,188.7104492500075,0.33887504832819104,0
8167,188.7233450410422,0.35749998642131686,0
8168,188.73490383301396,0.26283302577212453,0
8169,188.74677170801442,0.37358299596235156,0
8170,188.75840458302991,0.5576669936999679,0
8171,188.77026270801434,0.3562920028343797,0
8172,188.78316920803627,0.452791980933398,0
8173,188.79613466601586,0.5597920389845967,0
8174,188.8080152500188,0.36104099126532674,0
8175,188.82093625003472,0.18704100511968136,0
8176,188.83291733299848,0.23045804118737578,0
8177,188.8440472910297,0.2583750174380839,0
8178,188.85567012504907,0.33587496727705,0
8179,188.86854975001188,0.30883302679285407,0
8180,188.88140683301026,1.3864170177839696,0
8181,188.89534175000153,0.2566660405136645,0
8182,188.90689083305188,0.18383294809609652,0
8183,188.91960204101633,0.18558400915935636,0
8184,188.93231258302694,0.20366697572171688,0
8185,188.94505029101856,0.22137502674013376,0
8186,188.95781200000783,0.22570800501853228,0
8187,188.9705602080212,0.13641698751598597,0
8188,188.98322304105386,0.2264169743284583,0
8189,188.99549191602273,0.21870899945497513,0
8190,189.00823904102435,0.20275003043934703,0
8191,189.0196367080207,0.11970801278948784,0
8192,189.0322940830374,0.25045801885426044,0
8193,189.04507616604678,0.20458397921174765,0
8194,189.05781829101034,0.22504199296236038,0
8195,189.0705764160375,0.1419169711880386,0
8196,189.08327662502415,0.2311249845661223,0
8197,189.0950956250308,0.20845799008384347,0
8198,189.10782566602575,0.16312499064952135,0
8199,189.1205054160091,0.19941700156778097,0
8200,189.13323754101293,0.4000000189989805,0
8201,189.14418429101352,0.4869590047746897,0
8202,189.15516208304325,0.5104999872855842,0
8203,189.16734283301048,0.7461670320481062,0
8204,189.17851670802338,0.6289170123636723,0
8205,189.1899150829995,0.3398330300115049,0
8206,189.20215954101877,0.4727920168079436,0
8207,189.21386920800433,0.5497080273926258,0
8208,189.2289606660488,3.185833978932351,0
8209,189.24349108303431,0.8877079817466438,0
8210,189.25518495804863,0.29449997236952186,0
8211,189.26978391601006,2.3790840059518814,0
8212,189.28285400004825,0.9986250079236925,0
8213,189.29598258301849,0.4884169902652502,0
8214,189.30906333302846,0.3067500074394047,0
8215,189.32101616600994,0.3618749906308949,0
8216,189.33396491600433,0.3863750025629997,0
8217,189.34515704103978,0.43049996020272374,0
8218,189.35658520803554,0.36566698690876365,0
8219,189.36704933299916,0.3600830095820129,0
8220,189.3794890830177,0.3397919936105609,0
8221,189.3909749580198,0.3243330284021795,0
8222,189.4014095410239,0.3141670022159815,0
8223,189.41408750001574,0.2604160108603537,0
8224,189.4261186250369,0.38666598265990615,0
8225,189.439107083017,0.27179199969395995,0
8226,189.45194295805413,0.3049169899895787,0
8227,189.46482108300552,0.4153750487603247,0
8228,189.47688066604314,0.25395897682756186,0
8229,189.4892740410287,0.3700840170495212,0
8230,189.50222358305473,,1
8231,189.61454595800024,,1
8232,189.72833845805144,,1
8233,189.8414488750277,0.5923749995417893,0
8234,189.8546194160008,,1
8235,189.9661855000304,0.6189579726196826,0
8236,189.97944566601655,0.4866250092163682,0
8237,189.9925319160102,0.500958994962275,0
8238,190.00532845803536,0.7355830166488886,0
8239,190.0164811250288,0.7104160031303763,0
8240,190.02837658300996,0.4813750274479389,0
8241,190.04016479104757,0.4585839924402535,0
8242,190.0525106250425,0.4402910126373172,0
8243,190.06555462500546,0.6300000241026282,0
8244,190.0788145000115,0.5401659873314202,0
8245,190.09138612501556,0.4736250266432762,0
8246,190.10445000004256,0.45374996261671185,0
8247,190.11522487504408,0.40249997982755303,0
8248,190.12706454104045,0.4247920005582273,0
8249,190.13926500000525,0.32525003189221025,0
8250,190.1521544160205,0.3244170220568776,0
8251,190.16503541602287,0.3743339912034571,0
8252,190.17744233302074,0.3844170132651925,0
8253,190.1903883330524,0.47499994980171323,0
8254,190.20244475000072,0.3421660512685776,0
8255,190.2151954160072,0.24437502725049853,0
8256,190.22868012503022,0.5585409817285836,0
8257,190.24182387505425,0.32174994703382254,0
8258,190.25470837502507,0.3487499780021608,0
8259,190.2676410410204,0.26391702704131603,0
8260,190.28046420804458,0.20954199135303497,0
8261,190.29322650004178,0.23883295943960547,0
8262,190.30601591605227,0.20399998174980283,0
8263,190.31876466603717,0.3885420155711472,0
8264,190.3317306250101,0.4788750084117055,0
8265,190.34477366600186,0.4097920027561486,0
8266,190.3578361660475,0.5502089625224471,0
8267,190.36978920805268,3.503332962282002,0
8268,190.38588458305458,0.4188329912722111,0
8269,190.396887083014,0.3926670178771019,0
8270,190.40907525003422,0.2989160129800439,0
8271,190.42192225001054,0.23562501883134246,0
8272,190.43225004104897,0.3120419569313526,0
8273,190.44523162505357,0.21441595163196325,0
8274,190.4579700830509,0.18683297093957663,0
8275,190.4700000830344,0.19095797324553132,0
8276,190.48272408300545,0.17970800399780273,0
8277,190.49542008305434,0.2114999806508422,0
8278,190.50819137500366,0.41941599920392036,0
8279,190.5205320000532,0.22904097568243742,0
8280,190.53328762500314,0.3120000474154949,0
8281,190.54613633302506,0.2114999806508422,0
8282,190.55887133302167,0.24991697864606977,0
8283,190.5716418750235,0.24470797507092357,0
8284,190.58440658304607,0.24024996673688293,0
8285,190.59716633305652,0.24079199647530913,0
8286,190.6099844580167,0.613124982919544,0
8287,190.62320220802212,0.6285830168053508,0
8288,190.6346479160129,0.5499590188264847,0
8289,190.64776733302278,0.481792027130723,0
8290,190.66086175001692,0.942540995310992,0
8291,190.6731466250494,0.7092909654602408,0
8292,190.68946966604562,1.6158339567482471,0
8293,190.7020427500247,0.46912499237805605,0
8294,190.71531008300371,0.4498330526985228,0
8295,190.72835395805305,0.5955829983577132,0
8296,190.74153895804193,0.34149998100474477,0
8297,190.75463141599903,0.46583404764533043,0
8298,190.7661727910163,0.4287920310162008,0
8299,190.77699100004975,0.5492499913088977,0
8300,190.78926558303647,0.2776249893940985,0
8301,190.80210287502268,0.1848330139182508,0
8302,190.81484687502962,0.4969160072505474,0
8303,190.82746516604675,0.4324589972384274,0
8304,190.83958541601896,,1
8305,190.95364729105495,0.840499997138977,0
8306,190.9666887500207,0.7357500144280493,0
8307,190.97914533305448,0.6924579502083361,0
8308,190.99243191600544,5.470750038512051,0
8309,191.00954179104883,0.35195896634832025,0
8310,191.0214618750033,0.515833031386137,0
8311,191.03457783302292,0.530958001036197,0
8312,191.04749204101972,0.3661250229924917,0
8313,191.05818866600748,0.3230840084142983,0
8314,191.07109475001926,0.23737503215670586,0
8315,191.0818402080331,0.19870797405019403,0
8316,191.0941089160042,0.19087502732872963,0
8317,191.10683770803735,0.1938329660333693,0
8318,191.11957970802905,0.18170801922678947,0
8319,191.13231466599973,0.34233403857797384,0
8320,191.1450973750325,0.5728749674744904,0
8321,191.15633350005373,0.12699997751042247,0
8322,191.1669629579992,0.20170805510133505,0
8323,191.17743920802604,0.3548330278135836,0
8324,191.18957454100018,0.1895420136861503,0
8325,191.20062400004826,0.222250004298985,0
8326,191.21278341603465,0.20512501941993833,0
8327,191.22552904102486,0.18941698363050818,0
8328,191.23755295801675,0.1818329910747707,0
8329,191.2503071250394,0.3147500101476908,0
8330,191.2618440000224,0.5968750338070095,0
8331,191.27507145801792,0.5267499946057796,0
8332,191.28819250001106,0.35166600719094276,0
8333,191.30109862500103,0.20825001411139965,0
8334,191.31385379104177,0.20683399634435773,0
8335,191.32661416602787,0.2097089891321957,0
8336,191.33907750004437,0.2049999893642962,0
8337,191.35183362505632,0.19295798847451806,0
8338,191.36368795804447,0.3464999608695507,0
8339,191.37658933305647,0.25933299912139773,0
8340,191.39011537504848,0.24833297356963158,0
8341,191.40292095800396,0.2174580004066229,0
8342,191.41480829101056,0.1996250357478857,0
8343,191.42755416600266,0.2935420488938689,0
8344,191.44039679103298,0.47483399976044893,0
8345,191.4526959580253,0.15320797683671117,0
8346,191.46304770803545,0.3855419927276671,0
8347,191.4760176660493,0.4837919841520488,0
8348,191.48836566600949,0.490834005177021,0
8349,191.50141975004226,0.35229098284617066,0
8350,191.51291912503075,0.2548749907873571,0
8351,191.52326916600578,0.24183403002098203,0
8352,191.5339995000395,0.21795800421386957,0
8353,191.5458812910365,0.2733750152401626,0
8354,191.55622895801207,0.5612079985439777,0
8355,191.56784487504046,0.5694999708794057,0
8356,191.57967591600027,0.25158404605463147,0
8357,191.59092325001257,,1
8358,191.70296466600848,,1
8359,191.81584837503033,,1
8360,191.92880054103443,,1
8361,192.04900650004856,,1
8362,192.1627919160528,0.4544589901342988,0
8363,192.17425212502712,0.21712499437853694,0
8364,192.18875258305343,0.4036249592900276,0
8365,192.20177700003842,0.2674999996088445,0
8366,192.21462958300253,0.31637505162507296,0
8367,192.22750995802926,0.2917079837061465,0
8368,192.24037366604898,0.29574998188763857,0
8369,192.25321841600817,0.22829201770946383,0
8370,192.26366600004258,0.15024997992441058,0
8371,192.274300916004,0.2054590149782598,0
8372,192.28579529101262,0.2097089891321957,0
8373,192.29855600005249,0.1932079903781414,0
8374,192.31129741604673,0.20991696510463953,0
8375,192.32405270804884,0.20429195137694478,0
8376,192.33679100003792,0.2157079870812595,0
8377,192.34956529102055,0.2096670214086771,0
8378,192.36179300001822,0.21916598780080676,0
8379,192.37454995804,0.23933296324685216,0
8380,192.38680150004802,0.28866599313914776,0
8381,192.3996424160432,0.2447089646011591,0
8382,192.41246170800878,0.33762503881007433,0
8383,192.42482225003187,0.5167910130694509,0
8384,192.4379157080548,0.4224579897709191,0
8385,192.4485846250318,0.4476659814827144,0
8386,192.46081108303042,0.31691702315583825,0
8387,192.47369541600347,0.3405419993214309,0
8388,192.48633716604672,,1
8389,192.59728483302752,,1
8390,192.70884075004142,,1
8391,192.82261066604406,0.44174998765811324,0
8392,192.83563145803055,0.28191698947921395,0
8393,192.84667208301835,0.23108301684260368,0
8394,192.8585406659986,0.22466701921075583,0
8395,192.86959737504367,0.2561250003054738,0
8396,192.88244158303132,0.27841702103614807,0
8397,192.8941692080116,0.28899998869746923,0
8398,192.90700470801676,0.29012502636760473,0
8399,192.91985066601774,0.3320419928058982,0
8400,192.9314652500325,0.39916601963341236,0
8401,192.94367212505313,0.38787495577707887,0
8402,192.95419245801168,0.36737503251060843,0
8403,192.96714095800417,0.33320800866931677,0
8404,192.9777565000113,0.4847500240430236,0
8405,192.99082295800326,0.39962504524737597,0
8406,193.00379875005456,0.3041249583475292,0
8407,193.01669691602,,1
8408,193.12804445804795,0.43220800580456853,0
8409,193.1403423330048,0.3118330496363342,0
8410,193.15440191602102,0.3153749858029187,0
8411,193.1656373750302,0.40566601091995835,0
8412,193.1786224580137,0.3328750026412308,0
8413,193.18934066605289,0.27708394918590784,0
8414,193.20216662500752,0.24795799981802702,0
8415,193.21284266602015,0.2737090107984841,0
8416,193.22490687505342,0.37524994695559144,0
8417,193.2378592500463,0.30345795676112175,0
8418,193.2507185410359,0.28062501223757863,0
8419,193.26222504104953,0.29908400028944016,0
8420,193.2728464580141,0.20000000949949026,0
8421,193.28405454102904,0.34916697768494487,0
8422,193.29614600003697,0.30112499371171,0
8423,193.30899587500608,0.3499580197967589,0
8424,193.3195335000055,0.3822080325335264,0
8425,193.3324692910537,0.41849998524412513,0
8426,193.34546025004238,0.4368330119177699,0
8427,193.35846466600196,0.360500009264797,0
8428,193.3713890830404,0.4024580121040344,0
8429,193.38435679103713,0.435416994150728,0
8430,193.39527991600335,0.3315420472063124,0
8431,193.4081985000521,0.30591594986617565,0
8432,193.42108020803425,0.4799169837497175,0
8433,193.43382437503897,0.46675000339746475,0
8434,193.44564741605427,,1
8435,193.55769041605527,,1
8436,193.67088400002103,,1
8437,193.78333575004945,,1
8438,193.89651454100385,,1
8439,194.01040812500287,0.6928750080987811,0
8440,194.02272483304841,0.429582956712693,0
8441,194.03574220801238,0.34570798743516207,0
8442,194.04644520801958,0.3167919931001961,0
8443,194.05786208302015,0.23370800772681832,0
8444,194.06958516599843,0.2546670148149133,0
8445,194.0823826250271,0.26770797558128834,0
8446,194.09409595804755,0.31833298271521926,0
8447,194.10697462502867,0.5469999741762877,0
8448,194.12036304100184,1.2014590320177376,0
8449,194.13416620803764,0.4377919831313193,0
8450,194.14718445803737,0.5779169732704759,0
8451,194.1583093330264,0.370333029422909,0
8452,194.1712437500246,0.2620830200612545,0
8453,194.18169658305123,0.2666669897735119,0
8454,194.19452083302895,0.3107499796897173,0
8455,194.2074349160539,0.6197089678607881,0
8456,194.2196233330178,0.6765830330550671,0
8457,194.23187183303526,0.4873750149272382,0
8458,194.24493875005282,0.6093749543651938,0
8459,194.2581298330333,0.5384999676607549,0
8460,194.26911779103102,0.45941700227558613,0
8461,194.2821434159996,0.5175000405870378,0
8462,194.29494395805523,0.3803329891525209,0
8463,194.30793241603533,0.5317920004017651,0
8464,194.32108091603732,0.34837500425055623,0
8465,194.33400608302327,0.46737497905269265,0
8466,194.34705516602844,0.5663749761879444,0
8467,194.36020541604375,0.507458986248821,0
8468,194.37328379100654,0.460459035821259,0
8469,194.3862960410188,1.2214590096846223,0
8470,194.40009450004436,0.8050829637795687,0
8471,194.41270450002048,0.4183329874649644,0
8472,194.4245181250153,0.40962500497698784,0
8473,194.43690612504724,0.17266598297283053,0
8474,194.4496277080034,0.25287503376603127,0
8475,194.46244579105405,0.4243339644744992,0
8476,194.47403075004695,0.40795799577608705,0
8477,194.48701462504687,0.3281660028733313,0
8478,194.49867679103045,0.2869169693440199,0
8479,194.5096459580236,0.23454200709238648,0
8480,194.5212515410385,0.31849998049438,0
8481,194.5333908330067,0.2274170401506126,0
8482,194.54617116600275,0.19333400996401906,0
8483,194.55891466600588,0.2113340306095779,0
8484,194.5695968750515,0.2170410007238388,0
8485,194.58235833304934,0.20287500228732824,0
8486,194.59510833304375,0.4521670052781701,0
8487,194.60814295802265,0.45475002843886614,0
8488,194.62011350004468,0.21454098168760538,0
8489,194.63287133304402,0.18562498735263944,0
8490,194.64561166602653,0.23408402921631932,0
8491,194.6575146660325,0.2951669739559293,0
8492,194.6692326660268,0.29979198006913066,0
8493,194.68117087503197,0.2490829792805016,0
8494,194.69398570799967,0.28250005561858416,0
8495,194.70535533304792,0.2607500064186752,0
8496,194.71814779104898,0.1864589867182076,0
8497,194.72848483303096,0.20812498405575752,0
8498,194.74121929105604,0.1396249863319099,0
8499,194.75389675004408,0.18037500558421016,0
8500,194.76643208303722,0.13649999164044857,0
8501,194.7791075000423,0.13666599988937378,0
8502,194.79180229100166,0.19008404342457652,0
8503,194.80451462505152,0.28262496925890446,0
8504,194.8172481660149,0.35262503661215305,0
8505,194.82792725000763,0.1818329910747707,0
8506,194.83827454101993,0.09208399569615722,0
8507,194.85090212500654,0.2170410007238388,0
8508,194.86361229105387,0.33595896093174815,0
8509,194.8760445410153,0.3962090122513473,0
8510,194.88763208303135,0.24575000861659646,0
8511,194.8991826249985,0.18566602375358343,0
8512,194.91191195801366,0.2169579965993762,0
8513,194.92309645802015,0.6771670305170119,0
8514,194.93652029102668,0.3197499900124967,0
8515,194.94915258302353,0.24254200980067253,0
8516,194.96198145800736,0.45529199996963143,0
8517,194.97503400000278,0.2833330072462559,0
8518,194.98692929104436,0.22300001000985503,0
8519,194.99801854102407,0.19616697682067752,0
8520,195.01075487502385,0.2631249953992665,0
8521,195.02356366603635,0.27254200540483,0
8522,195.03640770801576,0.2375420299358666,0
8523,195.04808954102919,0.18454197561368346,0
8524,195.06080966599984,0.26125001022592187,0
8525,195.0736247910536,0.38158398820087314,0
8526,195.08660979103297,0.4522919771261513,0
8527,195.0996534160222,0.5258750170469284,0
8528,195.11140520800836,0.5250000394880772,0
8529,195.12390987505205,0.29620795976370573,0
8530,195.1363782910048,0.2855840139091015,0
8531,195.14922658301657,0.518708024173975,0
8532,195.16233416600153,0.4318749997764826,0
8533,195.17533545801416,0.276208040304482,0
8534,195.18658304103883,0.26108400197699666,0
8535,195.19940079102525,0.2127499901689589,0
8536,195.21199187502498,0.3905000048689544,0
8537,195.22376675001578,0.4607909941114485,0
8538,195.23619975004112,0.3858329728245735,0
8539,195.2482405830524,0.5853329785168171,0
8540,195.26141179102706,0.5582920275628567,0
8541,195.27329554100288,0.38704200414940715,0
8542,195.28576537501067,0.14870800077915192,0
8543,195.29846616601571,0.26454200269654393,0
8544,195.31076429103268,0.1741250162012875,0
8545,195.32240529102273,0.584250024985522,0
8546,195.33556245802902,0.3310419851914048,0
8547,195.34708875004435,0.2354159951210022,0
8548,195.35896112502087,0.2027080045081675,0
8549,195.37081670801854,0.33083301968872547,0
8550,195.3837281250162,1.4279159950092435,0
8551,195.39775675005512,0.3951659891754389,0
8552,195.41072454105597,,1
8553,195.52209037501598,,1
8554,195.63557100004982,0.5475409561768174,0
8555,195.64805004105438,0.4389999667182565,0
8556,195.66106504102936,0.4598749801516533,0
8557,195.67268620803952,0.545457995031029,0
8558,195.6858175410307,0.49266702262684703,0
8559,195.6988661659998,0.48091704957187176,0
8560,195.7119044160354,0.46274997293949127,0
8561,195.72493741603103,0.6099590100347996,0
8562,195.73812287504552,0.5072499625384808,0
8563,195.75118808302796,0.3447500057518482,0
8564,195.7640907500172,0.26475003687664866,0
8565,195.7769007080351,0.24316698545590043,0
8566,195.78970062499866,0.3810410271398723,0
8567,195.8024308750173,0.418415991589427,0
8568,195.8154120000545,0.42604096233844757,0
8569,195.82838916603941,0.4170839674770832,0
8570,195.84136487502838,0.4844159702770412,0
8571,195.8540752910194,0.47858402831479907,0
8572,195.867112500011,0.4065409884788096,0
8573,195.88007875002222,0.44487498234957457,0
8574,195.8930826249998,0.4878750187344849,0
8575,195.90553666604683,0.46720897080376744,0
8576,195.9185591660207,0.38733403198421,0
8577,195.93150750000495,0.4122499958612025,0
8578,195.9440261250129,0.37416600389406085,0
8579,195.95459441601997,0.3850419889204204,0
8580,195.9675267910352,0.39645901415497065,0
8581,195.98047895805212,0.3902500029653311,0
8582,195.99343075003708,0.32662501325830817,0
8583,196.00630733300932,0.3001250443048775,0
8584,196.01910358300665,0.3690000157803297,0
8585,196.03203379100887,0.38404203951358795,0
8586,196.0449765000376,0.4167080041952431,0
8587,196.05795329104876,0.36208395613357425,0
8588,196.07086291600717,0.3997920430265367,0
8589,196.08382520801388,0.3440830041654408,0
8590,196.0951662500156,0.44791598338633776,0
8591,196.10650375002297,0.41345797944813967,0
8592,196.11903179105138,0.39000000106170774,0
8593,196.1319827500265,0.4505409742705524,0
8594,196.14498491602717,0.4640420083887875,0
8595,196.1579964160337,0.5082919960841537,0
8596,196.170351916051,0.5465419963002205,0
8597,196.18346045800718,0.5268329987302423,0
8598,196.19518983300077,0.4930420545861125,0
8599,196.2083457080298,4.2360000079497695,0
8600,196.2240505000227,1.6915409942157567,0
8601,196.2365155830048,2.2500830236822367,0
8602,196.24961970804725,0.7342500030063093,0
8603,196.26294329104712,0.5971249775029719,0
8604,196.27483908302383,1.2838750262744725,0
8605,196.28934625000693,0.592583033721894,0
8606,196.30258041602792,0.977666990365833,0
8607,196.31462958303746,0.779333000537008,0
8608,196.32619733305182,0.49654196482151747,0
8609,196.3392515000305,3.057166002690792,0
8610,196.35320375004085,0.6164159858599305,0
8611,196.36429370800033,0.6716250209137797,0
8612,196.37758141604718,0.5052919732406735,0
8613,196.39043404103722,0.5777920014224946,0
8614,196.40373175003333,0.6814579828642309,0
8615,196.41564545803703,0.7594999624416232,0
8616,196.42855970800156,0.5161670269444585,0
8617,196.44167845800985,0.5902920383960009,0
8618,196.45271841605427,0.5367089761421084,0
8619,196.4645508750109,0.6077500293031335,0
8620,196.4765583750559,0.8060409454628825,0
8621,196.48997354099993,0.6572920246981084,0
8622,196.50177108304342,0.7316669798456132,0
8623,196.51512575004017,0.6800830014981329,0
8624,196.5284159160219,0.6465840269811451,0
8625,196.54165883304086,0.6833329680375755,0
8626,196.55458770802943,0.5855829804204404,0
8627,196.5677879160503,0.6557089509442449,0
8628,196.58437229105039,2.226416952908039,0
8629,196.5971106660436,0.5063340067863464,0
8630,196.60919354105135,0.39599998854100704,0
8631,196.61977487505646,0.7154159829951823,0
8632,196.63203700003214,0.5222500185482204,0
8633,196.64389137504622,0.3287500003352761,0
8634,196.65679250005633,0.3257909556850791,0
8635,196.6681881250115,0.2894159988500178,0
8636,196.68104175000917,,1
8637,196.7949968330213,,1
8638,196.90849800000433,,1
8639,197.02237304102164,,1
8640,197.13579525001114,,1
8641,197.24901154101826,,1
8642,197.36051250004675,,1
8643,197.47437683300814,,1
8644,197.58638095803326,,1
8645,197.7002949580201,,1
8646,197.81421550002415,,1
8647,197.9271297910018,,1
8648,198.04129845800344,0.28779200511053205,0
8649,198.05421708303038,0.3910830128006637,0
8650,198.06659887504065,0.3682500100694597,0
8651,198.07955058303196,0.31995802419260144,0
8652,198.09085787500953,0.5539160338230431,0
8653,198.1040280830348,0.48283301293849945,0
8654,198.11712395801442,0.4765419871546328,0
8655,198.13021212501917,,1
8656,198.2429505000473,,1
8657,198.3571186250192,0.5648750229738653,0
8658,198.36975237500155,0.21708302665501833,0
8659,198.383009583049,0.6689169676974416,0
8660,198.3938378750463,0.5688749952241778,0
8661,198.4070047500427,0.6049579824320972,0
8662,198.41912633302854,0.3629580023698509,0
8663,198.43206308304798,0.24674995802342892,0
8664,198.44487379101338,0.5033340421505272,0
8665,198.4562498330488,0.6572499987669289,0
8666,198.4694687500014,0.18870801432058215,0
8667,198.4821974580409,0.31329196644946933,0
8668,198.4941038750112,0.2847500145435333,0
8669,198.5046908330405,0.8420000085607171,0
8670,198.51734579104232,0.4522500094026327,0
8671,198.53040370804956,0.5167499766685069,0
8672,198.54213354102103,0.5643339827656746,0
8673,198.55501262500184,0.5280410405248404,0
8674,198.5682036250364,0.5864999839104712,0
8675,198.57890383305494,0.3334999782964587,0
8676,198.5918230410316,0.32724998891353607,0
8677,198.60292720800499,0.3470420488156378,0
8678,198.61586612503743,0.4540829686447978,0
8679,198.62779716600198,0.6093340343795717,0
8680,198.64099620800698,0.6729169981554151,0
8681,198.652940666012,0.6636250182054937,0
8682,198.66618779103737,0.518333981744945,0
8683,198.6784386250074,0.4710830398835242,0
8684,198.68945058301324,0.5162919987924397,0
8685,198.70245900005102,0.44470798457041383,0
8686,198.71546591602964,0.5490420153364539,0
8687,198.72843012504745,0.5159580032341182,0
8688,198.74149279104313,0.3826249740086496,0
8689,198.75442708301125,0.3629170241765678,0
8690,198.7671779160155,0.3784170257858932,0
8691,198.77912050002487,0.3488329821266234,0
8692,198.7920412500389,0.5659579765051603,0
8693,198.80508112499956,0.6938750157132745,0
8694,198.8177185410168,0.4158749943599105,0
8695,198.82856483303476,0.3773749922402203,0
8696,198.84148937504506,0.4244580049999058,0
8697,198.85300779104,0.5018339725211263,0
8698,198.86606670805486,0.5102499853819609,0
8699,198.88595441600773,0.6506250356324017,0
8700,198.8992205830291,0.320332997944206,0
8701,198.91190958302468,0.34600001526996493,0
8702,198.923734083015,0.2945830347016454,0
8703,198.9363452080288,0.24787499569356441,0
8704,198.94803350005532,0.3034999826923013,0
8705,198.95988316601142,0.419542018789798,0
8706,198.97287504101405,0.35191699862480164,0
8707,198.98332458303776,0.2720420015975833,0
8708,198.99439437501132,0.3739160019904375,0
8709,199.0073496660334,0.16220897668972611,0
8710,199.020043541037,0.16304198652505875,0
8711,199.03272920800373,0.35741704050451517,0
8712,199.04517545801355,0.27000001864507794,0
8713,199.05798395804595,0.18270796863362193,0
8714,199.0685453750193,0.19570800941437483,0
8715,199.08126962505048,0.193290994502604,0
8716,199.09398091601906,0.36091700894758105,0
8717,199.10686866601463,0.3379590343683958,0
8718,199.11960654100403,0.44237502152100205,0
8719,199.1319972909987,0.42800005758181214,0
8720,199.14283512503607,0.4795410204678774,0
8721,199.15499475004617,0.4393329727463424,0
8722,199.1671820830088,0.45475002843886614,0
8723,199.17978500004392,0.42166595812886953,0
8724,199.19277112500276,0.39441604167222977,0
8725,199.20573758304818,0.4942499799653888,0
8726,199.21877812501043,0.3655829932540655,0
8727,199.231472916028,0.5537500255741179,0
8728,199.2445773750078,0.35333301639184356,0
8729,199.25522925000405,0.3268330474384129,0
8730,199.26812312501715,0.40200003422796726,0
8731,199.2810802910244,0.33304200042039156,0
8732,199.29377775004832,0.6670409929938614,0
8733,199.3070585830137,0.40083302883431315,0
8734,199.32003983302275,0.39845798164606094,0
8735,199.3330090410309,0.3203750238753855,0
8736,199.34479245805414,0.24754198966547847,0
8737,199.3556189580122,0.24620798649266362,0
8738,199.3684102500556,0.4202909767627716,0
8739,199.38027237501228,0.41158299427479506,0
8740,199.39219204103574,0.5355000030249357,0
8741,199.40293462504633,0.5554999806918204,0
8742,199.4160797080258,0.6393750081770122,0
8743,199.42681445804192,,1
8744,199.54057270800695,,1
8745,199.65317020803923,,1
8746,199.76712750003207,,1
8747,199.87870420800755,,1
8748,199.99088462500367,,1
8749,200.10402179101948,0.5274169961921871,0
8750,200.1171759160352,0.47858397010713816,0
8751,200.1294867080287,0.3381249844096601,0
8752,200.14066858304432,0.40270795579999685,0
8753,200.15208929101937,0.4670000053010881,0
8754,200.16511083301157,0.4337500431574881,0
8755,200.17810579104116,0.48112496733665466,0
8756,200.18936520803254,0.5815830081701279,0
8757,200.20244062505662,0.5217499565333128,0
8758,200.21554433304118,0.4865420050919056,0
8759,200.22859458305174,0.5242920015007257,0
8760,200.24169200001052,0.4837909946218133,0
8761,200.25300891604275,,1
8762,200.36681604100158,,1
8763,200.48067108303076,,1
8764,200.59414020803524,,1
8765,200.7080869160127,,1
8766,200.8219072910142,,1
8767,200.9350307910354,,1
8768,201.04896208300488,,1
8769,201.16296462505125,,1
8770,201.27440379100153,,1
8771,201.38792762503726,,1
8772,201.5017898750375,,1
8773,201.61772962502437,0.6043749745003879,0
8774,201.6298697910388,0.5056249792687595,0
8775,201.64295195805607,0.45620795572176576,0
8776,201.65593687503133,0.3465409972704947,0
8777,201.66885358304717,0.537874992005527,0
8778,201.68196216603974,0.6582919741049409,0
8779,201.69505383301293,1.1068329913541675,0
8780,201.7087554160389,0.60841697268188,0
8781,201.72109791601542,0.5835419869981706,0
8782,201.73425083304755,0.4011669661849737,0
8783,201.74602108303225,0.5447500152513385,0
8784,201.7579390000319,0.6130000110715628,0
8785,201.77111641602824,0.2969169872812927,0
8786,201.78177170804702,0.4729999927803874,0
8787,201.79480900004273,0.5065409932285547,0
8788,201.80706879100762,0.5325420061126351,0
8789,201.81953154102666,0.4912500153295696,0
8790,201.83260120800696,0.4795000422745943,0
8791,201.8456460830057,0.4415830480866134,0
8792,201.858638375008,0.4184580175206065,0
8793,201.87161095801275,0.44070801232010126,0
8794,201.88252604100853,0.43229199945926666,0
8795,201.8949559580069,0.4165419959463179,0
8796,201.90791741601424,0.4015000304207206,0
8797,201.91953237500275,0.37650001468136907,0
8798,201.93244920804864,0.35045796539634466,0
8799,201.94409416604321,0.38895895704627037,0
8800,201.95728816604242,1.6050419653765857,0
8801,201.97212162503274,1.189082977361977,0
8802,201.98731525003677,1.1952499626204371,0
8803,202.0010948330164,0.3845419851131737,0
8804,202.0142641250277,0.6001659785397351,0
8805,202.02569545805454,0.8706249645911157,0
8806,202.03882200003136,1.2803749996237457,0
8807,202.05269579100423,0.3165840171277523,0
8808,202.0639483750565,0.9280829690396786,0
8809,202.07746587501606,0.46854099491611123,0
8810,202.08929458301282,0.733375025447458,0
8811,202.102612333023,2.4230830022133887,0
8812,202.11565962503664,0.43770798947662115,0
8813,202.12745320802787,0.4010829725302756,0
8814,202.13925125001697,0.5071660270914435,0
8815,202.15164400002686,0.5021659890189767,0
8816,202.1630985410302,0.6418749690055847,0
8817,202.17638741602423,0.6104590138420463,0
8818,202.18735608301358,0.5663330084644258,0
8819,202.19871995801805,0.8326669922098517,0
8820,202.21078295802,0.43454201659187675,0
8821,202.22380829101894,0.3814590163528919,0
8822,202.2362613750156,0.35970803583040833,0
8823,202.2491733750212,0.34437503200024366,0
8824,202.2614049160038,0.3813340445049107,0
8825,202.27434275002452,0.3157079918310046,0
8826,202.28704370802734,2.5481670163571835,0
8827,202.30215504101943,0.291000003926456,0
8828,202.313234250003,0.3353329957462847,0
8829,202.3236811250099,0.2777079935185611,0
8830,202.33657316601602,0.3375000087544322,0
8831,202.34947754105087,0.3219999489374459,0
8832,202.36241525004152,,1
8833,202.4761272080359,,1
8834,202.5899400000344,,1
8835,202.70288404100575,,1
8836,202.81671250000363,,1
8837,202.92939408303937,,1
8838,203.0424004580127,0.722167023923248,0
8839,203.05574212502688,0.6168329855427146,0
8840,203.06878125004005,0.8500000112690032,0
8841,203.08229733305052,0.37112500285729766,0
8842,203.09461429103976,0.38395897718146443,0
8843,203.10738791601034,0.3610840067267418,0
8844,203.120307291043,0.3189169801771641,0
8845,203.13205904100323,0.28262502746656537,0
8846,203.1449032080127,0.30391704058274627,0
8847,203.15646966604982,0.3144999500364065,0
8848,203.16932054102654,0.2887499867938459,0
8849,203.1821615830413,0.4035420133732259,0
8850,203.1944455000339,0.41274999966844916,0
8851,203.20742729102494,0.5137089756317437,0
8852,203.21959583304124,1.082542003132403,0
8853,203.2329498330364,0.4094580071978271,0
8854,203.24593016604194,0.41391700506210327,0
8855,203.25890937499935,0.3813330549746752,0
8856,203.2693467910285,0.22783398162573576,0
8857,203.28211166604888,0.24816696532070637,0
8858,203.29489079100313,0.24779204977676272,0
8859,203.3076650830335,0.16666698502376676,0
8860,203.32035300001735,0.17045799177139997,0
8861,203.333049916022,0.18974998965859413,0
8862,203.34577337501105,0.3685409901663661,0
8863,203.35674216604093,0.17983396537601948,0
8864,203.3694446250447,0.2574159880168736,0
8865,203.38222233304987,0.21658296464011073,0
8866,203.394970207999,0.24979200679808855,0
8867,203.40777062502457,0.22250000620260835,0
8868,203.4205267910147,0.18479203572496772,0
8869,203.43325837503653,0.27958297869190574,0
8870,203.44539000000805,0.442708027549088,0
8871,203.4584122080123,0.2768750418908894,0
8872,203.46909383300226,0.21579203894361854,0
8873,203.4818518750253,0.29325002105906606,0
8874,203.49232429102995,,1
8875,203.60406408301787,,1
8876,203.718312291021,0.7150000310502946,0
8877,203.7316315410426,0.6119169993326068,0
8878,203.74431804101914,0.5191250238567591,0
8879,203.75740750000114,0.4829580429941416,0
8880,203.77044779103016,0.4285419709049165,0
8881,203.78442520805402,0.5431669997051358,0
8882,203.7975350410561,0.5163339665159583,0
8883,203.81062162504531,0.6317909574136138,0
8884,203.82265420805197,0.5448329611681402,0
8885,203.83576354105026,0.5364169483073056,0
8886,203.84885733301053,0.48987503396347165,0
8887,203.8614538750262,0.5316250026226044,0
8888,203.87471066601574,0.7760000298731029,0
8889,203.88576583302347,0.3361669951118529,0
8890,203.89865000004647,0.3582499921321869,0
8891,203.91155358304968,0.3185829846188426,0
8892,203.92442254105117,0.3868339699693024,0
8893,203.93735391600057,0.37320901174098253,0
8894,203.9502727080253,0.3397919936105609,0
8895,203.96315779100405,0.45954203233122826,0
8896,203.97446995804785,0.5038749659433961,0
8897,203.98621516604908,0.4914589808322489,0
8898,203.9992648330517,0.4956249613314867,0
8899,204.01098679105053,0.5377089837566018,0
8900,204.02408462500898,0.5658750305883586,0
8901,204.0369447080302,,1
8902,204.1501011660439,,1
8903,204.26332200004254,0.41149999015033245,0
8904,204.2763089580112,0.23616699036210775,0
8905,204.28691400005482,0.2923749852925539,0
8906,204.2989567910554,0.2773749874904752,0
8907,204.31180533301085,0.346417014952749,0
8908,204.32471054105554,0.2734999870881438,0
8909,204.33548775000963,0.24379102978855371,0
8910,204.3482947910088,0.25266699958592653,0
8911,204.3611029580352,0.28837501304224133,0
8912,204.3725975410198,0.25279202964156866,0
8913,204.38538779102964,0.30554202385246754,0
8914,204.39824900001986,0.33012498170137405,0
8915,204.41114754101727,0.36691699642688036,0
8916,204.42166854103561,0.3595419693738222,0
8917,204.43457829102408,0.325417029671371,0
8918,204.4467091250117,0.4238330293446779,0
8919,204.4583691660082,0.5112920189276338,0
8920,204.47010616603075,0.18545897910371423,0
8921,204.48283195804106,0.19045796943828464,0
8922,204.4955607080483,0.3002079902216792,0
8923,204.5069650830119,0.3077920409850776,0
8924,204.51981270802207,0.2876250073313713,0
8925,204.53265612502582,0.41375000728294253,0
8926,204.54355225001927,0.47808303497731686,0
8927,204.55663325003115,0.44241599971428514,0
8928,204.56964612501906,0.5367909907363355,0
8929,204.58248750003986,0.4271249636076391,0
8930,204.59547641605604,0.4557499778456986,0
8931,204.6084958750289,0.4391249967738986,0
8932,204.62016358302208,0.4676670068874955,0
8933,204.6331982500269,0.4582080291584134,0
8934,204.64621166605502,0.42037497041746974,0
8935,204.65731837501517,0.43366599129512906,0
8936,204.66941141604912,0.41929195867851377,0
8937,204.68239320802968,0.4552499740384519,0
8938,204.69497604103526,0.342042010743171,0
8939,204.7078762910096,0.32891699811443686,0
8940,204.71959150000475,0.43350004125386477,0
8941,204.73258333303966,0.4612499615177512,0
8942,204.74438195803668,0.409332977142185,0
8943,204.75737683300395,0.4207500023767352,0
8944,204.76958408305654,0.30470796627923846,0
8945,204.7824522080482,0.28854195261374116,0
8946,204.79462025000248,0.3155000158585608,0
8947,204.80748725001467,0.33962499583140016,0
8948,204.81888662505662,0.5249579553492367,0
8949,204.8319705830072,0.4762920434586704,0
8950,204.84501250000903,0.45091600622981787,0
8951,204.85802891600179,0.4840840119868517,0
8952,204.8697288330295,0.5233329720795155,0
8953,204.8828158750548,0.4512079758569598,0
8954,204.89582787500694,0.4374160198494792,0
8955,204.9088162080152,0.49341702833771706,0
8956,204.91949312505312,0.5263329949229956,0
8957,204.93258487503044,0.46137499157339334,0
8958,204.94561379100196,0.49825001042336226,0
8959,204.9586770410533,0.4130000015720725,0
8960,204.97077387501486,0.30104100005701184,0
8961,204.98361966601806,0.31750003108754754,0
8962,204.99421266600257,0.34791702637448907,0
8963,205.0071164580295,0.4918749909847975,0
8964,205.01783204101957,0.7503749802708626,0
8965,205.0311844579992,0.5424170522019267,0
8966,205.04448058304843,0.6030829972587526,0
8967,205.05767458304763,0.38070796290412545,0
8968,205.07064108300256,0.45229203533381224,0
8969,205.08220308303135,0.2690000110305846,0
8970,205.09383675002027,0.3166249953210354,0
8971,205.10576908302028,0.3435830003581941,0
8972,205.11620004102588,0.3410420031286776,0
8973,205.12911583302775,0.43308298336341977,0
8974,205.14075637503993,0.25529100093990564,0
8975,205.1535657500499,0.3222499508410692,0
8976,205.16532600001665,0.34579099155962467,0
8977,205.17764675000217,0.3357910318300128,0
8978,205.18990162503906,0.2578750136308372,0
8979,205.20264558302006,0.5372079904191196,0
8980,205.21361695800442,0.3488330403342843,0
8981,205.22653245803667,0.2417920040898025,0
8982,205.23718558304245,0.1973329926840961,0
8983,205.24904587503988,0.2886250149458647,0
8984,205.26042983302614,0.2851249882951379,0
8985,205.27199508302147,0.2905830042436719,0
8986,205.28486862505088,0.29312499100342393,0
8987,205.2977224580245,0.3149579861201346,0
8988,205.30946641601622,0.3707919968292117,0
8989,205.32134350005072,0.2782910014502704,0
8990,205.33321404102026,0.2529170014895499,0
8991,205.34482795803342,0.39545801701024175,0
8992,205.35674937500153,0.2949160407297313,0
8993,205.36959995800862,0.22879202151671052,0
8994,205.38162812503288,0.28491602279245853,0
8995,205.39279066602467,0.5925840232521296,0
8996,205.40548304101685,0.3794590011239052,0
8997,205.41842937504407,0.23454095935449004,0
8998,205.43531533301575,7.4404170154593885,0
8999,205.45533508301014,7.805958040989935,0
9000,205.4769446250284,1.4770000125281513,0
9001,205.490993250045,0.2598330029286444,0
9002,205.50390900002094,0.2230409882031381,0
9003,205.5168139160378,0.30512496596202254,0
9004,205.53141512500588,0.9421250433661044,0
9005,205.54491212504217,0.28445798670873046,0
9006,205.55781954101985,0.2613749820739031,0
9007,205.5706213330268,0.1919170026667416,0
9008,205.5833652500296,0.24945801123976707,0
9009,205.59512383304536,0.26308296946808696,0
9010,205.60650387505302,0.29816594906151295,0
9011,205.61944987502648,0.17725001089274883,0
9012,205.6313215830014,0.6487500504590571,0
9013,205.64398441603407,0.42637501610442996,0
9014,205.65594208304537,0.4267499898560345,0
9015,205.66768100002082,0.40908303344622254,0
9016,205.6795240000356,0.4767909995280206,0
9017,205.69260345801013,0.48562500160187483,0
9018,205.70496212504804,0.5956660024821758,0
9019,205.71816445805598,0.528082950040698,0
9020,205.73090566601604,0.5890420288778841,0
9021,205.74276391603053,0.49695902271196246,0
9022,205.7542136250413,0.3671249723993242,0
9023,205.76607520802645,0.44816697482019663,0
9024,205.77752570802113,0.7366670179180801,0
9025,205.789269541041,0.49700000090524554,0
9026,205.80235391604947,0.4848339594900608,0
9027,205.81360854103696,0.5619589937850833,0
9028,205.82675541605568,0.5012499750591815,0
9029,205.83772025001235,0.46737503726035357,0
9030,205.85074683302082,0.4143330152146518,0
9031,205.86371241603047,0.41854201117530465,0
9032,205.87672970804852,0.4379579913802445,0
9033,205.88972458301578,0.4295000107958913,0
9034,205.90270791604416,0.4093339666724205,0
9035,205.91565904102754,0.3207499976269901,0
9036,205.9284442080534,0.45608298387378454,0
9037,205.94144270801917,0.5093329818919301,0
9038,205.95406441600062,0.49804203445091844,0
9039,205.96711158304242,0.36449998151510954,0
9040,205.9784331660485,0.31758396653458476,0
9041,205.9912932080333,0.3393749939277768,0
9042,206.00294358300744,0.5039580282755196,0
9043,206.01599595800508,0.48616703134030104,0
9044,206.02904091600794,0.497333996463567,0
9045,206.0420978750335,0.5016250070184469,0
9046,206.05465183302294,0.3785419976338744,0
9047,206.06718566600466,0.4033340374007821,0
9048,206.08014587505022,0.5219999584369361,0
9049,206.09334887500154,0.43350004125386477,0
9050,206.10681720805587,0.5956669920124114,0
9051,206.12089033302618,0.3761670086532831,0
9052,206.13383616600186,0.43000001460313797,0
9053,206.14514900004724,0.40754099609330297,0
9054,206.15569775004406,1.0348749929107726,0
9055,206.16933125001378,0.9547499939799309,0
9056,206.18190654105274,0.33949996577575803,0
9057,206.19410925003467,0.329374975990504,0
9058,206.2059521660558,0.6092499825172126,0
9059,206.2191640000092,0.4659580299630761,0
9060,206.23222712503048,0.39175001438707113,0
9061,206.24519491603132,0.42633397970348597,0
9062,206.25821841601282,0.48145902110263705,0
9063,206.2705293330364,0.49758300883695483,0
9064,206.28362887504045,0.47774997074157,0
9065,206.29671558301197,,1
9066,206.40829566604225,,1
9067,206.52102679101517,,1
9068,206.63252266601194,0.5472089978866279,0
9069,206.64410445804242,0.36804197588935494,0
9070,206.65704620804172,0.3126249648630619,0
9071,206.66991841600975,0.33654202707111835,0
9072,206.68232154101133,0.37337501998990774,0
9073,206.69283616601024,0.42916700476780534,0
9074,206.70584900001995,0.4397500306367874,0
9075,206.7164636250236,0.3053330001421273,0
9076,206.72932962502819,0.3088749945163727,0
9077,206.7412172500044,0.3725410206243396,0
9078,206.75309475004906,0.42699999175965786,0
9079,206.7660900830524,0.29449997236952186,0
9080,206.77682179101976,0.4389589885249734,0
9081,206.78881570801605,0.49412500811740756,0
9082,206.80086500005564,0.40220795199275017,0
9083,206.8138453750289,0.5976660177111626,0
9084,206.82702504104236,0.5440840031951666,0
9085,206.84016474999953,0.3826660104095936,0
9086,206.85423720802646,1.1782919755205512,0
9087,206.86720350000542,0.5558750126510859,0
9088,206.88037008303218,0.5105829914100468,0
9089,206.89349291601684,0.5334590096026659,0
9090,206.90599112503696,0.5011250032112002,0
9091,206.91911483299918,1.3695830130018294,0
9092,206.93289787502727,0.512540980707854,0
9093,206.94412804103922,0.5497499951161444,0
9094,206.9559368750197,0.4599160165525973,0
9095,206.96896179101896,0.35212503280490637,0
9096,206.98142154101515,0.41145901195704937,0
9097,206.9932700410136,0.4964590189047158,0
9098,207.00634458300192,0.36991701927036047,0
9099,207.01927550003165,0.48304098891094327,0
9100,207.03077125002164,0.4123750259168446,0
9101,207.04377941600978,0.4301250446587801,0
9102,207.05675345804775,0.23487495491281152,0
9103,207.06954720802605,0.2179170260205865,0
9104,207.08105804101797,0.2192499814555049,0
9105,207.09384883299936,0.4835420404560864,0
9106,207.10593658301514,,1
9107,207.21911195805296,,1
9108,207.33331866603112,,1
9109,207.44902341603301,,1
9110,207.57893375004642,,1
9111,207.78493433300173,,1
9112,207.9566600000253,,1
9113,208.098420000053,,1
9114,208.2126761250547,,1
9115,208.32438025000738,0.7140000234358013,0
9116,208.33575212501455,2.8744160081259906,0
9117,208.3492236660095,0.4336670390330255,0
9118,208.36178241600282,0.35437504993751645,0
9119,208.37304387503536,0.513250008225441,0
9120,208.38398604100803,3.4883749904111028,0
9121,208.39785725000547,0.7332910317927599,0
9122,208.41116437502205,0.41941599920392036,0
9123,208.42360816604923,0.5216669524088502,0
9124,208.43634195800405,0.7904579979367554,0
9125,208.4482374160434,0.4069170099683106,0
9126,208.45885591604747,0.6082499749027193,0
9127,208.4721050830558,,1
9128,208.58430387504632,,1
9129,208.69570183299948,,1
9130,208.8085394160007,0.6629590061493218,0
9131,208.8215894580353,0.4953750176355243,0
9132,208.83337195805507,0.33720798091962934,0
9133,208.84531991602853,0.39779202779754996,0
9134,208.85830400005216,0.43224997352808714,0
9135,208.8691251250566,0.35995797952637076,0
9136,208.88208270800533,0.42045803274959326,0
9137,208.89499925001292,0.5511250346899033,0
9138,208.90602645801846,,1
9139,209.02150145801716,,1
9140,209.1335409580497,0.5104579613544047,0
9141,209.1461985410424,1.1200419976375997,0
9142,209.15994066605344,0.3404589951969683,0
9143,209.17291154101258,0.33416703809052706,0
9144,209.18455041601555,0.18025003373622894,0
9145,209.19643804105,,1
9146,209.30932683305582,,1
9147,209.42319608305115,0.4748329520225525,0
9148,209.4349756660522,,1
9149,209.54852304101223,,1
9150,209.66183937503956,,1
9151,209.7757824580185,,1
9152,209.88890725001693,,1
9153,210.0024757910287,0.6953339907340705,0
9154,210.0158032500185,0.4594160127453506,0
9155,210.0268687910284,0.35741698229685426,0
9156,210.03784037503647,0.2881659893319011,0
9157,210.0506784580066,0.3499170416034758,0
9158,210.06358520803042,0.34729199251160026,0
9159,210.0764906250406,0.3409580094739795,0
9160,210.08785141602857,0.39420899702236056,0
9161,210.10080104100052,0.43091701809316874,0
9162,210.11379120801575,0.3755420329980552,0
9163,210.12524220801424,0.4284580354578793,0
9164,210.13719241600484,0.4711250076070428,0
9165,210.15023250004742,0.5277909804135561,0
9166,210.16334258305142,0.5933329812251031,0
9167,210.17426766600693,0.3867920022457838,0
9168,210.1858049580478,0.4408329841680825,0
9169,210.19882150000194,0.4110830486752093,0
9170,210.21180070802802,,1
9171,210.3256611660472,,1
9172,210.4395472080214,,1
9173,210.55324762500823,1.0388329974375665,0
9174,210.5668502500048,0.2846250426955521,0
9175,210.57967312500114,0.22491603158414364,0
9176,210.59243570803665,0.25887496303766966,0
9177,210.60308404103853,5.567374988459051,0
9178,210.61979633301962,0.5014580092392862,0
9179,210.6328594580409,0.3689170116558671,0
9180,210.64576916600345,0.26291701942682266,0
9181,210.65857570804656,1.1039169621653855,0
9182,210.67225112504093,0.3601249773055315,0
9183,210.68516391603043,0.2279590116813779,0
9184,210.69545820803614,0.30099996365606785,0
9185,210.70831537502818,0.3310000174678862,0
9186,210.7211846249993,0.23966602748259902,0
9187,210.73381120804697,0.22066698875278234,0
9188,210.74689387500985,0.35083299735561013,0
9189,210.7597997910343,0.20583398872986436,0
9190,210.7725395000307,0.29029097640886903,0
9191,210.78538450005,0.42179098818451166,0
9192,210.79720737499883,,1
9193,210.9096977080335,,1
9194,211.0234230410424,,1
9195,211.13511300005484,,1
9196,211.24889025004813,,1
9197,211.36262454104144,,1
9198,211.47632679104572,,1
9199,211.58777675003512,0.9666659752838314,0
9200,211.59900758304866,0.4164169658906758,0
9201,211.6117788750562,0.45837496872991323,0
9202,211.62479025003267,0.2966659958474338,0
9203,211.63809212500928,0.27175003197044134,0
9204,211.6486097080051,0.45604200568050146,0
9205,211.66161670803558,0.32770796678960323,0
9206,211.67447066603927,0.26629201602190733,0
9207,211.68726645800052,0.1996250357478857,0
9208,211.6999936250504,0.2657499862834811,0
9209,211.71278708300088,0.2478330279700458,0
9210,211.72556433302816,0.2524169976823032,0
9211,211.73863683303352,0.34783297451213,0
9212,211.75061429099878,0.35841704811900854,0
9213,211.7635384160094,0.24975003907456994,0
9214,211.7763210000121,0.25466602528467774,0
9215,211.78910666605225,0.32237498089671135,0
9216,211.8019907080452,0.5444579874165356,0
9217,211.81315412500408,0.5175830447115004,0
9218,211.82719254103722,0.5573339876718819,0
9219,211.84033345803618,0.4053330048918724,0
9220,211.85450991604012,0.7272500079125166,0
9221,211.8678433750174,0.4558329819701612,0
9222,211.88039950001985,0.8924159919843078,0
9223,211.89389625005424,0.4291659570299089,0
9224,211.90691404102836,0.44104200787842274,0
9225,211.9262453750125,0.5479159881360829,0
9226,211.93932079104707,0.31112495344132185,0
9227,211.95102825004142,0.4767499631270766,0
9228,211.96416895801667,0.3896250273101032,0
9229,211.97711591603002,0.297166989184916,0
9230,211.9898253750289,0.4164580022916198,0
9231,212.00281825003913,0.44012500438839197,0
9232,212.01586354104802,0.5702920025214553,0
9233,212.02826216601534,0.49591698916628957,0
9234,212.04137341602473,0.4127090214751661,0
9235,212.05555245804135,1.5278749633580446,0
9236,212.06863520800835,0.5373330204747617,0
9237,212.08048716600752,0.3053750260733068,0
9238,212.09336391603574,0.34370901994407177,0
9239,212.1059325830429,0.4122499958612025,0
9240,212.11894900002517,0.3162079956382513,0
9241,212.13182395801414,0.4242919967509806,0
9242,212.1448285410297,,1
9243,212.25855658302316,,1
9244,212.37239937501727,,1
9245,212.48372800002107,,1
9246,212.5950632080203,,1
9247,212.7078699580161,,1
9248,212.8216687910026,,1
9249,212.93551129102707,,1
9250,213.04897887504194,,1
9251,213.16132062504767,0.24441600544378161,0
9252,213.17410108301556,0.23083301493898034,0
9253,213.18777650000993,0.3564580110833049,0
9254,213.20071883301716,0.6282920367084444,0
9255,213.21379337500548,0.5124160088598728,0
9256,213.2269504580181,0.29266701312735677,0
9257,213.239786708029,0.2775830216705799,0
9258,213.25260112504475,0.3412499791011214,0
9259,213.26542550005252,0.592124997638166,0
9260,213.27864720800426,0.4950420116074383,0
9261,213.29175795800984,0.35204202868044376,0
9262,213.30274820805062,,1
9263,213.4170642500394,,1
9264,213.530961750017,,1
9265,213.64173537504394,,1
9266,213.75531666603638,,1
9267,213.8690990830073,,1
9268,213.9873131250497,,1
9269,214.10194783302722,0.597250007558614,0
9270,214.1137453330448,0.41687500197440386,0
9271,214.12500162504148,0.5567079642787576,0
9272,214.13621291605523,0.5009169690310955,0
9273,214.14940845803358,0.8702499908395112,0
9274,214.16173041600268,0.8112920331768692,0
9275,214.17518554104026,0.75179198756814,0
9276,214.1867660410353,0.7590840104967356,0
9277,214.20017170801293,0.6554580177180469,0
9278,214.21346445800737,0.690957996994257,0
9279,214.22604416601826,0.6567090167663991,0
9280,214.23690379102482,0.6297919899225235,0
9281,214.25015666603576,0.5995840183459222,0
9282,214.2612868330325,0.5898749805055559,0
9283,214.27449162502307,0.6237910129129887,0
9284,214.28660000005038,0.6169159896671772,0
9285,214.29982000001473,0.6569999968633056,0
9286,214.31312262505526,0.650749949272722,0
9287,214.3263837500126,0.6303749978542328,0
9288,214.33786604105262,0.5986669566482306,0
9289,214.34986991604092,0.6882919697090983,0
9290,214.36315254104557,0.4788339720107615,0
9291,214.37635558302281,0.5898330127820373,0
9292,214.38958329102024,0.4924589884467423,0
9293,214.4026816660189,0.5104169831611216,0
9294,214.41579466604162,0.5061670090071857,0
9295,214.4289044580073,0.5669580423273146,0
9296,214.44085208303295,0.5513749783858657,0
9297,214.45243625005241,0.49712497275322676,0
9298,214.46553791605402,0.564624962862581,0
9299,214.4793272500392,0.5655830027535558,0
9300,214.49124312505592,0.5044159479439259,0
9301,214.5032278750441,0.7797079742886126,0
9302,214.5149319160264,0.524416973348707,0
9303,214.52805637504207,0.48304098891094327,0
9304,214.54115150001599,0.4579999949783087,0
9305,214.5556152909994,1.4422090025618672,0
9306,214.57291825005086,0.5229159723967314,0
9307,214.5838497080258,0.5568329943343997,0
9308,214.59517962503014,0.3520409809425473,0
9309,214.60808120801812,0.266792019829154,0
9310,214.62177566601895,0.4192090127617121,0
9311,214.63475833303528,0.30045799212530255,0
9312,214.64620583300712,0.3126250230707228,0
9313,214.6590677080094,0.2782079973258078,0
9314,214.67188216600334,0.26641704607754946,0
9315,214.6846699580201,0.2400419907644391,0
9316,214.69506316602929,0.3311249893158674,0
9317,214.70793158304878,0.9677920024842024,0
9318,214.72144637501333,0.30112499371171,0
9319,214.73430012504105,0.3129999968223274,0
9320,214.7450860000099,0.441625015810132,0
9321,214.75810041604564,0.4413339775055647,0
9322,214.77111450000666,0.26241602608934045,0
9323,214.78244237502804,0.3553329734131694,0
9324,214.7951054580044,0.3581250202842057,0
9325,214.80802937503904,0.29091601027175784,0
9326,214.8208434160333,0.2471249899826944,0
9327,214.83361641602824,0.24195900186896324,0
9328,214.8463837080053,0.2532080397941172,0
9329,214.85915041604312,0.2980839926749468,0
9330,214.87196975003462,0.2460000105202198,0
9331,214.88473716605222,0.23391697322949767,0
9332,214.89750383305363,0.2764579840004444,0
9333,214.91030025004875,0.2586249611340463,0
9334,214.92307608301053,0.19933300791308284,0
9335,214.93579404102638,0.24304201360791922,0
9336,214.94855000003008,0.2750830026343465,0
9337,214.96134683303535,0.24645798839628696,0
9338,214.9741129160393,0.26808399707078934,0
9339,214.98689979105256,0.23491698084399104,0
9340,214.9996548750205,0.2920409897342324,0
9341,215.01174604101107,0.2821250236593187,0
9342,215.02456720802002,,1
9343,215.1414492080221,,1
9344,215.25533683301182,,1
9345,215.36904204101302,,1
9346,215.48225879104575,,1
9347,215.5960003330256,,1
9348,215.70989800000098,,1
9349,215.82262300001457,0.7367500220425427,0
9350,215.83359345805366,0.7308749482035637,0
9351,215.84513566602254,0.6689170259051025,0
9352,215.8584705000394,0.5562499864026904,0
9353,215.8706758330227,0.3513330011628568,0
9354,215.88359650003258,0.4058330086991191,0
9355,215.89587958302582,0.4403750062920153,0
9356,215.90684720803984,0.4094169707968831,0
9357,215.9198312080116,0.44108304427936673,0
9358,215.93284625001252,0.45370799489319324,0
9359,215.9451096660341,,1
9360,216.05834404105553,,1
9361,216.17227175005246,,1
9362,216.28579891601112,0.7805420318618417,0
9363,216.3007000409998,0.6228749989531934,0
9364,216.3137353330385,0.5265419604256749,0
9365,216.3254425410414,0.4865839728154242,0
9366,216.33694725000532,0.5312910070642829,0
9367,216.35004508303246,0.5094999796710908,0
9368,216.36077183304587,0.5117079708725214,0
9369,216.3738490830292,0.5340420175343752,0
9370,216.3869603330386,0.5129579803906381,0
9371,216.4000421660021,0.4964590189047158,0
9372,216.41242937505012,0.5051249754615128,0
9373,216.42550429102266,0.5315419984981418,0
9374,216.43737112503732,0.4879579646512866,0
9375,216.44958770804806,0.5376249901019037,0
9376,216.46271737501957,0.6249159923754632,0
9377,216.4759409580147,0.59254199732095,0
9378,216.48682316602208,0.4484590026549995,0
9379,216.49983954103664,0.42091700015589595,0
9380,216.51245412504068,0.4688329645432532,0
9381,216.52548054105137,0.4240419948473573,0
9382,216.53691841603722,0.35495898919180036,0
9383,216.5498550000484,0.36800000816583633,0
9384,216.56077504105633,0.27479196432977915,0
9385,216.57203358301194,0.27404201682657003,0
9386,216.5848542500171,0.26591599453240633,0
9387,216.5967965000309,0.3370000049471855,0
9388,216.60969150002347,0.30641601188108325,0
9389,216.62122233305126,0.3264579572714865,0
9390,216.63409550004872,0.28379098512232304,0
9391,216.64470012503443,0.3259159857407212,0
9392,216.65773112501483,0.28920802287757397,0
9393,216.6705555410008,0.2756670000962913,0
9394,216.68336170801194,0.26166700990870595,0
9395,216.69411291601136,0.29958400409668684,0
9396,216.70525262504816,0.48229098320007324,0
9397,216.71829408302438,0.4208330065011978,0
9398,216.73126141604735,0.45108399353921413,0
9399,216.7442589160055,0.38658402627334,0
9400,216.75719037500676,0.4165410064160824,0
9401,216.7696536250296,0.41612499626353383,0
9402,216.78101433301345,0.22074999287724495,0
9403,216.79285345802782,0.19808299839496613,0
9404,216.80558250000468,0.19941601203754544,0
9405,216.81832041603047,0.14716701116412878,0
9406,216.8309983330546,0.15195796731859446,0
9407,216.84367462503724,0.15433301450684667,0
9408,216.85636812500888,0.2625000197440386,0
9409,216.8691171250539,0.15662499936297536,0
9410,216.88182375003817,0.16258296091109514,0
9411,216.8945152500528,0.20412495359778404,0
9412,216.90726104105124,0.24337496142834425,0
9413,216.91840091603808,0.3819589619524777,0
9414,216.93028587504523,0.39474997902289033,0
9415,216.94323295803042,0.3855829709209502,0
9416,216.9561679160106,0.38712500827386975,0
9417,216.96912033302942,0.4450000124052167,0
9418,216.98108729103114,0.4009170224890113,0
9419,216.9931427910342,0.43537496821954846,0
9420,217.00595550000435,0.40370802162215114,0
9421,217.0189046250307,0.3862910089083016,0
9422,217.03040654101642,0.4217090317979455,0
9423,217.0433809160022,0.2927090390585363,0
9424,217.05622987501556,0.2245000214315951,0
9425,217.06897591601592,0.1514169853180647,0
9426,217.08166166604497,0.439041992649436,0
9427,217.09467541601043,0.38770900573581457,0
9428,217.10537966602715,0.18333399202674627,0
9429,217.11810258304467,0.18524995539337397,0
9430,217.1297389580286,0.15425001038238406,0
9431,217.14006475004135,0.13604096602648497,0
9432,217.15273466601502,0.19820901798084378,0
9433,217.16547591600101,0.14337501488626003,0
9434,217.1781547080027,0.16787502681836486,0
9435,217.19039162504487,0.2567080082371831,0
9436,217.20318162505282,0.15320797683671117,0
9437,217.2158689580392,0.10933296289294958,0
9438,217.22836308303522,,1
9439,217.34125429100823,,1
9440,217.45509512501303,,1
9441,217.57124000001932,,1
9442,217.68382825003937,,1
9443,217.79766625002958,,1
9444,217.9105887080077,0.9510830277577043,0
9445,217.92347925005015,0.48225000500679016,0
9446,217.93628058303148,1.5207499964162707,0
9447,217.95038820803165,0.34679198870435357,0
9448,217.96182012505597,0.2782499650493264,0
9449,217.97465604101308,0.944708997849375,0
9450,217.98776650003856,0.5596659611910582,0
9451,217.9994706660509,0.5075839580968022,0
9452,218.01181875000475,0.2240000176243484,0
9453,218.02457266603597,0.24620897602289915,0
9454,218.03822154103545,0.7997499778866768,0
9455,218.05217254103627,0.5212919786572456,0
9456,218.0628434580285,0.2511669881641865,0
9457,218.07562787504867,0.2342079533264041,0
9458,218.0883941660286,0.29733398696407676,0
9459,218.1012710830546,0.26241695741191506,0
9460,218.11178675002884,0.24687498807907104,0
9461,218.1245598330279,0.222250004298985,0
9462,218.13575737504289,0.2394999610260129,0
9463,218.14852662500925,0.2952910144813359,0
9464,218.16134670801694,0.1800000318326056,0
9465,218.1740646250546,0.17187499906867743,0
9466,218.18584591604304,0.2246669610030949,0
9467,218.1986136250198,0.1872080028988421,0
9468,218.2113295410527,0.14970899792388082,0
9469,218.22259979101364,0.1818750170059502,0
9470,218.23484675004147,0.13875000877305865,0
9471,218.24509654100984,,1
9472,218.35878529102774,0.6838749977760017,0
9473,218.37170575000346,0.5884580314159393,0
9474,218.38486133300466,0.45662501361221075,0
9475,218.3978837080067,0.6397080142050982,0
9476,218.4110849580029,0.4885000525973737,0
9477,218.42413850000594,0.5257500451989472,0
9478,218.43722183303908,0.8013749611563981,0
9479,218.4505895410548,0.5172919481992722,0
9480,218.46365662501194,0.2710410044528544,0
9481,218.47651925001992,0.6071249954402447,0
9482,218.48973825003486,0.5539159756153822,0
9483,218.50252916599857,2.024875022470951,0
9484,218.51717854104936,0.588916998822242,0
9485,218.5303525000345,0.582750013563782,0
9486,218.54224020801485,1.0844999924302101,0
9487,218.55447387503227,0.915749988052994,0
9488,218.56596029101638,0.5681670154444873,0
9489,218.5791803750326,0.5895000067539513,0
9490,218.5923517080373,0.5798749625682831,0
9491,218.60523383301916,0.7548750145360827,0
9492,218.61806429101853,0.5198339931666851,0
9493,218.63024316600058,0.47387502854689956,0
9494,218.64179954101564,0.5073340144008398,0
9495,218.65467020805227,1.7612079973332584,0
9496,218.66827904101228,0.554917030967772,0
9497,218.68023087503389,0.5475410143844783,0
9498,218.69337691605324,1.3899589539505541,0
9499,218.70735012501245,0.5579580320045352,0
9500,218.72033370804274,0.20762498024851084,0
9501,218.7330797080067,,1
9502,218.84509570803493,,1
9503,218.96178908302682,2.021417021751404,0
9504,218.97640795802,0.4878750187344849,0
9505,218.98697525000898,0.2632500254549086,0
9506,218.99980183300795,0.2804580144584179,0
9507,219.01260833302513,,1
9508,219.12627000000793,,1
9509,219.24000654101837,,1
9510,219.3524489160045,,1
9511,219.4650321660447,,1
9512,219.5787702500238,,1
9513,219.69252250000136,0.32491603633388877,0
9514,219.70538762502838,0.328624970279634,0
9515,219.71827170799952,0.22195803467184305,0
9516,219.73102254100377,0.20362500799819827,0
9517,219.7437542080297,0.21991698304191232,0
9518,219.75650162500096,0.31541602220386267,0
9519,219.7693349160254,0.25441701291128993,0
9520,219.78211645805277,0.27841696282848716,0
9521,219.79491933301324,0.25633303448557854,0
9522,219.80771145800827,0.28604199178516865,0
9523,219.81960837502265,0.45608298387378454,0
9524,219.83265475003282,0.2857910003513098,0
9525,219.84555937501136,0.49358303658664227,0
9526,219.85646062501473,0.6999160395935178,0
9527,219.8697326250258,0.4854580038227141,0
9528,219.8828117500525,0.4776249988935888,0
9529,219.89512329100398,0.5300420452840626,0
9530,219.90827825001907,0.6665830151177943,0
9531,219.92157458304428,0.6987499655224383,0
9532,219.93348191602854,,1
9533,220.04511554102646,0.26766699738800526,0
9534,220.05728454102064,0.18612499115988612,0
9535,220.07000020804117,0.19441696349531412,0
9536,220.08115295803873,,1
9537,220.194920791022,0.4323340253904462,0
9538,220.20660016604234,0.2975419629365206,0
9539,220.21944179100683,0.2917920355685055,0
9540,220.2323694160441,0.5548750050365925,0
9541,220.24552462500287,0.28920802287757397,0
9542,220.25600095803384,0.32645801547914743,0
9543,220.26672525005415,0.3118749591521919,0
9544,220.2796192500391,0.23962499108165503,0
9545,220.29238941601943,0.19599997904151678,0
9546,220.30264037504094,0.3725829883478582,0
9547,220.31396712502465,0.2634159754961729,0
9548,220.3247203330393,0.2496250090189278,0
9549,220.3375182080199,0.20891701569780707,0
9550,220.3502597080078,0.20916701760143042,0
9551,220.361764375004,0.2844580449163914,0
9552,220.37362554104766,0.607333960942924,0
9553,220.38690862501971,4.64645802276209,0
9554,220.40543687500758,0.377916032448411,0
9555,220.41823545802617,0.5384170217439532,0
9556,220.43133533303626,0.2500420087017119,0
9557,220.4439845830202,0.37941703340038657,0
9558,220.4559971660492,0.43579196790233254,0
9559,220.4689863329986,0.2543330192565918,0
9560,220.48177800001577,0.22533303126692772,0
9561,220.49456100002863,0.19937497563660145,0
9562,220.50728975003585,0.34395797410979867,0
9563,220.51967195805628,0.2542919828556478,0
9564,220.53248216601787,0.30279200291261077,0
9565,220.5450936660054,0.3024170291610062,0
9566,220.56086829100968,25.037084007635713,0
9567,220.6058273750241,0.42708299588412046,0
9568,220.61893158301245,0.4902080399915576,0
9569,220.6296136660385,0.7855839794501662,0
9570,220.6430468330509,0.4808329977095127,0
9571,220.65609391604085,0.3224170068278909,0
9572,220.6689690410276,0.2398340147919953,0
9573,220.6817485000356,0.19099999917671084,0
9574,220.69446954102023,0.12329203309491277,0
9575,220.70711875002598,0.1699579879641533,0
9576,220.71980416600127,0.09191699791699648,0
9577,220.732684541028,0.15699997311457992,0
9578,220.74535408301745,0.10637502418830991,0
9579,220.75798195804236,0.19770796643570065,0
9580,220.7707003329997,0.21275004837661982,0
9581,220.78345337504288,0.2868750016205013,0
9582,220.79626770800678,0.2589580253697932,0
9583,220.8090491250041,,1
9584,220.9227202500333,,1
9585,221.03626308304956,,1
9586,221.1499598750379,,1
9587,221.2636402080534,0.2965829917229712,0
9588,221.2742595000309,0.28199999360367656,0
9589,221.28708625002764,,1
9590,221.3983327910537,,1
9591,221.51179499999853,,1
9592,221.62565050000558,,1
9593,221.7394859160413,0.683374993968755,0
9594,221.7527932500234,0.6567499949596822,0
9595,221.7646303330548,0.6309999735094607,0
9596,221.77745937503641,0.48641598550602794,0
9597,221.79056470800424,0.6709170411340892,0
9598,221.80294225004036,0.4713329835794866,0
9599,221.81590500002494,0.4758749855682254,0
9600,221.8289482910186,0.41625002631917596,0
9601,221.8400683750515,0.3772909985855222,0
9602,221.85196220804937,0.354332965798676,0
9603,221.8632398750051,0.43116603046655655,0
9604,221.87623587501002,0.3939580055885017,0
9605,221.88918537501013,0.4070409922860563,0
9606,221.90214083303,0.39716699393466115,0
9607,221.91338125005132,0.556624960154295,0
9608,221.9265075410367,0.6169590051285923,0
9609,221.93769245804287,0.6192500004544854,0
9610,221.9509530000505,0.6484999903477728,0
9611,221.96319570805645,0.5763329681940377,0
9612,221.9750761250034,1.233208051417023,0
9613,221.98893608304206,0.5011250032112002,0
9614,222.00083212502068,0.44179102405905724,0
9615,222.01297787501244,0.6676249904558063,0
9616,222.02627412503352,0.5311659770086408,0
9617,222.03759175003506,1.0624579736031592,0
9618,222.04918175004423,0.5105829914100468,0
9619,222.0626790410024,0.5472500342875719,0
9620,222.07582554104738,0.585292000323534,0
9621,222.08762570802355,0.44187501771375537,0
9622,222.10066391603323,0.3897090209648013,0
9623,222.1136222500354,0.28983299853280187,0
9624,222.12554254103452,,1
9625,222.23927287501283,,1
9626,222.35301133303437,,1
9627,222.4666892910027,,1
9628,222.58036070800154,,1
9629,222.69412125000963,,1
9630,222.80793200002518,0.5584160098806024,0
9631,222.81953825004166,0.3838749835267663,0
9632,222.8324832910439,0.3593749715946615,0
9633,222.8468315830105,7.696625019889325,0
9634,222.8671130410512,0.26074994821101427,0
9635,222.87936879100744,0.2963340375572443,0
9636,222.89050249999855,0.2562080044299364,0
9637,222.90120433300035,0.26116700610145926,0
9638,222.91399929102045,0.27291697915643454,0
9639,222.9268221660168,0.3179170307703316,0
9640,222.93968608300202,0.29333302518352866,0
9641,222.95253762503853,1.0572500177659094,0
9642,222.96617395803332,0.3123750211670995,0
9643,222.97966820804868,9.155666979495436,0
9644,223.0010201660334,0.7895000162534416,0
9645,223.014431291027,0.29512500623241067,0
9646,223.02746766601922,6.370500021148473,0
9647,223.04644583305344,1.9389999797567725,0
9648,223.0603920830181,0.3090000245720148,0
9649,223.07327854103642,0.4309999640099704,0
9650,223.0862830830156,0.4570829914882779,0
9651,223.09760325000389,0.37591601721942425,0
9652,223.11057258304209,,1
9653,223.22243758302648,,1
9654,223.33629116602242,0.357625016476959,0
9655,223.3492130000377,0.2746660029515624,0
9656,223.3633683330263,0.9844169835560024,0
9657,223.37805175001267,0.3567080129869282,0
9658,223.3899507500464,0.3149579861201346,0
9659,223.40147354104556,0.2681249752640724,0
9660,223.41303079103818,0.3107499796897173,0
9661,223.42690991604468,0.28312497306615114,0
9662,223.43737845803844,0.31929201213642955,0
9663,223.45031545800157,0.29916700441390276,0
9664,223.46269950002898,1.843790989369154,0
9665,223.47706054104492,0.44012500438839197,0
9666,223.49008462502388,0.3731659962795675,0
9667,223.5032772910199,0.29779202304780483,0
9668,223.51459970802534,0.27254200540483,0
9669,223.5293854160118,0.513250008225441,0
9670,223.54330333304824,5.591207998804748,0
9671,223.56191416602815,0.6482499884441495,0
9672,223.57328566600336,1.2624170049093664,0
9673,223.58482825005194,0.24516595294699073,0
9674,223.5976147080073,0.19358302233740687,0
9675,223.61049637501128,0.27725001564249396,0
9676,223.62158820801415,0.5343329976312816,0
9677,223.63469591602916,0.4272920195944607,0
9678,223.6477320830454,0.3250829759053886,0
9679,223.6605998330051,0.2822499955072999,0
9680,223.67260004102718,0.3207499976269901,0
9681,223.6855023750104,0.6963750347495079,0
9682,223.69876645802287,0.3507080255076289,0
9683,223.71166366600664,0.3404170274734497,0
9684,223.72355162503663,0.35745801869779825,0
9685,223.73476933303755,0.2758749760687351,0
9686,223.74695654102834,0.34008402144536376,0
9687,223.7598665410187,0.4997500218451023,0
9688,223.7710183750023,0.5214160191826522,0
9689,223.7821012500208,0.5658750305883586,0
9690,223.79523504100507,0.513250008225441,0
9691,223.80819887504913,0.415499962400645,0
9692,223.8210392500041,0.49400003626942635,0
9693,223.8327923330362,0.4104999825358391,0
9694,223.8441381250159,0.3039159928448498,0
9695,223.8569938330329,0.20695797866210341,0
9696,223.869817083003,0.35508302971720695,0
9697,223.88280516600935,0.30070904176682234,0
9698,223.89408500003628,0.31533301807940006,0
9699,223.90508766600396,0.6749590393155813,0
9700,223.91696737502934,0.38195797242224216,0
9701,223.92991104105022,0.2371249720454216,0
9702,223.94138341600774,0.3855419927276671,0
9703,223.95184287504526,0.2205409691669047,0
9704,223.96291720803129,0.6712920148856938,0
9705,223.97621662501479,0.35799999022856355,0
9706,223.98915437504184,0.401041004806757,0
9707,224.00210370804416,0.26712496764957905,0
9708,224.01492495799903,0.2280420158058405,0
9709,224.0276879160083,0.15112501569092274,0
9710,224.04036350001115,0.1260410062968731,0
9711,224.05301887501264,0.12558302842080593,0
9712,224.06566512503196,0.1379160094074905,0
9713,224.07832054101164,0.18341699615120888,0
9714,224.09102316602366,0.18670898862183094,0
9715,224.10372908302816,0.25820801965892315,0
9716,224.1165094160242,0.2577920095063746,0
9717,224.128436125,0.2560000284574926,0
9718,224.1412482500309,0.3864159807562828,0
9719,224.15418645803584,0.2680830075405538,0
9720,224.1671938750078,0.4319580039009452,0
9721,224.1812039160286,1.1339589837007225,0
9722,224.19473295804346,0.6069579976610839,0
9723,224.2079384580138,0.48341701040044427,0
9724,224.2196349160513,0.5477499798871577,0
9725,224.23279304103926,0.42341696098446846,0
9726,224.24616820801748,0.4558750079013407,0
9727,224.2592425000039,0.5500830011442304,0
9728,224.2704630830558,0.5112499929964542,0
9729,224.28302604105556,0.47379196621477604,0
9730,224.2954145410331,0.5055000074207783,0
9731,224.30853600002592,0.45154098188504577,0
9732,224.32088333304273,0.540749984793365,0
9733,224.33397104102187,0.5510420305654407,0
9734,224.34547250001924,0.4823750350624323,0
9735,224.358541625028,0.44429098488762975,0
9736,224.37127508304548,0.6732919719070196,0
9737,224.38492541603046,0.45545899774879217,0
9738,224.39796004100936,0.31216704519465566,0
9739,224.41083783301292,0.389833003282547,0
9740,224.4232762500178,0.5232910043559968,0
9741,224.43624154099962,0.4165420541539788,0
9742,224.4492037910386,0.2720420015975833,0
9743,224.46201120800106,0.3271670429967344,0
9744,224.47489750001114,0.4432080313563347,0
9745,224.4879809160484,0.5553749506361783,0
9746,224.50112333300058,0.3791250055655837,0
9747,224.51288570801262,0.3339580143801868,0
9748,224.52577350003412,0.34087500534951687,0
9749,224.5386777910171,0.3652920131571591,0
9750,224.55080437503057,0.32462499802932143,0
9751,224.56267550005578,0.4237499670125544,0
9752,224.57425370800775,1.013167027849704,0
9753,224.58731062500738,0.27837499510496855,0
9754,224.60012300004018,0.280165986623615,0
9755,224.61293345800368,0.24408299941569567,0
9756,224.62571754102828,0.250459008384496,0
9757,224.6363117910223,0.3487499780021608,0
9758,224.64922554104123,0.2524169976823032,0
9759,224.66199825005606,0.18416595412418246,0
9760,224.67473062500358,0.5605000187642872,0
9761,224.68738387501799,0.5539580015465617,0
9762,224.7005416250322,0.4508749698288739,0
9763,224.7147153330152,0.39000000106170774,0
9764,224.72766658302862,0.29612501384690404,0
9765,224.73991845804267,0.20954199135303497,0
9766,224.75267404102487,0.38529199082404375,0
9767,224.76393562502926,0.2157079870812595,0
9768,224.77671079104766,0.38487499114125967,0
9769,224.7892680830555,0.3760829567909241,0
9770,224.80221095803427,0.2585829934105277,0
9771,224.81506279105088,0.7000839686952531,0
9772,224.82593033305602,0.43699995148926973,0
9773,224.8371078330092,0.4615419893525541,0
9774,224.8501581660239,0.46787498285993934,0
9775,224.86683016602183,1.5010840143077075,0
9776,224.8789585410268,1.9873339915648103,0
9777,224.89378120802576,0.31383300665766,0
9778,224.90576033300022,0.28316699899733067,0
9779,224.9186357910512,0.527750002220273,0
9780,224.93178754101973,0.549459015019238,0
9781,224.94410491600865,3.3430420444346964,0
9782,224.96012533304747,0.9019169956445694,0
9783,224.97364779101918,1.384209026582539,0
9784,224.98636958299903,0.8246250217780471,0
9785,224.99797220801702,6.574125029146671,0
9786,225.01712645799853,0.5892920307815075,0
9787,225.0279679580126,0.31358300475403666,0
9788,225.03926387504907,0.21154095884412527,0
9789,225.0519998750533,0.2430829918012023,0
9790,225.06407304102322,0.4509169957600534,0
9791,225.07711816602387,0.5263750208541751,0
9792,225.0902365410002,0.31983404187485576,0
9793,225.1029177910532,0.2269589458592236,0
9794,225.11567270802334,0.2723329816944897,0
9795,225.1274535410339,0.4521249793469906,0
9796,225.1405372910085,0.42816699715331197,0
9797,225.15359275002265,0.294625002425164,0
9798,225.16643575002672,0.27079100254923105,0
9799,225.17925908300094,0.43687503784894943,0
9800,225.19220758305164,0.5160419968888164,0
9801,225.20531945803668,0.28808298520743847,0
9802,225.21814425004413,0.18445798195898533,0
9803,225.22964741603937,0.27658400358632207,0
9804,225.24187970801722,0.28375000692903996,0
9805,225.25360691605601,0.20058394875377417,0
9806,225.2644871250377,0.30262500513345003,0
9807,225.27734795800643,0.3861250006593764,0
9808,225.28966645803303,0.3512079711072147,0
9809,225.30243720801082,0.29266701312735677,0
9810,225.3152717910125,0.414125039242208,0
9811,225.32827212504344,0.4707080079242587,0
9812,225.34055562503636,0.42458297684788704,0
9813,225.35292537504574,0.2811659942381084,0
9814,225.3637226250139,0.4396250005811453,0
9815,225.3767270000535,0.2436249633319676,0
9816,225.3889640000416,0.3062079777009785,0
9817,225.40181950002443,0.23641600273549557,0
9818,225.4145759580424,0.2943329745903611,0
9819,225.42739141604397,0.21095899865031242,0
9820,225.440122333006,0.16670802142471075,0
9821,225.45280595804797,0.1972499885596335,0
9822,225.46555929101305,0.27829199098050594,0
9823,225.47840883303434,0.3017499693669379,0
9824,225.48948387504788,0.31779095297679305,0
9825,225.50134570803493,0.3548329696059227,0
9826,225.51426825003,0.21495798137038946,0
9827,225.52701250003884,0.22091600112617016,0
9828,225.53977216605563,0.421999953687191,0
9829,225.55273991602007,0.3058750298805535,0
9830,225.56346475001192,1.0805830243043602,0
9831,225.57709691603668,0.3742919652722776,0
9832,225.58924991602544,0.18379202811047435,0
9833,225.6019663750194,0.16200001118704677,0
9834,225.61465337499976,0.16295805107802153,0
9835,225.62735133303795,0.1889580162242055,0
9836,225.6400847080513,0.27479196432977915,0
9837,225.65289220801787,0.1793749979697168,0
9838,225.66561379103223,0.2639169688336551,0
9839,225.678452125052,0.3023750032298267,0
9840,225.69132316601463,0.2262920024804771,0
9841,225.7029273750377,0.40550000267103314,0
9842,225.71432708302746,0.23312499979510903,0
9843,225.72606391605223,0.45241694897413254,0
9844,225.73907704104204,0.4176250076852739,0
9845,225.75147270801244,0.42624998604878783,0
9846,225.7634058330441,0.6580419722013175,0
9847,225.77598545805085,0.4879999905824661,0
9848,225.78903800004628,0.4161659744568169,0
9849,225.80201029102318,0.37866702768951654,0
9850,225.8149581250036,0.36045804154127836,0
9851,225.82790850003948,0.40279095992445946,0
9852,225.84087675000774,0.3481660387478769,0
9853,225.8537860000506,0.35383296199142933,0
9854,225.86669841600815,0.34595903707668185,0
9855,225.8796131250565,0.3317909431643784,0
9856,225.89195495803142,0.45016699004918337,0
9857,225.903165500029,0.8574160165153444,0
9858,225.91659816604806,0.25879195891320705,0
9859,225.92942716600373,0.578792009036988,0
9860,225.9426217910368,0.4841670161113143,0
9861,225.95471616601571,0.5685419891960919,0
9862,225.9671904160059,0.5139170098118484,0
9863,225.97921066603158,0.524416973348707,0
9864,225.99233233300038,0.494792009703815,0
9865,226.00542279100046,0.47337502473965287,0
9866,226.01741187501466,0.558166007976979,0
9867,226.03058045799844,0.5691670230589807,0
9868,226.04373475001194,0.261375040281564,0
9869,226.05655845801812,0.22500002523884177,0
9870,226.06932779104682,0.2127089537680149,0
9871,226.0820840410306,0.19712501671165228,0
9872,226.09484270802932,0.19929197151213884,0
9873,226.10758558299858,0.22075005108490586,0
9874,226.11909550003475,0.21795800421386957,0
9875,226.12999008304905,0.2846669522114098,0
9876,226.1415885410388,0.34058396704494953,0
9877,226.15294304100098,0.49775000661611557,0
9878,226.16606754105305,0.5047089653089643,0
9879,226.17859383299947,0.42583304457366467,0
9880,226.1913329580566,0.7508749840781093,0
9881,226.20303324999986,0.4700000281445682,0
9882,226.21454091602936,0.2875420032069087,0
9883,226.22670154104708,0.20583398872986436,0
9884,226.23925291601336,0.21454202942550182,0
9885,226.25200545805274,0.20237499848008156,0
9886,226.26473845803412,0.20700000459328294,0
9887,226.27747445803834,0.26000000070780516,0
9888,226.28924666601233,0.24725002003833652,0
9889,226.30202495801495,0.16850000247359276,0
9890,226.31473254103912,0.48587500350549817,0
9891,226.32781362504466,0.4474999732337892,0
9892,226.34086491604103,0.3886249614879489,0
9893,226.35381666600006,0.32633403316140175,0
9894,226.36655866604997,0.30041695572435856,0
9895,226.37941837502876,0.36516599357128143,0
9896,226.39103804103797,0.3224170068278909,0
9897,226.40318058303092,0.4326250054873526,0
9898,226.41614262503572,0.48937497194856405,0
9899,226.42917620803928,0.3762500127777457,0
9900,226.44084054103587,0.394499977119267,0
9901,226.45244337501936,0.4039580235257745,0
9902,226.46539712505182,0.3417079569771886,0
9903,226.4782919580466,0.34604198299348354,0
9904,226.48988654103596,0.34379196586087346,0
9905,226.50243216601666,0.32820901833474636,0
9906,226.5153125410434,0.3195839817635715,0
9907,226.5282272080076,0.4227920435369015,0
9908,226.5412335000001,0.38583303103223443,0
9909,226.5528717910056,0.27254200540483,0
9910,226.5656908750534,0.26895798509940505,0
9911,226.57851600000868,0.27595803840085864,0
9912,226.59093583305366,0.2888749586418271,0
9913,226.60343070805538,0.25295797968283296,0
9914,226.61622825002996,0.3453330136835575,0
9915,226.62848641601158,0.3047920181415975,0
9916,226.64040283299983,0.5047500017099082,0
9917,226.6535049160011,0.542209018021822,0
9918,226.66597829101374,0.4954590112902224,0
9919,226.67905537504703,0.21974998526275158,0
9920,226.69182308303425,0.1978749642148614,0
9921,226.70399600005476,0.1871249987743795,0
9922,226.71672733302694,0.18058298155665398,0
9923,226.7283272910281,0.22475002333521843,0
9924,226.73873312503565,0.49775000661611557,0
9925,226.75158283300698,0.29095803620293736,0
9926,226.76444862503558,0.3797499812208116,0
9927,226.77740604104474,0.28191698947921395,0
9928,226.78986487502698,0.32420799834653735,0
9929,226.80179883301025,0.2886250149458647,0
9930,226.8146289580036,0.16679201507940888,0
9931,226.82656558300368,0.23458304349333048,0
9932,226.83933837502263,0.3316660295240581,0
9933,226.8522203330067,0.32750004902482033,0
9934,226.8651011660113,0.3094170242547989,0
9935,226.87819600000512,0.2988330088555813,0
9936,226.8910395410494,0.2829169970937073,0
9937,226.9035687080468,0.3482920001260936,0
9938,226.91648395801894,,1
9939,227.03014395805076,,1
9940,227.14326295803767,,1
9941,227.2572037500213,,1
9942,227.3708368750522,,1
9943,227.48516091605416,0.8543339790776372,0
9944,227.497780375008,,1
9945,227.61161958304,0.46570796985179186,0
9946,227.62352562503656,0.3547079977579415,0
9947,227.63633800001116,0.3404580056667328,0
9948,227.649036583025,0.3861670265905559,0
9949,227.66198670800077,0.3232080489397049,0
9950,227.67485883302288,0.28208299772813916,0
9951,227.68685404100688,0.416958995629102,0
9952,227.69983387505636,0.29866595286875963,0
9953,227.71268208301626,0.30437501845881343,0
9954,227.7234593750327,0.2835000050254166,0
9955,227.73576795804547,0.2918749814853072,0
9956,227.74862812500214,0.25687500601634383,0
9957,227.76143837504787,0.32070797169581056,0
9958,227.77277233300265,0.23395800963044167,0
9959,227.78554720804095,0.2928749890998006,0
9960,227.7983918330283,0.28591701993718743,0
9961,227.81122945802053,0.27466699248179793,0
9962,227.82404845801648,0.2731670392677188,0
9963,227.83578170801047,0.35679200664162636,0
9964,227.8486828750465,0.3216249751858413,0
9965,227.86083145800512,0.2701670164242387,0
9966,227.87365012505325,0.266374961938709,0
9967,227.8857678330387,0.32341701444238424,0
9968,227.8986447500065,0.3121659974567592,0
9969,227.9098024580162,0.28849998489022255,0
9970,227.9215352080064,0.5228330264799297,0
9971,227.93298329104437,0.3874169779010117,0
9972,227.94519129104447,0.4521670052781701,0
9973,227.9566070830333,0.5967500037513673,0
9974,227.96912258304656,0.4468329716473818,0
9975,227.98217162501533,0.5216249846853316,0
9976,227.99514741601888,0.47908403212204576,0
9977,228.0070572910481,0.38174999644979835,0
9978,228.02000487502664,0.3920830204151571,0
9979,228.0329615000519,0.4016659804619849,0
9980,228.04594495805213,0.4882919602096081,0
9981,228.05809766601305,0.4534170147962868,0
9982,228.06909454101697,0.3177500329911709,0
9983,228.08199058304308,0.4747500061057508,0
9984,228.09505158301909,0.6339169922284782,0
9985,228.10828416602453,0.5727090174332261,0
9986,228.12109954102198,0.5171670345589519,0
9987,228.13269533304265,0.4772499669343233,0
9988,228.14575225004228,,1
9989,228.25972875003936,0.8952909847721457,0
9990,228.2732600000454,0.7544579566456378,0
9991,228.2866281250026,0.6959160091355443,0
9992,228.29993875004584,0.5721659981645644,0
9993,228.313118666003,0.6970420363359153,0
9994,228.32586962502683,0.6639580242335796,0
9995,228.33787366602337,0.611750001553446,0
9996,228.35108529101126,,1
9997,228.46497179102153,,1
9998,228.5790411660564,,1
9999,228.69086179102305,,1
