seq,times_elapsed_secs,rtt_ms,lost
0,1.0830117389559746e-06,149.23312497558072,0
1,0.16429779201280326,153.8865410257131,0
2,0.3296061250148341,103.99408300872892,0
3,0.44456395803717896,87.51279197167605,0
4,0.545770958007779,69.56924998667091,0
5,0.6303750000079162,111.4279170287773,0
6,0.7568541250075214,79.62091697845608,0
7,0.8515035000164062,67.21645797370002,0
8,0.9337764169904403,116.26625002827495,0
9,1.0650999579811469,114.45254203863442,0
10,1.1935827499837615,118.73066704720259,0
11,1.327376458037179,82.95349997933954,0
12,1.425414792029187,110.93370796879753,0
13,1.5514335419866256,106.61845799768344,0
14,1.6721505000023171,61.29987502936274,0
15,1.7484990420052782,124.97783300932497,0
16,1.8885385420289822,120.34937500720844,0
17,2.0236842079903,182.457874994725,0
18,2.2212719169910997,116.55224999412894,0
19,2.3488059579976834,106.13120900234208,0
20,2.4700020829914138,145.13312501367182,0
21,2.630209917027969,114.39958296250552,0
22,2.759689291997347,128.47454100847244,0
23,2.901086333033163,92.38591697067022,0
24,3.00855558301555,116.99812498409301,0
25,3.13640962500358,141.37212501373142,0
26,3.2928805419942364,128.9838330121711,0
27,3.436801292002201,114.30854100035504,0
28,3.5661977080162615,77.30191701557487,0
29,3.6585555829806253,123.70908400043845,0
30,3.797327417007182,105.81191600067541,0
31,3.918199583014939,125.89837500127032,0
32,4.055477874993812,116.55004200292751,0
33,4.183223958010785,140.54920902708545,0
34,4.336623832990881,108.03154204040766,0
35,4.456633750000037,107.4852499878034,0
36,4.579213000019081,126.72170798759907,0
37,4.721055958012585,71.77933398634195,0
38,4.803819000022486,98.34233298897743,0
39,4.913094874995295,94.54829199239612,0
40,5.019092417031061,169.80395797872916,0
41,5.199103792023379,98.8369999686256,0
42,5.308223458006978,130.0146250287071,0
43,5.453312750032637,127.28991697076708,0
44,5.595662333013024,102.04020899254829,0
45,5.709655041981023,63.83229105267674,0
46,5.788542082998902,139.3229590030387,0
47,5.9421249169972725,93.11029099626467,0
48,6.045770000026096,128.64245800301433,0
49,6.184893249999732,64.97775000752881,0
50,6.2649144169990905,94.62912502931431,0
51,6.369718750007451,145.39183297893032,0
52,6.525966499990318,152.7911250013858,0
53,6.690970916999504,71.299416013062,0
54,6.777326916984748,61.60979100968689,0
55,6.85130720800953,102.35362499952316,0
56,6.963859707990196,122.86008399678394,0
57,7.101790666987654,113.21837501600385,0
58,7.230064457980916,119.54108404461294,0
59,7.36287066701334,80.74904099339619,0
60,7.458668457984459,126.41937501030043,0
61,7.597317458014004,138.42274999478832,0
62,7.750801792019047,97.29845798574388,0
63,7.863155250030104,66.63337495410815,0
64,7.944741957995575,85.85533400764689,0
65,8.045659333001822,133.33733403123915,0
66,8.194048749981448,58.18225000984967,0
67,8.263508792035282,103.60337496967986,0
68,8.38216870801989,80.76266699936241,0
69,8.473075166984927,106.72270803479478,0
70,8.59490199998254,103.28116704476997,0
71,8.713289958017413,111.0094590112567,0
72,8.83878645801451,152.8694999869913,0
73,9.006737457995769,116.46770901279524,0
74,9.138271125033498,142.691291985102,0
75,9.296031582984142,102.2822090308182,0
76,9.413373292016331,86.98683301918209,0
77,9.513495874998625,120.6981249852106,0
78,9.644593583012465,22.914959001354873,0
79,9.680511292011943,109.28737500216812,0
80,9.804861666983925,110.10762501973659,0
81,9.930030292016454,64.40187501721084,0
82,10.009481957997195,117.98658402403817,0
83,10.142512916994747,89.69341602642089,0
84,10.243908957985695,34.733292006421834,0
85,10.29370049998397,101.0420000529848,0
86,10.409791291982401,81.12295804312453,0
87,10.505952792009339,91.9703749823384,0
88,10.611833041999489,102.49079100321978,0
89,10.724588375014719,146.0811669821851,0
90,10.882108375022653,112.90183296659961,0
91,11.010060833010357,104.53741700621322,0
92,11.12964566698065,118.53300000075251,0
93,11.26056858303491,54.49370900169015,0
94,11.328661042032763,138.25191598152742,0
95,11.479834125027992,78.05445796111599,0
96,11.568603417021222,114.45695796282962,0
97,11.694748500012793,70.04079199396074,0
98,11.776137207983993,75.56279201526195,0
99,11.863204666995443,98.34320802474394,0
100,11.976592042017728,165.5768749769777,0
101,12.155872750037815,125.43866696069017,0
102,12.29275800002506,90.51870799157768,0
103,12.397156041988637,97.19091601436958,0
104,12.509455208026338,68.12512496253476,0
105,12.592671166989021,100.60862504178658,0
106,12.704843542014714,83.97912501823157,0
107,12.803619500016794,132.1226250147447,0
108,12.947688292013481,67.25283298874274,0
109,13.0259354999871,100.42095801327378,0
110,13.137489625019953,76.82883297093213,0
111,13.229587499983609,84.855624998454,0
112,13.329538458026946,125.30929199419916,0
113,13.466357166995294,109.59741601254791,0
114,13.591033875010908,121.47704197559506,0
115,13.725773999991361,140.42929199058563,0
116,13.881275792024098,144.3795830127783,0
117,14.039142417022958,64.98883297899738,0
118,14.119186374999117,126.73033302417025,0
119,14.258828458026983,54.464499989990145,0
120,14.328392875031568,106.72083299141377,0
121,14.450278125004843,165.99545802455395,0
122,14.629079042002559,104.89250003593042,0
123,14.747575875022449,98.34366699215025,0
124,14.860979332996067,108.78158401465043,0
125,14.983681957994122,107.29662503581494,0
126,15.105236875009723,111.25612497562543,0
127,15.2315415830235,87.77445898158476,0
128,15.334392625023611,142.94941700063646,0
129,15.49243858299451,137.15979200787842,0
130,15.644373874994926,99.83345802174881,0
131,15.758597125008237,110.36341701401398,0
132,15.884036208037287,124.18170896125957,0
133,16.023274958017282,135.96237497404218,0
134,16.174341250036377,112.33683297177777,0
135,16.299257625010796,131.29437499446794,0
136,16.445629875001032,102.37429203698412,0
137,16.5594273750321,76.06987498002127,0
138,16.6457862079842,93.11283403076231,0
139,16.753948917030357,141.0315409884788,0
140,16.910040792019572,135.99495799280703,0
141,17.058329207997303,105.01329199178144,0
142,17.177392458019312,86.29312500124797,0
143,17.27873645798536,116.46487499820068,0
144,17.407501625013538,156.30224999040365,0
145,17.578951625037007,148.43337499769405,0
146,17.7379719580058,89.84262502053753,0
147,17.84295200003544,103.19437499856576,0
148,17.961285041994415,66.55520800268278,0
149,18.042905875016004,72.98508298117667,0
150,18.13100920803845,113.2089999737218,0
151,18.2552424169844,111.52116605080664,0
152,18.376984625007026,140.79579198732972,0
153,18.533111958007794,142.72620901465416,0
154,18.69096937502036,132.82358297146857,0
155,18.838933958031703,150.55466699413955,0
156,19.004619833023753,94.53416697215289,0
157,19.111749042000156,77.01020798413083,0
158,19.20389783300925,122.40279198158532,0
159,19.341423208010383,182.26595898158848,0
160,19.535633000021335,121.60387501353398,0
161,19.672308292007074,66.15258299279958,0
162,19.752438792027533,110.1717499550432,0
163,19.877663041988853,145.6541660008952,0
164,20.038368583016563,79.26983397919685,0
165,20.129640875034966,134.45974997011945,0
166,20.279223042016383,88.74812501017004,0
167,20.38302454201039,144.92912497371435,0
168,20.541648167010862,134.14295797701925,0
169,20.686136750038713,112.94995795469731,0
170,20.814148708013818,168.89879200607538,0
171,20.99442495801486,98.21562498109415,0
172,21.10319387499476,89.90587503649294,0
173,21.208165457996074,158.65125000709668,0
174,21.381878625019453,76.9960000179708,0
175,21.473960375005845,166.94800002733245,0
176,21.655958999996074,109.32887502713129,0
177,21.77950037503615,79.44066694471985,0
178,21.873985833022743,106.29033396253362,0
179,21.99535854201531,114.44441601634026,0
180,22.120575917011593,116.55791598604992,0
181,22.248018292011693,95.0122500071302,0
182,22.358085874991957,139.66637500561774,0
183,22.512236792012118,32.54029102390632,0
184,22.556013500026893,86.9739999761805,0
185,22.658069708035327,100.89787497418001,0
186,22.7740322080208,165.00062501290813,0
187,22.954113250016235,50.60445796698332,0
188,23.02032741700532,94.66554102255031,0
189,23.130060792027507,70.5340409767814,0
190,23.21564266702626,82.31012499891222,0
191,23.309845875017345,130.71129197487608,0
192,23.4518700420158,122.74987500859424,0
193,23.5890669170185,144.41004098625854,0
194,23.748552875011228,82.9472920158878,0
195,23.842875999980606,119.04183303704485,0
196,23.972403082996607,142.63141702394933,0
197,24.12916116701672,136.4583329996094,0
198,24.280690208019223,94.57958396524191,0
199,24.390367541986052,139.51370801078156,0
200,24.541060291987378,82.81375002115965,0
201,24.638491833000444,164.26054202020168,0
202,24.81321495800512,115.18983403220773,0
203,24.943480957997963,102.50895901117474,0
204,25.056964958028402,111.44049995345995,0
205,25.183478916995227,131.97020802181214,0
206,25.330509833001997,157.20770898042247,0
207,25.502778750029393,104.75137497996911,0
208,25.617726250027772,99.45658297510818,0
209,25.73223666701233,121.99016602244228,0
210,25.869275583012495,84.32550000725314,0
211,25.968644042033702,58.919499977491796,0
212,26.0389674170292,135.5862079653889,0
213,26.18964891700307,99.1115000215359,0
214,26.30009108298691,144.3415840039961,0
215,26.459487000014633,75.726457987912,0
216,26.549785916984547,18.16883304854855,0
217,26.583000166981947,118.06054104818031,0
218,26.71610870800214,113.812500028871,0
219,26.844038249982987,152.8611250105314,0
220,27.011950541986153,126.15225004265085,0
221,27.15320454200264,110.20741600077599,0
222,27.27457433298696,128.15391703043133,0
223,27.417812041996513,95.93850001692772,0
224,27.52784070803318,112.59770899778232,0
225,27.652899499982595,70.156833040528,0
226,27.737963250023313,126.08683301368728,0
227,27.87747375003528,86.24516695272177,0
228,27.97788116702577,91.56649996293709,0
229,28.08456945803482,123.43670899281278,0
230,28.222127792018,137.85720797022805,0
231,28.37504633300705,70.94725000206381,0
232,28.459646833012812,162.52945899032056,0
233,28.63613954198081,92.88183302851394,0
234,28.74413462501252,128.1179169891402,0
235,28.887319041998126,130.1890829927288,0
236,29.032598167017568,108.56570798205212,0
237,29.156212500005495,115.59641698841006,0
238,29.286876042024232,164.4146660109982,0
239,29.463872416992672,133.9002909953706,0
240,29.610661374987103,123.94612503703684,0
241,29.74835195799824,46.64462502114475,0
242,29.81004708301043,86.35237498674542,0
243,29.910771000024397,139.68724996084347,0
244,30.065513250010554,112.59704199619591,0
245,30.192304000025615,81.76904200809076,0
246,30.28814895800315,82.03704201150686,0
247,30.38525120803388,99.12620898103341,0
248,30.499432916985825,125.69075002102181,0
249,30.64022937498521,122.21312499605119,0
250,30.775853166996967,139.42283298820257,0
251,30.930348000023514,83.61316699301824,0
252,31.029127374989912,130.8267920394428,0
253,31.170720542024355,91.12154098693281,0
254,31.27207762503531,101.50183294899762,0
255,31.388484375027474,152.5537499692291,0
256,31.556104083021637,108.09312498895451,0
257,31.67559875000734,104.51049997936934,0
258,31.79517570801545,104.13674998562783,0
259,31.913644667016342,92.96916599851102,0
260,32.01807079202263,157.21920796204358,0
261,32.186424707993865,151.79112501209602,0
262,32.35326983302366,131.63908396381885,0
263,32.49997262499528,115.19912502262741,0
264,32.63025512499735,135.34287502989173,0
265,32.779927125026006,108.07479196228087,0
266,32.90289875003509,120.52029196638614,0
267,33.0341927499976,122.42408300517127,0
268,33.16719170799479,109.2058340436779,0
269,33.29026320803678,151.2962089618668,0
270,33.456605250015855,163.11383299762383,0
271,33.63290891703218,142.91716599836946,0
272,33.78937600000063,46.56049999175593,0
273,33.85102395800641,162.73420897778124,0
274,34.02884325000923,124.4139579939656,0
275,34.16598450002493,92.6937919575721,0
276,34.27375120803481,101.25812498154119,0
277,34.39016462501604,136.0554170096293,0
278,34.541156582999974,141.65833400329575,0
279,34.69671629200457,130.9004159993492,0
280,34.83924212498823,114.78229204658419,0
281,34.969133125036024,110.7308329665102,0
282,35.094752667006105,126.70999998226762,0
283,35.23297666700091,105.79020803561434,0
284,35.35381704202155,77.8848750051111,0
285,35.44675354199717,91.77412500139326,0
286,35.551637042022776,106.37054097605869,0
287,35.66936800000258,116.03562498930842,0
288,35.79565804201411,170.0700829969719,0
289,35.980786000029184,61.43295799847692,0
290,36.05727350001689,124.77920798119158,0
291,36.19710908300476,105.27820902643725,0
292,36.31333849998191,111.38800001936033,0
293,36.43569783301791,147.32499996898696,0
294,36.59806483302964,138.50199995795265,0
295,36.74908720800886,104.76954199839383,0
296,36.865841582999565,87.08295901305974,0
297,36.964044374995865,62.45804199716076,0
298,37.04154558299342,102.58379200240597,0
299,37.15917729202192,141.86324999900535,0
300,37.31485462503042,97.46383299352601,0
301,37.42256512498716,128.19925002986565,0
302,37.565885208023246,131.72091700835153,0
303,37.71266033302527,122.32537497766316,0
304,37.85005662502954,134.7696669981815,0
305,38.0010210420005,106.77225003018975,0
306,38.12285595800495,83.3400419796817,0
307,38.22124566702405,72.31816597050056,0
308,38.308602792036254,135.89945796411484,0
309,38.45582691702293,96.48512495914474,0
310,38.56613774999278,101.43087501637638,0
311,38.68090958299581,134.13816702086478,0
312,38.82711970800301,81.63445902755484,0
313,38.92024583299644,163.64766703918576,0
314,39.095042957982514,128.04162502288818,0
315,39.23387587501202,94.58024997729808,0
316,39.3435405830387,91.49929194245487,0
317,39.44577545800712,141.12462499178946,0
318,39.59911187499529,75.02500002738088,0
319,39.68919204198755,82.84783299313858,0
320,39.78711170802126,102.78345900587738,0
321,39.90150174999144,112.49708302784711,0
322,40.02898791700136,104.81270798482001,0
323,40.14460483298171,122.23812501179054,0
324,40.27881462499499,95.43695801403373,0
325,40.38849616702646,99.30958296172321,0
326,40.49919141700957,145.38804098265246,0
327,40.65592870803084,127.92712496593595,0
328,40.798905417032074,87.93599996715784,0
329,40.89985308301402,156.19254199555144,0
330,41.06808670802275,42.32775000855327,0
331,41.12545408302685,111.2343340064399,0
332,41.25176145799924,128.3616250148043,0
333,41.395196333003696,131.5187499858439,0
334,41.53686504199868,112.16449999483302,0
335,41.66092541703256,93.17004098556936,0
336,41.764854624983855,121.99837504886091,0
337,41.898184708028566,98.78379199653864,0
338,42.01202529203147,124.65224997140467,0
339,42.151747125026304,14.902332972269505,0
340,42.18169904203387,117.20749997766688,0
341,42.31037474999903,86.68424998177215,0
342,42.41213108302327,136.65687496541068,0
343,42.56386100000236,123.65299998782575,0
344,42.69928341702325,128.99762496817857,0
345,42.84340566699393,98.7201250391081,0
346,42.957231000007596,123.59041697345674,0
347,43.095897166989744,97.09083300549537,0
348,43.208073874993715,116.99691700050607,0
349,43.3382703330135,104.2459590244107,0
350,43.45758091699099,83.50633300142363,0
351,43.55282037501456,162.01108298264444,0
352,43.726960792031605,127.00079096248373,0
353,43.869023042032495,48.60300000291318,0
354,43.932679083023686,137.1821669745259,0
355,44.08533654198982,67.76129099307582,0
356,44.168155333027244,93.83812500163913,0
357,44.277062624983955,89.27237504394725,0
358,44.380516958015505,94.74416699958965,0
359,44.48797850002302,115.28320796787739,0
360,44.613533166993875,92.05720800673589,0
361,44.719016542017926,67.12099997093901,0
362,44.801233375037555,107.06495796330273,0
363,44.92263558303239,116.38416699133813,0
364,45.05407875002129,159.06304196687415,0
365,45.2282099580043,98.08812499977648,0
366,45.341366457985714,74.96308401459828,0
367,45.431209166999906,98.97145803552121,0
368,45.54343012499157,123.72974999016151,0
369,45.68172879202757,82.0043749990873,0
370,45.77882158302236,84.34287499403581,0
371,45.873339292011224,127.30824999744073,0
372,46.01104758301517,107.55508398870006,0
373,46.129092124989256,116.89412500709295,0
374,46.2596763750189,91.45454200915992,0
375,46.36697216698667,82.59208302479237,0
376,46.460940167016815,93.03150000050664,0
377,46.56903679203242,105.82349996548146,0
378,46.68550691701239,100.42908298783004,0
379,46.79689941700781,117.60645802132785,0
380,46.92956650000997,126.88037502812222,0
381,47.07035500003258,124.65745798544958,0
382,47.21010174998082,125.11991703649983,0
383,47.350324083003215,74.63858398841694,0
384,47.44002941699,73.68745800340548,0
385,47.52878262498416,128.26204200973734,0
386,47.67211799998768,109.12612499669194,0
387,47.79613791703014,114.17645798064768,0
388,47.925375666993205,75.74512501014397,0
389,48.01483837503474,95.36674997070804,0
390,48.122610624996014,86.16875001462176,0
391,48.2235432920279,77.65662495512515,0
392,48.31128224998247,89.71120801288635,0
393,48.41605445800815,65.55916700745001,0
394,48.496111750020646,110.267499985639,0
395,48.620702958025504,145.72899998165667,0
396,48.77697100001387,80.72062500286847,0
397,48.869707125006244,108.11283299699426,0
398,48.99293491698336,77.97645800746977,0
399,49.08601191698108,121.0373750072904,0
400,49.21879104198888,166.90800001379102,0
401,49.398844874987844,71.70820800820366,0
402,49.48568791698199,99.8796250205487,0
403,49.59575245802989,149.5102089829743,0
404,49.75584774999879,118.5190420364961,0
405,49.885205542028416,114.37812499934807,0
406,50.01349254202796,48.21508296299726,0
407,50.076788417005446,106.10799997812137,0
408,50.19803291698918,129.26545803202316,0
409,50.34062149998499,150.35529201850295,0
410,50.502033500000834,121.22874998021871,0
411,50.634636708011385,87.97591697657481,0
412,50.73321883298922,89.53854202991351,0
413,50.83782950002933,53.24304196983576,0
414,50.90491254202789,78.18308298010379,0
415,50.99780058301985,140.37545898463577,0
416,51.15328450000379,102.8081250260584,0
417,51.26768208300928,65.43025001883507,0
418,51.347185874998104,150.104625034146,0
419,51.51234354201006,60.28341600904241,0
420,51.586727541987784,143.14241602551192,0
421,51.742074667010456,94.44933297345415,0
422,51.85157800000161,120.73174997931346,0
423,51.987358124984894,127.69187503727153,0
424,52.1300956250052,115.90487498324364,0
425,52.25885233300505,147.83349999925122,0
426,52.421763083024416,112.61854198528454,0
427,52.54474408301758,98.87816698756069,0
428,52.654242374992464,87.9445830360055,0
429,52.757283375016414,57.707957981619984,0
430,52.828970000031404,86.62483299849555,0
431,52.9306473750039,130.24304201826453,0
432,53.07269379199715,133.85120802558959,0
433,53.22160133300349,147.35074999043718,0
434,53.38400320801884,192.36595899565145,0
435,53.591453917033505,124.15229098405689,0
436,53.729211750032846,122.19249998452142,0
437,53.86649841698818,67.77200003853068,0
438,53.94732354203006,103.72637497493997,0
439,54.06609425001079,168.31849998561665,0
440,54.24577391700586,121.41004099976271,0
441,54.38226650003344,97.46874996926636,0
442,54.49504595802864,114.6265419665724,0
443,54.61998279200634,43.52245799964294,0
444,54.67679058300564,84.14412499405444,0
445,54.776006458036136,68.46612499793991,0
446,54.85957504203543,42.03379095997661,0
447,54.91299566702219,132.98687495989725,0
448,55.0570092080161,139.40808398183435,0
449,55.21147308300715,105.1338340039365,0
450,55.3306619169889,115.34262500936165,0
451,55.46104720799485,73.48854199517518,0
452,55.54577037499985,117.75112501345575,0
453,55.67857279203599,133.34233296336606,0
454,55.82434379198821,156.630291021429,0
455,55.99608737498056,156.96841705357656,0
456,56.168107333010994,120.84195902571082,0
457,56.300694500037935,104.49004196561873,0
458,56.42023487499682,82.87687500705943,0
459,56.51348408299964,83.03433400578797,0
460,56.607995333033614,127.97158397734165,0
461,56.74985658301739,125.26712496764958,0
462,56.886664833000395,106.17233399534598,0
463,57.0079145419877,160.3186250431463,0
464,57.17870724998647,129.9287080182694,0
465,57.32369008299429,103.64004201255739,0
466,57.44190458301455,104.06116698868573,0
467,57.560090208018664,104.7925419989042,0
468,57.679986500006635,77.23991700913757,0
469,57.77226337499451,80.94158302992582,0
470,57.86826675001066,115.75820797588676,0
471,57.99909254198428,89.94000003440306,0
472,58.104119583033025,93.96279195789248,0
473,58.213142541993875,147.07054098835215,0
474,58.37331254198216,95.50858300644904,0
475,58.483885499997996,149.92254198295996,0
476,58.64576116699027,110.1686250185594,0
477,58.767721291980706,156.00429102778435,0
478,58.93804579199059,119.85604104120284,0
479,59.07295816700207,53.08024998521432,0
480,59.14108491700608,147.63733302243054,0
481,59.30383991700364,102.2097910172306,0
482,59.42113358300412,51.5889169764705,0
483,59.48777904198505,111.78604100132361,0
484,59.61329200002365,105.95687496243045,0
485,59.73321758303791,61.886291950941086,0
486,59.80991966702277,92.26399997714907,0
487,59.91292470798362,127.32725002570078,0
488,60.05261908302782,152.77029195567593,0
489,60.218740042007994,135.90100000146776,0
490,60.369370500033256,145.80829197075218,0
491,60.52643791702576,144.19037499465048,0
492,60.685708832985256,32.456459011882544,0
493,60.733214333013166,85.84779198281467,0
494,60.83081850002054,116.13320797914639,0
495,60.96186024998315,29.054417042061687,0
496,61.002394457987975,128.24212503619492,0
497,61.14568983303616,137.26795895490795,0
498,61.29801487503573,87.1225000009872,0
499,61.400207917031366,90.00379097415134,0
500,61.505280416982714,81.04029099922627,0
501,61.601367167022545,108.50645799655467,0
502,61.72098400001414,109.14691700600088,0
503,61.84517525002593,103.66504197008908,0
504,61.96070154203335,79.78054095292464,0
505,62.05388416699134,122.03812500229105,0
506,62.187254999997094,96.23704198747873,0
507,62.29853545798687,137.96708401059732,0
508,62.45156275003683,112.74041695287451,0
509,62.57557754201116,64.08120802370831,0
510,62.65289108303841,62.12083395803347,0
511,62.72646729199914,104.84204103704542,0
512,62.845772375003435,94.1091250278987,0
513,62.95468087500194,120.33150001661852,0
514,63.089971666981,125.07112504681572,0
515,63.23010174999945,111.09150003176183,0
516,63.356244417023845,58.74162499094382,0
517,63.4300192919909,74.55779099836946,0
518,63.519661292026285,127.6532500050962,0
519,63.65857662499184,73.79699999000877,0
520,63.745771916990634,141.06879103928804,0
521,63.89887800003635,107.73437499301508,0
522,64.02165962499566,124.36012498801574,0
523,64.16031762503553,83.8514999486506,0
524,64.25923466699896,100.49049998633564,0
525,64.37477612501243,12.861916969995946,0
526,64.40269645798253,103.39204204501584,0
527,64.52113558299607,125.52795902593061,0
528,64.6617767920252,75.64537500729784,0
529,64.75250520801637,80.97050001379102,0
530,64.84543312498135,108.55316702509299,0
531,64.967204125016,105.08191701956093,0
532,65.08331650000764,81.5344579750672,0
533,65.17997766699409,130.72470802580938,0
534,65.32165579200955,51.70650000218302,0
535,65.38840566703584,143.8272079685703,0
536,65.54632945801131,66.83962501119822,0
537,65.62824583298061,76.45129202865064,0
538,65.71482699998887,144.08195804571733,0
539,65.87127041700296,77.17991602839902,0
540,65.96349429199472,54.59916603285819,0
541,66.03320683300262,112.80791700119153,0
542,66.15862945799017,74.33750003110617,0
543,66.24707575002685,77.42195797618479,0
544,66.33930295798928,89.74725002190098,0
545,66.44074691698188,85.60516603756696,0
546,66.53869520802982,81.40683395322412,0
547,66.63331825000932,75.65379200968891,0
548,66.72408137499588,149.0676249959506,0
549,66.88377362501342,89.20804201625288,0
550,66.9881017919979,138.7172500253655,0
551,67.13848170801066,63.48508398514241,0
552,67.21706620801706,124.86016697948799,0
553,67.35705095803132,69.75983397569507,0
554,67.43985070800409,93.50004198495299,0
555,67.54842629202176,121.32941599702463,0
556,67.68031329201767,94.53087497968227,0
557,67.7875112920301,41.833208000753075,0
558,67.84441545803566,84.90808395436034,0
559,67.94438533298671,97.3756670136936,0
560,68.05386883299798,118.54012502590194,0
561,68.18288845801726,71.0064169834368,0
562,68.26570275000995,93.9190830104053,0
563,68.37034850002965,102.81637497246265,0
564,68.48826762498356,55.283417052123696,0
565,68.5554379579844,97.78887504944578,0
566,68.66607074998319,81.59237500512972,0
567,68.75849679199746,122.00620799558237,0
568,68.89139816700481,102.3740409873426,0
569,69.00431824999396,102.27691702311859,0
570,69.11983354203403,29.165040992666036,0
571,69.16407045803498,101.80212499108166,0
572,69.276633957983,90.00704204663634,0
573,69.38024949998362,72.86579202627763,0
574,69.46821258298587,91.60850004991516,0
575,69.57145925000077,71.25683303456753,0
576,69.65289625001606,109.00749999564141,0
577,69.77374820801197,129.4698339770548,0
578,69.9148298749933,128.55975003913045,0
579,70.05799425003352,85.69466695189476,0
580,70.15878833300667,156.32554201874882,0
581,70.32955870800652,134.01841698214412,0
582,70.47585454198997,81.83195802848786,0
583,70.56782504200237,101.23841598397121,0
584,70.68414183298592,54.137166996952146,0
585,70.75332766701467,101.38662497047335,0
586,70.86700616701273,130.42512501124293,0
587,71.00978404202033,149.08000000286847,0
588,71.17298308300087,88.02429202478379,0
589,71.27115145802964,56.88687495421618,0
590,71.34311349998461,105.0945830065757,0
591,71.46297170798061,145.40612505516037,0
592,71.62346854200587,112.70574998343363,0
593,71.75130687502678,148.24766700621694,0
594,71.91463304200443,135.5088750133291,0
595,72.06512300000759,157.52341703046113,0
596,72.23776766698575,122.24266602424905,0
597,72.37519200000679,86.39179199235514,0
598,72.47668650001287,118.42420801986009,0
599,72.61017100000754,182.46004200773314,0
600,72.80393687501783,87.56370801711455,0
601,72.90287616703426,51.307624962646514,0
602,72.96622300002491,172.6809999672696,0
603,73.15260170801776,116.19425000390038,0
604,73.27949362498475,81.84912503929809,0
605,73.37282404198777,90.75008303625509,0
606,73.47864541702438,62.7235000138171,0
607,73.55341337498976,131.61891704658046,0
608,73.70010754198302,114.89162500947714,0
609,73.83007129200269,88.81012501660734,0
610,73.93011545803165,93.1178749888204,0
611,74.03829133301042,97.63995901448652,0
612,74.15098320803372,142.40920898737386,0
613,74.30744462501025,96.48437501164153,0
614,74.42021300003398,145.35904198419303,0
615,74.57626795803662,81.33274997817352,0
616,74.6727400830132,90.09408397832885,0
617,74.77792245801538,94.67012499226257,0
618,74.88767954200739,88.24420801829547,0
619,74.98684025002876,107.82633296912536,0
620,75.10938408301445,138.45079200109467,0
621,75.2629712499911,147.20654202392325,0
622,75.4226902500377,72.67624995438382,0
623,75.50606991699897,147.11474999785423,0
624,75.66715550003573,113.46154200145975,0
625,75.79354679200333,158.26425002887845,0
626,75.96694570803083,105.13091698521748,0
627,76.08477620803751,76.35533396387473,0
628,76.17579604202183,134.34033299563453,0
629,76.32521866698517,129.15129103930667,0
630,76.4669373750221,96.66770801413804,0
631,76.57723670802079,104.72987499088049,0
632,76.69709279201925,114.40662498353049,0
633,76.82656345801661,119.46379201253876,0
634,76.95673625002382,59.03208296513185,0
635,77.03000754199456,74.30350000504404,0
636,77.11671475000912,105.5522920214571,0
637,77.23326862498652,116.23558303108439,0
638,77.36087545799091,87.3271250165999,0
639,77.45955762499943,54.12824999075383,0
640,77.52879241702612,146.0306659573689,0
641,77.68990050000139,94.72425002604723,0
642,77.79971116699744,79.17916600126773,0
643,77.8932579579996,158.37254200596362,0
644,78.06667945801746,137.26370898075402,0
645,78.21418320800876,134.747417003382,0
646,78.36398679198464,129.01025003520772,0
647,78.5044235829846,121.24687503091991,0
648,78.6381640000036,80.98149998113513,0
649,78.73322991700843,105.49516597529873,0
650,78.85378354199929,121.10654101707041,0
651,78.98894758301321,125.40312501369044,0
652,79.12924295803532,116.7726669809781,0
653,79.26110212499043,73.64933303324506,0
654,79.34979925001971,92.39841700764373,0
655,79.45660095801577,100.45762499794364,0
656,79.57217829203,104.57912500714883,0
657,79.68751770799281,82.61641702847555,0
658,79.78518216701923,52.91816598037258,0
659,79.85316166700795,74.00437502656132,0
660,79.93786912498763,110.95066700363532,0
661,80.06387395801721,108.58104197541252,0
662,80.18750491703395,127.87329097045586,0
663,80.32691958302166,53.97374997846782,0
664,80.39599504199577,97.82266599358991,0
665,80.50886545801768,137.14462501229718,0
666,80.66111812501913,49.365749990101904,0
667,80.725540000014,77.87041697883978,0
668,80.81848954199813,56.34316598298028,0
669,80.88987941702362,138.25108297169209,0
670,81.04317225003615,102.844416978769,0
671,81.15614366700174,88.5247080004774,0
672,81.25972262502182,107.44074999820441,0
673,81.38229504198534,100.32729100203142,0
674,81.49773504200857,129.93162497878075,0
675,81.63848391699139,142.04220799729228,0
676,81.79557595803635,128.2307090004906,0
677,81.93890200002352,118.43324999790639,0
678,82.06867133302148,127.96020897803828,0
679,82.20802216703305,126.34333298774436,0
680,82.34949841699563,145.70600003935397,0
681,82.50991391699063,55.26904104044661,0
682,82.57952808303526,113.41479199472815,0
683,82.7080136250006,112.71962500177324,0
684,82.83498774998588,110.97408301429823,0
685,82.95661024999572,98.46683300565928,0
686,83.07012287498219,107.47350001474842,0
687,83.18839158298215,123.73275001300499,0
688,83.32281849998981,116.35583301540464,0
689,83.4542239580187,105.69220897741616,0
690,83.5749619579874,78.19304201984778,0
691,83.66493595798966,70.66324999323115,0
692,83.75065337499836,88.03762501338497,0
693,83.8537478329963,49.36462501063943,0
694,83.91480758303078,92.9669999750331,0
695,84.01918162498623,84.5673750154674,0
696,84.11660358298104,56.3918340485543,0
697,84.18718508299207,52.2862920188345,0
698,84.25135249999585,94.79691699380055,0
699,84.36121020803694,84.87116696778685,0
700,84.45992520800792,174.91783399600536,0
701,84.64991179201752,135.80070796888322,0
702,84.80076937499689,77.54916703561321,0
703,84.8934030419914,86.4701250102371,0
704,84.9949541669921,76.0829159989953,0
705,85.08171958301682,86.85908396728337,0
706,85.18017754203174,97.6032079779543,0
707,85.28908345801756,103.50699996342883,0
708,85.4076546250144,83.4196669748053,0
709,85.50394562503789,133.1060829688795,0
710,85.6477593749878,127.81812500907108,0
711,85.78928829199867,168.71250001713634,0
712,85.96956854203017,64.3552909605205,0
713,86.04712829203345,130.81170798977837,0
714,86.19026566698449,99.29941600421444,0
715,86.30462458299007,54.925500007811934,0
716,86.37461870798143,101.49583400925621,0
717,86.4907517079846,59.77783404523507,0
718,86.56176633300493,102.99133398802951,0
719,86.67981483298354,189.80925000505522,0
720,86.8846780420281,149.77016596822068,0
721,87.0495732499985,162.63124998658895,0
722,87.2272670000093,146.30616700742394,0
723,87.38665429200046,64.17970801703632,0
724,87.46371491701575,116.6419159853831,0
725,87.59544741699938,109.63995801284909,0
726,87.72017633303767,123.51574999047443,0
727,87.8587686670362,78.59624997945502,0
728,87.9482789169997,47.533166012726724,0
729,88.0068056670134,169.0442080143839,0
730,88.19098616699921,146.2550830328837,0
731,88.34990916703828,120.45183294685557,0
732,88.48561262502335,95.855749968905,0
733,88.59655816701706,106.70783300884068,0
734,88.7160745000001,73.55854200432077,0
735,88.80096150003374,139.56533296732232,0
736,88.95567458303412,108.53820899501443,0
737,89.07908941700589,102.26825001882389,0
738,89.19647883303696,93.9544589491561,0
739,89.3055525830132,106.4802500186488,0
740,89.42714833299397,108.99495903868228,0
741,89.55125000001863,98.66704198066145,0
742,89.66505137499189,139.5785830100067,0
743,89.81482691701967,111.71687499154359,0
744,89.94162633299129,104.3875000323169,0
745,90.06108745798701,76.67541701812297,0
746,90.14924183301628,139.58520902087912,0
747,90.3001785420347,148.61262496560812,0
748,90.46286287502153,130.29270799597725,0
749,90.60861070803367,47.48087498592213,0
750,90.67031716700876,93.42624997952953,0
751,90.77467349998187,140.29454201227054,0
752,90.9300340830232,101.9822089583613,0
753,91.04827349999687,139.6594580146484,0
754,91.20173779199831,91.32454101927578,0
755,91.30449320800835,126.92254199646413,0
756,91.4439582080231,121.88024999340996,0
757,91.57729466701858,37.077790999319404,0
758,91.6294211249915,98.28795801149681,0
759,91.74277700000675,103.39420801028609,0
760,91.85983174998546,87.05979201477021,0
761,91.96008208300918,83.75683397753164,0
762,92.05544395803008,148.80187495145947,0
763,92.21484020800563,99.98425003141165,0
764,92.32612579199485,128.00337502267212,0
765,92.46544637501938,64.0654579619877,0
766,92.54090200003702,40.970916976220906,0
767,92.59317895799177,87.17233402421698,0
768,92.69180879200576,121.19133298983797,0
769,92.82536208303645,82.32208399567753,0
770,92.92273350001778,123.29049996333197,0
771,93.05948704201728,134.59158298792318,0
772,93.20630545803579,97.05620899330825,0
773,93.31841870798962,108.7425000150688,0
774,93.4422568330192,78.75337498262525,0
775,93.53606445802143,140.2728749671951,0
776,93.69139975000871,163.59329200349748,0
777,93.87009195802966,124.96908399043605,0
778,94.00950716703665,95.6516659935005,0
779,94.11984591698274,89.38775002025068,0
780,94.22433562501101,93.09254202526063,0
781,94.3288701249985,127.43591703474522,0
782,94.47136737499386,78.26670800568536,0
783,94.56105016701622,154.04491598019376,0
784,94.72855724999681,64.61566704092547,0
785,94.80822579201777,105.36670801229775,0
786,94.9266821250203,141.12774998648092,0
787,95.08289608301129,158.2913749734871,0
788,95.25492866698187,90.0323330424726,0
789,95.3563045830233,131.0737089952454,0
790,95.500865583017,186.32079201051965,0
791,95.70227658300428,142.69079198129475,0
792,95.85882616700837,44.79358298704028,0
793,95.91673250001622,118.76641697017476,0
794,96.04577320802491,176.24095897190273,0
795,96.23714408301748,75.55495901033282,0
796,96.32774679199792,133.246915997006,0
797,96.47608250001213,41.465750022325665,0
798,96.52895337500377,151.13279200159013,0
799,96.6912007079809,85.15966701088473,0
800,96.79140699998243,130.19916700432077,0
801,96.93666125001619,132.28625000920147,0
802,97.0840121670044,19.81033303309232,0
803,97.11887549998937,62.51795799471438,0
804,97.1964460000163,113.46270801732317,0
805,97.32420991698746,64.50158299412578,0
806,97.40377004200127,106.45154101075605,0
807,97.52159012499033,75.66541701089591,0
808,97.60866866703145,150.90495796175674,0
809,97.77468337502796,91.13054198678583,0
810,97.88090808299603,76.51441701455042,0
811,97.9685787500348,129.6807499602437,0
812,98.11332750000292,147.08833303302526,0
813,98.27099695801735,104.19308400014415,0
814,98.38653195800725,110.7109590084292,0
815,98.50848079199204,123.18650004453957,0
816,98.64576883299742,88.56945903971791,0
817,98.74942700000247,73.34708300186321,0
818,98.83789675001753,117.70012497436255,0
819,98.96646445803344,96.54058399610221,0
820,99.07807070802664,60.594042006414384,0
821,99.1497879580129,131.04895898140967,0
822,99.29593191703316,122.88091599475592,0
823,99.433952625026,112.2581249801442,0
824,99.56132020801306,84.65354196960106,0
825,99.66104450001149,98.73512497870252,0
826,99.77330125001026,129.02241700794548,0
827,99.91482104198076,120.56595803005621,0
828,100.04578466701787,85.7604579650797,0
829,100.14659604203189,80.80558298388496,0
830,100.24249733303441,119.81654196279123,0
831,100.37740016699536,115.95904099522159,0
832,100.50536541698966,133.8000410469249,0
833,100.65129404200707,65.89429097948596,0
834,100.73224333301187,137.75875000283122,0
835,100.88509154203348,161.01524996338412,0
836,101.06115787499584,135.2577080251649,0
837,101.21050354198087,113.58954105526209,0
838,101.33625783299794,137.7233340172097,0
839,101.48639750003349,68.03624995518476,0
840,101.56765974999871,97.17241703765467,0
841,101.67988495802274,166.11508396454155,0
842,101.85777116700774,61.51583301834762,0
843,101.93434012500802,69.9277920066379,0
844,102.01933191699209,126.14370801020414,0
845,102.16031570802443,85.6973750051111,0
846,102.26109654200263,84.89241602364928,0
847,102.35716758301714,76.95066701853648,0
848,102.44577441702131,161.02633299306035,0
849,102.62185391702224,83.83399999001995,0
850,102.71706216700841,102.28079097578302,0
851,102.83441416703863,46.56704096123576,0
852,102.89514899998903,123.86575003620237,0
853,103.03087979200063,105.27408303460106,0
854,103.1512222919846,121.20450002839789,0
855,103.28750733303605,150.55941697210073,0
856,103.45315545803169,111.72320897458121,0
857,103.57997695798986,73.19866702891886,0
858,103.66828525002347,77.32091698562726,0
859,103.76067387498915,106.05350002879277,0
860,103.88182587502524,145.6127080018632,0
861,104.04255779198138,66.80683302693069,0
862,104.12443962501129,103.06858300464228,0
863,104.24259450001409,105.93050002353266,0
864,104.35980033298256,130.34920900827274,0
865,104.50499712501187,78.48212501266971,0
866,104.59790883300593,117.10320902056992,0
867,104.7256933330209,134.01395897381008,0
868,104.87076204200275,104.76675000973046,0
869,104.98683087498648,104.81737501686439,0
870,105.10542945802445,121.71862501418218,0
871,105.23788987501757,126.31120800506324,0
872,105.37927329202648,148.3943749917671,0
873,105.53841645800276,78.38733401149511,0
874,105.63191054202616,144.74874996813014,0
875,105.79174945800332,101.103792025242,0
876,105.90795654198155,82.72533304989338,0
877,106.00554508302594,93.95495901117101,0
878,106.10961429198505,67.43137503508478,0
879,106.1888006250374,94.35391699662432,0
880,106.29823666700395,131.82408298598602,0
881,106.44515208300436,40.70958402007818,0
882,106.50097404199187,70.93004102353007,0
883,106.58697216701694,130.1569999777712,0
884,106.72843516699504,101.26445803325623,0
885,106.84477383299964,134.21170902438462,0
886,106.98953162500402,64.09216701285914,0
887,107.06843979202677,101.16933297831565,0
888,107.18109320802614,27.75979199213907,0
889,107.22225266700843,85.38729097926989,0
890,107.32274695800152,125.64945901976898,0
891,107.46347575000254,146.96849999018013,0
892,107.62552079203306,153.8355829543434,0
893,107.79363316699164,107.21858299802989,0
894,107.91592900000978,84.24858300713822,0
895,108.01483491703402,98.98274997249246,0
896,108.12887579202652,49.9057499691844,0
897,108.19383991701761,142.70074997330084,0
898,108.34781983302673,145.88345895754173,0
899,108.50398304202827,76.28658297471702,0
900,108.59533475001808,165.39425001246855,0
901,108.77396854199469,67.07120803184807,0
902,108.85619504202623,127.48458300484344,0
903,108.99815729202237,81.68141596252099,0
904,109.09063262498239,55.47604203457013,0
905,109.1611862499849,120.33554201480001,0
906,109.29496995802037,69.47124999715015,0
907,109.3795287500252,146.7176249716431,0
908,109.540642417036,83.69025000138208,0
909,109.63851295801578,107.6835420099087,0
910,109.761379417032,96.34229098446667,0
911,109.87283633300103,114.79445901932195,0
912,110.00230004201876,87.42608298780397,0
913,110.10480216698488,132.99525005277246,0
914,110.25280954199843,121.48237501969561,0
915,110.38848933298141,107.10166703211144,0
916,110.50668054202106,106.74770799232647,0
917,110.62619045801694,165.82058399217203,0
918,110.80710625002393,81.70641696779057,0
919,110.90207608300261,97.42720902431756,0
920,111.01196045801044,133.72162502491847,0
921,111.16073775000405,107.45233303168789,0
922,111.28329475002829,54.41224999958649,0
923,111.35446979198605,106.26104101538658,0
924,111.47580020799069,99.03120901435614,0
925,111.58538425003644,80.7404579827562,0
926,111.68123500002548,112.82799998298287,0
927,111.80912079202244,68.47558298613876,0
928,111.89264695800375,103.00920897861943,0
929,112.0105972919846,70.06437500240281,0
930,112.09571316698566,153.36995804682374,0
931,112.26047870801995,93.9649170031771,0
932,112.36949562502559,123.81283298600465,0
933,112.50835608300986,112.28729202412069,0
934,112.63568937499076,128.93162504769862,0
935,112.7797046250198,102.14487498160452,0
936,112.89535520802019,130.28466701507568,0
937,113.04071404202841,109.2871250002645,0
938,113.16505841701292,35.366915981285274,0
939,113.21510983299231,113.7896670261398,0
940,113.34504770801868,71.74624997423962,0
941,113.42705666698748,139.05329100089148,0
942,113.58118487498723,113.46995801432058,0
943,113.70589054201264,95.5780409858562,0
944,113.81481991702458,30.698540969751775,0
945,113.85915787500562,43.96650003036484,0
946,113.91340800002217,65.5327079584822,0
947,113.9939862919855,97.16420801123604,0
948,114.10620870802086,62.98020901158452,0
949,114.18430858303327,163.7932499870658,0
950,114.36262333299965,124.29733399767429,0
951,114.50201112503419,107.59462497662753,0
952,114.62191104202066,71.08787499601021,0
953,114.70786520803813,91.69012494385242,0
954,114.81463362503564,103.21904195006937,0
955,114.93291658302769,96.76316700642928,0
956,115.044759374985,108.09995804447681,0
957,115.16309583303519,133.60179198207334,0
958,115.30809258302907,57.59174999548122,0
959,115.37769070803188,110.61729199718684,0
960,115.49964479199843,142.89241598453373,0
961,115.65644874999998,60.97629200667143,0
962,115.73246358300094,103.13441703328863,0
963,115.84792187501444,98.12233300181106,0
964,115.96076220803661,75.92395896790549,0
965,116.04975187499076,134.84358304413036,0
966,116.19613766699331,93.34570803912356,0
967,116.29970525001409,140.93104196945205,0
968,116.45571987499716,115.91437499737367,0
969,116.5867382499855,102.13225003099069,0
970,116.69992941699456,112.07762500271201,0
971,116.82285929203499,99.1222079610452,0
972,116.93262154201511,61.085916007868946,0
973,117.0088069170015,153.0982080148533,0
974,117.17698104202282,121.47920799907297,0
975,117.31354612502037,142.60112500051036,0
976,117.46753404202173,51.36133299674839,0
977,117.53382654202869,141.88070798991248,0
978,117.68785970803583,125.49220898654312,0
979,117.82694904203527,109.34533295221627,0
980,117.9505357919843,46.84154101414606,0
981,118.00959804200102,108.27645799145103,0
982,118.12929233303294,89.82658397872001,0
983,118.23416283301776,98.5511249746196,0
984,118.34546870802296,109.14570896420628,0
985,118.4659775000182,75.193541997578,0
986,118.5562285000342,106.59837495768443,0
987,118.6730557080009,106.70958401169628,0
988,118.7898320829845,154.3715000152588,0
989,118.95927545800805,104.94229197502136,0
990,119.07576570799574,180.9852920123376,0
991,119.27183583303122,69.66154195833951,0
992,119.3565457080258,106.40812496421859,0
993,119.47611500002677,140.76074998592958,0
994,119.63194454199402,59.156791015993804,0
995,119.7061512080254,126.51054200250655,0
996,119.84773091698298,121.24966603005305,0
997,119.9813197919866,92.52762503456324,0
998,120.08542391698575,103.28145802486688,0
999,120.20155962498393,154.32658302597702,0
1000,120.36635158298304,87.45341701433063,0
1001,120.46773658302845,117.23079200601205,0
1002,120.59949108300498,115.59991701506078,0
1003,120.72926616703626,145.88129095500335,0
1004,120.8885146669927,48.40616602450609,0
1005,120.95041600003606,64.06204198719934,0
1006,121.02686770801665,70.18904201686382,0
1007,121.10728066699812,92.24883303977549,0
1008,121.21276891703019,128.82795796031132,0
1009,121.35666275001131,134.98308300040662,0
1010,121.50671362498542,99.93645804934204,0
1011,121.618093667028,155.90129100019112,0
1012,121.78643983299844,104.7063340083696,0
1013,121.90619562502252,130.0743329920806,0
1014,122.05131991702365,77.84062495920807,0
1015,122.14421674999176,135.4942080215551,0
1016,122.29357149999123,79.37541702995077,0
1017,122.38799708301667,142.00983400223777,0
1018,122.54352325003128,136.36412500636652,0
1019,122.6949690420297,164.3590409657918,0
1020,122.87439262500266,96.42658301163465,0
1021,122.98372241703328,73.85991595219821,0
1022,123.06882966699777,135.25316602317616,0
1023,123.21481320803287,116.14662496140227,0
1024,123.34156454203185,94.63133296230808,0
1025,123.45129429199733,70.29637502273545,0
1026,123.53372504201252,127.94550001854077,0
1027,123.67512395803351,51.97037500329316,0
1028,123.73806579201482,96.64945799158886,0
1029,123.84980583301513,136.8468339787796,0
1030,124.00103591702646,96.04049997869879,0
1031,124.11213904200122,122.26195802213624,0
1032,124.24482462502783,124.1536249872297,0
1033,124.38406558299903,124.72883402369916,0
1034,124.52385520801181,141.76720898831263,0
1035,124.6760446249973,123.22812504135072,0
1036,124.81210995803121,96.58870898419991,0
1037,124.92381691699848,73.36074998602271,0
1038,125.01225687499391,93.56375003699213,0
1039,125.11942970799282,88.1599590065889,0
1040,125.2226431670133,120.6022499827668,0
1041,125.3560358749819,137.76329200481996,0
1042,125.50885637500323,133.9644169784151,0
1043,125.65789712499827,80.85000002756715,0
1044,125.75383979198523,116.56179104465991,0
1045,125.88547554198885,108.49741601850837,0
1046,126.00788537500193,91.45337500376627,0
1047,126.11439879203681,146.34674997068942,0
1048,126.27579483302543,127.30891699902713,0
1049,126.41816354199545,117.01070802519098,0
1050,126.54765999998199,74.10650001838803,0
1051,126.63338433299214,33.43420900637284,0
1052,126.68207579199225,86.07595803914592,0
1053,126.78323808300775,135.13800001237541,0
1054,126.93346687499434,99.58650002954528,0
1055,127.04811320803128,102.82404196914285,0
1056,127.16603141702944,96.92733298288658,0
1057,127.2780216250103,122.28404200868681,0
1058,127.41536962502869,110.25425000116229,0
1059,127.54067733301781,161.95508401142433,0
1060,127.71324308298063,97.6457090000622,0
1061,127.82362333300989,101.437208999414,0
1062,127.94011283299187,150.99400002509356,0
1063,128.1025731670088,133.0343330046162,0
1064,128.24577799998224,131.43295800546184,0
1065,128.38849445799133,125.3137500025332,0
1066,128.52579458302353,99.47349998401478,0
1067,128.63849029201083,119.73512498661876,0
1068,128.77332191698952,126.50162499630824,0
1069,128.9149210830219,113.54366701561958,0
1070,129.04279999999562,50.27008301112801,0
1071,129.1065717919846,143.8078330247663,0
1072,129.26347562501905,87.01695798663422,0
1073,129.36195508303354,93.29883399186656,0
1074,129.47000958299031,100.15012504300103,0
1075,129.58207637502346,79.8210829962045,0
1076,129.6769534170162,78.66154098883271,0
1077,129.77071316703223,107.90170799009502,0
1078,129.8932942500105,130.64212497556582,0
1079,130.03900283301482,101.71516699483618,0
1080,130.15578120801365,117.7749169874005,0
1081,130.28495487500913,61.08066701563075,0
1082,130.35851208301028,133.26004199916497,0
1083,130.50554337503854,69.89420799072832,0
1084,130.5904792920337,130.15429099323228,0
1085,130.7332119999919,81.84050000272691,0
1086,130.825554458017,84.12937499815598,0
1087,130.92473516700557,62.84512497950345,0
1088,131.0017954169889,68.84637504117563,0
1089,131.0857442499837,99.23691704170778,0
1090,131.19774174998747,73.3024170040153,0
1091,131.28142812498845,101.48779203882441,0
1092,131.39797116699629,141.90650003729388,0
1093,131.5549823330366,83.66141695296392,0
1094,131.65241666702786,92.4937499803491,0
1095,131.75943708303384,98.52974995737895,0
1096,131.87301816698164,91.78529103519395,0
1097,131.9798510420369,109.41162495873868,0
1098,132.10435183299705,113.85366698959842,0
1099,132.22962583298795,138.64929199917242,0
1100,132.38335408299463,84.48737498838454,0
1101,132.48290883301524,94.2014169995673,0
1102,132.59216937498422,105.67075002472848,0
1103,132.71288708300563,147.12604199303314,0
1104,132.8750756669906,74.5977500337176,0
1105,132.96112204203382,115.67983299028128,0
1106,133.08736008300912,124.45558398030698,0
1107,133.2268725830363,125.13258395483717,0
1108,133.3670818330138,86.97058400139213,0
1109,133.46586512500653,75.16337500419468,0
1110,133.55606504203752,46.0329579655081,0
1111,133.61701720801648,89.90716701373458,0
1112,133.7219773749821,95.0205420376733,0
1113,133.83210412500193,56.62620801012963,0
1114,133.9008137920173,135.86908299475908,0
1115,134.0517883329885,115.37979199783877,0
1116,134.18226858298294,103.19158399943262,0
1117,134.29783337499248,85.75283299433067,0
1118,134.3987387919915,125.21058303536847,0
1119,134.53930620802566,99.5185420033522,0
1120,134.65393545798725,126.04858400300145,0
1121,134.795116082998,93.6325840302743,0
1122,134.90289937501075,142.82737497705966,0
1123,135.0622003750177,52.99637501593679,0
1124,135.12637037498644,78.65879201563075,0
1125,135.21918908302905,163.39075000723824,0
1126,135.39412004203768,139.40466596977785,0
1127,135.54446254199138,159.78775004623458,0
1128,135.71481495798798,85.56579204741865,0
1129,135.81481595803052,130.98145899130031,0
1130,135.95691820798675,132.98816699534655,0
1131,136.10497245803708,137.9005839698948,0
1132,136.25793374999193,101.83350002625957,0
1133,136.37165837502107,148.0677499785088,0
1134,136.53073400002904,117.27945797611028,0
1135,136.6630680829985,71.50470901979133,0
1136,136.74576008302392,175.02154200337827,0
1137,136.9318377500167,104.72229198785499,0
1138,137.04749666701537,140.06333297584206,0
1139,137.1989079170162,79.70916602062061,0
1140,137.29050720803207,80.45258396305144,0
1141,137.38266458298313,136.96566701401025,0
1142,137.53471954201814,128.66095796925947,0
1143,137.6747425000067,87.31899998383597,0
1144,137.7733762920252,115.40599999716505,0
1145,137.90385929198237,61.50608300231397,0
1146,137.98042345803697,42.76666697114706,0
1147,138.03460183303105,143.27095897169784,0
1148,138.1909525829833,70.26558404322714,0
1149,138.27627829200355,131.87470799311996,0
1150,138.42326741700526,134.7190830274485,0
1151,138.57315095799277,111.8866250035353,0
1152,138.7001140830107,147.69274997524917,0
1153,138.85996770800557,115.32312497729436,0
1154,138.9888442500378,109.48479198850691,0
1155,139.1109362919815,106.47175001213327,0
1156,139.2325019169948,113.51525003556162,0
1157,139.36107312503736,121.08262494439259,0
1158,139.49410183302825,82.35554199200124,0
1159,139.59151141700568,109.08704099711031,0
1160,139.71481795801083,99.2532090167515,0
1161,139.8283460829989,195.81775000551715,0
1162,140.0368704579887,139.96479200432077,0
1163,140.19189441698836,78.01733299857005,0
1164,140.28450333303772,128.39837494539097,0
1165,140.42799645802006,50.54170900257304,0
1166,140.48879433301045,111.99962499085814,0
1167,140.61480575002497,165.00695800641552,0
1168,140.79489520803327,107.57079196628183,0
1169,140.91303862503264,145.7859170041047,0
1170,141.07051241700538,99.45916599826887,0
1171,141.1850222920184,125.08274998981506,0
1172,141.32147199998144,117.27091704960912,0
1173,141.45388616702985,41.568457963876426,0
1174,141.51056750002317,86.83787495829165,0
1175,141.60963175003417,159.37587496591732,0
1176,141.77952912502224,76.43329200800508,0
1177,141.8705677500111,146.78095799172297,0
1178,142.0324666670058,162.27166599128395,0
1179,142.20840383303585,104.71795895136893,0
1180,142.32448529201793,137.845000019297,0
1181,142.4774527500267,114.28491695551202,0
1182,142.6068165419856,92.7205000189133,0
1183,142.71345704200212,120.92595803551376,0
1184,142.849454124982,119.08154201228172,0
1185,142.9835911670234,78.47141596721485,0
1186,143.0771717079915,95.3290420002304,0
1187,143.187557792,70.05675003165379,0
1188,143.27137525001308,92.5543750054203,0
1189,143.37899491703138,100.9177909581922,0
1190,143.4912938750349,81.06279198545963,0
1191,143.58407350000925,52.56616702536121,0
1192,143.6487083749962,121.54125003144145,0
1193,143.78039795800578,140.84275002824143,0
1194,143.93179570802022,83.25904200319201,0
1195,144.02655712503474,112.33587499009445,0
1196,144.15004662499996,84.4798749894835,0
1197,144.2458342500031,31.3978330232203,0
1198,144.29228491702816,173.98841597605497,0
1199,144.47817770799156,116.35750002460554,0
1200,144.60963404201902,60.25387498084456,0
1201,144.68495645798976,148.28279201174155,0
1202,144.84833079198143,132.22037500236183,0
1203,144.9948429170181,145.72233299259096,0
1204,145.1556775420322,130.48112497199327,0
1205,145.30125662498176,123.67066700244322,0
1206,145.44001095800195,153.7029590108432,0
1207,145.6042984169908,102.29624999919906,0
1208,145.72165495803347,108.09487500227988,0
1209,145.8422208330012,75.87537501240149,0
1210,145.9332034169929,66.06804102193564,0
1211,146.0097936670063,116.79237498901784,0
1212,146.14164566702675,116.64766597095877,0
1213,146.27186933299527,58.25491703581065,0
1214,146.341539792018,116.34912498993799,0
1215,146.4682549170102,134.68354102224112,0
1216,146.61481183301657,63.28366696834564,0
1217,146.69315320800524,95.73950001504272,0
1218,146.80394837498898,158.37875002762303,0
1219,146.9757022500271,85.01620800234377,0
1220,147.0746940000099,120.42520800605416,0
1221,147.2075637920061,131.29237497923896,0
1222,147.35392349999165,110.08558300090954,0
1223,147.47907545801718,112.49987501651049,0
1224,147.60665908298688,118.76970902085304,0
1225,147.73768537503202,119.26945799496025,0
1226,147.87204837502213,113.739957974758,0
1227,147.99600799998734,66.25108304433525,0
1228,148.07731100003002,110.47366698039696,0
1229,148.2018580000149,84.59049998782575,0
1230,148.30149425001582,153.41020800406113,0
1231,148.46617829200113,174.60899997968227,0
1232,148.65258037502645,143.94662500126287,0
1233,148.8115940419957,45.916833041701466,0
1234,148.87256475002505,138.52270797360688,0
1235,149.02543279202655,114.04204100836068,0
1236,149.1545609169989,72.18908303184435,0
1237,149.24181762500666,73.15633300459012,0
1238,149.33003408298828,135.05162502406165,0
1239,149.4801575000165,91.04154200758785,0
1240,149.58625754201785,105.00587499700487,0
1241,149.7019837499829,111.16550001315773,0
1242,149.82820154202636,129.94916597381234,0
1243,149.97321129200282,30.073416011873633,0
1244,150.01482158299768,138.33141699433327,0
1245,150.16703437501565,81.50470798136666,0
1246,150.26359404198593,95.05654103122652,0
1247,150.36969866702566,122.6442499901168,0
1248,150.5037221669918,118.44095803098753,0
1249,150.6372196250013,35.26324999984354,0
1250,150.68752766703255,127.53816595068201,0
1251,150.83013075002236,96.02995798923075,0
1252,150.94127595803002,72.57924997247756,0
1253,151.02899370802334,92.24370896117762,0
1254,151.13540745800128,54.418499988969415,0
1255,151.20489200000884,133.89145798282698,0
1256,151.35385283298092,145.49816702492535,0
1257,151.51442016701913,91.57870797207579,0
1258,151.6181299579912,87.48116699280217,0
1259,151.72066237498075,59.5551670412533,0
1260,151.79526683298172,88.85012503014877,0
1261,151.8991901249974,79.15262499591336,0
1262,151.99285520799458,110.3245840058662,0
1263,152.1175311250263,154.21129198512062,0
1264,152.28684250003425,137.35112495487556,0
1265,152.43930712499423,132.89750000694767,0
1266,152.58584212500136,81.40750002348796,0
1267,152.68020783300744,134.36908402945846,0
1268,152.8296857920359,89.08941596746445,0
1269,152.9338580420008,82.00258301803842,0
1270,153.02741495799273,125.67974999547005,0
1271,153.1681063750293,107.40120796253905,0
1272,153.29060991702136,185.0642909994349,0
1273,153.48737787501886,116.11562501639128,0
1274,153.6148092080257,101.2747089844197,0
1275,153.7311485420214,132.89129099575803,0
1276,153.8791032920126,75.72216598782688,0
1277,153.9692994169891,121.32462504087016,0
1278,154.10569883300923,148.39749998645857,0
1279,154.26918370800558,106.50204197736457,0
1280,154.3873349580099,85.70045902160928,0
1281,154.48808854201343,137.29808299103752,0
1282,154.64044683298562,76.93841704167426,0
1283,154.7297378749936,116.26958299893886,0
1284,154.8593401670223,94.75395799381658,0
1285,154.96915616700426,119.50375000014901,0
1286,155.10127504199045,80.20633301930502,0
1287,155.19655112503096,128.68062499910593,0
1288,155.34007800003747,125.79641694901511,0
1289,155.48092254198855,163.0608330015093,0
1290,155.65905662503792,95.25416698306799,0
1291,155.76937483303482,122.3355419933796,0
1292,155.90245158300968,54.846416984219104,0
1293,155.9723567920155,82.00312498956919,0
1294,156.0651121250121,110.33862497424707,0
1295,156.19050962501206,60.31466700369492,0
1296,156.2638077919837,98.3625830267556,0
1297,156.37317691702629,75.11670800158754,0
1298,156.46334679203574,118.39979095384479,0
1299,156.59681354201166,123.78216598881409,0
1300,156.73322195798391,92.32970903394744,0
1301,156.83972729201196,129.5807909918949,0
1302,156.9843793330365,90.82483395468444,0
1303,157.0902568330057,112.64995898818597,0
1304,157.21481000003405,123.34745796397328,0
1305,157.35434283298673,127.2397090215236,0
1306,157.49663545802468,124.26224997034296,0
1307,157.6359636670095,161.3989159814082,0
1308,157.8124274580041,90.73483402607962,0
1309,157.91324900003383,100.44799995375797,0
1310,158.02876779198414,47.8814160451293,0
1311,158.09088929201243,133.82445799652487,0
1312,158.2398387499852,76.77125005284324,0
1313,158.32938399998238,92.65429200604558,0
1314,158.43713924998883,89.97083303984255,0
1315,158.5403793330188,123.20220901165158,0
1316,158.67868950002594,95.01783299492672,0
1317,158.78764929203317,99.10579095594585,0
1318,158.89782987500075,104.5732920174487,0
1319,159.01382029202068,91.20929101482034,0
1320,159.117887875007,109.76808302802965,0
1321,159.24276591703529,72.23220798186958,0
1322,159.32709104201058,88.096207997296,0
1323,159.42569816700416,73.94254102837294,0
1324,159.51329079200514,132.74924998404458,0
1325,159.65777729201363,136.51949999621138,0
1326,159.80880354199326,130.35250001121312,0
1327,159.95424370799446,110.70354201365262,0
1328,160.07585704198573,92.3961250227876,0
1329,160.18332958302926,127.20449996413663,0
1330,160.32564412499778,60.598500014748424,0
1331,160.40124387503602,29.214541951660067,0
1332,160.4455086250091,72.07545801065862,0
1333,160.53094087500358,153.63991702906787,0
1334,160.69728462502826,117.75712500093505,0
1335,160.8300986670074,157.0760830072686,0
1336,161.00222583301365,89.09283397952095,0
1337,161.106370583002,139.66737501323223,0
1338,161.26074887503637,158.24408299522474,0
1339,161.43411383300554,139.93866700911894,0
1340,161.58912041701842,111.96474998723716,0
1341,161.7161516250344,137.0063329814002,0
1342,161.8682080830331,87.3742499970831,0
1343,161.96858479199,162.7815830288455,0
1344,162.1464241250069,71.43037498462945,0
1345,162.23067166702822,84.33516597142443,0
1346,162.32849579199683,101.43770801369101,0
1347,162.4407191670034,87.49733300646767,0
1348,162.5432867500349,159.955374954734,0
1349,162.71743079199223,126.04204099625349,0
1350,162.85604670800967,85.48245899146423,0
1351,162.95242408302147,158.3189590019174,0
1352,163.1258053330239,151.2954169884324,0
1353,163.29083816701313,94.7536249877885,0
1354,163.40068583301036,151.59020898863673,0
1355,163.56517266703304,145.31258295755833,0
1356,163.72073579201242,93.86941598495468,0
1357,163.8297015419812,89.64345802087337,0
1358,163.93446812499315,118.74387500574812,0
1359,164.06825762498192,144.91887501208112,0
1360,164.2282531670062,149.31062498362735,0
1361,164.39175287500257,154.43954203510657,0
1362,164.56075912498636,95.69654200458899,0
1363,164.6680468749837,52.23920801654458,0
1364,164.73322054202436,50.92091596452519,0
1365,164.7992088330211,152.98241697018966,0
1366,164.96729029202834,142.00404100120068,0
1367,165.1243522919831,136.38666603947058,0
1368,165.27580745803425,100.78454198082909,0
1369,165.38848075002898,103.9441250031814,0
1370,165.50381349999225,116.34770804084837,0
1371,165.63521808298538,124.3791250162758,0
1372,165.7707067920128,112.9522499977611,0
1373,165.8966573330108,81.38616697397083,0
1374,165.99308612500317,69.38925001304597,0
1375,166.077531500021,109.2951669706963,0
1376,166.20188495801995,105.66033399663866,0
1377,166.32267012499506,150.84474999457598,0
1378,166.48486937501002,78.43241700902581,0
1379,166.57773358299164,46.666375012136996,0
1380,166.63577325001825,42.357707978226244,0
1381,166.69319387502037,105.35870800958946,0
1382,166.81364429200767,153.24733301531523,0
1383,166.97828329203185,100.13858298771083,0
1384,167.09347312501632,89.50795797863975,0
1385,167.19804133300204,117.6943340105936,0
1386,167.32654733298114,151.27233404200524,0
1387,167.48911870800657,138.196624990087,0
1388,167.63982124999166,136.98216702323407,0
1389,167.7918710000231,138.33816698752344,0
1390,167.94222583301598,102.00445901136845,0
1391,168.05812716699438,106.03116604033858,0
1392,168.17564779199893,116.75895802909508,0
1393,168.30745987500995,164.95787497842684,0
1394,168.4839558749809,39.39754201564938,0
1395,168.53615100000752,87.53758302191272,0
1396,168.63383512501605,122.28887499077246,0
1397,168.7662630000268,103.55833300855011,0
1398,168.8849672920187,102.4739159620367,0
1399,168.99882712500403,102.83545800484717,0
1400,169.11347137502162,85.5408749775961,0
1401,169.21410995803308,121.25141697470099,0
1402,169.3493171670125,149.6941249934025,0
1403,169.5141306250007,98.33433298626915,0
1404,169.6275819169823,123.99041600292549,0
1405,169.76681237498997,143.98445800179616,0
1406,169.9239608750213,91.11066698096693,0
1407,170.03015512501588,99.43170798942447,0
1408,170.14063183299731,69.5765420095995,0
1409,170.22530954203103,155.00479098409414,0
1410,170.39062987500802,152.55887497914955,0
1411,170.55832125002053,94.96379201300442,0
1412,170.66445625002962,168.8463329919614,0
1413,170.84513529203832,132.83804099773988,0
1414,170.99309091700707,52.95799998566508,0
1415,171.06110241700662,120.22933299886063,0
1416,171.19640920800157,111.82112502865493,0
1417,171.32329516700702,117.19762498978525,0
1418,171.45556312502595,126.28762499662116,0
1419,171.59583837498212,90.57937504258007,0
1420,171.70147887500934,144.53979197423905,0
1421,171.8604516669875,119.98316604876891,0
1422,171.9948441250017,158.30516698770225,0
1423,172.16824875003658,101.57899995101616,0
1424,172.28405374998692,32.20733301714063,0
1425,172.33047804201487,162.35225001582876,0
1426,172.5040624170215,127.12341599399224,0
1427,172.64625020802487,47.763958980794996,0
1428,172.70813170803012,86.94716700119898,0
1429,172.81013158301357,80.18170902505517,0
1430,172.90519616700476,129.41408302867785,0
1431,173.049656416988,87.05437503522262,0
1432,173.1517570830183,142.6494590123184,0
1433,173.30523712502327,95.2999169821851,0
1434,173.4156253330293,131.4577090088278,0
1435,173.56113612500485,91.9232500018552,0
1436,173.66811974998564,69.9442500481382,0
1437,173.75286549999146,120.66200003027916,0
1438,173.88859408302233,96.5138339670375,0
1439,173.9965455000056,116.27162498189136,0
1440,174.12648124998668,51.52433301554993,0
1441,174.1930892500095,73.0914170271717,0
1442,174.2809697079938,100.04183399723843,0
1443,174.39580233301967,169.71195896621794,0
1444,174.58056887501152,118.61370800761506,0
1445,174.70966812502593,59.843999973963946,0
1446,174.7845816250192,7.419542002025992,0
1447,174.80342374998145,166.3292920566164,0
1448,174.98340658302186,116.31258396664634,0
1449,175.1110993330367,72.50787498196587,0
1450,175.19793762499467,140.22724999813363,0
1451,175.34907745802775,132.64849997358397,0
1452,175.4933930420084,167.36366599798203,0
1453,175.67583608301356,108.85145899374038,0
1454,175.7997822079924,88.94112502457574,0
1455,175.89972441701684,135.1058330037631,0
1456,176.0457530419808,62.35508300596848,0
1457,176.12139641703106,92.86991599947214,0
1458,176.226836249989,74.53295803861693,0
1459,176.31641641701572,93.41112500987947,0
1460,176.42160491703544,65.51883299835026,0
1461,176.50218183302786,67.11025000549853,0
1462,176.58437574998243,76.834500010591,0
1463,176.67626812501112,122.1425419789739,0
1464,176.81193995801732,108.63425000570714,0
1465,176.9345988749992,98.20008301176131,0
1466,177.04417566698976,119.04950003372505,0
1467,177.17828354198718,127.32920801499858,0
1468,177.3169828330283,123.7295419559814,0
1469,177.45576833299128,172.7677500457503,0
1470,177.6436212080298,109.45033398456872,0
1471,177.76404754200485,116.33645801339298,0
1472,177.89544383302564,95.74954200070351,0
1473,178.00292008300312,137.95466697774827,0
1474,178.15592308301711,148.07349996408448,0
1475,178.3190725829918,14.049833989702165,0
1476,178.34819900000002,125.61316700885072,0
1477,178.48451466701226,70.12820802628994,0
1478,178.5652783330297,120.30099995899945,0
1479,178.70066075003706,108.29229198861867,0
1480,178.82138537499122,63.15566704142839,0
1481,178.89961195801152,62.24220898002386,0
1482,178.97220537503017,102.81395795755088,0
1483,179.0901046670042,183.45595803111792,0
1484,179.28486966702621,64.59262495627627,0
1485,179.36451904202113,89.7113750106655,0
1486,179.46500658302102,101.75516700837761,0
1487,179.5812297500088,95.87912500137463,0
1488,179.69217854202725,137.83037499524653,0
1489,179.84506133303512,163.61708397744223,0
1490,180.01970929198433,109.26412499975413,0
1491,180.14283891703235,122.27299995720387,0
1492,180.28024112503044,99.39870797097683,0
1493,180.39476441702573,153.67554099066183,0
1494,180.56366820802214,103.15829201135784,0
1495,180.67806587502128,128.09558300068602,0
1496,180.81989466701634,104.91612501209602,0
1497,180.9399319170043,141.24633301980793,0
1498,181.09460775001207,108.76616701716557,0
1499,181.21778033301234,85.47175000421703,0
1500,181.3148362080101,158.9302089996636,0
1501,181.4849476669915,46.96400003740564,0
1502,181.54579316702439,115.30762497568503,0
1503,181.67621208302444,99.33733398793265,0
1504,181.79067062499234,82.72562501952052,0
1505,181.88850970799103,173.4697089996189,0
1506,182.07706029200926,112.42020799545571,0
1507,182.2046060420107,98.40195800643414,0
1508,182.3148306250223,81.58587501384318,0
1509,182.4086497920216,114.41062501398847,0
1510,182.5381676669931,110.7326660421677,0
1511,182.66404458298348,103.46587502863258,0
1512,182.7826180420234,90.74391599278897,0
1513,182.8884732919978,156.5448750043288,0
1514,183.06014050001977,117.41008301032707,0
1515,183.1916188329924,96.11391701037064,0
1516,183.30284766701516,66.35070801712573,0
1517,183.38371687498875,87.60570804588497,0
1518,183.4848608750035,130.31058298656717,0
1519,183.63032945798477,84.19616700848565,0
1520,183.72570620803162,120.47912500565872,0
1521,183.85945958300726,102.81120898434892,0
1522,183.9748066670145,122.73100001038983,0
1523,184.10898170800647,116.47370900027454,0
1524,184.24057145800907,89.07633402850479,0
1525,184.34471141698305,100.03566602244973,0
1526,184.45985512499465,107.52991703338921,0
1527,184.58258391701384,130.59958297526464,0
1528,184.72402004199103,183.00941603956744,0
1529,184.9221501669963,133.2748749991879,0
1530,185.06663662503706,64.21220797346905,0
1531,185.1457924580318,169.43795897532254,0
1532,185.33033345802687,106.52991698589176,0
1533,185.45192662498448,89.628417044878,0
1534,185.5532340829959,114.58370898617432,0
1535,185.68293691700092,109.104291012045,0
1536,185.80372166703455,113.40866598766297,0
1537,185.92906537500676,105.99025001283735,0
1538,186.04800233303104,110.85170897422358,0
1539,186.17397362500196,141.02516701677814,0
1540,186.3262542919838,157.1214580326341,0
1541,186.49850899999728,107.38987498916686,0
1542,186.62098462501308,158.23029197053984,0
1543,186.79066337499535,130.5867080227472,0
1544,186.9341142080375,141.20291697327048,0
1545,187.08586262498284,117.24820802919567,0
1546,187.21337158302777,107.05129196867347,0
1547,187.33525400003418,134.76124999579042,0
1548,187.4809321250068,75.56429202668369,0
1549,187.57154458301375,110.0167499971576,0
1550,187.69664879201446,67.01979099307209,0
1551,187.77757270802977,137.44379195850343,0
1552,187.92571370798396,107.45083400979638,0
1553,188.04577104200143,126.769291004166,0
1554,188.18389833299443,98.90291700139642,0
1555,188.29420154198306,80.85662504890934,0
1556,188.38783854199573,139.3892500200309,0
1557,188.54231558303582,87.79487496940419,0
1558,188.64381433301605,102.33445902122185,0
1559,188.75934420799604,105.21316702943295,0
1560,188.87544704199536,124.51862503075972,0
1561,189.01504758303054,103.41350000817329,0
1562,189.13104570802534,71.0752920131199,0
1563,189.21318220801186,70.25245897239074,0
1564,189.29849549999926,133.79204203374684,0
1565,189.4464039580198,94.18537496821955,0
1566,189.55571841698838,97.20337501494214,0
1567,189.66798745800043,83.57833401532844,0
1568,189.76663345802808,138.39329197071493,0
1569,189.91957100003492,116.35079199913889,0
1570,190.0510201670113,86.54758299235255,0
1571,190.14901545800967,56.540041987318546,0
1572,190.21750825003255,156.59820794826373,0
1573,190.3855936669861,90.12183302547783,0
1574,190.48851233301684,75.66833397140726,0
1575,190.57556733302772,91.93512500496581,0
1576,190.68255670799408,76.37145899934694,0
1577,190.77293616702082,104.47391599882394,0
1578,190.88924441701965,93.89204101171345,0
1579,190.99695720802993,66.47566700121388,0
1580,191.07418312499067,128.58075002441183,0
1581,191.21481008303817,84.89504194585606,0
1582,191.3147689999896,52.49737499980256,0
1583,191.38232899998548,117.64029203914106,0
1584,191.51481954200426,88.46433297730982,0
1585,191.61837266699877,77.83791603287682,0
1586,191.70772145799128,57.34620901057497,0
1587,191.7770061250194,89.39924999140203,0
1588,191.881475125032,92.3103749519214,0
1589,191.9885191670037,95.899083011318,0
1590,192.09945924999192,95.14979203231633,0
1591,192.20963204203872,148.30129098845646,0
1592,192.37299120798707,141.69966703047976,0
1593,192.52603775000898,120.00083300517872,0
1594,192.65997495799093,120.64112501684576,0
1595,192.79575699998531,89.05854204203933,0
1596,192.899896042014,65.99241599906236,0
1597,192.98094916698756,124.46904100943357,0
1598,193.11900558299385,151.79908403661102,0
1599,193.2859227079898,82.0249590324238,0
1600,193.37938979198225,86.14008303266019,0
1601,193.47689049999462,84.0420420281589,0
1602,193.5760023330222,70.27254201238975,0
1603,193.65639358299086,117.81941703520715,0
1604,193.78569370799232,71.97179202921689,0
1605,193.8682189580286,149.94524995563552,0
1606,194.02988300001016,155.87112499633804,0
1607,194.2008552920306,107.51037497539073,0
1608,194.3234301250195,108.89041697373614,0
1609,194.44496074999915,80.15466702636331,0
1610,194.53644929203438,128.95312497857958,0
1611,194.68045529199298,104.61362503701821,0
1612,194.7971144579933,56.886292004492134,0
1613,194.86853525001789,73.24612501543015,0
1614,194.95302179199643,115.45412498526275,0
1615,195.08022404200165,88.82541599450633,0
1616,195.179617375019,113.97700000088662,0
1617,195.30789979203837,109.38320797868073,0
1618,195.43238916702103,147.33412500936538,0
1619,195.5910907079815,98.86054205708206,0
1620,195.70364533300744,142.30133400997147,0
1621,195.861018333002,143.68641702458262,0
1622,196.0197621670086,141.04075002251193,0
1623,196.17468916700454,96.12954099429771,0
1624,196.2859250420006,117.36212502000853,0
1625,196.41837954201037,187.09145800676197,0
1626,196.61856949998764,96.52575000654906,0
1627,196.728850583022,91.25208400655538,0
1628,196.8351698750048,114.21537498245016,0
1629,196.95970708300592,75.77037502778694,0
1630,197.0475340000121,83.49329198244959,0
1631,197.1415161670302,97.79074997641146,0
1632,197.2543976670131,102.07049996824935,0
1633,197.36740487499628,139.6309999981895,0
1634,197.5183500419953,75.6762910168618,0
1635,197.60907558299368,100.89100000914186,0
1636,197.7219367499929,116.02925002807751,0
1637,197.8492141669849,98.8302500336431,0
1638,197.96312116703484,132.73466599639505,0
1639,198.1093897499959,172.30070801451802,0
1640,198.29675666702678,75.26162499561906,0
1641,198.38706029200694,84.31508298963308,0
1642,198.48195508302888,95.01912497216836,0
1643,198.5920577920042,93.36079098284245,0
1644,198.6967546250089,88.49604200804606,0
1645,198.79945245798444,118.41520899906754,0
1646,198.93298049998702,160.53429199382663,0
1647,199.1062158329878,176.5789170167409,0
1648,199.2953212080174,107.80545900342986,0
1649,199.41821962501854,43.26383298030123,0
1650,199.47397420799825,157.4956250260584,0
1651,199.6465825419873,110.97941600019112,0
1652,199.77264487498906,89.57562502473593,0
1653,199.876861458004,143.38949997909367,0
1654,200.0353175830096,106.18262499338016,0
1655,200.1528874170035,103.62787498161197,0
1656,200.26731150003616,82.53574999980628,0
1657,200.3600954579888,135.15637500677258,0
1658,200.5102981670061,135.6630829977803,0
1659,200.66099649999524,84.7494580084458,0
1660,200.75902004202362,93.43383298255503,0
1661,200.8674965419923,147.60479104006663,0
1662,201.03021141700447,87.65320800011978,0
1663,201.13239350001095,97.95349999330938,0
1664,201.24540337501094,81.219042011071,0
1665,201.33801208302611,97.17249998357147,0
1666,201.44576874998165,130.57412503985688,0
1667,201.5876364170108,109.15054101496935,0
1668,201.71184479200747,137.21708301454782,0
1669,201.86526200000662,123.15312499413267,0
1670,201.9997847499908,49.835957994218916,0
1671,202.0646615420119,105.20258301403373,0
1672,202.18115295801545,101.8613749765791,0
1673,202.29562879202422,52.67104099038988,0
1674,202.35918308299733,128.46629199339077,0
1675,202.50271583301947,101.0627499781549,0
1676,202.61882487498224,95.33825004473329,0
1677,202.72924687503837,116.78170796949416,0
1678,202.85887400002684,133.7900419603102,0
1679,203.0077566250111,132.1986250113696,0
1680,203.15501583303558,94.70887499628589,0
1681,203.26477591699222,107.28087503230199,0
1682,203.38673562498298,174.80658303247765,0
1683,203.57292433298426,68.64591705380008,0
1684,203.65661649999674,108.82791702169925,0
1685,203.77993562503252,108.83670795010403,0
1686,203.90385879203677,151.30729094380513,0
1687,204.06640229199547,124.7793750371784,0
1688,204.20623066701228,108.80699998233467,0
1689,204.32954612502363,101.63545800605789,0
1690,204.4457814579946,143.24495900655165,0
1691,204.60408141702646,111.00108298705891,0
1692,204.73014620802132,102.71120897959918,0
1693,204.84576904203277,108.57716598547995,0
1694,204.96604091703193,127.91308294981718,0
1695,205.10558545798995,109.52366702258587,0
1696,205.23020995798288,112.11733403615654,0
1697,205.35738595802104,125.50449999980628,0
1698,205.49793904199032,83.73474999098107,0
1699,205.59306033299072,93.89716701116413,0
1700,205.7020062500378,107.6238329987973,0
1701,205.82201291702222,130.11533301323652,0
1702,205.96691662503872,125.6501249736175,0
1703,206.10390508302953,96.05887497309595,0
1704,206.21422887500376,69.77845798246562,0
1705,206.29905487503856,95.89316695928574,0
1706,206.40589975001058,95.476292015519,0
1707,206.51623579201987,137.23804097389802,0
1708,206.6652949579875,123.60295903636143,0
1709,206.80043150001438,103.00724999979138,0
1710,206.91494266700465,78.02466599969193,0
1711,207.00553879200015,71.27229101024568,0
1712,207.09086712502176,105.3102079895325,0
1713,207.20686187501997,122.28695797966793,0
1714,207.34421350003686,121.2593749514781,0
1715,207.47726770798909,93.48516701720655,0
1716,207.58585874998244,127.35375005286187,0
1717,207.72360879200278,45.59137503383681,0
1718,207.7843025419861,142.5137500045821,0
1719,207.94187358301133,147.56574999773875,0
1720,208.10081937501673,115.69262499688193,0
1721,208.23141587502323,108.45658299513161,0
1722,208.35495729203103,104.24770798999816,0
1723,208.47425550001208,129.11020801402628,0
1724,208.6184115000069,80.76916699064896,0
1725,208.71426970802713,93.15770899411291,0
1726,208.82248845801223,114.50324999168515,0
1727,208.95204579201527,65.98062498960644,0
1728,209.02963950001867,125.17895799828693,0
1729,209.16987024998525,120.31054199906066,0
1730,209.3052035419969,103.87575003551319,0
1731,209.4241702919826,92.99625002313405,0
1732,209.52790545800235,162.8860420314595,0
1733,209.70300949999364,87.37754198955372,0
1734,209.80448275001254,113.57395799132064,0
1735,209.93313900002977,125.74270798359066,0
1736,210.07397029199637,110.33508303808048,0
1737,210.19466466701124,142.33449997846037,0
1738,210.35215008299565,110.94779201084748,0
1739,210.47494975000154,109.73258299054578,0
1740,210.59979445801582,110.1377920131199,0
1741,210.72498462500516,121.04666698724031,0
1742,210.85797937499592,91.1527500138618,0
1743,210.96185387502192,128.94141697324812,0
1744,211.1059002080001,140.215374995023,0
1745,211.26122595800553,72.56837497698143,0
1746,211.34538779198192,65.22920803399757,0
1747,211.42568154202309,67.0526250032708,0
1748,211.50784787500743,81.98533300310373,0
1749,211.60487224999815,131.15408300654963,0
1750,211.75109495798824,111.58629204146564,0
1751,211.87735812499886,165.27216701069847,0
1752,212.05768112500664,157.4472080101259,0
1753,212.2302256670082,54.645625001285225,0
1754,212.29783699999098,90.90725000714883,0
1755,212.40288245800184,92.17804198851809,0
1756,212.50680654199095,151.7394160036929,0
1757,212.6700384169817,134.04658302897587,0
1758,212.8148172920337,138.35212495177984,0
1759,212.9653922499856,80.63837501686066,0
1760,213.06107883300865,166.63195902947336,0
1761,213.24276845803251,71.12037495244294,0
1762,213.3269418749842,111.27541703172028,0
1763,213.4532785830088,81.55070897191763,0
1764,213.54575925000245,78.87337502324954,0
1765,213.63848845800385,117.95625003287569,0
1766,213.7696821669815,77.83416600432247,0
1767,213.86255950003397,130.5954169947654,0
1768,214.00555433303816,123.39266698108986,0
1769,214.14015329198446,112.10266599664465,0
1770,214.2657215000363,123.04325000150129,0
1771,214.40383145801025,136.54708402464166,0
1772,214.55543416703586,140.1268329937011,0
1773,214.71064729202772,71.82829099474475,0
1774,214.793947750004,121.10520800342783,0
1775,214.93010095803766,137.1755419531837,0
1776,215.07840033300454,91.31724998587742,0
1777,215.18477458303096,96.89629200147465,0
1778,215.29680758301402,141.77649997873232,0
1779,215.45363925001584,130.28558297082782,0
1780,215.5951393750147,110.45937502058223,0
1781,215.71768025000347,144.746457983274,0
1782,215.87373683298938,132.0354170165956,0
1783,216.02087658300297,158.9769590063952,0
1784,216.19297545799054,93.1460420251824,0
1785,216.29791191703407,136.15266600390896,0
1786,216.44534929201473,50.621457980014384,0
1787,216.50610162498197,87.78870804235339,0
1788,216.60512858303264,160.72033398086205,0
1789,216.7788676249911,81.53587504057214,0
1790,216.87215991702396,106.00199998589233,0
1791,216.99325841700193,99.98762502800673,0
1792,217.1083161670249,124.0023749996908,0
1793,217.24577033298556,144.6280000382103,0
1794,217.40288404200692,148.63691601203755,0
1795,217.56293445802294,98.6897919792682,0
1796,217.6766956250067,120.51829200936481,0
1797,217.81193299998995,133.97787499707192,0
1798,217.96100320800906,145.16116701997817,0
1799,218.12055691698333,98.41083304490894,0
1800,218.23402470798464,143.9687090460211,0
1801,218.39061983302236,61.4934170152992,0
1802,218.46716512501007,119.01354201836511,0
1803,218.60128720803186,68.65945894969627,0
1804,218.68504754203605,96.52570798061788,0
1805,218.79663733299822,86.6728340042755,0
1806,218.8979576670099,157.17033302644268,0
1807,219.0702218330116,150.78687499044463,0
1808,219.23607675003586,132.97183299437165,0
1809,219.37993129203096,110.21512496517971,0
1810,219.50223479198758,51.9642080180347,0
1811,219.5688118750113,50.49812502693385,0
1812,219.62946812500013,110.51212501479313,0
1813,219.75007045798702,132.45441700564697,0
1814,219.89853866701014,125.81666599726304,0
1815,220.03491070802556,84.19095899444073,0
1816,220.13432520802598,81.9433750002645,0
1817,220.22919370798627,117.30141704902053,0
1818,220.35754150000867,177.10316699231043,0
1819,220.5481654999894,128.67508304771036,0
1820,220.68818620801903,109.24770898418501,0
1821,220.8082658330095,106.72812501434237,0
1822,220.9298819579999,114.4075840129517,0
1823,221.0575267500244,115.15008297283202,0
1824,221.18532033299562,60.66041701706126,0
1825,221.2597970420029,155.8635410037823,0
1826,221.430734958034,124.33500000042841,0
1827,221.57015658303862,120.36579195410013,0
1828,221.70193308300804,93.02550001302734,0
1829,221.80641683301656,135.49766701180488,0
1830,221.95703308301745,139.9066669982858,0
1831,222.11201658303617,83.55412498349324,0
1832,222.2097033750033,136.3400419941172,0
1833,222.35775187500985,88.25600001728162,0
1834,222.45660829200642,52.30308300815523,0
1835,222.52038820803864,132.74208398070186,0
1836,222.6681803750107,80.64204198308289,0
1837,222.76340829202672,88.05770799517632,0
1838,222.86288770800456,74.70904203364626,0
1839,222.95264341699658,107.84554103156552,0
1840,223.07559079199564,91.06858301674947,0
1841,223.1795196669991,111.266040999908,0
1842,223.30281508300686,125.52904197946191,0
1843,223.44050050002988,159.87895795842633,0
1844,223.61553050001385,118.1642499868758,0
1845,223.7457696670317,125.89304096763954,0
1846,223.88452904199949,123.4497909899801,0
1847,224.0230590000283,134.93491697590798,0
1848,224.1731016249978,137.4519580276683,0
1849,224.32362166699022,117.42312501883134,0
1850,224.456143916992,70.03825000720099,0
1851,224.53982641699258,77.53445801790804,0
1852,224.62755595799536,118.44533402472734,0
1853,224.76106695801718,100.89762497227639,0
1854,224.87704200000735,92.78045798419043,0
1855,224.98490179202054,94.85562500776723,0
1856,225.09481070801849,85.05287498701364,0
1857,225.1907412080327,143.36866699159145,0
1858,225.34919708303642,131.0094169457443,0
1859,225.49344512500102,63.17308300640434,0
1860,225.56986379198497,108.68154105264693,0
1861,225.69261366699357,102.10025002015755,0
1862,225.80979808303528,93.03624997846782,0
1863,225.917942125001,141.94741699611768,0
1864,226.07495333300903,117.91770899435505,0
1865,226.20793320803205,112.60408395901322,0
1866,226.3342886249884,81.19279204402119,0
1867,226.42709195800126,138.9520420343615,0
1868,226.58007791702403,108.48737496417016,0
1869,226.70092729199678,109.61395798949525,0
1870,226.82567475002725,89.07679200638086,0
1871,226.92759712500265,150.14541702112183,0
1872,227.0928728330182,11.430208978708833,0
1873,227.11935533303767,62.08145897835493,0
1874,227.19652279198635,61.071416013874114,0
1875,227.27271091699367,64.51037502847612,0
1876,227.35232779203216,79.8668329953216,0
1877,227.44578029203694,92.13883295888081,0
1878,227.55300104198977,99.48995802551508,0
1879,227.66367716703098,110.59708299580961,0
1880,227.78553008299787,149.405709002167,0
1881,227.9451122499886,127.6280420133844,0
1882,228.0878320420161,108.50616596871987,0
1883,228.21143045800272,99.686625006143,0
1884,228.32617883302737,121.74187495838851,0
1885,228.462984666985,131.05220801662654,0
1886,228.60918037500232,81.840833008755,0
1887,228.70612620800966,159.55554199172184,0
1888,228.8769946669927,110.47158302972093,0
1889,229.0022593330359,133.93354194704443,0
1890,229.15131483302685,34.430958970915526,0
1891,229.1981573330122,114.58387499442324,0
1892,229.3239565420081,90.33391601406038,0
1893,229.42941316700308,150.4440000280738,0
1894,229.59497308300342,138.64820898743346,0
1895,229.7482162080123,120.33554201480001,0
1896,229.8818086250103,119.66579197905958,0
1897,230.01411008299328,99.23875000094995,0
1898,230.1239803750068,82.58487499551848,0
1899,230.21725758299,142.85699999891222,0
1900,230.37396062503103,71.75245799589902,0
1901,230.4559569170233,95.11695796390995,0
1902,230.56620800000383,69.86824999330565,0
1903,230.6511993330205,77.69641699269414,0
1904,230.74397008301457,95.12070898199454,0
1905,230.8541483330191,128.62554198363796,0
1906,230.99569345801137,81.38325001345947,0
1907,231.09213245799765,123.0093750054948,0
1908,231.22752520802896,50.89708400191739,0
1909,231.28864979202626,84.75329098291695,0
1910,231.38844629202504,84.57183296559379,0
1911,231.4880793330376,129.23583399970084,0
1912,231.62860141700367,150.1876250258647,0
1913,231.79077166703064,37.844125006813556,0
1914,231.84366737498203,112.6855420297943,0
1915,231.9713974579936,151.30291698733345,0
1916,232.13776341703488,108.2447079825215,0
1917,232.26111087499885,151.87033300753683,0
1918,232.42524541699095,138.1759160431102,0
1919,232.5747310000006,118.98400000063702,0
1920,232.70877562498208,68.38975002756342,0
1921,232.79221575002884,84.58145800977945,0
1922,232.88813550001942,151.09429199947044,0
1923,233.05428258300526,83.88795901555568,0
1924,233.15321541699814,70.30304102227092,0
1925,233.23644175002119,87.33524999115616,0
1926,233.33829458302353,148.43154198024422,0
1927,233.49752987502143,110.9012080123648,0
1928,233.6235497079906,65.3154170140624,0
1929,233.7039958750247,84.01895797578618,0
1930,233.80311133299256,124.14345901925117,0
1931,233.94235966703855,145.201624953188,0
1932,234.099810292013,152.93045801809058,0
1933,234.26587783300783,120.33391697332263,0
1934,234.39743374998216,119.08204201608896,0
1935,234.5316388750216,72.56050000432879,0
1936,234.61711112502962,93.85354199912399,0
1937,234.72603654203704,69.56874998286366,0
1938,234.81070154201007,103.76679099863395,0
1939,234.9295602500206,117.2339579788968,0
1940,235.0618908330216,107.15308401267976,0
1941,235.17939754202962,81.64354099426419,0
1942,235.274494042038,128.07637499645352,0
1943,235.41394583298825,132.2397500043735,0
1944,235.56133883300936,143.33620900288224,0
1945,235.71923541702563,44.687290966976434,0
1946,235.77715550002176,35.31245799968019,0
1947,235.82757566700457,68.9540000166744,0
1948,235.90746320801554,122.1394999884069,0
1949,236.0436922920053,136.19525003014132,0
1950,236.1949840830057,131.95516698760912,0
1951,236.3370751250186,109.06333301682025,0
1952,236.4612332499819,108.3093750057742,0
1953,236.5796803330304,99.40524998819456,0
1954,236.6909164999961,81.67912502540275,0
1955,236.78340925002703,78.6649999790825,0
1956,236.8771492500091,205.45245800167322,0
1957,237.09764637501212,103.01816702121869,0
1958,237.21575683302945,119.2219170043245,0
1959,237.35007487499388,117.85716703161597,0
1960,237.4795995419845,133.98504100041464,0
1961,237.62864254199667,106.82266601361334,0
1962,237.74749058298767,130.6042920332402,0
1963,237.8908143750159,162.81870799139142,0
1964,238.06871641700855,88.09479098999873,0
1965,238.1704563749954,87.91400003246963,0
1966,238.26912341703428,80.63658297760412,0
1967,238.3608657500008,99.90974998800084,0
1968,238.47585983300814,66.32391700986773,0
1969,238.5572711250279,118.30108298454434,0
1970,238.69068475003587,124.61283296579495,0
1971,238.83048483298626,138.2629590225406,0
1972,238.98386949999258,149.2496250430122,0
1973,239.14818250003736,93.19254197180271,0
1974,239.25646270799916,110.49920902587473,0
1975,239.37814633303788,83.78270897082984,0
1976,239.4768014170113,112.60745802428573,0
1977,239.6044871250051,113.438792002853,0
1978,239.73220387502806,125.54908299352974,0
1979,239.87281212501694,108.84749999968335,0
1980,239.9933074170258,76.79199997801334,0
1981,240.08518979203654,140.7500829664059,0
1982,240.24105845799204,105.12854199623689,0
1983,240.35899995802902,62.747249961830676,0
1984,240.43360204203054,51.60983296809718,0
1985,240.49794475000817,126.86700001358986,0
1986,240.63767583301524,57.11325001902878,0
1987,240.70744629198452,120.83620805060491,0
1988,240.83994208299555,154.77045899024233,0
1989,241.00730233301874,129.31737501639873,0
1990,241.14874791703187,242.15779098449275,0
1991,241.407546041999,144.0015829866752,0
1992,241.56254845799413,93.03108399035409,0
1993,241.66821995802457,111.38383398065343,0
1994,241.79240866698092,49.903833016287535,0
1995,241.8549617920071,122.20691598486155,0
1996,241.9898164169863,123.40491602662951,0
1997,242.12470404198393,134.10158304031938,0
1998,242.27083900000434,136.21016702381894,0
1999,242.4175396669889,100.16820800956339,0
2000,242.53056333301356,56.67404201813042,0
2001,242.59992429200793,145.68458299618214,0
2002,242.75829404202523,104.55062496475875,0
2003,242.87724658299703,135.83316700533032,0
2004,243.023767375038,249.36937500024214,0
2005,243.28621824999573,96.9252500217408,0
2006,243.39470854203682,173.2569159939885,0
2007,243.58693783299532,142.11829198757187,0
2008,243.75700275000418,126.63383298786357,0
2009,243.89570400002412,92.66187500907108,0
2010,244.0008694580174,121.49491696618497,0
2011,244.13411691703368,93.36908295517787,0
2012,244.24013270798605,124.4690419989638,0
2013,244.37687029200606,79.30345798376948,0
2014,244.46776149998186,116.09908303944394,0
2015,244.59787362499628,99.42362504079938,0
2016,244.70985216699773,137.30783300707117,0
2017,244.8606959169847,116.70233303448185,0
2018,244.9875447920058,135.85875002900138,0
2019,245.13414083298994,87.57241704734042,0
2020,245.23411800002214,84.80854198569432,0
2021,245.3314952920191,102.66754101030529,0
2022,245.4451422499842,74.99458303209394,0
2023,245.53272900002776,97.47049998259172,0
2024,245.64274395798566,141.76875003613532,0
2025,245.7946296670125,73.56958300806582,0
2026,245.88078254199354,88.06495799217373,0
2027,245.98681691702222,105.2017500041984,0
2028,246.10459291702136,154.22745799878612,0
2029,246.2703515830217,166.99299996253103,0
2030,246.44774525001412,86.73116698628291,0
2031,246.54706158302724,87.45304198237136,0
2032,246.64710112498142,113.84470801567659,0
2033,246.7744101670105,87.2494580107741,0
2034,246.87425529200118,43.95962500711903,0
2035,246.93198545800988,123.22479201247916,0
2036,247.0679497080273,116.82433396345004,0
2037,247.19738862500526,114.99737499980256,0
2038,247.32503741700202,117.81637498643249,0
2039,247.45555395801784,107.82779200235382,0
2040,247.5749402079964,87.7231250051409,0
2041,247.67524004203733,119.94674999732524,0
2042,247.8077907920233,104.44620798807591,0
2043,247.92524004203733,108.30158297903836,0
2044,248.04614816699177,73.1318750185892,0
2045,248.13121920800768,104.72483397461474,0
2046,248.2485458329902,104.11816701525822,0
2047,248.36534233298153,80.27775003574789,0
2048,248.45821645803517,83.00191699527204,0
2049,248.55373333301395,92.87424996728078,0
2050,248.6591985829873,105.94383400166407,0
2051,248.77772600000026,87.15779200429097,0
2052,248.87505358300405,70.21520897978917,0
2053,248.9555939999991,104.309624992311,0
2054,249.07249237503856,69.1845829715021,0
2055,249.15425308299018,110.53495900705457,0
2056,249.275228833023,79.19845898868516,0
2057,249.36649391701212,99.95208302279934,0
2058,249.4790143329883,137.97604199498892,0
2059,249.62874000001466,39.708082971628755,0
2060,249.67874554201262,65.78962499042973,0
2061,249.75579775002552,89.06270796433091,0
2062,249.85527300002286,100.23899999214336,0
2063,249.96619212499354,76.72029203968123,0
2064,250.0550531669869,73.19891604129225,0
2065,250.14087375003146,84.24537495011464,0
2066,250.23774845799198,75.72866702685133,0
2067,250.32606479199603,104.49641599552706,0
2068,250.44313066703035,85.12099995277822,0
2069,250.5395190420095,98.89812499750406,0
2070,250.65105654200306,103.54337497847155,0
2071,250.767476833018,121.35279201902449,0
2072,250.90079579199664,82.55941601237282,0
2073,250.99441045802087,89.90479196654633,0
2074,251.09581045800587,114.12387498421595,0
2075,251.22270924999611,41.53620800934732,0
2076,251.2752832500264,106.4163749688305,0
2077,251.39427383302245,75.44366701040417,0
2078,251.48235375003424,129.32833295781165,0
2079,251.62427462503547,95.96770798088983,0
2080,251.73049379198346,78.55020801071078,0
2081,251.81996120803524,135.60337497619912,0
2082,251.9670757080312,89.44445895031095,0
2083,252.06747187499423,77.233541989699,0
2084,252.1573259169818,121.09179102117196,0
2085,252.28881508298218,47.200667031574994,0
2086,252.34869462501956,101.43145796610042,0
2087,252.46162883302895,122.87970900069922,0
2088,252.5954300829908,63.56483401032165,0
2089,252.67074958299054,133.86833399999887,0
2090,252.81658575002803,94.8389169643633,0
2091,252.92431191698415,91.78533300291747,0
2092,253.02732533303788,56.11641699215397,0
2093,253.09392954199575,142.82087498577312,0
2094,253.24847562500509,142.26125000277534,0
2095,253.40264575002948,92.75366697693244,0
2096,253.50801970798057,115.69066700758412,0
2097,253.63499329198385,48.46329102292657,0
2098,253.69593466701917,107.55800001788884,0
2099,253.81383404199732,113.625125028193,0
2100,253.9388959580101,78.3207499771379,0
2101,254.02846583299106,86.61591704003513,0
2102,254.12769258301705,95.37554200505838,0
2103,254.23568812501617,81.54158300021663,0
2104,254.32985837501474,55.81904196878895,0
2105,254.39834595803404,126.96466699708253,0
2106,254.5362882920308,130.46537496848032,0
2107,254.67836020799587,120.8612920017913,0
2108,254.81167575001018,126.71070802025497,0
2109,254.94979083299404,135.68070903420448,0
2110,255.09732737502782,96.09954198822379,0
2111,255.2069804170169,15.65191597910598,0
2112,255.23524604202248,103.67654100991786,0
2113,255.35154779203003,88.94279098603874,0
2114,255.45102208299795,70.14058402273804,0
2115,255.53578662499785,115.61083298875019,0
2116,255.66276570799528,76.21729199308902,0
2117,255.7516127920244,67.51841597724706,0
2118,255.8317603750038,174.16879202937707,0
2119,256.018498999998,88.80033303285018,0
2120,256.1184962920379,110.1504159742035,0
2121,256.24123550002696,118.34520800039172,0
2122,256.3722290000296,123.36783297359943,0
2123,256.50660508300643,102.54549997625872,0
2124,256.620180124999,120.72570802411065,0
2125,256.75176791701233,100.38320801686496,0
2126,256.86485791701125,90.26475000428036,0
2127,256.9677891249885,96.21233301004395,0
2128,257.0752190420171,123.82829101989046,0
2129,257.21165183302946,122.49974999576807,0
2130,257.3455309169949,118.14512498676777,0
2131,257.47632004198385,57.523833005689085,0
2132,257.5464270419907,98.99216599296778,0
2133,257.65803679201053,118.44208301045,0
2134,257.78911216702545,90.2617079555057,0
2135,257.89204183302354,117.948625003919,0
2136,258.02262558299117,109.15220901370049,0
2137,258.1444296670379,137.15512497583404,0
2138,258.29493816703325,36.393457965459675,0
2139,258.342056458001,108.08066703611985,0
2140,258.46275075001176,136.74583297688514,0
2141,258.61085620801896,125.7047500112094,0
2142,258.749151792028,90.40583297610283,0
2143,258.85180812503677,99.00574997300282,0
2144,258.9633736250107,95.38237500237301,0
2145,259.07134358299663,118.19687503157184,0
2146,259.2021140420111,125.77749998308718,0
2147,259.3405215420062,88.03483302472159,0
2148,259.4411179170129,135.92799997422844,0
2149,259.588021958014,119.24920900491998,0
2150,259.7198992500198,40.60958296759054,0
2151,259.7715397080174,90.9997089765966,0
2152,259.8751195000368,97.59479196509346,0
2153,259.9853407079936,82.54075003787875,0
2154,260.0804718330037,103.95304200937971,0
2155,260.19703912502155,105.90437497012317,0
2156,260.3155968330102,98.37341698585078,0
2157,260.4254657080164,93.13970897346735,0
2158,260.52913516701665,110.57845799950883,0
2159,260.65233275003266,87.68429199699312,0
2160,260.7508076670347,120.74287497671321,0
2161,260.8826542919851,51.794375001918525,0
2162,260.9464450830128,107.07204201025888,0
2163,261.0646466250182,89.6954580093734,0
2164,261.1662415830069,93.02637499058619,0
2165,261.2706170830061,114.244416996371,0
2166,261.39751087501645,87.01437502168119,0
2167,261.4949498330243,7.730916957370937,0
2168,261.51730675,58.837875025346875,0
2169,261.5878881670069,99.62695802096277,0
2170,261.6998186670244,96.74124995945022,0
2171,261.80811162502505,88.3314170059748,0
2172,261.9075830419897,82.45158300269395,0
2173,262.00149325001985,124.02862496674061,0
2174,262.13747320801485,102.10291697876528,0
2175,262.2517794999876,74.29391704499722,0
2176,262.33829337498173,78.57675000559539,0
2177,262.42841558298096,130.6059590424411,0
2178,262.5709316250286,108.91062498558313,0
2179,262.69258295802865,111.60804197425023,0
2180,262.8168007500353,106.23266699258238,0
2181,262.9343891250319,108.33479196298867,0
2182,263.0547106669983,84.72650003386661,0
2183,263.1520150830038,76.57770899822935,0
2184,263.2411850420176,73.36262497119606,0
2185,263.32695791701553,79.74308298435062,0
2186,263.4193177500274,157.58633299265057,0
2187,263.5870753750205,123.16970800748095,0
2188,263.7228004580247,107.03937499783933,0
2189,263.8429821250029,99.39920803299174,0
2190,263.9550036669825,57.85404104972258,0
2191,264.023807791993,125.84254099056125,0
2192,264.161780000024,50.41604198049754,0
2193,264.22279541700846,135.89866599068046,0
2194,264.37132629199186,90.8943330287002,0
2195,264.47479545802344,60.48804201418534,0
2196,264.5478852079832,146.2362500024028,0
2197,264.7067441670224,73.73800000641495,0
2198,264.7931296250317,94.78841698728502,0
2199,264.9005359580042,99.72408402245492,0
2200,265.0117779169814,57.019541040062904,0
2201,265.0802785420092,115.23716599913314,0
2202,265.20569366699783,66.42745801946148,0
2203,265.2831285420107,96.06033301679417,0
2204,265.39187104202574,72.02749996213242,0
2205,265.47647116699954,151.54437499586493,0
2206,265.6391765419976,103.75950002344325,0
2207,265.755551750015,146.7108330107294,0
2208,265.9150023330003,90.09266702923924,0
2209,266.0167084580171,109.64129201602191,0
2210,266.13821825000923,120.86745799751952,0
2211,266.27171716699377,107.66995802987367,0
2212,266.391994583013,94.88729201257229,0
2213,266.4984875830123,138.54041701415554,0
2214,266.6482242080383,114.56508398987353,0
2215,266.7747754169977,105.93666601926088,0
2216,266.89399179199245,129.80125000467524,0
2217,267.0347782919998,21.53495798120275,0
2218,267.06889858300565,73.4517090022564,0
2219,267.153155167005,117.65750002814457,0
2220,267.2834017080022,93.06887502316386,0
2221,267.3890811250312,96.39374999096617,0
2222,267.4969102080213,58.3055000170134,0
2223,267.56645958300214,94.9619589955546,0
2224,267.6725750830374,142.42333394940943,0
2225,267.82759541703854,90.9143749740906,0
2226,267.93112341698725,71.9986250041984,0
2227,268.0156922499882,96.87216702150181,0
2228,268.125131125038,137.52154196845368,0
2229,268.27526883303653,86.4532919949852,0
2230,268.37355850002496,55.09350000647828,0
2231,268.4412959580077,112.45283402968198,0
2232,268.56632949999766,92.70908299367875,0
2233,268.66995541699,108.74125000555068,0
2234,268.7891570419888,50.77704100403935,0
2235,268.8518006670056,73.04266601568088,0
2236,268.93746937502874,91.81062498828396,0
2237,269.0414460420143,115.69320800481364,0
2238,269.169756999996,155.98354203393683,0
2239,269.33689508301904,146.15020900964737,0
2240,269.4949699169956,136.6132500115782,0
2241,269.6420189170167,133.65662499563769,0
2242,269.7883167079999,136.5402500377968,0
2243,269.93748033302836,121.47937499685213,0
2244,270.0715724580223,124.22362499637529,0
2245,270.2081215000362,94.0488749765791,0
2246,270.3138233330101,86.632999998983,0
2247,270.41306475002784,141.10204199096188,0
2248,270.56680445803795,70.64654194982722,0
2249,270.64793841703795,88.41424999991432,0
2250,270.74893945798976,98.0982500477694,0
2251,270.8596263329964,110.32483400776982,0
2252,270.9825813330244,85.76383400941268,0
2253,271.0809682920226,91.10620798310265,0
2254,271.18467491702177,80.10633301455528,0
2255,271.27527904202,83.61087500816211,0
2256,271.37152433302253,91.05062496382743,0
2257,271.4741757499869,200.5201670108363,0
2258,271.6873047919944,67.062791029457,0
2259,271.7664912500186,172.9670829954557,0
2260,271.95208833302604,68.9437499968335,0
2261,272.03313166700536,106.54008301207796,0
2262,272.15080716699595,102.217165986076,0
2263,272.265881542,132.66912498511374,0
2264,272.4196057500085,93.33358297590166,0
2265,272.52529887499986,73.69799999287352,0
2266,272.6115913329995,89.21200002077967,0
2267,272.71317295799963,96.02733398787677,0
2268,272.8218207919854,61.901833047159016,0
2269,272.8947251670179,102.01062500709668,0
2270,273.008648750023,108.31054201116785,0
2271,273.1295193749829,59.39083301927894,0
2272,273.201528207981,62.81691702315584,0
2273,273.2774637080147,129.41983400378376,0
2274,273.41790524998214,75.34245803253725,0
2275,273.5046954170102,86.03945799404755,0
2276,273.6033271669876,87.58537500398234,0
2277,273.7026698749978,86.45579201402143,0
2278,273.8014021249837,121.5029580052942,0
2279,273.93553758302005,108.52983401855454,0
2280,274.05572950001806,163.01224997732788,0
2281,274.230585042038,94.43312499206513,0
2282,274.3375849580043,114.98145898804069,0
2283,274.4651792499935,85.04395803902298,0
2284,274.5626008749823,133.77416704315692,0
2285,274.7086896250257,59.57262497395277,0
2286,274.7809080000152,76.37441699625924,0
2287,274.868794583017,98.01829198841006,0
2288,274.97760158299934,187.30429199058563,0
2289,275.1774750830373,170.78754195244983,0
2290,275.36006008298136,159.82962504494935,0
2291,275.532488249999,103.27775002224371,0
2292,275.6465054170112,59.999375022016466,0
2293,275.7180895000347,122.26741696940735,0
2294,275.85304808302317,137.5692089786753,0
2295,276.0032288749935,85.76516702305526,0
2296,276.1016096250387,161.5849999943748,0
2297,276.2758030000259,163.82724995492026,0
2298,276.45083608303685,55.782124982215464,0
2299,276.51704766700277,91.91683301469311,0
2300,276.62049145798665,96.28520900150761,0
2301,276.7283034999855,96.80479200324044,0
2302,276.83770566701423,98.54795801220462,0
2303,276.9484228750225,106.38412501430139,0
2304,277.0674283329863,98.0966670322232,0
2305,277.1781295830151,181.63154198555276,0
2306,277.372368249984,91.69966704212129,0
2307,277.47523250000086,69.75212501129135,0
2308,277.55759241699707,140.52195800468326,0
2309,277.7086189999827,133.58854205580428,0
2310,277.8547979579889,67.22470902604982,0
2311,277.93458879203536,78.87641596607864,0
2312,278.02603329200065,79.74800001829863,0
2313,278.118410916999,40.61937500955537,0
2314,278.1704359999858,63.09533299645409,0
2315,278.2438361670356,118.89504099963233,0
2316,278.3752948330366,66.30945898359641,0
2317,278.4544144999818,98.72241702396423,0
2318,278.5657482080278,96.74899996025488,0
2319,278.6750878749881,88.10725004877895,0
2320,278.77576054201927,115.67412497242913,0
2321,278.90294558298774,109.93445903295651,0
2322,279.02561854198575,141.16504101548344,0
2323,279.1787764580222,111.70037498231977,0
2324,279.3017837500083,85.5045830248855,0
2325,279.3998771670158,155.01350001432002,0
2326,279.5675095000188,113.58816700521857,0
2327,279.6937124580145,120.24829199071974,0
2328,279.8248357499833,109.67229201924056,0
2329,279.94711820798693,96.00712504470721,0
2330,280.0538168330095,74.92845901288092,0
2331,280.14135766698746,139.563333010301,0
2332,280.294750125031,83.92937498865649,0
2333,280.39129404199775,96.5478330035694,0
2334,280.4985871670069,131.73245801590383,0
2335,280.64287516701734,135.53787500131875,0
2336,280.79102087498177,106.5223750192672,0
2337,280.90861754200887,162.57479100022465,0
2338,281.0838119999971,99.26600003382191,0
2339,281.19353270798456,175.18445901805535,0
2340,281.381356833037,146.73908398253843,0
2341,281.54072162503144,108.14379196381196,0
2342,281.660500833008,97.88858401589096,0
2343,281.769349167007,138.99908302119002,0
2344,281.9209528330248,54.07054198440164,0
2345,281.98732079198817,126.80583301698789,0
2346,282.1267238750006,124.60224999813363,0
2347,282.2624965420109,152.86024997476488,0
2348,282.4274155420135,145.00395802315325,0
2349,282.585028792033,112.2066659736447,0
2350,282.7081200830289,116.5245840093121,0
2351,282.8363087500329,77.11541699245572,0
2352,282.9252992499969,121.24220799887553,0
2353,283.0579822080326,82.77316699968651,0
2354,283.15183741698274,65.35162503132597,0
2355,283.22980720800115,158.0396670033224,0
2356,283.3998072500108,154.41158297471702,0
2357,283.56683587498264,101.03020805399865,0
2358,283.6804831250338,112.08420799812302,0
2359,283.80429920798633,174.452334002126,0
2360,283.9913757920149,65.74449996696785,0
2361,284.0697522080154,149.7575420071371,0
2362,284.23213595803827,96.43495897762477,0
2363,284.34116404200904,124.70595800550655,0
2364,284.4783095830353,99.61304196622223,0
2365,284.59059091698145,151.7215000349097,0
2366,284.75493208301486,138.26674997108057,0
2367,284.90459425002337,101.05549998115748,0
2368,285.01616629201453,136.84995798394084,0
2369,285.1665606669849,134.35583299724385,0
2370,285.31354858301347,147.7787920157425,0
2371,285.47201575001236,74.68637498095632,0
2372,285.55860933300573,131.67291699210182,0
2373,285.70228183298605,105.97712500020862,0
2374,285.82088116701925,111.4396249759011,0
2375,285.94494237500476,59.90658298833296,0
2376,286.0174874170334,166.25158296665177,0
2377,286.19636754202656,104.09179097041488,0
2378,286.31305291701574,119.3220000131987,0
2379,286.44495229201857,62.07645800895989,0
2380,286.5196492919931,100.04391602706164,0
2381,286.63068612501957,107.75670799193904,0
2382,286.75105220801197,109.49933400843292,0
2383,286.8731567080249,70.64754195744172,0
2384,286.9558682499919,115.59075000695884,0
2385,287.0835630419897,93.75408303458244,0
2386,287.1889861249947,131.44058303441852,0
2387,287.33196995803155,72.14824995025992,0
2388,287.41672725003446,140.8867499558255,0
2389,287.5702403750038,74.94349998887628,0
2390,287.6576198330149,69.73591697169468,0
2391,287.73877183301374,119.6009999839589,0
2392,287.87094462499954,123.87195799965411,0
2393,288.0055609170231,114.89412497030571,0
2394,288.132679167029,88.53483299026266,0
2395,288.23312616703333,96.0801659966819,0
2396,288.33943925000494,78.6785000236705,0
2397,288.42902233300265,134.43195901345462,0
2398,288.57607112498954,53.19433304248378,0
2399,288.6414455830236,65.7754999701865,0
2400,288.7227534580161,72.65941699733958,0
2401,288.8070819170098,120.06270798156038,0
2402,288.9397529999842,60.4851670213975,0
2403,289.0128587500076,125.0758750247769,0
2404,289.15058837499237,55.02516700653359,0
2405,289.21647049998865,52.21937503665686,0
2406,289.281286042009,113.66445798194036,0
2407,289.40752504201373,117.70312499720603,0
2408,289.5409145830199,94.8846249957569,0
2409,289.64845475001493,140.80950000789016,0
2410,289.79979587503476,88.17708300193772,0
2411,289.8998217500048,88.54600001359358,0
2412,290.0008440000238,100.42333300225437,0
2413,290.11501441698056,145.95841604750603,0
2414,290.27294595801504,100.70766700664535,0
2415,290.3847020830144,162.09220897872,0
2416,290.55862604203867,146.90687495749444,0
2417,290.718171000015,138.35791702149436,0
2418,290.86906558298506,132.18745903577656,0
2419,291.01386908302084,139.78450000286102,0
2420,291.164401624992,120.38529204437509,0
2421,291.2971852920018,35.18700000131503,0
2422,291.34496291703545,107.80079098185524,0
2423,291.46538175002206,97.3216249840334,0
2424,291.5731137500261,69.84195800032467,0
2425,291.65453712502494,49.71349996048957,0
2426,291.71458562498447,109.98762503731996,0
2427,291.83720166701823,69.91016597021371,0
2428,291.9189730830258,102.26675000740215,0
2429,292.033833375026,80.50091698532924,0
2430,292.12705070798984,115.93400000128895,0
2431,292.2552453330136,75.53941698279232,0
2432,292.3434351669857,111.60570802167058,0
2433,292.4677730000112,99.63679197244346,0
2434,292.58005812502233,88.70650001335889,0
2435,292.6813595420099,92.99270802875981,0
2436,292.7869913750328,108.93454198958352,0
2437,292.9075203749817,22.308292041998357,0
2438,292.9404872080195,44.08116696868092,0
2439,292.99660275003407,105.44170800130814,0
2440,293.1157449579914,102.09062503417954,0
2441,293.2304247500142,112.2491669957526,0
2442,293.3552634579828,115.82879204070196,0
2443,293.48381549998885,74.37154202489182,0
2444,293.57078250002814,141.4992079953663,0
2445,293.7248846250004,128.27041698619723,0
2446,293.8639597080182,115.2616249746643,0
2447,293.99181300000055,98.4243749990128,0
2448,294.1010459579993,84.63895902968943,0
2449,294.1971846250235,86.3070419873111,0
2450,294.29611212498276,117.01250000623986,0
2451,294.425754958007,105.19066697452217,0
2452,294.5419711670256,131.33408298017457,0
2453,294.68490462499904,113.25687501812354,0
2454,294.81079945800593,91.39612497529015,0
2455,294.91480075003346,138.23737495113164,0
2456,295.0636608329951,62.00487504247576,0
2457,295.1378970000078,65.40924997534603,0
2458,295.213668167009,117.23729100776836,0
2459,295.3435625419952,90.37091600475833,0
2460,295.44545574998483,63.138000026810914,0
2461,295.5210226670024,58.05533297825605,0
2462,295.5914727920317,104.78091594995931,0
2463,295.7075198329985,147.00595900649205,0
2464,295.86710199998925,146.0465420386754,0
2465,296.023298916989,102.64937503961846,0
2466,296.1385383330053,98.05379202589393,0
2467,296.2491114999866,81.1403330299072,0
2468,296.3428425830207,162.3549169744365,0
2469,296.51680404198123,103.24320802465081,0
2470,296.6326806669822,94.61075003491715,0
2471,296.7399035000126,124.26883302396163,0
2472,296.8768432920333,136.60024997079745,0
2473,297.02697433298454,106.54408403206617,0
2474,297.144955500029,142.09483296144754,0
2475,297.2996627499815,64.26395801827312,0
2476,297.37658545799786,115.77841703547165,0
2477,297.50287391699385,123.64700000034645,0
2478,297.6375152920373,118.17424994660541,0
2479,297.76646945800167,125.42833399493247,0
2480,297.9029633330065,110.0528750102967,0
2481,298.0256213750108,119.98362501617521,0
2482,298.15726608299883,37.79883403331041,0
2483,298.20767033303855,80.50341694615781,0
2484,298.3007883329992,131.28075003623962,0
2485,298.4446851669927,68.10387503355742,0
2486,298.525286292017,80.37270797649398,0
2487,298.61864233302185,162.21937496447936,0
2488,298.7920865000342,106.98337497888133,0
2489,298.9116275830311,109.96291699120775,0
2490,299.0341959170182,117.04337497940287,0
2491,299.16387587500503,157.6542499824427,0
2492,299.33392020798055,97.23845904227346,0
2493,299.4419479580247,76.02045900421217,0
2494,299.53057970799273,111.72491702018306,0
2495,299.65490808303,144.511041988153,0
2496,299.8120066249976,48.599000030662864,0
2497,299.87315783300437,101.68841702397913,0
2498,299.9874446670292,93.8346249749884,0
2499,300.09240570798283,109.90083403885365,0
2500,300.2136392919929,121.62020802497864,0
2501,300.3472752920352,113.71212499216199,0
2502,300.47359812498325,56.90016702283174,0
2503,300.54193716699956,98.6744579859078,0
2504,300.65320216701366,101.70370800187811,0
2505,300.76746741699753,104.27779098972678,0
2506,300.88285400002496,136.9556249701418,0
2507,301.0323999170214,92.27424999698997,0
2508,301.13630916702095,87.17212500050664,0
2509,301.2340542500024,100.44137499062344,0
2510,301.3471157500171,102.89099998772144,0
2511,301.4627084999811,125.55600004270673,0
2512,301.60093045799294,51.25379201490432,0
2513,301.6635372500168,65.34204201307148,0
2514,301.7415434169816,102.10704104974866,0
2515,301.8564123749966,133.52149998536333,0
2516,302.0018220830243,104.19287497643381,0
2517,302.1186496249866,112.71712504094467,0
2518,302.24173875001725,157.66133298166096,0
2519,302.4108655420132,106.02437501074746,0
2520,302.528278917016,111.48979101562873,0
2521,302.65212425001664,100.3297499846667,0
2522,302.76546037499793,130.84862503455952,0
2523,302.9077949580387,121.18745897896588,0
2524,303.0416130000376,95.7616669475101,0
2525,303.148793832981,124.54291700851172,0
2526,303.28597095800797,115.88200001278892,0
2527,303.41382299998077,92.09950000513345,0
2528,303.51850041700527,126.05850002728403,0
2529,303.6571775000193,163.37712499080226,0
2530,303.83315958303865,73.11391696566716,0
2531,303.9165523329866,71.53375004418194,0
2532,304.0006647920236,103.05029101436958,0
2533,304.1163579170243,97.14833297766745,0
2534,304.22527945798356,112.63579200021923,0
2535,304.34981095802505,99.66883400920779,0
2536,304.46209195803385,106.01716698147357,0
2537,304.5789600419812,138.9424580265768,0
2538,304.7289585000253,141.94141700863838,0
2539,304.88233541703084,43.1680409819819,0
2540,304.93811749998713,120.83645799430087,0
2541,305.0715534170158,105.71845801314339,0
2542,305.1893544170307,121.4689159533009,0
2543,305.32343270798447,106.67745902901515,0
2544,305.4423437080113,115.5837089754641,0
2545,305.57005066698184,94.90012505557388,0
2546,305.6761071670335,84.69766599591821,0
2547,305.7722813329892,100.05362500669435,0
2548,305.8849450830021,129.23345901072025,0
2549,306.0252934169839,103.44541602535173,0
2550,306.14134600001853,103.27637498266995,0
2551,306.2572301250184,139.10362496972084,0
2552,306.4101074170321,130.33258297946304,0
2553,306.5507962499978,79.3477920233272,0
2554,306.6419487920357,82.13779097422957,0
2555,306.73464591702214,99.94908299995586,0
2556,306.84660437499406,115.48391700489447,0
2557,306.9737188750296,136.63466699654236,0
2558,307.12157270801254,53.590666968375444,0
2559,307.18778062501224,144.26133298547938,0
2560,307.3446180000319,105.94049998326227,0
2561,307.46326216700254,112.37874999642372,0
2562,307.58607520803344,127.85829196218401,0
2563,307.72548308299156,113.88883402105421,0
2564,307.8519695000141,111.50987498695031,0
2565,307.97528975002933,135.06958296056837,0
2566,308.1224715830176,140.99033398088068,0
2567,308.27529254200635,72.4997500074096,0
2568,308.35811170801753,57.75408400222659,0
2569,308.4273781250231,74.4873330113478,0
2570,308.5144989580149,111.11016699578613,0
2571,308.63822845800314,95.87862499756739,0
2572,308.7466865419992,99.80683302273974,0
2573,308.8591316250386,90.99187498213723,0
2574,308.961725000001,80.71054198080674,0
2575,309.0545624170336,121.10037496313453,0
2576,309.1881396250101,100.68700002739206,0
2577,309.29980666702613,111.9466659729369,0
2578,309.4232995000202,118.79599996609613,0
2579,309.5546722500003,149.6742499875836,0
2580,309.7169697920326,168.46220794832334,0
2581,309.898037667037,86.3945409655571,0
2582,309.99703733302886,144.3538749590516,0
2583,310.16114791698055,111.6357910213992,0
2584,310.2843575000297,119.072999979835,0
2585,310.41604570799973,136.75308402162045,0
2586,310.56392887502443,87.54883299116045,0
2587,310.6617598750163,100.67041701404378,0
2588,310.7750534579973,137.69725000020117,0
2589,310.92535575001966,120.21908297901973,0
2590,311.0581823749817,159.5095000229776,0
2591,311.2282766670105,124.49075002223253,0
2592,311.3631516250316,107.86220798036084,0
2593,311.4825057500275,97.58220799267292,0
2594,311.5924179169815,118.85637504747137,0
2595,311.72289600002114,51.380167016759515,0
2596,311.78510729200207,140.65220800694078,0
2597,311.9383674580022,112.91587498271838,0
2598,312.0621309999842,86.9927080348134,0
2599,312.1616992499912,106.39566701138392,0
2600,312.27982108300785,121.1193340132013,0
2601,312.4127940000035,66.31470803404227,0
2602,312.4917681670049,132.4492910061963,0
2603,312.63630654203007,40.775083005428314,0
2604,312.6897007920197,146.91804099129513,0
2605,312.84925083303824,92.7407499984838,0
2606,312.95457133301534,113.30650001764297,0
2607,313.07965229201363,97.36025001620874,0
2608,313.1876300830045,84.70674999989569,0
2609,313.2849278750364,134.65270795859396,0
2610,313.4316998330178,76.99679199140519,0
2611,313.52038345800247,102.75862499838695,0
2612,313.6348023749888,121.92262499593198,0
2613,313.7693841669825,69.3529580021277,0
2614,313.851273917011,124.09787497017533,0
2615,313.98794474999886,79.22020799014717,0
2616,314.0786495420034,132.2552909841761,0
2617,314.22350595798343,95.25608405238017,0
2618,314.3298969999887,144.76629201089963,0
2619,314.48744345799787,101.01920901797712,0
2620,314.6011329999892,75.81033301539719,0
2621,314.6895789169939,134.8687080317177,0
2622,314.8364016250125,139.27562499884516,0
2623,314.9882550420007,132.86795798921958,0
2624,315.1337308330112,61.59037497127429,0
2625,315.2078958750353,73.71441699797288,0
2626,315.29309658298735,133.45920899882913,0
2627,315.4380351250293,119.97758300276473,0
2628,315.57064154202817,96.5614999877289,0
2629,315.6798002080177,96.8997500021942,0
2630,315.7868759999983,110.80608301563188,0
2631,315.910049875034,40.236499975435436,0
2632,315.961804541992,66.92779099103063,0
2633,316.0413438330288,69.22991696046665,0
2634,316.1212207080098,132.416500011459,0
2635,316.2662702500238,93.52129197213799,0
2636,316.37022375001106,43.25970797799528,0
2637,316.4260818749899,99.58500001812354,0
2638,316.53828966699075,95.15254100551829,0
2639,316.6460596669931,83.0967910005711,0
2640,316.7415810000384,58.709791977889836,0
2641,316.8147551669972,76.00945798913017,0
2642,316.9033767079818,114.59208402084187,0
2643,317.03058941703057,87.92133297538385,0
2644,317.13110425003106,128.33737500477582,0
2645,317.2720063329907,145.24445903953165,0
2646,317.4298659579945,95.2702920185402,0
2647,317.53770291700494,58.146625000517815,0
2648,317.60847383301007,75.90204197913408,0
2649,317.6969370000297,107.53833298804238,0
2650,317.81704287498724,128.24516702676192,0
2651,317.9578836670262,100.13254097430035,0
2652,318.0697577079991,100.91687500244007,0
2653,318.183191041986,112.40841599646956,0
2654,318.3067329170299,142.26020796922967,0
2655,318.46279862499796,123.61670803511515,0
2656,318.59822325001005,93.56416697846726,0
2657,318.7043833750067,85.3206249885261,0
2658,318.80243312503444,104.83783297240734,0
2659,318.91987962502753,85.96549998037517,0
2660,319.0174267080147,74.67791700037196,0
2661,319.10470345802605,132.15079199289903,0
2662,319.24861825001426,110.20541697507724,0
2663,319.3700560000143,72.9671249864623,0
2664,319.4555982919992,117.79854103224352,0
2665,319.5859972080216,72.85975001286715,0
2666,319.67143841699,76.30137499654666,0
2667,319.7585658750031,56.948832992929965,0
2668,319.82686750002904,70.01354196108878,0
2669,319.9081271670293,88.36029097437859,0
2670,320.00814754201565,111.11474997596815,0
2671,320.13184450002154,101.52862500399351,0
2672,320.243537500035,113.77416696632281,0
2673,320.369918707991,107.71970899077132,0
2674,320.48803154198686,90.17650003079325,0
2675,320.5896447499981,137.6467079971917,0
2676,320.7378679580288,70.33129199407995,0
2677,320.82080483302707,71.51887496002018,0
2678,320.9049183750176,166.4832080132328,0
2679,321.08402320800815,108.42433403013274,0
2680,321.2044113749871,110.2428330341354,0
2681,321.324965125008,181.51633301749825,0
2682,321.51905645802617,72.77887500822544,0
2683,321.6044384170091,153.43108301749453,0
2684,321.7681933330023,103.69424999225885,0
2685,321.88313929201104,98.54074998293072,0
2686,321.9942852919921,73.52254103170708,0
2687,322.080432458024,99.17341696564108,0
2688,322.1910674999817,127.52079201163724,0
2689,322.33118541701697,103.29200001433492,0
2690,322.4466983330203,87.75329199852422,0
2691,322.54706233303295,117.11449996801093,0
2692,322.67478929198114,143.03616603137925,0
2693,322.83042379200924,104.17579102795571,0
2694,322.94719629199244,91.92979102954268,0
2695,323.05047250003554,93.16224994836375,0
2696,323.1549368330161,116.67883401969448,0
2697,323.2826565830037,85.07491700584069,0
2698,323.3803461670177,146.387540968135,0
2699,323.53805337502854,88.3590419543907,0
2700,323.6367347500054,137.1594580123201,0
2701,323.78406587499194,96.86654200777411,0
2702,323.8935439999914,127.01845803530887,0
2703,324.0328768750187,66.27437501447275,0
2704,324.1117263750057,94.92716699605808,0
2705,324.2183103749994,74.86849999986589,0
2706,324.3057499169954,81.65754104265943,0
2707,324.40000041702297,99.93133298121393,0
2708,324.5120941250352,67.70729197887704,0
2709,324.591959708021,160.2308750152588,0
2710,324.7655619169818,154.65779101941735,0
2711,324.9313317500055,130.62579202232882,0
2712,325.0733552080346,102.43633395293728,0
2713,325.18840841698693,89.28737504174933,0
2714,325.28824491699925,51.19937501149252,0
2715,325.35076212498825,128.03245801478624,0
2716,325.4913985829917,70.03462500870228,0
2717,325.5742047500098,101.58000001683831,0
2718,325.6865547079942,86.69483399717137,0
2719,325.7859056669986,105.2919999929145,0
2720,325.90177820803365,155.48674995079637,0
2721,326.06929804198444,102.69066604087129,0
2722,326.18382120801834,99.39137496985495,0
2723,326.2960862920154,130.89766597840935,0
2724,326.43961091700476,87.52470801118761,0
2725,326.53970999998273,44.350917043630034,0
2726,326.5958364580292,79.69679200323299,0
2727,326.688117416983,96.6041250503622,0
2728,326.79594879201613,78.29799997853115,0
2729,326.88512370799435,130.97108399961144,0
2730,327.0287023750134,136.3522500032559,0
2731,327.177674208011,73.46483401488513,0
2732,327.26381204201607,104.21587497694418,0
2733,327.3793514579884,111.94637499283999,0
2734,327.5028673330089,89.3336670123972,0
2735,327.6047886250308,86.47066698176786,0
2736,327.7038945829845,118.36100002983585,0
2737,327.834859375027,89.50170798925683,0
2738,327.9352276250138,160.62366700498387,0
2739,328.10843654198106,102.08087501814589,0
2740,328.2227918750141,104.23195798648521,0
2741,328.33808537502773,111.15354200592265,0
2742,328.46203891700134,111.99708300409839,0
2743,328.58479900000384,92.44279202539474,0
2744,328.68985208298545,122.02654202701524,0
2745,328.8245132919983,128.0040410347283,0
2746,328.9651182499947,110.46966700814664,0
2747,329.0881599999848,113.3139580488205,0
2748,329.215421083034,64.02216700371355,0
2749,329.2899971670122,92.52629097318277,0
2750,329.3951912079938,108.58058399753645,0
2751,329.51403887500055,96.56462498242036,0
2752,329.62187666702084,138.0304159829393,0
2753,329.7724169580033,116.52816698187962,0
2754,329.90156658302294,104.33054197346792,0
2755,330.0174443750293,82.63929199893028,0
2756,330.1126860420336,93.66383298765868,0
2757,330.2191652919864,93.49450003355742,0
2758,330.325275124982,154.90716701606289,0
2759,330.4927959170309,67.84845795482397,0
2760,330.57325941702584,133.1004579551518,0
2761,330.7188351670047,93.20366597967222,0
2762,330.8246342079947,153.75929203582928,0
2763,330.99098883301485,133.2424589782022,0
2764,331.1368805000093,77.52758299466223,0
2765,331.2270254580071,115.7965839956887,0
2766,331.35542841703864,61.419707955792546,0
2767,331.4301738329814,123.10825003078207,0
2768,331.5659204580006,100.76612501870841,0
2769,331.6786558330059,70.34462498268113,0
2770,331.7597934579826,103.97712502162904,0
2771,331.8763821669854,122.9157909983769,0
2772,332.0117262499989,178.27641702024266,0
2773,332.202579667035,130.53408300038427,0
2774,332.345691708033,116.6142089641653,0
2775,332.4748023329885,102.35691705020145,0
2776,332.5897582080215,38.37545897113159,0
2777,332.6407233750215,61.184416990727186,0
2778,332.71384220803156,31.206541985739022,0
2779,332.7576204999932,67.88566702743992,0
2780,332.83807816699846,133.77479102928191,0
2781,332.98219345801044,143.5767919756472,0
2782,333.13838737498736,111.84983304701746,0
2783,333.26348016702104,93.51141599472612,0
2784,333.3696757500293,122.52687499858439,0
2785,333.50479316699784,171.3770410278812,0
2786,333.6874877079972,109.24391698790714,0
2787,333.80727870803094,144.77466698735952,0
2788,333.9646272499813,143.23683304246515,0
2789,334.12059279199457,80.99070802563801,0
2790,334.21341354202013,106.20224999729544,0
2791,334.3311412500334,80.59858297929168,0
2792,334.4242597499979,111.58691701712087,0
2793,334.5484342080308,91.27629199065268,0
2794,334.6504652079893,79.48495901655406,0
2795,334.7424017500016,124.39433299005032,0
2796,334.87940945802256,103.43687498243526,0
2797,334.99546945799375,97.52695902716368,0
2798,335.1032133330009,131.3990000053309,0
2799,335.24480116699124,114.29466604022309,0
2800,335.37175987503724,142.33387494459748,0
2801,335.52634020801634,155.38399998331442,0
2802,335.6933884579921,66.52458402095363,0
2803,335.77108491701074,119.4486659951508,0
2804,335.9017608750146,49.61670801276341,0
2805,335.9631401670049,132.4067910318263,0
2806,336.108161207987,163.22854202007875,0
2807,336.2840046249912,74.37333301641047,0
2808,336.3710570000112,141.55641698744148,0
2809,336.52517616702244,125.87745796190575,0
2810,336.6639511670219,117.09879100089893,0
2811,336.79195045802044,35.408624971751124,0
2812,336.8399615419912,70.2294580405578,0
2813,336.92281225003535,94.09141697688028,0
2814,337.0281493330258,107.28499997640029,0
2815,337.1480224999832,105.28483300004154,0
2816,337.26592258299934,129.04979201266542,0
2817,337.40759037499083,105.53512501064688,0
2818,337.5257481249864,101.61841701483354,0
2819,337.6375335000339,75.08245797362179,0
2820,337.72478866699385,82.76408299570903,0
2821,337.8201707500266,99.23433297080919,0
2822,337.93202283303253,172.23187495255843,0
2823,338.1164770000032,94.40558298956603,0
2824,338.2234947080142,101.4040419831872,0
2825,338.3363605000195,135.32441697316244,0
2826,338.4843742920202,125.82720798673108,0
2827,338.62276404199656,124.1637910134159,0
2828,338.75952370802406,104.94208399904892,0
2829,338.8770576249808,155.3597500314936,0
2830,339.0443915000069,84.5127499778755,0
2831,339.13911774998996,160.27304204180837,0
2832,339.3162729580072,149.18491698335856,0
2833,339.47798908298137,108.88241702923551,0
2834,339.59790258301655,89.3984169815667,0
2835,339.6985040830332,87.04395894892514,0
2836,339.7967642080039,112.35212499741465,0
2837,339.9194657920161,46.25279101310298,0
2838,339.9762200000114,140.64054196933284,0
2839,340.12712879199535,79.68087500194088,0
2840,340.21938079199754,68.47337499493733,0
2841,340.30040766700404,120.36695802817121,0
2842,340.43312733300263,105.71916698245332,0
2843,340.55174008302856,76.86491700587794,0
2844,340.63891387503827,141.56279194867238,0
2845,340.7930381670012,70.24895801441744,0
2846,340.87589983298676,87.95787504641339,0
2847,340.9764089169912,58.00166603876278,0
2848,341.0456892499933,155.88195802411065,0
2849,341.2130771250231,123.08129196753725,0
2850,341.3487673330237,61.576624982990324,0
2851,341.42293850000715,115.83149997750297,0
2852,341.5509611250018,86.95820800494403,0
2853,341.65060329198604,76.66179101215675,0
2854,341.7378555419855,95.8807910210453,0
2855,341.84631341701606,45.911624969448894,0
2856,341.9048114999896,111.12704203696921,0
2857,342.02696779201506,101.53112502302974,0
2858,342.1390196669963,150.67554102279246,0
2859,342.3012213750044,79.12449998548254,0
2860,342.3911093749921,59.95670799165964,0
2861,342.46372320799856,73.55691702105105,0
2862,342.55015204200754,86.71237499220297,0
2863,342.64948895800626,129.22187498770654,0
2864,342.7899502500077,172.92766697937623,0
2865,342.9754631249816,123.06879204697907,0
2866,343.1101977080107,114.64204202638939,0
2867,343.2374447080074,67.42550001945347,0
2868,343.3169615420047,62.82012502197176,0
2869,343.3923590420163,66.73129100818187,0
2870,343.4707513329922,124.3018340319395,0
2871,343.60764912498416,137.96291704056785,0
2872,343.75673812499736,98.96404203027487,0
2873,343.86721012502676,63.63654200686142,0
2874,343.94354745803867,125.15670899301767,0
2875,344.08027891698293,100.76429101172835,0
2876,344.1935473330086,83.44600000418723,0
2877,344.2875444170204,57.86754097789526,0
2878,344.35803000000305,50.91566703049466,0
2879,344.42006350000156,150.06787498714402,0
2880,344.5827574580326,89.94562498992309,0
2881,344.68414066702826,114.644082961604,0
2882,344.8102440420189,118.91179101075977,0
2883,344.94175733299926,129.65641700429842,0
2884,345.0825398330344,168.84262498933822,0
2885,345.26292395801283,97.09724999265745,0
2886,345.37156062503345,141.0997499478981,0
2887,345.5253770829877,79.80066700838506,0
2888,345.61711624998134,58.40633303159848,0
2889,345.6881265420234,104.00950000621378,0
2890,345.80443462502444,45.552791969385,0
2891,345.86029095802223,56.54804199002683,0
2892,345.9293660420226,83.33491598023102,0
2893,346.0271088749869,120.75666704913601,0
2894,346.1606495419983,99.93216599104926,0
2895,346.2732147499919,52.08137503359467,0
2896,346.3379680000362,99.7765829670243,0
2897,346.45040191698354,83.87845801189542,0
2898,346.5446355420281,90.65829101018608,0
2899,346.647187124996,88.60374998766929,0
2900,346.7464604169945,97.4060830194503,0
2901,346.8570431250264,129.60658298106864,0
2902,346.99937037500786,121.62900000112131,0
2903,347.13361050002277,105.37991696037352,0
2904,347.2507765420014,77.25612499052659,0
2905,347.3382850830094,58.36374999489635,0
2906,347.40924700000323,158.44316699076444,0
2907,347.58027412503725,146.3732499978505,0
2908,347.7381859580055,54.74733398295939,0
2909,347.80338599998504,112.5194170163013,0
2910,347.9286062080064,117.30229202657938,0
2911,348.0585182500072,104.04470801586285,0
2912,348.1751892080065,110.03941699163988,0
2913,348.295668250008,92.71175001049414,0
2914,348.4010032080114,146.13383397227153,0
2915,348.55972516699694,111.89054104033858,0
2916,348.68427554203663,135.75712498277426,0
2917,348.83266358298715,112.9111250047572,0
2918,348.9564779170323,111.72891600290313,0
2919,349.0808355420013,91.91591601120308,0
2920,349.18535333301406,140.36404201760888,0
2921,349.3374371249811,50.66033301409334,0
2922,349.3992556250305,145.99670795723796,0
2923,349.557820542017,99.18129100697115,0
2924,349.6677789170062,111.68845801148564,0
2925,349.79108291701414,88.04033300839365,0
2926,349.890656167001,48.71574998833239,0
2927,349.9508451669826,74.80441604275256,0
2928,350.03823837498203,117.85675003193319,0
2929,350.1687114579836,91.85950004030019,0
2930,350.27200395800173,115.87745900033042,0
2931,350.40050445799716,79.11287498427555,0
2932,350.49121370801004,52.19924997072667,0
2933,350.55600154201966,97.49491600086913,0
2934,350.664857249998,88.96120800636709,0
2935,350.766441499989,80.34991699969396,0
2936,350.859963416995,148.6168330302462,0
2937,351.0241453330382,51.02524999529123,0
2938,351.08758066699374,109.15037500672042,0
2939,351.2086155830184,95.39791697170585,0
2940,351.31647404201794,144.74137499928474,0
2941,351.47384483303176,105.16449995338917,0
2942,351.5916135000298,111.92433297401294,0
2943,351.7161202499992,113.17066702758893,0
2944,351.8401453749975,108.51425002329051,0
2945,351.95928970800014,95.03725002286956,0
2946,352.06690775003517,100.64049996435642,0
2947,352.1801537920255,130.4949579644017,0
2948,352.3232572079869,171.5356670320034,0
2949,352.5074233330088,71.40524999704212,0
2950,352.59296583302785,113.26662497594953,0
2951,352.71881133300485,68.65600001765415,0
2952,352.8000510830316,162.77645895024762,0
2953,352.97296495799674,152.93533401563764,0
2954,353.1385807080078,109.41812500823289,0
2955,353.2611437920132,148.26841600006446,0
2956,353.4220135420328,111.10079096397385,0
2957,353.5438323750277,70.29120798688382,0
2958,353.6252957920078,156.84637502999976,0
2959,353.79471129202284,59.1627910034731,0
2960,353.86497433303157,72.5691249826923,0
2961,353.9499413750018,141.2372500053607,0
2962,354.10384200001135,128.58370802132413,0
2963,354.2449757499853,122.94491700595245,0
2964,354.3806306250044,90.4887500219047,0
2965,354.4837432919885,80.00112499576062,0
2966,354.5763297920348,66.21695798821747,0
2967,354.6533813329879,138.37845902889967,0
2968,354.8032717080205,121.89112498890609,0
2969,354.93721695803106,171.5510839712806,0
2970,355.12029674998485,119.3077500211075,0
2971,355.2508372500306,119.62929199216887,0
2972,355.38323487498565,87.23195805214345,0
2973,355.48316662502475,87.49783301027492,0
2974,355.5822936249897,116.36800004635006,0
2975,355.7089470420033,76.8235829891637,0
2976,355.7963917499874,134.1128750354983,0
2977,355.94313329202123,137.7881249645725,0
2978,356.0920781670138,68.17166600376368,0
2979,356.1722885000054,123.04579198826104,0
2980,356.3067724169814,115.61462504323572,0
2981,356.43500095803756,107.98870894359425,0
2982,356.55446808302077,91.29087498877198,0
2983,356.6581165420357,137.35541596543044,0
2984,356.80667366698617,107.46045800624415,0
2985,356.92676058301004,120.16358401160687,0
2986,357.0587367080152,114.28612499730662,0
2987,357.1856450830237,83.68354197591543,0
2988,357.2803473750246,69.73158300388604,0
2989,357.36167608300457,155.11054202215746,0
2990,357.5288626670372,154.58062494872138,0
2991,357.6960807919968,104.98283302877098,0
2992,357.813660166983,137.34575000125915,0
2993,357.96362670802046,140.70837496547028,0
2994,358.114437583019,151.1020420002751,0
2995,358.27597741701175,133.5639160242863,0
2996,358.42166054202244,98.29558298224583,0
2997,358.5325249999878,126.9022500491701,0
2998,358.6720286250347,89.98083299957216,0
2999,358.77462383301463,113.24874998535961,0
3000,358.8985061250278,79.96850000927225,0
3001,358.9910840000375,57.41862498689443,0
3002,359.0593476250069,77.85375003004447,0
3003,359.14987291698344,59.617916005663574,0
3004,359.2202598330332,117.83254198962823,0
3005,359.35069554200163,126.07233301969245,0
3006,359.48942724999506,120.79766701208428,0
3007,359.6229701670236,81.75112499156967,0
3008,359.71859387500444,104.92958303075284,0
3009,359.8361065420322,66.77808298263699,0
3010,359.9140450829873,116.95012502605096,0
3011,360.0435784580186,122.79970897361636,0
3012,360.17902108299313,163.29745901748538,0
3013,360.3539307080209,72.17845896957442,0
3014,360.43696054199245,97.65937499469146,0
3015,360.54607124999166,98.09387504355982,0
3016,360.656776458025,175.08087499300018,0
3017,360.84469154203543,109.10779098048806,0
3018,360.9647603330086,115.58845901163295,0
3019,361.0929735000245,60.907875013072044,0
3020,361.1642465830082,97.05220902105793,0
3021,361.27198391698766,169.18929101666436,0
3022,361.4557308750227,146.21983299730346,0
3023,361.61335708299885,122.7364590158686,0
3024,361.7483443749952,138.10979202389717,0
3025,361.93547345802654,82.2425420046784,0
3026,362.03029775002506,113.43658296391368,0
3027,362.1563488750253,87.40224997745827,0
3028,362.25631941703614,173.25412499485537,0
3029,362.4421208749991,88.96729198750108,0
3030,362.5415449999855,91.20237501338124,0
3031,362.6453280830174,128.3766669803299,0
3032,362.7862828330253,108.86274999938905,0
3033,362.9077497079852,74.32829204481095,0
3034,362.99363041698234,66.70537503669038,0
3035,363.07052424998255,81.31454203976318,0
3036,363.1629335419857,153.05929101305082,0
3037,363.3286166249891,84.29587504360825,0
3038,363.4259814579855,101.28337499918416,0
3039,363.5398941250169,133.60800000373274,0
3040,363.6861196249956,154.02016701409593,0
3041,363.85272520803846,130.21762494463474,0
3042,363.995551333006,112.77341702952981,0
3043,364.1203701670165,84.40187497762963,0
3044,364.2174907500157,73.91912501771003,0
3045,364.30275770800654,110.4589169844985,0
3046,364.42584162502317,101.76633298397064,0
3047,364.5402556670015,113.07279102038592,0
3048,364.6684740000055,48.13154198927805,0
3049,364.7294363330002,61.80399999720976,0
3050,364.8015440420131,126.43262499477714,0
3051,364.9405975000118,145.21966699976474,0
3052,365.09845104202395,110.02358299447224,0
3053,365.2199242080096,67.52229202538729,0
3054,365.29893195803743,123.97045898251235,0
3055,365.4355321250041,80.10808302788064,0
3056,365.52825133298757,97.6973749930039,0
3057,365.6368601670256,97.7736659697257,0
3058,365.74721745803254,128.59266699524596,0
3059,365.88689154200256,138.73383298050612,0
3060,366.0378365420038,183.00741602433845,0
3061,366.25494404201163,79.04345798306167,0
3062,366.35982979199616,137.2764580301009,0
3063,366.5080534580047,99.09920900827274,0
3064,366.61898837500485,61.40791700454429,0
3065,366.6923606250202,144.9593330034986,0
3066,366.85060850001173,160.36633297335356,0
3067,367.0234913750319,72.80679198447615,0
3068,367.1088763750158,90.22208297392353,0
3069,367.2116991250077,83.41991697670892,0
3070,367.3076783749857,91.69208304956555,0
3071,367.4116433750023,137.20954197924584,0
3072,367.5602890420123,126.35312497150153,0
3073,367.69695520802634,111.60895897774026,0
3074,367.82115445798263,111.06645903782919,0
3075,367.94413066701964,82.0298750186339,0
3076,368.03877658303827,87.79899997171015,0
3077,368.1375528750359,81.2602499499917,0
3078,368.23026066698367,123.8546660169959,0
3079,368.36479870800395,124.1685000131838,0
3080,368.50160495802993,95.40416696108878,0
3081,368.60863791703014,124.25095797516406,0
3082,368.74424308299785,78.58391699846834,0
3083,368.83556662499905,166.72712500439957,0
3084,369.0138506250223,70.85254200501367,0
3085,369.09728662500856,87.8212500247173,0
3086,369.1974612920312,102.09920798661187,0
3087,369.3118235000293,130.36695797927678,0
3088,369.45313016703585,112.43324994575232,0
3089,369.5777559170383,76.39362494228408,0
3090,369.6646777919959,118.57504100771621,0
3091,369.79587066703243,129.34049998875707,0
3092,369.93731295800535,72.65058398479596,0
3093,370.02134958299575,40.443334029987454,0
3094,370.07449066702975,121.06529099401087,0
3095,370.2081595000345,75.06312499754131,0
3096,370.29583349998575,132.8462500241585,0
3097,370.4413293329999,159.76308402605355,0
3098,370.6136959170108,139.65141598600894,0
3099,370.7659263749956,115.45541702071205,0
3100,370.89402112498647,131.56120805069804,0
3101,371.03737000003457,100.66649998771027,0
3102,371.1496034170268,76.67049998417497,0
3103,371.2363956249901,98.09154202230275,0
3104,371.347084500012,89.36058299150318,0
3105,371.4466276669991,112.8689160104841,0
3106,371.5720970000257,69.12529200781137,0
3107,371.6526987919933,72.33958301367238,0
3108,371.73909679200733,108.40633301995695,0
3109,371.85855095798615,108.46187500283122,0
3110,371.97840575000737,105.9820830123499,0
3111,372.09677750000264,133.57850001193583,0
3112,372.2420745000127,58.209416980389506,0
3113,372.31289237499004,121.8177080154419,0
3114,372.44732720800675,98.06049999315292,0
3115,372.55798658303684,104.67783396597952,0
3116,372.674797167012,136.44529099110514,0
3117,372.82382125000004,108.04879199713469,0
3118,372.9439105420024,128.21704102680087,0
3119,373.0836712080054,151.74629201646894,0
3120,373.24802379199537,101.45308298524469,0
3121,373.3620920419926,52.15037503512576,0
3122,373.42613904201426,90.39345796918496,0
3123,373.52894225000637,89.0394999878481,0
3124,373.63055479200557,112.0431250310503,0
3125,373.7551768749836,78.38712504599243,0
3126,373.8440984580084,107.14837501291186,0
3127,373.96386324998457,113.08437504339963,0
3128,374.0895626670099,45.10504100471735,0
3129,374.1472629579948,150.12150001712143,0
3130,374.31001812499017,85.56829200824723,0
3131,374.4082396249869,62.49204202322289,0
3132,374.4819722499815,82.1625420358032,0
3133,374.57882979203714,126.93699996452779,0
3134,374.71603591699386,197.0566250383854,0
3135,374.9258985830238,44.48358400259167,0
3136,374.9829833750264,85.67320799920708,0
3137,375.08055704203434,137.00008299201727,0
3138,375.22838849999243,83.3250000141561,0
3139,375.32429766701534,103.27675001462922,0
3140,375.44020612502936,88.43670797068626,0
3141,375.5392380830017,100.43341701384634,0
3142,375.65229425003054,113.68954199133441,0
3143,375.77856400003657,72.66845798585564,0
3144,375.8623157499824,74.38008300960064,0
3145,375.94932533300016,59.820500027853996,0
3146,376.0209351250087,110.80312501871958,0
3147,376.1421273330343,177.6220419560559,0
3148,376.33085141703486,139.3500409903936,0
3149,376.4827660830342,97.83008397789672,0
3150,376.59403354203096,144.6271250024438,0
3151,376.7512443329906,124.44895901717246,0
3152,376.8859003329999,96.63079201709479,0
3153,376.9949687499902,83.79108301596716,0
3154,377.0897566670319,110.42433296097443,0
3155,377.21281670802273,78.30824999837205,0
3156,377.3037437500316,104.85587496077642,0
3157,377.4203165830113,115.24112499319017,0
3158,377.5469952499843,72.30483304010704,0
3159,377.6308700420195,69.3042500060983,0
3160,377.7115931669832,97.4451660295017,0
3161,377.82203304202994,78.95841600839049,0
3162,377.91361616703216,100.3705829498358,0
3163,378.0265665000188,115.53149996325374,0
3164,378.1547829170013,118.46704100025818,0
3165,378.2843767920276,126.37849996099249,0
3166,378.42343645798974,107.02650004532188,0
3167,378.54188879200956,114.17583300499246,0
3168,378.6665660419967,98.37983304169029,0
3169,378.7768187500187,108.29354199813679,0
3170,378.8965267500025,98.90445799101144,0
3171,379.00554366700817,104.21016602776945,0
3172,379.12247504200786,92.86974999122322,0
3173,379.2279817080125,114.88233401905745,0
3174,379.3530876250006,128.03454202366993,0
3175,379.49202733300626,145.15245897928253,0
3176,379.6498002919834,152.4256250122562,0
3177,379.8148457920179,127.10720801260322,0
3178,379.95456991699757,87.62041601585224,0
3179,380.0548175420263,66.730541002471,0
3180,380.134116500034,55.093874980229884,0
3181,380.20179983298294,96.6042090440169,0
3182,380.31101695803227,111.64699995424598,0
3183,380.43528895801865,133.67295899661258,0
3184,380.58027241699165,108.59345801873133,0
3185,380.6997974170372,104.87904096953571,0
3186,380.8174492919934,68.38470802176744,0
3187,380.89759137498913,126.75695802317932,0
3188,381.0360953750205,159.75708299083635,0
3189,381.2082523329882,93.40412501478568,0
3190,381.31390237499727,165.13329203007743,0
3191,381.49164416699205,126.51904101949185,0
3192,381.62964416702744,76.82004099478945,0
3193,381.7175852920045,124.32658299803734,0
3194,381.85454229201423,111.36783298570663,0
3195,381.97851962503046,113.2902079843916,0
3196,382.1036234170315,67.09299999056384,0
3197,382.1833129170118,117.05304100178182,0
3198,382.3116409170325,130.7648749789223,0
3199,382.45502558298176,68.85229202453047,0
3200,382.5343695000047,116.81420798413455,0
3201,382.66131041699555,143.04645801894367,0
3202,382.8164611670072,115.85233302321285,0
3203,382.94494308298454,80.37470903946087,0
3204,383.03690075001214,96.18379198946059,0
3205,383.14571258303476,126.02254195371643,0
3206,383.2841881670174,121.06408301042393,0
3207,383.41655433300184,101.33820900227875,0
3208,383.530503417016,86.26729098614305,0
3209,383.6293729580357,81.94891695166007,0
3210,383.72396154201124,100.11541598942131,0
3211,383.83669750002446,70.9540419629775,0
3212,383.9202725000214,117.28349997429177,0
3213,384.04926204198273,164.0468750265427,0
3214,384.2259300830192,94.75849999580532,0
3215,384.3333187500248,101.38829197967425,0
3216,384.44631795800524,108.31525002140552,0
3217,384.56724437500816,123.69662499986589,0
3218,384.7025428750203,94.18591699795797,0
3219,384.8093697500299,121.79058295441791,0
3220,384.94375445798505,80.04512503976002,0
3221,385.03423308301717,71.90137502038851,0
3222,385.11789770802716,88.22499995585531,0
3223,385.2175845000311,117.04954196466133,0
3224,385.34493595798267,82.31741702184081,0
3225,385.4388001670013,79.09004099201411,0
3226,385.5285691670142,109.27683301270008,0
3227,385.6498075000127,44.00341701693833,0
3228,385.70639941701666,92.18466602033004,0
3229,385.8112184170168,31.052124977577478,0
3230,385.8545563329826,85.45841701561585,0
3231,385.9526244170265,157.34520799014717,0
3232,386.1225818750099,56.572208006400615,0
3233,386.1917559999856,136.97795802727342,0
3234,386.34087195800385,84.71700001973659,0
3235,386.4382051670109,89.01541598606855,0
3236,386.53978812502464,94.27320800023153,0
3237,386.6451905830181,163.60299999359995,0
3238,386.8207514170208,88.07516598608345,0
3239,386.9204630830209,105.28391698608175,0
3240,387.03736141702393,86.46754099754617,0
3241,387.134101667034,96.04262496577576,0
3242,387.24276829202427,125.18166599329561,0
3243,387.3805708750151,109.69716700492427,0
3244,387.5006162080099,105.9745840029791,0
3245,387.6192090419936,83.53574998909608,0
3246,387.7153672919958,109.93433301337063,0
3247,387.837960917037,99.20483297901228,0
3248,387.9497737500351,100.01566697610542,0
3249,388.0638700000127,107.75704198749736,0
3250,388.18325599998934,90.02450003754348,0
3251,388.2842580000288,66.49420800385997,0
3252,388.3631365420297,115.72491598781198,0
3253,388.4914725830313,47.39599995082244,0
3254,388.5499244580278,131.87895895680413,0
3255,388.6943560420186,88.28862500377,0
3256,388.79376483301166,74.61670902557671,0
3257,388.8809914580197,133.25512496521696,0
3258,389.02460574998986,86.21987502556294,0
3259,389.12093691702466,104.86520797712728,0
3260,389.2377847080352,76.45629195030779,0
3261,389.32496304198867,117.05787503160536,0
3262,389.45333329198183,115.24312500841916,0
3263,389.5812052920228,94.6965409675613,0
3264,389.6870010420098,99.151291011367,0
3265,389.79639550001593,58.18875000113621,0
3266,389.867201999994,139.0469170291908,0
3267,390.01660891703796,85.73770796647295,0
3268,390.1149581670179,99.283707968425,0
3269,390.2249427080387,88.27291696798056,0
3270,390.3249299580348,110.3335419902578,0
3271,390.4458691669861,96.66645800461993,0
3272,390.55515341699356,90.69300000555813,0
3273,390.6584525000071,95.9065419738181,0
3274,390.76698958303314,108.65441698115319,0
3275,390.8874970829929,146.5484169893898,0
3276,391.0456573329866,69.2571250256151,0
3277,391.12752158299554,131.3120000413619,0
3278,391.2714407920139,105.96512496704236,0
3279,391.39002366701607,119.02170797111467,0
3280,391.52168012503535,83.96458299830556,0
3281,391.617473374994,135.0200420129113,0
3282,391.76533054199535,127.12195800850168,0
3283,391.90383962501073,47.425624972674996,0
3284,391.96297950000735,52.218542026821524,0
3285,392.0254216250032,153.35108299041167,0
3286,392.1914154170081,88.13929097959772,0
3287,392.29217804200016,98.46112498780712,0
3288,392.4008803330362,60.20337494555861,0
3289,392.47371054202085,103.50958298658952,0
3290,392.5884070000029,106.22050001984462,0
3291,392.70723208301933,90.55274998536333,0
3292,392.8085543329944,142.58104201871902,0
3293,392.9636878329911,98.9742090459913,0
3294,393.07541162503185,126.86112499795854,0
3295,393.2141944580362,106.49358399678022,0
3296,393.3315197500051,106.51441698428243,0
3297,393.4506504170131,95.46379098901525,0
3298,393.556236250035,88.5844579897821,0
3299,393.6574969579815,147.51533401431516,0
3300,393.81759525003145,134.98945796163753,0
3301,393.9642317080288,138.6135839857161,0
3302,394.1154457079829,85.60620900243521,0
3303,394.21382908301894,89.55795899964869,0
3304,394.31383633299265,110.05187500268221,0
3305,394.43467099999543,94.91429198533297,0
3306,394.54157729202416,119.76483301259577,0
3307,394.6725766250165,151.4781250152737,0
3308,394.8343417919823,88.03862502099946,0
3309,394.9349891670281,93.06804096559063,0
3310,395.04069170798175,60.19929202739149,0
3311,395.1134623750113,142.08454202162102,0
3312,395.2681486670044,109.91991602350026,0
3313,395.38947629200993,113.62095799995586,0
3314,395.5139714170364,86.05612500105053,0
3315,395.6120505420258,105.99254100816324,0
3316,395.7292355420068,96.80362499784678,0
3317,395.8391921669827,85.43483301764354,0
3318,395.93740749999415,121.72137503512204,0
3319,396.07164300000295,142.54766702651978,0
3320,396.22680858301464,142.38345896592364,0
3321,396.381785458012,95.43487499468029,0
3322,396.48966391698923,194.30354103678837,0
3323,396.69659633300034,82.77791703585535,0
3324,396.79160225001397,103.89816696988419,0
3325,396.9075789580238,62.68362497212365,0
3326,396.9806697500171,97.67799999099225,0
3327,397.0888606249937,111.28062498755753,0
3328,397.21269312500954,86.84412500588223,0
3329,397.3121159169823,100.5492500262335,0
3330,397.4252470000065,71.71320798806846,0
3331,397.5079112080275,90.76395898591727,0
3332,397.6113274579984,67.37850001081824,0
3333,397.6912972499849,87.89233304560184,0
3334,397.7917707079905,39.162500004749745,0
3335,397.8420952919987,77.52779102884233,0
3336,397.93222575000254,91.61954198498279,0
3337,398.03422212501755,100.3884999663569,0
3338,398.1472357499879,142.73816702188924,0
3339,398.3025986669818,72.91700004134327,0
3340,398.3874834580347,81.78358396980911,0
3341,398.48188537498936,129.83712501591071,0
3342,398.62432175001595,76.95654197596014,0
3343,398.71180833299877,94.14104203460738,0
3344,398.8175927500124,50.30449997866526,0
3345,398.8804949580226,8.964666980318725,0
3346,398.90190595801687,165.2140420046635,0
3347,399.0783862500102,123.0494580231607,0
3348,399.2140241250163,165.3271249961108,0
3349,399.3919234580244,101.82645899476483,0
3350,399.5063345420058,62.556207994930446,0
3351,399.5797865000204,113.04737499449402,0
3352,399.70366758300224,77.21112499712035,0
3353,399.79318024998065,111.56045802636072,0
3354,399.9173296249937,113.24479203904048,0
3355,400.04315700003644,122.23995797103271,0
3356,400.17754733300535,78.25283397687599,0
3357,400.2684204999823,109.30533305509016,0
3358,400.3903353330097,116.45812500501052,0
3359,400.5174312919844,141.67183300014585,0
3360,400.66951104201144,93.34795799804851,0
3361,400.7754234999884,160.43541702674702,0
3362,400.9471799170133,122.34950001584366,0
3363,401.08213512500515,117.1234580106102,0
3364,401.2119152920204,82.59720797650516,0
3365,401.3071137079969,113.91145898960531,0
3366,401.43363333301386,123.76849999418482,0
3367,401.569563542027,74.31770797120407,0
3368,401.65582566702506,122.23379098577425,0
3369,401.7906850830186,113.37695899419487,0
3370,401.9166952079977,97.42229199036956,0
3371,402.02535137499217,79.25250002881512,0
3372,402.1172116670059,99.44541600998491,0
3373,402.22927637503017,123.7212079577148,0
3374,402.3645242500352,154.60766694741324,0
3375,402.53182158299023,109.52091700164601,0
3376,402.6518982499838,93.25954201631248,0
3377,402.7565971669974,125.75183302396908,0
3378,402.894960583013,130.6690420024097,0
3379,403.0382071250351,124.40820795018226,0
3380,403.1749215000309,100.69395799655467,0
3381,403.2884789170348,31.287290970794857,0
3382,403.3323702500202,110.09324999758974,0
3383,403.45442666701274,101.04016598779708,0
3384,403.56758537498536,67.38637504167855,0
3385,403.647536375036,103.18379197269678,0
3386,403.76147295802366,73.19491700036451,0
3387,403.8472434169962,92.6876250305213,0
3388,403.95139450003626,141.75024995347485,0
3389,404.10542454203824,82.81374996295199,0
3390,404.1999301670003,29.911499994341284,0
3391,404.2420985000208,132.62137497076765,0
3392,404.386032667011,100.79125000629574,0
3393,404.49761716701323,101.67208302300423,0
3394,404.6111007920117,48.99533302523196,0
3395,404.6728021670133,45.816499972715974,0
3396,404.73029475001385,94.33383296709508,0
3397,404.8372468749876,87.64679200248793,0
3398,404.937540791987,108.77295804675668,0
3399,405.0589434580179,94.92608398431912,0
3400,405.1694415829843,115.59116700664163,0
3401,405.2954950830317,92.56299998378381,0
3402,405.3995100000175,116.34512501768768,0
3403,405.5265242920141,87.74137496948242,0
3404,405.62593758298317,119.76779199903831,0
3405,405.75825129199075,122.40595801267773,0
3406,405.8925897080335,58.939208975061774,0
3407,405.96354875003453,101.09154199017212,0
3408,406.0759411249892,92.82075002556667,0
3409,406.1814965829835,114.32154203066602,0
3410,406.3085316250217,160.07908299798146,0
3411,406.48124029202154,86.7208749987185,0
3412,406.5787157500163,97.34891698462889,0
3413,406.68870304198936,111.94791604066268,0
3414,406.8132931669825,38.03845803486183,0
3415,406.863785249996,146.46654203534126,0
3416,407.0228774169809,122.33016605023295,0
3417,407.15784216701286,100.65462498459965,0
3418,407.27113237499725,132.4768330086954,0
3419,407.4162351670093,183.84783301735297,0
3420,407.6126560830162,81.29183400887996,0
3421,407.70438466698397,144.91441601421684,0
3422,407.8619675830123,154.21258402056992,0
3423,408.0274321670295,78.60316598089412,0
3424,408.1166232500109,119.80320798465982,0
3425,408.24905329203466,65.27908297721297,0
3426,408.32594579202123,110.98404100630432,0
3427,408.44742004200816,85.39241598919034,0
3428,408.54545891698217,121.40620802529156,0
3429,408.678958125005,93.89895800268278,0
3430,408.7851688750088,140.67945798160508,0
3431,408.93854366702726,139.40829096827656,0
3432,409.0905786670046,155.92070802813396,0
3433,409.2590838330216,100.05529201589525,0
3434,409.37176375003764,96.75608295947313,0
3435,409.4795797499828,96.2635000469163,0
3436,409.588499125035,87.38041698234156,0
3437,409.6885115830228,102.54462499869987,0
3438,409.8037220829865,76.10429200576618,0
3439,409.8919641249813,98.00683305365965,0
3440,410.00097154203104,127.6685000048019,0
3441,410.14004545798525,129.9785840092227,0
3442,410.28265599999577,113.77254204126075,0
3443,410.4087719580275,59.27824997343123,0
3444,410.47886999999173,150.74141701916233,0
3445,410.642233917024,158.90495799249038,0
3446,410.81213391700294,131.96520798373967,0
3447,410.95668724999996,92.3905000090599,0
3448,411.0593717499869,124.3598330183886,0
3449,411.19471725000767,98.46337500493973,0
3450,411.3054887080216,54.56687498372048,0
3451,411.3726797500276,139.618499961216,0
3452,411.52492104202975,130.66133297979832,0
3453,411.66661379201105,118.10466600582004,0
3454,411.79714141698787,126.47370802005753,0
3455,411.93624950002413,106.28574999282137,0
3456,412.0551637500175,70.74058300349861,0
3457,412.13853774999734,147.46708300663158,0
3458,412.2986205419875,93.26312504708767,0
3459,412.4045701670111,93.24725001351908,0
3460,412.51052075001644,120.78195798676461,0
3461,412.6426260829903,57.702334015630186,0
3462,412.7111104170326,98.94100000383332,0
3463,412.8226957080187,123.3566669980064,0
3464,412.9586731250165,98.78379199653864,0
3465,413.0700999579858,33.5669590276666,0
3466,413.1138362920028,107.08279098616913,0
3467,413.2335375419934,132.24141602404416,0
3468,413.37840429198695,64.81808301759884,0
3469,413.45592879201286,173.949874995742,0
3470,413.64146458299365,109.95275003369898,0
3471,413.76405070803594,107.71054198266938,0
3472,413.8843281249865,117.07004200434312,0
3473,414.01249929203186,136.25241600675508,0
3474,414.15945479198126,113.91079105669633,0
3475,414.2860194169916,104.1207910166122,0
3476,414.4019232499995,115.09762500645593,0
3477,414.52965345798293,70.90191700262949,0
3478,414.6124107920332,167.1214159578085,0
3479,414.7921680419822,56.66516604833305,0
3480,414.8598789169919,99.53608299838379,0
3481,414.972055500024,82.08058297168463,0
3482,415.0668294579955,109.05620903940871,0
3483,415.1885646249866,101.3906670268625,0
3484,415.3009882500046,136.4033329882659,0
3485,415.4500191670377,102.57695795735344,0
3486,415.5652265829849,93.96558400476351,0
3487,415.67049958300777,167.52958402503282,0
3488,415.84884112502914,75.98733296617866,0
3489,415.9374719170155,103.12287497799844,0
3490,416.05094145803014,95.31124995555729,0
3491,416.1588735000114,135.68329199915752,0
3492,416.3072260830086,103.6436670110561,0
3493,416.4236179169966,142.07475003786385,0
3494,416.57832416699966,80.77275002142414,0
3495,416.67166450002696,115.04499998409301,0
3496,416.7993335000356,118.68724995292723,0
3497,416.9306367500103,104.05808297218755,0
3498,417.0455743329949,113.64262498682365,0
3499,417.17184725002153,54.73483301466331,0
3500,417.24049933301285,119.43224997958168,0
3501,417.37255608302075,95.39770899573341,0
3502,417.4802261249861,161.93266701884568,0
3503,417.65476104203844,77.72754097823054,0
3504,417.7450753750163,61.676957993768156,0
3505,417.81830124999397,165.85862502688542,0
3506,417.9947457080125,163.31450000870973,0
3507,418.17065741703846,99.33399996953085,0
3508,418.2806617920287,48.2332079554908,0
3509,418.3415185420308,84.9096659803763,0
3510,418.43905924999854,111.2862080335617,0
3511,418.56175674998667,114.76741702063009,0
3512,418.6891319580027,131.00783398840576,0
3513,418.8327543330379,141.30804198794067,0
3514,418.986738083011,125.228209013585,0
3515,419.12459066702286,98.5892079770565,0
3516,419.23579516698373,143.08075001463294,0
3517,419.3891847920022,153.17945799324661,0
3518,419.5526360000367,116.47283297497779,0
3519,419.6817139170016,94.15891603566706,0
3520,419.78849508299027,129.6544999931939,0
3521,419.9307694170275,110.9049579827115,0
3522,420.0543008330278,104.90949999075383,0
3523,420.1718319579959,106.06600000755861,0
3524,420.2905321249855,138.7023749994114,0
3525,420.4400202499819,151.21862501837313,0
3526,420.6038340420346,132.0009579649195,0
3527,420.74840512499213,118.56933298986405,0
3528,420.878019958036,96.00741695612669,0
3529,420.98426429199753,55.583416018635035,0
3530,421.0509242499829,99.26045802421868,0
3531,421.1628392080311,124.40929195145145,0
3532,421.30024158302695,75.63633396057412,0
3533,421.38744775002124,114.02308300603181,0
3534,421.5139940000372,82.28529198095202,0
3535,421.60874900000636,112.24233300890774,0
3536,421.73363025003346,23.09112495277077,0
3537,421.76722545799566,114.16024999925867,0
3538,421.8931604170357,127.62020796071738,0
3539,422.0333866250003,104.53858302207664,0
3540,422.1500120420242,121.98316596914083,0
3541,422.28427875001216,74.92904202081263,0
3542,422.3718588750344,104.01816695230082,0
3543,422.488194458012,92.93766698101535,0
3544,422.5930169170024,107.11141600040719,0
3545,422.71270741702756,105.43370799859986,0
3546,422.8307267500204,105.9228329686448,0
3547,422.94706137501635,81.27812499878928,0
3548,423.0409851670265,93.05091598071158,0
3549,423.1458144999924,53.19758300902322,0
3550,423.2110795000335,94.64841696899384,0
3551,423.3176043329877,31.555542023852468,0
3552,423.3606718329829,115.92941702110693,0
3553,423.4892594169942,161.85512504307553,0
3554,423.6637242080178,91.57925000181422,0
3555,423.7676424999954,89.63574998779222,0
3556,423.8679306670092,107.95845801476389,0
3557,423.98633987503126,118.67299996083602,0
3558,424.1176468330086,124.41783398389816,0
3559,424.2546810830245,87.89166697533801,0
3560,424.3533419999876,97.11495804367587,0
3561,424.4630795830162,114.87066699191928,0
3562,424.59058345801895,118.27270896174014,0
3563,424.7192769999965,69.60024998988956,0
3564,424.8015391250374,118.2050829520449,0
3565,424.93250579200685,152.53291599219665,0
3566,425.0976245829952,52.673625003080815,0
3567,425.1610215420369,94.07387499231845,0
3568,425.2665904170135,96.5242909733206,0
3569,425.3757678749971,75.17937500961125,0
3570,425.4635817920207,66.5634999750182,0
3571,425.5420993749867,155.6509580113925,0
3572,425.70955095801037,111.6908750263974,0
3573,425.83386233303463,118.21545899147168,0
3574,425.96471254201606,130.5764999706298,0
3575,426.1065892080078,70.40891697397456,0
3576,426.18784566700924,139.10258299438283,0
3577,426.3395977920154,86.13349997904152,0
3578,426.4383374580066,137.5874169752933,0
3579,426.58853379200445,105.57183303171769,0
3580,426.70630200003507,145.04420798039064,0
3581,426.86396770802094,120.68645900581032,0
3582,426.9972796670045,104.06166600296274,0
3583,427.1139480000129,131.29204197321087,0
3584,427.25679333298467,85.88533400325105,0
3585,427.35552087501856,125.49458298599347,0
3586,427.49162479199003,65.75675000203773,0
3587,427.5694266670034,101.74633300630376,0
3588,427.6837889170274,163.1228330079466,0
3589,427.8587691669818,131.13412505481392,0
3590,428.0010005829972,77.52387499203905,0
3591,428.09112158301286,145.24816698394716,0
3592,428.248972625006,96.99549997458234,0
3593,428.35769191698637,118.03041602252051,0
3594,428.4880992079852,91.73787501640618,0
3595,428.59210583299864,122.17487499583513,0
3596,428.72692583303433,91.18362498702481,0
3597,428.82862408302026,145.67120897118002,0
3598,428.98694566701306,96.7295829905197,0
3599,429.09436166699743,83.82808300666511,0
3600,429.19082466699183,93.95475004566833,0
3601,429.29668195801787,65.76995900832117,0
3602,429.3750630830182,126.38641701778397,0
3603,429.51365070801694,140.07262501399964,0
3604,429.6666076250258,147.32520800316706,0
3605,429.82496762502706,119.66724996455014,0
3606,429.95668937498704,101.9220000016503,0
3607,430.0712315000128,142.75383297353983,0
3608,430.22542333300225,146.04712498839945,0
3609,430.38422720803646,87.8299999749288,0
3610,430.48427208303474,69.35583398444578,0
3611,430.5646645830129,91.95645898580551,0
3612,430.66909008298535,106.4895000308752,0
3613,430.7882174170227,135.99958299892023,0
3614,430.9368465000298,138.78062495496124,0
3615,431.0882318750373,114.57649996737018,0
3616,431.21544970799005,140.64562501152977,0
3617,431.3666013330221,97.05641696928069,0
3618,431.4762377080042,103.3255840302445,0
3619,431.592170583026,36.51116701075807,0
3620,431.63935837498866,91.32712503196672,0
3621,431.7433251669863,99.563833035063,0
3622,431.85551795799984,140.52733400603756,0
3623,432.0086429580115,100.69991700584069,0
3624,432.1219779170351,96.08933294657618,0
3625,432.2306850000168,108.71641698759049,0
3626,432.350930250017,95.91970796464011,0
3627,432.45946979202563,45.60033296002075,0
3628,432.5176748330123,87.07208401756361,0
3629,432.6163306250237,100.6766670034267,0
3630,432.7279687499977,100.52174999145791,0
3631,432.8405046670232,85.73724998859689,0
3632,432.93888783303555,92.97145897289738,0
3633,433.04343516699737,123.60824999632314,0
3634,433.17781379201915,63.373333017807454,0
3635,433.25380962499185,97.01158304233104,0
3636,433.3626065829885,87.74824999272823,0
3637,433.46297858300386,97.51350001897663,0
3638,433.5731162499869,103.15054201055318,0
3639,433.6876632500207,125.4915000172332,0
3640,433.8257460829918,24.524500011466444,0
3641,433.862871291989,97.8588750003837,0
3642,433.97334025002783,70.74641698272899,0
3643,434.0559804170043,52.98725003376603,0
3644,434.12161841703346,109.361499955412,0
3645,434.2418396670255,109.5289159566164,0
3646,434.36400012503145,81.04824996553361,0
3647,434.4576778750052,99.77045800769702,0
3648,434.5676713749999,76.66354201501235,0
3649,434.65705154201714,144.6874999674037,0
3650,434.81441962503595,153.2939579919912,0
3651,434.98033920803573,137.76354194851592,0
3652,435.1307525000302,70.69316698471084,0
3653,435.2140969170141,122.70104099297896,0
3654,435.34851874999003,115.88395800208673,0
3655,435.4770172080025,104.12329202517867,0
3656,435.59376075002365,98.78983296221122,0
3657,435.70518225000706,96.17170802084729,0
3658,435.813982666994,88.81729101995006,0
3659,435.9145860419958,86.23779099434614,0
3660,436.01345266698627,81.61774999462068,0
3661,436.10791779198917,175.4090409958735,0
3662,436.2948660830152,122.5318749784492,0
3663,436.43008308298886,84.30099999532104,0
3664,436.52511337498436,87.07587502431124,0
3665,436.623883125023,119.34683297295123,0
3666,436.7558545829961,160.08904203772545,0
3667,436.9269425829989,152.58774999529123,0
3668,437.0921040420071,75.96908300183713,0
3669,437.1806988749886,67.26454204181209,0
3670,437.25869170803344,87.64708397211507,0
3671,437.35893129202304,115.21562497364357,0
3672,437.4867580829887,90.6711250427179,0
3673,437.5900957080303,85.77604196034372,0
3674,437.68822541699046,163.20979100419208,0
3675,437.86404679203406,63.99199995212257,0
3676,437.9406332920189,126.00474996725097,0
3677,438.07924270798685,101.94500000216067,0
3678,438.19209512503585,85.35266696708277,0
3679,438.28919804200996,161.52345802402124,0
3680,438.46328279201407,72.46033300179988,0
3681,438.5459170829854,113.09570900630206,0
3682,438.6696505830041,98.15216698916629,0
3683,438.7803551250254,85.43520799139515,0
3684,438.8795483330032,93.71566702611744,0
3685,438.9842533750343,108.76045795157552,0
3686,439.10381275002146,180.93004199909046,0
3687,439.29737229202874,120.69208297180012,0
3688,439.4307070419891,97.48200001195073,0
3689,439.5389275830239,64.58662496879697,0
3690,439.61616083298577,112.93633404420689,0
3691,439.74171287502395,130.0298330024816,0
3692,439.8841359579819,189.63416700717062,0
3693,440.08633037499385,59.2365000047721,0
3694,440.15816645801533,62.06299999030307,0
3695,440.2328518329887,51.878167025279254,0
3696,440.2973570830072,58.95974999293685,0
3697,440.3678043750115,141.70974999433383,0
3698,440.52214524999727,102.93362499214709,0
3699,440.6377447920386,80.31566598219797,0
3700,440.73066983302124,108.97816700162366,0
3701,440.85107212502044,100.34558299230412,0
3702,440.96402600000147,101.78645799169317,0
3703,441.07779620803194,139.21900000423193,0
3704,441.22762499999953,130.96208299975842,0
3705,441.36881308298325,91.92066703690216,0
3706,441.47334562498145,142.92791701154783,0
3707,441.6289117920096,134.76587500190362,0
3708,441.775432458031,98.57774997362867,0
3709,441.88427387498086,91.55283303698525,0
3710,441.98755504202563,90.27649997733533,0
3711,442.0904856250272,75.63979196129367,0
3712,442.1787430419936,42.872457997873425,0
3713,442.23417583300034,139.4589170231484,0
3714,442.3860805000295,142.24495796952397,0
3715,442.5393594999914,32.548542018048465,0
3716,442.5845296669868,95.55958304554224,0
3717,442.69159016699996,77.19270803499967,0
3718,442.7813961250358,94.27458298159763,0
3719,442.8883178330143,117.7683339919895,0
3720,443.0176059579826,135.88912499835715,0
3721,443.1662808749825,118.46450000302866,0
3722,443.2973838330363,127.20112496754155,0
3723,443.4365543749882,137.20850000390783,0
3724,443.5863935420057,113.97579102776945,0
3725,443.7130359580042,137.9903340130113,0
3726,443.8637368330383,128.82116698892787,0
3727,444.0051894169883,85.90575004927814,0
3728,444.10371920798207,125.01291703665629,0
3729,444.24133295798674,93.11112499563023,0
3730,444.3469877919997,136.71287498436868,0
3731,444.49475641699973,142.37712498288602,0
3732,444.64759925002,63.15933301812038,0
3733,444.7231740420102,119.8910410166718,0
3734,444.85567991703283,76.90366596216336,0
3735,444.94364116701763,90.03879100782797,0
3736,445.0443617500132,90.42387502267957,0
3737,445.1456292080111,118.88695898232982,0
3738,445.27670391701395,126.04075000854209,0
3739,445.41534758300986,104.09429197898135,0
3740,445.5320504580159,44.35375001048669,0
3741,445.58901683299337,121.21904199011624,0
3742,445.72220654203556,139.11649998044595,0
3743,445.87240004201885,27.70283300196752,0
3744,445.91273270803504,87.68395899096504,0
3745,446.0117019999889,88.9230000320822,0
3746,446.1129056250211,113.39149996638298,0
3747,446.23806416703155,96.66412498336285,0
3748,446.34735479200026,136.3176660379395,0
3749,446.4962610829971,94.03700003167614,0
3750,446.6028802500223,79.44962498731911,0
3751,446.6949607920251,48.14649996114895,0
3752,446.75510254199617,50.63474999042228,0
3753,446.81759529199917,95.987958018668,0
3754,446.9254383330117,121.83725001523271,0
3755,447.0599151250208,74.92037501651794,0
3756,447.14746445801575,120.52341701928526,0
3757,447.2806127500371,93.86937494855374,0
3758,447.3871561670094,130.9249160112813,0
3759,447.5307114170282,145.1101249549538,0
3760,447.68843220802955,117.34537500888109,0
3761,447.8175978329964,78.18333402974531,0
3762,447.9083830000018,134.1951250215061,0
3763,448.0552017079899,111.81808402761817,0
3764,448.17913816700457,104.61516602663323,0
3765,448.2963850420201,115.49595801625401,0
3766,448.42363575001946,126.58566696336493,0
3767,448.5628488329821,139.74358403356746,0
3768,448.714097707998,64.40758402459323,0
3769,448.78944358299486,139.4091250258498,0
3770,448.9391787080094,108.58483397169039,0
3771,449.06034600001294,145.08720801677555,0
3772,449.21773920801934,103.23741700267419,0
3773,449.33326820802176,125.97933399956673,0
3774,449.471880667028,133.54049995541573,0
3775,449.616649958014,142.5516249728389,0
3776,449.77182641701074,96.25204099575058,0
3777,449.88025612500496,145.6084999954328,0
3778,450.0370489170309,91.47395798936486,0
3779,450.14113929198356,69.62675001705065,0
3780,450.2234507499961,82.0084169972688,0
3781,450.31761870800983,66.06008397648111,0
3782,450.3944715420366,147.9941659490578,0
3783,450.5550865420373,135.48191596055403,0
3784,450.7030622920138,49.80983299901709,0
3785,450.765445291996,99.22141599236056,0
3786,450.87488333298825,111.25941702630371,0
3787,450.9987702079816,108.27291704481468,0
3788,451.1197187920334,88.49841594928876,0
3789,451.2208641250036,80.49045799998567,0
3790,451.3138339170255,128.77379095880315,0
3791,451.45522870798595,103.49383403081447,0
3792,451.57135325000854,79.53858299879357,0
3793,451.66351537499577,114.22466702060774,0
3794,451.79047566698864,85.41012502973899,0
3795,451.88852333300747,98.2705419883132,0
3796,451.99941262503853,126.48412497946993,0
3797,452.1385235420312,98.25012495275587,0
3798,452.2494660000084,181.83945800410584,0
3799,452.44208787498064,59.314000012818724,0
3800,452.5125069579808,75.28175000334159,0
3801,452.6004096249817,152.05487504135817,0
3802,452.76509279198945,110.20654102321714,0
3803,452.8859642500174,100.72520800167695,0
3804,452.9993266669917,134.916041046381,0
3805,453.1470184579957,100.48683400964364,0
3806,453.25868783303304,76.01141696795821,0
3807,453.347324375005,150.13237501261756,0
3808,453.5087922079838,109.18720904737711,0
3809,453.6305863750167,109.92920800345019,0
3810,453.7531739579863,111.41075001796708,0
3811,453.8754223330179,100.44570901663974,0
3812,453.988509332994,75.70283400127664,0
3813,454.07556812500115,76.44816703395918,0
3814,454.16469870798755,53.349959023762494,0
3815,454.23066983302124,132.83966697053984,0
3816,454.3754445830127,108.67637500632554,0
3817,454.4967532500159,95.73029197053984,0
3818,454.6031187920016,58.61366598401219,0
3819,454.67285675002495,61.85712496517226,0
3820,454.7472579579917,94.02095898985863,0
3821,454.8529195000301,115.95562496222556,0
3822,454.98148125002626,96.19716700399294,0
3823,455.0886131669977,103.2041659927927,0
3824,455.2044491249835,79.5557500096038,0
3825,455.29488845798187,126.47033401299268,0
3826,455.43327637499897,114.30237500462681,0
3827,455.5587405000115,144.38033301848918,0
3828,455.7157414170215,118.91695798840374,0
3829,455.8472669170005,75.54425002308562,0
3830,455.9354296250385,88.07299996260554,0
3831,456.03459533298155,101.95325000677258,0
3832,456.14917333301855,139.5677499822341,0
3833,456.3009505830123,107.84825001610443,0
3834,456.42161349998787,105.27687502326444,0
3835,456.53952091699466,145.09120798902586,0
3836,456.6972137080156,128.43712500762194,0
3837,456.8373932079994,125.0752920168452,0
3838,456.97491083299974,50.79654202563688,0
3839,457.0364730419824,99.47162499884143,0
3840,457.14855662500486,165.25904199806973,0
3841,457.32645375002176,120.88037497596815,0
3842,457.45824154198635,143.70237500406802,0
3843,457.6145396250067,160.2010420174338,0
3844,457.787361167022,129.3958749738522,0
3845,457.92764666699804,47.28425003122538,0
3846,457.98631083301734,116.45404197042808,0
3847,458.1153596250224,99.9327499885112,0
3848,458.2278969170293,78.24962498852983,0
3849,458.31761608301895,136.39929197961465,0
3850,458.4666356249945,83.66375003242865,0
3851,458.5613174170139,144.04475002083927,0
3852,458.71760766702937,119.35641599120572,0
3853,458.8495431250194,90.0947920163162,0
3854,458.9522112500272,80.48229198902845,0
3855,459.043945582991,160.8647090033628,0
3856,459.21612829202786,99.50837498763576,0
3857,459.3282086250256,114.63604198070243,0
3858,459.45542775001377,102.12016699369997,0
3859,459.5701751250308,80.75558295240626,0
3860,459.6635411250172,95.9366669994779,0
3861,459.7720364580164,97.1388749894686,0
3862,459.88171083299676,54.86645898781717,0
3863,459.9470706669963,83.48762500099838,0
3864,460.043104249984,78.5238750395365,0
3865,460.1341620000312,115.199624968227,0
3866,460.2603888750309,109.73029199521989,0
3867,460.3827447920339,68.50804097484797,0
3868,460.46497862500837,87.23241701954976,0
3869,460.5633629580261,106.21770896250382,0
3870,460.68096625001635,81.17874996969476,0
3871,460.7723794170306,53.21958300191909,0
3872,460.83772312500514,128.08416702318937,0
3873,460.97707066702424,105.69612501421943,0
3874,461.09495762502775,91.579667001497,0
3875,461.1991322080139,91.7293339734897,0
3876,461.30347458302276,115.06954196374863,0
3877,461.42974812502507,93.00599998096004,0
3878,461.53431912499946,106.92600003676489,0
3879,461.65190325002186,138.67737498367205,0
3880,461.80095620802604,142.9914589971304,0
3881,461.9555700829951,155.26708401739597,0
3882,462.123431666987,72.07841600757092,0
3883,462.20808100001886,100.38874996826053,0
3884,462.3210368750151,67.30895797954872,0
3885,462.40091579203727,72.43254099739715,0
3886,462.4859272920294,64.04879095498472,0
3887,462.5617672500084,89.4298329949379,0
3888,462.66378549998626,89.7787080029957,0
3889,462.7637443750282,76.40487496973947,0
3890,462.85197516699554,97.81204099999741,0
3891,462.96241500001634,120.87112502194941,0
3892,463.09585970803164,90.14474996365607,0
3893,463.19860825000796,78.59091699356213,0
3894,463.2897551670321,125.84366597002372,0
3895,463.42817420803476,98.57187495799735,0
3896,463.537552875001,112.11099999491125,0
3897,463.6622542080004,71.21825002832338,0
3898,463.74604962498415,122.0761250006035,0
3899,463.88070258300286,130.22883399389684,0
3900,464.02357279200805,74.36570798745379,0
3901,464.10994420800125,73.26604198897257,0
3902,464.196942791983,89.04954104218632,0
3903,464.29743425000925,118.55066701536998,0
3904,464.42641695798375,123.3456670306623,0
3905,464.5623812500271,139.00074997218326,0
3906,464.7124705419992,75.98087500082329,0
3907,464.80104854202364,47.20445798011497,0
3908,464.86053204198834,78.63129104953259,0
3909,464.9517794580315,107.31508396565914,0
3910,465.06950462498935,115.00354204326868,0
3911,465.19708295800956,63.50704201031476,0
3912,465.2727898330195,103.90975000336766,0
3913,465.3868267079815,95.08720901794732,0
3914,465.4921493330039,117.11270903469995,0
3915,465.62187304202234,77.4187910137698,0
3916,465.7114833749947,100.05316702881828,0
3917,465.82413374999305,93.03712501423433,0
3918,465.9297837080085,112.11175000062212,0
3919,466.05449150002096,105.50579201662913,0
3920,466.1725644579856,112.00183402979746,0
3921,466.2971983749885,111.33479204727337,0
3922,466.42111770802876,129.0940420003608,0
3923,466.5615562500316,76.83079194976017,0
3924,466.65096945798723,207.58350001415238,0
3925,466.87115408299724,146.87483402667567,0
3926,467.03063445800217,62.62525002239272,0
3927,467.10345262498595,124.89258300047368,0
3928,467.23875579203013,91.05212497524917,0
3929,467.3415727500105,81.4926250022836,0
3930,467.4342771670199,140.95108298351988,0
3931,467.58782858302584,35.48708400921896,0
3932,467.63428591698175,78.12429103069007,0
3933,467.7235948750167,120.60933298198506,0
3934,467.85590662498726,55.44900003587827,0
3935,467.9232037080219,128.13545897370204,0
3936,468.06395695800893,91.70320897828788,0
3937,468.16824916703627,105.32662499463186,0
3938,468.28428187500685,146.55920799123123,0
3939,468.4420707920217,106.63045797264203,0
3940,468.5613265830325,136.2246249918826,0
3941,468.70824904198525,145.59500000905246,0
3942,468.8659007080132,88.85433396790177,0
3943,468.9673441250343,91.75145794870332,0
3944,469.07168966700556,143.38304102420807,0
3945,469.22526274999836,124.14441700093448,0
3946,469.36039712501224,150.23354202276096,0
3947,469.5232192919939,173.1302909902297,0
3948,469.70894716703333,75.49049996305257,0
3949,469.79601437499514,99.4584999862127,0
3950,469.9080764169921,119.5241660461761,0
3951,470.0401619580225,66.23220897745341,0
3952,470.1176387920277,76.87012496171519,0
3953,470.20709812501445,57.167167018633336,0
3954,470.2765799170011,96.92245803307742,0
3955,470.3860908750212,106.3287919969298,0
3956,470.50505579198943,153.9345410419628,0
3957,470.67156554199755,181.70287500834092,0
3958,470.86584704200504,100.79091601073742,0
3959,470.9792007920332,99.62424996774644,0
3960,471.09140591701725,112.60412499541417,0
3961,471.2165959170088,116.97533301776275,0
3962,471.3437248750124,101.8251670175232,0
3963,471.4581623750273,148.16074998816475,0
3964,471.61754020798253,139.62104200618342,0
3965,471.7684555419837,85.16829099971801,0
3966,471.86623783299,37.75037499144673,0
3967,471.9151067500352,102.86808299133554,0
3968,472.0305696250289,146.69849997153506,0
3969,472.18981666699983,152.5161659810692,0
3970,472.3546837079921,91.48404200095683,0
3971,472.4564150830265,87.77216699672863,0
3972,472.5568205420277,108.00824995385483,0
3973,472.6753241670085,85.52974998019636,0
3974,472.7727357079857,78.01862503401935,0
3975,472.86337887501577,87.66795799601823,0
3976,472.96368812501896,161.03012498933822,0
3977,473.13736016699113,149.99995799735188,0
3978,473.29998858302133,115.24745897622779,0
3979,473.4254150830093,132.61074997717515,0
3980,473.57063224999,90.03200003644451,0
3981,473.67324999999255,86.53033303562552,0
3982,473.7723581250175,126.53704197145998,0
3983,473.91050487500615,119.82512503163889,0
3984,474.04158583300887,63.778208976145834,0
3985,474.11762587499106,141.5449579944834,0
3986,474.27077108301455,40.308209019713104,0
3987,474.3236310830107,86.48025000002235,0
3988,474.4212752080057,139.67012497596443,0
3989,474.57354320801096,148.69541698135436,0
3990,474.73429362499155,187.07750004250556,0
3991,474.9339594169869,97.93462499510497,0
3992,475.04449008300435,97.43512503337115,0
3993,475.15276100003393,115.2431249502115,0
3994,475.28057100001024,108.31724997842684,0
3995,475.40146912500495,72.43191701127216,0
3996,475.48649587499676,96.87070798827335,0
3997,475.59395129198674,90.57087503606454,0
3998,475.6970934580313,133.72016698122025,0
3999,475.842073332984,94.57262500654906,0
4000,475.94920775003266,105.94445798778906,0
4001,476.06773995800177,100.15420900890604,0
4002,476.1802427920047,96.3611250044778,0
4003,476.2891882500262,135.89970796601847,0
4004,476.43762729200535,91.60233300644904,0
4005,476.54183950001607,118.89145796885714,0
4006,476.6733364170068,143.13345798291266,0
4007,476.82907866698224,98.05237501859665,0
4008,476.9397355419933,138.751125021372,0
4009,477.0906650830293,88.7128749745898,0
4010,477.1919552080217,114.68045896617696,0
4011,477.31921291700564,63.08712501777336,0
4012,477.393656958011,133.67229199502617,0
4013,477.53852737502893,138.82779196137562,0
4014,477.68994150002254,101.20479197939858,0
4015,477.8037612080225,57.96066700713709,0
4016,477.87431712500984,96.03900002548471,0
4017,477.982945249998,101.70508298324421,0
4018,478.0958936670213,138.7177499709651,0
4019,478.24721674999455,34.881708037573844,0
4020,478.29467820801074,113.62554202787578,0
4021,478.42050116701284,109.21412496827543,0
4022,478.5420826250338,58.35920799290761,0
4023,478.6130054999958,125.7783750188537,0
4024,478.74945691699395,52.832666027825326,0
4025,478.8138190419995,118.44766599824652,0
4026,478.94483233301435,134.9504590034485,0
4027,479.0923632920021,77.85545801743865,0
4028,479.18272079201415,72.13824999053031,0
4029,479.2674221670022,76.51637500384822,0
4030,479.35631679202197,87.77541597373784,0
4031,479.4566907080007,116.19608401088044,0
4032,479.58432666701265,120.6101659918204,0
4033,479.71567291702377,89.88604100886732,0
4034,479.8190346250194,118.93520801095292,0
4035,479.9505585000152,70.67570800427347,0
4036,480.0317468330031,101.90870898077264,0
4037,480.14625062502455,49.02274999767542,0
4038,480.20787612500135,146.47999999579042,0
4039,480.3669747079839,67.30095902457833,0
4040,480.4451312919846,77.17408303869888,0
4041,480.53415637498256,156.104082998354,0
4042,480.701719707984,134.79237502906471,0
4043,480.8474897079868,69.84670902602375,0
4044,480.92779012501705,131.40033301897347,0
4045,481.070934791991,187.6802910119295,0
4046,481.2712560000364,114.57020795205608,0
4047,481.39842774998397,77.012250025291,0
4048,481.4880380000104,87.56479201838374,0
4049,481.58818245801376,157.62695897137746,0
4050,481.7583936250303,85.5644170078449,0
4051,481.8576498749899,79.8909580335021,0
4052,481.95011316699674,177.94929101364687,0
4053,482.1406551669934,53.79154102411121,0
4054,482.2058208750095,80.92808298533782,0
4055,482.2993144170032,54.4728750246577,0
4056,482.36639866698533,84.56300001125783,0
4057,482.4635346250143,87.14066701941192,0
4058,482.563255999994,119.53412502771243,0
4059,482.6937054999871,59.0979169937782,0
4060,482.7653848750051,122.36370798200369,0
4061,482.900312541984,86.60508302273229,0
4062,482.99949374998687,147.038875031285,0
4063,483.1582292080275,88.02937500877306,0
4064,483.2582495420356,101.94483294617385,0
4065,483.37256962503307,42.95358300441876,0
4066,483.4280964169884,50.39870803011581,0
4067,483.4910740000196,117.47837497387081,0
4068,483.6201805830351,167.11833397857845,0
4069,483.7998885830166,54.89008396398276,0
4070,483.8660427919822,96.84379101963714,0
4071,483.9749155000318,94.54462496796623,0
4072,484.080863124982,103.65675005596131,0
4073,484.1970927499933,125.38912502350286,0
4074,484.33428245800314,124.16100001428276,0
4075,484.4710274999961,128.17533302586526,0
4076,484.6117955829832,25.92504204949364,0
4077,484.65028362500016,57.966082997154444,0
4078,484.7208610420348,169.16691599180922,0
4079,484.9018977500382,142.68983295187354,0
4080,485.0571385829826,53.87112504104152,0
4081,485.1235857499996,89.4470420316793,0
4082,485.22560225002235,116.47895799251273,0
4083,485.3546697500278,80.79491695389152,0
4084,485.4469505830202,87.66487496905029,0
4085,485.54690991702955,57.75470798835158,0
4086,485.6172498750384,73.04104196373373,0
4087,485.7009553749813,161.59583302214742,0
4088,485.8749061250128,108.86091698193923,0
4089,485.99453370802803,102.60995896533132,0
4090,486.1081191250123,120.82120799459517,0
4091,486.2405822920264,81.82845800183713,0
4092,486.3350020000362,115.65129196969792,0
4093,486.46087720798096,102.80687501654029,0
4094,486.5762683330104,125.33549999352545,0
4095,486.7141745000263,75.53674996597692,0
4096,486.8022895830218,99.7513749753125,0
4097,486.914642208023,138.61479196930304,0
4098,487.0658381670364,118.6551249702461,0
4099,487.19706616702024,78.1229580170475,0
4100,487.2877657079953,44.20250002294779,0
4101,487.3432515829918,122.43608402786776,0
4102,487.4759602500126,117.0910419896245,0
4103,487.605647917022,86.1831660149619,0
4104,487.70315387501614,75.2800420159474,0
4105,487.78896316699684,102.93891601031646,0
4106,487.90450045798207,112.75208403822035,0
4107,488.0298548749997,123.6464999965392,0
4108,488.16608975001145,117.8942919941619,0
4109,488.2954911669949,115.24629103951156,0
4110,488.42333200003486,85.4948329506442,0
4111,488.5214700420038,116.35833303444088,0
4112,488.6504307499854,98.90316700330004,0
4113,488.7619346670108,91.09208302106708,0
4114,488.86560429201927,110.42933299904689,0
4115,488.9886365830316,179.26324997097254,0
4116,489.1801696670009,87.66545803518966,0
4117,489.2803955000127,96.54770797351375,0
4118,489.38747875002446,104.98170799110085,0
4119,489.50507108302554,100.61541700270027,0
4120,489.61828729201807,99.97699997620657,0
4121,489.7308499580249,120.25941698811948,0
4122,489.862619291991,76.97824999922886,0
4123,489.95218704198487,122.9589160066098,0
4124,490.0854327499983,135.86970802862197,0
4125,490.23382829199545,83.43787502963096,0
4126,490.3289187499904,163.60062500461936,0
4127,490.50348141702125,60.952499974519014,0
4128,490.5754967079847,115.72133400477469,0
4129,490.70382566703483,105.29729095287621,0
4130,490.8217485829955,110.85462500341237,0
4131,490.9428452500142,81.02545799920335,0
4132,491.0360540000256,62.195541977416724,0
4133,491.1105998749845,114.67129201628268,0
4134,491.2378749580239,47.08091699285433,0
4135,491.29565525002545,131.20812497800216,0
4136,491.4394644580316,128.87600000249222,0
4137,491.5809158330085,109.80833397479728,0
4138,491.70099500002107,127.45391699718311,0
4139,491.8411038329941,111.71170900342986,0
4140,491.9642451250111,113.06075000902638,0
4141,492.08992295799544,104.06145901652053,0
4142,492.20659320801497,85.23254201281816,0
4143,492.3044147500186,99.78366701398045,0
4144,492.41679804201704,104.61391601711512,0
4145,492.53325837501325,84.66674998635426,0
4146,492.63050804199884,104.11216603824869,0
4147,492.74720275000436,69.301292009186,0
4148,492.8290909170173,115.2904579648748,0
4149,492.9566607080051,102.81620902242139,0
4150,493.0720708750305,38.507332967128605,0
4151,493.1231834170176,95.68279096856713,0
4152,493.2314330000081,74.01558302808553,0
4153,493.31763079203665,98.18016598001122,0
4154,493.4270227919915,155.60979099245742,0
4155,493.5952199170133,79.47649998823181,0
4156,493.68729279201943,108.80287498002872,0
4157,493.80824554199353,71.78016600664705,0
4158,493.8920874579926,94.01195903774351,0
4159,493.99798774998635,127.23145802738145,0
4160,494.1378389580059,113.39512502308935,0
4161,494.26380600000266,98.79320801701397,0
4162,494.3749462499982,129.6362919965759,0
4163,494.51721887500025,137.66041700728238,0
4164,494.66748012503376,167.7655419916846,0
4165,494.8478928330005,48.04129200056195,0
4166,494.90857374999905,59.40974998520687,0
4167,494.9805980420206,66.23991596279666,0
4168,495.059468958003,82.13187498040497,0
4169,495.15421350003453,130.3800829919055,0
4170,495.29717666702345,105.00937496544793,0
4171,495.4138207079959,86.3928750040941,0
4172,495.51191599998856,96.3404580252245,0
4173,495.62086533301044,72.46858399594203,0
4174,495.70589670800837,132.4446250218898,0
4175,495.8484078749898,110.61450000852346,0
4176,495.96977145801065,102.48179198242724,0
4177,496.084319333022,50.21512496750802,0
4178,496.14712683303514,83.8411669828929,0
4179,496.24208624998573,59.32100000791252,0
4180,496.314038291981,87.96808304032311,0
4181,496.41460412502056,121.31404201500118,0
4182,496.5485309170326,78.32770800450817,0
4183,496.63945075002266,124.72841696580872,0
4184,496.7763248750125,75.73883299482986,0
4185,496.86341891699703,156.1385000240989,0
4186,497.0321656250162,100.54879199014977,0
4187,497.1441431249841,85.9589580213651,0
4188,497.242715417,128.74587503029034,0
4189,497.3840905420366,129.84291597967967,0
4190,497.5265428330167,73.18937499076128,0
4191,497.6104910420254,70.82954095676541,0
4192,497.6939069579821,69.68279200373217,0
4193,497.77618933300255,122.76691698934883,0
4194,497.91022270801477,85.80212498782203,0
4195,498.00860850000754,88.95612502237782,0
4196,498.10908758302685,110.42404198087752,0
4197,498.2311173750204,78.06770800380036,0
4198,498.32180279202294,117.08154098596424,0
4199,498.45146900002146,118.035624967888,0
4200,498.58193704200676,81.54895802726969,0
4201,498.67490425001597,78.18454201333225,0
4202,498.7645384169882,140.15395799651742,0
4203,498.91729487502016,54.77829201845452,0
4204,498.9846439170069,107.70037502516061,0
4205,499.10394037503283,154.5351249515079,0
4206,499.2710625419859,87.13029103819281,0
4207,499.37080216698814,70.25720801902935,0
4208,499.4524583329912,123.29158402280882,0
4209,499.58835291699506,103.4690830274485,0
4210,499.7044060830376,78.54337495518848,0
4211,499.7949421250378,119.26437495276332,0
4212,499.92686095798854,100.55595904123038,0
4213,500.0400073330384,146.8211249448359,0
4214,500.1994434170192,125.85762498201802,0
4215,500.336930666992,74.31625004392117,0
4216,500.4228208329878,121.08808400807902,0
4217,500.5544736669981,113.43458300689235,0
4218,500.68049058300676,96.79412498371676,0
4219,500.78752233303385,71.67133397888392,0
4220,500.871847375005,127.71920801606029,0
4221,501.01217037503375,111.58908298239112,0
4222,501.1363574580173,79.71520896535367,0
4223,501.22867633303395,99.28129200125113,0
4224,501.34059483301826,113.09195897774771,0
4225,501.46574745798716,134.10979200853035,0
4226,501.61192225001287,150.87054198374972,0
4227,501.7749037920148,145.67283302312717,0
4228,501.93078150000656,87.20991702284664,0
4229,502.03057825000724,135.95849997363985,0
4230,502.17911925003864,69.6177079807967,0
4231,502.2613303749822,97.49450004892424,0
4232,502.3714562919922,120.39112503407523,0
4233,502.50313900003675,97.38004195969552,0
4234,502.6131155830226,87.78999996138737,0
4235,502.71465862501645,104.91804196499288,0
4236,502.83100208302494,149.05016700504348,0
4237,502.99216158298077,120.02587504684925,0
4238,503.1248029579874,80.58287500170991,0
4239,503.2179535420146,144.52137501211837,0
4240,503.37504654203076,95.27654096018523,0
4241,503.481198833033,106.18775000330061,0
4242,503.5999800830032,111.72029201406986,0
4243,503.724285083008,105.36545899230987,0
4244,503.84157112502726,75.13895799638703,0
4245,503.92928475001827,88.62379199126735,0
4246,504.0305657500285,96.72258299542591,0
4247,504.1388525830116,128.2111249747686,0
4248,504.2796313749859,50.78037502244115,0
4249,504.34298349998426,130.4708330426365,0
4250,504.4860567920259,149.0268749766983,0
4251,504.6477102499921,70.39041700772941,0
4252,504.72915491700405,105.17075000097975,0
4253,504.84692533302587,90.3747919946909,0
4254,504.94992120802635,66.94837496615946,0
4255,505.0294627920375,141.19599998230115,0
4256,505.1821801670012,118.4540829854086,0
4257,505.31130829203175,149.48370796628296,0
4258,505.47221791703487,145.76554094674066,0
4259,505.6305868329946,135.42275002691895,0
4260,505.77860412502196,104.36791699612513,0
4261,505.8955585419899,128.70654102880508,0
4262,506.0368510829867,119.70712500624359,0
4263,506.1687474999926,99.12795800482854,0
4264,506.28046033298597,120.77950005186722,0
4265,506.41378720803186,90.75179195497185,0
4266,506.517127041996,97.78804099187255,0
4267,506.62754479201976,122.00537498574704,0
4268,506.76215441699605,129.64895804179832,0
4269,506.9018966250005,115.9337920253165,0
4270,507.0304242920247,78.59904097858816,0
4271,507.1207665830152,113.79945900989696,0
4272,507.24686675000703,167.27666702354327,0
4273,507.42544108303264,105.03379197325557,0
4274,507.5421007500263,128.8894169847481,0
4275,507.68360208300874,69.13750001695007,0
4276,507.76353512500646,116.765208018478,0
4277,507.8921009580372,117.03849997138605,0
4278,508.0208725000266,87.17641700059175,0
4279,508.1206466250005,107.21016698516905,0
4280,508.240445583011,99.63095898274332,0
4281,508.3526447500335,126.24166696332395,0
4282,508.4914831669885,109.81845803325996,0
4283,508.6138913750183,57.24445800296962,0
4284,508.6837327500107,124.76854200940579,0
4285,508.82108583301306,175.02195900306106,0
4286,509.00869345798856,63.25433403253555,0
4287,509.0829560830025,73.1120000127703,0
4288,509.1676405420294,89.33499996783212,0
4289,509.26955841702875,74.42087499657646,0
4290,509.35575158300344,74.40008403500542,0
4291,509.4415694170166,109.72037498140708,0
4292,509.56386216700776,168.67495799669996,0
4293,509.7446572500048,130.69066702155396,0
4294,509.88762624998344,98.68425002787262,0
4295,509.99891804199433,113.96841600071639,0
4296,510.1254310000222,128.8787079975009,0
4297,510.26688808301697,122.39099998259917,0
4298,510.40064562502084,97.36529196379706,0
4299,510.5098076669965,70.08829101687297,0
4300,510.5915872500045,71.69708301080391,0
4301,510.675851707987,162.42304199840873,0
4302,510.8508614579914,126.4486670261249,0
4303,510.98990754201077,110.67824997007847,0
4304,511.11320441699354,130.70616603363305,0
4305,511.2543972079875,83.04662501905113,0
4306,511.35006466699997,92.42187498603016,0
4307,511.4545073750196,104.84512499533594,0
4308,511.5720332080382,65.34483394352719,0
4309,511.6499617919908,77.80845800880343,0
4310,511.740358458017,111.86679196543992,0
4311,511.8635199579876,93.03158399416134,0
4312,511.9679955000174,51.90575000597164,0
4313,512.0324907079921,80.85012499941513,0
4314,512.1259155829903,115.17308402108029,0
4315,512.2524405419827,97.22345805494115,0
4316,512.3623035830096,145.76562499860302,0
4317,512.5206545830006,152.43520902004093,0
4318,512.6856829170138,81.26370800891891,0
4319,512.7784985000035,126.85549998423085,0
4320,512.9179625420365,100.1001659897156,0
4321,513.0302611250081,83.77124997787178,0
4322,513.1266062920331,124.5718749705702,0
4323,513.2637433750206,136.05299999471754,0
4324,513.4124015829875,53.429042047355324,0
4325,513.4772780000349,57.32762499246746,0
4326,513.5469000000157,137.67762499628589,0
4327,513.6971623750287,128.505332977511,0
4328,513.8382400420378,133.65145795978606,0
4329,513.9826018750318,133.31529195420444,0
4330,514.1285153329954,85.57854202808812,0
4331,514.2254367499845,81.06691704597324,0
4332,514.3189540000167,81.22454199474305,0
4333,514.4119070000015,122.76966701028869,0
4334,514.5472910830285,129.86133398953825,0
4335,514.6882147500291,48.923041962552816,0
4336,514.748779333022,58.12070897081867,0
4337,514.8182504170109,116.43125000409782,0
4338,514.9472661250038,75.78745798673481,0
4339,515.0343420419958,118.36795799899846,0
4340,515.1653435830376,73.3037919853814,0
4341,515.251240291982,75.95462503377348,0
4342,515.3398109999835,72.75837502675131,0
4343,515.424914000032,114.75708294892684,0
4344,515.5500178330112,121.95137498201802,0
4345,515.6843331669807,81.61887503229082,0
4346,515.7785640000366,90.82574996864423,0
4347,515.8808121670154,93.17104099318385,0
4348,515.9866089579882,114.81433402514085,0
4349,516.1140865419875,103.82166603812948,0
4350,516.228392250021,108.9435419999063,0
4351,516.34998275002,88.04066700395197,0
4352,516.4494825000293,104.21954200137407,0
4353,516.5663127499865,101.72029200475663,0
4354,516.6806765830261,100.06266698474064,0
4355,516.792116208002,113.42162499204278,0
4356,516.9181616670103,68.97404097253457,0
4357,516.9997655419866,125.34629099536687,0
4358,517.1376769579947,143.1134170270525,0
4359,517.2915706250351,109.71662495285273,0
4360,517.4138910000329,56.025249999947846,0
4361,517.4825152080157,140.98199998261407,0
4362,517.6361112919985,100.15670803841203,0
4363,517.7488792919903,108.89345803298056,0
4364,517.8704228749848,109.617333044298,0
4365,517.9926615420263,166.8927909922786,0
4366,518.1721710420097,71.42679102253169,0
4367,518.2547452499857,107.50425001606345,0
4368,518.3748829580145,96.04899998521432,0
4369,518.4835604580003,126.91120902309194,0
4370,518.6231055000098,130.8842499856837,0
4371,518.766618166992,135.61545801348984,0
4372,518.9138234580169,116.26287497347221,0
4373,519.0427059170324,117.52395797520876,0
4374,519.1719856670243,116.47424998227507,0
4375,519.3010411250289,120.57395797455683,0
4376,519.4342215420329,121.32583296624944,0
4377,519.5676643750048,91.5301670320332,0
4378,519.6718315419857,174.0951249958016,0
4379,519.8582589580328,120.01183396205306,0
4380,519.9908935420099,23.436041024979204,0
4381,520.0249198329984,109.7919589956291,0
4382,520.145427624986,113.73754200758412,0
4383,520.2717883330188,69.22474998282269,0
4384,520.3536790829967,104.8927090014331,0
4385,520.4711766249966,105.99800001364201,0
4386,520.5879527500365,83.34737498080358,0
4387,520.6814269170281,112.75799997383729,0
4388,520.8068281250307,62.9046669928357,0
4389,520.8809601250105,146.33162500103936,0
4390,521.038571208017,49.25687500508502,0
4391,521.0992310830043,51.92345898831263,0
4392,521.1637216249947,112.37391701433808,0
4393,521.2886706669815,45.75100005604327,0
4394,521.3461376249907,133.47812503343448,0
4395,521.4922283330234,125.80004200572148,0
4396,521.6306338750292,127.96183297177777,0
4397,521.7712118750205,54.05183299444616,0
4398,521.8364310000325,118.95691696554422,0
4399,521.967982000031,74.42516699666157,0
4400,522.0550662080059,129.89808397833258,0
4401,522.1975450420287,128.19674995262176,0
4402,522.3383377920254,55.67974998848513,0
4403,522.4065986670321,79.76995798526332,0
4404,522.4967613749905,62.30004201643169,0
4405,522.57166520803,148.99558399338275,0
4406,522.7332287080353,141.21599995996803,0
4407,522.8870450420072,70.1347499853,0
4408,522.9699718329939,102.6052919914946,0
4409,523.085150708037,11.937583971302956,0
4410,523.1082499999902,129.1645000455901,0
4411,523.2500219169888,119.27483300678432,0
4412,523.3806893749861,74.5752080110833,0
4413,523.4678703329992,116.84858403168619,0
4414,523.5963749170187,91.46241599228233,0
4415,523.7004587920383,75.96049999119714,0
4416,523.7890227080206,97.02941699652001,0
4417,523.8986636250047,106.65583302034065,0
4418,524.0180021250271,134.30312497075647,0
4419,524.1649100829964,115.98379199858755,0
4420,524.2936080000363,95.37537494907156,0
4421,524.3999213750358,121.89295794814825,0
4422,524.5344156250358,117.44833295233548,0
4423,524.6644549579942,104.08854199340567,0
4424,524.779635666986,120.22087501827627,0
4425,524.911540333007,133.85762501275167,0
4426,525.0564396670088,105.59749999083579,0
4427,525.1742807920091,137.69520801724866,0
4428,525.3246171670035,101.21450002770871,0
4429,525.438447292021,93.75870798248798,0
4430,525.5426204170217,70.32599998638034,0
4431,525.6231757919886,65.20937499590218,0
4432,525.7009701250354,184.97562495758757,0
4433,525.8985256250016,47.9070830042474,0
4434,525.9587450420368,108.99179097032174,0
4435,526.0783243330079,113.59650001395494,0
4436,526.2045075420174,83.27804098371416,0
4437,526.2999640000053,74.94237500941381,0
4438,526.3875108329812,136.8530840263702,0
4439,526.5355362080154,80.65512496978045,0
4440,526.6287768750335,107.67924995161593,0
4441,526.7490590829984,101.5223340364173,0
4442,526.8614687920199,84.92191601544619,0
4443,526.9589660000056,108.64541702903807,0
4444,527.0799760000082,109.05445797834545,0
4445,527.200937458023,115.98999996203929,0
4446,527.3283164580353,130.7381249498576,0
4447,527.4716465829988,95.64354200847447,0
4448,527.5781898749992,117.07870801910758,0
4449,527.7078806250356,54.03033294714987,0
4450,527.7729287919938,114.7377910092473,0
4451,527.8999536249903,78.51662504253909,0
4452,527.9910526250023,104.69075001310557,0
4453,528.1082951250137,71.05316699016839,0
4454,528.1909082499915,147.20945799490437,0
4455,528.3499205420376,83.2548329490237,0
4456,528.4450209169881,165.577125037089,0
4457,528.6222663749941,61.16066704271361,0
4458,528.6960114579997,87.79175003292039,0
4459,528.7947602079948,127.48291704338044,0
4460,528.9348197919899,158.45700004138052,0
4461,529.1059199580341,103.17966697039083,0
4462,529.2216972080059,91.84266702504829,0
4463,529.3249420829816,93.23895903071389,0
4464,529.4307874169899,53.54625004110858,0
4465,529.4969602919882,54.43229101365432,0
4466,529.5629418329918,186.3136250176467,0
4467,529.760296249995,64.03108302038163,0
4468,529.8358667920111,93.64091599127278,0
4469,529.9420657500159,124.92650002241135,0
4470,530.0795640419819,122.35658301506191,0
4471,530.2130533750169,105.87529197800905,0
4472,530.3291845000349,98.96612499142066,0
4473,530.4407869169954,143.86304101208225,0
4474,530.5972355420236,170.30441598035395,0
4475,530.7801505420357,108.32887497963384,0
4476,530.9010659169871,68.47833300707862,0
4477,530.9821260829922,57.435958995483816,0
4478,531.0510061249952,97.6815419853665,0
4479,531.1587874169927,140.22195799043402,0
4480,531.3116430420196,114.3548329710029,0
4481,531.4386187079945,95.90145898982882,0
4482,531.5470887499978,120.00220798654482,0
4483,531.6796823330224,109.13483396871015,0
4484,531.8009762500296,108.24429197236896,0
4485,531.921872292005,120.63041602959856,0
4486,532.0536635830067,122.73558398010209,0
4487,532.1890104170307,106.43724998226389,0
4488,532.3071243329905,80.66808403236791,0
4489,532.400388457987,115.30629202025011,0
4490,532.5282969170366,72.10058299824595,0
4491,532.6105530000059,116.5613749762997,0
4492,532.7396936669829,94.9163330369629,0
4493,532.8472048750264,66.83575001079589,0
4494,532.9249042919837,174.66058302670717,0
4495,533.1121603749925,90.07708303397521,0
4496,533.2138369579916,130.16175001394004,0
4497,533.3563895000261,82.95558299869299,0
4498,533.451952708012,106.57229198841378,0
4499,533.5711057080189,136.34620897937566,0
4500,533.7200301249977,65.72087499080226,0
4501,533.7983309170231,106.98891599895433,0
4502,533.9178955000243,142.75479200296104,0
4503,534.074856124993,86.11745800590143,0
4504,534.1738648749888,122.56470799911767,0
4505,534.3068039580248,111.65337497368455,0
4506,534.4371675000293,88.71141698909923,0
4507,534.5415456669871,84.76512500783429,0
4508,534.6392233750084,108.77587500726804,0
4509,534.7630902500241,102.75270795682445,0
4510,534.8809108749847,102.60729200672358,0
4511,535.0052967499942,115.47683301614597,0
4512,535.1358834580169,106.08862497610971,0
4513,535.2530790829915,112.87108401302248,0
4514,535.3788864579983,128.45870899036527,0
4515,535.5208880419959,104.96266599511728,0
4516,535.6384754580213,96.5256670024246,0
4517,535.7484432919882,70.75266604078934,0
4518,535.8342764580157,94.35291698900983,0
4519,535.9394749579951,41.54454200761393,0
4520,535.9960680829827,61.922292050439864,0
4521,536.0687428750098,105.95679201651365,0
4522,536.189748792036,113.302499987185,0
4523,536.3148134580115,127.12887499947101,0
4524,536.452713583014,100.55183398071676,0
4525,536.5665322919958,57.98358301399276,0
4526,536.6388363330043,122.43045901414007,0
4527,536.7762997919926,125.86800003191456,0
4528,536.9126350830193,70.45012497110292,0
4529,536.9981762500247,109.07358297845349,0
4530,537.1180535000167,63.27154202153906,0
4531,537.1925409170217,61.505416000727564,0
4532,537.2648607080337,100.97766696708277,0
4533,537.3772092920262,122.66387499403208,0
4534,537.5148223750293,129.53883298905566,0
4535,537.655804167036,119.31095796171576,0
4536,537.7901647079852,98.75837503932416,0
4537,537.9004011669895,121.60729104653001,0
4538,538.0339234169805,121.34450004668906,0
4539,538.1666625830112,83.82649999111891,0
4540,538.2634927500039,107.2652920265682,0
4541,538.3858089999994,129.30000002961606,0
4542,538.5293852920295,142.014124954585,0
4543,538.6833500420325,73.40695796301588,0
4544,538.7696336249937,116.28220800776035,0
4545,538.8982110000215,90.91295796679333,0
4546,539.0041894580354,119.44612499792129,0
4547,539.1384972920059,136.94808300351724,0
4548,539.2869969580206,94.66841700486839,0
4549,539.3967953330139,106.74420901341364,0
4550,539.5186087919865,110.15487503027543,0
4551,539.6408016250352,120.09229196701199,0
4552,539.7759723330382,126.20991695439443,0
4553,539.9148099580198,116.21729197213426,0
4554,540.0461146250018,105.97491700900719,0
4555,540.167157125019,130.09770796634257,0
4556,540.312344749982,13.976208050735295,0
4557,540.3413721250254,37.37045801244676,0
4558,540.3937958329916,77.98179204110056,0
4559,540.4828684999957,94.54637503949925,0
4560,540.5925485829939,94.44445901317522,0
4561,540.7021178749856,112.90854203980416,0
4562,540.8270120830275,90.221541991923,0
4563,540.9304756250349,78.24604195775464,0
4564,541.0223955829861,92.64466702006757,0
4565,541.1301213750266,78.53166700806469,0
4566,541.2237204579869,106.92008404294029,0
4567,541.3456982080243,136.741041962523,0
4568,541.4929829169996,122.10037501063198,0
4569,541.6266651669866,132.24004104267806,0
4570,541.7721537500038,120.30070798937231,0
4571,541.9053317920188,104.69779098639265,0
4572,542.0214837919921,54.436625039670616,0
4573,542.0875498329988,61.44583399873227,0
4574,542.1628009169945,88.94816599786282,0
4575,542.2650080419844,122.90687503991649,0
4576,542.3988197920262,121.79149995790794,0
4577,542.5357129169861,118.95195802208036,0
4578,542.6699159580166,137.8862499841489,0
4579,542.8229328750167,93.01370801404119,0
4580,542.9310795830097,106.40554199926555,0
4581,543.0503367920173,114.70845801522955,0
4582,543.1797107080347,101.64670896483585,0
4583,543.2964489170117,91.89899999182671,0
4584,543.4027788750245,58.427250012755394,0
4585,543.4763101250282,106.68024996994063,0
4586,543.5980835420196,123.26808297075331,0
4587,543.7332165000262,47.053666959982365,0
4588,543.7951197079965,107.98900004010648,0
4589,543.9140979170334,121.8015409540385,0
4590,544.0471782920067,122.32133297948167,0
4591,544.1807055830141,124.85466699581593,0
4592,544.3198942500167,95.23749997606501,0
4593,544.4302423330373,124.84141695313156,0
4594,544.5659665419953,131.39816600596532,0
4595,544.7089721669909,131.32750004297122,0
4596,544.8553859170061,96.43550001783296,0
4597,544.9660758749815,118.12983301933855,0
4598,545.0992700830102,110.11979199247435,0
4599,545.2209853330278,92.95949997613207,0
4600,545.3290631250129,88.17183302016929,0
4601,545.4287076250184,127.89941701339558,0
4602,545.5673105000169,70.58091700309888,0
4603,545.6528870000038,133.72366700787097,0
4604,545.8016719580046,69.9185419944115,0
4605,545.8878161670291,100.79216596204787,0
4606,546.0034110000124,99.74562498973683,0
4607,546.1182846670272,97.48499997658655,0
4608,546.229138625029,140.4370419913903,0
4609,546.3846567919827,94.99070805031806,0
4610,546.4947086669854,109.30704104248434,0
4611,546.6148194579873,85.44820902170613,0
4612,546.7148197080242,59.71620901254937,0
4613,546.7871184999822,119.20775001635775,0
4614,546.921378375031,92.42362499935552,0
4615,547.0250793750165,139.57141700666398,0
4616,547.178860999993,130.9083750238642,0
4617,547.323886291997,79.1935829911381,0
4618,547.4181637500296,56.348249956499785,0
4619,547.489504666999,98.88904099352658,0
4620,547.6010880420217,121.35791598120704,0
4621,547.7332082500216,99.46483297972009,0
4622,547.8461207079818,159.15308403782547,0
4623,548.0157638330129,102.57699998328462,0
4624,548.1333902080078,88.34775001741946,0
4625,548.2326685829903,118.71362500824034,0
4626,548.3664373750216,108.85137500008568,0
4627,548.4904079170083,141.3649159949273,0
4628,548.6468737500254,102.12408297229558,0
4629,548.763485292031,79.7129159909673,0
4630,548.8539670419996,122.04587500309572,0
4631,548.986820332997,110.79720902489498,0
4632,549.1084368330194,116.1315839854069,0
4633,549.23657524999,97.76370803592727,0
4634,549.3455913329963,164.94849999435246,0
4635,549.525601500005,72.42783298715949,0
4636,549.6131385830231,76.62712497403845,0
4637,549.7011989580351,82.09062495734543,0
4638,549.7940972920042,144.8956659878604,0
4639,549.9540431250352,60.72816695086658,0
4640,550.0298484170344,95.1810409897007,0
4641,550.1400860000285,60.46837498433888,0
4642,550.2156060420093,124.37033298192546,0
4643,550.3550347500131,95.25299997767434,0
4644,550.4610283329966,64.66345902299508,0
4645,550.5378718330176,133.0138749908656,0
4646,550.6849137920071,96.3070000289008,0
4647,550.7962692080182,76.34541700826958,0
4648,550.8829914170201,119.75374998291954,0
4649,551.0139834579895,110.4297090205364,0
4650,551.1369246250251,116.94020801223814,0
4651,551.2677060000133,120.26191700715572,0
4652,551.4028899170225,72.02062499709427,0
4653,551.488809875038,160.67737498087808,0
4654,551.6645496669807,161.90904105314985,0
4655,551.8374503750238,103.36433298652992,0
4656,551.9538224170101,40.025082998909056,0
4657,552.0057359170169,141.96829102002084,0
4658,552.1581959580071,84.09491699421778,0
4659,552.2552459579892,142.93554204050452,0
4660,552.4091232499923,96.9855830189772,0
4661,552.5212116250186,76.9267079886049,0
4662,552.6132104580174,92.90024999063462,0
4663,552.7211800829973,42.43137501180172,0
4664,552.7786636670353,75.72104095015675,0
4665,552.8651273330324,150.70291695883498,0
4666,553.0309004170122,165.6947910087183,0
4667,553.2075257499819,134.68441704753786,0
4668,553.3530092079891,83.006041997578,0
4669,553.4508436670294,112.09579097339883,0
4670,553.5780065419967,121.32537498837337,0
4671,553.7144425000297,102.8557499521412,0
4672,553.8323544579907,36.033500044140965,0
4673,553.8816336669843,97.88512502564117,0
4674,553.991053417034,87.21758297178894,0
4675,554.0933342500357,124.35654195724055,0
4676,554.2327407500125,60.405333002563566,0
4677,554.3046303330339,118.97966696415097,0
4678,554.4378984170035,100.0706659979187,0
4679,554.5521835419931,173.61645802157,0
4680,554.7408933750121,155.9478749986738,0
4681,554.911932707997,77.78937503462657,0
4682,555.0011212080135,69.83287498587742,0
4683,555.0827765830327,104.27008400438353,0
4684,555.2011557500227,111.30424996372312,0
4685,555.327507207985,130.3998750518076,0
4686,555.4686365420348,83.2700000028126,0
4687,555.5674510829849,107.58570901816711,0
4688,555.6901549579925,105.9842089889571,0
4689,555.811213708017,109.93312497157604,0
4690,555.9362218329916,128.0834170174785,0
4691,556.0748530420242,54.95679099112749,0
4692,556.1449020000291,106.63308296352625,0
4693,556.2634805419948,95.74529103701934,0
4694,556.3743135000113,108.04099997039884,0
4695,556.49347175,128.84625000879169,0
4696,556.63546816702,37.4307080055587,0
4697,556.6849722919869,78.02645803894848,0
4698,556.7752767920028,67.681041022297,0
4699,556.8571925000288,148.8166669732891,0
4700,557.0211235419847,154.24291603267193,0
4701,557.1904794999864,114.10458304453641,0
4702,557.3169937499915,86.13916701870039,0
4703,557.415613833,122.56037502083927,0
4704,557.5495220419834,79.90979100577533,0
4705,557.6444925420219,58.32033295882866,0
4706,557.7148160830257,136.86979201156646,0
4707,557.8626565000159,95.150624983944,0
4708,557.9728594170301,70.4644579673186,0
4709,558.0583696670365,108.46908297389746,0
4710,558.1819041669951,145.4774159938097,0
4711,558.3389428750379,115.51920796046034,0
4712,558.4682322919834,107.42350004147738,0
4713,558.5907108330284,43.173624959308654,0
4714,558.6465729580377,118.83079196559265,0
4715,558.7804504579981,138.8450840022415,0
4716,558.9312680420117,110.60554097639397,0
4717,559.057031000033,83.8427499984391,0
4718,559.1517247080337,105.25649995543063,0
4719,559.2721988330013,134.8999590263702,0
4720,559.4222488750238,84.85083299456164,0
4721,559.5222236249829,58.14412503968924,0
4722,559.5928283330286,91.4606669684872,0
4723,559.6969180420274,143.4168749838136,0
4724,559.8531871670275,175.42829096782953,0
4725,560.0437066670274,83.29629100626335,0
4726,560.1385275420034,116.28787498921156,0
4727,560.2698935830267,78.15604197094217,0
4728,560.3588433330297,99.86645897151902,0
4729,560.4700722920243,70.09483297588304,0
4730,560.5508287920384,81.35233295615762,0
4731,560.6472669580253,106.8136669928208,0
4732,560.7655078750104,160.42174998437986,0
4733,560.9396993750124,108.12512499978766,0
4734,561.0623657500255,100.61245795805007,0
4735,561.1780270420131,100.36137502174824,0
4736,561.2934472080087,78.95533402916044,0
4737,561.3874519169913,161.95500001776963,0
4738,561.564458207984,161.26229200745001,0
4739,561.7408189169946,139.51691600959748,0
4740,561.8916626250139,93.38258299976587,0
4741,562.0001088330173,109.72408397356048,0
4742,562.1238527499954,56.32604198763147,0
4743,562.1952477500308,115.74174999259412,0
4744,562.3260520829936,136.83566701365635,0
4745,562.4769097500248,112.97295801341534,0
4746,562.6006765420316,98.0989999952726,0
4747,562.713855167036,72.57645798381418,0
4748,562.8015025830246,97.02950000064448,0
4749,562.9136262080283,149.96895898366347,0
4750,563.0786521669943,92.05120801925659,0
4751,563.1857641669922,105.09950004052371,0
4752,563.3059148330358,146.5048339450732,0
4753,563.4626533749979,72.06099998438731,0
4754,563.5460815000115,40.78074998687953,0
4755,563.5983032080112,93.15366699593142,0
4756,563.7030162920128,104.68754102475941,0
4757,563.818909041991,105.22891604341567,0
4758,563.9391885829973,152.1377500030212,0
4759,564.1064324580366,94.48062494629994,0
4760,564.2159916670062,106.0859999852255,0
4761,564.3337652920163,113.47204097546637,0
4762,564.4574106670334,110.58899998897687,0
4763,564.5786223750329,74.48720798129216,0
4764,564.6681652920088,139.99687501927838,0
4765,564.8232153750141,134.27220797166228,0
4766,564.9725408329978,48.872417013626546,0
4767,565.0364707080298,88.76604196848348,0
4768,565.1368167080218,84.16983397910371,0
4769,565.2343690420385,90.91895795427263,0
4770,565.3365066249971,64.99650003388524,0
4771,565.4165977920056,188.83654102683067,0
4772,565.6205539170187,121.42483296338469,0
4773,565.7521407500026,100.11608299100772,0
4774,565.8673716250341,151.44316694932058,0
4775,566.0294592920109,100.05324997473508,0
4776,566.1411174579989,109.9215000285767,0
4777,566.2626737920218,157.13675000006333,0
4778,566.4305558750057,85.64391703112051,0
4779,566.5310060420306,68.36716597899795,0
4780,566.6109218749916,128.17608303157613,0
4781,566.7532996250084,84.31929198559374,0
4782,566.8526807500166,116.30799999693409,0
4783,566.9826316250255,74.99562500743195,0
4784,567.0691100420081,47.96404100488871,0
4785,567.1321352079976,166.22104198904708,0
4786,567.3086797919823,138.75283300876617,0
4787,567.4624920000206,123.58104198938236,0
4788,567.6011537919985,113.16270800307393,0
4789,567.7293894999893,93.78429199568927,0
4790,567.8359732080135,127.97749997116625,0
4791,567.9801164999953,82.17254199553281,0
4792,568.0739526670077,81.49895799579099,0
4793,568.1705364580266,99.18487496906891,0
4794,568.2798482080107,108.22895902674645,0
4795,568.402879042027,89.17950000613928,0
4796,568.5071135830367,77.91512494441122,0
4797,568.5964075000375,113.18195797502995,0
4798,568.7246717920061,90.33645800082013,0
4799,568.8300588330021,104.38849998172373,0
4800,568.9447531250189,98.91837497707456,0
4801,569.0550480000093,107.74133302038535,0
4802,569.1778297080309,75.13891695998609,0
4803,569.2680587919895,77.43058301275596,0
4804,569.3568880420062,126.58608303172514,0
4805,569.4960239999928,131.01737503893673,0
4806,569.6413241670234,57.36387497745454,0
4807,569.7110402079998,122.17783398227766,0
4808,569.8470795830362,144.51945899054408,0
4809,570.0055489580263,106.25704197445884,0
4810,570.1231259169872,116.66762502864003,0
4811,570.2548964580055,82.3307090322487,0
4812,570.3495252500288,168.72629197314382,0
4813,570.5333648329834,69.20116703258827,0
4814,570.6176264170208,144.3286249996163,0
4815,570.7770325419842,102.12029103422537,0
4816,570.893464541994,128.51537502137944,0
4817,571.0370445420267,121.00591597845778,0
4818,571.1731192920124,116.49029102409258,0
4819,571.3015533750295,150.20245796767995,0
4820,571.462573042023,82.34224998159334,0
4821,571.5567995830206,128.18975001573563,0
4822,571.6994000420091,111.89654102781788,0
4823,571.8263587920228,95.29141598613933,0
4824,571.9339714170201,128.84608301101252,0
4825,572.0778780420078,105.77837500022724,0
4826,572.1987110420014,88.9837080030702,0
4827,572.3001278750016,88.5987079818733,0
4828,572.4037363330135,140.30508400173858,0
4829,572.5591011670185,90.4862079769373,0
4830,572.6626707080286,73.39037500787526,0
4831,572.7481230830308,93.4744169935584,0
4832,572.854891917028,142.9187500034459,0
4833,573.0129014170379,117.59237496880814,0
4834,573.1456045830273,61.32216699188575,0
4835,573.2219902080251,82.46374997543171,0
4836,573.3195288749994,69.08975000260398,0
4837,573.4036685830215,159.16070900857449,0
4838,573.5778753330233,57.060749968513846,0
4839,573.6499871250126,130.1489580073394,0
4840,573.7951882500201,142.0663750031963,0
4841,573.952318250027,103.62374997930601,0
4842,574.0686188330292,124.04399999650195,0
4843,574.2077641669894,102.30612504528835,0
4844,574.3251289580367,111.38712498359382,0
4845,574.4515880830004,107.56637499434873,0
4846,574.5704031669884,68.29320802353323,0
4847,574.6528998750146,149.24237498780712,0
4848,574.8168644999969,112.99145803786814,0
4849,574.9440343329916,148.3678340446204,0
4850,575.1054049170343,117.56649997550994,0
4851,575.2380463330192,89.05508398311213,0
4852,575.3421546249883,133.46491701668128,0
4853,575.4906741669984,77.9382080072537,0
4854,575.5798812080175,81.37420896673575,0
4855,575.6763085420243,124.35887497849762,0
4856,575.8148283330374,131.1754999915138,0
4857,575.9610525830067,153.04904198274016,0
4858,576.129158375028,118.87674999888986,0
4859,576.2626639170339,91.87479095999151,0
4860,576.3657777500339,116.74991698237136,0
4861,576.4976465830114,109.88395899767056,0
4862,576.621930000023,78.70158297009766,0
4863,576.7148189999862,119.21037500724196,0
4864,576.8490851250244,156.72691696090624,0
4865,577.0190543750068,81.51304197963327,0
4866,577.1142980000004,140.0847079930827,0
4867,577.2694383329945,160.90629203245044,0
4868,577.445457792026,184.1302909888327,0
4869,577.6446763750282,83.30075000412762,0
4870,577.7430421250174,59.00141701567918,0
4871,577.8170897079981,101.82329203234985,0
4872,577.9293976670015,117.80241603264585,0
4873,578.0622640420333,90.84741596598178,0
4874,578.1681650829851,128.59400000888854,0
4875,578.311523500015,107.19449998578057,0
4876,578.4337767499965,95.26595799252391,0
4877,578.5441069580265,128.79124999744818,0
4878,578.6879968330031,96.380417002365,0
4879,578.7994353329996,63.34012502338737,0
4880,578.8770746670198,113.14737499924377,0
4881,579.0052669580327,127.39579199114814,0
4882,579.1437668750295,164.67683296650648,0
4883,579.323498792015,100.39350000442937,0
4884,579.4350867919857,104.0283750044182,0
4885,579.5534426250379,165.05437495652586,0
4886,579.7332210830064,96.05320898117498,0
4887,579.8440321250237,80.00299998093396,0
4888,579.9376743329922,152.9075420112349,0
4889,580.1055820420152,92.5864580203779,0
4890,580.2132156669977,96.74599999561906,0
4891,580.3234169170028,175.4634160315618,0
4892,580.5139413750148,77.17816700460389,0
4893,580.6061703750165,148.580499982927,0
4894,580.7698101670248,78.44091596780345,0
4895,580.8623829170247,107.32824995648116,0
4896,580.9847562080249,115.8724999986589,0
4897,581.1148168750224,144.9119999888353,0
4898,581.2747761250357,84.28220800124109,0
4899,581.3741056669969,105.73754098732024,0
4900,581.4949141670368,108.84591599460691,0
4901,581.6188165000058,147.56958303041756,0
4902,581.7814574170043,77.08679098868743,0
4903,581.8724227920175,127.84066598396748,0
4904,582.0153258329956,115.42266700416803,0
4905,582.1457963330322,40.834124956745654,0
4906,582.2016861669836,65.68558304570615,0
4907,582.2809598330059,104.61541701806709,0
4908,582.4006142080179,125.54662500042468,0
4909,582.541083417018,121.82354100514203,0
4910,582.6735017499886,80.38604201283306,0
4911,582.7645599999814,132.98295804997906,0
4912,582.9123872080236,112.9615840036422,0
4913,583.0404158330057,143.73041701037437,0
4914,583.1969045830192,108.74716698890552,0
4915,583.3207257920294,61.398332996759564,0
4916,583.3928375419928,135.26654103770852,0
4917,583.5431932079955,71.23375002993271,0
4918,583.6281939999899,103.37341704871505,0
4919,583.7466266250121,67.43958301376551,0
4920,583.8287651669816,144.15395801188424,0
4921,583.9879959580139,130.0687919720076,0
4922,584.1331468750141,91.92587499273941,0
4923,584.2401270830305,82.35908398637548,0
4924,584.3337287920294,110.60454096877947,0
4925,584.459406458016,79.31954198284075,0
4926,584.5517421250115,148.41800002614036,0
4927,584.7142991669825,56.09545804327354,0
4928,584.785652999999,63.570458034519106,0
4929,584.8642964580213,125.62891701236367,0
4930,585.0050038330373,109.79916696669534,0
4931,585.1298508330365,126.80187495425344,0
4932,585.2717096669949,116.98004102800041,0
4933,585.4037404580158,92.27612498216331,0
4934,585.5111155420309,81.02124999277294,0
4935,585.604659625038,63.59620799776167,0
4936,585.683368375001,80.49075002782047,0
4937,585.7789578330121,102.94170898851007,0
4938,585.8969571670168,139.74583300296217,0
4939,586.0517734169844,110.8102910220623,0
4940,586.1776695830049,77.44399999501184,0
4941,586.2667841670336,129.90349996834993,0
4942,586.4117644579965,116.29008402815089,0
4943,586.5404252919834,133.07262503076345,0
4944,586.6885928330012,110.75783398700878,0
4945,586.8134058750002,127.09491699934006,0
4946,586.9555563750328,71.76445797085762,0
4947,587.0388049579924,157.04520902363583,0
4948,587.2109662080184,135.8549589640461,0
4949,587.3589420000208,80.57049999479204,0
4950,587.4510157920304,87.40679098991677,0
4951,587.5496956250281,72.20641698222607,0
4952,587.633410541981,75.0756660127081,0
4953,587.7235482080141,93.39583397377282,0
4954,587.8320043749991,90.49658302683383,0
4955,587.9332652080338,75.09199995547533,0
4956,588.0234075000044,102.13454201584682,0
4957,588.1365160419955,127.19025003025308,0
4958,588.2787871669861,71.46775000728667,0
4959,588.3624479169957,132.40033300826326,0
4960,588.510080625012,152.30887499637902,0
4961,588.6731387500186,121.82662496343255,0
4962,588.8050955830258,120.9741669590585,0
4963,588.9411557079875,67.36924999859184,0
4964,589.0195875000209,97.55170799326152,0
4965,589.1322730000247,87.16645796084777,0
4966,589.2345624170266,94.6233329595998,0
4967,589.3406196670257,124.24945796374232,0
4968,589.4800084580202,69.19033400481567,0
4969,589.5597752500325,100.84241698496044,0
4970,589.671433541982,41.51050001382828,0
4971,589.7269546670141,157.02445799252018,0
4972,589.8985352499876,51.454792032018304,0
4973,589.9626660420327,140.92837495263666,0
4974,590.1187149999896,101.01241699885577,0
4975,590.2325270000147,127.244041999802,0
4976,590.3760165420244,84.20541597297415,0
4977,590.473976749985,123.95941704744473,0
4978,590.6090106670163,97.8661659755744,0
4979,590.7220120829879,110.0011250237003,0
4980,590.8469346250058,59.92741702357307,0
4981,590.9219841249869,49.95316703571007,0
4982,590.9870761249913,152.6452919933945,0
4983,591.1548467079992,145.1935000368394,0
4984,591.314833957993,100.08283401839435,0
4985,591.42708975001,120.91583298752084,0
4986,591.5609745419933,121.49366602534428,0
4987,591.6976227079867,26.513042044825852,0
4988,591.7392728750128,102.7352919918485,0
4989,591.8571382500231,57.83733300631866,0
4990,591.930123166996,132.93029100168496,0
4991,592.0781680420041,64.66808298137039,0
4992,592.1579491249868,76.74108300125226,0
4993,592.245948249998,113.22312499396503,0
4994,592.3742499169894,154.54079100163653,0
4995,592.543967125006,135.57762501295656,0
4996,592.6929949999903,169.96687499340624,0
4997,592.8736622080323,63.31512494944036,0
4998,592.9504581250367,141.9563329545781,0
4999,593.105182875006,90.13166697695851,0
5000,593.2104176669964,102.33079100726172,0
5001,593.3278544580098,73.11270898208022,0
5002,593.4116659580031,121.74866697750986,0
5003,593.5484937920119,92.39204099867493,0
5004,593.6559628749965,119.04145800508559,0
5005,593.7901173750288,110.02041696337983,0
5006,593.9152165830019,103.58783398987725,0
5007,594.0338742079912,119.22391701955348,0
5008,594.1681527080364,51.44754197681323,0
5009,594.2346824579872,109.62225002003834,0
5010,594.3590498330304,44.49524998199195,0
5011,594.4185943750199,97.12654200848192,0
5012,594.5282090420369,112.79524996643886,0
5013,594.654828208033,110.70924997329712,0
5014,594.78059054201,90.63079097541049,0
5015,594.8846479579806,147.97487505711615,0
5016,595.04767970799,113.12279204139486,0
5017,595.1758954580291,116.51445896131918,0
5018,595.3033365419833,87.31979102594778,0
5019,595.4028873330099,163.76279201358557,0
5020,595.5817101669963,106.52125003980473,0
5021,595.6998440829921,122.77399998856708,0
5022,595.8376704999828,94.67125002993271,0
5023,595.9437245830195,139.56679200055078,0
5024,596.0946646250086,120.40991702815518,0
5025,596.2301347500179,67.78645800659433,0
5026,596.3129779170267,124.38566598575562,0
5027,596.4487407080014,83.90833402518183,0
5028,596.5476899170317,112.48687497572973,0
5029,596.6752719579963,122.03120900085196,0
5030,596.812386042031,146.9523329869844,0
5031,596.9707485419931,123.65525000495836,0
5032,597.1094706250005,93.60054199350998,0
5033,597.2177612080122,130.87191700469702,0
5034,597.3626596250106,100.29170801863074,0
5035,597.4780277499813,108.69429202284664,0
5036,597.6017855830141,96.65541700087488,0
5037,597.711177041987,113.28387504909188,0
5038,597.8395188330323,143.4305419679731,0
5039,597.9980294170091,161.43587499391288,0
5040,598.1724427079898,123.60783404437825,0
5041,598.3114732920076,152.42062497418374,0
5042,598.4790044170222,75.51299995975569,0
5043,598.5674719170202,107.6418329612352,0
5044,598.6853887080215,138.16912501351908,0
5045,598.8386522079818,104.0996250230819,0
5046,598.9542335420265,123.68829100159928,0
5047,599.0930594999809,91.04212501551956,0
5048,599.194413167017,83.02270801505074,0
5049,599.2925375000341,100.94154195394367,0
5050,599.4042497079936,107.31345904059708,0
5051,599.5266928750207,96.071292005945,0
5052,599.6352467500255,115.33766699722037,0
5053,599.7657689580228,177.933375001885,0
5054,599.9588118329993,72.13979202788323,0
5055,600.0422823330155,95.89266701368615,0
5056,600.1528873330099,62.18308402458206,0
5057,600.2269322919892,177.6206250069663,0
5058,600.4193645000341,144.9924169573933,0
5059,600.5794692920172,104.58287497749552,0
5060,600.6991150000249,94.53441697405651,0
5061,600.8087053330382,110.13662494951859,0
5062,600.933906042017,93.15987501759082,0
5063,601.0421287920326,119.2115829908289,0
5064,601.1735944999964,82.45795802213252,0
5065,601.2707958749961,91.7367500369437,0
5066,601.3771852499922,138.70524999219924,0
5067,601.5266635000007,78.92250001896173,0
5068,601.6208102920209,125.81399996997789,0
5069,601.7603451249888,57.71675001597032,0
5070,601.8331265830202,107.31366701656953,0
5071,601.9552100420115,134.94879100471735,0
5072,602.1017755829962,93.13416702207178,0
5073,602.2094674580148,137.85204198211432,0
5074,602.3592749580275,155.19483399111778,0
5075,602.5263539170264,130.93341595958918,0
5076,602.6723941669916,180.79945800127462,0
5077,602.8683041250333,89.18429195182398,0
5078,602.9682181670214,115.98845798289403,0
5079,603.0974280420342,118.6660829698667,0
5080,603.228992792021,49.66654098825529,0
5081,603.2937264170032,114.87445799866691,0
5082,603.4230049169855,72.84891599556431,0
5083,603.510943041998,78.22308299364522,0
5084,603.6043212499935,113.89949999283999,0
5085,603.733238707995,106.72800004249439,0
5086,603.8504138329881,139.28300002589822,0
5087,604.0047794579878,95.90170904994011,0
5088,604.1135080000386,78.09870794881135,0
5089,604.2066967919818,118.16050001652911,0
5090,604.3379811249906,75.6461670389399,0
5091,604.428752708016,118.23495896533132,0
5092,604.5629521670053,130.2172080031596,0
5093,604.7082787079853,122.22633400233462,0
5094,604.8424175420078,105.19366600783542,0
5095,604.9603924580151,124.14354202337563,0
5096,605.0996490420075,61.270207981579006,0
5097,605.1712628329988,129.58250002702698,0
5098,605.3159497500164,146.99562499299645,0
5099,605.4780527080293,73.29799997387454,0
5100,605.563234583009,109.9122500163503,0
5101,605.6873132080073,84.58762499503791,0
5102,605.7831690830062,91.03795897681266,0
5103,605.8843629580224,97.01824997318909,0
5104,605.9916805829853,101.085584028624,0
5105,606.1067834169953,124.89929102594033,0
5106,606.2466634170269,36.03837499395013,0
5107,606.2938852920197,65.34320797072724,0
5108,606.3743894170038,123.1632080161944,0
5109,606.5077779170242,108.09133300790563,0
5110,606.6291230830248,63.83958400692791,0
5111,606.7040479580173,121.21033400762826,0
5112,606.8403055830277,121.87791697215289,0
5113,606.9728976670303,86.73804096179083,0
5114,607.0747514580144,180.7521670125425,0
5115,607.270614582987,105.60125001939014,0
5116,607.391155291989,129.15537500521168,0
5117,607.5354187919875,129.68279101187363,0
5118,607.6779593750252,107.21108299912885,0
5119,607.7960332920193,119.14999998407438,0
5120,607.9302969999844,94.83295801328495,0
5121,608.0402090420248,74.81079100398347,0
5122,608.1268410420162,88.24429102241993,0
5123,608.2269081249833,130.0421670312062,0
5124,608.3670995000284,160.6202499824576,0
5125,608.5428583330358,76.53683394892141,0
5126,608.6344945420278,155.88233299786225,0
5127,608.8054629170219,121.30520801292732,0
5128,608.9413346250076,121.7000000178814,0
5129,609.0781005829922,124.38333401223645,0
5130,609.2175699580112,66.21999997878447,0
5131,609.2988554170006,115.7245000358671,0
5132,609.4280659999931,87.04320801189169,0
5133,609.5301991670276,104.6668749768287,0
5134,609.6499522920349,156.2934999819845,0
5135,609.8176355829928,97.51387499272823,0
5136,609.9275696669938,48.51304099429399,0
5137,609.9893060000031,57.931624993216246,0
5138,610.0623183330172,144.48129199445248,0
5139,610.2218495419947,106.8739999900572,0
5140,610.3437755419873,71.22325000818819,0
5141,610.4300728330272,124.35858399840072,0
5142,610.5696644170093,101.61441599484533,0
5143,610.6863527080277,102.79624996474013,0
5144,610.8035746670212,99.79770798236132,0
5145,610.9184738330077,73.21308401878923,0
5146,611.0067735420307,90.85508296266198,0
5147,611.1126842920203,92.50383300241083,0
5148,611.2166488750372,145.51191695500165,0
5149,611.3773088750313,120.8602919941768,0
5150,611.509905666986,84.24691599793732,0
5151,611.6092093330226,162.66645898576826,0
5152,611.7869782079943,144.88566701766104,0
5153,611.9469388750149,93.15387497190386,0
5154,612.0522033750312,128.3564170007594,0
5155,612.1918752919883,93.4732910245657,0
5156,612.3004150420311,94.93387496331707,0
5157,612.4104237920255,124.82358299894258,0
5158,612.5503456250299,102.86570800235495,0
5159,612.6683075830224,106.78491700673476,0
5160,612.7898491250235,75.59941697400063,0
5161,612.8779380830238,120.49295898759738,0
5162,613.0122288750135,131.91312499111518,0
5163,613.159208416997,103.55475003598258,0
5164,613.2778132919921,108.83754101814702,0
5165,613.4016892079962,177.67950001871213,0
5166,613.5908666669857,103.21850003674626,0
5167,613.7091506670113,96.77070798352361,0
5168,613.8209876670153,108.97741600638255,0
5169,613.9458812500234,132.83812499139458,0
5170,614.0901864169864,104.61850004503503,0
5171,614.2098752080346,77.05595897277817,0
5172,614.2973002080107,142.3834590241313,0
5173,614.454598375014,83.55770801426843,0
5174,614.5533105829963,145.9871670231223,0
5175,614.710479500005,59.244791977107525,0
5176,614.7847409999813,88.8305000262335,0
5177,614.888488333032,76.85883395606652,0
5178,614.9788880000124,119.05958299757913,0
5179,615.1106429169886,99.1490000160411,0
5180,615.2217413749895,70.25270804297179,0
5181,615.3070968330139,89.40395899116993,0
5182,615.4070148330065,95.96195898484439,0
5183,615.5161012919853,148.00308301346377,0
5184,615.6792090419913,117.30133299715817,0
5185,615.8116027080105,153.84558402001858,0
5186,615.9805310420343,139.66704095946625,0
5187,616.1352693330264,143.66195898037404,0
5188,616.2902238329989,55.370917019899935,0
5189,616.3591360829887,54.78683399269357,0
5190,616.4292330000317,76.59299997612834,0
5191,616.5165773330373,75.4927919479087,0
5192,616.6043435420142,69.676665996667,0
5193,616.6862508330378,78.68649996817112,0
5194,616.7751437920379,69.02774999616668,0
5195,616.8592609580373,33.941083995159715,0
5196,616.9083270420088,142.78195798397064,0
5197,617.06176791701,71.68400002410635,0
5198,617.1484337080037,121.93174997810274,0
5199,617.2854481249815,114.14258304284886,0
5200,617.4146578750224,123.85929201263934,0
5201,617.5498757080059,39.88724999362603,0
5202,617.6048448749934,130.18412503879517,0
5203,617.7473894170253,161.22291598003358,0
5204,617.9217910000007,141.00745803443715,0
5205,618.0778650420252,111.45291599677876,0
5206,618.2000513329986,104.72787503385916,0
5207,618.3198544580373,170.59383395826444,0
5208,618.5018704170361,124.94533299468458,0
5209,618.6418932499946,125.28220802778378,0
5210,618.7789757500286,131.82675000280142,0
5211,618.925871458021,76.51337498100474,0
5212,619.0157161669922,132.73800001479685,0
5213,619.1607476249919,76.2760000070557,0
5214,619.2506542080082,127.7948750066571,0
5215,619.388678917021,117.84583301050588,0
5216,619.5168889170163,88.21883297059685,0
5217,619.6202333330293,77.48920895392075,0
5218,619.7128896670183,146.34716598084196,0
5219,619.8743502920261,102.34491596929729,0
5220,619.9917814580258,71.13449997268617,0
5221,620.0748935000156,127.09687498863786,0
5222,620.2170560419909,90.80983302555978,0
5223,620.3191516250372,121.8894170015119,0
5224,620.4561282499926,100.62841704348102,0
5225,620.5718342080363,130.44495898066089,0
5226,620.7148222920368,132.74316594470292,0
5227,620.862624542031,100.47449998091906,0
5228,620.9746935419971,122.23720800830051,0
5229,621.10868187499,80.37254202645272,0
5230,621.2010162920342,46.87262495281175,0
5231,621.2626603749814,140.24741703178734,0
5232,621.4180202499847,101.02529200958088,0
5233,621.5314477080246,85.5317089590244,0
5234,621.6271853750222,149.00325000053272,0
5235,621.7912872080342,159.04283395502716,0
5236,621.9617660419899,87.22633303841576,0
5237,622.0613098330214,156.25908400397748,0
5238,622.228758333018,130.88720897212625,0
5239,622.3746879170067,91.2353330058977,0
5240,622.4809890830074,102.42225002730265,0
5241,622.5984720829874,118.59579203883186,0
5242,622.7321282500052,110.31254200497642,0
5243,622.8552155420184,94.47645797627047,0
5244,622.9643825829844,105.52170901792124,0
5245,623.0817123330198,99.31625000899658,0
5246,623.1923547500046,135.85887500084937,0
5247,623.34326516703,139.53891600249335,0
5248,623.497863333032,101.0435419739224,0
5249,623.6102722500218,116.35824997210875,0
5250,623.7406940829824,122.19108402496204,0
5251,623.8779338329914,126.49662501644343,0
5252,624.0169540420175,126.1487909941934,0
5253,624.1558466670103,102.06408298108727,0
5254,624.2683599999873,120.6815000041388,0
5255,624.3998250419972,117.51254100818187,0
5256,624.5327316669864,90.4064160422422,0
5257,624.6382161250222,127.60558299487457,0
5258,624.7791110830149,78.50470900302753,0
5259,624.8726857079891,90.25454201037064,0
5260,624.9744137499947,66.95454200962558,0
5261,625.0525814170251,84.67016596114263,0
5262,625.1486241670209,105.17929098568857,0
5263,625.2647370829945,101.14208399318159,0
5264,625.3760042500217,137.7707080100663,0
5265,625.5259867919958,140.08191600441933,0
5266,625.6769927500281,80.4585829610005,0
5267,625.7687273750198,104.95416697813198,0
5268,625.888502124988,140.4534580069594,0
5269,626.0422286249814,86.11054200446233,0
5270,626.1434297920205,71.5744579792954,0
5271,626.2278697500005,104.90174998994917,0
5272,626.3443984580226,145.89612500276417,0
5273,626.5054242500337,79.95120796840638,0
5274,626.5998616249999,105.42058298597112,0
5275,626.7204120830284,59.633416996803135,0
5276,626.790368875023,70.89124998310581,0
5277,626.8763026249944,98.23674999643117,0
5278,626.9895891670021,53.36220801109448,0
5279,627.0549018330057,75.43362502474338,0
5280,627.1453795420239,93.23320799740031,0
5281,627.2536604580237,104.81354198418558,0
5282,627.3724307080265,92.6107499981299,0
5283,627.4800905000302,157.01004199218005,0
5284,627.6522000420373,109.2168329632841,0
5285,627.7765309170354,130.75237500015646,0
5286,627.921953083016,126.80274999001995,0
5287,628.0592400830355,154.8531249864027,0
5288,628.2291719170171,111.8468749918975,0
5289,628.3560785420123,47.554499993566424,0
5290,628.4167718749959,69.88554203417152,0
5291,628.4980926249991,64.78770799003541,0
5292,628.5779735420365,112.4467909685336,0
5293,628.7054997500381,147.04779197927564,0
5294,628.8676292499877,64.60358301410452,0
5295,628.9472807919956,113.87820803793147,0
5296,629.0762367920252,124.82883298071101,0
5297,629.2148102920037,100.26554099749774,0
5298,629.3255050000153,151.77712502190843,0
5299,629.4923477920238,97.32454101322219,0
5300,629.6047343750251,128.63762496272102,0
5301,629.7458350000088,123.80325002595782,0
5302,629.8847408330184,72.0139589975588,0
5303,629.9707340830355,42.99908399116248,0
5304,630.0286295830156,125.24016702082008,0
5305,630.1689459169866,63.40012501459569,0
5306,630.2454385000165,109.13379199337214,0
5307,630.3670168750104,88.05974997812882,0
5308,630.4659832500038,122.15254199691117,0
5309,630.6031957500381,99.41983298631385,0
5310,630.7176919170306,97.34937496250495,0
5311,630.8300901670009,96.34470799937844,0
5312,630.9414779170183,118.57250001048669,0
5313,631.0751600000076,93.45354198012501,0
5314,631.1800311250263,127.89733300451189,0
5315,631.3229784999858,60.37037499481812,0
5316,631.3958639579942,77.26933399681002,0
5317,631.4875689580222,100.52649996941909,0
5318,631.6031526669976,84.80933302780613,0
5319,631.7024574580137,70.12358400970697,0
5320,631.7876885419828,92.33704104553908,0
5321,631.8944152920158,90.49491601763293,0
5322,631.9999486249872,125.27904199669138,0
5323,632.1376788330381,133.91954195685685,0
5324,632.2829422919895,96.5000000433065,0
5325,632.3944909580168,89.7832089685835,0
5326,632.4977192080114,117.06483399029821,0
5327,632.6288770000101,65.58679201407358,0
5328,632.7076702500344,115.48691696953028,0
5329,632.8382556249853,104.89408305147663,0
5330,632.9544526670361,42.71983297076076,0
5331,633.0122316250345,89.43199994973838,0
5332,633.1167212920263,167.85274998983368,0
5333,633.2988113330211,128.29891697037965,0
5334,633.4422309999936,78.74750002520159,0
5335,633.5310506669921,80.678666010499,0
5336,633.6239286250202,69.73783299326897,0
5337,633.7051391249988,110.69387500174344,0
5338,633.8308910420164,113.38983301538974,0
5339,633.9593350000214,108.92149998107925,0
5340,634.0833267500275,98.2310000108555,0
5341,634.196611958032,118.32095897989348,0
5342,634.3299874580116,118.56591701507568,0
5343,634.4626604170189,115.37558300187811,0
5344,634.5914832919952,75.02516603562981,0
5345,634.6773139580037,85.58654203079641,0
5346,634.7765895830235,120.6716249580495,0
5347,634.9123659580364,151.85704198665917,0
5348,635.0793269579881,139.62879200698808,0
5349,635.234031333006,98.44700002577156,0
5350,635.3475346250343,76.23816694831476,0
5351,635.4388752920204,154.945999966003,0
5352,635.6089002080262,139.97516699600965,0
5353,635.7626600830117,89.09904200118035,0
5354,635.8668011249974,149.31391703430563,0
5355,636.0311809169943,146.5981249930337,0
5356,636.1928308749921,92.38429204560816,0
5357,636.2965596669819,98.2601250289008,0
5358,636.4100122079835,122.50829202821478,0
5359,636.5476262919838,103.4826660179533,0
5360,636.6661807920318,81.4867079607211,0
5361,636.7627250829828,169.7355840005912,0
5362,636.9434815000277,82.06804195651785,0
5363,637.0371661250247,81.460541987326,0
5364,637.1301210829988,67.99354200484231,0
5365,637.2131715830183,91.83416701853275,0
5366,637.3200648750062,77.95108301797882,0
5367,637.4130800000275,94.6574579575099,0
5368,637.5228030420258,107.5459579587914,0
5369,637.6411658750148,76.37049996992573,0
5370,637.7325981250033,117.48079198878258,0
5371,637.8651559170103,66.17366598220542,0
5372,637.9428176670335,80.85054095136002,0
5373,638.0387210419867,95.83833301439881,0
5374,638.1459949580021,103.39566698530689,0
5375,638.2626512499992,159.1110830195248,0
5376,638.4368064170121,145.13395802350715,0
5377,638.5966489579878,31.9233339978382,0
5378,638.6395145420101,159.7897909814492,0
5379,638.8143897500122,121.23895797412843,0
5380,638.950694875035,101.101916981861,0
5381,639.0668593330192,71.90737500786781,0
5382,639.1528836670332,162.50849998323247,0
5383,639.3302178750164,90.90629196725786,0
5384,639.4346996250097,94.56587501335889,0
5385,639.544323707989,63.08179203188047,0
5386,639.6224890830345,72.90904194815084,0
5387,639.7104854999925,45.60712503734976,0
5388,639.7712067500106,81.61975000984967,0
5389,639.8678807080141,94.9741670046933,0
5390,639.97448325,110.69508298533037,0
5391,640.0964947080356,145.30595898395404,0
5392,640.256854916981,145.94420802313834,0
5393,640.4148184169899,125.20629103528336,0
5394,640.5550887500285,107.87037498084828,0
5395,640.6762403750326,155.8722920017317,0
5396,640.8451461670338,109.8621659912169,0
5397,640.965730166994,83.25675001833588,0
5398,641.0617747500073,136.45020802505314,0
5399,641.2126720420201,88.60679098870605,0
5400,641.3164023330319,159.75070896092802,0
5401,641.4912864579819,169.45845901500434,0
5402,641.675793041999,96.76525002578273,0
5403,641.7876505000168,137.943624984473,0
5404,641.9407167920144,141.52716600801796,0
5405,642.0934366669971,121.62620801245794,0
5406,642.2278379169875,142.14841602370143,0
5407,642.3850725000375,102.31204197043553,0
5408,642.5024585420033,76.02066599065438,0
5409,642.5926118750358,134.69529198482633,0
5410,642.7396014170372,108.60258300090209,0
5411,642.8630211250274,69.53595799859613,0
5412,642.9467072919942,111.10008304240182,0
5413,643.0728792499867,88.80020800279453,0
5414,643.1752812920022,168.10399998212233,0
5415,643.3568514580256,27.481791970785707,0
5416,643.3994137080153,153.35120900999755,0
5417,643.5630078749964,115.64137501409277,0
5418,643.6930367919849,141.19550003670156,0
5419,643.8493170000147,113.69583301711828,0
5420,643.978130500007,70.74933301191777,0
5421,644.0630276669981,152.01499999966472,0
5422,644.2301088750246,82.91404199553654,0
5423,644.3281109170057,156.59766597673297,0
5424,644.4994384580059,84.53295897925273,0
5425,644.5990490830154,37.96779201366007,0
5426,644.6476025829907,104.26895902492106,0
5427,644.7669592080056,59.91766700753942,0
5428,644.8409226670046,113.84466598974541,0
5429,644.9653230829863,120.64520904095843,0
5430,645.0988872920279,66.89816596917808,0
5431,645.1761812919867,138.90470803016797,0
5432,645.3252154170186,102.41695801960304,0
5433,645.4405375419883,87.20004104543477,0
5434,645.5415457080235,128.19454196142033,0
5435,645.6848530829884,141.3512920262292,0
5436,645.8413072080002,114.76412502815947,0
5437,645.9711562920129,67.14800000190735,0
5438,646.0523857499938,145.04504203796387,0
5439,646.212510042009,128.21504101157188,0
5440,646.3525837080088,71.54816697584465,0
5441,646.4377920830157,90.87554196594283,0
5442,646.5400063330308,111.96749994996935,0
5443,646.6670350420172,140.4399159946479,0
5444,646.8183032500092,70.28949999948964,0
5445,646.9003712920239,122.19237501267344,0
5446,647.0376261670026,165.17291602212936,0
5447,647.2148115829914,162.16825001174584,0
5448,647.387150583032,79.36799997696653,0
5449,647.4816924170009,144.15520802140236,0
5450,647.639924957999,85.79562499653548,0
5451,647.7405608330155,122.35083401901647,0
5452,647.8754336250131,132.87774997297674,0
5453,648.0233989580302,129.18641697615385,0
5454,648.1644219169975,140.4537500347942,0
5455,648.3177042080206,143.6728750122711,0
5456,648.4764813749935,129.9355830415152,0
5457,648.6192176670302,108.29479095991701,0
5458,648.7427058329922,80.35674999700859,0
5459,648.8339607500238,107.10941697470844,0
5460,648.9562402080046,144.8400419903919,0
5461,649.1148304580129,106.11570900073275,0
5462,649.2360774170374,91.03874996071681,0
5463,649.3373957080184,83.90545897418633,0
5464,649.4364500420052,78.63225002074614,0
5465,649.5297989170067,125.61108299996704,0
5466,649.6705216250266,73.48824996734038,0
5467,649.757296167023,120.0555830146186,0
5468,649.8906161250197,101.58099996624514,0
5469,650.0072966670268,154.28612497635186,0
5470,650.1762396250269,115.08658295497298,0
5471,650.3015290829935,62.91579199023545,0
5472,650.3795392499887,116.73020804300904,0
5473,650.507299082994,116.9663339969702,0
5474,650.6376574999886,98.06370799196884,0
5475,650.750816166983,119.5749580510892,0
5476,650.885509875021,95.24720796616748,0
5477,650.9930517500034,162.05758298747241,0
5478,651.1702045419952,133.62883299123496,0
5479,651.3174663750106,116.37070798315108,0
5480,651.4477772919927,65.90216601034626,0
5481,651.5264644580311,138.70687497546896,0
5482,651.6773619999876,156.16391703952104,0
5483,651.8471790420008,91.36850002687424,0
5484,651.9500488330377,84.0660419780761,0
5485,652.048944249982,76.59412501379848,0
5486,652.1385096249869,91.60529205109924,0
5487,652.240488875017,120.60270801885054,0
5488,652.3761499579996,97.057584032882,0
5489,652.4843230000115,83.97258300101385,0
5490,652.5833952079993,155.26079200208187,0
5491,652.7509989999817,108.64120803307742,0
5492,652.873471708037,95.37474997341633,0
5493,652.9835037920275,100.35537497606128,0
5494,653.0989114579861,93.83570903446525,0
5495,653.2044810830266,110.54924997733906,0
5496,653.3260421250015,116.59687501378357,0
5497,653.4537339999806,44.6681670146063,0
5498,653.5117877080338,139.53604199923575,0
5499,653.6627722920384,98.85866596596316,0
5500,653.7766776669887,85.25141602149233,0
5501,653.8769845420029,122.65229102922603,0
5502,654.0133741670288,133.3949999534525,0
5503,654.1618249170133,104.88479101331905,0
5504,654.2780397920287,115.3491250006482,0
5505,654.4057640830288,68.87870898935944,0
5506,654.4896958330064,64.9950840161182,0
5507,654.5697172079817,135.86879201466218,0
5508,654.7206622500089,119.22379198949784,0
5509,654.8549718750292,120.14391698176041,0
5510,654.9901911669876,90.58529103640467,0
5511,655.0958288330003,124.27945900708437,0
5512,655.2302802500199,168.97620796225965,0
5513,655.4143136250204,79.16424999712035,0
5514,655.5042813750333,73.38683295529336,0
5515,655.5897603750345,91.97129198582843,0
5516,655.6944865420228,152.6879160082899,0
5517,655.8591875830316,178.54291695402935,0
5518,656.0528288329951,96.26100002788007,0
5519,656.1626829580055,152.01858401997015,0
5520,656.3270262079895,94.37137504573911,0
5521,656.4365075830137,106.80070897797123,0
5522,656.5584173329989,82.66770903719589,0
5523,656.6561443330138,106.73070896882564,0
5524,656.7779665419948,40.04824999719858,0
5525,656.8322645419976,106.1014580191113,0
5526,656.9494577500154,106.96766700129956,0
5527,657.0715143330162,58.41812497237697,0
5528,657.1417528330348,103.28999999910593,0
5529,657.2572707500076,71.64687500335276,0
5530,657.3440159169841,90.4124160297215,0
5531,657.444529667031,69.20341600198299,0
5532,657.5293135829852,131.04050001129508,0
5533,657.6749305829871,58.430542005226016,0
5534,657.7471710420214,88.4460830129683,0
5535,657.8481042500352,114.89983298815787,0
5536,657.9754446669831,130.90258301235735,0
5537,658.1214168330189,84.81199998641387,0
5538,658.2212809170014,93.80041598342359,0
5539,658.3301276669954,129.33220801642165,0
5540,658.4745245000231,159.80520797893405,0
5541,658.6493934580358,84.0432089753449,0
5542,658.7479084579973,124.86387504031882,0
5543,658.887855375011,120.11787499068305,0
5544,659.0215721250279,93.40395795879886,0
5545,659.130040833028,139.50679200934246,0
5546,659.2817906669807,139.9231250397861,0
5547,659.4367540419917,110.25145801249892,0
5548,659.5620442919899,82.22970803035423,0
5549,659.659395500028,130.6737499544397,0
5550,659.804060458031,111.07033398002386,0
5551,659.9302646249998,147.2487500286661,0
5552,660.0917396669975,37.90100000333041,0
5553,660.1411145830061,89.27870902698487,0
5554,660.2454582080245,80.31124999979511,0
5555,660.3408280420117,120.7538329763338,0
5556,660.4766425830312,105.93708395026624,0
5557,660.5938673330238,109.55629200907424,0
5558,660.7139129579882,129.97279199771583,0
5559,660.8547244580113,78.37429200299084,0
5560,660.9481545829913,86.23675000853837,0
5561,661.0494595420314,100.45983298914507,0
5562,661.1626823330298,127.41749995620921,0
5563,661.3051648330293,46.44104198087007,0
5564,661.3649721670081,139.7543330094777,0
5565,661.5197924579843,72.80104199890047,0
5566,661.6027195419883,111.70258303172886,0
5567,661.7295148330159,136.0949170193635,0
5568,661.8780678749899,126.67291704565287,0
5569,662.0190674579935,142.7101250155829,0
5570,662.1728915830026,98.96541701164097,0
5571,662.2827356670168,76.39466598629951,0
5572,662.3742005419917,137.49183301115409,0
5573,662.52680112503,87.47558295726776,0
5574,662.6258192920359,105.26683297939599,0
5575,662.7461412500124,71.33283297298476,0
5576,662.8325278330012,151.53874998213723,0
5577,662.9972477920237,64.51825000112876,0
5578,663.076808999991,96.25116700772196,0
5579,663.1853866250021,90.43004200793803,0
5580,663.2908832500107,159.31004198500887,0
5581,663.4609463330125,134.76745900698006,0
5582,663.606666082982,81.48520905524492,0
5583,663.6994767080178,149.4501669658348,0
5584,663.8626534169889,92.55491604562849,0
5585,663.9667717500124,96.11545799998567,0
5586,664.0779369579977,103.82391698658466,0
5587,664.1930197920301,91.59504098352045,0
5588,664.2996662920341,107.06691595260054,0
5589,664.4217911669984,92.30600000591949,0
5590,664.5292029170087,73.15641600871459,0
5591,664.6167915000115,156.45212499657646,0
5592,664.788294375001,87.60620799148455,0
5593,664.8884866249864,93.18937500938773,0
5594,664.9940615420346,139.6745409583673,0
5595,665.1450275420211,117.82166600460187,0
5596,665.2778714169981,152.08083303878084,0
5597,665.4405908330227,103.07625000132248,0
5598,665.5552165830159,120.59979198966175,0
5599,665.6909483750351,140.24508296279237,0
5600,665.8439529580064,126.0188749874942,0
5601,665.9809277500026,68.35162499919534,0
5602,666.0598162920214,55.35995797254145,0
5603,666.130287042004,111.35316599393263,0
5604,666.2567934999825,100.57150002103299,0
5605,666.3695782920113,120.93820801237598,0
5606,666.5056217079982,92.47191698523238,0
5607,666.6131977920304,78.59291596105322,0
5608,666.706895167008,98.02312502870336,0
5609,666.8200115000363,47.52962494967505,0
5610,666.8785915420158,105.32612499082461,0
5611,666.9990243749926,78.99545802501962,0
5612,667.0918319580378,108.65070897853002,0
5613,667.2148222500109,187.67424998804927,0
5614,667.4127142080106,64.61549998493865,0
5615,667.4881389170187,156.76812501624227,0
5616,667.658479708014,82.20825000898913,0
5617,667.7557930420153,148.6948750098236,0
5618,667.9196700830362,80.77933394815773,0
5619,668.014833333029,143.41724995756522,0
5620,668.1733752919827,83.17254105350003,0
5621,668.2716618329869,71.81179203325883,0
5622,668.3551417919807,139.7125410148874,0
5623,668.5060837080237,112.29112499859184,0
5624,668.6289193329867,133.31300002755597,0
5625,668.7773802920128,88.78070797072724,0
5626,668.877508207981,93.21450005518273,0
5627,668.9813755000359,110.871082986705,0
5628,669.1029743750114,109.80916698463261,0
5629,669.2252621669904,105.96862499369308,0
5630,669.3439990830375,112.44604195235297,0
5631,669.5492969999905,118.01858304534107,0
5632,669.6835007499903,89.85395799390972,0
5633,669.7880473749829,132.12020799983293,0
5634,669.9443991250009,81.02962502744049,0
5635,670.0378866670071,121.36170797748491,0
5636,670.1715807500295,77.10033300099894,0
5637,670.261254083016,82.97470898833126,0
5638,670.3567932500155,97.04787499504164,0
5639,670.4664469580166,139.83354199444875,0
5640,670.6190380420303,128.66624997695908,0
5641,670.782238957996,145.98570903763175,0
5642,670.9411666250089,145.06508299382403,0
5643,671.0985004170216,99.79829099029303,0
5644,671.2090457919985,171.26666603144258,0
5645,671.4243502920144,137.77562498580664,0
5646,671.5753883750294,119.52787498012185,0
5647,671.7092160420143,128.73220798792318,0
5648,671.8505614580354,89.90004198858514,0
5649,671.9530357919866,161.26020799856633,0
5650,672.1269517919864,113.06566599523649,0
5651,672.2526945000282,100.16154201002792,0
5652,672.3654295420274,98.29349996289238,0
5653,672.4763123749872,99.07762502552941,0
5654,672.5879821670242,104.05199998058379,0
5655,672.7046611669939,101.16766602732241,0
5656,672.8184343330213,133.51304200477898,0
5657,672.9646548330202,84.1468750149943,0
5658,673.0614352499833,114.0137500478886,0
5659,673.1880828749854,129.5881670084782,0
5660,673.3303112920257,122.01537500368431,0
5661,673.4670522920205,126.28279096679762,0
5662,673.6043085419806,95.22733301855624,0
5663,673.7122016249923,96.12420800840482,0
5664,673.8209057080094,116.4979999884963,0
5665,673.9499910830054,62.817417026963085,0
5666,674.0234366250224,88.86912500020117,0
5667,674.124914666987,127.7396660298109,0
5668,674.2641513330163,98.81920897169039,0
5669,674.3755651250249,85.3384580113925,0
5670,674.4731255000224,67.57820799248293,0
5671,674.553536708001,105.98704201402143,0
5672,674.6721750000142,114.9547920213081,0
5673,674.7997731250362,98.32766698673368,0
5674,674.9108915420366,114.971415954642,0
5675,675.0368669169839,145.87054104777053,0
5676,675.1953599579865,115.75879203155637,0
5677,675.321841500001,122.25920800119638,0
5678,675.4557055830373,108.85525000048801,0
5679,675.5771804579999,165.16537498682737,0
5680,675.7550072080339,88.88754196232185,0
5681,675.8565466250293,131.98787497822195,0
5682,676.0011664580088,87.88887498667464,0
5683,676.1016499170219,93.08170800795779,0
5684,676.2063486250117,115.34600000595674,0
5685,676.3343047919916,105.9121250291355,0
5686,676.4508032500162,55.2715829689987,0
5687,676.5206770420191,137.12733297143131,0
5688,676.6703687499976,119.12804201710969,0
5689,676.8013141250121,70.73020801180974,0
5690,676.8846282080049,102.60916699189693,0
5691,676.999816458032,114.37704198760912,0
5692,677.1267920000246,128.54120798874646,0
5693,677.2679602080025,150.9391670115292,0
5694,677.4315130829928,89.31033400585875,0
5695,677.5320884999819,78.11845804098994,0
5696,677.6212307080277,80.87520900880918,0
5697,677.7146984580322,99.66833400540054,0
5698,677.8269893749966,106.20062501402572,0
5699,677.9439879170386,37.0778749929741,0
5700,677.9930502920179,114.67945796903223,0
5701,678.1180575829931,67.43749999441206,0
5702,678.1981255830033,100.88112502126023,0
5703,678.3491965419962,127.56145803723484,0
5704,678.4894557500375,79.48366698110476,0
5705,678.5817587079946,96.94474999560043,0
5706,678.6896187500097,54.68158301664516,0
5707,678.7558874579845,84.316625026986,0
5708,678.8523566669901,71.86762499623,0
5709,678.9368373330217,125.21158397430554,0
5710,679.0746706670034,48.16925001796335,0
5711,679.1381033330108,67.56416702410206,0
5712,679.2172492920072,111.46545800147578,0
5713,679.3413623750093,64.70391701441258,0
5714,679.4175438330276,138.03124998230487,0
5715,679.5681762080058,108.08874998474494,0
5716,679.6876010000124,108.82670799037442,0
5717,679.809464082995,118.83379198843613,0
5718,679.9409092080314,66.36370898922905,0
5719,680.0181222499814,120.38716702954844,0
5720,680.1511332080117,137.95937498798594,0
5721,680.3014318330097,90.21970897447318,0
5722,680.4040032920311,56.01008300436661,0
5723,680.4726534580113,90.00899997772649,0
5724,680.5728780000354,63.3587499614805,0
5725,680.6489748749882,120.62995799351484,0
5726,680.7798847079976,121.6775419889018,0
5727,680.9141275830334,152.6943749631755,0
5728,681.0794096669997,81.16212498862296,0
5729,681.1722622500383,68.5451669851318,0
5730,681.2522966670222,56.07083300128579,0
5731,681.3198152080295,68.01662495126948,0
5732,681.398910708027,157.78012498049065,0
5733,681.5685176670086,108.27070800587535,0
5734,681.687534583034,91.23858396196738,0
5735,681.790521958028,79.94716695975512,0
5736,681.8830689580063,113.3452919893898,0
5737,682.0090133330086,72.20412499736995,0
5738,682.0937995830318,99.9623749521561,0
5739,682.2063842919888,143.09445803519338,0
5740,682.3601702080341,110.07483396679163,0
5741,682.4828980420134,62.9212079802528,0
5742,682.557158791984,76.4430410345085,0
5743,682.6462007079972,114.35429198900238,0
5744,682.7731847080286,97.22570900339633,0
5745,682.8830235420028,111.70579103054479,0
5746,683.0073821670376,130.34616596996784,0
5747,683.1502992080059,116.03874998399988,0
5748,683.2789252080256,99.27262499695644,0
5749,683.3893912080093,72.32066697906703,0
5750,683.4743284169817,97.54608303774148,0
5751,683.5876845419989,108.09095803415403,0
5752,683.7084235000075,124.88183297682554,0
5753,683.8459231249872,98.49429200403392,0
5754,683.9570546670002,77.01812498271465,0
5755,684.0467155420338,165.504582982976,0
5756,684.224854500033,81.8830420030281,0
5757,684.3193220000248,172.8020419832319,0
5758,684.5034123330261,103.1170419882983,0
5759,684.6191272499855,80.74316702550277,0
5760,684.7124468749971,99.01962499134243,0
5761,684.8231522080023,88.82308402098715,0
5762,684.9245750000118,132.8118329984136,0
5763,685.0699847920332,79.92041599936783,0
5764,685.1606251670164,80.95216599758714,0
5765,685.2541394170257,47.568999987561256,0
5766,685.3142901670071,91.01254103006795,0
5767,685.4168093749904,115.92195800039917,0
5768,685.5431882920093,92.28654101025313,0
5769,685.6480733330245,72.143875004258,0
5770,685.7327934170025,56.282458011992276,0
5771,685.7991462500067,127.50029203016311,0
5772,685.9392439579824,106.61475005326793,0
5773,686.0583695000387,119.95020799804479,0
5774,686.1892537500244,67.53379199653864,0
5775,686.2684192919987,79.73708299687132,0
5776,686.3607561250101,91.92733297822997,0
5777,686.4652850420098,103.99999999208376,0
5778,686.5819343749899,55.96720799803734,0
5779,686.6505207919981,138.1487080361694,0
5780,686.8013622920262,106.4441250055097,0
5781,686.9194168749964,83.29983300063759,0
5782,687.0153415829991,89.27175001008436,0
5783,687.1149392920197,70.35170798189938,0
5784,687.1971890000277,129.32279199594632,0
5785,687.337342999992,95.62483301851898,0
5786,687.4441349169938,74.81850002659485,0
5787,687.5316176250344,79.75370797794312,0
5788,687.6231180829927,120.9779999917373,0
5789,687.7566595000098,68.36937501793727,0
5790,687.8376013329835,104.66937505407259,0
5791,687.9549640000332,132.45058298343793,0
5792,688.100025916996,87.80408301390707,0
5793,688.2004329999909,88.43945799162611,0
5794,688.2999029580387,144.8222499457188,0
5795,688.4575304170139,170.4965410172008,0
5796,688.640618125035,110.18537497147918,0
5797,688.7616639169864,81.58958301646635,0
5798,688.8558792920085,94.96579098049551,0
5799,688.9625053750351,117.81487497501075,0
5800,689.0917425000225,128.76054196385667,0
5801,689.2330878750072,105.01487500732765,0
5802,689.3507169170189,143.53624999057502,0
5803,689.506847792014,143.4132080175914,0
5804,689.6607545830193,100.32595897791907,0
5805,689.7737051250297,101.65133298141882,0
5806,689.8879702499835,101.76262503955513,0
5807,690.0023513750057,122.1636250265874,0
5808,690.1371282920009,69.6647500153631,0
5809,690.2180355830351,85.32737498171628,0
5810,690.3159906670335,91.03916597086936,0
5811,690.4196522079874,101.23137501068413,0
5812,690.5334830000065,94.07649998320267,0
5813,690.6397620830103,87.95620902674273,0
5814,690.740334000031,63.35749995196238,0
5815,690.8163130829926,67.94462504331023,0
5816,690.8950836670119,97.28562500094995,0
5817,691.0049817080144,63.689792004879564,0
5818,691.0808926669997,121.37800001073629,0
5819,691.2148697079974,145.24495898513123,0
5820,691.3714858330204,128.29358398448676,0
5821,691.5116562499898,173.69320802390575,0
5822,691.6979322080151,116.29345896653831,0
5823,691.8263381249853,95.30591702787206,0
5824,691.9342801669845,46.37024999829009,0
5825,691.9929888750194,71.55033299932256,0
5826,692.0763638750068,105.68016697652638,0
5827,692.1939618749893,107.88979200879112,0
5828,692.3144595000194,73.51416698656976,0
5829,692.3997932919883,69.10691602388397,0
5830,692.4815178330173,124.06370899407193,0
5831,692.6182523330208,85.53045900771394,0
5832,692.7153055000235,76.10983296763152,0
5833,692.8029901250266,95.09170800447464,0
5834,692.9106936249882,98.05075003532693,0
5835,693.0213608330232,117.20237496774644,0
5836,693.1511759170098,134.43174998974428,0
5837,693.2982306249905,77.9429170070216,0
5838,693.3867357919808,123.2715830556117,0
5839,693.5226116669946,131.10062503255904,0
5840,693.6663414579816,90.9036670345813,0
5841,693.769828916993,114.51149999629706,0
5842,693.8969590830384,91.96970897028223,0
5843,694.0015489170328,108.33674995228648,0
5844,694.1215688750381,130.6773329852149,0
5845,694.2624953330378,172.05520899733528,0
5846,694.4472428750014,140.29787498293445,0
5847,694.5984578750213,58.70787496678531,0
5848,694.6681213750271,102.3081669700332,0
5849,694.783047874982,77.21237500663847,0
5850,694.8728527080384,76.57649996690452,0
5851,694.9596385000041,142.07933301804587,0
5852,695.1143275829963,78.0267920345068,0
5853,695.2049690419808,55.068083049263805,0
5854,695.27212912502,104.78945798240602,0
5855,695.3895172500052,68.28195799607784,0
5856,695.4684869580087,70.02308400114998,0
5857,695.5507096250076,59.47483301861212,0
5858,695.6203479170217,84.62866599438712,0
5859,695.7175887920312,115.57654099306092,0
5860,695.8457682080334,37.89199999300763,0
5861,695.8962432920234,91.66704100789502,0
5862,695.9981915830285,85.99704195512459,0
5863,696.0968324579881,89.65295902453363,0
5864,696.1990938750096,78.12787499278784,0
5865,696.2898296249914,54.410125012509525,0
5866,696.3556929579936,75.10987500427291,0
5867,696.4424808750045,60.5561250122264,0
5868,696.5156207500258,153.32541696261615,0
5869,696.6797159999842,120.59016700368375,0
5870,696.8115218750318,156.8360829842277,0
5871,696.980960624991,81.1980830039829,0
5872,697.0749383330112,98.5576250241138,0
5873,697.1862087080372,95.90562497032806,0
5874,697.2947276250343,97.07149997120723,0
5875,697.4044100000174,92.57162502035499,0
5876,697.5096093750326,110.01291696447879,0
5877,697.6322199170245,101.38791595818475,0
5878,697.7462304169894,65.14812499517575,0
5879,697.8224607920274,150.17937496304512,0
5880,697.9852900420083,115.55333301657811,0
5881,698.1116716670222,122.15520796598867,0
5882,698.244254041987,124.42712503252551,0
5883,698.3812612080364,154.18129198951647,0
5884,698.546140542021,99.09870801493526,0
5885,698.6578426670167,98.58200000599027,0
5886,698.7690254169866,73.8685000105761,0
5887,698.8551696250215,79.05020797625184,0
5888,698.9468401669874,63.11154103605077,0
5889,699.0217782920226,61.74291600473225,0
5890,699.0961479170364,89.235249964986,0
5891,699.1959114170168,73.93149996642023,0
5892,699.2824595419806,75.62808302463964,0
5893,699.37043429201,78.65995797328651,0
5894,699.461671750003,110.56566698243842,0
5895,699.5848286250257,184.1307919821702,0
5896,699.7815726670087,105.53895798511803,0
5897,699.8997249170206,119.03762497240677,0
5898,700.0313803330064,94.22654198715463,0
5899,700.1374971669866,122.30004102457315,0
5900,700.2724020419992,130.99683303153142,0
5901,700.4160293330206,85.57858399581164,0
5902,700.5142212500214,83.39383295970038,0
5903,700.6106976250303,124.11254196194932,0
5904,700.747419833031,126.86416698852554,0
5905,700.8867489169934,90.85862501524389,0
5906,700.9901989999926,69.73870802903548,0
5907,701.0725274999859,118.37275000289083,0
5908,701.2034194580046,100.42720899218693,0
5909,701.3162930000108,87.38958300091326,0
5910,701.4162968749879,148.9774170331657,0
5911,701.5778752919869,123.13250004081056,0
5912,701.7136136670015,83.61079101450741,0
5913,701.8098230829928,137.21570902271196,0
5914,701.9596427500364,122.62937496416271,0
5915,702.0949197500013,109.07008301001042,0
5916,702.2166122500203,120.70695799775422,0
5917,702.3476389169809,158.70229102438316,0
5918,702.5189487499883,75.92283299891278,0
5919,702.6070688330219,84.35008401283994,0
5920,702.7076348330011,138.07016698410735,0
5921,702.900783582998,189.87458402989432,0
5922,703.1016277919989,91.69791603926569,0
5923,703.20666729199,92.51608303748071,0
5924,703.309439042001,68.53820802643895,0
5925,703.3900672920281,115.73295795824379,0
5926,703.5166783329914,110.58658402180299,0
5927,703.6378212919808,104.64783303905278,0
5928,703.7551405419945,143.69920804165304,0
5929,703.9096445000032,113.00954199396074,0
5930,704.0352323750267,147.68008299870417,0
5931,704.1931244580192,126.51670898776501,0
5932,704.3304156250088,50.12679198989645,0
5933,704.3910350829829,139.114250021521,0
5934,704.542840292037,117.93458298780024,0
5935,704.6714558330132,61.29495898494497,0
5936,704.7439624170074,117.03750002197921,0
5937,704.873471333005,81.16466703359038,0
5938,704.9659880829859,124.76133403833956,0
5939,705.1034325829824,119.49554202146828,0
5940,705.2364994999953,88.71366700623184,0
5941,705.3367480830057,138.6592920171097,0
5942,705.4880183750065,125.55487500503659,0
5943,705.6261672920082,183.7863330147229,0
5944,705.8220508749946,148.5844170092605,0
5945,705.9819507499924,104.37341703800485,0
5946,706.099190332985,79.57616704516113,0
5947,706.1901735829888,71.81950000813231,0
5948,706.2745980829932,95.90770903741941,0
5949,706.3816456249915,129.11704200087115,0
5950,706.5234300000011,86.53458300977945,0
5951,706.6221425420372,102.0390409976244,0
5952,706.735148000007,137.85379199543968,0
5953,706.885790667031,163.1709579960443,0
5954,707.0596275000134,64.4564579706639,0
5955,707.1345309999888,85.69045801414177,0
5956,707.2304006250342,88.84341694647446,0
5957,707.3318609580165,67.49420898268,0
5958,707.4107427080162,52.860124967992306,0
5959,707.4762312499806,126.67016702471301,0
5960,707.614049041993,118.79870801931247,0
5961,707.7430018750019,99.44716701284051,0
5962,707.8550410830067,71.05979201151058,0
5963,707.9387839999981,120.4765000147745,0
5964,708.0699212499894,67.97570799244568,0
5965,708.1504832500359,101.77195799769834,0
5966,708.263080957986,101.4205840183422,0
5967,708.3773596670362,57.97529098344967,0
5968,708.4485322920373,115.7053749775514,0
5969,708.577119041991,67.85554101224989,0
5970,708.6575868329965,135.67587500438094,0
5971,708.805862542009,182.24549997830763,0
5972,709.002251833037,87.70416694460437,0
5973,709.1014361670241,44.869499979540706,0
5974,709.1588752919924,75.85808302974328,0
5975,709.2473627500003,172.24737501237541,0
5976,709.4316539170104,116.78316601319239,0
5977,709.5610470829997,111.4862920367159,0
5978,709.6847831250052,141.94987498922274,0
5979,709.8393571670167,117.95724998228252,0
5980,709.9676217919914,63.83120804093778,0
5981,710.0440701670013,153.07387500070035,0
5982,710.209816083021,151.9412089837715,0
5983,710.3744547499809,144.3510420504026,0
5984,710.5314204170136,129.64033300522715,0
5985,710.6748637920246,115.34812499303371,0
5986,710.8018230000162,52.35850001918152,0
5987,710.8668957920163,126.55016599455848,0
5988,711.0048759580241,90.38529195822775,0
5989,711.1079340000288,110.63995800213888,0
5990,711.2313168330002,87.49845903366804,0
5991,711.3314220830216,102.32199996244162,0
5992,711.4463757500052,47.88562498288229,0
5993,711.5068748749909,64.72620804561302,0
5994,711.5842316669878,133.56329104863107,0
5995,711.729564749985,118.57945803785697,0
5996,711.8599246250233,91.91837499383837,0
5997,711.9645016249851,105.11291702277958,0
5998,712.0822294580285,58.273374976124614,0
5999,712.1531071669888,160.42595804901794,0
6000,712.3261335419957,124.88966603996232,0
6001,712.4636905000079,139.9932079948485,0
6002,712.6138252500095,62.21283302875236,0
6003,712.6886319170007,105.94145802315325,0
6004,712.8069063330186,123.48133401246741,0
6005,712.9430222500232,71.72629196429625,0
6006,713.0263183329953,109.11925003165379,0
6007,713.1480468329974,37.18733403366059,0
6008,713.197801500035,105.80662498250604,0
6009,713.3138120000367,72.21008295891806,0
6010,713.39820520801,116.12729198532179,0
6011,713.5259681669995,153.17649999633431,0
6012,713.6917543750023,109.51937502250075,0
6013,713.813319000008,116.0103750298731,0
6014,713.9406077500316,104.91224995348603,0
6015,714.0581342499936,110.56754202581942,0
6016,714.1813071669894,73.34033300867304,0
6017,714.2658292920096,117.40054102847353,0
6018,714.3938838749891,93.02875003777444,0
6019,714.4970630829921,87.90650003356859,0
6020,714.5967492919881,124.68108301982284,0
6021,714.7340458750259,88.45595800084993,0
6022,714.8347629579948,150.6904590060003,0
6023,714.9980581669952,133.93379101762548,0
6024,715.1445957500255,62.40474997321144,0
6025,715.2190552080283,95.11029196437448,0
6026,715.3267637920217,114.378291007597,0
6027,715.4537632919964,118.42670803889632,0
6028,715.5847790000262,109.69729197677225,0
6029,715.7071066669887,136.46825001342222,0
6030,715.8562017080258,103.73183398041874,0
6031,715.9714107920299,157.23099996102974,0
6032,716.1394841250149,123.88820800697431,0
6033,716.274790083,136.48304203525186,0
6034,716.4228087920346,130.03329100320116,0
6035,716.565461250022,93.46229198854417,0
6036,716.6715236669988,107.53087501507252,0
6037,716.7905410419917,36.81995801161975,0
6038,716.8399644999881,113.36241703247651,0
6039,716.9660999579937,54.9594170297496,0
6040,717.0336772500305,107.24849998950958,0
6041,717.1528310420108,143.21399998152629,0
6042,717.3082927080104,125.66279200837016,0
6043,717.4465445420356,113.03012497955933,0
6044,717.5721308329958,88.8909170171246,0
6045,717.6736434579943,75.55954199051484,0
6046,717.7606592500233,112.62745800195262,0
6047,717.8847688329988,103.62108401022851,0
6048,718.0010035830201,89.82170897070318,0
6049,718.1031664580223,65.75754197547212,0
6050,718.1814317079843,112.96954203862697,0
6051,718.307006957999,75.1613340107724,0
6052,718.3948324170196,97.54358301870525,0
6053,718.5050323330215,31.94370900746435,0
6054,718.54962325003,121.57424999168143,0
6055,718.6836247080355,127.52341700252146,0
6056,718.8231417079805,133.52941704215482,0
6057,718.9681664170348,62.10145796649158,0
6058,719.0405083330115,53.320708975661546,0
6059,719.1054408330237,83.69962498545647,0
6060,719.2017518749926,143.33262504078448,0
6061,719.355406208022,100.39012500783429,0
6062,719.468403832987,99.27654202328995,0
6063,719.5796033749939,138.11204204102978,0
6064,719.7286098329932,96.79920901544392,0
6065,719.837984792015,127.97562498599291,0
6066,719.9781599169946,93.18029100541025,0
6067,720.0827887920314,103.96062495419756,0
6068,720.1993594579981,128.20666702464223,0
6069,720.337755458022,114.39795896876603,0
6070,720.4647519580321,132.3091249796562,0
6071,720.6081438750261,129.07558301230893,0
6072,720.7482307500322,97.25420799804851,0
6073,720.8581832080381,150.513541942928,0
6074,721.0189364579855,184.7449170309119,0
6075,721.2163196670008,131.48749998072162,0
6076,721.3596629170352,87.53020799485967,0
6077,721.4598217500024,128.3977500279434,0
6078,721.6008337920066,114.98845799360424,0
6079,721.7284267080249,23.66341697052121,0
6080,721.7646519580157,54.77187497308478,0
6081,721.83011691703,109.4457499566488,0
6082,721.9519136250019,133.74541699886322,0
6083,722.0960351669928,118.50579100428149,0
6084,722.2271728750202,50.5714169703424,0
6085,722.2885071670171,113.7791249784641,0
6086,722.4138370830333,76.96799997938797,0
6087,722.5019629580202,122.625749965664,0
6088,722.6357053749962,67.73379200603813,0
6089,722.7150589170051,115.1524159940891,0
6090,722.8427870420273,131.66141597321257,0
6091,722.9870525419828,120.00020802952349,0
6092,723.1180961669888,91.14612499251962,0
6093,723.2214844580158,117.05674999393523,0
6094,723.3511576669989,96.03920800145715,0
6095,723.4600280000013,100.08583299349993,0
6096,723.572709250031,155.87695798603818,0
6097,723.7412007499952,172.8894580155611,0
6098,723.9266518329969,73.19770898902789,0
6099,724.0109147499898,144.54233302967623,0
6100,724.1658086670213,160.61650001211092,0
6101,724.3390807500109,91.80970798479393,0
6102,724.442196500022,105.68991699256003,0
6103,724.5598673330387,91.84879198437557,0
6104,724.6643348750076,119.32254198472947,0
6105,724.7940009169979,84.21641599852592,0
6106,724.8909858330153,107.64916701009497,0
6107,725.0112481249962,104.66695803916082,0
6108,725.128525667009,90.77833301853389,0
6109,725.2319016249967,77.2931250394322,0
6110,725.3218622920103,103.07554097380489,0
6111,725.4351789170178,133.0194579786621,0
6112,725.5790375419892,99.73154100589454,0
6113,725.690478125005,93.0631670053117,0
6114,725.7962004999863,105.0820000236854,0
6115,725.913923916989,82.27579103549942,0
6116,726.008168625005,36.14408301655203,0
6117,726.0568767079967,138.5315420338884,0
6118,726.206915332994,161.55166702810675,0
6119,726.3804389170255,105.26574996765703,0
6120,726.4983097499935,116.21662502875552,0
6121,726.6271537920111,80.76808298937976,0
6122,726.7207936670166,68.3772909687832,0
6123,726.8017789580044,67.09616701118648,0
6124,726.8814832079806,109.47191703598946,0
6125,727.0028351250221,152.6419579749927,0
6126,727.1680930000148,126.03566696634516,0
6127,727.3067380000139,145.2552920090966,0
6128,727.4645756669925,177.9645000351593,0
6129,727.6548092919984,83.1093750311993,0
6130,727.7505346669932,117.11150000337511,0
6131,727.8787562919897,89.10025004297495,0
6132,727.980791000009,90.93216701876372,0
6133,728.082450958027,87.26433396805078,0
6134,728.1822820830275,63.79445898346603,0
6135,728.2586772500072,127.1282079978846,0
6136,728.3987985000131,128.96279199048877,0
6137,728.5404009580379,137.34429195756093,0
6138,728.6903478750028,50.31104199588299,0
6139,728.753309666994,113.10895800124854,0
6140,728.8790373330121,56.06466700555757,0
6141,728.9461977920146,71.07220799662173,0
6142,729.0297718329821,156.49695903994143,0
6143,729.1982087920187,87.4965830007568,0
6144,729.2983321670326,102.56091598421335,0
6145,729.4135584169999,92.49216603348032,0
6146,729.5186658329912,108.90687501523644,0
6147,729.640198374982,115.87904201587662,0
6148,729.7686935419915,85.15012502903119,0
6149,729.8654324170202,94.33291596360505,0
6150,729.971531542018,92.57116599474102,0
6151,730.0759877919918,130.86450000992045,0
6152,730.2194929579855,117.51175002427772,0
6153,730.3495690000127,127.50520801637322,0
6154,730.4875260000117,94.44825001992285,0
6155,730.5945814580191,165.49995896639302,0
6156,730.7726942920126,104.96479098219424,0
6157,730.890264082991,120.71779201505706,0
6158,731.0221002500039,117.86633299198002,0
6159,731.1525820830138,100.53812497062609,0
6160,731.2657313750242,127.66208295943215,0
6161,731.4060385419871,93.6583750299178,0
6162,731.5104950829991,71.73766702180728,0
6163,731.5948258750141,82.53512502415106,0
6164,731.6899606669904,133.59241600846872,0
6165,731.8351943750167,83.51600001333281,0
6166,731.9305873750127,131.07479200698435,0
6167,732.0742662079865,120.08262501331046,0
6168,732.2069672500365,86.13904198864475,0
6169,732.3034352500108,132.02804198954254,0
6170,732.445620250015,26.058832998387516,0
6171,732.484232583025,85.09029197739437,0
6172,732.5812557919999,76.40583300963044,0
6173,732.6702141669812,102.5420410442166,0
6174,732.7847877080203,77.31004199013114,0
6175,732.8732795830001,98.7901670159772,0
6176,732.9847305830335,109.65641698567197,0
6177,733.1054474579869,116.80991703178734,0
6178,733.2325451250072,96.50520799914375,0
6179,733.3406059580157,87.23108400590718,0
6180,733.439877375029,108.28866699011996,0
6181,733.5607961250353,130.91479195281863,0
6182,733.704361208016,47.386374964844435,0
6183,733.7643420420354,136.40429096994922,0
6184,733.9133555000299,97.9511669720523,0
6185,734.0226599170128,144.612041010987,0
6186,734.1799301250139,63.02312499610707,0
6187,734.2555782080162,60.308791988063604,0
6188,734.3272558330209,57.31866700807586,0
6189,734.3972744999919,52.600375027395785,0
6190,734.4607386669959,91.44616598496214,0
6191,734.5641758749844,106.88575002131984,0
6192,734.6812888330314,104.19149999506772,0
6193,734.798133000033,105.35354196326807,0
6194,734.9161406250205,127.30441696476191,0
6195,735.056449708005,96.94654197664931,0
6196,735.1660020829877,62.76854203315452,0
6197,735.2413975420059,103.41333301039413,0
6198,735.3574750000262,127.45691696181893,0
6199,735.4966592920246,122.14408296858892,0
6200,735.6314223330119,51.128958992194384,0
6201,735.6940104999812,160.05187504924834,0
6202,735.866666499991,135.1888329954818,0
6203,736.0129575000028,149.96504201553762,0
6204,736.1755411250051,80.16887499252334,0
6205,736.2683119170251,63.08262498350814,0
6206,736.3439820000203,115.60566700063646,0
6207,736.4722101670341,73.66837497102097,0
6208,736.5572193749831,142.3073750338517,0
6209,736.7106684580212,96.12458397168666,0
6210,736.8193941669888,99.59508304018527,0
6211,736.9315971669857,112.77858301764354,0
6212,737.0569859999814,131.85145804891363,0
6213,737.2014724169858,128.13300004927441,0
6214,737.3422106250073,97.63854200718924,0
6215,737.451435666997,92.79970801435411,0
6216,737.5556530000176,150.4094999982044,0
6217,737.7181315420312,120.6112079671584,0
6218,737.8514060000307,109.67991698998958,0
6219,737.9736394580104,103.42908400343731,0
6220,738.0896544579882,35.333250008989125,0
6221,738.1375657499884,56.59695802023634,0
6222,738.2058998330031,44.858917011879385,0
6223,738.2633799170144,55.52066600648686,0
6224,738.3315059170127,107.05395799595863,0
6225,738.4511663329904,150.79662500647828,0
6226,738.6145622500335,73.59024998731911,0
6227,738.6999400830246,92.50729199266061,0
6228,738.8050588750048,60.735291976016015,0
6229,738.8764876250061,82.75312499608845,0
6230,738.9718188749976,130.40654204087332,0
6231,739.1138214580133,138.39083397760987,0
6232,739.2643895419897,108.70899999281392,0
6233,739.385723458021,97.43991697905585,0
6234,739.4940245419857,169.21979101607576,0
6235,739.6758630829863,118.22354199830443,0
6236,739.8067003749893,85.69587499368936,0
6237,739.9042736670235,72.52233300823718,0
6238,739.9894339169841,148.74925004551187,0
6239,740.1507975829882,112.06316703464836,0
6240,740.2754813330248,114.25624997355044,0
6241,740.4024242919986,77.97416602261364,0
6242,740.494205666997,75.34683303674683,0
6243,740.5803355000098,63.05729201994836,0
6244,740.6556613330031,141.28716703271493,0
6245,740.8095763330348,110.20341695984825,0
6246,740.9323940830072,122.22287501208484,0
6247,741.0671663330286,143.34024995332584,0
6248,741.2231010000105,97.52954199211672,0
6249,741.3315381670254,120.34645798848942,0
6250,741.4645087500103,88.86245801113546,0
6251,741.5659963749931,97.05908299656585,0
6252,741.6757835000171,80.19641699502245,0
6253,741.7686002500122,82.36129197757691,0
6254,741.863368958002,105.38708401145414,0
6255,741.9793379580369,82.72974996361881,0
6256,742.0746748750098,128.704208007548,0
6257,742.2160199580248,78.79199995659292,0
6258,742.3059878750355,120.64716697204858,0
6259,742.4392365830136,64.14983398281038,0
6260,742.5138437499991,120.53687503794208,0
6261,742.6466398750199,121.00074999034405,0
6262,742.7803120000171,88.3741250145249,0
6263,742.8797432500287,133.4080829983577,0
6264,743.0258056250168,76.44962501944974,0
6265,743.1145075419918,147.62133301701397,0
6266,743.2735332919983,104.68858300009742,0
6267,743.3887591669918,101.37116600526497,0
6268,743.5018719169893,145.31766599975526,0
6269,743.659691042034,78.81316595012322,0
6270,743.7511100420379,51.214082981459796,0
6271,743.814921208017,80.87854197947308,0
6272,743.9077922920114,143.443415989168,0
6273,744.0630520000122,104.56841700943187,0
6274,744.1810090829968,106.72158398665488,0
6275,744.3003200420062,41.807416011579335,0
6276,744.3525810419815,83.18191603757441,0
6277,744.4474219999975,176.53012502705678,0
6278,744.6347411249881,50.80787499900907,0
6279,744.6981711250264,43.52170799393207,0
6280,744.7538317079889,43.4893750352785,0
6281,744.8097425419837,84.82245804043487,0
6282,744.905297417019,73.10858299024403,0
6283,744.991208499996,88.79195799818262,0
6284,745.0902432919829,581.2460830202326,0
6285,745.727776292013,72.80224998248741,0
6286,745.813181000005,72.321625018958,0
6287,745.8959546670085,94.1178749781102,0
6288,746.001839500037,76.14574994659051,0
6289,746.0890023750253,107.1050830068998,0
6290,746.2086817080271,67.59220897220075,0
6291,746.2920563750085,152.56316697923467,0
6292,746.4555300829816,151.09816699987277,0
6293,746.6191946250037,138.06083297822624,0
6294,746.7698253330309,109.56524999346584,0
6295,746.8908049580059,86.48191700922325,0
6296,746.9898555420223,93.35366601590067,0
6297,747.0957558330265,64.22020896570757,0
6298,747.170961417025,91.77912498125806,0
6299,747.2753280419856,99.08545803045854,0
6300,747.3856912500341,125.85358298383653,0
6301,747.5228232500376,104.82033295556903,0
6302,747.6402529170155,168.66812499938533,0
6303,747.8204655420268,42.09887498291209,0
6304,747.8734672919963,113.10600000433624,0
6305,747.9967685000156,77.17420801054686,0
6306,748.0864938329905,114.67962502501905,0
6307,748.213736292033,108.6188749759458,0
6308,748.3349353329977,107.38629201659933,0
6309,748.4552469170303,44.39045797334984,0
6310,748.5106628329959,142.47537503251806,0
6311,748.6657296670019,72.04158301465213,0
6312,748.7503394170199,93.91016600420699,0
6313,748.856813749997,163.51379203842953,0
6314,749.0328926669899,64.68175002373755,0
6315,749.1102211250109,83.1572079914622,0
6316,749.2059420000296,149.52029200503603,0
6317,749.3667908750358,140.97745798062533,0
6318,749.5187526250375,85.64487495459616,0
6319,749.6158394170343,129.53633297001943,0
6320,749.75553962501,99.11666699917987,0
6321,749.8672954170033,74.71404102398083,0
6322,749.954572083021,87.86162501201034,0
6323,750.055002500012,44.17491698404774,0
6324,750.110629917006,111.79870797786862,0
6325,750.2349974579993,102.7535839821212,0
6326,750.3503667920013,105.25224998127669,0
6327,750.468234000029,16.646625008434057,0
6328,750.4974355000304,135.19470795290545,0
6329,750.6452217919868,72.10904103703797,0
6330,750.7289965000236,110.56050000479445,0
6331,750.8521256670356,117.42145795142278,0
6332,750.980449500028,63.65550000919029,0
6333,751.0548094999976,72.80433300184086,0
6334,751.1401984579861,100.17404204700142,0
6335,751.2529295419808,101.00450000027195,0
6336,751.366496542003,126.85699999565259,0
6337,751.5060265830252,160.28091695625335,0
6338,751.6788924580324,133.55124997906387,0
6339,751.8250067920308,116.83208297472447,0
6340,751.9533952919883,98.83658302715048,0
6341,752.0623443750083,134.0617500245571,0
6342,752.2090553329908,160.86937504587695,0
6343,752.3824817499844,75.23454201873392,0
6344,752.4702744170208,90.56816599331796,0
6345,752.5734008330037,110.35383399575949,0
6346,752.693999250012,107.4640000006184,0
6347,752.8140500420122,112.75450000539422,0
6348,752.9393731669988,56.533666036557406,0
6349,753.0084951670142,134.75099997594953,0
6350,753.1536505420227,86.46962500642985,0
6351,753.2518068330246,109.15608401410282,0
6352,753.3735474999994,110.57266703573987,0
6353,753.4956286250381,117.95633297879249,0
6354,753.6261540830019,95.74012499069795,0
6355,753.7344527920359,76.47591596469283,0
6356,753.8235053329845,145.50541702192277,0
6357,753.9815903329873,84.32062499923632,0
6358,754.0784835829982,67.85970903001726,0
6359,754.1588991670287,98.33675000118092,0
6360,754.2697933749878,129.69379202695563,0
6361,754.4120532079833,106.54570901533589,0
6362,754.5311451249872,96.37670801021159,0
6363,754.6400684579858,111.02025001309812,0
6364,754.7636331670219,137.08733301609755,0
6365,754.9132854579948,103.89362502610311,0
6366,755.0284412080073,74.98333399416879,0
6367,755.115982791991,134.90187498973683,0
6368,755.2634764999966,119.91162499180064,0
6369,755.3945642500184,74.01570799993351,0
6370,755.4811359579908,94.15675001218915,0
6371,755.5878651670064,56.389625009614974,0
6372,755.6568247079849,143.21841701166704,0
6373,755.8126853330177,137.05112499883398,0
6374,755.9623273329926,106.62637499626726,0
6375,756.0815146249952,44.25775003619492,0
6376,756.1383273330284,112.43999999715015,0
6377,756.2633539580274,130.87716698646545,0
6378,756.4068134999834,60.57504203636199,0
6379,756.4799321669852,125.06066600326449,0
6380,756.6175433330354,107.07933397497982,0
6381,756.7371755419881,91.30379103589803,0
6382,756.8394198750029,127.25212500663474,0
6383,756.9793389170081,120.16470800153911,0
6384,757.1106307919836,157.2436250280589,0
6385,757.2804225829896,88.39095901930705,0
6386,757.381383083004,97.51429199241102,0
6387,757.4914735000348,115.09183299494907,0
6388,757.6192314170185,93.23591599240899,0
6389,757.7250582919805,136.01737504359335,0
6390,757.8736602499848,122.9934580042027,0
6391,758.0067501669982,139.10783303435892,0
6392,758.1584102500346,81.65174996247515,0
6393,758.2526397500187,97.27133298292756,0
6394,758.3606894580298,127.76295898947865,0
6395,758.5010687080212,101.58366698306054,0
6396,758.6153940830263,85.8864999609068,0
6397,758.7118033330189,82.97987497644499,0
6398,758.8073986670352,21.23162499628961,0
6399,758.8412259580218,158.360791974701,0
6400,759.0122442499851,89.20545800356194,0
6401,759.1139940419816,81.27029100432992,0
6402,759.2078156670323,79.00487497681752,0
6403,759.2994066249812,93.21687504416332,0
6404,759.405197791988,100.027458043769,0
6405,759.5178117500036,133.20483302231878,0
6406,759.6635670830146,113.7857919675298,0
6407,759.7899164580158,91.18129196576774,0
6408,759.8923882920062,80.85354103241116,0
6409,759.9842677080305,97.29941695695743,0
6410,760.0941129580024,114.02337503386661,0
6411,760.2206916669966,95.41975002503023,0
6412,760.328663250024,77.74537499062717,0
6413,760.4189726249897,107.74295800365508,0
6414,760.5374409580254,61.38791696866974,0
6415,760.6113924169913,139.09158302703872,0
6416,760.7606627499918,98.7258329987526,0
6417,760.871644083003,94.75191700039431,0
6418,760.9773105829954,172.3599589895457,0
6419,761.1622502080281,93.42633397318423,0
6420,761.2682772920234,122.00295797083527,0
6421,761.4014497920289,109.48295798152685,0
6422,761.523558542016,37.43766597472131,0
6423,761.5736258330289,68.4744999743998,0
6424,761.6547103330377,108.13099995721132,0
6425,761.7754324999987,115.95458298688754,0
6426,761.9017435000278,87.0274169719778,0
6427,762.0013684580335,117.78354196576402,0
6428,762.1317572499975,83.40308303013444,0
6429,762.2277628750307,123.26616700738668,0
6430,762.3636525420006,89.8583329981193,0
6431,762.4661117920186,95.92587500810623,0
6432,762.574643583037,46.523791970685124,0
6433,762.6337695000111,144.1680829739198,0
6434,762.7899762080051,108.88741700910032,0
6435,762.9114933750243,154.4848330086097,0
6436,763.0785460420302,73.04366596508771,0
6437,763.1628180420375,134.7142499871552,0
6438,763.3101388750365,159.3947919900529,0
6439,763.4804512920091,104.99216598691419,0
6440,763.5980700830114,93.13033398939297,0
6441,763.7023272500373,82.37774996086955,0
6442,763.7973777920124,108.0480829696171,0
6443,763.9180296669947,79.67529102461413,0
6444,764.010315291991,120.9003750118427,0
6445,764.1438333329861,95.8373750327155,0
6446,764.2522715420346,106.12458299146965,0
6447,764.3710196670145,96.86749998945743,0
6448,764.4791783749824,106.03183304192498,0
6449,764.5978266670136,88.39724998688325,0
6450,764.698838833021,101.24341701157391,0
6451,764.8115962080192,97.20174997346476,0
6452,764.920586207998,84.94712499668822,0
6453,765.0181365000317,76.96462498279288,0
6454,765.1076677920064,63.9804580132477,0
6455,765.1842093330342,109.01008395012468,0
6456,765.3035256250296,112.47975000878796,0
6457,765.4286137919989,148.0822080047801,0
6458,765.589317667007,96.10316599719226,0
6459,765.6980595419882,109.67558302218094,0
6460,765.8227348750224,174.38749998109415,0
6461,766.0097669580136,91.97716700145975,0
6462,766.114340708009,137.53200002247468,0
6463,766.2625395830255,115.77820900129154,0
6464,766.3890507080359,94.22941697994247,0
6465,766.493528083025,87.308291986119,0
6466,766.593425167026,92.03441598219797,0
6467,766.6980432919809,91.88012505182996,0
6468,766.8024988329853,105.54533405229449,0
6469,766.9206315830234,111.19429196696728,0
6470,767.0444270420121,42.53970802528784,0
6471,767.0995402919943,43.29104098724201,0
6472,767.1534767920384,77.91124994400889,0
6473,767.2439598329947,121.78537499858066,0
6474,767.378588667023,97.26770798442885,0
6475,767.4884733750368,120.08599995169789,0
6476,767.6209177920246,84.00375000201166,0
6477,767.7175062079914,146.5466670342721,0
6478,767.8766545830294,85.72708396241069,0
6479,767.9749476250145,85.5832920060493,0
6480,768.0731221250026,45.66291702212766,0
6481,768.1307202079915,122.91529204230756,0
6482,768.2640210830141,139.68504196964204,0
6483,768.4163612499833,162.78254200005904,0
6484,768.5917475830065,96.01658402243629,0
6485,768.700459500018,69.901833019685,0
6486,768.7829345419887,156.4963330165483,0
6487,768.9517960420344,80.12229099404067,0
6488,769.0444860419957,119.42912498489022,0
6489,769.1764962080051,144.28075001342222,0
6490,769.3333550830139,54.9425840144977,0
6491,769.400916750019,135.45416697161272,0
6492,769.5489882919937,132.01533298706636,0
6493,769.6923708749819,128.77129204571247,0
6494,769.8337692079949,150.11512499768287,0
6495,769.9964774579857,119.27595903398469,0
6496,770.1267682079924,111.24545900383964,0
6497,770.2506169170374,142.94820796931162,0
6498,770.4061768330284,87.29483396746218,0
6499,770.506070457981,52.99745901720598,0
6500,770.5716783329844,81.75412501441315,0
6501,770.6660709999851,114.2807500436902,0
6502,770.7929612080334,159.05579196987674,0
6503,770.9645901669865,68.5778750339523,0
6504,771.0457339169807,53.831250057555735,0
6505,771.1121551670367,141.74029097193852,0
6506,771.2646064169821,125.86841604206711,0
6507,771.4014475829899,93.29587500542402,0
6508,771.5073382499977,108.53145801229402,0
6509,771.6284781669965,101.4374159858562,0
6510,771.7425149580231,96.16904199356213,0
6511,771.8513343330123,108.74579200753942,0
6512,771.9726662500179,53.199791989754885,0
6513,772.0372964999988,83.77229201141745,0
6514,772.1336540830089,89.72079202067107,0
6515,772.2347651250311,70.00137498835102,0
6516,772.3159474169952,119.15295803919435,0
6517,772.4476983750355,106.53541696956381,0
6518,772.5655771250022,145.51104203565046,0
6519,772.7236649169936,91.71729104127735,0
6520,772.8268745000241,100.94887501327321,0
6521,772.9384879170102,103.4957499941811,0
6522,773.0534335830016,48.154667019844055,0
6523,773.1141407079995,87.55012502660975,0
6524,773.2142637079814,106.36066703591496,0
6525,773.3318273330224,142.07545900717378,0
6526,773.4847731250338,60.514874989166856,0
6527,773.5578760000062,101.83825000422075,0
6528,773.6717352080159,63.145791995339096,0
6529,773.747426041984,71.0116249974817,0
6530,773.8306989170378,151.34733298327774,0
6531,773.9946178329992,92.0701670111157,0
6532,774.0992675829912,97.04033401794732,0
6533,774.2086552500259,71.83308299863711,0
6534,774.2930677499971,82.14424998732284,0
6535,774.3874921249808,146.97162504307926,0
6536,774.5450551250251,106.6775830113329,0
6537,774.6643595829955,124.76416700519621,0
6538,774.8017012500204,68.6532499967143,0
6539,774.8816312500276,52.480541984550655,0
6540,774.9466673749848,116.76712502958253,0
6541,775.0735452080262,123.65824996959418,0
6542,775.2097893750179,123.2909579994157,0
6543,775.345686833025,115.2828749618493,0
6544,775.4735779170296,116.46599997766316,0
6545,775.6014397920226,100.37499997997656,0
6546,775.7143980420078,106.09670798294246,0
6547,775.8331027500099,53.67170798126608,0
6548,775.8993454169831,102.3815410444513,0
6549,776.0136950000306,133.89349996577948,0
6550,776.1588853329886,130.74670900823548,0
6551,776.3022331250249,132.89983296999708,0
6552,776.4462992920307,102.84899995895103,0
6553,776.5617843749933,117.50670801848173,0
6554,776.6919048330165,87.31170900864527,0
6555,776.7918183750007,97.96720801386982,0
6556,776.9023587920237,135.45925001380965,0
6557,777.0504032080062,117.94558400288224,0
6558,777.1809372919961,202.94950000243261,0
6559,777.396499250026,133.21274996269494,0
6560,777.5423209170112,68.04279098287225,0
6561,777.6209235829883,87.69695903174579,0
6562,777.7205821670359,74.84483299776912,0
6563,777.8075100830174,109.97691698139533,0
6564,777.9301014579833,94.71441700588912,0
6565,778.0367530829972,97.49904199270532,0
6566,778.1461357920198,91.28900000359863,0
6567,778.249626957986,44.086167006753385,0
6568,778.3049629580346,54.92320895427838,0
6569,778.3705604579882,104.3069590232335,0
6570,778.4874210419948,106.64995800470933,0
6571,778.6042335419916,61.39116600388661,0
6572,778.6782277500024,102.82616701442748,0
6573,778.793666750018,152.9075829894282,0
6574,778.9594674170366,89.8706250009127,0
6575,779.0619423750322,158.3969169878401,0
6576,779.2321683749906,93.5781670268625,0
6577,779.3383434580173,139.77845897898078,0
6578,779.4911097920267,61.08733295695856,0
6579,779.5648009169963,104.41900003934279,0
6580,779.68181525002,112.73554200306535,0
6581,779.8081591670052,112.79170803027228,0
6582,779.9335704169935,126.8664580420591,0
6583,780.0730542080128,90.7001249724999,0
6584,780.1763367499807,145.15316701726988,0
6585,780.3340730830096,101.04545898502693,0
6586,780.4477144170087,76.74920797580853,0
6587,780.5351525830338,133.61550000263378,0
6588,780.6813566249912,73.04333301726729,0
6589,780.7670304580242,0.3212919691577554,0
6590,780.7799000000232,148.62774999346584,0
6591,780.941118583025,58.8233339949511,0
6592,781.0125063750311,150.5617499933578,0
6593,781.1740872500231,105.54449999472126,0
6594,781.2899507920374,80.00229095341638,0
6595,781.3820850829943,103.04120898945257,0
6596,781.4977541670087,121.03633297374472,0
6597,781.6314219170017,89.03370803454891,0
6598,781.733056875004,64.14187501650304,0
6599,781.8098291250062,127.32566701015458,0
6600,781.9497556249844,112.40470805205405,0
6601,782.0747700830107,118.59933397499844,0
6602,782.2034625830129,97.18908398644999,0
6603,782.3132154170307,73.92324996180832,0
6604,782.3991463329876,97.92200004449114,0
6605,782.5095691250172,56.5135829965584,0
6606,782.5787033750094,130.88291697204113,0
6607,782.722224541998,97.86454099230468,0
6608,782.8326505000005,124.62204199982807,0
6609,782.9684748750296,121.5936669614166,0
6610,783.1014504579944,122.33679200289771,0
6611,783.2347848750069,100.19204200943932,0
6612,783.345414499985,103.08179201092571,0
6613,783.4611146249808,70.71895804256201,0
6614,783.5428308330011,122.20812501618639,0
6615,783.6776357500348,45.22195796016604,0
6616,783.7349469169858,66.80045800749213,0
6617,783.814333916991,104.4554160325788,0
6618,783.9289897920098,99.67991599114612,0
6619,784.0412810000125,117.32295801630244,0
6620,784.1711262920289,123.85104096028954,0
6621,784.3075599580188,118.60099999466911,0
6622,784.4387716670171,109.04187499545515,0
6623,784.5583267920301,179.4967500027269,0
6624,784.7504222500138,160.64524999819696,0
6625,784.923678082996,121.27083400264382,0
6626,785.0575294999871,186.4274170366116,0
6627,785.2565616670181,138.37520801462233,0
6628,785.4075381670264,94.13691598456353,0
6629,785.5138192499871,82.15520804515108,0
6630,785.6085977079929,66.92333403043449,0
6631,785.6870805830113,71.43308402737603,0
6632,785.7701252080151,113.61645901342854,0
6633,785.8939508330077,90.88550001615658,0
6634,785.9974362920038,145.4595000250265,0
6635,786.1550138749881,80.38212504470721,0
6636,786.247976041981,115.63729104818776,0
6637,786.3756267920253,100.2279999665916,0
6638,786.4884569580317,150.9362499928102,0
6639,786.6512099170359,85.2492909762077,0
6640,786.7490584580228,124.11437497939914,0
6641,786.8851551670232,151.27791598206386,0
6642,787.0489930830081,97.26545901503414,0
6643,787.1588381670299,70.33637497806922,0
6644,787.2403158330126,94.87416699994355,0
6645,787.3482231250382,84.48704198235646,0
6646,787.4437542500091,118.85324999457225,0
6647,787.5752287079813,130.09370904183015,0
6648,787.7179462920176,117.21629096427932,0
6649,787.8478099170025,89.25720799015835,0
6650,787.9496851250296,108.06691698962823,0
6651,788.0682756670285,137.19945796765387,0
6652,788.2158006249811,52.60812502820045,0
6653,788.2810196250211,60.548916982952505,0
6654,788.3541962500312,82.57287496235222,0
6655,788.4493887500139,87.84116699825972,0
6656,788.5492078330135,84.09662498161197,0
6657,788.6459335000254,146.05933299753815,0
6658,788.8028457080363,167.8322499501519,0
6659,788.9832806669874,74.02600004570559,0
6660,789.0681099580252,81.17316698189825,0
6661,789.1618969580159,94.84362497460097,0
6662,789.2693530829856,116.92720901919529,0
6663,789.3989117920282,84.95837496593595,0
6664,789.4964962920058,120.74270797893405,0
6665,789.6298207920045,86.63579099811614,0
6666,789.729041707993,106.14212503423914,0
6667,789.8477608750109,106.00675002206117,0
6668,789.9663664170075,75.26725000934675,0
6669,790.0543690830236,117.14558396488428,0
6670,790.182086832996,94.38704198691994,0
6671,790.2891205420019,46.28833301831037,0
6672,790.3461991670192,41.012583009433,0
6673,790.399864749983,135.23275003535673,0
6674,790.5477330419817,133.8576660491526,0
6675,790.6943238329841,104.57500000484288,0
6676,790.810689417005,111.30774999037385,0
6677,790.9325420419918,115.88841601042077,0
6678,791.0610611250158,103.11545798322186,0
6679,791.1764595829882,130.81879203673452,0
6680,791.3199113330338,131.46337500074878,0
6681,791.4640761670307,104.46616599801928,0
6682,791.579865208012,146.68895897921175,0
6683,791.7379364999942,166.16141702979803,0
6684,791.9166976670385,68.61662497976795,0
6685,791.9978918749839,78.950708033517,0
6686,792.0877140830271,116.25708400970325,0
6687,792.216569167038,70.30074996873736,0
6688,792.2994722920121,107.90408297907561,0
6689,792.4181274999864,61.854208004660904,0
6690,792.4905391249922,109.03875000076368,0
6691,792.610181541997,107.6990410219878,0
6692,792.7304939170135,104.65208301320672,0
6693,792.8477569170063,99.50541600119323,0
6694,792.9577818330145,105.36487499484792,0
6695,793.0747507500346,76.95083296857774,0
6696,793.164076666988,113.26783301774412,0
6697,793.2899619999807,98.66466704988852,0
6698,793.4012549580075,167.55637497408316,0
6699,793.579609791981,121.34291604161263,0
6700,793.7135433750227,120.17587496666238,0
6701,793.8463200420374,151.52849996229634,0
6702,794.0096787500079,116.13391700666398,0
6703,794.1384046670282,138.05945799686015,0
6704,794.287273916998,116.66629102546722,0
6705,794.4165827920078,140.18870802829042,0
6706,794.5684795000125,100.30258301412687,0
6707,794.6813713330193,67.10649997694418,0
6708,794.7610790419858,119.6493330062367,0
6709,794.8933371250168,85.8396670082584,0
6710,794.9898804579861,65.05595904309303,0
6711,795.0675118329818,93.62958400743082,0
6712,795.173704957997,144.40666703740135,0
6713,795.3307018330088,82.55200000712648,0
6714,795.4250360000296,139.53841698821634,0
6715,795.5771780420328,109.96179096400738,0
6716,795.698421832989,127.99054203787819,0
6717,795.8367958749877,105.71095801424235,0
6718,795.9538637500373,126.17816694546491,0
6719,796.0926466250094,87.90712500922382,0
6720,796.1931505420362,45.36470799939707,0
6721,796.2499071250204,139.63620801223442,0
6722,796.4014259999967,100.40970798581839,0
6723,796.5124960829853,89.25054204883054,0
6724,796.6138303329935,149.57420900464058,0
6725,796.776020875026,101.11983300885186,0
6726,796.8897298750235,145.42395796161145,0
6727,797.0477700830088,66.49829202797264,0
6728,797.1268599170144,121.74720800248906,0
6729,797.2589816250256,105.25345796486363,0
6730,797.3756606249954,110.5105000315234,0
6731,797.4987869579927,105.03641702234745,0
6732,797.616453625029,104.07270799623802,0
6733,797.7331628330285,102.31824999209493,0
6734,797.8480908750207,106.28424998139963,0
6735,797.967048541992,86.82875003432855,0
6736,798.0664987080381,108.15670900046825,0
6737,798.1851627079886,81.09625003999099,0
6738,798.2765204170137,91.37024998199195,0
6739,798.3805164170335,104.53224997036159,0
6740,798.4964658750105,102.16579202096909,0
6741,798.6112935420242,105.41620798176154,0
6742,798.7293382500065,95.3087920206599,0
6743,798.8350776670268,97.77516598114744,0
6744,798.9455393750104,126.04008300695568,0
6745,799.0841752500273,123.01887496141717,0
6746,799.2181478749844,139.86758299870417,0
6747,799.3684932499891,97.92487503727898,0
6748,799.4790138329845,83.26916705118492,0
6749,799.574907000002,88.58116698684171,0
6750,799.6760820830241,109.3840419780463,0
6751,799.7975616669864,105.0007080193609,0
6752,799.9138894170173,20.028874976560473,0
6753,799.9448583330377,89.16241698898375,0
6754,800.0466299999971,88.44362501986325,0
6755,800.1454402080271,89.72341701155528,0
6756,800.2477712919936,53.93716599792242,0
6757,800.314307667024,158.23766600806266,0
6758,800.4847799999989,118.29341703560203,0
6759,800.6157503750292,164.47766695637256,0
6760,800.7928402079851,60.68679201416671,0
6761,800.8661170830019,126.27308402443305,0
6762,801.0049849579809,91.44783404190093,0
6763,801.1069162500207,100.90695798862725,0
6764,801.220443875005,142.52325001871213,0
6765,801.3735473330016,140.62241703504696,0
6766,801.5313131670118,75.18729101866484,0
6767,801.6187502079993,75.06666699191555,0
6768,801.7064104999881,159.72066699760035,0
6769,801.8787519999896,82.94616703642532,0
6770,801.9742980829906,46.098042046651244,0
6771,802.0316676670336,148.87345797615126,0
6772,802.1931482499931,65.09925000136718,0
6773,802.2708349580062,107.01283399248496,0
6774,802.3905013329932,129.3944999924861,0
6775,802.5325192920282,143.322707968764,0
6776,802.6868056670064,105.61124997911975,0
6777,802.8034902919899,115.24425004608929,0
6778,802.9313309169956,94.17791600571945,0
6779,803.0380960420007,103.14954101340845,0
6780,803.1538340830011,181.18583399336785,0
6781,803.3464559580316,73.758166981861,0
6782,803.4327960829833,102.61608404107392,0
6783,803.548011625011,87.99370797351003,0
6784,803.6485950000351,72.50116695649922,0
6785,803.733650374983,107.6512920553796,0
6786,803.853866917023,144.33408301556483,0
6787,804.010788124986,72.56104203406721,0
6788,804.0959488750086,88.23245798703283,0
6789,804.1967991249985,157.42737503023818,0
6790,804.3657174580148,116.08941701706499,0
6791,804.4944333750173,128.1225419952534,0
6792,804.6347775830072,127.75370897725224,0
6793,804.7752010829863,108.57170901726931,0
6794,804.8964093329851,104.90379203110933,0
6795,805.0124825420207,92.43174997391179,0
6796,805.1175324170035,89.75804102374241,0
6797,805.2198855000315,155.2527080057189,0
6798,805.3877477500355,162.61133295483887,0
6799,805.5629837919842,143.35291599854827,0
6800,805.7180988329928,110.26233399752527,0
6801,805.8409262920031,155.4920410271734,0
6802,806.008318874985,80.8720420463942,0
6803,806.1014398330008,127.51358398236334,0
6804,806.2402885000338,87.02291699592024,0
6805,806.3399052080349,138.7717499746941,0
6806,806.4899253750336,75.35754196578637,0
6807,806.5778909579967,116.15683400304988,0
6808,806.7066456250031,91.03441698243842,0
6809,806.8102889999864,103.15325000556186,0
6810,806.9260210000211,86.60499996040016,0
6811,807.0252178329974,91.88666701084003,0
6812,807.1284526250092,75.46845800243318,0
6813,807.2155194170191,111.80045799119398,0
6814,807.3398937080055,127.74754199199378,0
6815,807.4802795419819,121.22604105388746,0
6816,807.6134256250225,100.7460419787094,0
6817,807.7263097920222,102.43420797633007,0
6818,807.8413869580254,136.44104200648144,0
6819,807.9903895829921,164.99670903431252,0
6820,808.1671072919853,98.94541604444385,0
6821,808.278656999988,108.44741703476757,0
6822,808.3972706249915,95.63762502511963,0
6823,808.5055025420152,57.0767080062069,0
6824,808.5747702500084,98.65337499650195,0
6825,808.6847714169999,100.23741598706692,0
6826,808.7975982920034,112.630249990616,0
6827,808.9228425420006,104.15441601071507,0
6828,809.039591333014,86.77004202036187,0
6829,809.1368121249834,78.63191701471806,0
6830,809.2290931250318,122.5892499787733,0
6831,809.3642869580071,71.17975002620369,0
6832,809.4480516670155,56.952415965497494,0
6833,809.5175746250316,118.96370799513534,0
6834,809.6477530419943,148.3578330371529,0
6835,809.8087230829988,126.36487500276417,0
6836,809.9476985830115,128.715333994478,0
6837,810.0890169580234,88.76316697569564,0
6838,810.1903841249878,72.34912499552593,0
6839,810.2753064580029,103.35500002838671,0
6840,810.3912447920302,68.84254096075892,0
6841,810.4721169580007,132.13754200842232,0
6842,810.6168564580148,58.92054201103747,0
6843,810.6883617499843,85.1660420303233,0
6844,810.7861677500186,93.25354197062552,0
6845,810.8902765000239,94.83466699020937,0
6846,810.997714666999,109.49395800707862,0
6847,811.119816416991,68.15166602609679,0
6848,811.1982337500085,145.04879200831056,0
6849,811.3534739169991,163.5815409827046,0
6850,811.5296571250074,116.39708298025653,0
6851,811.6586550420034,149.00600002147257,0
6852,811.8202861250029,78.88816698687151,0
6853,811.9117807500297,145.89729200815782,0
6854,812.0703193750232,96.97249997407198,0
6855,812.1799727079924,95.02391703426838,0
6856,812.285153667035,67.73816596250981,0
6857,812.3635026250267,76.36754197301343,0
6858,812.4524904169957,33.546124992426485,0
6859,812.4986987499869,105.13804201036692,0
6860,812.6164483330213,146.3696249993518,0
6861,812.7754228329868,114.7016670438461,0
6862,812.9014554580208,132.1768339839764,0
6863,813.0462488330086,125.6441249861382,0
6864,813.184495708032,138.21574999019504,0
6865,813.3353199579869,155.3660420468077,0
6866,813.5032852499862,86.39416703954339,0
6867,813.600990750012,126.98579201241955,0
6868,813.740578625002,121.41875002998859,0
6869,813.874178750033,140.06695797434077,0
6870,814.0268414579914,115.22620904725045,0
6871,814.1547025000327,146.4379579992965,0
6872,814.313740624988,89.93479202035815,0
6873,814.4162363749929,101.96304199052975,0
6874,814.5307767080376,114.10599999362603,0
6875,814.6574991249945,118.25945798773319,0
6876,814.7868242500117,148.6159579944797,0
6877,814.9480617500376,118.06629196507856,0
6878,815.0798225830076,63.54670901782811,0
6879,815.1559487500344,97.12645795661956,0
6880,815.2656539580203,52.99870896851644,0
6881,815.331214167003,77.62395800091326,0
6882,815.4214271249948,75.76395804062486,0
6883,815.5098241670057,40.44712497852743,0
6884,815.5616267499863,82.99420803086832,0
6885,815.6571982500027,61.1704170005396,0
6886,815.7309413329931,89.98887502821162,0
6887,815.8335534579819,99.91333400830626,0
6888,815.9450420000358,84.45129200117663,0
6889,816.0420843330212,94.92008399683982,0
6890,816.1493839580216,68.98741697659716,0
6891,816.230945917021,122.81462497776374,0
6892,816.3663559579873,118.7499170191586,0
6893,816.4976561670192,128.41629097238183,0
6894,816.6368237499846,118.75350004993379,0
6895,816.7681912080152,45.80579197499901,0
6896,816.8265821249806,106.10891703981906,0
6897,816.9452681670082,85.36324999295175,0
6898,817.0432321249973,65.5880420235917,0
6899,817.1214070830029,148.65395898232237,0
6900,817.2813910419936,132.55174999358132,0
6901,817.4265313330106,69.99262497993186,0
6902,817.507897250005,154.0411250316538,0
6903,817.6740397920366,68.55908298166469,0
6904,817.7534690420143,122.86062497878447,0
6905,817.8875051250216,38.43170800246298,0
6906,817.938507792016,51.42333300318569,0
6907,818.0025260419934,134.64058301178738,0
6908,818.149767416995,127.70712503697723,0
6909,818.2900717920274,138.7267079553567,0
6910,818.4413952080067,81.52170898392797,0
6911,818.5355260000215,81.32599998498335,0
6912,818.6294474169845,97.61750005418435,0
6913,818.7396250829916,148.13874999526888,0
6914,818.9003482080298,64.84041700605303,0
6915,818.9777747080079,104.12962501868606,0
6916,819.0925281670061,104.73166598239914,0
6917,819.2089140830212,69.55062499037012,0
6918,819.2898925830377,52.4267089786008,0
6919,819.3537655000109,110.58479198254645,0
6920,819.4756596250227,140.48566698329523,0
6921,819.6287563330261,67.39241699688137,0
6922,819.7087411670364,126.80587498471141,0
6923,819.8482197499834,63.540250004734844,0
6924,819.9244417920127,127.68620799761266,0
6925,820.0647343330202,103.03100000601262,0
6926,820.1793935830356,117.31854197569191,0
6927,820.3092965830001,119.484500028193,0
6928,820.4413716249983,99.22233299585059,0
6929,820.5532051250339,88.03395798895508,0
6930,820.6519401670084,163.78412500489503,0
6931,820.8282652919879,128.41112504247576,0
6932,820.9692867079866,91.52133401948959,0
6933,821.0723722080002,101.86808399157599,0
6934,821.186813791981,71.41358300577849,0
6935,821.2684960830375,105.84704199573025,0
6936,821.3851552080014,137.5154170091264,0
6937,821.5347737499978,108.53870800929144,0
6938,821.6554986250121,95.48391698626801,0
6939,821.7633561670082,152.36566599924117,0
6940,821.9263068750151,45.80729198642075,0
6941,821.9834282500087,110.53791700396687,0
6942,822.1065895000356,86.0698749893345,0
6943,822.2038379170117,144.8035829816945,0
6944,822.3600642920355,149.17454100213945,0
6945,822.5202161250054,45.88462499668822,0
6946,822.5787063330063,114.46870898362249,0
6947,822.7033514580107,199.19262500479817,0
6948,822.9151641670032,176.9383330247365,0
6949,823.1046961250249,138.57829198241234,0
6950,823.2558769999887,97.93320804601535,0
6951,823.3664191249991,81.50345803005621,0
6952,823.4581117500202,109.6344169927761,0
6953,823.5803462080075,88.47170899389312,0
6954,823.6814160830108,106.33216699352488,0
6955,823.8003712500213,87.3623329680413,0
6956,823.899065042031,93.39016600279137,0
6957,824.0034969170229,119.35416597407311,0
6958,824.1332786669955,101.8639579997398,0
6959,824.2477449169965,22.442625020630658,0
6960,824.2827656670124,182.67854099394754,0
6961,824.4780427500373,168.83170796791092,0
6962,824.6594872919959,110.62266601948068,0
6963,824.78269404202,126.28054100787267,0
6964,824.9215944170137,99.19400000944734,0
6965,825.0334066250362,96.83424996910617,0
6966,825.1428268750315,75.20812499569729,0
6967,825.2306178330327,157.80812496086583,0
6968,825.4010347920121,83.97579099982977,0
6969,825.4954351250199,125.57804200332612,0
6970,825.6336845420301,69.39270795555785,0
6971,825.7156938749831,75.38787502562627,0
6972,825.803677125019,106.19562497595325,0
6973,825.9224692499847,69.53962502302602,0
6974,826.0045851250179,94.35304201906547,0
6975,826.110790583014,80.98862500628456,0
6976,826.2035002920311,106.67329095304012,0
6977,826.3227625830332,97.76254196185619,0
6978,826.4331546250032,85.62387502752244,0
6979,826.5313687500311,103.66616694955155,0
6980,826.6473986670026,160.34016601042822,0
6981,826.8185178330168,112.93133400613442,0
6982,826.944139291998,101.4947080402635,0
6983,827.0582114999997,150.62254201620817,0
6984,827.2199564999901,150.84916702471673,0
6985,827.3820627080277,98.97404199000448,0
6986,827.4923776250216,91.3816670072265,0
6987,827.5963527080021,0.3378340043127537,0
6988,827.6092382080387,53.73320897342637,0
6989,827.6755818329984,44.73262501414865,0
6990,827.7328752499889,59.89220802439377,0
6991,827.8053323749918,146.72095800051466,0
6992,827.96462087502,17.65495800646022,0
6993,827.9948570830165,91.15033398848027,0
6994,828.0979829580174,112.47083399211988,0
6995,828.222367624985,125.44875004095957,0
6996,828.3579569170251,85.56599996518344,0
6997,828.4561206250219,152.1755830035545,0
6998,828.6209190830123,97.18620899366215,0
6999,828.7289220000384,55.62124995049089,0
7000,828.7971857500379,100.24775000056252,0
7001,828.910045000026,132.25274998694658,0
7002,829.0537992080208,81.29691699286923,0
7003,829.1477115000016,156.56133298762143,0
7004,829.3166358750314,119.89583296235651,0
7005,829.4491015420062,144.05483298469335,0
7006,829.6034953329945,84.98695900198072,0
7007,829.701079624996,109.7355000092648,0
7008,829.8234125419986,83.98774999659508,0
7009,829.9181074579828,121.30295904353261,0
7010,830.0518585829996,105.29358399799094,0
7011,830.1697512920364,138.46699998248369,0
7012,830.3194171669893,94.7592500015162,0
7013,830.4267785830307,24.405249976553023,0
7014,830.4637660830049,129.26508398959413,0
7015,830.6034946250147,98.17804198246449,0
7016,830.7138257499901,132.99112499225885,0
7017,830.8574459580122,47.296708973590285,0
7018,830.9154588329839,86.65695902891457,0
7019,831.0138169170241,129.76250000065193,0
7020,831.1551852080156,84.92504199966788,0
7021,831.2514384170063,62.714583007618785,0
7022,831.3267549580196,89.52995896106586,0
7023,831.428380917001,70.76166599290445,0
7024,831.5117244999856,101.57491703284904,0
7025,831.6259104580386,94.61141697829589,0
7026,831.7331425420125,92.71758300019428,0
7027,831.8384926249855,108.77037502359599,0
7028,831.9599489999819,168.77304203808308,0
7029,832.1413307500188,72.45074998354539,0
7030,832.226409792027,116.41758296173066,0
7031,832.3554565419909,122.08587501663715,0
7032,832.4901821670355,119.01529098395258,0
7033,832.6209202500177,127.35974998213351,0
7034,832.7608675829833,49.08487503416836,0
7035,832.8201588329975,146.36658399831504,0
7036,832.979128832987,121.0111670079641,0
7037,833.1127322500106,141.0481670172885,0
7038,833.2663787500351,146.28691697726026,0
7039,833.4253315420356,105.32258299645036,0
7040,833.540902000037,102.90970798814669,0
7041,833.6564409999992,81.93604199914262,0
7042,833.7509413750377,94.24374997615814,0
7043,833.8578137080185,101.51170898461714,0
7044,833.9719204169814,129.82412503333762,0
7045,834.1143331670319,87.33095799107105,0
7046,834.2138457919937,27.634875033982098,0
7047,834.2540569999837,70.51345804939047,0
7048,834.3358197080088,123.16279200604185,0
7049,834.4716205419973,110.35370803438127,0
7050,834.5945831250283,23.728333006147295,0
7051,834.6308983750059,117.92866699397564,0
7052,834.7602079170174,107.82554099569097,0
7053,834.8806395829888,129.48316702386364,0
7054,835.0227630829904,69.79104201309383,0
7055,835.1046341669862,108.5055410512723,0
7056,835.2257262080093,97.81395900063217,0
7057,835.3351904579904,81.3516250345856,0
7058,835.4277749169851,121.3205000385642,0
7059,835.5616801669821,131.4177910098806,0
7060,835.7057065420086,146.88999997451901,0
7061,835.865209541982,58.572875044774264,0
7062,835.9351890420076,113.67391602834687,0
7063,836.0605093330378,81.82166697224602,0
7064,836.1534192499821,78.34729203023016,0
7065,836.2421479999903,123.65741701796651,0
7066,836.3784229999874,99.08716700738296,0
7067,836.490087083017,75.62524999957532,0
7068,836.5782218750101,122.11804202524945,0
7069,836.7112090419978,102.86629101028666,0
7070,836.8266601249925,92.56550000282004,0
7071,836.9317983330111,115.76029198477045,0
7072,837.0589643330313,138.49729200592265,0
7073,837.2086290830048,113.53612499078736,0
7074,837.3347384579829,119.27670903969556,0
7075,837.4666112920386,144.5532079669647,0
7076,837.6237268749974,86.33620798354968,0
7077,837.7226598330308,145.74074995471165,0
7078,837.8810116249952,82.4030420044437,0
7079,837.975988249993,104.85566704301164,0
7080,838.092489792034,126.51241599814966,0
7081,838.2315884170239,44.5819579763338,0
7082,838.2887393750134,64.90616698283702,0
7083,838.366019167006,94.51779100345448,0
7084,838.4731185419951,102.77354100253433,0
7085,838.5884690000094,179.60600001970306,0
7086,838.7798169580055,108.72000001836568,0
7087,838.9011522079818,107.58725000778213,0
7088,839.0213333329884,108.02241700002924,0
7089,839.1419604580151,48.67308400571346,0
7090,839.2032379580196,86.89358399715275,0
7091,839.3018505420187,90.98795801401138,0
7092,839.4031332500163,111.1268749809824,0
7093,839.5263356670039,116.99195799883455,0
7094,839.6538292919868,119.90458302898332,0
7095,839.7847895000014,127.59204203030095,0
7096,839.9249758329825,102.11312503088266,0
7097,840.0386860829894,104.80274999281392,0
7098,840.156092707999,55.53374998271465,0
7099,840.22421700001,77.92975002666935,0
7100,840.3138450830011,133.03954200819135,0
7101,840.4594957919908,42.483708006329834,0
7102,840.5145888749976,105.80716701224446,0
7103,840.6330007080105,81.04708400787786,0
7104,840.7266500419937,146.45733300130814,0
7105,840.885686499998,129.1463749948889,0
7106,841.0274426250253,43.04141696775332,0
7107,841.0824869170319,119.24145795637742,0
7108,841.212944583036,134.19649994466454,0
7109,841.358226958022,166.8495839694515,0
7110,841.5376589579973,106.68299999088049,0
7111,841.6567172079813,104.77341705700383,0
7112,841.7740908749984,51.18770798435435,0
7113,841.8364973749849,133.79074999829754,0
7114,841.9828828329919,71.25887501752004,0
7115,842.0648029170115,85.67029098048806,0
7116,842.1615500000189,111.23320797923952,0
7117,842.2847717080149,118.08216699864715,0
7118,842.4148799580289,56.08470900915563,0
7119,842.4835353750386,80.69287496618927,0
7120,842.5768391250167,100.45399999944493,0
7121,842.6899182079942,81.38400001917034,0
7122,842.7826985830325,97.28908399119973,0
7123,842.8925753750373,104.9604169675149,0
7124,843.0090666250326,131.7672499571927,0
7125,843.1534544579918,37.74100000737235,0
7126,843.201850707992,107.46612504590303,0
7127,843.321916542016,66.00849999813363,0
7128,843.4005027500098,113.14999999012798,0
7129,843.5262481670361,139.1567909740843,0
7130,843.678035082994,68.44220904167742,0
7131,843.759043833008,128.34337499225512,0
7132,843.8999834579881,90.36670904606581,0
7133,844.001463624998,29.368249990511686,0
7134,844.0434070830233,80.40933398297057,0
7135,844.1347932920326,128.42733296565711,0
7136,844.2747472500196,95.1141249970533,0
7137,844.3825030419976,107.19508299371228,0
7138,844.5014406249975,82.65462500276044,0
7139,844.5950674579944,145.55391704197973,0
7140,844.7514364999952,105.79691699240357,0
7141,844.8681002079975,118.2408340391703,0
7142,844.9989328330266,88.15362496534362,0
7143,845.0990927920211,119.01795800076798,0
7144,845.2307549170218,96.8731659813784,0
7145,845.3402764580096,130.55058399913833,0
7146,845.4812422500108,123.7281669746153,0
7147,845.6175810830318,87.63137500500306,0
7148,845.7178127079969,102.29562502354383,0
7149,845.8326936250087,87.7483329968527,0
7150,845.9330322919996,65.80312503501773,0
7151,846.0103794169845,93.01945799961686,0
7152,846.1139447920141,71.59424998098984,0
7153,846.1960534999962,107.66475001582876,0
7154,846.3162854170077,104.10145798232406,0
7155,846.4329724999843,100.7990000071004,0
7156,846.546344375005,85.39345802273601,0
7157,846.6443241669913,87.68120803870261,0
7158,846.7446019169874,136.17516600061208,0
7159,846.8926476250053,115.84504198981449,0
7160,847.0217940000002,95.00879200641066,0
7161,847.1294431249844,108.76412503421307,0
7162,847.2508070000331,101.13587498199195,0
7163,847.3645529170171,127.47562502045184,0
7164,847.5046312920167,133.21558298775926,0
7165,847.6492576670134,137.78887497028336,0
7166,847.7996657920303,74.57850000355393,0
7167,847.886854832992,126.82962499093264,0
7168,848.0264018329908,91.16270899539813,0
7169,848.1301650829846,57.3698750231415,0
7170,848.1990660830052,108.40995900798589,0
7171,848.3200772500131,76.96679199580103,0
7172,848.4078801249852,64.16366703342646,0
7173,848.4846556670382,103.84804097702727,0
7174,848.5991529999883,93.32645800895989,0
7175,848.7050526250387,112.6003329991363,0
7176,848.8313399580074,120.43795897625387,0
7177,848.9643766250229,112.23674996290356,0
7178,849.0892050000257,178.91045799478889,0
7179,849.2785963750212,110.72166700614616,0
7180,849.4014375830302,133.73245898401365,0
7181,849.5477805419941,124.02429099893197,0
7182,849.6844157500309,88.2856670068577,0
7183,849.7847761670128,97.18149999389425,0
7184,849.8937879999867,64.16145799448714,0
7185,849.9705501249991,97.8117500199005,0
7186,850.0795849999995,117.64079198474064,0
7187,850.2098311670125,94.89095798926428,0
7188,850.315466583008,114.76999998558313,0
7189,850.4428561670356,101.32249997695908,0
7190,850.5555729169864,107.17241599923,0
7191,850.6753700830159,104.14645896526054,0
7192,850.7920909579843,106.29741701995954,0
7193,850.9097124580294,75.31904196366668,0
7194,850.9976232500048,98.07962499326095,0
7195,851.1083018329809,62.976667017210275,0
7196,851.1838991250261,119.89187495782971,0
7197,851.3163875000319,118.85091697331518,0
7198,851.447866875038,70.44045795919374,0
7199,851.5307462080382,170.9597499575466,0
7200,851.7138282500091,135.49833302386105,0
7201,851.8616864579963,84.13087500957772,0
7202,851.9584529169952,77.02937501017004,0
7203,852.0480854579946,77.89866701932624,0
7204,852.1381060000276,132.45545799145475,0
7205,852.2816317080287,89.94845900451764,0
7206,852.3822379169869,42.99362504389137,0
7207,852.4364069580333,73.06983397575095,0
7208,852.5220974999829,111.36687500402331,0
7209,852.6453740000143,110.5885420111008,0
7210,852.768103874987,119.00579201756045,0
7211,852.8996695420356,97.07854100270197,0
7212,853.0078051669989,32.500875007826835,0
7213,853.0528767920332,108.36937499698251,0
7214,853.1736355830217,111.69670900562778,0
7215,853.2979297499987,131.3390419818461,0
7216,853.4418575420277,82.79541600495577,0
7217,853.537267333013,135.202583973296,0
7218,853.6847637080355,148.32741697318852,0
7219,853.8456852079835,65.37783402018249,0
7220,853.9236594579997,108.98020898457617,0
7221,854.0441652500303,124.48533298447728,0
7222,854.1812487500138,96.95674997055903,0
7223,854.2908075830201,98.77083398168907,0
7224,854.3997406249982,122.65529198339209,0
7225,854.5337535419967,134.83070803340524,0
7226,854.681218541984,98.75908301910385,0
7227,854.7925870830077,68.6402500141412,0
7228,854.8738362499862,103.87045802781358,0
7229,854.9897286670166,117.19266598811373,0
7230,855.1184032500023,126.10587500967085,0
7231,855.2567237080075,116.13945901626721,0
7232,855.3854814579827,116.22466699918732,0
7233,855.5143522500293,132.62262498028576,0
7234,855.6583861670224,85.14045795891434,0
7235,855.7561881670263,118.34891600301489,0
7236,855.8858032500139,37.871833017561585,0
7237,855.9357846670318,94.15879100561142,0
7238,856.0410610000254,99.35120795853436,0
7239,856.1524695419939,109.87641604151577,0
7240,856.275014874991,103.14304201165214,0
7241,856.3898962499807,86.08687500236556,0
7242,856.4886468750192,63.36141697829589,0
7243,856.5645923750126,134.05633298680186,0
7244,856.7097927919822,98.09887502342463,0
7245,856.8193678749958,151.4356250409037,0
7246,856.9833970830077,123.10066702775657,0
7247,857.1184760000324,144.07679199939594,0
7248,857.2751068749931,79.14608303690329,0
7249,857.3668060000055,142.33120798598975,0
7250,857.5217319169897,144.99829104170203,0
7251,857.6774842920131,99.29362498223782,0
7252,857.7893783749896,82.68908300669864,0
7253,857.8846404170035,128.11137503013015,0
7254,858.0253418750362,91.71983296982944,0
7255,858.1296717500081,114.47870801202953,0
7256,858.2567558750161,120.85179198766127,0
7257,858.3902327920077,112.50966601073742,0
7258,858.5153288749862,84.27354204468429,0
7259,858.6122220419929,87.44995802408084,0
7260,858.7122913750354,68.4473329456523,0
7261,858.7933512920281,88.85658299550414,0
7262,858.8948761670035,124.73774998215958,0
7263,859.0322424580227,95.95179196912795,0
7264,859.140809457982,76.535334053915,0
7265,859.2282399579999,94.17433402268216,0
7266,859.3349929579999,125.8165420149453,0
7267,859.4733940419974,85.13429103186354,0
7268,859.5693047500099,116.25133297638968,0
7269,859.6978169580107,92.69212500657886,0
7270,859.8030623749946,119.84587501501665,0
7271,859.9377937919926,134.69520799117163,0
7272,860.0850527919829,95.16166604589671,0
7273,860.1916819170001,70.27154101524502,0
7274,860.2731383750215,73.83112498791888,0
7275,860.3586906249984,73.44020798336715,0
7276,860.4431172920158,115.25783297838643,0
7277,860.5710042500286,128.43262497335672,0
7278,860.7108154169982,133.23754101293162,0
7279,860.8566079169977,64.39108302583918,0
7280,860.9335661249934,44.20695803128183,0
7281,860.9879921670072,133.93287500366569,0
7282,861.1344812500174,75.02570800716057,0
7283,861.2220747080282,117.3132499679923,0
7284,861.3519601669977,123.08741599554196,0
7285,861.4876029170118,115.00733299180865,0
7286,861.6151737080072,111.93087499123067,0
7287,861.7396613330347,110.86845898535103,0
7288,861.8609434170066,107.63237503124401,0
7289,861.9811776250135,103.30733301816508,0
7290,862.0970363750239,116.81300000054762,0
7291,862.2264105000068,41.716957988683134,0
7292,862.2806853330112,104.90445897448808,0
7293,862.3981767920195,146.24391600955278,0
7294,862.5570059170132,95.70324997184798,0
7295,862.6652774169925,87.86154101835564,0
7296,862.7656990829855,109.09616702701896,0
7297,862.8873562079971,99.25650001969188,0
7298,862.9991691670148,108.75208297511563,0
7299,863.1204987920355,63.62720800098032,0
7300,863.1966860420071,97.73137501906604,0
7301,863.3069857920054,90.1925410144031,0
7302,863.4097530830186,23.88350002001971,0
7303,863.446206166991,126.20170804439113,0
7304,863.5849539170158,79.6150829992257,0
7305,863.6751459580264,152.53083396237344,0
7306,863.8381469580345,110.09370896499604,0
7307,863.9607738330378,95.79270897665992,0
7308,864.0692040420254,91.99924999848008,0
7309,864.1716086250381,137.39916699705645,0
7310,864.3215194999939,131.23516703490168,0
7311,864.4654844169854,138.87616602005437,0
7312,864.6169122080319,111.82841699337587,0
7313,864.7413281670306,129.97008295496926,0
7314,864.8827140420326,69.46145795518532,0
7315,864.9647387079895,84.86945903860033,0
7316,865.0599527920131,95.42437497293577,0
7317,865.167922416993,126.51266600005329,0
7318,865.3070083330385,35.400374967139214,0
7319,865.3549614580115,81.94183401064947,0
7320,865.4495308329933,119.22408401733264,0
7321,865.5813209580374,94.17762496741489,0
7322,865.688091167016,64.03545796638355,0
7323,865.7646765420213,98.74445799505338,0
7324,865.8759604170336,196.6464999713935,0
7325,866.0851771250018,75.82512497901917,0
7326,866.1735586249852,95.75287502957508,0
7327,866.2818918750272,134.275707998313,0
7328,866.4285817500204,107.7307079685852,0
7329,866.5489170420333,122.113541001454,0
7330,866.6836880419869,148.6072500119917,0
7331,866.8440963330213,180.68162497365847,0
7332,867.0352041670121,83.65479100029916,0
7333,867.1314562080079,96.35162499034777,0
7334,867.2404291250277,109.0536669944413,0
7335,867.3620788750122,122.37200001254678,0
7336,867.4970527500263,102.21799998544157,0
7337,867.6117576250108,93.70533301262185,0
7338,867.7180612080265,121.18083395762369,0
7339,867.8517986669904,63.641375047154725,0
7340,867.9280020419974,124.70225000288337,0
7341,868.06527237501,121.86895799823105,0
7342,868.1997578330338,142.1232089633122,0
7343,868.354503916984,107.69395803799853,0
7344,868.4730017920374,164.18799996608868,0
7345,868.6499057080364,93.46129198092967,0
7346,868.7562165830168,140.81224997062236,0
7347,868.9096922919853,114.89529104437679,0
7348,869.0371727080201,123.85091697797179,0
7349,869.1735926670372,127.69174994900823,0
7350,869.3138577920035,116.17341602686793,0
7351,869.4426288329996,85.2112090215087,0
7352,869.540487041988,61.885791015811265,0
7353,869.6149527080124,113.3843749994412,0
7354,869.7411127919913,118.19420801475644,0
7355,869.871612042014,186.01866601966321,0
7356,870.0701842919807,73.14633304486051,0
7357,870.155876417004,100.87729099905118,0
7358,870.2693018330028,68.03349999245256,0
7359,870.3499227500288,110.7653749641031,0
7360,870.4732966250158,92.7597499685362,0
7361,870.5767982919933,142.6996660302393,0
7362,870.7320646250155,51.150791987311095,0
7363,870.7941614169977,101.20124998502433,0
7364,870.9056756669888,116.3632080424577,0
7365,871.0326709169894,96.48758301045746,0
7366,871.1400697500212,64.71458298619837,0
7367,871.2170120420051,93.62400003010407,0
7368,871.3220722079859,64.73295902833343,0
7369,871.3984314170084,97.63062500860542,0
7370,871.5087040000362,109.49095798423514,0
7371,871.6286735000322,110.41233298601583,0
7372,871.7514582499862,132.23741704132408,0
7373,871.8947412500274,78.97375000175089,0
7374,871.9862729170127,30.674375011585653,0
7375,872.028269500006,42.15133300749585,0
7376,872.0822634170181,74.64087498374283,0
7377,872.1670191250159,160.85170797305182,0
7378,872.3380866250372,74.45883296895772,0
7379,872.4251742500346,68.43262497568503,0
7380,872.5063201669836,121.7535410542041,0
7381,872.6406735419878,103.35583303822204,0
7382,872.7566172500374,115.53937499411404,0
7383,872.8847406249843,69.09987505059689,0
7384,872.9664275830146,127.91912502143532,0
7385,873.1047452500206,101.70891700545326,0
7386,873.2215884170146,113.73770801583305,0
7387,873.3468817080138,140.51837497390807,0
7388,873.5000013749814,113.74104203423485,0
7389,873.6253088330268,73.39608395705,0
7390,873.7112986670109,91.02599998004735,0
7391,873.8149418330286,45.25020899018273,0
7392,873.8727963750134,105.86820798926055,0
7393,873.9902911250247,113.71608299668878,0
7394,874.1166218750295,137.82904198160395,0
7395,874.2670661670272,113.48312499467283,0
7396,874.3922584999818,120.19541702466086,0
7397,874.5246663750149,123.23149997973815,0
7398,874.6604635420372,131.05233298847452,0
7399,874.8035177920246,73.76374996965751,0
7400,874.8874887499842,113.23829204775393,0
7401,875.0120082080248,79.39224998699501,0
7402,875.1017865419853,117.01504100346938,0
7403,875.2311730420333,164.92287500295788,0
7404,875.408774917014,117.94487497536466,0
7405,875.5393182919943,122.96891602454707,0
7406,875.6738034170121,138.49024998489767,0
7407,875.824892500008,67.85849999869242,0
7408,875.9035160000203,100.23970797192305,0
7409,876.0163827500073,112.07545798970386,0
7410,876.1410624579876,105.93600000720471,0
7411,876.2584188749897,119.3216250394471,0
7412,876.3903713329928,93.3709170203656,0
7413,876.4977490419988,87.807291012723,0
7414,876.5976590830251,132.81425001332536,0
7415,876.7430586250266,103.67787495488301,0
7416,876.8593731669826,149.62879102677107,0
7417,877.0216360000195,88.17345800343901,0
7418,877.1213129999815,149.23887501936406,0
7419,877.2832927500131,68.29899997683242,0
7420,877.3629952920019,66.33516598958522,0
7421,877.4419467080152,79.74662497872487,0
7422,877.533276333008,105.67299998365343,0
7423,877.651558374986,50.19516701577231,0
7424,877.7143569170148,111.86137498589233,0
7425,877.8368627500022,95.4809170216322,0
7426,877.9449537080363,45.4699169495143,0
7427,878.0018749579904,145.20741702290252,0
7428,878.1596810829942,114.30449999170378,0
7429,878.2856020830222,76.08083396917209,0
7430,878.3725585420034,97.86691598128527,0
7431,878.4818320419872,124.71116601955146,0
7432,878.6192109580152,61.12849997589365,0
7433,878.692317707988,63.862084003631026,0
7434,878.766810333007,109.81108399573714,0
7435,878.8892327499925,103.1836670008488,0
7436,879.0050087919808,74.40854102605954,0
7437,879.0920362080215,113.49633400095627,0
7438,879.2162965830066,50.924583978485316,0
7439,879.2798144170083,84.92854097858071,0
7440,879.3785556670045,114.88850001478568,0
7441,879.5060611250228,50.96712498925626,0
7442,879.5695992499823,63.44633304979652,0
7443,879.6451792080188,72.1117919893004,0
7444,879.7299126249854,143.3252920396626,0
7445,879.8858558750362,82.55137497326359,0
7446,879.9800282500219,138.382958015427,0
7447,880.1310100000119,144.69666697550565,0
7448,880.2882983750314,88.35974999237806,0
7449,880.3873967080144,55.56854198221117,0
7450,880.456047374988,91.68237500125542,0
7451,880.5594334580237,85.95937496284023,0
7452,880.6580320830108,102.53199998987839,0
7453,880.7710410419968,111.4185830228962,0
7454,880.8950143749826,30.132917047012597,0
7455,880.9377028330346,118.5171669931151,0
7456,881.0683673750027,162.1300419792533,0
7457,881.2430507920217,111.12466600025073,0
7458,881.3643572499859,121.58975005149841,0
7459,881.4984854169888,96.55908303102478,0
7460,881.6065043749986,56.130125012714416,0
7461,881.6752668329864,137.97512504970655,0
7462,881.8258780830074,89.03274999465793,0
7463,881.9264600420138,92.55370800383389,0
7464,882.0316263330169,120.66945899277925,0
7465,882.1639094999991,112.95366700505838,0
7466,882.2894777500187,120.39154197555035,0
7467,882.4201969580026,68.94062500214204,0
7468,882.5015824580332,145.1013750047423,0
7469,882.6588446670212,84.6527079702355,0
7470,882.756098666985,120.21004100097343,0
7471,882.8889219579869,79.26137500908226,0
7472,882.9797603330226,97.92149998247623,0
7473,883.0899748330121,85.12229198822752,0
7474,883.1897229999886,137.90750002954155,0
7475,883.3402366670198,124.55241597490385,0
7476,883.477415375004,168.63045800710097,0
7477,883.6584729999886,23.880416993051767,0
7478,883.6926287920214,66.4420829853043,0
7479,883.7715496669989,156.96245798608288,0
7480,883.9401049999869,136.70887501211837,0
7481,884.0890425830148,104.44874997483566,0
7482,884.2060969580198,64.5494589698501,0
7483,884.2832539579831,127.15641700197011,0
7484,884.4219344999874,154.3538750265725,0
7485,884.5865857920144,126.51116598863155,0
7486,884.7267162500066,73.62537499284372,0
7487,884.8129322080058,70.05195901729167,0
7488,884.8955903750029,128.49312502657995,0
7489,885.0357872500317,71.06166699668393,0
7490,885.1179032500368,92.48695796122774,0
7491,885.2229929169989,122.34216602519155,0
7492,885.355779250036,133.1051669549197,0
7493,885.4993022499839,94.60875001968816,0
7494,885.604651667003,88.87983299791813,0
7495,885.7056991250138,79.73104197299108,0
7496,885.796675916994,127.97966599464417,0
7497,885.9372497079894,183.20954201044515,0
7498,886.1318859999883,89.11350002745166,0
7499,886.2338304580189,135.63716696808115,0
7500,886.3820999580203,168.84749999735504,0
7501,886.5628517080331,68.64883395610377,0
7502,886.6440883750329,122.16954195173457,0
7503,886.7788636669866,116.04570801137015,0
7504,886.9054567500134,64.87379199825227,0
7505,886.982833874994,118.01866703899577,0
7506,887.1135055830237,114.4088750006631,0
7507,887.2389703750378,126.19970797095448,0
7508,887.3763119170326,52.86399996839464,0
7509,887.4394079580088,123.10824997257441,0
7510,887.575078541995,94.5767080411315,0
7511,887.6822168750223,134.95545799378306,0
7512,887.8298201250145,135.91366697801277,0
7513,887.9784149170155,118.59216599259526,0
7514,888.1077638330171,122.57654196582735,0
7515,888.2429598330054,121.65304197696969,0
7516,888.3772117919871,52.73412499809638,0
7517,888.4425838750321,147.53562497207895,0
7518,888.6027329170029,97.7237910265103,0
7519,888.7119100000127,90.31258302275091,0
7520,888.8142218749854,102.77833300642669,0
7521,888.9285379580106,128.25595901813358,0
7522,889.0669252920197,96.00499999942258,0
7523,889.1751599999843,77.86287501221523,0
7524,889.2644672919996,64.92291600443423,0
7525,889.3395330830244,67.83287500729784,0
7526,889.4185389580089,89.35370901599526,0
7527,889.5204715830041,138.6987500009127,0
7528,889.6706865830347,116.71612499048933,0
7529,889.799113666988,82.75612501893193,0
7530,889.8931100830087,119.79258398059756,0
7531,890.0255190000171,103.0012919800356,0
7532,890.1410796249984,48.095000034663826,0
7533,890.2017666249885,106.22337501263246,0
7534,890.3197729579988,134.94654203532264,0
7535,890.4650100829895,110.7755420380272,0
7536,890.588407125033,91.99099999386817,0
7537,890.6930181250209,71.654082974419,0
7538,890.7772427920136,114.18441601563245,0
7539,890.9029286250006,96.46000002976507,0
7540,891.0108434170252,123.97166597656906,0
7541,891.146494125016,75.47375001013279,0
7542,891.233391250018,118.76979196676984,0
7543,891.3637761669816,76.53983304044232,0
7544,891.4528802920249,93.53216597810388,0
7545,891.559027625015,112.74266697000712,0
7546,891.6843502920237,124.717666010838,0
7547,891.8203379579936,147.32241700403392,0
7548,891.9803008330055,108.30470902146772,0
7549,892.0990516670281,119.48008299805224,0
7550,892.2303542080335,97.61179197812453,0
7551,892.3405359170283,50.53195799700916,0
7552,892.4036749170045,106.38266598107293,0
7553,892.5216242080205,134.69758396968246,0
7554,892.6684145000181,93.9331249683164,0
7555,892.7727057919838,77.23291602451354,0
7556,892.8623500000103,91.16729197558016,0
7557,892.9661609579925,94.10287503851578,0
7558,893.0724212920177,69.24275000346825,0
7559,893.1521650829818,41.50787502294406,0
7560,893.2062684170087,110.42766598984599,0
7561,893.3273537500063,79.68329201685265,0
7562,893.4196588330087,106.26725002657622,0
7563,893.5373974579852,157.92533400235698,0
7564,893.7056024170015,112.87266598083079,0
7565,893.829423416988,95.73345800163224,0
7566,893.9353630419937,125.51641603931785,0
7567,894.0735349580063,102.62383398367092,0
7568,894.186683167005,58.596166025381535,0
7569,894.2563864580006,125.1148339943029,0
7570,894.391785166983,121.52254104148597,0
7571,894.5293445420102,84.8440409754403,0
7572,894.6291522079846,134.0485000400804,0
7573,894.7758182500256,94.39512499375269,0
7574,894.8827930830303,119.5681249955669,0
7575,895.0126295830123,111.19066696846858,0
7576,895.1345365830348,124.35424997238442,0
7577,895.2711750420276,100.4153749672696,0
7578,895.384157958033,89.99929198762402,0
7579,895.5010895830346,152.01958396937698,0
7580,895.6657389170141,32.33891597483307,0
7581,895.709303917014,71.7737500090152,0
7582,895.7916573330294,113.01845900015905,0
7583,895.9164604580146,88.53520901175216,0
7584,896.0159048329806,56.75933405291289,0
7585,896.0852608330315,119.70287497388199,0
7586,896.2156849169987,106.22337501263246,0
7587,896.3323729580152,21.64141699904576,0
7588,896.3665946249967,127.0659170113504,0
7589,896.505401417031,109.50404097093269,0
7590,896.6264884999837,101.06800001813099,0
7591,896.7382738750312,115.8194579766132,0
7592,896.866845624987,122.0701250131242,0
7593,896.9994583750376,94.15849996730685,0
7594,897.1060732500046,80.99774998845533,0
7595,897.1996727919905,108.30245801480487,0
7596,897.3192881250288,157.65637496951967,0
7597,897.4889627500088,113.17329201847315,0
7598,897.614936500031,119.5479579619132,0
7599,897.7471234580153,73.3134169713594,0
7600,897.833058417018,63.60233301529661,0
7601,897.9080900420086,116.00145802367479,0
7602,898.0369390830165,79.53158399323002,0
7603,898.1291599170072,115.36312499083579,0
7604,898.2573745829868,114.9703340488486,0
7605,898.3849840420298,96.8672499875538,0
7606,898.4944132079836,137.74745899718255,0
7607,898.6447018330218,75.39662497583777,0
7608,898.7311026669922,92.05629100324586,0
7609,898.8358253749902,112.06129199126735,0
7610,898.9595194170251,133.9541249908507,0
7611,899.1183309170301,61.38837500475347,0
7612,899.1927096250001,83.04962498368695,0
7613,899.2868899580208,128.68104199878871,0
7614,899.426438333001,37.29137498885393,0
7615,899.4744857500191,111.69129196787253,0
7616,899.5965958330198,72.84091698238626,0
7617,899.681643332995,80.62495902413502,0
7618,899.7734026670223,141.6568749700673,0
7619,899.9340155420359,123.4031249769032,0
7620,900.0703457500204,102.38816699711606,0
7621,900.1832786250161,97.00362500734627,0
7622,900.2928969170316,153.2744579599239,0
7623,900.4587792920065,101.55208298237994,0
7624,900.5720742500271,136.02441700641066,0
7625,900.7206854170072,87.72120799403638,0
7626,900.8209856250323,71.35245797690004,0
7627,900.903383292025,157.27541595697403,0
7628,901.0888564999914,148.37141701718792,0
7629,901.2498609580216,112.01883398462087,0
7630,901.3751359580201,92.9458339815028,0
7631,901.4807411670336,65.61549997422844,0
7632,901.5589630419854,51.34125001495704,0
7633,901.6219843330327,87.36000000499189,0
7634,901.7219706670148,104.7301659709774,0
7635,901.8383324579918,150.36912501091138,0
7636,901.998843792011,148.15745799569413,0
7637,902.1596240830258,135.3607089840807,0
7638,902.307592792029,136.05024997377768,0
7639,902.4549459170084,96.70691599603742,0
7640,902.5642271250254,127.30054196435958,0
7641,902.7041690830374,74.12566698621958,0
7642,902.7904125829809,123.97712504025549,0
7643,902.9261638750322,129.39816695870832,0
7644,903.0667139170109,105.0341660156846,0
7645,903.181938958005,159.49545899638906,0
7646,903.3989821249852,105.35200004233047,0
7647,903.6210602920037,95.83262499654666,0
7648,903.7299012920121,138.31775001017377,0
7649,903.8841130000073,128.53858299786225,0
7650,904.0253724170034,68.05595802143216,0
7651,904.1049541670363,134.97862499207258,0
7652,904.2519535419997,145.56787500623614,0
7653,904.4101993750082,18.46879202639684,0
7654,904.4412958330358,110.62666698126122,0
7655,904.5642714169808,94.62929103756323,0
7656,904.6715177919832,103.8787080324255,0
7657,904.787233458017,95.26708401972428,0
7658,904.8941328750225,132.6812079641968,0
7659,905.038337667007,92.46716601774096,0
7660,905.1426628330373,137.64566695317626,0
7661,905.292893542035,110.85687496233732,0
7662,905.416365083016,100.44158401433378,0
7663,905.5274365830119,72.79754197224975,0
7664,905.612806249992,68.08612501481548,0
7665,905.6932734170114,101.22429102193564,0
7666,905.8070673749899,64.80720802210271,0
7667,905.8844861669932,134.07850003568456,0
7668,906.0300125420326,107.23004100145772,0
7669,906.1498627500259,115.61812501167879,0
7670,906.2778087080223,154.5967499841936,0
7671,906.4450518750236,92.36687497468665,0
7672,906.5500331250369,88.01087498432025,0
7673,906.6488964580349,141.8673750013113,0
7674,906.8010752080008,144.5289590046741,0
7675,906.9568519580062,118.34783398080617,0
7676,907.0878298330354,96.48283396381885,0
7677,907.1969021669938,119.89295802777633,0
7678,907.3272301250254,82.90124998893589,0
7679,907.4227494579973,111.65604199049994,0
7680,907.5470498750219,104.68087496701628,0
7681,907.6643160830135,104.87724997801706,0
7682,907.7836081249989,111.97100003482774,0
7683,907.9082015419845,131.17575005162507,0
7684,908.0519961250247,96.11699997913092,0
7685,908.1598055420327,134.56320797558874,0
7686,908.3054610000108,63.52370802778751,0
7687,908.3802910000086,104.83858297811821,0
7688,908.4967078330228,106.7301249713637,0
7689,908.6160277500167,99.87091697985306,0
7690,908.7275160829886,40.73462501401082,0
7691,908.780823167006,127.35550000797957,0
7692,908.9207560420036,57.77679098537192,0
7693,908.9911254170001,127.74983298731968,0
7694,909.1304810420261,111.24587495578453,0
7695,909.2543109580292,131.37170899426565,0
7696,909.3979582919856,37.39250003127381,0
7697,909.4480060000205,128.8903329987079,0
7698,909.5895838750293,71.05554197914898,0
7699,909.6733494999935,60.36574998870492,0
7700,909.7523578330292,62.600124976597726,0
7701,909.8325842079939,88.36508402600884,0
7702,909.9338779579848,126.32641702657565,0
7703,910.0704159580055,108.30195900052786,0
7704,910.1897440000321,100.61349999159575,0
7705,910.301719458017,78.30795901827514,0
7706,910.392639000027,147.02262496575713,0
7707,910.5510997080128,116.79170897696167,0
7708,910.6783565420192,142.581666004844,0
7709,910.8351826249855,131.3220000010915,0
7710,910.9791498330305,162.92758396593854,0
7711,911.1540234999848,140.55695803835988,0
7712,911.3060733330203,103.31774997757748,0
7713,911.4219916249858,116.75858299713582,0
7714,911.5513770420221,120.52820797543973,0
7715,911.684514624998,125.60233299154788,0
7716,911.8237336670281,98.49816595669836,0
7717,911.9348179579829,141.1437090137042,0
7718,912.0864585830132,100.83137499168515,0
7719,912.1998485419899,103.70016604429111,0
7720,912.3150239170063,107.66187502304092,0
7721,912.4335100830067,77.60983402840793,0
7722,912.5237872080179,138.8510419637896,0
7723,912.6758747500135,136.08941697748378,0
7724,912.8245570419822,95.30920803081244,0
7725,912.9304121669848,162.24879102082923,0
7726,913.1052459580242,130.43487496906891,0
7727,913.2484009169857,87.5916660297662,0
7728,913.3487387080095,62.74600001052022,0
7729,913.4240615830058,96.23666701372713,0
7730,913.5328741249978,117.87129199365154,0
7731,913.6633828750346,150.10879194596782,0
7732,913.8240172500373,119.36541699105874,0
7733,913.9560603330028,135.3789169806987,0
7734,914.1039652500185,178.19299997063354,0
7735,914.2922815830098,100.72295897407457,0
7736,914.4036658750265,158.94487500190735,0
7737,914.5750744169927,129.8553750384599,0
7738,914.7162399170338,92.87199995014817,0
7739,914.8215954999905,165.5167080461979,0
7740,914.999706875009,120.14395801816136,0
7741,915.1302498750156,97.38570800982416,0
7742,915.2393703749985,69.44741698680446,0
7743,915.3219477920211,135.1606249809265,0
7744,915.4698267920176,63.183374993968755,0
7745,915.5456576669822,148.1922910315916,0
7746,915.7054748749943,77.63454201631248,0
7747,915.7956901250291,130.79429196659476,0
7748,915.9373321250314,140.23433299735188,0
7749,916.0902379580075,138.16920900717378,0
7750,916.2392864580033,127.4025000166148,0
7751,916.379620917025,138.80929100560024,0
7752,916.5309315830236,118.72991698328406,0
7753,916.6601350419805,102.73741604760289,0
7754,916.7755473330035,117.14320903411135,0
7755,916.9032968750107,137.65445799799636,0
7756,917.3470532500069,153.52054202230647,0
7757,917.5122159580351,121.41083396272734,0
7758,917.6462580420193,124.38758299686015,0
7759,917.7832810829859,130.72462502168491,0
7760,917.9255204169895,130.41712500853464,0
7761,918.0681761250016,120.98558299476281,0
7762,918.2016326250159,69.75308299297467,0
7763,918.2838606670266,139.75824997760355,0
7764,918.4352266250062,92.59349998319522,0
7765,918.5405175419874,95.49537504790351,0
7766,918.6486510420218,78.21770798182115,0
7767,918.7394904579851,104.29745900910348,0
7768,918.8564249580377,61.960749968420714,0
7769,918.9308904170175,83.08383298572153,0
7770,919.0265942499973,70.3807080280967,0
7771,919.1097058749874,159.8630000371486,0
7772,919.2822039999883,91.77133301272988,0
7773,919.3866045830073,67.64712498988956,0
7774,919.4656575830304,148.44520896440372,0
7775,919.6264605420292,131.3038329826668,0
7776,919.7704578330158,67.30362499365583,0
7777,919.8503866670071,52.22858302295208,0
7778,919.9131885420065,122.35079100355506,0
7779,920.0481883750181,151.16895799292251,0
7780,920.2119629170047,131.56870799139142,0
7781,920.3561820419854,91.70795802492648,0
7782,920.4604647079832,111.12854204839095,0
7783,920.5841626669862,104.71691604470834,0
7784,920.6999158330145,125.60658401343971,0
7785,920.8374185420107,57.3874160181731,0
7786,920.9086999170249,156.6613749600947,0
7787,921.0775320000248,77.90795800974593,0
7788,921.1682385830209,138.805249996949,0
7789,921.3196065829834,130.4481250117533,0
7790,921.4607787079876,171.48550000274554,0
7791,921.6436480419943,111.61133303539827,0
7792,921.7678613750031,51.22695799218491,0
7793,921.8316977500217,88.39395799441263,0
7794,921.932607625029,81.85170800425112,0
7795,922.0270541250356,93.2366669876501,0
7796,922.1328997919918,153.8750000181608,0
7797,922.2994517080369,77.89454195881262,0
7798,922.3900082079927,123.00650001270697,0
7799,922.5256475830101,104.17387500638142,0
7800,922.6413891250268,137.0354579994455,0
7801,922.7910359579837,161.8898340384476,0
7802,922.9655655830284,121.27349997172132,0
7803,923.0994424999808,125.27600000612438,0
7804,923.237101167033,82.82679098192602,0
7805,923.3310728329816,63.2850420079194,0
7806,923.4051575000049,89.75216699764132,0
7807,923.5069191250368,140.54366695927456,0
7808,923.6600849580136,107.28612501407042,0
7809,923.779354667,115.2449999935925,0
7810,923.9072433330002,106.98466701433063,0
7811,924.0264825000195,136.9230829877779,0
7812,924.1745720829931,103.10991702135652,0
7813,924.2903954170179,122.23887501750141,0
7814,924.4252395000076,139.23949998570606,0
7815,924.5770772920223,106.69654101366177,0
7816,924.6963738750201,32.35962498001754,0
7817,924.741337332991,106.8032500334084,0
7818,924.8607640829869,142.25333399372175,0
7819,925.0138241249952,150.95762501005083,0
7820,925.1774119579932,53.72675001854077,0
7821,925.2437566670123,115.09170802310109,0
7822,925.3701275420026,87.54662499995902,0
7823,925.4685332920053,63.83658299455419,0
7824,925.5449912500335,71.02812494849786,0
7825,925.6286220829934,78.02720903418958,0
7826,925.7192510830355,56.88599997665733,0
7827,925.7874912500265,134.07041697064415,0
7828,925.933859916986,144.95441602775827,0
7829,926.0900820000097,73.22012499207631,0
7830,926.1759438749868,79.14533303119242,0
7831,926.2677045000019,126.2964170309715,0
7832,926.4050477499841,130.14541700249538,0
7833,926.5476871249848,103.35095803020522,0
7834,926.6616198330303,124.88262495025992,0
7835,926.7988415830187,120.34316698554903,0
7836,926.9307209579856,157.70512504968792,0
7837,927.1005515420111,117.9244159720838,0
7838,927.229916042008,120.81895797746256,0
7839,927.3634862080216,91.54637501342222,0
7840,927.4667806249927,95.07116704480723,0
7841,927.5729581250343,81.26008295221254,0
7842,927.6667914580321,102.16174996457994,0
7843,927.7817102500121,86.94283297518268,0
7844,927.881339833024,145.5780839896761,0
7845,928.0395016249968,103.03783300332725,0
7846,928.1558625830221,141.8816249934025,0
7847,928.3120441249921,120.01804204192013,0
7848,928.4429858750082,95.3568330151029,0
7849,928.5509964579833,136.06570905540138,0
7850,928.7245349999866,81.8043330218643,0
7851,928.8195030000061,61.3119580084458,0
7852,928.8934660420055,98.47558301407844,0
7853,929.0030068749911,124.91491704713553,0
7854,929.1386749169906,100.21445801248774,0
7855,929.2491630419972,137.70458300132304,0
7856,929.3996018749895,87.79579203110188,0
7857,929.5000235420302,121.56091595534235,0
7858,929.6324483749922,119.48495800606906,0
7859,929.7628620830365,81.51549997273833,0
7860,929.856966958032,88.19987496826798,0
7861,929.9577986249933,138.37845803936943,0
7862,930.1071552080102,84.82595899840817,0
7863,930.2039090000326,92.12649997789413,0
7864,930.3087182500167,95.38287500618026,0
7865,930.416672833031,97.81716699944809,0
7866,930.5270715419902,29.333957994822413,0
7867,930.5689705000259,107.57529200054705,0
7868,930.6875475420384,154.3078329996206,0
7869,930.8546550000319,93.55987497838214,0
7870,930.9609845000086,74.80704202316701,0
7871,931.0488114170148,131.36429100995883,0
7872,931.1927545830258,70.81320899305865,0
7873,931.2761535000172,87.13995799189433,0
7874,931.3759189579869,46.3181670056656,0
7875,931.4348600420053,64.79958299314603,0
7876,931.5126777080004,32.894874981138855,0
7877,931.5584091250203,214.61008297046646,0
7878,931.789533333038,79.86841700039804,0
7879,931.8820570000098,157.2104580118321,0
7880,932.0520050830091,82.6203339966014,0
7881,932.145740374981,101.50141705526039,0
7882,932.262641999987,160.7899580267258,0
7883,932.4340573329828,87.55437500076368,0
7884,932.5389990829863,110.68316700402647,0
7885,932.6952652920154,195.62837498961017,0
7886,932.9032193330349,224.5243339566514,0
7887,933.1380739579909,103.9413750404492,0
7888,933.2559607080184,140.0536249857396,0
7889,933.4088929999853,79.24400002229959,0
7890,933.5004157919902,107.99712501466274,0
7891,933.6209744170192,64.48187498608604,0
7892,933.6980123749818,102.65591705683619,0
7893,933.8108794169966,115.371291001793,0
7894,933.9371041670092,91.4887500111945,0
7895,934.041228874994,88.8115830020979,0
7896,934.1426675420371,74.92470799479634,0
7897,934.2302623330033,108.4560839808546,0
7898,934.3495674169972,116.96041602408513,0
7899,934.479204250034,82.47295796172693,0
7900,934.5735585000366,110.41070794453844,0
7901,934.6958596670302,123.4047079924494,0
7902,934.8297761669965,74.85929102404043,0
7903,934.9172606249922,118.12645802274346,0
7904,935.0479772079852,89.55891703953966,0
7905,935.1509870419977,105.93862499808893,0
7906,935.2688195420196,99.80420797364786,0
7907,935.3797322080354,104.3017499614507,0
7908,935.4952399170143,45.079083007294685,0
7909,935.5522230000352,116.78354197647423,0
7910,935.6816834580386,88.5560839669779,0
7911,935.7828867079807,100.83425004268065,0
7912,935.8997187080095,136.0717919887975,0
7913,936.0483765830286,106.87645897269249,0
7914,936.1678586250055,114.95845799800009,0
7915,936.2945716250106,78.45429197186604,0
7916,936.3842807500041,67.03945802291855,0
7917,936.4630231250194,156.13833296811208,0
7918,936.6317732080352,64.88520896527916,0
7919,936.7078044170048,120.90783298481256,0
7920,936.8413082080078,68.87270900188014,0
7921,936.9223097499926,106.4451250131242,0
7922,937.0402103750384,61.784832971170545,0
7923,937.1146118330071,105.90454202611,0
7924,937.2331227920367,92.85191597882658,0
7925,937.3380991669837,97.46137500042096,0
7926,937.4481278330204,87.7218340174295,0
7927,937.5481685420382,133.52133298758417,0
7928,937.6943199579837,90.21133399801329,0
7929,937.7971299170167,74.32591600809246,0
7930,937.8819297080045,96.01729200221598,0
7931,937.9905182920047,112.796375004109,0
7932,938.1136451250059,132.55141698755324,0
7933,938.257553625037,134.6048329723999,0
7934,938.4054386250209,121.40699999872595,0
7935,938.5380282499827,103.68541703792289,0
7936,938.6526287079905,59.957167017273605,0
7937,938.7234711250057,65.31116698170081,0
7938,938.8002272919985,132.85795802948996,0
7939,938.9457124579931,88.11312500620261,0
7940,939.0476788330125,99.88991700811312,0
7941,939.1602029579808,74.30245901923627,0
7942,939.2473009999958,72.04462500521913,0
7943,939.3319430419942,98.54733303654939,0
7944,939.4431625420111,135.89966599829495,0
7945,939.5900467080064,133.05716699687764,0
7946,939.7346618330339,98.38479198515415,0
7947,939.844367749989,106.3201249926351,0
7948,939.9633251249907,117.51120799453929,0
7949,940.0920677499962,154.22475000377744,0
7950,940.2588832500041,135.86408301489428,0
7951,940.4064702499891,120.6969580380246,0
7952,940.5381898329942,99.86366704106331,0
7953,940.6493924580282,116.0964589798823,0
7954,940.7781061669812,92.1453750343062,0
7955,940.882880292018,89.29529099259526,0
7956,940.9832620419911,123.90200002118945,0
7957,941.1197955000098,175.27887498727068,0
7958,941.3077191670309,70.91074995696545,0
7959,941.3901224579895,94.23541702562943,0
7960,941.4952520420193,75.62270801281556,0
7961,941.5835815420141,104.66424998594448,0
7962,941.7009892920032,117.13933298597112,0
7963,941.8306948330137,107.4474590132013,0
7964,941.9507678750088,112.07187501713634,0
7965,942.0754910419928,123.4800000092946,0
7966,942.2116122500156,72.3240000079386,0
7967,942.2954661250114,171.0757079999894,0
7968,942.4791899170377,124.9184999614954,0
7969,942.6167339999811,77.52287504263222,0
7970,942.7049584580236,132.91691697668284,0
7971,942.8505707500153,136.7344169993885,0
7972,942.9992595000076,101.03183297906071,0
7973,943.1128896250157,133.64837499102578,0
7974,943.2591879169922,109.79229101212695,0
7975,943.381613583013,132.3930419748649,0
7976,943.5265655420371,126.92279095062986,0
7977,943.6660764170229,104.14324997691438,0
7978,943.7828203749959,103.56075002346188,0
7979,943.8989662920358,108.66704100044444,0
7980,944.0198495420045,78.55633302824572,0
7981,944.1099069170305,132.32924998737872,0
7982,944.252663250023,107.31095797382295,0
7983,944.3735187500133,64.55604202346876,0
7984,944.4483016250306,113.26829198515043,0
7985,944.5723071669927,193.90850001946092,0
7986,944.7774645829923,68.64325003698468,0
7987,944.8563937080326,91.14937495905906,0
7988,944.9579920420074,119.06383302994072,0
7989,945.0877407080261,136.89129200065508,0
7990,945.2353437920101,86.87854098388925,0
7991,945.3324826669996,95.87274998193607,0
7992,945.440529583022,120.6560839782469,0
7993,945.572733375011,139.4019169965759,0
7994,945.7225586249842,90.28037503594533,0
7995,945.8244773329934,136.25487498939037,0
7996,945.9715219170321,99.40129099413753,0
7997,946.0834933330189,55.811208963859826,0
7998,946.151854958036,124.7987499809824,0
7999,946.2893230000045,160.02579202177003,0
8000,946.4608997920295,132.54899997264147,0
8001,946.6050074580126,50.289709004573524,0
8002,946.667888667027,112.58999997517094,0
8003,946.79308558302,145.44175000628456,0
8004,946.9486706249882,107.02870803652331,0
8005,947.066903333005,150.02787503181025,0
8006,947.2272238750011,46.76483297953382,0
8007,947.2856419580057,77.31212500948459,0
8008,947.3750162920333,78.54145800229162,0
8009,947.4661468749982,85.09454200975597,0
8010,947.5640698330244,126.92637497093529,0
8011,947.7059482079931,73.19516700226814,0
8012,947.7914260420366,71.21920795179904,0
8013,947.8752376250341,134.8884579492733,0
8014,948.0214499169961,97.09525003563613,0
8015,948.1294916670304,55.82791595952585,0
8016,948.1996606669854,122.16929101850837,0
8017,948.3321002920275,94.74149998277426,0
8018,948.4381164170336,91.88920794986188,0
8019,948.5402140420047,113.22291602846235,0
8020,948.6647541670245,115.92849995940924,0
8021,948.7932841670117,94.39395798835903,0
8022,948.8991934169899,68.66458302829415,0
8023,948.9804509580135,95.19095899304375,0
8024,949.0883045000373,94.20891699846834,0
8025,949.1945899170241,87.31912501389161,0
8026,949.2945189999882,103.30920800333843,0
8027,949.4104585830355,116.23495898675174,0
8028,949.5386906670174,99.9619159847498,0
8029,949.6501838330296,113.91037498833612,0
8030,949.7767137080082,116.73466698266566,0
8031,949.9060475830338,117.80895898118615,0
8032,950.0364724170067,137.00883300043643,0
8033,950.1860348749906,60.686000040732324,0
8034,950.2593541250098,79.16391699109226,0
8035,950.351138167025,120.37654098821804,0
8036,950.4820381670143,191.9481250224635,0
8037,950.686559416994,64.46391600184143,0
8038,950.762607541983,119.01737505104393,0
8039,950.8941903749947,93.49762502824888,0
8040,950.9980334169813,117.799666011706,0
8041,951.1264937500237,138.71654198737815,0
8042,951.2765880420338,100.01637495588511,0
8043,951.389195249998,131.4716250053607,0
8044,951.5332684169989,138.9434160082601,0
8045,951.6823323330027,114.56750001525506,0
8046,951.8085287919967,116.83908302802593,0
8047,951.9379513330059,104.09224999602884,0
8048,952.0546229170286,104.42624997813255,0
8049,952.1716577080078,43.35200000787154,0
8050,952.2276219170308,115.10687496047467,0
8051,952.3549573750352,87.50583295477554,0
8052,952.454942042008,103.94554102094844,0
8053,952.571318500035,103.72924996772781,0
8054,952.6852845830144,103.95341698313132,0
8055,952.8002141669858,81.82775002205744,0
8056,952.8939442500123,100.51137499976903,0
8057,953.0070948750363,85.74808295816183,0
8058,953.1030464579817,82.22020900575444,0
8059,953.1984935830114,108.70795900700614,0
8060,953.3188604580355,128.83829197380692,0
8061,953.4593207080034,147.08324999082834,0
8062,953.6186053330312,95.91979195829481,0
8063,953.7264445830369,130.2445839974098,0
8064,953.8669450419839,159.80175003642216,0
8065,954.0387612500344,100.89904197957367,0
8066,954.1509736669832,93.85437500895932,0
8067,954.2565034999861,112.53145802766085,0
8068,954.3845053749974,72.27833301294595,0
8069,954.4693976670387,93.30970799783245,0
8070,954.5753199169994,116.67000001762062,0
8071,954.7029559999937,104.75833300733939,0
8072,954.8211620420334,111.03120795451105,0
8073,954.9448033749941,116.22054199688137,0
8074,955.0716099170386,78.22045794455335,0
8075,955.1624551250134,69.23787499545142,0
8076,955.2448402920272,90.76333296252415,0
8077,955.3460507080308,92.91970898630098,0
8078,955.4504127920372,144.2527499748394,0
8079,955.6053322079824,108.04733401164412,0
8080,955.724866457982,99.24220904940739,0
8081,955.8367485420313,107.16145799960941,0
8082,955.9554362500203,80.76362498104572,0
8083,956.0488093750319,76.52558299014345,0
8084,956.135912208003,130.42583398055285,0
8085,956.2789665419841,140.31525002792478,0
8086,956.430356041994,31.819166033528745,0
8087,956.4748650420224,114.99308299971744,0
8088,956.6032015419914,135.1800830452703,0
8089,956.7486938750371,101.14754195092246,0
8090,956.8615501250024,174.16883300757036,0
8091,957.0483519579866,156.58608404919505,0
8092,957.2175229170243,79.84824996674433,0
8093,957.3098257920356,109.1468749800697,0
8094,957.4314008750371,91.88891696976498,0
8095,957.5581301249913,90.14849999221042,0
8096,957.6599471670343,131.437832955271,0
8097,957.8040435829898,91.97912499075755,0
8098,957.9063779999851,145.77933301916346,0
8099,958.0647845420172,98.6618329770863,0
8100,958.1743438750273,127.36691697500646,0
8101,958.3128497080179,159.06141698360443,0
8102,958.4839588750037,72.9932920075953,0
8103,958.5695903330343,119.41208399366587,0
8104,958.7006476669922,143.0254160077311,0
8105,958.854945708008,124.68883401015773,0
8106,958.9922307080124,137.99687498249114,0
8107,959.1428838330321,152.09370898082852,0
8108,959.3057739170035,83.56016600737348,0
8109,959.4019864579896,112.50266700517386,0
8110,959.5265061249956,94.40454200375825,0
8111,959.633301792026,114.47170795872808,0
8112,959.7598510420066,58.02054097875953,0
8113,959.828963582986,123.67404199903831,0
8114,959.9639530419954,139.9855409981683,0
8115,960.1146208330174,28.81329198135063,0
8116,960.1538154580048,107.58791700936854,0
8117,960.2740124170086,67.0788330025971,0
8118,960.353498750017,101.87633300665766,0
8119,960.4681279580109,124.83637500554323,0
8120,960.6037872920278,150.19575000042096,0
8121,960.7666268330067,119.27399999694899,0
8122,960.8971082920325,105.36995797883719,0
8123,961.0140756670153,138.22816597530618,0
8124,961.1641931250342,152.6522919884883,0
8125,961.3271762080258,131.57170900376514,0
8126,961.4712370830239,108.79529197700322,0
8127,961.5907787500182,89.33129196520895,0
8128,961.6927189170383,122.22124997060746,0
8129,961.8275213330053,110.64616701332852,0
8130,961.9507852080278,71.82908395770937,0
8131,962.0352222920046,109.39362499630079,0
8132,962.1567114170175,167.06458298722282,0
8133,962.3362773749977,117.06183303613216,0
8134,962.465912582993,133.3520000334829,0
8135,962.6118290420272,84.95225000660866,0
8136,962.7093440830358,109.47237495565787,0
8137,962.8294847920188,122.80420801835135,0
8138,962.9648435830022,112.8845420316793,0
8139,963.0903194170096,161.26974998041987,0
8140,963.2642027499969,68.96100001176819,0
8141,963.3432563749957,135.79166703857481,0
8142,963.4916628749925,90.03975003724918,0
8143,963.5931251670117,63.49145801505074,0
8144,963.6681188329821,62.620584038086236,0
8145,963.7433632920147,133.53666599141434,0
8146,963.8892614580109,94.31104199029505,0
8147,963.9958982500248,43.24191698106006,0
8148,964.0510487499996,143.52791698183864,0
8149,964.2072667499888,78.48575001116842,0
8150,964.2980291250278,128.16366698825732,0
8151,964.437868292036,112.74054099339992,0
8152,964.5613215420162,125.06666599074379,0
8153,964.6978808750282,113.54462499730289,0
8154,964.8240440000081,113.46504202811047,0
8155,964.9483745830366,146.5636669890955,0
8156,965.1065882919938,107.71499999100342,0
8157,965.2269084579893,112.85854200832546,0
8158,965.3514482080354,86.28270897315815,0
8159,965.4492098750197,147.95379200950265,0
8160,965.6076686250162,78.04004201898351,0
8161,965.6983392499969,76.48187503218651,0
8162,965.7874996670289,107.84583300119266,0
8163,965.9059077500133,105.43133300961927,0
8164,966.0239554999862,94.36366701265797,0
8165,966.1294259580318,91.16133395582438,0
8166,966.231411833025,131.45124999573454,0
8167,966.375479875016,141.02904201718047,0
8168,966.529153542011,159.5045829890296,0
8169,966.7013535000151,120.05554197821766,0
8170,966.8340445830254,104.2731250054203,0
8171,966.9488413329818,123.71395900845528,0
8172,967.0830983750056,123.4547920175828,0
8173,967.2186282920302,105.11766595300287,0
8174,967.3340085420059,103.28070801915601,0
8175,967.4484027079889,126.76454201573506,0
8176,967.5881303329952,140.69479203317314,0
8177,967.7402619579807,115.98708404926583,0
8178,967.8677390000084,94.79483298491687,0
8179,967.973359333002,108.77295903628692,0
8180,968.0948342499905,145.05074999760836,0
8181,968.2512767500011,79.10254201851785,0
8182,968.343001583009,110.2638749871403,0
8183,968.465914750006,141.5636669844389,0
8184,968.6186090830015,152.56412501912564,0
8185,968.7851674170233,95.94520798418671,0
8186,968.8937090830295,88.03554199403152,0
8187,968.9937117500231,169.92295801173896,0
8188,969.1762455420103,88.85866601485759,0
8189,969.2764536250033,120.40845799492672,0
8190,969.4094268330373,142.84137496724725,0
8191,969.5648565419833,137.7921660314314,0
8192,969.7152615000377,75.56874997681007,0
8193,969.8033781670383,100.92199995415285,0
8194,969.9155258749961,67.89362500421703,0
8195,969.9959961670102,88.91362498980016,0
8196,970.0952802079846,132.76187505107373,0
8197,970.2384662079858,73.6987090203911,0
8198,970.3248007920338,138.98970797890797,0
8199,970.4753321250319,132.37254199339077,0
8200,970.6203233749839,90.21820803172886,0
8201,970.7227180000045,179.5249999850057,0
8202,970.914840582991,153.50083401426673,0
8203,971.0810170419863,120.80775003414601,0
8204,971.2145311250351,120.51124998833984,0
8205,971.3480218750192,144.74562497343868,0
8206,971.505365708028,62.53358395770192,0
8207,971.5804134579957,64.9711670121178,0
8208,971.6569212920149,161.95437498390675,0
8209,971.8295048750006,90.88800003519282,0
8210,971.9323322080309,148.97583395941183,0
8211,972.093139500008,114.43208297714591,0
8212,972.2203231669846,169.2286659963429,0
8213,972.4019502080046,91.44129202468321,0
8214,972.5058441670262,87.99966599326581,0
8215,972.6065046670265,107.01862495625392,0
8216,972.7242910829955,154.56116700079292,0
8217,972.8914341250202,47.94079199200496,0
8218,972.9519612499862,108.86274999938905,0
8219,973.0733991250163,115.46970799099654,0
8220,973.2015102920122,127.43187497835606,0
8221,973.3402377500315,103.73670799890533,0
8222,973.4552957499982,117.58641700726002,0
8223,973.5855178330094,119.60054200608283,0
8224,973.7158943330287,119.85516699496657,0
8225,973.8483769579907,105.69583403412253,0
8226,973.9649846249959,163.62862498499453,0
8227,974.1398265419994,122.94133298564702,0
8228,974.275344417023,102.43562498362735,0
8229,974.3903820830164,96.83470899472013,0
8230,974.5037124580122,107.858709001448,0
8231,974.6244408750208,104.5962919597514,0
8232,974.7406616249937,65.12358301552013,0
8233,974.8183805830195,42.368208989501,0
8234,974.8734916670364,106.13979096524417,0
8235,974.9912460829946,104.19183399062604,0
8236,975.1074939999962,106.9598330068402,0
8237,975.2270469579962,112.20725002931431,0
8238,975.3519013330224,138.6467919801362,0
8239,975.5033001670381,114.43641595542431,0
8240,975.6303632080089,132.5627919868566,0
8241,975.7740833749995,95.10116698220372,0
8242,975.8814568329835,101.44825000315905,0
8243,975.9955094580073,138.60854197992012,0
8244,976.1468090830022,142.25066703511402,0
8245,976.2992108750041,51.090374996419996,0
8246,976.3629285829957,111.52762500569224,0
8247,976.4870744170039,64.71662502735853,0
8248,976.5624552920344,89.56912497524172,0
8249,976.6646675420343,92.11254096589983,0
8250,976.7690403329907,108.57304203091189,0
8251,976.8895289170323,70.410999993328,0
8252,976.9713501250371,154.40724999643862,0
8253,977.1383271249942,113.3412080234848,0
8254,977.264268125,95.4164580325596,0
8255,977.3717377500143,73.21462500840425,0
8256,977.4576262920164,100.99362500477582,0
8257,977.5713681670022,76.12866599811241,0
8258,977.6601011669845,116.77095800405368,0
8259,977.7895187499817,120.58287503896281,0
8260,977.921478083008,114.8161250166595,0
8261,978.0475115419831,125.23495801724494,0
8262,978.1853732499876,115.0213330402039,0
8263,978.3127606250346,149.74954194622114,0
8264,978.4751496670069,143.12566601438448,0
8265,978.6309060420026,130.55800000438467,0
8266,978.7740999580128,112.12041700491682,0
8267,978.898842583003,100.6461670040153,0
8268,979.0104932080139,126.3810420059599,0
8269,979.1484602499986,88.47508300095797,0
8270,979.2527572080144,74.81820898829028,0
8271,979.3394834999926,57.44208302348852,0
8272,979.4096919170115,134.9914579768665,0
8273,979.5572767499834,131.36745803058147,0
8274,979.7012710419949,72.75812502484769,0
8275,979.7852861669962,141.64983300724998,0
8276,979.9395909580053,111.68612499022856,0
8277,980.0620982919936,90.21229099016637,0
8278,980.1649281670107,77.99641601741314,0
8279,980.2555384170264,121.52437499025837,0
8280,980.3874989169999,118.80241602193564,0
8281,980.5188738750294,125.69362495560199,0
8282,980.6563944580266,107.7161249704659,0
8283,980.7767221670365,79.89850000012666,0
8284,980.8686402500025,181.79995799437165,0
8285,981.0631497499999,87.24379201885313,0
8286,981.1629897499806,85.70583304390311,0
8287,981.258953291981,126.23475003056228,0
8288,981.3978196249809,93.97737501421943,0
8289,981.5022959579946,90.44649999123067,0
8290,981.6045044169878,80.7198749971576,0
8291,981.6978625420015,92.58229099214077,0
8292,981.8030490829842,118.85412503033876,0
8293,981.9340750420233,134.9642080022022,0
8294,982.0816640420235,99.25337496679276,0
8295,982.1931287500192,125.46324997674674,0
8296,982.3312162500224,89.82045797165483,0
8297,982.4335975830327,87.35237497603521,0
8298,982.5335481250077,85.10224998462945,0
8299,982.6313570000348,63.099791994318366,0
8300,982.7070515000378,80.45208296971396,0
8301,982.7991965420078,69.20345802791417,0
8302,982.8804427920259,98.47862500464544,0
8303,982.9911939169979,122.87312501575798,0
8304,983.1265928330249,103.13162498641759,0
8305,983.2423580000177,106.96970799472183,0
8306,983.3619338750141,142.64333300525323,0
8307,983.517231167003,106.46083299070597,0
8308,983.6352809999953,108.24158298783004,0
8309,983.7544843329815,16.316542052663863,0
8310,983.7834223330137,78.87920900247991,0
8311,983.8750195419998,46.087291033472866,0
8312,983.9345324580208,167.72858396871015,0
8313,984.1138437920017,100.40024999761954,0
8314,984.2268417080049,66.13183399895206,0
8315,984.3056033329922,25.430334033444524,0
8316,984.3431307920255,139.19474999420345,0
8317,984.4949363750056,123.82249999791384,0
8318,984.630888374988,116.27483303891495,0
8319,984.7586956670275,112.96249995939434,0
8320,984.8834381669876,116.18316604290158,0
8321,985.012216208037,127.49958399217576,0
8322,985.1513129579835,121.2814170285128,0
8323,985.284536332998,91.5928750182502,0
8324,985.3886864170199,84.39012500457466,0
8325,985.4836107500014,125.0258749932982,0
8326,985.6202079579816,74.36850003432482,0
8327,985.707215833012,95.27350001735613,0
8328,985.820072417031,177.92391596594825,0
8329,986.0106166250189,58.373000007122755,0
8330,986.0791060830234,134.88291698740795,0
8331,986.2272410420119,86.00033301627263,0
8332,986.3234370829887,146.70337503775954,0
8333,986.482398083026,85.91104199877009,0
8334,986.5808768750285,102.97583299688995,0
8335,986.6939306249842,69.67200001236051,0
8336,986.7755572079914,76.13266701810062,0
8337,986.8619375000126,90.33533302135766,0
8338,986.9648573750164,64.36341698281467,0
8339,987.0417908329982,155.27179202763364,0
8340,987.2097020000219,131.34170800913125,0
8341,987.3519867919968,125.63354102894664,0
8342,987.4897310000379,141.16170798661187,0
8343,987.6446813750081,137.5703330268152,0
8344,987.7948282500147,112.91795800207183,0
8345,987.9203265000251,72.25166697753593,0
8346,988.0028356250259,86.83708298485726,0
8347,988.1005365420133,107.11558297043666,0
8348,988.2202973749954,118.55250003281981,0
8349,988.3514669170254,79.66349995695055,0
8350,988.4428007500246,105.14512500958517,0
8351,988.5605484999833,75.71787503547966,0
8352,988.648919750005,97.4433749797754,0
8353,988.7593695829855,104.66795903630555,0
8354,988.8764645000338,89.15558300213888,0
8355,988.9782653329894,103.81945903645828,0
8356,989.094697499997,57.66233301255852,0
8357,989.1649633750203,55.90933299390599,0
8358,989.2334648329997,138.42870900407434,0
8359,989.3822297499864,105.31183303100988,0
8360,989.5001504170359,83.66495795780793,0
8361,989.6013350000139,153.97391701117158,0
8362,989.7679152920027,114.23725000349805,0
8363,989.8931183330133,86.91816701320931,0
8364,989.9926250830176,92.54754200810567,0
8365,990.0989505830221,120.79370900755748,0
8366,990.2321188750211,134.3799169990234,0
8367,990.3766655829968,107.00404201634228,0
8368,990.4956187920179,107.09291597595438,0
8369,990.6153059999924,101.72966698883101,0
8370,990.7274961250369,146.59874996868894,0
8371,990.8858996250201,100.10995797347277,0
8372,990.9962965419982,66.12375000258908,0
8373,991.0750535830157,118.41645900858566,0
8374,991.2045302499901,95.32612503971905,0
8375,991.3124095000094,129.7838329919614,0
8376,991.4541095420136,142.6139579853043,0
8377,991.609435875027,141.60958299180493,0
8378,991.7636033330346,158.91412500059232,0
8379,991.935154833016,90.03024996491149,0
8380,992.0365578330238,66.80074997711927,0
8381,992.115277874982,88.64916703896597,0
8382,992.216515542008,119.04229101492092,0
8383,992.3481980420183,85.21624997956678,0
8384,992.4434951249859,93.89333304716274,0
8385,992.5500087920227,86.56995795900002,0
8386,992.6492505000206,113.53716696612537,0
8387,992.7753562500002,104.74625002825633,0
8388,992.8926765830256,104.04683399247006,0
8389,993.0093013329897,100.2133340225555,0
8390,993.1220684170257,20.945790980476886,0
8391,993.1555979170371,72.12979096220806,0
8392,993.2402999170008,132.2128750034608,0
8393,993.384831583011,139.1766670276411,0
8394,993.5365737500251,141.10570796765387,0
8395,993.6902216669987,103.70079101994634,0
8396,993.806469208037,82.97487499658018,0
8397,993.9030021250364,177.8113329783082,0
8398,994.0934634170262,93.53283297969028,0
8399,994.1995429170202,117.57845798274502,0
8400,994.327442000038,66.97429198538885,0
8401,994.407003667031,126.03374995524064,0
8402,994.545580749982,97.95858303550631,0
8403,994.6561231670203,108.81837498163804,0
8404,994.7775683330256,41.84920899569988,0
8405,994.831999416987,50.875833025202155,0
8406,994.8941109580337,131.9890419836156,0
8407,995.038723582984,79.21770901884884,0
8408,995.1282290000236,120.39941700641066,0
8409,995.2612007500138,106.16366699105129,0
8410,995.3781821670127,39.50637497473508,0
8411,995.4302334170206,161.30791598698124,0
8412,995.6040986250155,98.4084170195274,0
8413,995.7150761249941,79.36516701010987,0
8414,995.8070186250261,79.51612496981397,0
8415,995.8990833749995,111.99058301281184,0
8416,996.0236480000312,75.63237496651709,0
8417,996.1118137080339,117.39395896438509,0
8418,996.2477523750276,139.9361669900827,0
8419,996.4003111670027,126.48670800263062,0
8420,996.5394790830323,98.35708397440612,0
8421,996.6504102500039,127.41412501782179,0
8422,996.7904195830342,142.29966700077057,0
8423,996.9431566250278,123.65149997640401,0
8424,997.0774407500285,137.11395795689896,0
8425,997.2247064170078,133.72820802032948,0
8426,997.3710729579907,100.17466702265665,0
8427,997.4838140420034,68.37358302436769,0
8428,997.5631466250052,106.37216700706631,0
8429,997.6820991670247,53.84137498913333,0
8430,997.7484790420276,104.77279097540304,0
8431,997.8765847500181,89.478624984622,0
8432,997.9768732500379,150.94816696364433,0
8433,998.1401036669849,44.83204102143645,0
8434,998.1970702499966,97.00179198989645,0
8435,998.3055452079861,105.580750037916,0
8436,998.4237371250056,123.45370801631361,0
8437,998.5600786249852,21.06100000673905,0
8438,998.5934816250228,70.99895796272904,0
8439,998.6764521250152,86.42258297186345,0
8440,998.775516499998,131.47870800457895,0
8441,998.9186080829822,123.88270901283249,0
8442,999.0551312080352,112.29279194958508,0
8443,999.1778847920359,131.30429096054286,0
8444,999.320668667031,120.05533295450732,0
8445,999.4522372080246,119.76099997991696,0
8446,999.5833575419965,179.43670798558742,0
8447,999.7752489169943,70.99008304066956,0
8448,999.8588008329971,145.7637090352364,0
8449,1000.0171763750259,173.78058296162635,0
8450,1000.2035425000358,112.3383329831995,0
8451,1000.3265965000028,123.09829198056832,0
8452,1000.4604203330236,142.15220900950953,0
8453,1000.6145563329919,82.51370902871713,0
8454,1000.7096614170005,104.95058301603422,0
8455,1000.8271986669861,115.02975004259497,0
8456,1000.9548665420152,89.81612499337643,0
8457,1001.0561351670185,135.12620801338926,0
8458,1001.2038408329827,92.04387501813471,0
8459,1001.3070195830078,104.19383400585502,0
8460,1001.4238120419905,77.89037504699081,0
8461,1001.5143018329982,108.64824999589473,0
8462,1001.6355160829844,93.78408401971683,0
8463,1001.7397612920031,120.96299999393523,0
8464,1001.8718458330259,112.31366696301848,0
8465,1001.9967219579848,89.64216703316197,0
8466,1002.098945417034,152.66791597241536,0
8467,1002.2624784170184,70.31183299841359,0
8468,1002.3456125000375,122.25537496851757,0
8469,1002.478091833007,80.08995902491733,0
8470,1002.5708097500028,97.24787500454113,0
8471,1002.6795232500299,149.04629200464115,0
8472,1002.841155333037,93.41670898720622,0
8473,1002.947166708007,87.56829198682681,0
8474,1003.0474031250342,112.57670796476305,0
8475,1003.1724843750126,153.90412497799844,0
8476,1003.3387954580248,86.21320896781981,0
8477,1003.4376093749888,108.22491702856496,0
8478,1003.5577278329874,70.46687504043803,0
8479,1003.639801042038,89.10187496803701,0
8480,1003.7412289170315,89.53283296432346,0
8481,1003.8433971250197,122.90170800406486,0
8482,1003.9776439170237,103.21779100922868,0
8483,1004.0931692500017,84.70979199046269,0
8484,1004.188070083037,69.15649998700246,0
8485,1004.269825083029,145.504166954197,0
8486,1004.4264335419866,107.15279099531472,0
8487,1004.5437995829852,111.38470901641995,0
8488,1004.6666857500095,104.07950001535937,0
8489,1004.7810136670014,132.55400001071393,0
8490,1004.9261582079926,111.71945900423452,0
8491,1005.0497930420097,125.21262501832098,0
8492,1005.1875800419948,82.90837501408532,0
8493,1005.2806620420306,82.93149998644367,0
8494,1005.3737205420039,114.32958301156759,0
8495,1005.4996459580143,145.9777089767158,0
8496,1005.6612595419865,75.82900003762916,0
8497,1005.7484750419972,139.39450000179932,0
8498,1005.8985874580103,81.0393340070732,0
8499,1005.9911299170344,107.03554097563028,0
8500,1006.1091041670297,119.62495796615258,0
8501,1006.240071874985,90.22779203951359,0
8502,1006.3428726670099,64.7260409896262,0
8503,1006.4186251669889,118.95550001645461,0
8504,1006.5478617920307,104.79229100747034,0
8505,1006.6652500419877,84.73820803919807,0
8506,1006.762566749996,64.14670799858868,0
8507,1006.8393195830286,138.5863749892451,0
8508,1006.9883243750082,87.72920799674466,0
8509,1007.0871707919869,97.10441599600017,0
8510,1007.1959261670127,65.5611659749411,0
8511,1007.274074667017,135.114207980223,0
8512,1007.4217752080294,107.35908395145088,0
8513,1007.541604750033,113.43716696137562,0
8514,1007.667639249994,147.00083300704136,0
8515,1007.8264432920259,111.04308295762166,0
8516,1007.9482953330153,74.24812501994893,0
8517,1008.0347844579956,68.12587502645329,0
8518,1008.1154871670296,110.56329100392759,0
8519,1008.2368876670371,59.57079096697271,0
8520,1008.3090752499993,161.2149170250632,0
8521,1008.4828644579975,96.5919999871403,0
8522,1008.5906085830065,87.42412499850616,0
8523,1008.6892941250117,154.29941698675975,0
8524,1008.8562059579999,101.20833403198048,0
8525,1008.9697637920035,150.66762501373887,0
8526,1009.133051791985,77.58854102576151,0
8527,1009.2225861669867,84.29900003829971,0
8528,1009.3195795000065,164.14750000694767,0
8529,1009.4952996250358,115.04545796196908,0
8530,1009.6205612500198,155.706082994584,0
8531,1009.7889071250102,95.26199998799711,0
8532,1009.8962925000233,104.23383297165856,0
8533,1010.012492333015,110.96670897677541,0
8534,1010.1352703750017,107.42062499048188,0
8535,1010.2553073749878,82.06791704287753,0
8536,1010.3499983330257,137.2657499741763,0
8537,1010.499857583025,70.53587498376146,0
8538,1010.5830055419938,93.8673330238089,0
8539,1010.6887688330025,81.50508400285617,0
8540,1010.790465417027,16.548624960705638,0
8541,1010.8196904170327,135.671415948309,0
8542,1010.9671811250155,102.61008300585672,0
8543,1011.0808935000096,72.50441698124632,0
8544,1011.1662753330311,134.71820898121223,0
8545,1011.3126106670243,126.54066598042846,0
8546,1011.451791792002,145.06100001744926,0
8547,1011.6094585829997,90.15283401822671,0
8548,1011.7122428750154,105.2829580148682,0
8549,1011.8285135829938,49.25149999326095,0
8550,1011.8881589579978,165.86125001776963,0
8551,1012.0655320829828,79.39570903545246,0
8552,1012.1575238329824,98.01416704431176,0
8553,1012.2681268749875,107.52066702116281,0
8554,1012.3870496670133,98.84379099821672,0
8555,1012.4975332919857,108.78995800158009,0
8556,1012.6181088750018,130.8600000338629,0
8557,1012.7611292920192,100.0442499644123,0
8558,1012.871522542031,126.57854100689292,0
8559,1013.0097737500328,155.5516249500215,0
8560,1013.1779505420127,105.7731659966521,0
8561,1013.2975332080387,72.93358398601413,0
8562,1013.3830605000257,62.444666982628405,0
8563,1013.4571827080217,108.87795896269381,0
8564,1013.5777022080147,75.65249997423962,0
8565,1013.6659647920169,62.59895797120407,0
8566,1013.7411593330326,99.13758398033679,0
8567,1013.8611105000018,84.3750000349246,0
8568,1013.9580875830143,74.50487499590963,0
8569,1014.0442582080141,82.10366702405736,0
8570,1014.1389556670329,68.44470795476809,0
8571,1014.2185197080253,155.2229169756174,0
8572,1014.3864444170031,94.58845801418647,0
8573,1014.4936814170214,118.98437497438863,0
8574,1014.6260883330251,112.5042499625124,0
8575,1014.7502805829863,115.05091702565551,0
8576,1014.8768634999869,66.6300420416519,0
8577,1014.9542857080232,90.49037500517443,0
8578,1015.0551500830334,122.77083395747468,0
8579,1015.1905457500252,128.47399996826425,0
8580,1015.3301485420088,133.1735830171965,0
8581,1015.4754355420009,63.01308301044628,0
8582,1015.5497860829928,77.71366700762883,0
8583,1015.6400888750213,113.61058300826699,0
8584,1015.7654918330372,61.76412495551631,0
8585,1015.839867667004,93.51983299711719,0
8586,1015.9460030419868,82.01937499688938,0
8587,1016.040630833013,62.44266702560708,0
8588,1016.1146888750372,133.05620796745643,0
8589,1016.2600347920088,97.62516600312665,0
8590,1016.368821082986,117.09679203340784,0
8591,1016.4969460000284,97.98741695703939,0
8592,1016.6075463750167,79.60558298509568,0
8593,1016.6993918329827,95.91841703513637,0
8594,1016.8079104580102,128.48987500183284,0
8595,1016.9479723330005,128.93983401590958,0
8596,1017.0894920420251,81.94333297433332,0
8597,1017.1840456670034,118.9313749782741,0
8598,1017.3135218750103,131.61970797227696,0
8599,1017.4567316250177,114.45004201959819,0
8600,1017.5837765000178,108.26470801839605,0
8601,1017.7044076669845,113.97254100302234,0
8602,1017.8309643749963,89.04849999817088,0
8603,1017.9325802079984,82.67945901025087,0
8604,1018.027823958022,73.87208397267386,0
8605,1018.1142957080156,100.40579200722277,0
8606,1018.2264645000105,114.0401249867864,0
8607,1018.353120832995,100.50266701728106,0
8608,1018.4648696670192,162.03875001519918,0
8609,1018.6383141250117,121.774583007209,0
8610,1018.771656958037,111.06033396208659,0
8611,1018.8952953330008,46.99054203229025,0
8612,1018.9548799170298,96.32183297071606,0
8613,1019.0633166669868,66.27800001297146,0
8614,1019.1411300420295,69.67524997889996,0
8615,1019.2233704170212,132.9636659938842,0
8616,1019.368137500016,84.3906250083819,0
8617,1019.4633253749926,132.62625003699213,0
8618,1019.6079903750215,69.07441699877381,0
8619,1019.689681583026,149.75570898968726,0
8620,1019.8523733330076,150.05450003081933,0
8621,1020.0139744580374,147.71212497726083,0
8622,1020.1742949170293,109.80924998875707,0
8623,1020.2948644169956,90.13579098973423,0
8624,1020.3975841670181,108.30712498864159,0
8625,1020.5185075830086,106.61516699474305,0
8626,1020.637223125028,165.22908298065886,0
8627,1020.8151179170236,147.07979100057855,0
8628,1020.9728604999837,52.54737503128126,0
8629,1021.0365613329923,139.59037500899285,0
8630,1021.1887382080313,83.89333396917209,0
8631,1021.2852052079979,94.04108399758115,0
8632,1021.3918624169892,79.10170801915228,0
8633,1021.4835441670148,104.4117080164142,0
8634,1021.5991950830212,135.42424998013303,0
8635,1021.7466996670119,104.36612501507625,0
8636,1021.8636870420305,101.01808299077675,0
8637,1021.977316125005,107.53245803061873,0
8638,1022.0974477920099,111.92020797170699,0
8639,1022.2207022919902,49.358249991200864,0
8640,1022.2826725830091,119.0467500127852,0
8641,1022.4143329170183,149.75737500935793,0
8642,1022.576673292031,122.15679098153487,0
8643,1022.710079542012,82.20520801842213,0
8644,1022.8039118750021,101.25991702079773,0
8645,1022.9179687920259,161.0434579779394,0
8646,1023.0916310420143,60.699000023305416,0
8647,1023.162705417024,32.58466598344967,0
8648,1023.206788541982,98.17012504208833,0
8649,1023.3175812080153,93.49187498446554,0
8650,1023.4236902080011,50.74341699946672,0
8651,1023.4870009580045,92.4118339898996,0
8652,1023.592012499983,122.23170802462846,0
8653,1023.7268514999887,129.5818749931641,0
8654,1023.8709596670233,126.00041599944234,0
8655,1024.0075106250006,103.9513330324553,0
8656,1024.124045167002,134.91633301600814,0
8657,1024.270100291993,106.73141601728275,0
8658,1024.3894331670017,132.659875031095,0
8659,1024.534688749991,117.60220804717392,0
8660,1024.6632090000203,96.65995801333338,0
8661,1024.7724971250282,92.41808298975229,0
8662,1024.8774878330296,67.19091697596014,0
8663,1024.9610692919814,106.28575005102903,0
8664,1025.0799747920246,117.00733297038823,0
8665,1025.2095590420067,89.78679100982845,0
8666,1025.3109413330094,50.74954201700166,0
8667,1025.3743200000026,80.7812080020085,0
8668,1025.4654943330097,99.35254201991484,0
8669,1025.5774601250305,127.30629200814292,0
8670,1025.716448458028,143.60220899106935,0
8671,1025.871212625003,76.03854202898219,0
8672,1025.9598394579953,114.98700000811368,0
8673,1026.087465916993,181.76366604166105,0
8674,1026.2818245420349,46.93149996455759,0
8675,1026.3401134579908,64.42850001621991,0
8676,1026.4172365000122,96.54916700674221,0
8677,1026.524316666997,150.84720798768103,0
8678,1026.6862485000165,74.9265420017764,0
8679,1026.7714257080224,122.9898749734275,0
8680,1026.9070422500372,46.58499994548038,0
8681,1026.9642552080331,112.77074995450675,0
8682,1027.0886427920195,83.25324999168515,0
8683,1027.184495625028,98.68220798671246,0
8684,1027.2942518329946,155.24254203774035,0
8685,1027.462078750017,49.72020798595622,0
8686,1027.5243721249863,114.88279199693352,0
8687,1027.6518546669977,83.60570803051814,0
8688,1027.7466941250023,86.40716702211648,0
8689,1027.8451037080376,151.9117089919746,0
8690,1028.0096025830135,111.4299590117298,0
8691,1028.133657917031,110.64649996114895,0
8692,1028.256937541999,105.08379101520404,0
8693,1028.3740225830115,121.35324999690056,0
8694,1028.5072597080143,67.67112499801442,0
8695,1028.587609582988,144.8283750214614,0
8696,1028.7450362080126,54.69591700239107,0
8697,1028.8123308750219,39.99070799909532,0
8698,1028.8649341249838,95.50654201302677,0
8699,1028.9722797920112,106.89291602466255,0
8700,1029.0917905420065,85.30949999112636,0
8701,1029.1897674170323,94.47262500179932,0
8702,1029.296187208034,89.32400000048801,0
8703,1029.3981258749845,108.42516703996807,0
8704,1029.5173150830087,117.32795898569748,0
8705,1029.6472713330295,99.58099998766556,0
8706,1029.759462499991,111.67529202066362,0
8707,1029.8819183330052,82.85729202907532,0
8708,1029.9764490000089,138.5411670198664,0
8709,1030.126466332993,60.413833998609334,0
8710,1030.1978936670348,117.23279097350314,0
8711,1030.3264827500097,145.64150001388043,0
8712,1030.483530083031,106.43924999749288,0
8713,1030.6019336670288,88.32624997012317,0
8714,1030.7030053749913,110.46745802741498,0
8715,1030.823915624991,71.4639580110088,0
8716,1030.906937916996,122.63450003229082,0
8717,1031.0421781670302,69.34387498768046,0
8718,1031.1216221670038,86.74391597742215,0
8719,1031.2209776670206,106.8752909777686,0
8720,1031.3400072500226,90.9727499820292,0
8721,1031.4436194580048,110.37487501744181,0
8722,1031.5666235419922,72.47862499207258,0
8723,1031.6516611250117,142.35070801805705,0
8724,1031.8055582499946,89.71900003962219,0
8725,1031.9071813329938,134.70379199134186,0
8726,1032.054450042022,103.60854101600125,0
8727,1032.1704000000027,134.82079200912267,0
8728,1032.3177997919847,122.00091604609042,0
8729,1032.45060487499,87.04479201696813,0
8730,1032.5502662920044,108.21454098913819,0
8731,1032.671138292004,117.45566601166502,0
8732,1032.799581792031,145.2382910065353,0
8733,1032.956614708004,53.3019169815816,0
8734,1033.022501792002,136.18858298286796,0
8735,1033.1693640830345,63.733624992892146,0
8736,1033.2456867920118,106.3874579849653,0
8737,1033.3646606670227,70.9082079702057,0
8738,1033.4462349170353,89.50141596142203,0
8739,1033.545888166991,168.02637500222772,0
8740,1033.726513542002,109.14841602789238,0
8741,1033.8482823750237,139.46083298651502,0
8742,1033.9990608750377,101.1018329882063,0
8743,1034.1127855830127,131.6099590039812,0
8744,1034.256988500012,143.8971669995226,0
8745,1034.4145093749976,107.41699999198318,0
8746,1034.5333515829989,76.69479202013463,0
8747,1034.6221325829974,166.5702090249397,0
8748,1034.8013141250121,96.84379200916737,0
8749,1034.9098552080104,66.23887497698888,0
8750,1034.9867415420013,118.12412500148639,0
8751,1035.1168839170132,112.29333298979327,0
8752,1035.2414711249876,44.00354204699397,0
8753,1035.2958765000221,138.6994170024991,0
8754,1035.4461956670275,110.92033295426518,0
8755,1035.568783833005,102.11454197997227,0
8756,1035.683078083035,141.47895894711837,0
8757,1035.8371381670004,43.17183303646743,0
8758,1035.8928895000136,165.83570797229186,0
8759,1036.0695902080042,124.39729197649285,0
8760,1036.206669916981,88.70187500724569,0
8761,1036.306208916998,134.30379098281264,0
8762,1036.4532315830002,135.9204170294106,0
8763,1036.6019511250197,107.76499996427447,0
8764,1036.7221529170056,96.38758300570771,0
8765,1036.8339090000372,67.26995797362179,0
8766,1036.913830125006,74.46329202502966,0
8767,1037.000196417037,66.35254097636789,0
8768,1037.0792137500248,60.59029197786003,0
8769,1037.150058416999,137.09862501127645,0
8770,1037.29977808299,79.36991704627872,0
8771,1037.391846582992,68.2178339920938,0
8772,1037.4726743749925,159.56425003241748,0
8773,1037.6448908750317,101.52658296283334,0
8774,1037.757941375021,149.93049995973706,0
8775,1037.919304167037,134.36683296458796,0
8776,1038.0662960000336,61.295124993193895,0
8777,1038.1404342920287,143.03737500449643,0
8778,1038.295503832982,125.60179200954735,0
8779,1038.4338933330146,127.41004198323935,0
8780,1038.5726012919913,121.81820801924914,0
8781,1038.706994957989,82.42845901986584,0
8782,1038.801976333023,72.35729199601337,0
8783,1038.8871454169857,76.03229105006903,0
8784,1038.9739495420363,63.48324997816235,0
8785,1039.0500098750344,77.81354198232293,0
8786,1039.1386033750023,98.58462499687448,0
8787,1039.2487246670062,71.74554100492969,0
8788,1039.3330871670041,120.52395800128579,0
8789,1039.4662072919891,95.27654101839289,0
8790,1039.5741291670129,71.11358299152926,0
8791,1039.6568522499874,70.82470803288743,0
8792,1039.7393597080372,103.03762496914715,0
8793,1039.854977208015,112.50450002262369,0
8794,1039.9779095830163,70.15954196685925,0
8795,1040.0597659170162,139.35379101894796,0
8796,1040.2103690420045,68.78562498604879,0
8797,1040.2903732080013,82.18554203631356,0
8798,1040.3851567500387,141.70220796950161,0
8799,1040.5394495000364,95.68883298197761,0
8800,1040.6474100830383,131.31766696460545,0
8801,1040.7902234580251,113.17645898088813,0
8802,1040.9160002500284,53.65241697290912,0
8803,1040.9823182499968,112.82116698566824,0
8804,1041.1061447919928,92.93037501629442,0
8805,1041.2109219580307,40.19329196307808,0
8806,1041.261265249981,99.50816701166332,0
8807,1041.3736690829974,126.55258399900049,0
8808,1041.512516833027,50.81929196603596,0
8809,1041.5758978329832,62.66087503172457,0
8810,1041.6492642500089,47.62587498407811,0
8811,1041.7070545000024,116.92395800491795,0
8812,1041.8365975830238,115.15708395745605,0
8813,1041.9632972080144,115.14083400834352,0
8814,1042.091002250032,100.81549995811656,0
8815,1042.2044048749958,82.04466704046354,0
8816,1042.2981292920304,140.62287495471537,0
8817,1042.4494992080145,47.15937498258427,0
8818,1042.5077008330263,95.8136249682866,0
8819,1042.6136894170195,70.33412501914427,0
8820,1042.694834875001,77.07216701237485,0
8821,1042.784511292004,59.197875030804425,0
8822,1042.8562800000072,116.63900001440197,0
8823,1042.9853385420283,74.991500005126,0
8824,1043.0721813749988,115.11995800537989,0
8825,1043.1985532920226,103.10387500794604,0
8826,1043.314262083033,78.40075000422075,0
8827,1043.4036371249822,127.42775003425777,0
8828,1043.543591708003,75.89487498626113,0
8829,1043.63059741701,95.90991598088294,0
8830,1043.7383662920329,150.46674996847287,0
8831,1043.9014399580192,143.3393339975737,0
8832,1044.0559998750105,102.16604202287272,0
8833,1044.1707984170062,98.56504102936015,0
8834,1044.2819577920018,92.783791013062,0
8835,1044.3862460830132,65.46983402222395,0
8836,1044.4643307920196,54.99599996255711,0
8837,1044.53192858299,126.88129203161225,0
8838,1044.670612625021,92.2436669934541,0
8839,1044.7730536669842,109.94420800125226,0
8840,1044.8939512079814,85.89200000278652,0
8841,1044.9904950420023,80.1706250058487,0
8842,1045.0832328330143,144.83916701283306,0
8843,1045.2396879169974,118.56375000206754,0
8844,1045.3697943330044,36.42758401110768,0
8845,1045.418133167026,106.057666009292,0
8846,1045.5349840830313,58.0297089763917,0
8847,1045.603261583019,125.90812501730397,0
8848,1045.7417777079972,98.05379202589393,0
8849,1045.8508108329843,86.20587503537536,0
8850,1045.9496002499945,93.80833304021508,0
8851,1046.0535598330316,98.24599995044991,0
8852,1046.163662625011,167.7070829900913,0
8853,1046.3439697920112,72.21187499817461,0
8854,1046.4274953330169,131.95266696857288,0
8855,1046.5720490000094,120.14383298810571,0
8856,1046.703643249988,123.56475001433864,0
8857,1046.840435207996,91.84275002917275,0
8858,1046.9449042500346,68.536291946657,0
8859,1047.0260572920088,76.0660829837434,0
8860,1047.1156557080103,127.77608400210738,0
8861,1047.2560464999988,82.70591701148078,0
8862,1047.3514624999953,93.54450000682846,0
8863,1047.4576572920196,83.28895800514147,0
8864,1047.5535230420064,109.5514579792507,0
8865,1047.6735060419887,116.75520800054073,0
8866,1047.8030335829826,49.101625045295805,0
8867,1047.8647540829843,133.53108405135572,0
8868,1048.0102429169929,88.22604099987075,0
8869,1048.109847292013,86.6014159983024,0
8870,1048.2090682500275,120.92070799553767,0
8871,1048.3426078750053,102.07966697635129,0
8872,1048.4573087079916,88.88158400077373,0
8873,1048.5579722920083,166.07608302729204,0
8874,1048.7366638330277,108.44541696133092,0
8875,1048.8577235830016,101.45000001648441,0
8876,1048.9718190419953,97.15933300321922,0
8877,1049.0798235000111,95.24925000732765,0
8878,1049.1852894580225,141.42433396773413,0
8879,1049.3393140829867,79.71112499944866,0
8880,1049.431638250011,88.2554579875432,0
8881,1049.5327435000218,105.20733299199492,0
8882,1049.650611833029,138.3174589718692,0
8883,1049.8015378750279,76.0793749941513,0
8884,1049.8883003750234,81.92841697018594,0
8885,1049.9828563749907,111.770500021521,0
8886,1050.1072350830073,102.93570900103077,0
8887,1050.2219758750289,154.31362495291978,0
8888,1050.387775374984,114.48095802916214,0
8889,1050.5146376250195,175.20666698692366,0
8890,1050.703372833028,69.44945896975696,0
8891,1050.7862748749903,56.17254204116762,0
8892,1050.853692417033,130.15970797277987,0
8893,1050.9942547919927,153.0995829962194,0
8894,1051.159969667031,118.17045795032755,0
8895,1051.2907768749865,81.59337501274422,0
8896,1051.384695124987,140.12004202231765,0
8897,1051.536835625011,167.34595800517127,0
8898,1051.7168153329985,65.87604200467467,0
8899,1051.7938888749923,110.45170802390203,0
8900,1051.916931041982,143.68033304344863,0
8901,1052.0716180829913,81.52866701129824,0
8902,1052.1657177919988,129.43283299682662,0
8903,1052.306796458026,104.53762498218566,0
8904,1052.4239034170168,148.1930409790948,0
8905,1052.5847142499988,116.53475003549829,0
8906,1052.7138347500004,88.48299999954179,0
8907,1052.8126608750317,134.37324995175004,0
8908,1052.9571903750184,68.30154196359217,0
8909,1053.038115375035,102.4066669633612,0
8910,1053.1531432080083,165.81012500682846,0
8911,1053.3304980419925,131.5915830200538,0
8912,1053.4731462920317,120.224165963009,0
8913,1053.6059564999887,101.21875000186265,0
8914,1053.7173132080352,168.99612499400973,0
8915,1053.8971609169967,124.04112500371411,0
8916,1054.032323750027,64.89283300470561,0
8917,1054.108920333034,139.93541698437184,0
8918,1054.2599706249894,102.4891670094803,0
8919,1054.3750896669808,128.67487501353025,0
8920,1054.516357458022,97.64141699997708,0
8921,1054.6266287080362,73.6718749976717,0
8922,1054.7129125830252,45.21416698116809,0
8923,1054.7702335829963,104.49358401820064,0
8924,1054.886287500034,78.71295796940103,0
8925,1054.977709125029,106.13508295500651,0
8926,1055.0942765420186,117.89958301233128,0
8927,1055.2234888750245,73.2875419780612,0
8928,1055.3090904169949,100.69079103413969,0
8929,1055.41999962501,133.4715000120923,0
8930,1055.5645397499902,89.72816704772413,0
8931,1055.6664918750175,100.81141698174179,0
8932,1055.7793643330224,111.88649997347966,0
8933,1055.9020389579819,133.1047090352513,0
8934,1056.0477430419996,127.34295800328255,0
8935,1056.187664541998,114.172708010301,0
8936,1056.3136401250376,69.58770798519254,0
8937,1056.394521042006,108.88512502424419,0
8938,1056.5138760420377,84.31441598804668,0
8939,1056.610802375013,80.3059579920955,0
8940,1056.7020006669918,71.61466602701694,0
8941,1056.7853370420053,139.6212910185568,0
8942,1056.9363856249838,107.19879204407334,0
8943,1057.056199625018,141.90499996766448,0
8944,1057.2105322080315,131.06441695708781,0
8945,1057.3544547919882,155.65079101361334,0
8946,1057.5217353749904,65.8114580437541,0
8947,1057.5991914999904,114.06875000102445,0
8948,1057.725057792035,113.50399994989857,0
8949,1057.8495948330383,101.79999994579703,0
8950,1057.963408541982,98.98945805616677,0
8951,1058.0726280829986,97.92608401039615,0
8952,1058.1831360420329,109.40720798680559,0
8953,1058.3032683330239,120.43949996586889,0
8954,1058.4349337919848,90.66362504381686,0
8955,1058.5360659580329,91.28100000089034,0
8956,1058.6393992920057,93.56654097791761,0
8957,1058.745287333033,90.34224995411932,0
8958,1058.8476381250075,67.13895802386105,0
8959,1058.9273833330371,133.9073749841191,0
8960,1059.0739792920067,36.192665982525796,0
8961,1059.123379458033,145.57849999982864,0
8962,1059.281262582983,136.92545902449638,0
8963,1059.4303794170264,83.75295798759907,0
8964,1059.524234291981,64.15862502763048,0
8965,1059.6016009580344,96.08766698511317,0
8966,1059.7102957500028,79.24208301119506,0
8967,1059.801244250033,0.27312495512887836,0
8968,1059.8140654169838,111.8865410098806,0
8969,1059.937211374985,81.71258302172646,0
8970,1060.0314754580031,119.91408403264359,0
8971,1060.163992249989,73.00283299991861,0
8972,1060.24881762499,126.15345802623779,0
8973,1060.387823541998,41.311666020192206,0
8974,1060.4418340420234,138.46612500492483,0
8975,1060.5918247079826,117.10212501930073,0
8976,1060.7204267079942,118.34983399603516,0
8977,1060.8510200420278,183.16833296557888,0
8978,1061.0468185829814,107.6059170300141,0
8979,1061.1760767080123,135.2760840090923,0
8980,1061.3228711250122,71.09858299372718,0
8981,1061.4073272499954,82.34712498961017,0
8982,1061.5025710830232,82.89733401034027,0
8983,1061.597004292009,146.73216600203887,0
8984,1061.7566071670153,118.41145798098296,0
8985,1061.887588499987,30.74304200708866,0
8986,1061.9294109580223,87.58704201318324,0
8987,1062.029603083036,105.15270900214091,0
8988,1062.1474215000053,90.04091698443517,0
8989,1062.2503530420363,124.74383297376335,0
8990,1062.3875772500178,60.60979200992733,0
8991,1062.4621961670346,148.60466599930078,0
8992,1062.6252065000008,68.6359999817796,0
8993,1062.7060449169949,113.65916603244841,0
8994,1062.832662083034,81.08362497296184,0
8995,1062.929716499988,120.61741703655571,0
8996,1063.0622002920136,73.65670800209045,0
8997,1063.1460659169825,51.914916024543345,0
8998,1063.2095285829855,114.85758400522172,0
8999,1063.3364482920151,73.82300001336262,0
9000,1063.4228750420152,123.99458297295496,0
9001,1063.5595832079998,93.05841702735052,0
9002,1063.665428999986,153.1309580313973,0
9003,1063.8308848750312,121.1014169966802,0
9004,1063.9646207080223,146.695000003092,0
9005,1064.1226004580385,120.03020895645022,0
9006,1064.2528442080365,89.14583397563547,0
9007,1064.4169982080348,98.35329197812825,0
9008,1064.5276922080084,127.04512500204146,0
9009,1064.667915292026,108.27949998201802,0
9010,1064.7889576670132,167.3949160031043,0
9011,1064.969532041985,100.69824999663979,0
9012,1065.0808964170283,82.09683297900483,0
9013,1065.1765404170146,103.67195797152817,0
9014,1065.3078289169935,120.3037080122158,0
9015,1065.4409984580125,78.5176670178771,0
9016,1065.5313024999923,175.34641700331122,0
9017,1065.7201327080256,162.57983399555087,0
9018,1065.8952887500054,124.91495802532881,0
9019,1066.0547749170219,175.52474996773526,0
9020,1066.2707639579894,257.4254590435885,0
9021,1066.5421874169842,167.01670800102875,0
9022,1066.7227031250368,127.8682499541901,0
9023,1066.863539916987,90.86612501414493,0
9024,1066.9669826250174,89.9946250137873,0
9025,1067.070397500007,118.852749990765,0
9026,1067.2018387920107,86.84337500017136,0
9027,1067.2992642500321,108.57870796462521,0
9028,1067.420413832995,102.94225002871826,0
9029,1067.5346321249963,123.08425002265722,0
9030,1067.6687697920133,65.0872080004774,0
9031,1067.7442623749957,115.90670800069347,0
9032,1067.8713085420313,112.68966598436236,0
9033,1067.9968835419859,152.9257080401294,0
9034,1068.1624914170243,120.27337501058355,0
9035,1068.2930045829853,94.67850002693012,0
9036,1068.4001252920134,139.36216599540785,0
9037,1068.5521054170094,86.5029160049744,0
9038,1068.65037591703,112.27941600373015,0
9039,1068.7752342500025,64.04704198939726,0
9040,1068.8494071250316,61.59741699229926,0
9041,1068.9252101249876,119.0682080341503,0
9042,1069.0603089170181,102.14366600848734,0
9043,1069.174221082998,91.19145903969184,0
9044,1069.2779794170056,110.15879100887105,0
9045,1069.3990748330252,64.41895896568894,0
9046,1069.4760641669855,118.16766601987183,0
9047,1069.6061439170153,105.86787498323247,0
9048,1069.7232433750178,112.47379198903218,0
9049,1069.8483086670167,137.99112499691546,0
9050,1069.999091707985,99.26187503151596,0
9051,1070.110959291982,74.2339999997057,0
9052,1070.1977397080045,109.33637502603233,0
9053,1070.3178391670226,115.39020796772093,0
9054,1070.445809625031,89.21687497058883,0
9055,1070.5452516670339,136.52133295545354,0
9056,1070.7418022920028,78.85087502654642,0
9057,1070.8312105829827,137.65116705326363,0
9058,1070.984238874982,144.73937504226342,0
9059,1071.2049236249877,204.35066701611504,0
9060,1071.6206367079867,138.06541700614616,0
9061,1071.7726888330071,102.95866697560996,0
9062,1071.8874813329894,129.9868340138346,0
9063,1072.0285525830113,93.86329201515764,0
9064,1072.133170666988,126.59433303633705,0
9065,1072.2712194580236,156.5727919805795,0
9066,1072.439673750021,199.95383301284164,0
9067,1072.652004042,110.12229102198035,0
9068,1072.7747391249868,93.63762504654005,0
9069,1072.880968625017,110.19666696665809,0
9070,1073.003794041986,140.96833299845457,0
9071,1073.156186999986,54.99254202004522,0
9072,1073.2237479580217,97.28470898699015,0
9073,1073.3336244579987,127.67625000560656,0
9074,1073.473942541983,133.21145804366097,0
9075,1073.6174769580248,78.19358399137855,0
9076,1073.7072279999848,100.780125008896,0
9077,1073.8239345829934,133.14491702476516,0
9078,1073.9693353750044,126.68254203163087,0
9079,1074.108635541983,186.96650001220405,0
9080,1074.307745625032,95.18041700357571,0
9081,1074.4155214169878,44.73708302248269,0
9082,1074.4729038749938,112.5472080311738,0
9083,1074.5981072080322,110.4456249740906,0
9084,1074.7187158330344,97.27441699942574,0
9085,1074.8286087919842,126.37850001920015,0
9086,1074.9676384170307,100.74854095000774,0
9087,1075.0804474580218,64.14058397058398,0
9088,1075.1564091669861,145.57608304312453,0
9089,1075.3138149169972,121.05983303626999,0
9090,1075.4471095830086,131.79845898412168,0
9091,1075.5903919170378,93.36324996547773,0
9092,1075.6952501250198,146.87187498202547,0
9093,1075.8525769580156,141.4067919831723,0
9094,1076.0066039169906,62.24570801714435,0
9095,1076.081525458023,79.14899999741465,0
9096,1076.1722211249871,121.78979202872142,0
9097,1076.305377541983,47.594291041605175,0
9098,1076.3638638330158,87.00037497328594,0
9099,1076.4625226249918,123.2580830110237,0
9100,1076.5983861249988,105.33687501447275,0
9101,1076.716363708023,95.93937499448657,0
9102,1076.8249223750317,60.83270796807483,0
9103,1076.8968547499971,122.24608298856765,0
9104,1077.0297929170192,90.24129097815603,0
9105,1077.1315430420218,178.78629098413512,0
9106,1077.3216587500065,104.93874998064712,0
9107,1077.4393521670136,105.34212499624118,0
9108,1077.5573233329924,72.60545901954174,0
9109,1077.6425011249958,92.7290830295533,0
9110,1077.7478856670205,86.044583003968,0
9111,1077.8441053749993,159.3357080128044,0
9112,1078.0160487500252,54.5697920024395,0
9113,1078.0832151669892,125.81225001486018,0
9114,1078.2214356249897,87.7078750054352,0
9115,1078.3211383750313,62.257332960143685,0
9116,1078.3955137500307,170.0061250012368,0
9117,1078.5775884580216,169.92812498938292,0
9118,1078.7601334580104,111.8177089956589,0
9119,1078.884584332991,103.9016250288114,0
9120,1079.0011313750292,48.52687497623265,0
9121,1079.062245958019,99.41587498178706,0
9122,1079.174250082986,116.66554200928658,0
9123,1079.3035236250143,83.5990000050515,0
9124,1079.399852792034,75.74316597310826,0
9125,1079.4882176670362,75.9284159867093,0
9126,1079.5767533330363,37.33245894545689,0
9127,1079.6266589169973,110.14279100345448,0
9128,1079.7493759579957,128.5440840292722,0
9129,1079.8905178330024,103.09454199159518,0
9130,1080.0062094170135,104.0767909726128,0
9131,1080.1216212500003,115.94787501962855,0
9132,1080.2501878750045,99.52954202890396,0
9133,1080.362314167025,69.33970795944333,0
9134,1080.444231625006,78.54158303234726,0
9135,1080.5353659579996,140.12574998196214,0
9136,1080.6868596670101,140.98308299435303,0
9137,1080.8394740000367,121.44249997800216,0
9138,1080.9724713329924,100.69749999092892,0
9139,1081.084943666996,103.28708303859457,0
9140,1081.2007981250063,94.98562500812113,0
9141,1081.3083927080152,118.93900000723079,0
9142,1081.4399241250358,162.1515000006184,0
9143,1081.6147646669997,116.14370800089091,0
9144,1081.7435614580172,59.52291697030887,0
9145,1081.814965083031,127.80933396425098,0
9146,1081.9540541670285,134.8877499694936,0
9147,1082.1004477079841,105.06145900581032,0
9148,1082.2181096670101,108.64950000541285,0
9149,1082.3393943749834,104.16333301691338,0
9150,1082.4550465000211,130.11120801093057,0
9151,1082.5957257080008,51.66816699784249,0
9152,1082.6601154170348,76.19820797117427,0
9153,1082.7489475000184,101.2756249983795,0
9154,1082.861910208012,112.17445897636935,0
9155,1082.985339957988,120.74095901334658,0
9156,1083.1176095420378,62.83895799424499,0
9157,1083.1930435830145,118.48449998069555,0
9158,1083.324136124982,127.43420799961314,0
9159,1083.4641474169912,59.04991604620591,0
9160,1083.535337875015,85.08579200133681,0
9161,1083.633042750007,100.61316698556766,0
9162,1083.7462588330382,113.88299998361617,0
9163,1083.8706259169849,96.60208300920203,0
9164,1083.978445167013,101.88129101879895,0
9165,1084.091755750007,114.60891697788611,0
9166,1084.2182352500386,126.31799996597692,0
9167,1084.3571337920148,120.00258301850408,0
9168,1084.4896995419986,187.60341603774577,0
9169,1084.6883984580054,92.9981250083074,0
9170,1084.7927069169818,101.68587503721938,0
9171,1084.9058958750102,102.49437502352521,0
9172,1085.018748041999,119.16716600535437,0
9173,1085.1505349170184,49.50633301632479,0
9174,1085.2126901670126,108.64662501262501,0
9175,1085.3325420420151,118.41424996964633,0
9176,1085.463579333038,43.37087494786829,0
9177,1085.5195422079996,83.5811669821851,0
9178,1085.6157568750205,128.93958296626806,0
9179,1085.7573087080382,86.16449998226017,0
9180,1085.8552822920028,124.99541603028774,0
9181,1085.9912229169859,146.61600004183128,0
9182,1086.1504304999835,118.48795803962275,0
9183,1086.2814739579917,126.18787499377504,0
9184,1086.4187820830266,54.51883398927748,0
9185,1086.4849254169967,93.08412502286956,0
9186,1086.5889804580365,105.6303340010345,0
9187,1086.7072247500182,60.067208018153906,0
9188,1086.7799120830023,102.02433401718736,0
9189,1086.893928125035,127.39883299218491,0
9190,1087.0338795420248,139.9843329563737,0
9191,1087.1849187500193,64.28129196865484,0
9192,1087.2604696250055,104.36524997930974,0
9193,1087.3759225420072,108.39291597949341,0
9194,1087.4969628750114,111.36662500211969,0
9195,1087.6209711669944,82.51341601135209,0
9196,1087.7138205830124,113.25325001962483,0
9197,1087.839683875034,76.29970798734576,0
9198,1087.9283575420268,73.20837496081367,0
9199,1088.0129267080338,124.7617089538835,0
9200,1088.1502772920066,152.70533302100375,0
9201,1088.315548166982,121.99537502601743,0
9202,1088.4501477500307,137.9469579551369,0
9203,1088.6000150000327,103.34754199720919,0
9204,1088.7140238750144,119.64770802296698,0
9205,1088.8462649580324,108.94974996335804,0
9206,1088.967822000035,50.77274999348447,0
9207,1089.0298952080193,112.56199999479577,0
9208,1089.1550780829857,65.47970901010558,0
9209,1089.233139167016,122.65608296729624,0
9210,1089.366993958014,73.79145896993577,0
9211,1089.4515849170275,136.58574997680262,0
9212,1089.5990195830236,134.15637495927513,0
9213,1089.746910166985,85.3666250477545,0
9214,1089.8445860830252,82.9819169593975,0
9215,1089.9402901250287,139.44774999981746,0
9216,1090.0923549580039,74.4960000156425,0
9217,1090.1771181250224,124.60458296118304,0
9218,1090.313714375021,117.75004200171679,0
9219,1090.4430106669897,110.56179099250585,0
9220,1090.566178542038,56.23837496386841,0
9221,1090.6327478750027,75.68954199086875,0
9222,1090.7210438750335,173.0693329591304,0
9223,1090.907644083025,115.84037495777011,0
9224,1091.0384336669813,104.68691604910418,0
9225,1091.1556429580087,94.18554202420637,0
9226,1091.2605394170387,84.0809159562923,0
9227,1091.3555725000333,75.85141697200015,0
9228,1091.4440794170368,65.67354098660871,0
9229,1091.5211938330322,134.18404199182987,0
9230,1091.6679765420267,93.10554096009582,0
9231,1091.7717894579982,9.18004201957956,0
9232,1091.793261291983,111.54900002293289,0
9233,1091.9175031250343,106.4674579538405,0
9234,1092.0353914580191,96.88070899574086,0
9235,1092.1448745829985,99.79879198363051,0
9236,1092.2573052920052,100.97899998072535,0
9237,1092.3708944999962,116.321167035494,0
9238,1092.4998374169809,132.50612502451986,0
9239,1092.6449079579907,68.22183402255177,0
9240,1092.7257081670105,109.92754099424928,0
9241,1092.8482833330054,94.2229590145871,0
9242,1092.954556874989,98.87808299390599,0
9243,1093.0653003749903,102.27691702311859,0
9244,1093.180162542034,97.7361659752205,0
9245,1093.290492500004,152.0230420283042,0
9246,1093.455112042022,133.52649996522814,0
9247,1093.6012200420373,24.898040981497616,0
9248,1093.6387298330083,41.70241701649502,0
9249,1093.693063792016,96.36650001630187,0
9250,1093.8020495420205,86.59887500107288,0
9251,1093.9004967079964,135.61916700564325,0
9252,1094.0463252500049,145.76354197924957,0
9253,1094.203382458014,111.58841697033495,0
9254,1094.3297076669987,63.29279101919383,0
9255,1094.4055870830198,129.83004201669246,0
9256,1094.5471375830239,117.8455000044778,0
9257,1094.6776122080046,88.30254198983312,0
9258,1094.7794077500002,123.63241700222716,0
9259,1094.9158211250324,136.23308297246695,0
9260,1095.064708208025,152.7222499717027,0
9261,1095.2300613329862,137.2994999983348,0
9262,1095.3802585420199,107.30299999704584,0
9263,1095.50034912501,108.38475002674386,0
9264,1095.6202182080015,85.1140419836156,0
9265,1095.7179729579948,98.13550004037097,0
9266,1095.8275860419963,130.9793750406243,0
9267,1095.9711768749985,85.393582994584,0
9268,1096.0691679579904,87.47850003419444,0
9269,1096.166813082993,72.32820900389925,0
9270,1096.2497182920342,122.44874995667487,0
9271,1096.3836812080117,129.31745901005343,0
9272,1096.5244719579932,74.59208404179662,0
9273,1096.611840083031,92.07333397353068,0
9274,1096.714951208036,104.7862499835901,0
9275,1096.831606541993,76.72783301677555,0
9276,1096.9187429579906,92.37820899579674,0
9277,1097.0236804169836,122.17137502739206,0
9278,1097.158436125028,90.00450000166893,0
9279,1097.2610151250265,96.77999996347353,0
9280,1097.3683951250277,83.01075000781566,0
9281,1097.4641226670356,66.66054099332541,0
9282,1097.5415400830097,108.17920899717137,0
9283,1097.660534250026,75.83837496349588,0
9284,1097.748953250004,97.91779197985306,0
9285,1097.8576337500126,127.62633297825232,0
9286,1097.9978399170213,105.80766596831381,0
9287,1098.1153734580148,155.14479199191555,0
9288,1098.2820681669982,117.55204101791605,0
9289,1098.4116069169831,115.30150001635775,0
9290,1098.5380022079917,92.53741701832041,0
9291,1098.643164417008,77.96437502838671,0
9292,1098.7326746670296,123.20741597795859,0
9293,1098.8675715830177,66.6895000031218,0
9294,1098.9468796250294,118.1049169972539,0
9295,1099.0765803750255,116.43179197562858,0
9296,1099.2046725830296,73.7088339519687,0
9297,1099.291006457992,109.3177089933306,0
9298,1099.4127980420017,120.7059160224162,0
9299,1099.5448119579814,76.83087501209229,0
9300,1099.6330479169847,98.25170802650973,0
9301,1099.743610250007,93.9436670159921,0
9302,1099.8501510830247,140.41766698937863,0
9303,1100.0021254169988,134.134708030615,0
9304,1100.148347417009,91.46445797523484,0
9305,1100.2524339579977,74.83004202367738,0
9306,1100.3388032920193,109.20775000704452,0
9307,1100.4605959170149,98.69091596920043,0
9308,1100.5717380419956,73.074790998362,0
9309,1100.6574327920098,104.10287498962134,0
9310,1100.77382029203,123.23383300099522,0
9311,1100.909785750031,100.71983298985288,0
9312,1101.0217445419985,124.42237499635667,0
9313,1101.1587350000045,119.25729201175272,0
9314,1101.2894569580094,73.44966701930389,0
9315,1101.3746521249996,38.04150002542883,0
9316,1101.4247820000164,70.95570798264816,0
9317,1101.5084871670115,123.91537497751415,0
9318,1101.6437634170288,132.74991599610075,0
9319,1101.7891588330385,100.2373339724727,0
9320,1101.9006313330028,40.03033402841538,0
9321,1101.9532768750214,66.4693329599686,0
9322,1102.0323635000386,137.31958298012614,0
9323,1102.1829974580323,57.820499991066754,0
9324,1102.2535148750176,128.6637500161305,0
9325,1102.3944095420302,138.16299999598414,0
9326,1102.5452907499857,76.59812504425645,0
9327,1102.634462542017,133.9948329841718,0
9328,1102.7810761670116,35.29016597894952,0
9329,1102.8290066249901,92.41962502710521,0
9330,1102.9322246669908,51.97204102296382,0
9331,1102.9968198750285,115.58554199291393,0
9332,1103.1250274580088,104.10337499342859,0
9333,1103.2402460420271,92.9350410006009,0
9334,1103.3457840000046,56.5769579843618,0
9335,1103.414966250013,115.98116700770333,0
9336,1103.5435227080015,132.71454203641042,0
9337,1103.688801707991,89.05229199444875,0
9338,1103.7904760420206,105.358625005465,0
9339,1103.9076177080278,77.24466698709875,0
9340,1103.9965194170363,80.50758298486471,0
9341,1104.0871330419905,143.51716602686793,0
9342,1104.2420836670208,104.55937497317791,0
9343,1104.3603551249835,101.14941705251113,0
9344,1104.4747270829976,77.2119170287624,0
9345,1104.5645936669898,123.90404101461172,0
9346,1104.7011037080083,43.64416701719165,0
9347,1104.7560954170185,123.64941596752033,0
9348,1104.8914351250278,73.05883296066895,0
9349,1104.9753062920063,127.00437498278916,0
9350,1105.1149255000055,152.57833298528567,0
9351,1105.280078916985,131.32691604550928,0
9352,1105.422014791984,104.7470000339672,0
9353,1105.5383193750167,178.91424999106675,0
9354,1105.727682583034,99.45791697828099,0
9355,1105.8397724170354,112.62779094977304,0
9356,1105.9652182499995,178.54929203167558,0
9357,1106.1550789580215,84.71883396850899,0
9358,1106.2520757080056,145.08220902644098,0
9359,1106.409790250007,154.03916698414832,0
9360,1106.5764711250085,125.14804198872298,0
9361,1106.7131456250208,101.38974996516481,0
9362,1106.8246761250193,102.32358297798783,0
9363,1106.9383387499838,95.28904204489663,0
9364,1107.043867417029,110.9351659542881,0
9365,1107.1651573330164,93.28404197003692,0
9366,1107.2703229580075,94.13120901444927,0
9367,1107.377117792028,125.33012498170137,0
9368,1107.5150108329835,72.23620900185779,0
9369,1107.5997745000059,66.06024998473004,0
9370,1107.6783707080176,139.42074996884912,0
9371,1107.8303957080352,89.41379195312038,0
9372,1107.9323591249995,115.28374999761581,0
9373,1108.057968707988,134.61991702206433,0
9374,1108.2051818330074,55.50120898988098,0
9375,1108.2717499170103,90.25675000157207,0
9376,1108.3722841250128,90.73954197810963,0
9377,1108.4738402499934,80.08629200048745,0
9378,1108.5650222080294,93.12220895662904,0
9379,1108.669614833023,98.16962498007342,0
9380,1108.7782914580312,94.87074997741729,0
9381,1108.8860178749892,88.62779202172533,0
9382,1108.9850704169949,168.16850000759587,0
9383,1109.1648531670216,96.44399996614084,0
9384,1109.273543416988,145.61812503961846,0
9385,1109.4318392500281,164.2867919872515,0
9386,1109.6069533749833,61.631750024389476,0
9387,1109.68119475001,84.94058297947049,0
9388,1109.7786956250202,66.71770801767707,0
9389,1109.8580387500115,130.94370800536126,0
9390,1110.0015672920272,107.5913329841569,0
9391,1110.1204067500075,125.79441699199378,0
9392,1110.2588006249862,48.720333026722074,0
9393,1110.3274570000358,117.02070798492059,0
9394,1110.4570837920182,120.01099996268749,0
9395,1110.5882061250159,77.61929201660678,0
9396,1110.678454042005,103.7733749835752,0
9397,1110.7948788750218,111.72179196728393,0
9398,1110.9186719169957,151.84333303477615,0
9399,1111.0807144169812,132.99795804778114,0
9400,1111.2263305829838,48.49291703430936,0
9401,1111.2874414580292,75.93458396149799,0
9402,1111.3755684579955,119.01954200584441,0
9403,1111.5071972919977,84.9757079849951,0
9404,1111.603651707992,74.50837502256036,0
9405,1111.6907437079935,58.69999999413267,0
9406,1111.7618619999848,92.21750003052875,0
9407,1111.8663970830385,118.89241699827835,0
9408,1111.9975817080121,101.13741701934487,0
9409,1112.1147306670318,123.55920800473541,0
9410,1112.2490824999986,77.77675002580509,0
9411,1112.3369782079826,56.7552920547314,0
9412,1112.4056705830153,81.6717499983497,0
9413,1112.4999797919882,133.31895804731175,0
9414,1112.6459163330146,74.8448750237003,0
9415,1112.7333449579892,59.791959007270634,0
9416,1112.8040276670363,143.20049999514595,0
9417,1112.9598484170274,133.68883298244327,0
9418,1113.1061600419926,129.57425002241507,0
9419,1113.2466516669956,101.15779103944078,0
9420,1113.3599397920188,57.19249998219311,0
9421,1113.429718917003,50.69641600130126,0
9422,1113.4925384580274,117.64970899093896,0
9423,1113.6203513329965,158.7723339907825,0
9424,1113.791698416986,90.13308299472556,0
9425,1113.8944246669998,100.77920800540596,0
9426,1114.0077793750097,69.22387500526384,0
9427,1114.0897189580137,123.52295900927857,0
9428,1114.2258467919892,59.95533301029354,0
9429,1114.2967093749903,90.17045801738277,0
9430,1114.3985362080275,131.71508396044374,0
9431,1114.5428991250228,157.83962496789172,0
9432,1114.7133428329835,80.09387500351295,0
9433,1114.8060097499983,95.32620798563585,0
9434,1114.9139196670149,129.40633296966553,0
9435,1115.0540701249847,93.14050001557916,0
9436,1115.159788332996,85.6180420378223,0
9437,1115.2570021250285,81.80766698205844,0
9438,1115.3514330000035,104.23645802075043,0
9439,1115.4683292920236,108.1459159613587,0
9440,1115.5867852080264,88.32162496400997,0
9441,1115.6867958329967,143.05045903893188,0
9442,1115.842424708011,76.09287498053163,0
9443,1115.9310793750337,111.45933298394084,0
9444,1116.0552764580352,109.64637500001118,0
9445,1116.1787223750143,84.47620802326128,0
9446,1116.2758074169978,51.088583015371114,0
9447,1116.3395715830266,125.33141695894301,0
9448,1116.4774677500245,80.15591697767377,0
9449,1116.568262375018,139.26487497519702,0
9450,1116.7201191670028,112.11625003488734,0
9451,1116.8432555000181,109.00766699342057,0
9452,1116.9638692500303,81.82841696543619,0
9453,1117.0595636250218,49.68866700073704,0
9454,1117.1218136670068,82.08183298120275,0
9455,1117.2164837500313,125.4706250037998,0
9456,1117.3545556250028,88.6497920146212,0
9457,1117.4535631249892,96.99770802399144,0
9458,1117.5636489170138,131.90187502186745,0
9459,1117.7081383750192,121.69479200383648,0
9460,1117.8422566670342,88.55616598157212,0
9461,1117.943236207997,147.7927920059301,0
9462,1118.1025800830103,132.9588340013288,0
9463,1118.2468082080013,98.86270901188254,0
9464,1118.3563209580025,65.23245899006724,0
9465,1118.4341252500308,80.29249997343868,0
9466,1118.5270398749853,146.57333301147446,0
9467,1118.6862207080121,94.85454199602827,0
9468,1118.793642833014,74.85229201847687,0
9469,1118.8810640000156,98.71462499722838,0
9470,1118.992364167003,119.78779098717496,0
9471,1119.1247826250037,120.72804203489795,0
9472,1119.2580642080284,123.22854198282585,0
9473,1119.3938883750234,107.11712500778958,0
9474,1119.513604082982,128.4402500023134,0
9475,1119.6546604169998,98.5258329892531,0
9476,1119.7657683750149,137.99512496916577,0
9477,1119.9143787919893,75.45241602929309,0
9478,1120.002007083036,149.89799994509667,0
9479,1120.1624793750234,117.95591696863994,0
9480,1120.2909552920028,85.99004102870822,0
9481,1120.3881422920385,104.74599996814504,0
9482,1120.5036605829955,126.95120903663337,0
9483,1120.6421477920376,102.76979097397998,0
9484,1120.757482749992,152.3536250460893,0
9485,1120.9203112500254,86.01333299884573,0
9486,1121.018251875008,66.9011669815518,0
9487,1121.0970345000387,143.39066698448732,0
9488,1121.2530037920224,100.49033298855647,0
9489,1121.3640325419838,123.2085830415599,0
9490,1121.499815416988,178.22208302095532,0
9491,1121.68912408303,93.17629196448252,0
9492,1121.79491674999,91.91741701215506,0
9493,1121.8993872919818,52.439582999795675,0
9494,1121.9643756250152,70.77520800521597,0
9495,1122.0477141250158,89.99145799316466,0
9496,1122.150000500027,126.85033300658688,0
9497,1122.287104542018,100.70166597142816,0
9498,1122.3982254170114,122.23883299157023,0
9499,1122.533090916986,152.06129103899002,0
9500,1122.6977235830273,145.85024997359142,0
9501,1122.8536934999865,76.93500001914799,0
9502,1122.9417399170343,131.0394579777494,0
9503,1123.0849057920277,108.71012497227639,0
9504,1123.2062266669818,152.25187502801418,0
9505,1123.371999875002,135.17904200125486,0
9506,1123.5175530000124,133.72679200256243,0
9507,1123.6628176250379,75.99299994762987,0
9508,1123.7514475000207,193.06033296743408,0
9509,1123.9571282920078,116.91783298738301,0
9510,1124.086829582986,114.47233404032886,0
9511,1124.2138607919915,38.72416599188,0
9512,1124.2651778330328,106.39662499306723,0
9513,1124.3826252080034,141.09091699356213,0
9514,1124.5349157500314,138.71425000252202,0
9515,1124.6843930830364,105.75424996204674,0
9516,1124.8015716249938,134.09775000764057,0
9517,1124.9482732079923,103.57675002887845,0
9518,1125.0644135000184,94.27925001364201,0
9519,1125.171276042005,24.05304100830108,0
9520,1125.206907749991,116.48179200710729,0
9521,1125.3361601250363,108.1009169574827,0
9522,1125.4568433749955,69.6094169979915,0
9523,1125.5390292500379,108.12737495871261,0
9524,1125.6576957500074,75.82420797552913,0
9525,1125.7461509580025,73.82383401272818,0
9526,1125.8314799580257,96.33695898810402,0
9527,1125.938423125015,98.91141700791195,0
9528,1126.0499348330195,85.61504201497883,0
9529,1126.1481311669922,111.62362503819168,0
9530,1126.2723643750069,136.25695800874382,0
9531,1126.421368625015,103.92679198412225,0
9532,1126.537925624987,107.18166700098664,0
9533,1126.6577318329946,102.59545902954414,0
9534,1126.7729595830315,127.87549995118752,0
9535,1126.913447000028,114.07037498429418,0
9536,1127.0401255000033,105.98212498007342,0
9537,1127.1586741250358,106.48512496845797,0
9538,1127.2777686250047,142.0905829872936,0
9539,1127.4324966249987,142.56283303257078,0
9540,1127.5870871670195,174.04216597788036,0
9541,1127.7737332080142,102.5691669783555,0
9542,1127.8868367919931,115.11654104106128,0
9543,1128.0138257080107,138.36450001690537,0
9544,1128.1642131250119,124.5907080010511,0
9545,1128.301072458038,64.66329196700826,0
9546,1128.3783566670027,49.324833031278104,0
9547,1128.440264875011,50.6937499740161,0
9548,1128.5015918330173,86.1939589958638,0
9549,1128.5984276250238,97.82320796512067,0
9550,1128.7074277499923,71.93608302623034,0
9551,1128.7919640420005,130.36004098830745,0
9552,1128.9349231669912,92.02375001041219,0
9553,1129.0395618330222,140.7649170141667,0
9554,1129.192327250028,69.49624995468184,0
9555,1129.274409707985,49.12020900519565,0
9556,1129.3367196670151,104.60324998712167,0
9557,1129.4515734169981,137.90999999037012,0
9558,1129.6015759999864,112.62479203287512,0
9559,1129.726805082988,122.76704201940447,0
9560,1129.8621940420126,51.921207981649786,0
9561,1129.9264031249913,101.55004204716533,0
9562,1130.040567292017,130.1095829694532,0
9563,1130.1819562920136,150.65837500151247,0
9564,1130.3445888750139,96.82191698811948,0
9565,1130.453680125007,201.12370798597112,0
9566,1130.6674021669896,146.75650000572205,0
9567,1130.8243026669952,101.36750002857298,0
9568,1130.9365451250342,100.84833297878504,0
9569,1131.0499985420029,98.66854100255296,0
9570,1131.1595436669886,73.42349999817088,0
9571,1131.2456057920353,123.2943749637343,0
9572,1131.3815835830173,95.24599998258054,0
9573,1131.4894215830136,90.43654199922457,0
9574,1131.5924693749985,75.33670798875391,0
9575,1131.680397042015,144.84158298000693,0
9576,1131.837877916987,96.6990000451915,0
9577,1131.9471613329952,103.54108404135332,0
9578,1132.0632834580028,136.3864170270972,0
9579,1132.2123200420174,71.30804099142551,0
9580,1132.296233083005,116.52612499892712,0
9581,1132.4253577920026,107.20516601577401,0
9582,1132.5451827500365,81.52904198504984,0
9583,1132.637484457984,69.75720904301852,0
9584,1132.7182547079865,142.88045902503654,0
9585,1132.8737361670355,107.42166597628966,0
9586,1132.9916902920231,63.92087496351451,0
9587,1133.0681890420383,122.77204095153138,0
9588,1133.2020282500307,113.02900000009686,0
9589,1133.3276593750343,117.478416999802,0
9590,1133.4588258750155,154.88662500865757,0
9591,1133.624743250024,108.42829197645187,0
9592,1133.745061292022,53.87000000337139,0
9593,1133.8093346250243,76.28508296329528,0
9594,1133.898241124989,114.30545803159475,0
9595,1134.0249730829964,105.63104203902185,0
9596,1134.1431875830167,137.40087498445064,0
9597,1134.2932030000375,150.35033295862377,0
9598,1134.4561382920365,125.59966597473249,0
9599,1134.5943870830233,96.93254198646173,0
9600,1134.703927125025,68.53658298496157,0
9601,1134.7837919580052,84.00766702834517,0
9602,1134.8804509170004,129.10066603217274,0
9603,1135.0221702919807,165.210000006482,0
9604,1135.1979052079841,88.19791703717783,0
9605,1135.2987351249903,128.12108302023262,0
9606,1135.4397467499948,136.56058302149177,0
9607,1135.589066207991,102.78000001562759,0
9608,1135.701979375037,81.70833298936486,0
9609,1135.7962877079844,104.37879204982892,0
9610,1135.9123327499838,56.70450004981831,0
9611,1135.9796866670367,90.79224994638935,0
9612,1136.083536708029,111.51404195697978,0
9613,1136.2076405829866,74.15350002702326,0
9614,1136.2932456670096,115.81912502879277,0
9615,1136.423754916992,113.19187498884276,0
9616,1136.549436707981,93.90850004274398,0
9617,1136.654672375007,82.47770799789578,0
9618,1136.7498029579874,151.89249999821186,0
9619,1136.9137385829818,80.07191703654826,0
9620,1137.0064764579874,107.89466701680794,0
9621,1137.1247787080356,99.00383395142853,0
9622,1137.2365017500124,119.09779201960191,0
9623,1137.3682019580156,127.31579202227294,0
9624,1137.5081189580378,100.77983397059143,0
9625,1137.6214978750213,106.85924999415874,0
9626,1137.7402124580112,127.9610000201501,0
9627,1137.88073837501,63.55562497628853,0
9628,1137.9555496249814,85.0345830549486,0
9629,1138.0531956250197,98.99420797592029,0
9630,1138.1647726669908,102.50704101053998,0
9631,1138.2798719170387,123.0770829715766,0
9632,1138.4155562919914,119.75666601210833,0
9633,1138.547926041996,137.93816603720188,0
9634,1138.6986080830102,101.89766698749736,0
9635,1138.811018917011,116.48816597880796,0
9636,1138.9380901249824,127.30637501226738,0
9637,1139.078019083012,77.86983397090808,0
9638,1139.1674266670016,117.90987499989569,0
9639,1139.2957141250372,190.17699995310977,0
9640,1139.4985217920039,95.91820801142603,0
9641,1139.6046216249815,45.75491702416912,0
9642,1139.6630507080117,87.95579196885228,0
9643,1139.7619853329961,137.0088750263676,0
9644,1139.9099080830347,142.36608397914097,0
9645,1140.0648377920152,48.933166021015495,0
9646,1140.1263441250194,65.03766699461266,0
9647,1140.2039455830236,171.17604200029746,0
9648,1140.3867643330013,92.32362499460578,0
9649,1140.4898802500102,121.61812500562519,0
9650,1140.622033749998,132.73208303144202,0
9651,1140.767374832998,121.20662501547486,0
9652,1140.9012227919884,105.10120802791789,0
9653,1141.018268542015,102.49108297284693,0
9654,1141.1333478750312,118.30908298725262,0
9655,1141.2642807920347,94.30637495825067,0
9656,1141.3703605830087,86.76012500654906,0
9657,1141.4687078749994,98.72175002237782,0
9658,1141.5800355420215,147.29704096680507,0
9659,1141.7397470829892,53.662334044929594,0
9660,1141.805966667016,114.24362496472895,0
9661,1141.9303932919865,54.868083039764315,0
9662,1141.99586116703,110.18824996426702,0
9663,1142.1182573750266,135.42741700075567,0
9664,1142.264299375005,97.92887500952929,0
9665,1142.3748226250173,116.16658297134563,0
9666,1142.5015779170208,108.59058296773583,0
9667,1142.62272283301,154.29283399134874,0
9668,1142.7896570829907,121.09787500230595,0
9669,1142.9233640829916,117.11591703351587,0
9670,1143.0515795419924,87.37195801222697,0
9671,1143.151551500021,99.66687497217208,0
9672,1143.263889416994,95.62229103175923,0
9673,1143.3721127919853,76.77054102532566,0
9674,1143.461497167009,77.96262501506135,0
9675,1143.5515532080317,132.51583400415257,0
9676,1143.696691833029,52.43637500097975,0
9677,1143.7599037080072,142.15224998770282,0
9678,1143.9139349170146,95.7654999801889,0
9679,1144.0217360830284,111.49233399191871,0
9680,1144.1453760830336,73.24208394857123,0
9681,1144.2312871250324,97.52904198830947,0
9682,1144.3413907500217,95.16954200807959,0
9683,1144.4491469580098,129.36583400005475,0
9684,1144.5910587499966,112.48820798937231,0
9685,1144.7161414580187,102.3999999742955,0
9686,1144.8311649580137,115.95362500520423,0
9687,1144.9597685000044,112.58012498728931,0
9688,1145.0849321670248,85.88108298135921,0
9689,1145.181973125029,145.9746669861488,0
9690,1145.3386770000216,106.6683329991065,0
9691,1145.4579732079874,143.5957089997828,0
9692,1145.6141719170264,115.38708297302946,0
9693,1145.742146125005,90.40124999592081,0
9694,1145.8457782919868,53.76758304191753,0
9695,1145.9098705420038,65.29566599056125,0
9696,1145.9877400420373,121.54137494508177,0
9697,1146.121937333024,99.34395900927484,0
9698,1146.2338643749827,105.00150005100295,0
9699,1146.3514617080218,175.69058400113136,0
9700,1146.5397563329898,159.2792920419015,0
9701,1146.7116381670348,78.60212499508634,0
9702,1146.8015794170205,143.23579100891948,0
9703,1146.9573913750355,84.69287498155609,0
9704,1147.0546503330115,144.471708976198,0
9705,1147.2116877920344,116.96316598681733,0
9706,1147.3412697919994,96.05937503511086,0
9707,1147.449783625023,131.49025000166148,0
9708,1147.593234250031,120.43729197466746,0
9709,1147.7263335830066,83.40187498833984,0
9710,1147.8223514999845,104.14058301830664,0
9711,1147.9370084170369,56.18070799391717,0
9712,1148.005752625002,158.06241700192913,0
9713,1148.1764154169941,118.70533303590491,0
9714,1148.3077041250071,154.52979202382267,0
9715,1148.4734016670263,81.8474999978207,0
9716,1148.5664561250014,137.8221670165658,0
9717,1148.7169190000277,128.23804200161248,0
9718,1148.857754333003,112.39391699200496,0
9719,1148.9827595829847,109.77154201827943,0
9720,1149.1051122079953,198.77625000663102,0
9721,1149.315119875013,137.25987501675263,0
9722,1149.4629972919938,78.17525003338233,0
9723,1149.5537612080225,81.87645900761709,0
9724,1149.6482178749866,149.2968749953434,0
9725,1149.8100729580037,71.94729201728478,0
9726,1149.8945938330144,104.86899997340515,0
9727,1150.0120332920342,92.82695798901841,0
9728,1150.1150948330178,60.82924996735528,0
9729,1150.1884702080279,162.77566697681323,0
9730,1150.3638112500194,90.51979199284688,0
9731,1150.4669049580116,120.85879198275506,0
9732,1150.597952125012,71.52241701260209,0
9733,1150.6810832920019,166.63304099347442,0
9734,1150.8603307500016,144.63250001426786,0
9735,1151.0175724999863,115.77579204458743,0
9736,1151.1438426250243,131.85062498087063,0
9737,1151.287575208,134.9785000202246,0
9738,1151.432826083037,77.40583398845047,0
9739,1151.521731749992,66.35829200968146,0
9740,1151.599059708009,108.04637498222291,0
9741,1151.7207216669922,98.04308303864673,0
9742,1151.8313797920127,113.2420829962939,0
9743,1151.957225500024,127.41341697983444,0
9744,1152.0956826250185,112.54991701571271,0
9745,1152.2196940419963,51.05858301976696,0
9746,1152.282713374996,114.77600003127009,0
9747,1152.4101022080285,117.6711669540964,0
9748,1152.539397458022,110.15416699228808,0
9749,1152.662165042013,86.95116598391905,0
9750,1152.761755042011,90.4492909903638,0
9751,1152.864744624996,87.22670801216736,0
9752,1152.9645457080333,48.124374996405095,0
9753,1153.0252421250334,130.0687079783529,0
9754,1153.167881832982,73.61262501217425,0
9755,1153.2531516670133,96.72966599464417,0
9756,1153.3625785830081,82.45016698492691,0
9757,1153.457636667008,138.5233749751933,0
9758,1153.6076831670362,153.60983298160136,0
9759,1153.7719381669885,162.35724999569356,0
9760,1153.946941458038,80.98049997352064,0
9761,1154.0403756250162,111.49683297844604,0
9762,1154.1630388750345,80.94104198971763,0
9763,1154.2541076249909,123.09704202925786,0
9764,1154.3875842500129,114.47912501171231,0
9765,1154.5125082079903,98.67725003277883,0
9766,1154.6236225420143,122.47762497281656,0
9767,1154.7586959170294,65.21795800654218,0
9768,1154.8363073330256,145.34783398266882,0
9769,1154.9942642920068,98.97991601610556,0
9770,1155.1068754169974,94.26133299712092,0
9771,1155.2137208750355,77.12754199746996,0
9772,1155.3029377080384,76.20995899196714,0
9773,1155.389285082987,109.0353750041686,0
9774,1155.5099217920215,69.05179098248482,0
9775,1155.590326375037,107.39829199155793,0
9776,1155.7103498330107,118.6043749912642,0
9777,1155.839928292029,103.0974579625763,0
9778,1155.9556363750016,148.41283299028873,0
9779,1156.1166829580325,76.22374995844439,0
9780,1156.2055207919911,75.84708300419152,0
9781,1156.2931440420216,160.37962498376146,0
9782,1156.466089583002,145.4633339890279,0
9783,1156.6237407079898,157.1122500463389,0
9784,1156.7921124580316,85.87104198522866,0
9785,1156.8904958330095,58.553583978209645,0
9786,1156.961654416984,149.097083020024,0
9787,1157.1217132080346,75.86308399913833,0
9788,1157.2101386249997,71.47675001760945,0
9789,1157.2932383749867,129.29858302231878,0
9790,1157.43513995799,167.27437503868714,0
9791,1157.615018750017,96.27404197817668,0
9792,1157.7235185829923,73.64945899462327,0
9793,1157.8079436250264,81.12883300054818,0
9794,1157.8993380420143,103.02999999839813,0
9795,1158.0150269169826,64.03333303751424,0
9796,1158.0916765829897,105.04975001094863,0
9797,1158.2093187079881,52.99633403774351,0
9798,1158.2725619580015,76.71466702595353,0
9799,1158.3599174580304,105.33629200654104,0
9800,1158.476591499988,100.58787500020117,0
9801,1158.588723791996,80.73812501970679,0
9802,1158.6820735000074,130.19862497458234,0
9803,1158.8257290420006,112.3876660130918,0
9804,1158.9494338750374,80.46141697559506,0
9805,1159.0425248329993,82.43787498213351,0
9806,1159.137848708022,80.37370897363871,0
9807,1159.2308458749903,136.97883300483227,0
9808,1159.3804497080273,143.47812498454005,0
9809,1159.5382345420076,142.08924997365102,0
9810,1159.6929408750148,91.90241701435298,0
9811,1159.7965177500155,109.04483299236745,0
9812,1159.916804916982,79.92041599936783,0
9813,1160.0093462080113,114.07999997027218,0
9814,1160.136146792036,140.78045799396932,0
9815,1160.2886244999827,85.53370804293081,0
9816,1160.3867738749832,118.12975001521409,0
9817,1160.51517912501,98.89099997235462,0
9818,1160.6265781249967,211.00362500874326,0
9819,1160.8502988329856,91.73579199705273,0
9820,1160.9524170000223,102.87541698198766,0
9821,1161.067171792034,68.50383296841756,0
9822,1161.1482679169858,79.65995802078396,0
9823,1161.2405968750245,123.70825000107288,0
9824,1161.3769159580115,92.44512498844415,0
9825,1161.4820061250357,86.93499997025356,0
9826,1161.5815257080249,102.26812498876825,0
9827,1161.694287833001,49.92862499784678,0
9828,1161.7567958750296,136.29441696684808,0
9829,1161.9057081250357,115.44924997724593,0
9830,1162.0318550420343,126.51733297389,0
9831,1162.1701929580304,145.00070898793638,0
9832,1162.326799167029,136.89604098908603,0
9833,1162.4747807920212,114.01162500260398,0
9834,1162.6027266670135,87.47337502427399,0
9835,1162.7037894169916,114.26850000862032,0
9836,1162.830676625017,113.29337500501424,0
9837,1162.9550711670308,98.09708298416808,0
9838,1163.0648606669856,159.2861660174094,0
9839,1163.2367396249902,99.66262499801815,0
9840,1163.3490194579936,128.31704202108085,0
9841,1163.489364042005,88.43141602119431,0
9842,1163.5903559169965,110.45274999924004,0
9843,1163.7134195420076,73.48066597478464,0
9844,1163.79855162499,106.46429203916341,0
9845,1163.916705916985,115.23887503426522,0
9846,1164.0445747500053,99.26250000717118,0
9847,1164.155350541987,146.65950002381578,0
9848,1164.3146242920193,88.92075001494959,0
9849,1164.416156332998,97.65812498517334,0
9850,1164.5264225000283,73.76929197926074,0
9851,1164.6113930830033,102.83350001554936,0
9852,1164.726882708026,96.05112497229129,0
9853,1164.836007874983,124.25220804288983,0
9854,1164.9719977499917,126.74604199128225,0
9855,1165.1113930420252,120.71616598404944,0
9856,1165.2447118330165,88.05570896947756,0
9857,1165.3432467920356,104.48633297346532,0
9858,1165.4599210000015,114.28099998738617,0
9859,1165.5868038749904,77.14808301534504,0
9860,1165.6741528330022,143.4402089798823,0
9861,1165.8293406250305,137.88374996511266,0
9862,1165.9793766670045,129.88454097649083,0
9863,1166.1207554999855,84.59795801900327,0
9864,1166.216891625023,174.09079195931554,0
9865,1166.4015707080252,50.81549996975809,0
9866,1166.4630756250117,81.52225002413616,0
9867,1166.557197291986,115.71441602427512,0
9868,1166.6840615830151,118.29133401624858,0
9869,1166.8128029580112,116.31083401152864,0
9870,1166.9417174580158,88.52325001498684,0
9871,1167.0428258330212,139.0078749973327,0
9872,1167.194444291992,144.44875001208857,0
9873,1167.3514846250182,94.74745800253004,0
9874,1167.457779749995,92.86700002849102,0
9875,1167.5618809169973,132.0886660250835,0
9876,1167.7056280830293,140.16162499319762,0
9877,1167.857196875033,103.3797919517383,0
9878,1167.9713807500084,100.08441697573289,0
9879,1168.0829418750363,91.44908294547349,0
9880,1168.1867927919957,82.27279101265594,0
9881,1168.2805190830259,79.13016696693376,0
9882,1168.372256667004,108.36891602957621,0
9883,1168.4933144170209,146.02024998748675,0
9884,1168.6515725830104,126.3877089950256,0
9885,1168.7905913750292,92.6012079580687,0
9886,1168.8942559169955,88.82012503454462,0
9887,1168.9956780000357,119.52120799105614,0
9888,1169.1275683750282,56.04162497911602,0
9889,1169.1942532079993,91.09662502305582,0
9890,1169.300454457989,130.22625003941357,0
9891,1169.443275333033,65.5847919988446,0
9892,1169.52150433301,101.73070902237669,0
9893,1169.6349191670306,93.13637495506555,0
9894,1169.7400161250262,171.929124975577,0
9895,1169.9245515830116,90.98879201337695,0
9896,1170.0274478329811,78.51962500717491,0
9897,1170.1185376250069,66.61983300000429,0
9898,1170.1977390419925,67.28204101091251,0
9899,1170.2769632919808,92.44333300739527,0
9900,1170.381974500022,112.26158298086375,0
9901,1170.5071425000206,111.88537499401718,0
9902,1170.6316091250046,148.5609170049429,0
9903,1170.7916223329958,129.66795900138095,0
9904,1170.931609207997,60.43891701847315,0
9905,1171.004698582983,135.75116702122614,0
9906,1171.1521635419922,119.54883299767971,0
9907,1171.2843335000216,111.4946249872446,0
9908,1171.4084520420292,110.59612495591864,0
9909,1171.5300709580188,120.92887499602512,0
9910,1171.6619568330352,86.68491698335856,0
9911,1171.7612725829822,107.59716702159494,0
9912,1171.8804866669816,121.89779104664922,0
9913,1172.0150441669975,106.99258302338421,0
9914,1172.1341034580255,130.7861249661073,0
9915,1172.276588125038,147.18029199866578,0
9916,1172.4372303750133,70.87241701083258,0
9917,1172.518520749989,151.64116700179875,0
9918,1172.6821228330373,114.87483396194875,0
9919,1172.809610917,107.0365000050515,0
9920,1172.9292648329865,122.09733400959522,0
9921,1173.063965749985,99.21091701835394,0
9922,1173.1736255830037,121.07404199196026,0
9923,1173.3067030000384,48.746374959591776,0
9924,1173.3667915830156,106.57362500205636,0
9925,1173.485402708,160.23412498179823,0
9926,1173.6566278330283,130.80229196930304,0
9927,1173.7983183750184,137.86808296572417,0
9928,1173.9475842079846,196.05333404615521,0
9929,1174.1542427500244,132.90729199070483,0
9930,1174.2997137919883,87.36733300611377,0
9931,1174.3984822499915,123.8484579953365,0
9932,1174.5349466670305,113.17487497581169,0
9933,1174.6604177079862,138.70050001423806,0
9934,1174.8117137079826,113.72012505307794,0
9935,1174.9380738750333,108.57154196128249,0
9936,1175.059279417037,119.6324159973301,0
9937,1175.19050508301,116.81149998912588,0
9938,1175.3199401249876,100.56133300531656,0
9939,1175.4317606670083,100.7286660023965,0
9940,1175.543368291983,139.0349580324255,0
9941,1175.6938804999809,75.21633303258568,0
9942,1175.780547625036,107.30966698611155,0
9943,1175.9004694999894,55.29229203239083,0
9944,1175.9684438330005,115.61083403648809,0
9945,1176.0967609580257,104.26779196131974,0
9946,1176.213624917029,128.74258297961205,0
9947,1176.354773833009,105.82995897857472,0
9948,1176.472360041982,122.17195803532377,0
9949,1176.6071202920284,116.16520798997954,0
9950,1176.7401944170124,117.27895797230303,0
9951,1176.868740957987,130.2948750089854,0
9952,1177.0113149579847,126.35504204081371,0
9953,1177.1479502500151,121.74958299146965,0
9954,1177.2821957920096,127.6907499996014,0
9955,1177.422485292016,134.31470800423995,0
9956,1177.5682473750203,126.02837500162423,0
9957,1177.705044250004,115.54429202806205,0
9958,1177.8331865420332,61.81145797017962,0
9959,1177.9075943329954,69.2074170219712,0
9960,1177.9869953329908,109.56045903731138,0
9961,1178.1091431670357,111.3086249679327,0
9962,1178.2330122499843,113.12287504551932,0
9963,1178.3586938750232,109.24787499243394,0
9964,1178.4796613749932,155.98845802014694,0
9965,1178.647374458029,116.85624998062849,0
9966,1178.7768371669808,83.67420802824199,0
9967,1178.8708412499982,117.25162499351427,0
9968,1179.0006766670267,50.23104097926989,0
9969,1179.0635241250275,90.75770800700411,0
9970,1179.1669042920112,111.09179101185873,0
9971,1179.288527583005,150.50383401103318,0
9972,1179.4516317500384,62.45849997503683,0
9973,1179.5243406250374,98.91545795835555,0
9974,1179.635839249997,51.34408304002136,0
9975,1179.6997181670158,101.68954101391137,0
9976,1179.8121492920327,110.30474997824058,0
9977,1179.9350897499826,61.328542011324316,0
9978,1180.0089962499915,76.2017919914797,0
9979,1180.0977864169981,115.67141598789021,0
9980,1180.2260496250237,121.51450000237674,0
9981,1180.3594349999912,80.11670800624415,0
9982,1180.453190832981,104.18087500147521,0
9983,1180.5683871670044,59.65120799373835,0
9984,1180.6406529580127,70.8106670062989,0
9985,1180.7240368330386,69.53958398662508,0
9986,1180.8061516250018,86.29016700433567,0
9987,1180.9050392920035,105.48720799852163,0
9988,1181.0207485830178,108.2464589853771,0
9989,1181.1416230000323,108.94658300094306,0
9990,1181.2614026250085,133.8410419994034,0
9991,1181.4078662919928,108.13620802946389,0
9992,1181.527579125017,71.78950001252815,0
9993,1181.6119967080303,102.23579197190702,0
9994,1181.7268437080202,85.92179196421057,0
9995,1181.8253773750039,88.9009169768542,0
9996,1181.9251040419913,102.2236660355702,0
9997,1182.0399363330216,104.2162089725025,0
9998,1182.1568931670045,90.73466598056257,0
9999,1182.258985958004,17.277250008191913,0
